timestamp,open,high,low,close,volume
1757354400000,0.86120000,0.86850000,0.86110000,0.86840000,3264095.00000000
1757358000000,0.86840000,0.86920000,0.86020000,0.86210000,4331027.20000000
1757361600000,0.86220000,0.86390000,0.85790000,0.86090000,3088897.60000000
1757365200000,0.86090000,0.86660000,0.85930000,0.86620000,6048752.70000000
1757368800000,0.86620000,0.86820000,0.86440000,0.86630000,3649366.00000000
1757372400000,0.86630000,0.86880000,0.86260000,0.86510000,3462601.10000000
1757376000000,0.86510000,0.87240000,0.86260000,0.86990000,10387990.60000000
1757379600000,0.86990000,0.87520000,0.86400000,0.86520000,6114461.10000000
1757383200000,0.86520000,0.86590000,0.85560000,0.85780000,5925789.70000000
1757386800000,0.85780000,0.86820000,0.85600000,0.86750000,4053978.70000000
1757390400000,0.86750000,0.86930000,0.86340000,0.86680000,4474968.00000000
1757394000000,0.86680000,0.86910000,0.86290000,0.86880000,3816303.10000000
1757397600000,0.86870000,0.88460000,0.86780000,0.88250000,16532395.60000000
1757401200000,0.88260000,0.89240000,0.88160000,0.88860000,17409435.20000000
1757404800000,0.88860000,0.89050000,0.88420000,0.89050000,7214635.00000000
1757408400000,0.89040000,0.89470000,0.88740000,0.88750000,8603772.60000000
1757412000000,0.88750000,0.88980000,0.88200000,0.88330000,8323328.00000000
1757415600000,0.88330000,0.88680000,0.88240000,0.88420000,5594021.80000000
1757419200000,0.88430000,0.89260000,0.88120000,0.88230000,10314464.40000000
1757422800000,0.88250000,0.88630000,0.87860000,0.88390000,11087890.50000000
1757426400000,0.88390000,0.88680000,0.86330000,0.86790000,23155410.00000000
1757430000000,0.86780000,0.87000000,0.85250000,0.85750000,16210720.80000000
1757433600000,0.85760000,0.86170000,0.85660000,0.86020000,5891951.60000000
1757437200000,0.86020000,0.86620000,0.85830000,0.86150000,5218638.90000000
1757440800000,0.86140000,0.86510000,0.85920000,0.86300000,2697841.00000000
1757444400000,0.86300000,0.86600000,0.85970000,0.86230000,3569550.70000000
1757448000000,0.86240000,0.86420000,0.85930000,0.86390000,3129422.50000000
1757451600000,0.86390000,0.86790000,0.86160000,0.86240000,2908296.30000000
1757455200000,0.86240000,0.86770000,0.86130000,0.86740000,2863013.20000000
1757458800000,0.86740000,0.86760000,0.86350000,0.86520000,1683653.60000000
1757462400000,0.86530000,0.86670000,0.86020000,0.86060000,3492034.10000000
1757466000000,0.86050000,0.86750000,0.85960000,0.86740000,2501696.70000000
1757469600000,0.86750000,0.87990000,0.86700000,0.87670000,6107403.70000000
1757473200000,0.87670000,0.87990000,0.87380000,0.87760000,3499142.60000000
1757476800000,0.87760000,0.87760000,0.87140000,0.87500000,1707646.50000000
1757480400000,0.87490000,0.87570000,0.86960000,0.87310000,3141370.80000000
1757484000000,0.87290000,0.87840000,0.86990000,0.87610000,3249553.80000000
1757487600000,0.87620000,0.88280000,0.87490000,0.88010000,5198777.00000000
1757491200000,0.88010000,0.88260000,0.87690000,0.87710000,3888818.70000000
1757494800000,0.87720000,0.87970000,0.87460000,0.87630000,1822830.20000000
1757498400000,0.87630000,0.87650000,0.87160000,0.87290000,2380344.80000000
1757502000000,0.87290000,0.87680000,0.87230000,0.87490000,2102575.00000000
1757505600000,0.87500000,0.88880000,0.87500000,0.88720000,13375176.80000000
1757509200000,0.88720000,0.89670000,0.88350000,0.89140000,12906533.50000000
1757512800000,0.89140000,0.89630000,0.88550000,0.88750000,8621608.30000000
1757516400000,0.88740000,0.89130000,0.88640000,0.88810000,6948681.00000000
1757520000000,0.88820000,0.89100000,0.88230000,0.89090000,5635330.50000000
1757523600000,0.89100000,0.89380000,0.88400000,0.88790000,4407797.80000000
1757527200000,0.88790000,0.88980000,0.88090000,0.88300000,3388058.90000000
1757530800000,0.88300000,0.88340000,0.87240000,0.87700000,6121924.80000000
1757534400000,0.87700000,0.88080000,0.87650000,0.87900000,1958388.60000000
1757538000000,0.87900000,0.88640000,0.87860000,0.88570000,1966282.80000000
1757541600000,0.88580000,0.88770000,0.88400000,0.88660000,1489874.10000000
1757545200000,0.88670000,0.88770000,0.88250000,0.88540000,3041562.30000000
1757548800000,0.88540000,0.88630000,0.88290000,0.88540000,1713641.70000000
1757552400000,0.88540000,0.89030000,0.88400000,0.88870000,2331539.40000000
1757556000000,0.88870000,0.89000000,0.88570000,0.88790000,2540868.60000000
1757559600000,0.88790000,0.89470000,0.88740000,0.89470000,5073297.50000000
1757563200000,0.89470000,0.89480000,0.88760000,0.89020000,6058167.60000000
1757566800000,0.89030000,0.89070000,0.88340000,0.88670000,5124689.50000000
1757570400000,0.88670000,0.88940000,0.88360000,0.88850000,4700934.70000000
1757574000000,0.88850000,0.88890000,0.88480000,0.88730000,2997251.90000000
1757577600000,0.88740000,0.88770000,0.88520000,0.88630000,2479203.00000000
1757581200000,0.88640000,0.88670000,0.88310000,0.88490000,2634958.60000000
1757584800000,0.88490000,0.89180000,0.88360000,0.88960000,5069689.10000000
1757588400000,0.88960000,0.88970000,0.88240000,0.88370000,5669235.30000000
1757592000000,0.88370000,0.89810000,0.86580000,0.88170000,27187041.20000000
1757595600000,0.88170000,0.88330000,0.87260000,0.88300000,16852245.00000000
1757599200000,0.88300000,0.88320000,0.87270000,0.87630000,4977770.80000000
1757602800000,0.87630000,0.88010000,0.87460000,0.87660000,3277573.50000000
1757606400000,0.87650000,0.88090000,0.87620000,0.87900000,1799677.60000000
1757610000000,0.87900000,0.88260000,0.87810000,0.88200000,1817286.10000000
1757613600000,0.88200000,0.88290000,0.87870000,0.88080000,1547664.80000000
1757617200000,0.88080000,0.88320000,0.87930000,0.88220000,1429713.60000000
1757620800000,0.88230000,0.88310000,0.87980000,0.88200000,1108442.30000000
1757624400000,0.88200000,0.88480000,0.88130000,0.88440000,1630074.50000000
1757628000000,0.88430000,0.89290000,0.88330000,0.89030000,5538959.60000000
1757631600000,0.89020000,0.89680000,0.89010000,0.89390000,4490212.80000000
1757635200000,0.89400000,0.90970000,0.89120000,0.90280000,13161955.20000000
1757638800000,0.90290000,0.90810000,0.89730000,0.89830000,10300759.00000000
1757642400000,0.89830000,0.90620000,0.89790000,0.90250000,4834899.90000000
1757646000000,0.90250000,0.90340000,0.89680000,0.90090000,5237822.10000000
1757649600000,0.90080000,0.90430000,0.89730000,0.90400000,4296376.00000000
1757653200000,0.90400000,0.90620000,0.90210000,0.90610000,5701339.70000000
1757656800000,0.90620000,0.90620000,0.89980000,0.90050000,3957159.80000000
1757660400000,0.90050000,0.90400000,0.89850000,0.89960000,5089814.60000000
1757664000000,0.89950000,0.90060000,0.89460000,0.89560000,3547893.80000000
1757667600000,0.89560000,0.89660000,0.89030000,0.89320000,5517151.40000000
1757671200000,0.89310000,0.89310000,0.88780000,0.89160000,2849699.00000000
1757674800000,0.89150000,0.89420000,0.88760000,0.88810000,3524927.10000000
1757678400000,0.88810000,0.89140000,0.88250000,0.89050000,6315012.30000000
1757682000000,0.89050000,0.89050000,0.88480000,0.88820000,3589249.90000000
1757685600000,0.88810000,0.89610000,0.88640000,0.89160000,9864481.80000000
1757689200000,0.89160000,0.89460000,0.88670000,0.89340000,3804401.40000000
1757692800000,0.89350000,0.89980000,0.89170000,0.89950000,5504415.40000000
1757696400000,0.89960000,0.90500000,0.89660000,0.90280000,6958818.00000000
1757700000000,0.90270000,0.90710000,0.90060000,0.90440000,6135212.10000000
1757703600000,0.90440000,0.90770000,0.90130000,0.90740000,4891105.50000000
1757707200000,0.90740000,0.90890000,0.90060000,0.90680000,8677325.20000000
1757710800000,0.90690000,0.90720000,0.90240000,0.90430000,5168366.80000000
1757714400000,0.90430000,0.91810000,0.90420000,0.91520000,11963685.30000000
1757718000000,0.91520000,0.91760000,0.91210000,0.91690000,5566745.70000000
1757721600000,0.91700000,0.92990000,0.91620000,0.92670000,17587629.40000000
1757725200000,0.92670000,0.93720000,0.92420000,0.92460000,16178036.60000000
1757728800000,0.92460000,0.92950000,0.92240000,0.92640000,6456521.60000000
1757732400000,0.92640000,0.93060000,0.92500000,0.92910000,5172527.20000000
1757736000000,0.92920000,0.92980000,0.92530000,0.92600000,3598321.70000000
1757739600000,0.92600000,0.92720000,0.92350000,0.92530000,4573388.70000000
1757743200000,0.92530000,0.92970000,0.92510000,0.92960000,3957324.50000000
1757746800000,0.92970000,0.93000000,0.92390000,0.92600000,5555003.30000000
1757750400000,0.92590000,0.93730000,0.92540000,0.93730000,8591094.50000000
1757754000000,0.93730000,0.95400000,0.93590000,0.95320000,23337979.30000000
1757757600000,0.95310000,0.95320000,0.94330000,0.94360000,13443889.40000000
1757761200000,0.94370000,0.95000000,0.93680000,0.95000000,9072467.90000000
1757764800000,0.94990000,0.95020000,0.94460000,0.94720000,6034412.50000000
1757768400000,0.94720000,0.95190000,0.92760000,0.93750000,15334058.60000000
1757772000000,0.93750000,0.94540000,0.92910000,0.94160000,11146688.70000000
1757775600000,0.94150000,0.94940000,0.93410000,0.93770000,13847292.00000000
1757779200000,0.93780000,0.94270000,0.92480000,0.92560000,13581148.40000000
1757782800000,0.92570000,0.92670000,0.91430000,0.92500000,12841746.40000000
1757786400000,0.92500000,0.92570000,0.92020000,0.92540000,3539199.70000000
1757790000000,0.92540000,0.92710000,0.92320000,0.92640000,2429799.50000000
1757793600000,0.92640000,0.93170000,0.92590000,0.93000000,4250213.90000000
1757797200000,0.93000000,0.93560000,0.92840000,0.92940000,3326296.30000000
1757800800000,0.92940000,0.93110000,0.92620000,0.92810000,1947268.70000000
1757804400000,0.92800000,0.93110000,0.92680000,0.92940000,1826437.20000000
1757808000000,0.92940000,0.93130000,0.92030000,0.92250000,3628898.00000000
1757811600000,0.92240000,0.92460000,0.91300000,0.92370000,7433224.40000000
1757815200000,0.92380000,0.92950000,0.92190000,0.92710000,3436860.20000000
1757818800000,0.92720000,0.92760000,0.91570000,0.91700000,2331237.60000000
1757822400000,0.91700000,0.92020000,0.91010000,0.91830000,3856107.50000000
1757826000000,0.91820000,0.92350000,0.91770000,0.92260000,1661250.30000000
1757829600000,0.92250000,0.92330000,0.91380000,0.91740000,2440095.10000000
1757833200000,0.91740000,0.91840000,0.91260000,0.91570000,3060499.60000000
1757836800000,0.91560000,0.91740000,0.91260000,0.91360000,2570351.20000000
1757840400000,0.91350000,0.91960000,0.91180000,0.91850000,3265690.30000000
1757844000000,0.91850000,0.91950000,0.91410000,0.91580000,2566456.70000000
1757847600000,0.91580000,0.91720000,0.90130000,0.90250000,8003689.90000000
1757851200000,0.90260000,0.90550000,0.89190000,0.89610000,8243899.10000000
1757854800000,0.89620000,0.89710000,0.88510000,0.88830000,9316903.60000000
1757858400000,0.88830000,0.89400000,0.87920000,0.88590000,10773449.30000000
1757862000000,0.88580000,0.88870000,0.88010000,0.88650000,5594653.50000000
1757865600000,0.88650000,0.89220000,0.88500000,0.88910000,5604095.40000000
1757869200000,0.88910000,0.89690000,0.88770000,0.89470000,4401201.20000000
1757872800000,0.89460000,0.89480000,0.88890000,0.88980000,1807593.90000000
1757876400000,0.88980000,0.89260000,0.88650000,0.88920000,2390662.40000000
1757880000000,0.88910000,0.89280000,0.88860000,0.89060000,2624924.20000000
1757883600000,0.89060000,0.89560000,0.88560000,0.89360000,4229311.20000000
1757887200000,0.89370000,0.89780000,0.88920000,0.89510000,2981245.90000000
1757890800000,0.89490000,0.89520000,0.88630000,0.88790000,4481522.20000000
1757894400000,0.88780000,0.89330000,0.88690000,0.88780000,3691883.90000000
1757898000000,0.88780000,0.89270000,0.87900000,0.88990000,4375057.50000000
1757901600000,0.88980000,0.89570000,0.88850000,0.88980000,4403925.50000000
1757905200000,0.88980000,0.89560000,0.88920000,0.89420000,2413888.50000000
1757908800000,0.89430000,0.90150000,0.89320000,0.89850000,5538163.90000000
1757912400000,0.89860000,0.90250000,0.89780000,0.90190000,4674264.80000000
1757916000000,0.90190000,0.90220000,0.88440000,0.88860000,5333423.30000000
1757919600000,0.88850000,0.89320000,0.87410000,0.87790000,10544885.60000000
1757923200000,0.87780000,0.87800000,0.85240000,0.85620000,29689705.00000000
1757926800000,0.85620000,0.86490000,0.85480000,0.86170000,11848756.50000000
1757930400000,0.86160000,0.86290000,0.85570000,0.86180000,7500155.80000000
1757934000000,0.86180000,0.86460000,0.85950000,0.86430000,7293892.10000000
1757937600000,0.86420000,0.86500000,0.85750000,0.85910000,8213326.10000000
1757941200000,0.85910000,0.87000000,0.85780000,0.86440000,8605039.70000000
1757944800000,0.86440000,0.86840000,0.85870000,0.86070000,5705446.20000000
1757948400000,0.86080000,0.86300000,0.85390000,0.85940000,7820125.20000000
1757952000000,0.85940000,0.86180000,0.85360000,0.85560000,6008530.80000000
1757955600000,0.85550000,0.86180000,0.85300000,0.86170000,3711144.40000000
1757959200000,0.86160000,0.86250000,0.85680000,0.86090000,3364880.70000000
1757962800000,0.86100000,0.86450000,0.85590000,0.85970000,3633789.50000000
1757966400000,0.85960000,0.86240000,0.85870000,0.86210000,2233604.40000000
1757970000000,0.86210000,0.86540000,0.86020000,0.86510000,2343113.30000000
1757973600000,0.86510000,0.86610000,0.85860000,0.86120000,4011744.40000000
1757977200000,0.86130000,0.86400000,0.85980000,0.86320000,2334679.50000000
1757980800000,0.86310000,0.86350000,0.85920000,0.86180000,1800322.10000000
1757984400000,0.86190000,0.86590000,0.86000000,0.86030000,2143093.20000000
1757988000000,0.86030000,0.86400000,0.85910000,0.85910000,1841331.60000000
1757991600000,0.85910000,0.86250000,0.85820000,0.85960000,2264196.40000000
1757995200000,0.85960000,0.86090000,0.85300000,0.85930000,6379231.90000000
1757998800000,0.85930000,0.86370000,0.85830000,0.86350000,3240217.90000000
1758002400000,0.86350000,0.86510000,0.85900000,0.86290000,2682418.80000000
1758006000000,0.86290000,0.86670000,0.86180000,0.86590000,2939111.20000000
1758009600000,0.86600000,0.87270000,0.86590000,0.87110000,5370996.40000000
1758013200000,0.87110000,0.87250000,0.86710000,0.86980000,3282028.60000000
1758016800000,0.86990000,0.87540000,0.86850000,0.86860000,7848572.50000000
1758020400000,0.86850000,0.87160000,0.86730000,0.87010000,3008573.10000000
1758024000000,0.87010000,0.87180000,0.86890000,0.87110000,2801744.20000000
1758027600000,0.87110000,0.87550000,0.85880000,0.86690000,9882657.30000000
1758031200000,0.86690000,0.86690000,0.85660000,0.86490000,5186122.60000000
1758034800000,0.86480000,0.87060000,0.86110000,0.87050000,4277056.40000000
1758038400000,0.87050000,0.87180000,0.86670000,0.86960000,4207386.20000000
1758042000000,0.86950000,0.88050000,0.86930000,0.87670000,6595619.10000000
1758045600000,0.87670000,0.88040000,0.87310000,0.87500000,3863708.50000000
1758049200000,0.87510000,0.87810000,0.87310000,0.87720000,2222258.40000000
1758052800000,0.87720000,0.87860000,0.87590000,0.87700000,2494747.90000000
1758056400000,0.87690000,0.88240000,0.87680000,0.88210000,2696652.30000000
1758060000000,0.88220000,0.88410000,0.88080000,0.88260000,2565219.60000000
1758063600000,0.88270000,0.88280000,0.87910000,0.88030000,2474220.10000000
1758067200000,0.88030000,0.88170000,0.87710000,0.87900000,2645226.30000000
1758070800000,0.87900000,0.88170000,0.87580000,0.87780000,1788422.70000000
1758074400000,0.87780000,0.88370000,0.87540000,0.87900000,2634176.70000000
1758078000000,0.87890000,0.88140000,0.87320000,0.87390000,4180501.10000000
1758081600000,0.87390000,0.87610000,0.86680000,0.86960000,4731354.10000000
1758085200000,0.86950000,0.87860000,0.86930000,0.87840000,4158678.80000000
1758088800000,0.87840000,0.88230000,0.87720000,0.88150000,5173885.30000000
1758092400000,0.88140000,0.88720000,0.88040000,0.88230000,5422105.00000000
1758096000000,0.88240000,0.88250000,0.87330000,0.87670000,4762375.40000000
1758099600000,0.87670000,0.87710000,0.87170000,0.87190000,2230013.90000000
1758103200000,0.87200000,0.87420000,0.86910000,0.87150000,2072807.90000000
1758106800000,0.87140000,0.87490000,0.87080000,0.87180000,3010050.90000000
1758110400000,0.87190000,0.87310000,0.86870000,0.87150000,1900998.60000000
1758114000000,0.87150000,0.87420000,0.86800000,0.87060000,3817516.60000000
1758117600000,0.87060000,0.87240000,0.86330000,0.86490000,4051570.60000000
1758121200000,0.86500000,0.87000000,0.86390000,0.86830000,3527752.60000000
1758124800000,0.86820000,0.87170000,0.86120000,0.87130000,4355094.70000000
1758128400000,0.87130000,0.88450000,0.86080000,0.86410000,11052682.50000000
1758132000000,0.86420000,0.88360000,0.86180000,0.86700000,33849623.30000000
1758135600000,0.86700000,0.88450000,0.86650000,0.88270000,8892645.90000000
1758139200000,0.88260000,0.89510000,0.87890000,0.88060000,9001718.20000000
1758142800000,0.88060000,0.89310000,0.87540000,0.89070000,5869898.90000000
1758146400000,0.89080000,0.91230000,0.89080000,0.90990000,13936408.30000000
1758150000000,0.91000000,0.91970000,0.90740000,0.91380000,11667904.60000000
1758153600000,0.91380000,0.91830000,0.90710000,0.90890000,5955159.00000000
1758157200000,0.90890000,0.91840000,0.90710000,0.91530000,5642635.70000000
1758160800000,0.91540000,0.91680000,0.90750000,0.91660000,6649611.40000000
1758164400000,0.91650000,0.92560000,0.91550000,0.91780000,10171372.40000000
1758168000000,0.91780000,0.91890000,0.91180000,0.91440000,6356548.30000000
1758171600000,0.91430000,0.91470000,0.90760000,0.90930000,3948605.30000000
1758175200000,0.90930000,0.91040000,0.89960000,0.90370000,7746969.10000000
1758178800000,0.90370000,0.91410000,0.90180000,0.90820000,6787767.10000000
1758182400000,0.90810000,0.92080000,0.90740000,0.92000000,6753738.40000000
1758186000000,0.91990000,0.92050000,0.91560000,0.91810000,4397824.30000000
1758189600000,0.91810000,0.91980000,0.91050000,0.91320000,6557082.30000000
1758193200000,0.91330000,0.91640000,0.91200000,0.91360000,4181676.70000000
1758196800000,0.91370000,0.91730000,0.91130000,0.91370000,6968749.20000000
1758200400000,0.91360000,0.91960000,0.90800000,0.91490000,5629204.40000000
1758204000000,0.91490000,0.92340000,0.91410000,0.92300000,9253807.10000000
1758207600000,0.92310000,0.92850000,0.91860000,0.92710000,14283614.70000000
1758211200000,0.92700000,0.92930000,0.92230000,0.92490000,6395955.60000000
1758214800000,0.92490000,0.93340000,0.92390000,0.93160000,8594653.70000000
1758218400000,0.93170000,0.93860000,0.92950000,0.93770000,5531327.30000000
1758222000000,0.93770000,0.93830000,0.92540000,0.93000000,7628781.90000000
1758225600000,0.92990000,0.93380000,0.92830000,0.93040000,4682639.20000000
1758229200000,0.93040000,0.93190000,0.92620000,0.92840000,4681138.00000000
1758232800000,0.92840000,0.92980000,0.92230000,0.92270000,6650629.40000000
1758236400000,0.92280000,0.92600000,0.91600000,0.92440000,8187714.70000000
1758240000000,0.92440000,0.93490000,0.92440000,0.93470000,7182712.90000000
1758243600000,0.93470000,0.93780000,0.92800000,0.93270000,7536487.20000000
1758247200000,0.93270000,0.93390000,0.92410000,0.92550000,5063040.40000000
1758250800000,0.92550000,0.93240000,0.91860000,0.91940000,7304279.50000000
1758254400000,0.91930000,0.92270000,0.90920000,0.92210000,10245254.60000000
1758258000000,0.92220000,0.92310000,0.91290000,0.91560000,5570056.90000000
1758261600000,0.91560000,0.91560000,0.90420000,0.90450000,5624088.70000000
1758265200000,0.90450000,0.90980000,0.90240000,0.90430000,6482135.40000000
1758268800000,0.90430000,0.91180000,0.90390000,0.90800000,3182939.90000000
1758272400000,0.90800000,0.91170000,0.90020000,0.90220000,5376286.40000000
1758276000000,0.90220000,0.90500000,0.90020000,0.90320000,3721730.70000000
1758279600000,0.90310000,0.90330000,0.89340000,0.89620000,9605770.20000000
1758283200000,0.89630000,0.90380000,0.89610000,0.89900000,5339391.70000000
1758286800000,0.89890000,0.90880000,0.89870000,0.90760000,6021870.90000000
1758290400000,0.90750000,0.90890000,0.89560000,0.89940000,9594559.30000000
1758294000000,0.89930000,0.89990000,0.89130000,0.89700000,8623297.80000000
1758297600000,0.89700000,0.90510000,0.89590000,0.90440000,3844195.60000000
1758301200000,0.90450000,0.90480000,0.89700000,0.89750000,2902846.20000000
1758304800000,0.89750000,0.89920000,0.89110000,0.89660000,4430637.70000000
1758308400000,0.89660000,0.89890000,0.89470000,0.89470000,2165967.70000000
1758312000000,0.89470000,0.89880000,0.89270000,0.89280000,2362407.90000000
1758315600000,0.89280000,0.89700000,0.89000000,0.89700000,2991300.60000000
1758319200000,0.89700000,0.89780000,0.89550000,0.89570000,1533262.80000000
1758322800000,0.89570000,0.89600000,0.88550000,0.89040000,4128277.90000000
1758326400000,0.89040000,0.89780000,0.88870000,0.89740000,2695650.00000000
1758330000000,0.89740000,0.89740000,0.89130000,0.89440000,2083594.80000000
1758333600000,0.89430000,0.89650000,0.88850000,0.89650000,2772250.10000000
1758337200000,0.89650000,0.89680000,0.89110000,0.89380000,1914719.50000000
1758340800000,0.89380000,0.89640000,0.89140000,0.89520000,1574246.70000000
1758344400000,0.89520000,0.89980000,0.89320000,0.89900000,3097291.30000000
1758348000000,0.89910000,0.90340000,0.89720000,0.90240000,2907626.50000000
1758351600000,0.90240000,0.90630000,0.89990000,0.90620000,3081169.00000000
1758355200000,0.90620000,0.90650000,0.89380000,0.89420000,2974008.20000000
1758358800000,0.89420000,0.89630000,0.88950000,0.89120000,2365806.60000000
1758362400000,0.89110000,0.89390000,0.88850000,0.88910000,2769291.80000000
1758366000000,0.88920000,0.89570000,0.88710000,0.89530000,2864737.70000000
1758369600000,0.89530000,0.89570000,0.89130000,0.89500000,1616856.40000000
1758373200000,0.89490000,0.89900000,0.89310000,0.89560000,1676776.90000000
1758376800000,0.89570000,0.89890000,0.89230000,0.89800000,1368152.80000000
1758380400000,0.89800000,0.90480000,0.89800000,0.90030000,2943163.50000000
1758384000000,0.90030000,0.90340000,0.89210000,0.89870000,2883182.80000000
1758387600000,0.89870000,0.89910000,0.89260000,0.89380000,2432130.30000000
1758391200000,0.89380000,0.89390000,0.89000000,0.89120000,2430422.80000000
1758394800000,0.89120000,0.89430000,0.88980000,0.89140000,1621772.80000000
1758398400000,0.89130000,0.89550000,0.89070000,0.89440000,1195422.50000000
1758402000000,0.89430000,0.89790000,0.89340000,0.89600000,1435234.70000000
1758405600000,0.89590000,0.89640000,0.89320000,0.89560000,1117378.00000000
1758409200000,0.89560000,0.89580000,0.89170000,0.89310000,857263.80000000
1758412800000,0.89310000,0.89750000,0.89010000,0.89630000,1282833.40000000
1758416400000,0.89640000,0.89770000,0.89110000,0.89210000,1153386.50000000
1758420000000,0.89200000,0.89700000,0.88980000,0.89650000,2121413.10000000
1758423600000,0.89640000,0.89860000,0.89500000,0.89860000,1739707.00000000
1758427200000,0.89870000,0.89900000,0.89580000,0.89840000,1346471.40000000
1758430800000,0.89850000,0.90060000,0.89680000,0.89930000,1770119.60000000
1758434400000,0.89940000,0.90260000,0.89920000,0.89970000,2326132.80000000
1758438000000,0.89960000,0.90140000,0.89830000,0.89960000,2520014.00000000
1758441600000,0.89960000,0.90030000,0.89160000,0.89220000,2351073.20000000
1758445200000,0.89210000,0.89280000,0.87710000,0.88540000,11177805.10000000
1758448800000,0.88540000,0.88630000,0.88140000,0.88150000,4083957.90000000
1758452400000,0.88140000,0.88530000,0.88050000,0.88220000,2660580.20000000
1758456000000,0.88220000,0.88800000,0.88160000,0.88550000,2986537.70000000
1758459600000,0.88550000,0.88910000,0.88500000,0.88800000,1940814.50000000
1758463200000,0.88800000,0.88980000,0.88490000,0.88490000,2340843.70000000
1758466800000,0.88490000,0.88800000,0.88380000,0.88570000,4108110.00000000
1758470400000,0.88570000,0.88710000,0.87670000,0.87980000,3712855.90000000
1758474000000,0.87980000,0.88690000,0.87500000,0.88690000,4249164.60000000
1758477600000,0.88690000,0.88960000,0.88500000,0.88940000,2791158.80000000
1758481200000,0.88940000,0.88950000,0.88240000,0.88860000,1622630.50000000
1758484800000,0.88860000,0.88910000,0.88510000,0.88660000,1161616.80000000
1758488400000,0.88670000,0.88730000,0.88280000,0.88460000,1453235.70000000
1758492000000,0.88460000,0.88840000,0.87950000,0.88790000,1537444.10000000
1758495600000,0.88800000,0.88830000,0.88180000,0.88400000,2179885.50000000
1758499200000,0.88410000,0.88770000,0.86140000,0.86440000,18393434.50000000
1758502800000,0.86430000,0.87220000,0.86250000,0.86390000,5752861.80000000
1758506400000,0.86390000,0.86580000,0.84650000,0.85250000,18991065.20000000
1758510000000,0.85240000,0.85730000,0.85160000,0.85600000,6996772.80000000
1758513600000,0.85590000,0.85640000,0.85110000,0.85340000,5658312.60000000
1758517200000,0.85340000,0.85340000,0.83300000,0.83400000,9638732.80000000
1758520800000,0.83400000,0.83550000,0.78730000,0.82410000,79540515.90000000
1758524400000,0.82400000,0.82410000,0.81670000,0.81700000,16760828.10000000
1758528000000,0.81700000,0.82300000,0.81270000,0.82040000,11607368.00000000
1758531600000,0.82040000,0.82160000,0.81330000,0.81480000,11641346.60000000
1758535200000,0.81490000,0.82810000,0.81250000,0.82530000,9261100.10000000
1758538800000,0.82520000,0.82680000,0.82080000,0.82220000,7408148.90000000
1758542400000,0.82230000,0.82820000,0.81920000,0.82730000,7788850.90000000
1758546000000,0.82740000,0.83210000,0.82290000,0.83100000,10685070.30000000
1758549600000,0.83090000,0.83290000,0.82330000,0.82490000,8885202.90000000
1758553200000,0.82490000,0.82670000,0.81890000,0.82030000,8103387.00000000
1758556800000,0.82040000,0.82700000,0.81910000,0.82060000,4817951.70000000
1758560400000,0.82070000,0.82370000,0.81770000,0.82220000,4155344.20000000
1758564000000,0.82210000,0.82280000,0.81800000,0.81830000,2230568.30000000
1758567600000,0.81830000,0.81950000,0.81380000,0.81520000,4789454.80000000
1758571200000,0.81510000,0.82360000,0.81340000,0.82260000,4391634.30000000
1758574800000,0.82260000,0.82760000,0.82030000,0.82700000,1853387.00000000
1758578400000,0.82700000,0.82700000,0.82350000,0.82450000,1227242.50000000
1758582000000,0.82450000,0.82600000,0.82380000,0.82560000,1579824.30000000
1758585600000,0.82570000,0.82930000,0.82210000,0.82230000,2238211.40000000
1758589200000,0.82230000,0.82280000,0.81520000,0.81540000,2419878.50000000
1758592800000,0.81540000,0.82050000,0.80810000,0.80920000,6074911.30000000
1758596400000,0.80920000,0.82760000,0.80300000,0.82230000,10488745.50000000
1758600000000,0.82240000,0.82430000,0.81460000,0.81830000,2922807.20000000
1758603600000,0.81830000,0.82230000,0.81530000,0.81840000,3082385.20000000
1758607200000,0.81840000,0.82750000,0.81710000,0.82630000,6009666.60000000
1758610800000,0.82620000,0.82880000,0.82230000,0.82390000,5239124.10000000
1758614400000,0.82400000,0.82640000,0.82210000,0.82560000,4166424.50000000
1758618000000,0.82560000,0.82830000,0.82010000,0.82210000,5244587.40000000
1758621600000,0.82210000,0.82470000,0.82090000,0.82270000,2658122.60000000
1758625200000,0.82270000,0.82400000,0.81890000,0.82200000,2955411.40000000
1758628800000,0.82200000,0.82610000,0.81960000,0.82320000,4211419.00000000
1758632400000,0.82310000,0.82510000,0.81920000,0.82110000,3805446.60000000
1758636000000,0.82120000,0.82650000,0.81700000,0.81810000,3932205.20000000
1758639600000,0.81810000,0.82380000,0.81560000,0.82230000,3357980.40000000
1758643200000,0.82240000,0.82950000,0.81750000,0.82640000,4630578.90000000
1758646800000,0.82630000,0.82690000,0.81310000,0.81420000,3428557.60000000
1758650400000,0.81430000,0.81670000,0.80830000,0.81110000,3671278.10000000
1758654000000,0.81110000,0.81630000,0.80650000,0.80840000,4560474.20000000
1758657600000,0.80830000,0.81300000,0.80500000,0.81290000,2646353.30000000
1758661200000,0.81280000,0.81620000,0.81030000,0.81370000,2281563.50000000
1758664800000,0.81360000,0.81450000,0.80920000,0.81090000,976499.20000000
1758668400000,0.81090000,0.81320000,0.80560000,0.80600000,2152015.50000000
1758672000000,0.80600000,0.81470000,0.80520000,0.81070000,4514135.70000000
1758675600000,0.81060000,0.81590000,0.80870000,0.81550000,1609655.40000000
1758679200000,0.81550000,0.81610000,0.80810000,0.81090000,3954572.30000000
1758682800000,0.81100000,0.81280000,0.79800000,0.80050000,10639922.50000000
1758686400000,0.80040000,0.81150000,0.79010000,0.80590000,18102916.50000000
1758690000000,0.80590000,0.81550000,0.80530000,0.81370000,2517015.90000000
1758693600000,0.81370000,0.81720000,0.81140000,0.81550000,3887595.10000000
1758697200000,0.81550000,0.81690000,0.81180000,0.81480000,2028419.00000000
1758700800000,0.81490000,0.81740000,0.81310000,0.81680000,2153158.50000000
1758704400000,0.81680000,0.81910000,0.81450000,0.81800000,2972395.60000000
1758708000000,0.81790000,0.81850000,0.81480000,0.81720000,1801426.30000000
1758711600000,0.81720000,0.82330000,0.81660000,0.81930000,5600772.10000000
1758715200000,0.81930000,0.82330000,0.81930000,0.82100000,3713105.10000000
1758718800000,0.82110000,0.82440000,0.81670000,0.81700000,3983517.80000000
1758722400000,0.81700000,0.83040000,0.81690000,0.82690000,4705852.60000000
1758726000000,0.82680000,0.82840000,0.81990000,0.82080000,4458445.50000000
1758729600000,0.82080000,0.82330000,0.81880000,0.82130000,3054998.30000000
1758733200000,0.82140000,0.82690000,0.82040000,0.82410000,2742447.80000000
1758736800000,0.82410000,0.82530000,0.82150000,0.82260000,1113826.40000000
1758740400000,0.82260000,0.82530000,0.82000000,0.82210000,2638955.60000000
1758744000000,0.82220000,0.82340000,0.81580000,0.82040000,2455382.70000000
1758747600000,0.82030000,0.82170000,0.81310000,0.81470000,2872449.10000000
1758751200000,0.81460000,0.81880000,0.81330000,0.81440000,1886836.00000000
1758754800000,0.81440000,0.81690000,0.81150000,0.81270000,2447903.10000000
1758758400000,0.81280000,0.81440000,0.80710000,0.80820000,3397959.70000000
1758762000000,0.80810000,0.81010000,0.80140000,0.80340000,5606611.50000000
1758765600000,0.80350000,0.81250000,0.79910000,0.80730000,8803086.70000000
1758769200000,0.80730000,0.80730000,0.79280000,0.80070000,11618160.80000000
1758772800000,0.80060000,0.80320000,0.78620000,0.79010000,14324790.00000000
1758776400000,0.79000000,0.79960000,0.78680000,0.79730000,6897781.80000000
1758780000000,0.79720000,0.79810000,0.78910000,0.78980000,6309095.90000000
1758783600000,0.78990000,0.79540000,0.78880000,0.79060000,3250094.60000000
1758787200000,0.79070000,0.79430000,0.78540000,0.78680000,7984700.30000000
1758790800000,0.78680000,0.79370000,0.78510000,0.78590000,6560258.00000000
1758794400000,0.78580000,0.79180000,0.78530000,0.78570000,4658137.90000000
1758798000000,0.78570000,0.78800000,0.78000000,0.78120000,9994721.30000000
1758801600000,0.78120000,0.78910000,0.76790000,0.78470000,23471105.20000000
1758805200000,0.78470000,0.79430000,0.77950000,0.78940000,12613575.20000000
1758808800000,0.78950000,0.80000000,0.78950000,0.79400000,7557778.50000000
1758812400000,0.79400000,0.79470000,0.78900000,0.79100000,3361998.10000000
1758816000000,0.79100000,0.79240000,0.77630000,0.77720000,4834155.80000000
1758819600000,0.77710000,0.77790000,0.75420000,0.75840000,31146781.40000000
1758823200000,0.75830000,0.77720000,0.75550000,0.77710000,13252798.70000000
1758826800000,0.77700000,0.78230000,0.77010000,0.77160000,5432559.40000000
1758830400000,0.77170000,0.77360000,0.76450000,0.76500000,4387185.00000000
1758834000000,0.76500000,0.77240000,0.76180000,0.76940000,5474133.20000000
1758837600000,0.76930000,0.77440000,0.76430000,0.76750000,3936435.20000000
1758841200000,0.76760000,0.77220000,0.75750000,0.76370000,7265289.70000000
1758844800000,0.76370000,0.78080000,0.76370000,0.77870000,6703288.70000000
1758848400000,0.77870000,0.78140000,0.77470000,0.77800000,4580885.00000000
1758852000000,0.77800000,0.78120000,0.77370000,0.77580000,2601296.10000000
1758855600000,0.77580000,0.77820000,0.77270000,0.77680000,2083009.10000000
1758859200000,0.77670000,0.77830000,0.77200000,0.77400000,2373801.80000000
1758862800000,0.77410000,0.77950000,0.77040000,0.77200000,2544395.50000000
1758866400000,0.77210000,0.77760000,0.76830000,0.77350000,3835713.70000000
1758870000000,0.77350000,0.77800000,0.76960000,0.77440000,3961181.30000000
1758873600000,0.77430000,0.77800000,0.77380000,0.77520000,2712549.70000000
1758877200000,0.77520000,0.77760000,0.76910000,0.77230000,2387997.60000000
1758880800000,0.77220000,0.77260000,0.76060000,0.76230000,4986221.90000000
1758884400000,0.76220000,0.76690000,0.75760000,0.76380000,5589074.30000000
1758888000000,0.76370000,0.77930000,0.75760000,0.77260000,13885138.60000000
1758891600000,0.77260000,0.77950000,0.76720000,0.77730000,8016460.10000000
1758895200000,0.77720000,0.77820000,0.76420000,0.76680000,4578920.40000000
1758898800000,0.76690000,0.77770000,0.76640000,0.77490000,4067955.90000000
1758902400000,0.77490000,0.78490000,0.77430000,0.78360000,4770267.50000000
1758906000000,0.78360000,0.79070000,0.78170000,0.78940000,6011110.50000000
1758909600000,0.78950000,0.79640000,0.78930000,0.79290000,5582630.70000000
1758913200000,0.79290000,0.79310000,0.78500000,0.78910000,3629333.70000000
1758916800000,0.78910000,0.79150000,0.78670000,0.78800000,1682277.50000000
1758920400000,0.78800000,0.79160000,0.78720000,0.79070000,2045787.40000000
1758924000000,0.79080000,0.79370000,0.78950000,0.79070000,2242366.00000000
1758927600000,0.79070000,0.79230000,0.78860000,0.79190000,1553187.10000000
1758931200000,0.79180000,0.79270000,0.78970000,0.79230000,1265871.30000000
1758934800000,0.79240000,0.79270000,0.78820000,0.79030000,1639264.00000000
1758938400000,0.79030000,0.79170000,0.78850000,0.78920000,1135958.10000000
1758942000000,0.78930000,0.79410000,0.78900000,0.79230000,1719552.80000000
1758945600000,0.79230000,0.79340000,0.79080000,0.79170000,1543431.20000000
1758949200000,0.79170000,0.79240000,0.78880000,0.79130000,910781.30000000
1758952800000,0.79130000,0.79140000,0.78900000,0.79020000,1034123.90000000
1758956400000,0.79010000,0.79150000,0.78170000,0.78380000,3277793.40000000
1758960000000,0.78370000,0.78390000,0.77910000,0.77950000,2749013.40000000
1758963600000,0.77960000,0.78440000,0.77660000,0.78270000,3326958.80000000
1758967200000,0.78270000,0.78620000,0.78050000,0.78440000,1769793.90000000
1758970800000,0.78440000,0.78540000,0.78230000,0.78320000,904923.30000000
1758974400000,0.78320000,0.78660000,0.78100000,0.78560000,1767060.90000000
1758978000000,0.78560000,0.78730000,0.78390000,0.78560000,1323231.10000000
1758981600000,0.78560000,0.78690000,0.78410000,0.78410000,1255323.00000000
1758985200000,0.78400000,0.78580000,0.78040000,0.78550000,1584071.70000000
1758988800000,0.78550000,0.78580000,0.78250000,0.78300000,1062494.50000000
1758992400000,0.78310000,0.78330000,0.77720000,0.78080000,3046706.10000000
1758996000000,0.78070000,0.78140000,0.77810000,0.78070000,639847.00000000
1758999600000,0.78060000,0.78230000,0.78000000,0.78150000,527051.70000000
1759003200000,0.78150000,0.78230000,0.77860000,0.77970000,1769023.70000000
1759006800000,0.77970000,0.78400000,0.77890000,0.78340000,1015374.00000000
1759010400000,0.78340000,0.78840000,0.78310000,0.78460000,1785674.40000000
1759014000000,0.78450000,0.78610000,0.78060000,0.78090000,1250969.00000000
1759017600000,0.78100000,0.78240000,0.77720000,0.77840000,2699559.40000000
1759021200000,0.77840000,0.77890000,0.77210000,0.77330000,3008339.10000000
1759024800000,0.77320000,0.77670000,0.77300000,0.77480000,1225408.00000000
1759028400000,0.77490000,0.77620000,0.77290000,0.77500000,1171475.20000000
1759032000000,0.77490000,0.77560000,0.77300000,0.77510000,804839.50000000
1759035600000,0.77510000,0.77660000,0.77280000,0.77400000,939635.80000000
1759039200000,0.77400000,0.77480000,0.76900000,0.77260000,1571496.40000000
1759042800000,0.77250000,0.77420000,0.76990000,0.77310000,1376480.70000000
1759046400000,0.77300000,0.77360000,0.76920000,0.77010000,3585738.50000000
1759050000000,0.77010000,0.77140000,0.76700000,0.76830000,2532845.80000000
1759053600000,0.76830000,0.76920000,0.76540000,0.76880000,1690077.10000000
1759057200000,0.76870000,0.76930000,0.76570000,0.76870000,1999959.70000000
1759060800000,0.76870000,0.76910000,0.76450000,0.76630000,2752844.90000000
1759064400000,0.76630000,0.77800000,0.76590000,0.77650000,3548095.90000000
1759068000000,0.77660000,0.77990000,0.77440000,0.77960000,2406900.20000000
1759071600000,0.77960000,0.78170000,0.77790000,0.78160000,2304401.30000000
1759075200000,0.78150000,0.78910000,0.78150000,0.78730000,3734779.90000000
1759078800000,0.78720000,0.79200000,0.78510000,0.79080000,2513345.90000000
1759082400000,0.79070000,0.79190000,0.78750000,0.79130000,1430964.30000000
1759086000000,0.79130000,0.79200000,0.78860000,0.79010000,706092.90000000
1759089600000,0.79010000,0.79750000,0.78960000,0.79360000,2988335.60000000
1759093200000,0.79360000,0.79790000,0.79310000,0.79450000,2840150.70000000
1759096800000,0.79460000,0.81030000,0.79460000,0.80910000,9185264.50000000
1759100400000,0.80920000,0.81190000,0.80650000,0.80860000,3965302.40000000
1759104000000,0.80860000,0.80890000,0.80410000,0.80510000,3857623.00000000
1759107600000,0.80520000,0.80570000,0.79930000,0.79950000,3415629.50000000
1759111200000,0.79950000,0.80460000,0.79820000,0.80140000,2359573.60000000
1759114800000,0.80140000,0.80500000,0.79940000,0.80490000,3455540.80000000
1759118400000,0.80490000,0.80590000,0.79950000,0.80190000,2122368.60000000
1759122000000,0.80190000,0.80220000,0.79580000,0.79950000,1968773.70000000
1759125600000,0.79940000,0.79950000,0.79520000,0.79530000,3270081.50000000
1759129200000,0.79540000,0.80000000,0.79280000,0.79820000,2073558.20000000
1759132800000,0.79820000,0.80430000,0.79760000,0.80140000,2355692.60000000
1759136400000,0.80140000,0.80190000,0.79720000,0.79870000,1987929.90000000
1759140000000,0.79880000,0.79970000,0.79340000,0.79380000,1655471.30000000
1759143600000,0.79380000,0.79540000,0.78960000,0.79470000,2462188.40000000
1759147200000,0.79460000,0.79970000,0.79050000,0.79080000,2334548.70000000
1759150800000,0.79070000,0.80880000,0.78800000,0.80670000,9360578.70000000
1759154400000,0.80670000,0.81610000,0.80590000,0.81260000,11730800.60000000
1759158000000,0.81250000,0.81450000,0.80040000,0.80210000,5246366.20000000
1759161600000,0.80210000,0.80560000,0.79760000,0.79850000,3741231.90000000
1759165200000,0.79840000,0.80160000,0.79500000,0.80040000,2645748.80000000
1759168800000,0.80050000,0.80050000,0.79530000,0.79890000,2085559.20000000
1759172400000,0.79900000,0.80570000,0.79820000,0.80460000,1857923.50000000
1759176000000,0.80470000,0.81370000,0.80340000,0.81350000,4256228.70000000
1759179600000,0.81350000,0.81480000,0.80850000,0.81110000,4479906.10000000
1759183200000,0.81120000,0.81190000,0.80690000,0.80850000,2895728.00000000
1759186800000,0.80860000,0.80990000,0.80550000,0.80610000,2388807.20000000
1759190400000,0.80600000,0.80860000,0.80020000,0.80090000,6203856.00000000
1759194000000,0.80090000,0.80580000,0.79640000,0.80010000,5491533.20000000
1759197600000,0.80000000,0.80330000,0.79810000,0.79840000,1864896.90000000
1759201200000,0.79840000,0.80120000,0.79680000,0.79780000,1645452.70000000
1759204800000,0.79780000,0.79960000,0.79620000,0.79730000,2208779.10000000
1759208400000,0.79730000,0.80170000,0.79590000,0.80070000,2200925.50000000
1759212000000,0.80060000,0.80530000,0.79830000,0.80070000,4589323.90000000
1759215600000,0.80080000,0.80230000,0.79270000,0.79410000,2982544.80000000
1759219200000,0.79410000,0.79540000,0.79200000,0.79210000,2135069.70000000
1759222800000,0.79210000,0.79310000,0.78530000,0.78660000,4279242.40000000
1759226400000,0.78660000,0.79020000,0.78420000,0.78850000,3111238.00000000
1759230000000,0.78850000,0.79160000,0.78530000,0.79110000,1597828.20000000
1759233600000,0.79110000,0.79280000,0.78810000,0.78950000,2154420.00000000
1759237200000,0.78950000,0.79610000,0.78710000,0.79120000,3375733.90000000
1759240800000,0.79120000,0.79280000,0.78660000,0.79150000,2623898.30000000
1759244400000,0.79150000,0.79170000,0.77810000,0.78340000,5818703.80000000
1759248000000,0.78330000,0.78520000,0.77990000,0.78350000,2848272.30000000
1759251600000,0.78350000,0.78950000,0.78240000,0.78410000,5595756.30000000
1759255200000,0.78400000,0.79060000,0.78190000,0.79020000,2386714.00000000
1759258800000,0.79020000,0.80170000,0.78930000,0.80100000,5176167.00000000
1759262400000,0.80110000,0.80900000,0.79950000,0.80880000,7110978.00000000
1759266000000,0.80890000,0.81320000,0.80380000,0.80460000,6451519.50000000
1759269600000,0.80470000,0.81050000,0.80080000,0.80180000,3698773.00000000
1759273200000,0.80190000,0.80790000,0.79860000,0.80720000,3206894.00000000
1759276800000,0.80730000,0.80990000,0.80140000,0.80710000,4578005.60000000
1759280400000,0.80710000,0.81140000,0.80380000,0.81110000,3917215.20000000
1759284000000,0.81110000,0.81130000,0.80470000,0.80540000,2746279.50000000
1759287600000,0.80540000,0.80570000,0.79680000,0.79810000,4998412.70000000
1759291200000,0.79800000,0.80710000,0.79710000,0.80070000,4659200.30000000
1759294800000,0.80080000,0.80590000,0.80050000,0.80350000,2326300.90000000
1759298400000,0.80360000,0.80530000,0.79870000,0.79910000,1781166.80000000
1759302000000,0.79900000,0.80630000,0.79860000,0.80470000,1504312.80000000
1759305600000,0.80460000,0.82960000,0.80300000,0.82900000,18936074.80000000
1759309200000,0.82910000,0.83460000,0.82730000,0.83360000,13279491.30000000
1759312800000,0.83360000,0.83610000,0.82940000,0.83100000,10645649.20000000
1759316400000,0.83110000,0.83760000,0.83110000,0.83640000,4395083.00000000
1759320000000,0.83640000,0.83740000,0.83230000,0.83250000,4410389.40000000
1759323600000,0.83260000,0.83990000,0.83250000,0.83780000,6607582.30000000
1759327200000,0.83770000,0.84290000,0.83610000,0.83940000,9213694.70000000
1759330800000,0.83950000,0.84270000,0.83700000,0.84090000,4598530.80000000
1759334400000,0.84100000,0.84380000,0.83420000,0.83520000,4808061.10000000
1759338000000,0.83510000,0.83920000,0.83290000,0.83540000,5485457.30000000
1759341600000,0.83540000,0.84420000,0.83540000,0.84300000,3381325.30000000
1759345200000,0.84300000,0.84790000,0.84180000,0.84540000,4689859.30000000
1759348800000,0.84550000,0.84640000,0.84200000,0.84350000,3657821.60000000
1759352400000,0.84350000,0.84460000,0.83860000,0.84080000,2732779.60000000
1759356000000,0.84080000,0.84530000,0.84080000,0.84490000,2913002.90000000
1759359600000,0.84480000,0.85120000,0.84370000,0.85080000,6376542.80000000
1759363200000,0.85080000,0.85550000,0.84870000,0.84900000,6396211.90000000
1759366800000,0.84890000,0.85920000,0.84800000,0.85830000,3215697.10000000
1759370400000,0.85820000,0.86030000,0.85400000,0.85790000,4790332.30000000
1759374000000,0.85790000,0.85920000,0.85410000,0.85490000,3665451.60000000
1759377600000,0.85490000,0.85700000,0.85020000,0.85460000,2710653.00000000
1759381200000,0.85470000,0.85690000,0.85220000,0.85400000,2506622.10000000
1759384800000,0.85400000,0.86420000,0.85320000,0.86060000,7050778.70000000
1759388400000,0.86060000,0.86380000,0.85300000,0.85420000,7190628.70000000
1759392000000,0.85410000,0.85730000,0.85410000,0.85630000,2611932.90000000
1759395600000,0.85640000,0.85760000,0.85320000,0.85510000,2476331.20000000
1759399200000,0.85520000,0.85590000,0.84890000,0.85250000,6617954.30000000
1759402800000,0.85250000,0.85630000,0.84970000,0.85020000,4777322.00000000
1759406400000,0.85010000,0.85580000,0.84890000,0.85540000,4863581.00000000
1759410000000,0.85550000,0.85670000,0.84610000,0.85340000,6338843.60000000
1759413600000,0.85340000,0.85390000,0.83780000,0.84110000,10381728.40000000
1759417200000,0.84120000,0.85410000,0.83610000,0.85380000,8897332.10000000
1759420800000,0.85370000,0.86130000,0.85260000,0.85880000,11124785.00000000
1759424400000,0.85880000,0.86450000,0.85610000,0.86100000,6274005.40000000
1759428000000,0.86110000,0.87330000,0.86110000,0.87140000,13200802.00000000
1759431600000,0.87150000,0.87780000,0.87050000,0.87430000,5255754.10000000
1759435200000,0.87440000,0.87510000,0.86620000,0.87090000,5201161.60000000
1759438800000,0.87100000,0.87500000,0.86750000,0.86870000,3000664.40000000
1759442400000,0.86870000,0.87130000,0.86460000,0.86550000,2947461.60000000
1759446000000,0.86540000,0.87140000,0.86540000,0.87060000,2641496.50000000
1759449600000,0.87060000,0.87120000,0.86150000,0.86240000,3604814.20000000
1759453200000,0.86240000,0.86520000,0.85450000,0.85630000,5972162.10000000
1759456800000,0.85620000,0.86300000,0.85550000,0.86250000,3534081.80000000
1759460400000,0.86250000,0.86870000,0.86100000,0.86180000,4106369.40000000
1759464000000,0.86170000,0.86740000,0.86080000,0.86420000,2234248.90000000
1759467600000,0.86420000,0.86470000,0.85770000,0.86070000,2952954.80000000
1759471200000,0.86070000,0.86360000,0.85450000,0.85800000,3214508.30000000
1759474800000,0.85800000,0.85880000,0.85380000,0.85700000,4369090.60000000
1759478400000,0.85690000,0.85990000,0.85130000,0.85970000,3451381.10000000
1759482000000,0.85970000,0.86030000,0.85520000,0.85850000,2649645.50000000
1759485600000,0.85850000,0.85970000,0.85700000,0.85810000,2355274.30000000
1759489200000,0.85800000,0.85860000,0.85200000,0.85420000,2639895.50000000
1759492800000,0.85430000,0.85670000,0.85230000,0.85410000,2180892.70000000
1759496400000,0.85420000,0.86020000,0.84820000,0.85570000,5567950.00000000
1759500000000,0.85570000,0.86210000,0.84890000,0.85970000,6505285.30000000
1759503600000,0.85960000,0.87420000,0.85740000,0.87340000,8673624.20000000
1759507200000,0.87340000,0.89240000,0.87340000,0.87750000,23720168.30000000
1759510800000,0.87740000,0.87760000,0.85770000,0.86200000,24716179.20000000
1759514400000,0.86210000,0.87320000,0.85750000,0.87230000,4904460.30000000
1759518000000,0.87220000,0.87730000,0.86940000,0.87020000,6094767.00000000
1759521600000,0.87020000,0.87270000,0.86590000,0.87180000,3033733.40000000
1759525200000,0.87190000,0.87310000,0.86710000,0.86900000,1601239.60000000
1759528800000,0.86910000,0.87400000,0.86910000,0.87060000,1619458.00000000
1759532400000,0.87060000,0.87070000,0.86470000,0.86550000,3929420.40000000
1759536000000,0.86550000,0.86880000,0.86110000,0.86280000,3038666.30000000
1759539600000,0.86290000,0.86290000,0.85570000,0.85670000,3802078.60000000
1759543200000,0.85670000,0.85950000,0.85260000,0.85420000,3027822.40000000
1759546800000,0.85430000,0.85500000,0.84970000,0.85450000,4005270.00000000
1759550400000,0.85450000,0.85640000,0.85290000,0.85530000,1482386.10000000
1759554000000,0.85530000,0.85780000,0.85370000,0.85650000,2391600.80000000
1759557600000,0.85650000,0.85880000,0.85540000,0.85640000,2255447.40000000
1759561200000,0.85650000,0.85680000,0.85190000,0.85250000,1440308.40000000
1759564800000,0.85260000,0.85360000,0.84570000,0.84680000,5043998.30000000
1759568400000,0.84680000,0.84960000,0.84430000,0.84480000,3133175.80000000
1759572000000,0.84490000,0.84850000,0.84230000,0.84280000,3404862.10000000
1759575600000,0.84280000,0.84490000,0.84080000,0.84320000,2291469.10000000
1759579200000,0.84320000,0.84520000,0.84150000,0.84220000,1683720.60000000
1759582800000,0.84230000,0.84970000,0.84190000,0.84590000,3182928.90000000
1759586400000,0.84590000,0.84970000,0.83820000,0.83830000,4638624.00000000
1759590000000,0.83840000,0.84120000,0.83310000,0.83550000,6587628.10000000
1759593600000,0.83540000,0.84230000,0.83460000,0.83770000,6214519.60000000
1759597200000,0.83760000,0.83920000,0.83450000,0.83700000,2396883.10000000
1759600800000,0.83700000,0.83800000,0.83530000,0.83580000,1627067.70000000
1759604400000,0.83590000,0.83890000,0.83580000,0.83800000,1210268.00000000
1759608000000,0.83810000,0.84120000,0.83780000,0.83830000,2483190.20000000
1759611600000,0.83830000,0.84390000,0.83790000,0.84050000,2363287.40000000
1759615200000,0.84050000,0.84340000,0.83920000,0.84160000,1741491.90000000
1759618800000,0.84160000,0.84170000,0.83900000,0.83950000,2225748.20000000
1759622400000,0.83950000,0.84260000,0.83510000,0.83550000,3601723.50000000
1759626000000,0.83550000,0.84160000,0.83530000,0.84070000,1450132.70000000
1759629600000,0.84070000,0.86030000,0.83940000,0.85960000,9398972.30000000
1759633200000,0.85960000,0.86340000,0.85400000,0.85490000,6285145.80000000
1759636800000,0.85490000,0.87150000,0.85470000,0.86750000,13652540.50000000
1759640400000,0.86750000,0.87450000,0.86690000,0.87280000,11680347.50000000
1759644000000,0.87290000,0.87550000,0.86650000,0.86730000,6103921.70000000
1759647600000,0.86740000,0.87810000,0.86700000,0.87800000,7140091.70000000
1759651200000,0.87810000,0.88260000,0.87560000,0.87760000,7939284.70000000
1759654800000,0.87750000,0.87900000,0.86420000,0.86630000,15432549.50000000
1759658400000,0.86630000,0.86760000,0.85980000,0.86280000,7676748.10000000
1759662000000,0.86280000,0.86430000,0.85770000,0.86310000,4899930.40000000
1759665600000,0.86310000,0.86310000,0.85550000,0.85630000,3185477.80000000
1759669200000,0.85630000,0.86020000,0.85600000,0.85800000,1978254.40000000
1759672800000,0.85800000,0.86110000,0.85100000,0.85420000,4213156.20000000
1759676400000,0.85430000,0.85790000,0.85150000,0.85380000,4863772.60000000
1759680000000,0.85370000,0.85680000,0.84580000,0.85310000,5240146.10000000
1759683600000,0.85320000,0.85500000,0.84250000,0.84400000,2778248.50000000
1759687200000,0.84400000,0.84620000,0.83970000,0.84320000,4590804.10000000
1759690800000,0.84320000,0.84330000,0.82690000,0.83030000,11856275.30000000
1759694400000,0.83040000,0.83780000,0.82790000,0.83480000,2925606.00000000
1759698000000,0.83470000,0.83720000,0.83270000,0.83670000,3095314.10000000
1759701600000,0.83660000,0.84060000,0.83300000,0.83690000,4733877.80000000
1759705200000,0.83680000,0.84030000,0.83610000,0.83710000,4704732.60000000
1759708800000,0.83720000,0.84520000,0.83170000,0.83540000,10721303.60000000
1759712400000,0.83540000,0.84550000,0.83250000,0.83980000,7460647.00000000
1759716000000,0.83980000,0.84500000,0.83460000,0.84020000,7081950.70000000
1759719600000,0.84030000,0.84230000,0.83840000,0.83990000,2402278.40000000
1759723200000,0.83980000,0.84290000,0.83810000,0.83870000,2977726.90000000
1759726800000,0.83860000,0.84280000,0.83600000,0.84240000,2584453.70000000
1759730400000,0.84240000,0.85000000,0.84240000,0.84590000,6092339.90000000
1759734000000,0.84590000,0.84960000,0.83950000,0.84280000,5861910.60000000
1759737600000,0.84290000,0.85250000,0.84290000,0.85180000,5254727.10000000
1759741200000,0.85190000,0.85340000,0.84850000,0.85050000,3583448.10000000
1759744800000,0.85040000,0.85290000,0.84840000,0.85130000,4702163.00000000
1759748400000,0.85140000,0.85490000,0.84850000,0.85090000,3279908.60000000
1759752000000,0.85090000,0.85590000,0.85090000,0.85440000,4742909.10000000
1759755600000,0.85440000,0.86530000,0.85410000,0.86490000,10636506.70000000
1759759200000,0.86490000,0.87040000,0.86090000,0.86260000,14210388.10000000
1759762800000,0.86250000,0.88100000,0.86240000,0.87310000,18383723.70000000
1759766400000,0.87320000,0.87770000,0.86950000,0.87330000,8946006.90000000
1759770000000,0.87330000,0.87970000,0.87140000,0.87580000,9335157.80000000
1759773600000,0.87590000,0.88060000,0.87550000,0.87950000,8045832.50000000
1759777200000,0.87960000,0.88060000,0.87460000,0.87750000,7652396.20000000
1759780800000,0.87750000,0.88080000,0.87280000,0.87290000,7782393.00000000
1759784400000,0.87290000,0.87680000,0.86820000,0.87640000,6608065.30000000
1759788000000,0.87640000,0.87960000,0.87470000,0.87720000,5876382.30000000
1759791600000,0.87730000,0.87850000,0.86670000,0.87150000,7356991.20000000
1759795200000,0.87160000,0.87650000,0.87080000,0.87610000,4108164.80000000
1759798800000,0.87610000,0.87800000,0.86930000,0.87240000,2948648.20000000
1759802400000,0.87230000,0.87380000,0.86770000,0.87040000,3348017.90000000
1759806000000,0.87040000,0.87270000,0.86690000,0.86820000,2645471.70000000
1759809600000,0.86810000,0.87470000,0.86190000,0.87140000,4729307.30000000
1759813200000,0.87150000,0.87450000,0.86860000,0.87230000,2879805.80000000
1759816800000,0.87230000,0.87380000,0.85720000,0.85750000,6581764.70000000
1759820400000,0.85750000,0.86030000,0.85410000,0.85700000,4250436.50000000
1759824000000,0.85700000,0.85770000,0.84800000,0.85560000,7030302.80000000
1759827600000,0.85570000,0.85810000,0.85420000,0.85540000,3174547.40000000
1759831200000,0.85540000,0.85990000,0.85340000,0.85810000,2812693.50000000
1759834800000,0.85810000,0.86120000,0.85560000,0.85960000,3605505.10000000
1759838400000,0.85950000,0.87220000,0.85670000,0.87020000,8106370.20000000
1759842000000,0.87030000,0.87130000,0.84970000,0.85720000,13113596.90000000
1759845600000,0.85720000,0.85800000,0.83880000,0.83920000,14710336.40000000
1759849200000,0.83930000,0.84200000,0.82810000,0.83310000,23538209.40000000
1759852800000,0.83320000,0.84070000,0.82630000,0.83540000,14116361.40000000
1759856400000,0.83530000,0.83720000,0.82850000,0.82870000,5141138.60000000
1759860000000,0.82870000,0.83060000,0.82410000,0.82450000,7748028.40000000
1759863600000,0.82440000,0.82960000,0.82320000,0.82540000,9235288.40000000
1759867200000,0.82550000,0.83500000,0.82480000,0.82910000,5710733.30000000
1759870800000,0.82910000,0.83140000,0.82380000,0.82540000,5682098.00000000
1759874400000,0.82540000,0.82800000,0.82170000,0.82390000,7943180.00000000
1759878000000,0.82390000,0.82440000,0.81700000,0.81980000,7625493.50000000
1759881600000,0.81990000,0.82800000,0.81850000,0.82550000,5637090.30000000
1759885200000,0.82540000,0.82870000,0.82360000,0.82770000,3189748.60000000
1759888800000,0.82760000,0.82970000,0.82410000,0.82470000,3123589.10000000
1759892400000,0.82460000,0.82460000,0.80950000,0.81280000,10957166.00000000
1759896000000,0.81290000,0.81830000,0.80790000,0.81790000,6046302.80000000
1759899600000,0.81800000,0.81810000,0.81050000,0.81410000,3100192.40000000
1759903200000,0.81400000,0.81630000,0.81100000,0.81530000,2941576.20000000
1759906800000,0.81530000,0.81740000,0.81280000,0.81740000,2890453.10000000
1759910400000,0.81730000,0.82400000,0.81620000,0.82020000,5189457.20000000
1759914000000,0.82010000,0.82210000,0.81670000,0.81910000,3984786.70000000
1759917600000,0.81920000,0.82540000,0.81870000,0.82480000,2673026.30000000
1759921200000,0.82490000,0.82730000,0.82040000,0.82150000,3168505.00000000
1759924800000,0.82150000,0.82430000,0.81960000,0.82310000,3273968.50000000
1759928400000,0.82310000,0.82430000,0.81270000,0.82090000,7953018.30000000
1759932000000,0.82090000,0.83000000,0.81550000,0.81730000,7171049.10000000
1759935600000,0.81720000,0.82320000,0.81650000,0.81830000,2933551.20000000
1759939200000,0.81830000,0.82780000,0.81700000,0.82750000,3950906.50000000
1759942800000,0.82750000,0.85150000,0.82710000,0.84290000,13751044.10000000
1759946400000,0.84300000,0.84500000,0.83670000,0.84090000,5441373.20000000
1759950000000,0.84080000,0.84140000,0.83570000,0.83960000,3418929.30000000
1759953600000,0.83960000,0.84280000,0.83440000,0.83490000,2933818.80000000
1759957200000,0.83480000,0.84050000,0.83460000,0.83830000,1456109.20000000
1759960800000,0.83820000,0.84150000,0.83790000,0.83800000,2101884.40000000
1759964400000,0.83790000,0.84080000,0.83600000,0.83870000,2328951.50000000
1759968000000,0.83870000,0.83960000,0.83370000,0.83520000,2664071.30000000
1759971600000,0.83520000,0.83540000,0.82520000,0.82680000,5078371.60000000
1759975200000,0.82680000,0.82760000,0.81290000,0.81490000,7211043.40000000
1759978800000,0.81480000,0.82300000,0.81480000,0.82130000,3721450.50000000
1759982400000,0.82130000,0.82550000,0.81960000,0.82510000,3830183.20000000
1759986000000,0.82520000,0.82590000,0.81970000,0.82130000,2705927.90000000
1759989600000,0.82130000,0.82130000,0.81630000,0.81720000,2531775.90000000
1759993200000,0.81720000,0.81890000,0.81370000,0.81480000,3182011.00000000
1759996800000,0.81470000,0.81520000,0.80220000,0.80270000,14275111.70000000
1760000400000,0.80280000,0.80890000,0.80250000,0.80750000,6520832.00000000
1760004000000,0.80750000,0.81170000,0.80460000,0.80830000,5768990.00000000
1760007600000,0.80830000,0.81530000,0.80820000,0.81270000,4465781.10000000
1760011200000,0.81260000,0.82130000,0.81210000,0.81910000,4338417.50000000
1760014800000,0.81910000,0.82000000,0.80650000,0.80770000,6976733.10000000
1760018400000,0.80770000,0.81270000,0.79790000,0.80600000,15709747.90000000
1760022000000,0.80610000,0.81010000,0.80000000,0.80410000,7118097.70000000
1760025600000,0.80400000,0.80630000,0.79390000,0.79660000,8924457.80000000
1760029200000,0.79660000,0.80940000,0.79530000,0.80870000,5806940.70000000
1760032800000,0.80870000,0.80940000,0.80400000,0.80450000,3769932.90000000
1760036400000,0.80450000,0.81030000,0.80420000,0.80920000,2451589.20000000
1760040000000,0.80920000,0.81180000,0.80680000,0.80880000,1635397.20000000
1760043600000,0.80890000,0.81280000,0.80730000,0.81210000,2766584.50000000
1760047200000,0.81220000,0.81900000,0.81110000,0.81770000,2644155.80000000
1760050800000,0.81780000,0.81800000,0.81300000,0.81520000,1526447.60000000
1760054400000,0.81520000,0.81750000,0.81360000,0.81530000,3156048.70000000
1760058000000,0.81530000,0.81720000,0.81390000,0.81530000,1745678.90000000
1760061600000,0.81530000,0.81730000,0.81220000,0.81310000,2893370.60000000
1760065200000,0.81320000,0.82190000,0.80890000,0.81580000,4662054.80000000
1760068800000,0.81570000,0.82010000,0.81480000,0.81630000,2319369.90000000
1760072400000,0.81630000,0.82220000,0.81250000,0.82160000,2360759.20000000
1760076000000,0.82170000,0.82230000,0.81410000,0.81550000,2133592.70000000
1760079600000,0.81540000,0.81580000,0.81010000,0.81050000,3953241.90000000
1760083200000,0.81060000,0.81800000,0.80840000,0.81720000,2858259.60000000
1760086800000,0.81710000,0.81940000,0.81200000,0.81230000,2123496.60000000
1760090400000,0.81220000,0.81760000,0.81180000,0.81720000,1865682.00000000
1760094000000,0.81720000,0.81870000,0.81480000,0.81750000,1669901.60000000
1760097600000,0.81750000,0.81970000,0.81530000,0.81860000,2334915.70000000
1760101200000,0.81860000,0.82420000,0.81490000,0.81860000,7600194.40000000
1760104800000,0.81860000,0.82230000,0.80370000,0.80630000,13266683.50000000
1760108400000,0.80640000,0.80730000,0.77680000,0.78320000,45107132.30000000
1760112000000,0.78320000,0.78970000,0.77970000,0.78060000,15139560.90000000
1760115600000,0.78060000,0.78390000,0.77550000,0.77810000,9942191.60000000
1760119200000,0.77820000,0.78100000,0.77400000,0.77420000,7590464.60000000
1760122800000,0.77420000,0.77590000,0.75920000,0.76740000,23192637.50000000
1760126400000,0.76740000,0.77510000,0.70260000,0.71780000,59853977.50000000
1760130000000,0.71770000,0.72790000,0.27370000,0.61990000,240329057.30000000
1760133600000,0.61960000,0.62480000,0.55030000,0.61950000,211211994.40000000
1760137200000,0.61950000,0.66440000,0.60660000,0.63530000,119890882.70000000
1760140800000,0.63530000,0.65720000,0.61950000,0.64440000,67274039.80000000
1760144400000,0.64430000,0.65000000,0.62680000,0.63170000,26316552.80000000
1760148000000,0.63180000,0.67360000,0.63100000,0.66560000,32075577.00000000
1760151600000,0.66560000,0.66730000,0.63660000,0.64740000,28305885.30000000
1760155200000,0.64750000,0.65850000,0.64530000,0.65800000,23367056.90000000
1760158800000,0.65800000,0.65960000,0.64120000,0.64710000,18332572.80000000
1760162400000,0.64710000,0.65900000,0.64530000,0.64850000,17176545.10000000
1760166000000,0.64850000,0.65530000,0.64600000,0.65230000,18091953.90000000
1760169600000,0.65230000,0.67370000,0.64850000,0.67240000,21224217.50000000
1760173200000,0.67240000,0.68320000,0.66510000,0.66680000,14817353.70000000
1760176800000,0.66680000,0.67490000,0.66400000,0.66810000,10815016.10000000
1760180400000,0.66810000,0.66860000,0.65880000,0.66620000,14155893.50000000
1760184000000,0.66620000,0.66650000,0.64860000,0.65300000,11086170.80000000
1760187600000,0.65300000,0.65490000,0.64010000,0.65310000,14753064.20000000
1760191200000,0.65310000,0.65560000,0.64640000,0.65190000,6787156.20000000
1760194800000,0.65180000,0.65880000,0.65080000,0.65480000,6661161.50000000
1760198400000,0.65470000,0.65810000,0.64710000,0.65130000,7251314.30000000
1760202000000,0.65130000,0.65860000,0.65130000,0.65670000,9067191.20000000
1760205600000,0.65680000,0.65680000,0.65090000,0.65120000,5515394.70000000
1760209200000,0.65130000,0.65140000,0.62400000,0.63150000,16634403.30000000
1760212800000,0.63140000,0.63340000,0.61700000,0.62110000,15181091.60000000
1760216400000,0.62120000,0.63300000,0.60920000,0.63080000,22739880.00000000
1760220000000,0.63080000,0.63490000,0.62730000,0.63210000,7998129.30000000
1760223600000,0.63200000,0.63350000,0.62940000,0.63160000,4106591.20000000
1760227200000,0.63160000,0.63420000,0.62090000,0.62200000,6621239.90000000
1760230800000,0.62210000,0.63110000,0.62070000,0.62180000,4825607.20000000
1760234400000,0.62170000,0.62960000,0.61760000,0.62310000,6562695.70000000
1760238000000,0.62310000,0.63780000,0.62220000,0.63330000,7654682.50000000
1760241600000,0.63340000,0.64610000,0.63240000,0.64320000,4860796.60000000
1760245200000,0.64310000,0.64890000,0.64050000,0.64690000,5438242.50000000
1760248800000,0.64690000,0.65120000,0.64580000,0.64990000,4310394.30000000
1760252400000,0.65000000,0.65090000,0.64620000,0.64690000,3229068.00000000
1760256000000,0.64680000,0.65050000,0.64360000,0.64370000,3069228.60000000
1760259600000,0.64360000,0.64780000,0.63820000,0.64720000,4492268.20000000
1760263200000,0.64720000,0.65120000,0.64210000,0.64320000,3086151.40000000
1760266800000,0.64310000,0.64860000,0.64250000,0.64380000,3184116.60000000
1760270400000,0.64380000,0.65070000,0.64360000,0.64810000,4335602.40000000
1760274000000,0.64820000,0.65010000,0.63700000,0.63950000,5931512.70000000
1760277600000,0.63960000,0.67270000,0.63910000,0.66080000,30191508.50000000
1760281200000,0.66070000,0.68420000,0.66040000,0.68030000,33284629.60000000
1760284800000,0.68040000,0.69670000,0.67850000,0.68770000,24943559.60000000
1760288400000,0.68770000,0.69500000,0.68530000,0.69140000,10391141.80000000
1760292000000,0.69140000,0.69580000,0.68410000,0.68840000,5719271.70000000
1760295600000,0.68830000,0.69950000,0.68780000,0.69880000,5333076.10000000
1760299200000,0.69880000,0.70950000,0.69720000,0.70040000,10133833.30000000
1760302800000,0.70040000,0.70600000,0.68630000,0.69650000,10022094.30000000
1760306400000,0.69660000,0.70260000,0.69390000,0.69950000,7492478.60000000
1760310000000,0.69950000,0.70170000,0.69210000,0.70000000,5693548.90000000
1760313600000,0.70010000,0.70830000,0.69490000,0.69970000,10344310.50000000
1760317200000,0.69960000,0.70740000,0.69560000,0.70720000,7526887.30000000
1760320800000,0.70720000,0.71140000,0.70150000,0.71070000,10338268.20000000
1760324400000,0.71070000,0.71630000,0.70240000,0.70380000,8071074.00000000
1760328000000,0.70380000,0.70940000,0.70000000,0.70740000,7969776.90000000
1760331600000,0.70740000,0.70860000,0.70050000,0.70100000,5397988.90000000
1760335200000,0.70100000,0.71530000,0.69690000,0.71360000,11053746.50000000
1760338800000,0.71360000,0.72550000,0.71270000,0.71710000,13749804.00000000
1760342400000,0.71720000,0.72990000,0.71490000,0.72640000,10925559.90000000
1760346000000,0.72640000,0.72670000,0.71700000,0.72330000,6806028.90000000
1760349600000,0.72330000,0.72400000,0.71360000,0.71740000,5192547.40000000
1760353200000,0.71740000,0.71750000,0.69170000,0.70650000,29143640.60000000
1760356800000,0.70640000,0.71810000,0.70150000,0.70880000,10346684.50000000
1760360400000,0.70870000,0.72730000,0.70390000,0.72340000,32234947.00000000
1760364000000,0.72330000,0.72550000,0.70290000,0.70540000,13279066.50000000
1760367600000,0.70540000,0.71960000,0.70530000,0.71580000,7092798.80000000
1760371200000,0.71580000,0.72000000,0.70820000,0.71600000,8235391.40000000
1760374800000,0.71610000,0.72670000,0.71340000,0.72540000,10527012.60000000
1760378400000,0.72530000,0.72730000,0.71820000,0.72180000,9010998.10000000
1760382000000,0.72170000,0.72840000,0.72030000,0.72450000,6685330.20000000
1760385600000,0.72440000,0.73540000,0.72300000,0.73340000,7106721.00000000
1760389200000,0.73340000,0.73600000,0.72860000,0.73100000,4910946.40000000
1760392800000,0.73110000,0.73450000,0.73040000,0.73230000,3795519.60000000
1760396400000,0.73220000,0.73400000,0.72690000,0.72840000,3715689.60000000
1760400000000,0.72840000,0.73340000,0.72380000,0.72750000,4979210.30000000
1760403600000,0.72750000,0.72790000,0.72070000,0.72210000,4923803.70000000
1760407200000,0.72200000,0.72210000,0.71410000,0.71710000,8116437.60000000
1760410800000,0.71710000,0.71800000,0.71050000,0.71580000,8664559.30000000
1760414400000,0.71580000,0.71840000,0.70070000,0.70390000,8805353.70000000
1760418000000,0.70400000,0.71060000,0.69190000,0.69670000,11407551.70000000
1760421600000,0.69670000,0.70020000,0.66920000,0.68160000,35658496.60000000
1760425200000,0.68160000,0.68790000,0.67470000,0.67780000,18444979.60000000
1760428800000,0.67770000,0.68670000,0.67370000,0.68160000,10176787.00000000
1760432400000,0.68150000,0.68650000,0.67580000,0.67890000,9743043.50000000
1760436000000,0.67890000,0.67890000,0.66260000,0.67260000,15253170.60000000
1760439600000,0.67270000,0.68130000,0.67190000,0.67700000,9027468.00000000
1760443200000,0.67710000,0.67740000,0.66660000,0.66860000,11950679.30000000
1760446800000,0.66860000,0.67920000,0.66190000,0.67500000,17302980.60000000
1760450400000,0.67490000,0.68660000,0.67160000,0.67950000,20775523.20000000
1760454000000,0.67960000,0.69710000,0.67530000,0.69600000,17253550.70000000
1760457600000,0.69610000,0.70900000,0.69160000,0.69620000,16975765.30000000
1760461200000,0.69620000,0.70400000,0.68610000,0.69870000,12208254.00000000
1760464800000,0.69870000,0.70620000,0.69810000,0.70190000,7065879.50000000
1760468400000,0.70190000,0.70660000,0.68800000,0.69430000,15947402.20000000
1760472000000,0.69430000,0.69830000,0.69010000,0.69490000,8358272.80000000
1760475600000,0.69490000,0.69670000,0.69000000,0.69580000,3761882.70000000
1760479200000,0.69590000,0.70060000,0.69380000,0.69590000,4817316.30000000
1760482800000,0.69580000,0.70190000,0.69560000,0.69890000,9413259.40000000
1760486400000,0.69880000,0.69940000,0.69150000,0.69780000,5492051.50000000
1760490000000,0.69780000,0.69900000,0.69070000,0.69610000,4641657.80000000
1760493600000,0.69610000,0.70420000,0.69510000,0.69790000,5081876.10000000
1760497200000,0.69790000,0.69890000,0.68730000,0.69090000,5596853.60000000
1760500800000,0.69100000,0.69740000,0.68810000,0.69620000,4314635.10000000
1760504400000,0.69630000,0.70070000,0.69550000,0.69890000,3914561.30000000
1760508000000,0.69900000,0.70370000,0.69310000,0.70290000,5523691.20000000
1760511600000,0.70300000,0.70380000,0.69860000,0.70240000,3341816.60000000
1760515200000,0.70230000,0.71600000,0.70160000,0.70520000,14015485.80000000
1760518800000,0.70530000,0.70530000,0.69600000,0.70000000,9480469.80000000
1760522400000,0.70000000,0.70030000,0.69250000,0.69430000,6543725.10000000
1760526000000,0.69420000,0.69620000,0.68660000,0.69060000,4886879.80000000
1760529600000,0.69060000,0.69380000,0.68460000,0.68990000,5535335.40000000
1760533200000,0.68990000,0.69290000,0.67420000,0.68690000,15060749.30000000
1760536800000,0.68690000,0.69400000,0.67600000,0.67980000,8006627.10000000
1760540400000,0.67980000,0.68310000,0.66880000,0.67260000,10532882.90000000
1760544000000,0.67270000,0.67600000,0.66900000,0.67150000,8895306.40000000
1760547600000,0.67150000,0.67380000,0.66380000,0.67370000,8405091.90000000
1760551200000,0.67360000,0.67680000,0.67020000,0.67600000,3500457.10000000
1760554800000,0.67600000,0.67610000,0.66680000,0.66950000,3841621.70000000
1760558400000,0.66960000,0.67300000,0.65750000,0.66470000,11447062.10000000
1760562000000,0.66470000,0.66880000,0.65780000,0.66260000,6880319.50000000
1760565600000,0.66270000,0.66840000,0.66160000,0.66420000,2316701.40000000
1760569200000,0.66420000,0.67020000,0.66370000,0.66840000,2819923.00000000
1760572800000,0.66850000,0.67090000,0.66590000,0.66670000,4881889.10000000
1760576400000,0.66670000,0.67320000,0.66640000,0.67250000,4101335.80000000
1760580000000,0.67250000,0.67580000,0.66920000,0.67340000,3476506.70000000
1760583600000,0.67340000,0.67490000,0.66970000,0.67020000,2398301.60000000
1760587200000,0.67030000,0.67450000,0.66690000,0.66880000,3018387.60000000
1760590800000,0.66880000,0.67320000,0.66460000,0.66800000,4258296.80000000
1760594400000,0.66800000,0.67650000,0.66720000,0.67580000,5469384.40000000
1760598000000,0.67580000,0.67630000,0.66820000,0.67070000,3718240.70000000
1760601600000,0.67070000,0.67240000,0.66610000,0.66840000,2911940.80000000
1760605200000,0.66840000,0.67800000,0.65200000,0.67310000,21355949.60000000
1760608800000,0.67310000,0.68160000,0.67280000,0.67860000,7130832.50000000
1760612400000,0.67860000,0.68150000,0.67380000,0.68020000,3762507.60000000
1760616000000,0.68020000,0.68470000,0.67770000,0.67970000,5140623.60000000
1760619600000,0.67970000,0.68080000,0.67110000,0.67290000,6020633.10000000
1760623200000,0.67290000,0.67730000,0.66230000,0.66900000,13007663.00000000
1760626800000,0.66910000,0.67100000,0.64860000,0.65210000,19773538.60000000
1760630400000,0.65210000,0.66460000,0.64610000,0.66430000,23903381.50000000
1760634000000,0.66430000,0.66430000,0.65300000,0.65490000,21856539.50000000
1760637600000,0.65490000,0.65530000,0.64630000,0.65290000,9206332.80000000
1760641200000,0.65290000,0.65380000,0.63870000,0.64340000,11524589.90000000
1760644800000,0.64340000,0.64620000,0.63320000,0.63770000,8955665.60000000
1760648400000,0.63760000,0.64540000,0.63560000,0.64510000,6044053.70000000
1760652000000,0.64510000,0.64600000,0.63840000,0.63840000,4845563.70000000
1760655600000,0.63830000,0.64620000,0.63780000,0.64530000,3290397.80000000
1760659200000,0.64520000,0.65020000,0.64360000,0.65020000,4155901.10000000
1760662800000,0.65030000,0.65600000,0.64600000,0.64870000,5015100.80000000
1760666400000,0.64870000,0.65140000,0.64410000,0.64940000,4555944.50000000
1760670000000,0.64940000,0.65250000,0.64920000,0.65200000,3145399.20000000
1760673600000,0.65200000,0.65230000,0.64590000,0.64680000,2591505.50000000
1760677200000,0.64680000,0.64820000,0.64120000,0.64250000,6878444.00000000
1760680800000,0.64260000,0.64440000,0.62110000,0.62380000,20526634.30000000
1760684400000,0.62370000,0.62470000,0.60710000,0.60920000,31594721.20000000
1760688000000,0.60910000,0.61210000,0.59750000,0.59770000,33717038.10000000
1760691600000,0.59780000,0.61440000,0.59600000,0.60320000,12941895.60000000
1760695200000,0.60320000,0.60670000,0.59230000,0.60400000,21598306.70000000
1760698800000,0.60410000,0.62200000,0.60360000,0.61710000,18821692.60000000
1760702400000,0.61700000,0.62200000,0.61610000,0.61720000,9197586.10000000
1760706000000,0.61720000,0.62560000,0.61080000,0.62200000,16990024.60000000
1760709600000,0.62200000,0.62370000,0.60630000,0.61420000,16937040.80000000
1760713200000,0.61420000,0.62570000,0.61280000,0.62550000,14260780.00000000
1760716800000,0.62560000,0.63410000,0.62300000,0.62520000,18137527.70000000
1760720400000,0.62520000,0.62830000,0.62010000,0.62590000,6628398.80000000
1760724000000,0.62590000,0.63010000,0.62490000,0.62610000,4098598.00000000
1760727600000,0.62620000,0.62850000,0.62050000,0.62400000,3025751.40000000
1760731200000,0.62410000,0.63070000,0.62250000,0.62920000,3089782.10000000
1760734800000,0.62920000,0.63510000,0.62910000,0.63270000,5266961.70000000
1760738400000,0.63270000,0.63400000,0.62710000,0.62910000,2664843.90000000
1760742000000,0.62910000,0.62920000,0.62390000,0.62450000,2939755.00000000
1760745600000,0.62460000,0.62920000,0.62300000,0.62780000,3484526.80000000
1760749200000,0.62790000,0.63540000,0.62770000,0.63510000,3010629.70000000
1760752800000,0.63500000,0.63680000,0.62830000,0.62940000,3663517.70000000
1760756400000,0.62940000,0.63370000,0.62940000,0.63220000,1577884.00000000
1760760000000,0.63210000,0.63230000,0.62510000,0.62540000,2393177.50000000
1760763600000,0.62530000,0.63000000,0.62470000,0.62920000,3304466.80000000
1760767200000,0.62920000,0.63200000,0.62660000,0.62950000,2229344.90000000
1760770800000,0.62940000,0.63910000,0.62930000,0.63190000,7063265.00000000
1760774400000,0.63190000,0.63440000,0.63080000,0.63110000,2808099.60000000
1760778000000,0.63110000,0.63680000,0.63010000,0.63590000,2417473.80000000
1760781600000,0.63590000,0.63790000,0.63330000,0.63490000,4029255.00000000
1760785200000,0.63480000,0.63830000,0.63450000,0.63820000,1821056.00000000
1760788800000,0.63820000,0.64090000,0.63540000,0.63600000,2317400.90000000
1760792400000,0.63610000,0.63620000,0.62930000,0.63100000,2578951.10000000
1760796000000,0.63100000,0.63440000,0.62690000,0.63260000,2650509.80000000
1760799600000,0.63260000,0.63400000,0.62890000,0.63210000,1407258.00000000
1760803200000,0.63200000,0.63320000,0.62600000,0.62980000,2670001.60000000
1760806800000,0.62970000,0.63730000,0.62780000,0.63670000,2696582.40000000
1760810400000,0.63670000,0.63770000,0.63430000,0.63520000,995069.80000000
1760814000000,0.63520000,0.63690000,0.63420000,0.63670000,1195067.50000000
1760817600000,0.63670000,0.63920000,0.63440000,0.63440000,1433338.90000000
1760821200000,0.63430000,0.63570000,0.63170000,0.63490000,1606274.80000000
1760824800000,0.63490000,0.63600000,0.63260000,0.63370000,1021543.50000000
1760828400000,0.63360000,0.63460000,0.63220000,0.63430000,1009806.80000000
1760832000000,0.63420000,0.63500000,0.62850000,0.63060000,2391124.20000000
1760835600000,0.63050000,0.63170000,0.62780000,0.63110000,1706341.00000000
1760839200000,0.63110000,0.63180000,0.62850000,0.62950000,1426887.20000000
1760842800000,0.62950000,0.63650000,0.62840000,0.63510000,2610794.30000000
1760846400000,0.63510000,0.63570000,0.63180000,0.63320000,1555203.70000000
1760850000000,0.63330000,0.63580000,0.63110000,0.63190000,1458801.70000000
1760853600000,0.63180000,0.63270000,0.62670000,0.62900000,1633633.60000000
1760857200000,0.62900000,0.63070000,0.62800000,0.63030000,975335.30000000
1760860800000,0.63020000,0.63770000,0.62540000,0.62650000,9758015.50000000
1760864400000,0.62640000,0.64060000,0.62250000,0.63540000,14305620.40000000
1760868000000,0.63550000,0.64620000,0.63320000,0.64460000,8917462.80000000
1760871600000,0.64450000,0.65000000,0.64110000,0.64270000,6262513.00000000
1760875200000,0.64270000,0.64380000,0.63820000,0.64150000,3295048.60000000
1760878800000,0.64150000,0.65550000,0.64030000,0.65400000,6711451.40000000
1760882400000,0.65400000,0.65800000,0.64910000,0.65780000,9006807.40000000
1760886000000,0.65770000,0.66150000,0.65440000,0.66030000,5651730.50000000
1760889600000,0.66030000,0.66220000,0.65510000,0.65860000,7224150.90000000
1760893200000,0.65870000,0.66520000,0.65680000,0.65750000,7280462.00000000
1760896800000,0.65760000,0.66180000,0.65750000,0.66120000,2451685.00000000
1760900400000,0.66120000,0.66130000,0.65690000,0.65930000,2544687.60000000
1760904000000,0.65940000,0.66210000,0.65770000,0.66150000,3351564.80000000
1760907600000,0.66160000,0.66200000,0.65590000,0.65730000,2192456.80000000
1760911200000,0.65740000,0.66080000,0.65720000,0.65860000,2775399.00000000
1760914800000,0.65860000,0.65860000,0.65080000,0.65280000,4133260.30000000
1760918400000,0.65270000,0.65320000,0.63910000,0.64640000,11773837.20000000
1760922000000,0.64640000,0.64910000,0.64450000,0.64570000,3489219.60000000
1760925600000,0.64560000,0.65080000,0.64140000,0.64880000,3939365.30000000
1760929200000,0.64880000,0.66510000,0.64640000,0.66270000,7319313.30000000
1760932800000,0.66280000,0.66620000,0.66060000,0.66510000,5953925.40000000
1760936400000,0.66520000,0.66940000,0.66220000,0.66790000,4528350.20000000
1760940000000,0.66800000,0.67600000,0.66730000,0.67340000,8848038.70000000
1760943600000,0.67330000,0.67370000,0.66690000,0.66990000,6031805.10000000
1760947200000,0.66980000,0.67340000,0.66540000,0.66980000,13502327.90000000
1760950800000,0.66970000,0.67280000,0.66830000,0.67180000,4093697.00000000
1760954400000,0.67180000,0.67440000,0.66770000,0.66980000,5682897.90000000
1760958000000,0.66970000,0.67000000,0.66210000,0.66650000,14619850.60000000
1760961600000,0.66640000,0.66940000,0.66510000,0.66610000,5456343.30000000
1760965200000,0.66610000,0.66910000,0.66350000,0.66810000,5063348.90000000
1760968800000,0.66810000,0.66970000,0.66290000,0.66870000,5630982.70000000
1760972400000,0.66870000,0.67140000,0.66410000,0.66430000,4931099.00000000
1760976000000,0.66420000,0.66490000,0.65370000,0.65970000,14198786.40000000
1760979600000,0.65970000,0.66380000,0.65570000,0.65970000,5196488.80000000
1760983200000,0.65980000,0.66450000,0.65850000,0.66420000,2432039.20000000
1760986800000,0.66410000,0.67060000,0.66150000,0.66740000,4167552.30000000
1760990400000,0.66740000,0.66880000,0.66420000,0.66850000,2942927.10000000
1760994000000,0.66850000,0.67070000,0.66310000,0.66450000,2465370.70000000
1760997600000,0.66460000,0.66720000,0.66280000,0.66630000,1161548.20000000
1761001200000,0.66630000,0.66640000,0.66200000,0.66250000,1306007.90000000
1761004800000,0.66260000,0.66350000,0.66030000,0.66180000,1973550.70000000
1761008400000,0.66180000,0.66290000,0.65660000,0.65930000,3848239.90000000
1761012000000,0.65930000,0.65960000,0.65260000,0.65290000,3742119.20000000
1761015600000,0.65300000,0.65470000,0.64910000,0.65080000,3597280.90000000
1761019200000,0.65080000,0.65100000,0.63820000,0.63990000,10288173.90000000
1761022800000,0.64000000,0.64310000,0.63830000,0.64100000,5767434.60000000
1761026400000,0.64110000,0.64500000,0.63980000,0.64370000,3609483.80000000
1761030000000,0.64360000,0.64460000,0.63980000,0.64380000,2856616.00000000
1761033600000,0.64370000,0.64370000,0.63690000,0.64050000,4504438.40000000
1761037200000,0.64060000,0.64240000,0.63890000,0.64120000,2345130.60000000
1761040800000,0.64120000,0.64880000,0.64020000,0.64590000,4338293.60000000
1761044400000,0.64580000,0.64640000,0.64280000,0.64570000,2466900.10000000
1761048000000,0.64570000,0.65350000,0.64430000,0.64820000,4773776.70000000
1761051600000,0.64830000,0.65110000,0.64380000,0.64600000,6441544.90000000
1761055200000,0.64610000,0.67540000,0.64610000,0.67430000,16348072.80000000
1761058800000,0.67440000,0.68550000,0.67020000,0.68040000,16508336.70000000
1761062400000,0.68040000,0.68400000,0.66820000,0.67020000,13563930.40000000
1761066000000,0.67030000,0.67490000,0.66440000,0.66930000,13155320.10000000
1761069600000,0.66940000,0.67220000,0.66450000,0.66910000,4993695.30000000
1761073200000,0.66900000,0.67160000,0.66750000,0.66880000,1830711.00000000
1761076800000,0.66890000,0.67000000,0.65920000,0.66060000,6209932.30000000
1761080400000,0.66060000,0.66450000,0.65300000,0.66080000,6768499.50000000
1761084000000,0.66070000,0.66120000,0.64700000,0.64950000,9427010.10000000
1761087600000,0.64950000,0.65140000,0.64030000,0.64280000,4787447.80000000
1761091200000,0.64280000,0.64680000,0.63790000,0.64100000,6633134.60000000
1761094800000,0.64110000,0.64550000,0.63930000,0.64280000,4752723.40000000
1761098400000,0.64280000,0.64480000,0.64140000,0.64210000,2129302.70000000
1761102000000,0.64220000,0.64220000,0.63760000,0.64170000,2458757.00000000
1761105600000,0.64170000,0.64480000,0.64120000,0.64400000,2189644.20000000
1761109200000,0.64410000,0.64410000,0.63260000,0.63640000,6458478.50000000
1761112800000,0.63630000,0.63780000,0.63470000,0.63510000,3694990.10000000
1761116400000,0.63510000,0.63840000,0.63240000,0.63750000,4010558.00000000
1761120000000,0.63740000,0.63740000,0.63410000,0.63540000,1716552.40000000
1761123600000,0.63540000,0.63630000,0.62850000,0.63100000,3741970.90000000
1761127200000,0.63110000,0.63360000,0.62950000,0.63000000,2452773.20000000
1761130800000,0.63010000,0.63880000,0.62310000,0.63590000,13433393.90000000
1761134400000,0.63590000,0.64080000,0.63410000,0.63730000,4189514.20000000
1761138000000,0.63740000,0.64350000,0.63460000,0.64240000,10539612.30000000
1761141600000,0.64240000,0.64240000,0.62790000,0.63970000,16354865.80000000
1761145200000,0.63980000,0.64200000,0.62970000,0.63550000,7776330.80000000
1761148800000,0.63560000,0.63790000,0.62900000,0.63310000,10987093.80000000
1761152400000,0.63300000,0.63490000,0.62650000,0.62850000,3619541.90000000
1761156000000,0.62850000,0.63100000,0.62510000,0.62730000,4472728.00000000
1761159600000,0.62740000,0.63320000,0.62210000,0.62750000,6900292.30000000
1761163200000,0.62760000,0.62920000,0.62120000,0.62260000,4492299.50000000
1761166800000,0.62250000,0.62290000,0.60610000,0.61600000,19846901.70000000
1761170400000,0.61590000,0.62040000,0.61400000,0.61570000,7095021.50000000
1761174000000,0.61560000,0.62470000,0.61530000,0.62380000,5667151.80000000
1761177600000,0.62380000,0.62800000,0.62270000,0.62620000,3118175.10000000
1761181200000,0.62620000,0.62930000,0.62510000,0.62660000,4650052.60000000
1761184800000,0.62670000,0.62850000,0.62620000,0.62700000,1358205.50000000
1761188400000,0.62700000,0.63000000,0.62590000,0.62720000,3187421.70000000
1761192000000,0.62720000,0.63160000,0.62630000,0.62940000,2590955.30000000
1761195600000,0.62950000,0.63290000,0.62910000,0.63260000,1796693.50000000
1761199200000,0.63260000,0.64280000,0.63180000,0.64280000,5575483.50000000
1761202800000,0.64270000,0.64290000,0.63650000,0.63940000,3868632.80000000
1761206400000,0.63950000,0.64330000,0.63930000,0.64030000,2861989.30000000
1761210000000,0.64040000,0.64080000,0.63840000,0.64040000,2303430.00000000
1761213600000,0.64040000,0.64240000,0.63920000,0.63990000,2977828.10000000
1761217200000,0.63980000,0.64010000,0.63490000,0.63600000,3374794.10000000
1761220800000,0.63600000,0.63970000,0.63100000,0.63960000,5595261.90000000
1761224400000,0.63950000,0.64450000,0.63610000,0.64040000,5714678.40000000
1761228000000,0.64050000,0.64190000,0.63450000,0.63960000,5345088.60000000
1761231600000,0.63970000,0.64610000,0.63830000,0.64260000,5806506.00000000
1761235200000,0.64270000,0.64970000,0.64130000,0.64810000,4476780.30000000
1761238800000,0.64820000,0.65400000,0.64280000,0.65240000,8238456.10000000
1761242400000,0.65240000,0.65320000,0.64450000,0.64560000,5381694.60000000
1761246000000,0.64570000,0.64710000,0.64260000,0.64530000,2167716.80000000
1761249600000,0.64520000,0.64540000,0.63660000,0.63930000,5024628.30000000
1761253200000,0.63920000,0.64140000,0.63810000,0.63910000,3015005.90000000
1761256800000,0.63910000,0.64200000,0.63880000,0.64090000,3262360.00000000
1761260400000,0.64100000,0.64310000,0.64000000,0.64280000,1857024.80000000
1761264000000,0.64290000,0.64730000,0.64100000,0.64490000,3133774.20000000
1761267600000,0.64480000,0.64540000,0.64140000,0.64410000,1642784.10000000
1761271200000,0.64410000,0.64410000,0.64000000,0.64230000,2064086.70000000
1761274800000,0.64230000,0.64280000,0.63910000,0.64060000,2248347.50000000
1761278400000,0.64050000,0.65280000,0.63870000,0.65120000,7575580.80000000
1761282000000,0.65130000,0.65340000,0.64990000,0.65240000,4966014.80000000
1761285600000,0.65250000,0.65500000,0.65100000,0.65430000,4425767.90000000
1761289200000,0.65440000,0.65490000,0.64690000,0.64950000,4807812.40000000
1761292800000,0.64960000,0.65350000,0.64610000,0.65160000,3123580.90000000
1761296400000,0.65170000,0.65300000,0.64950000,0.65030000,1676702.50000000
1761300000000,0.65030000,0.65050000,0.64710000,0.64760000,1894073.70000000
1761303600000,0.64760000,0.65100000,0.64320000,0.65060000,5134912.50000000
1761307200000,0.65060000,0.66430000,0.65050000,0.65450000,16042774.00000000
1761310800000,0.65450000,0.65620000,0.64730000,0.65380000,7349419.10000000
1761314400000,0.65370000,0.65370000,0.64330000,0.64650000,8247308.20000000
1761318000000,0.64660000,0.65040000,0.64330000,0.64500000,3896268.80000000
1761321600000,0.64510000,0.64780000,0.64250000,0.64640000,2434566.70000000
1761325200000,0.64650000,0.65100000,0.64640000,0.64800000,1721650.30000000
1761328800000,0.64800000,0.65100000,0.64760000,0.65090000,4195171.50000000
1761332400000,0.65100000,0.65580000,0.65100000,0.65480000,3112979.40000000
1761336000000,0.65480000,0.65740000,0.65420000,0.65600000,2001414.10000000
1761339600000,0.65610000,0.65870000,0.65540000,0.65820000,3212382.20000000
1761343200000,0.65830000,0.65890000,0.65630000,0.65750000,1160599.80000000
1761346800000,0.65750000,0.65820000,0.65500000,0.65600000,3299770.40000000
1761350400000,0.65590000,0.65770000,0.65290000,0.65510000,3620151.80000000
1761354000000,0.65520000,0.65950000,0.65470000,0.65740000,3545548.10000000
1761357600000,0.65740000,0.65830000,0.65550000,0.65680000,1896300.30000000
1761361200000,0.65670000,0.65710000,0.65330000,0.65350000,1289110.90000000
1761364800000,0.65340000,0.65820000,0.65340000,0.65680000,2131956.20000000
1761368400000,0.65680000,0.65680000,0.65380000,0.65530000,1001279.00000000
1761372000000,0.65540000,0.65620000,0.65110000,0.65160000,1345031.40000000
1761375600000,0.65160000,0.65620000,0.65110000,0.65170000,2367795.00000000
1761379200000,0.65170000,0.65450000,0.65130000,0.65440000,1004284.70000000
1761382800000,0.65440000,0.65460000,0.64990000,0.65050000,1513819.60000000
1761386400000,0.65050000,0.65150000,0.64800000,0.65060000,1078231.80000000
1761390000000,0.65060000,0.65490000,0.64970000,0.65390000,1038124.50000000
1761393600000,0.65390000,0.65710000,0.65330000,0.65570000,1548331.50000000
1761397200000,0.65580000,0.65590000,0.65100000,0.65280000,3655915.80000000
1761400800000,0.65280000,0.65480000,0.65160000,0.65470000,1444670.00000000
1761404400000,0.65460000,0.65470000,0.65170000,0.65280000,1432883.30000000
1761408000000,0.65290000,0.65370000,0.65170000,0.65340000,1324292.60000000
1761411600000,0.65330000,0.65610000,0.65290000,0.65450000,1060040.80000000
1761415200000,0.65450000,0.65920000,0.65360000,0.65800000,1603658.20000000
1761418800000,0.65800000,0.65820000,0.65670000,0.65760000,1086429.10000000
1761422400000,0.65770000,0.65890000,0.65550000,0.65580000,1732214.90000000
1761426000000,0.65590000,0.65660000,0.65390000,0.65560000,1456444.50000000
1761429600000,0.65560000,0.65720000,0.65360000,0.65620000,1364364.70000000
1761433200000,0.65620000,0.65630000,0.65390000,0.65420000,1075719.30000000
1761436800000,0.65420000,0.65640000,0.65190000,0.65380000,2245106.80000000
1761440400000,0.65390000,0.65430000,0.64970000,0.65130000,2384040.00000000
1761444000000,0.65120000,0.65170000,0.64820000,0.64920000,2180636.60000000
1761447600000,0.64910000,0.64990000,0.64660000,0.64790000,1660914.70000000
1761451200000,0.64790000,0.65110000,0.64760000,0.65070000,852038.20000000
1761454800000,0.65070000,0.65430000,0.64940000,0.65340000,908751.30000000
1761458400000,0.65340000,0.65470000,0.65190000,0.65440000,1087944.90000000
1761462000000,0.65440000,0.65630000,0.65330000,0.65560000,1449490.20000000
1761465600000,0.65550000,0.65840000,0.65550000,0.65730000,2603236.50000000
1761469200000,0.65740000,0.66520000,0.65560000,0.66360000,7611767.00000000
1761472800000,0.66360000,0.66430000,0.65980000,0.66230000,3459125.10000000
1761476400000,0.66230000,0.67340000,0.66000000,0.67340000,7262760.60000000
1761480000000,0.67340000,0.67770000,0.67270000,0.67610000,7071070.70000000
1761483600000,0.67610000,0.68040000,0.67370000,0.67740000,7531090.20000000
1761487200000,0.67740000,0.67780000,0.67320000,0.67510000,4793999.20000000
1761490800000,0.67510000,0.67920000,0.67300000,0.67780000,3138449.80000000
1761494400000,0.67770000,0.67870000,0.67350000,0.67380000,3705633.90000000
1761498000000,0.67370000,0.67590000,0.67250000,0.67420000,1367404.90000000
1761501600000,0.67420000,0.67680000,0.67400000,0.67550000,2123150.40000000
1761505200000,0.67550000,0.67580000,0.67210000,0.67290000,2450487.10000000
1761508800000,0.67290000,0.67300000,0.66810000,0.67030000,2441256.30000000
1761512400000,0.67030000,0.67430000,0.66910000,0.67380000,2540642.80000000
1761516000000,0.67390000,0.68840000,0.67390000,0.68340000,18046344.80000000
1761519600000,0.68350000,0.68560000,0.68060000,0.68120000,3402775.50000000
1761523200000,0.68120000,0.68810000,0.67960000,0.68530000,3617402.20000000
1761526800000,0.68540000,0.69160000,0.68420000,0.69130000,3977538.40000000
1761530400000,0.69120000,0.69380000,0.68700000,0.68840000,3561707.60000000
1761534000000,0.68830000,0.68940000,0.68300000,0.68460000,3647067.00000000
1761537600000,0.68470000,0.68500000,0.68220000,0.68470000,2539636.00000000
1761541200000,0.68470000,0.69120000,0.68400000,0.68510000,3740185.90000000
1761544800000,0.68510000,0.68810000,0.68110000,0.68610000,4225947.20000000
1761548400000,0.68620000,0.68860000,0.67750000,0.68000000,5256977.20000000
1761552000000,0.68000000,0.68370000,0.67580000,0.68260000,9120880.70000000
1761555600000,0.68250000,0.68270000,0.67380000,0.67620000,4329372.50000000
1761559200000,0.67630000,0.67870000,0.67380000,0.67620000,3264695.10000000
1761562800000,0.67620000,0.67890000,0.67170000,0.67770000,2676203.20000000
1761566400000,0.67780000,0.67800000,0.67220000,0.67310000,1866644.30000000
1761570000000,0.67310000,0.67690000,0.66570000,0.67380000,8547209.90000000
1761573600000,0.67390000,0.67490000,0.66670000,0.67010000,4881330.70000000
1761577200000,0.67000000,0.67590000,0.67000000,0.67430000,4235074.70000000
1761580800000,0.67430000,0.68430000,0.67430000,0.68330000,3563208.10000000
1761584400000,0.68330000,0.68500000,0.68070000,0.68250000,3272902.40000000
1761588000000,0.68250000,0.68410000,0.67960000,0.68080000,1799603.00000000
1761591600000,0.68090000,0.68100000,0.67390000,0.67480000,3551779.90000000
1761595200000,0.67480000,0.67480000,0.66870000,0.66910000,5455765.10000000
1761598800000,0.66900000,0.67280000,0.66500000,0.66870000,3517379.10000000
1761602400000,0.66870000,0.67170000,0.66590000,0.66650000,1899551.30000000
1761606000000,0.66660000,0.66880000,0.66340000,0.66700000,2574557.10000000
1761609600000,0.66690000,0.66960000,0.66470000,0.66640000,2497531.90000000
1761613200000,0.66640000,0.67100000,0.66640000,0.67000000,2253222.10000000
1761616800000,0.67000000,0.67220000,0.66120000,0.66560000,4042849.30000000
1761620400000,0.66550000,0.66760000,0.66150000,0.66510000,3496856.00000000
1761624000000,0.66510000,0.66830000,0.66310000,0.66670000,1523701.40000000
1761627600000,0.66670000,0.66770000,0.65730000,0.65820000,7610331.60000000
1761631200000,0.65820000,0.66780000,0.65640000,0.66760000,11853731.50000000
1761634800000,0.66760000,0.67130000,0.66210000,0.66320000,3797286.20000000
1761638400000,0.66330000,0.66750000,0.66190000,0.66540000,2414805.10000000
1761642000000,0.66540000,0.66690000,0.66230000,0.66580000,2380869.40000000
1761645600000,0.66580000,0.66610000,0.66280000,0.66510000,2323673.10000000
1761649200000,0.66510000,0.66670000,0.66180000,0.66250000,4027480.90000000
1761652800000,0.66240000,0.66830000,0.66060000,0.66730000,3959987.70000000
1761656400000,0.66740000,0.67280000,0.66740000,0.67210000,5534270.60000000
1761660000000,0.67210000,0.67550000,0.65190000,0.66510000,10796992.00000000
1761663600000,0.66520000,0.66850000,0.66070000,0.66420000,3389054.30000000
1761667200000,0.66410000,0.67070000,0.66150000,0.66960000,3532837.60000000
1761670800000,0.66970000,0.67160000,0.66680000,0.66990000,1836781.70000000
1761674400000,0.67000000,0.67070000,0.66380000,0.66570000,2249938.80000000
1761678000000,0.66570000,0.66660000,0.65230000,0.65460000,6001535.20000000
1761681600000,0.65460000,0.65480000,0.63960000,0.64340000,17892124.30000000
1761685200000,0.64330000,0.64730000,0.63590000,0.64450000,7658212.90000000
1761688800000,0.64450000,0.64860000,0.64200000,0.64830000,3364154.10000000
1761692400000,0.64840000,0.64850000,0.64370000,0.64590000,2212852.20000000
1761696000000,0.64590000,0.64590000,0.64180000,0.64320000,3398907.20000000
1761699600000,0.64310000,0.64760000,0.64160000,0.64420000,2185260.60000000
1761703200000,0.64420000,0.64490000,0.64320000,0.64430000,2130332.40000000
1761706800000,0.64440000,0.64460000,0.64100000,0.64210000,2071306.20000000
1761710400000,0.64200000,0.64490000,0.64140000,0.64310000,1909966.00000000
1761714000000,0.64300000,0.64700000,0.64240000,0.64510000,3063500.60000000
1761717600000,0.64510000,0.64640000,0.64330000,0.64550000,2503543.70000000
1761721200000,0.64550000,0.64680000,0.64320000,0.64600000,3402137.90000000
1761724800000,0.64610000,0.64640000,0.64090000,0.64160000,3310620.80000000
1761728400000,0.64150000,0.64340000,0.63980000,0.64270000,3649232.40000000
1761732000000,0.64260000,0.65030000,0.64240000,0.64580000,3850390.00000000
1761735600000,0.64590000,0.65100000,0.64480000,0.64990000,2840561.30000000
1761739200000,0.64980000,0.65350000,0.64970000,0.65120000,2164815.10000000
1761742800000,0.65130000,0.65510000,0.64610000,0.64760000,6110807.60000000
1761746400000,0.64750000,0.64830000,0.64240000,0.64570000,5076917.40000000
1761750000000,0.64570000,0.64700000,0.63630000,0.63890000,7249894.80000000
1761753600000,0.63900000,0.64560000,0.63690000,0.64120000,5148248.10000000
1761757200000,0.64110000,0.65630000,0.64090000,0.65630000,3857712.30000000
1761760800000,0.65630000,0.66040000,0.62520000,0.64680000,48583324.50000000
1761764400000,0.64680000,0.65680000,0.64520000,0.65020000,8284770.90000000
1761768000000,0.65030000,0.65710000,0.64640000,0.65320000,9312215.30000000
1761771600000,0.65320000,0.65590000,0.65220000,0.65320000,2816512.70000000
1761775200000,0.65320000,0.65340000,0.64810000,0.64880000,2078346.30000000
1761778800000,0.64870000,0.64880000,0.63670000,0.64010000,4268149.00000000
1761782400000,0.64010000,0.64440000,0.63570000,0.64380000,2789737.80000000
1761786000000,0.64390000,0.64520000,0.64000000,0.64290000,2440437.50000000
1761789600000,0.64290000,0.64810000,0.64180000,0.64790000,1442068.60000000
1761793200000,0.64800000,0.64860000,0.64230000,0.64480000,1880022.70000000
1761796800000,0.64470000,0.64470000,0.62050000,0.62910000,17630723.10000000
1761800400000,0.62900000,0.64170000,0.62650000,0.64020000,7695801.50000000
1761804000000,0.64010000,0.64360000,0.63550000,0.64160000,3246310.40000000
1761807600000,0.64170000,0.64810000,0.64070000,0.64530000,2782043.00000000
1761811200000,0.64530000,0.64540000,0.63920000,0.63940000,2801605.10000000
1761814800000,0.63940000,0.63990000,0.63320000,0.63340000,2861150.40000000
1761818400000,0.63330000,0.63590000,0.63080000,0.63180000,2606132.40000000
1761822000000,0.63180000,0.63370000,0.62890000,0.62910000,3779196.00000000
1761825600000,0.62910000,0.63000000,0.61430000,0.61900000,14513814.70000000
1761829200000,0.61890000,0.62190000,0.60850000,0.61040000,13162601.10000000
1761832800000,0.61050000,0.61570000,0.60860000,0.61120000,9157501.60000000
1761836400000,0.61120000,0.61290000,0.60120000,0.60310000,14228946.40000000
1761840000000,0.60300000,0.60790000,0.59970000,0.60640000,8089762.50000000
1761843600000,0.60630000,0.60650000,0.59390000,0.60190000,9713318.40000000
1761847200000,0.60180000,0.60270000,0.59340000,0.59470000,8958349.10000000
1761850800000,0.59470000,0.59690000,0.58640000,0.58800000,12290024.90000000
1761854400000,0.58800000,0.59700000,0.58670000,0.59590000,8842636.70000000
1761858000000,0.59590000,0.60060000,0.59400000,0.59950000,4729509.80000000
1761861600000,0.59950000,0.59960000,0.59660000,0.59960000,3280079.40000000
1761865200000,0.59960000,0.60190000,0.59630000,0.60160000,5739931.90000000
1761868800000,0.60160000,0.60900000,0.60030000,0.60770000,4720972.60000000
1761872400000,0.60770000,0.61180000,0.60660000,0.61130000,4999726.00000000
1761876000000,0.61140000,0.61160000,0.60500000,0.60740000,3934215.80000000
1761879600000,0.60750000,0.61080000,0.60550000,0.61010000,2852007.50000000
1761883200000,0.61010000,0.61570000,0.60970000,0.61530000,5724912.00000000
1761886800000,0.61530000,0.61530000,0.61170000,0.61260000,2284215.80000000
1761890400000,0.61260000,0.61350000,0.61020000,0.61220000,4709777.70000000
1761894000000,0.61220000,0.61460000,0.61020000,0.61120000,3188751.70000000
1761897600000,0.61120000,0.61470000,0.60860000,0.61440000,4057082.20000000
1761901200000,0.61440000,0.61680000,0.61100000,0.61120000,2907706.70000000
1761904800000,0.61130000,0.61320000,0.60830000,0.61010000,3525675.30000000
1761908400000,0.61020000,0.61720000,0.60860000,0.61680000,3354713.80000000
1761912000000,0.61670000,0.62000000,0.61160000,0.61170000,6146464.90000000
1761915600000,0.61180000,0.61630000,0.60910000,0.61490000,4109389.70000000
1761919200000,0.61490000,0.61840000,0.61050000,0.61760000,4993014.10000000
1761922800000,0.61750000,0.62000000,0.61140000,0.61270000,5774074.60000000
1761926400000,0.61260000,0.61290000,0.60120000,0.60190000,7369347.40000000
1761930000000,0.60190000,0.60440000,0.59780000,0.60210000,5032581.90000000
1761933600000,0.60210000,0.60720000,0.59990000,0.60490000,7024710.90000000
1761937200000,0.60480000,0.61370000,0.60150000,0.61120000,5503721.50000000
1761940800000,0.61110000,0.61150000,0.60660000,0.60740000,2796685.90000000
1761944400000,0.60730000,0.60980000,0.60590000,0.60850000,1660109.50000000
1761948000000,0.60850000,0.61070000,0.60760000,0.60940000,1016560.90000000
1761951600000,0.60940000,0.61050000,0.60770000,0.60910000,1788011.60000000
1761955200000,0.60910000,0.60950000,0.60590000,0.60840000,2062988.50000000
1761958800000,0.60840000,0.61070000,0.60620000,0.60620000,2310611.50000000
1761962400000,0.60620000,0.60900000,0.60330000,0.60840000,3114048.70000000
1761966000000,0.60840000,0.61280000,0.60820000,0.61250000,1461070.50000000
1761969600000,0.61250000,0.61340000,0.60960000,0.61190000,1614395.20000000
1761973200000,0.61190000,0.61260000,0.60860000,0.60890000,1592209.20000000
1761976800000,0.60890000,0.61100000,0.60710000,0.61040000,1227506.20000000
1761980400000,0.61040000,0.61460000,0.60980000,0.61390000,2322892.40000000
1761984000000,0.61390000,0.61670000,0.61300000,0.61650000,2517878.90000000
1761987600000,0.61650000,0.61780000,0.61310000,0.61370000,1984985.80000000
1761991200000,0.61370000,0.61520000,0.61270000,0.61370000,1476065.30000000
1761994800000,0.61380000,0.61560000,0.61130000,0.61270000,991057.80000000
1761998400000,0.61280000,0.61500000,0.61220000,0.61330000,1304680.00000000
1762002000000,0.61330000,0.61420000,0.60810000,0.61090000,2436426.80000000
1762005600000,0.61090000,0.61200000,0.60520000,0.60740000,2935709.30000000
1762009200000,0.60740000,0.61270000,0.60690000,0.61240000,3271433.40000000
1762012800000,0.61240000,0.61470000,0.61110000,0.61280000,2591071.80000000
1762016400000,0.61290000,0.61370000,0.61000000,0.61110000,2168190.10000000
1762020000000,0.61110000,0.61250000,0.60970000,0.61250000,1316781.20000000
1762023600000,0.61250000,0.61380000,0.61040000,0.61360000,809139.80000000
1762027200000,0.61370000,0.61580000,0.61300000,0.61390000,1508766.70000000
1762030800000,0.61390000,0.61450000,0.60800000,0.60830000,1508311.30000000
1762034400000,0.60830000,0.61140000,0.60810000,0.61110000,1396756.50000000
1762038000000,0.61110000,0.61340000,0.61010000,0.61280000,760748.40000000
1762041600000,0.61290000,0.61300000,0.60980000,0.61000000,781547.70000000
1762045200000,0.61010000,0.61150000,0.60820000,0.60910000,1255542.10000000
1762048800000,0.60910000,0.61240000,0.60820000,0.60970000,1186238.40000000
1762052400000,0.60980000,0.61020000,0.60800000,0.60880000,1006797.00000000
1762056000000,0.60880000,0.61660000,0.60810000,0.61620000,2308602.70000000
1762059600000,0.61620000,0.61640000,0.61170000,0.61600000,1929973.40000000
1762063200000,0.61600000,0.61690000,0.61410000,0.61600000,1599771.50000000
1762066800000,0.61600000,0.61890000,0.61460000,0.61770000,1873427.80000000
1762070400000,0.61770000,0.61860000,0.61300000,0.61370000,1399866.50000000
1762074000000,0.61370000,0.61620000,0.60980000,0.61040000,2203982.00000000
1762077600000,0.61040000,0.61200000,0.60540000,0.60830000,3825566.20000000
1762081200000,0.60820000,0.61510000,0.60800000,0.61430000,2742287.20000000
1762084800000,0.61430000,0.61440000,0.61090000,0.61110000,1427763.50000000
1762088400000,0.61120000,0.61150000,0.60500000,0.60720000,2216743.40000000
1762092000000,0.60710000,0.60830000,0.59700000,0.60020000,5310094.60000000
1762095600000,0.60020000,0.60420000,0.59770000,0.59940000,4268562.40000000
1762099200000,0.59950000,0.60150000,0.59220000,0.60130000,5876776.80000000
1762102800000,0.60120000,0.60120000,0.59740000,0.59970000,1426248.80000000
1762106400000,0.59970000,0.60040000,0.59770000,0.59810000,1096854.40000000
1762110000000,0.59800000,0.59860000,0.59440000,0.59700000,2070833.50000000
1762113600000,0.59700000,0.59980000,0.59540000,0.59980000,1223917.10000000
1762117200000,0.59980000,0.60380000,0.59970000,0.60180000,1151932.40000000
1762120800000,0.60180000,0.60260000,0.59710000,0.60050000,1197307.10000000
1762124400000,0.60060000,0.61190000,0.60060000,0.61060000,4434708.90000000
1762128000000,0.61050000,0.61220000,0.60260000,0.60270000,2490059.60000000
1762131600000,0.60260000,0.60360000,0.59610000,0.59740000,3275190.70000000
1762135200000,0.59740000,0.59820000,0.58770000,0.59120000,8231592.10000000
1762138800000,0.59130000,0.59270000,0.57430000,0.57540000,14583330.70000000
1762142400000,0.57530000,0.57790000,0.56890000,0.57770000,10428879.70000000
1762146000000,0.57760000,0.58090000,0.57240000,0.57280000,4797405.40000000
1762149600000,0.57270000,0.57610000,0.56660000,0.57340000,9712574.80000000
1762153200000,0.57330000,0.58000000,0.57030000,0.57720000,6964246.70000000
1762156800000,0.57720000,0.58000000,0.57310000,0.57930000,5863975.00000000
1762160400000,0.57940000,0.58540000,0.57450000,0.57520000,10555715.50000000
1762164000000,0.57510000,0.57680000,0.57070000,0.57250000,4977929.60000000
1762167600000,0.57260000,0.57940000,0.57240000,0.57580000,4703576.20000000
1762171200000,0.57570000,0.58040000,0.57510000,0.57530000,3649709.30000000
1762174800000,0.57530000,0.57840000,0.57290000,0.57480000,4630154.80000000
1762178400000,0.57490000,0.58050000,0.57290000,0.57820000,5190256.20000000
1762182000000,0.57830000,0.57960000,0.52590000,0.55050000,74570742.40000000
1762185600000,0.55050000,0.56150000,0.54670000,0.55990000,14936562.10000000
1762189200000,0.55980000,0.56930000,0.55800000,0.56640000,9358260.50000000
1762192800000,0.56640000,0.56750000,0.55940000,0.55970000,4729840.80000000
1762196400000,0.55960000,0.56240000,0.55460000,0.55520000,4241058.30000000
1762200000000,0.55530000,0.55640000,0.54410000,0.54670000,10237922.80000000
1762203600000,0.54660000,0.55360000,0.54210000,0.55290000,9304284.00000000
1762207200000,0.55280000,0.55340000,0.54370000,0.54900000,5685377.20000000
1762210800000,0.54900000,0.55330000,0.54530000,0.55280000,4446089.40000000
1762214400000,0.55290000,0.55810000,0.54640000,0.55550000,5952386.10000000
1762218000000,0.55560000,0.56070000,0.55290000,0.55900000,4888386.60000000
1762221600000,0.55890000,0.56010000,0.55670000,0.55770000,3494272.00000000
1762225200000,0.55770000,0.56280000,0.55580000,0.56150000,3998082.00000000
1762228800000,0.56150000,0.56330000,0.55770000,0.55810000,4722906.60000000
1762232400000,0.55810000,0.56020000,0.53190000,0.53400000,28244820.20000000
1762236000000,0.53400000,0.55000000,0.53320000,0.53940000,17644908.50000000
1762239600000,0.53930000,0.54000000,0.53040000,0.53410000,15006079.40000000
1762243200000,0.53410000,0.54570000,0.53230000,0.53970000,13402700.80000000
1762246800000,0.53960000,0.54300000,0.53730000,0.54180000,7322563.20000000
1762250400000,0.54180000,0.54430000,0.53880000,0.54090000,7373655.10000000
1762254000000,0.54090000,0.54850000,0.54040000,0.54620000,6836345.90000000
1762257600000,0.54610000,0.54650000,0.53830000,0.53980000,4280311.60000000
1762261200000,0.53970000,0.54090000,0.53420000,0.53760000,5868931.80000000
1762264800000,0.53750000,0.55250000,0.53230000,0.54900000,14063448.30000000
1762268400000,0.54910000,0.55370000,0.54070000,0.54260000,10341493.90000000
1762272000000,0.54260000,0.54660000,0.52900000,0.52970000,12408961.40000000
1762275600000,0.52970000,0.53220000,0.51630000,0.52470000,24284659.20000000
1762279200000,0.52460000,0.52500000,0.50800000,0.52440000,23271303.90000000
1762282800000,0.52440000,0.52870000,0.51350000,0.51460000,17656603.10000000
1762286400000,0.51450000,0.51640000,0.49580000,0.51040000,41280669.80000000
1762290000000,0.51040000,0.51420000,0.48980000,0.51050000,37670996.70000000
1762293600000,0.51050000,0.52470000,0.50790000,0.52370000,16288451.20000000
1762297200000,0.52360000,0.52640000,0.51880000,0.52080000,10678009.60000000
1762300800000,0.52080000,0.52460000,0.51180000,0.51500000,7932859.50000000
1762304400000,0.51510000,0.51540000,0.49470000,0.51200000,20034314.40000000
1762308000000,0.51200000,0.53000000,0.51200000,0.52920000,15687623.40000000
1762311600000,0.52930000,0.53420000,0.52610000,0.53260000,8857941.80000000
1762315200000,0.53260000,0.53540000,0.52850000,0.53290000,4755640.50000000
1762318800000,0.53300000,0.53770000,0.53240000,0.53370000,3881284.50000000
1762322400000,0.53370000,0.53580000,0.53060000,0.53560000,4394435.50000000
1762326000000,0.53560000,0.53590000,0.53010000,0.53440000,3859748.20000000
1762329600000,0.53440000,0.53440000,0.52310000,0.52750000,6765110.40000000
1762333200000,0.52740000,0.53270000,0.52680000,0.53180000,4150375.00000000
1762336800000,0.53170000,0.53200000,0.52430000,0.52520000,5724606.80000000
1762340400000,0.52520000,0.53610000,0.52510000,0.53500000,5548681.60000000
1762344000000,0.53500000,0.54000000,0.53400000,0.53840000,6249077.50000000
1762347600000,0.53830000,0.54410000,0.53540000,0.54220000,5835637.90000000
1762351200000,0.54210000,0.54530000,0.53670000,0.54180000,9526694.60000000
1762354800000,0.54190000,0.54890000,0.53970000,0.54890000,10758403.30000000
1762358400000,0.54890000,0.54940000,0.54270000,0.54910000,8848245.20000000
1762362000000,0.54900000,0.54900000,0.54400000,0.54680000,5462658.80000000
1762365600000,0.54670000,0.55030000,0.54400000,0.54780000,6532687.90000000
1762369200000,0.54780000,0.54840000,0.54210000,0.54360000,4171358.80000000
1762372800000,0.54360000,0.54670000,0.54150000,0.54420000,5629910.70000000
1762376400000,0.54410000,0.54420000,0.53900000,0.54230000,4419204.60000000
1762380000000,0.54230000,0.54840000,0.54140000,0.54770000,3433791.40000000
1762383600000,0.54770000,0.54880000,0.54500000,0.54530000,2899369.50000000
1762387200000,0.54530000,0.54530000,0.54010000,0.54260000,4098506.90000000
1762390800000,0.54250000,0.54250000,0.53470000,0.54090000,4890826.40000000
1762394400000,0.54080000,0.54560000,0.53690000,0.54250000,3796538.80000000
1762398000000,0.54260000,0.54510000,0.54200000,0.54300000,2873094.70000000
1762401600000,0.54310000,0.54490000,0.54090000,0.54270000,2250637.20000000
1762405200000,0.54270000,0.54270000,0.53360000,0.53500000,4527292.90000000
1762408800000,0.53490000,0.54070000,0.53410000,0.53450000,4602375.60000000
1762412400000,0.53460000,0.53860000,0.53270000,0.53430000,5238376.40000000
1762416000000,0.53420000,0.53760000,0.53320000,0.53630000,4096347.40000000
1762419600000,0.53640000,0.53880000,0.53400000,0.53600000,4113178.30000000
1762423200000,0.53600000,0.53880000,0.53230000,0.53590000,3303177.40000000
1762426800000,0.53590000,0.53660000,0.53150000,0.53530000,2470988.90000000
1762430400000,0.53530000,0.53600000,0.52900000,0.52950000,4932869.70000000
1762434000000,0.52950000,0.53960000,0.52950000,0.53710000,4265303.20000000
1762437600000,0.53720000,0.53850000,0.52610000,0.52710000,10418863.80000000
1762441200000,0.52700000,0.53240000,0.52140000,0.52370000,16975941.70000000
1762444800000,0.52370000,0.52790000,0.51680000,0.52160000,9593691.90000000
1762448400000,0.52160000,0.52890000,0.52020000,0.52820000,7433611.10000000
1762452000000,0.52820000,0.53220000,0.52130000,0.52770000,3966834.30000000
1762455600000,0.52770000,0.53040000,0.52470000,0.52840000,2667563.40000000
1762459200000,0.52840000,0.53080000,0.52280000,0.52530000,3247694.30000000
1762462800000,0.52540000,0.53090000,0.52380000,0.52930000,5511639.50000000
1762466400000,0.52930000,0.53470000,0.52860000,0.53390000,3874159.70000000
1762470000000,0.53380000,0.53380000,0.52720000,0.53180000,2821933.60000000
1762473600000,0.53190000,0.53920000,0.53110000,0.53790000,5379431.20000000
1762477200000,0.53800000,0.53870000,0.52880000,0.53500000,5199458.00000000
1762480800000,0.53500000,0.53830000,0.53110000,0.53800000,4241199.80000000
1762484400000,0.53810000,0.54130000,0.53710000,0.54070000,8165213.90000000
1762488000000,0.54070000,0.54270000,0.53570000,0.53920000,4916323.70000000
1762491600000,0.53910000,0.54610000,0.53910000,0.54530000,4898709.20000000
1762495200000,0.54540000,0.54580000,0.54210000,0.54230000,2715864.40000000
1762498800000,0.54230000,0.54810000,0.54080000,0.54790000,4992056.90000000
1762502400000,0.54790000,0.54990000,0.54520000,0.54710000,5396794.70000000
1762506000000,0.54710000,0.54750000,0.53710000,0.54090000,5173705.10000000
1762509600000,0.54090000,0.54320000,0.53340000,0.53510000,3866039.80000000
1762513200000,0.53500000,0.53500000,0.52580000,0.53110000,10609082.30000000
1762516800000,0.53110000,0.53260000,0.51970000,0.52380000,10227013.50000000
1762520400000,0.52370000,0.52950000,0.52090000,0.52730000,7743146.80000000
1762524000000,0.52720000,0.53910000,0.51960000,0.53700000,10051776.30000000
1762527600000,0.53700000,0.54730000,0.53240000,0.54420000,12437707.30000000
1762531200000,0.54410000,0.57070000,0.54200000,0.56740000,26220129.90000000
1762534800000,0.56730000,0.57920000,0.56310000,0.57840000,16365221.00000000
1762538400000,0.57850000,0.58560000,0.57710000,0.57970000,15562493.80000000
1762542000000,0.57980000,0.58050000,0.57380000,0.58020000,10981419.10000000
1762545600000,0.58020000,0.58290000,0.57760000,0.58180000,5218090.10000000
1762549200000,0.58180000,0.58630000,0.58090000,0.58560000,4451922.40000000
1762552800000,0.58560000,0.58620000,0.58080000,0.58310000,4966494.70000000
1762556400000,0.58320000,0.58340000,0.57560000,0.57630000,5162031.50000000
1762560000000,0.57630000,0.58390000,0.57400000,0.57440000,6433054.50000000
1762563600000,0.57430000,0.58550000,0.57410000,0.58360000,4873901.40000000
1762567200000,0.58360000,0.59320000,0.58230000,0.58510000,7216108.40000000
1762570800000,0.58510000,0.59180000,0.58220000,0.58230000,8681324.60000000
1762574400000,0.58240000,0.59080000,0.58230000,0.58650000,3919572.10000000
1762578000000,0.58640000,0.58950000,0.57800000,0.57830000,5156436.60000000
1762581600000,0.57830000,0.58150000,0.57480000,0.57770000,5765926.00000000
1762585200000,0.57770000,0.58290000,0.57400000,0.58250000,5306956.80000000
1762588800000,0.58250000,0.58610000,0.57880000,0.58390000,2925878.30000000
1762592400000,0.58380000,0.58430000,0.57440000,0.57640000,3394047.70000000
1762596000000,0.57650000,0.58000000,0.57190000,0.57870000,5074275.60000000
1762599600000,0.57870000,0.57980000,0.57340000,0.57470000,2286109.70000000
1762603200000,0.57480000,0.57820000,0.57320000,0.57700000,2293740.00000000
1762606800000,0.57700000,0.57740000,0.56640000,0.56670000,4514855.50000000
1762610400000,0.56680000,0.56840000,0.56200000,0.56490000,6451838.20000000
1762614000000,0.56490000,0.56560000,0.55560000,0.55740000,5270707.50000000
1762617600000,0.55740000,0.56030000,0.55390000,0.55830000,4083121.80000000
1762621200000,0.55830000,0.56280000,0.55640000,0.56090000,2438162.80000000
1762624800000,0.56080000,0.56420000,0.55810000,0.56310000,3860282.70000000
1762628400000,0.56310000,0.56310000,0.55570000,0.56090000,3051742.70000000
1762632000000,0.56090000,0.56390000,0.55870000,0.56280000,1278195.90000000
1762635600000,0.56280000,0.56580000,0.56180000,0.56420000,1459750.20000000
1762639200000,0.56430000,0.56770000,0.56320000,0.56730000,1898635.60000000
1762642800000,0.56730000,0.56940000,0.56630000,0.56880000,1484327.40000000
1762646400000,0.56880000,0.56880000,0.55960000,0.56070000,1972357.30000000
1762650000000,0.56080000,0.56390000,0.55840000,0.56370000,2146595.80000000
1762653600000,0.56370000,0.56370000,0.55110000,0.55270000,4173665.60000000
1762657200000,0.55280000,0.55470000,0.54780000,0.55040000,4808091.40000000
1762660800000,0.55030000,0.55620000,0.55030000,0.55450000,3564354.10000000
1762664400000,0.55440000,0.55650000,0.55190000,0.55590000,1434129.00000000
1762668000000,0.55580000,0.56060000,0.55480000,0.55650000,2561016.50000000
1762671600000,0.55660000,0.56360000,0.55620000,0.56290000,2835342.40000000
1762675200000,0.56290000,0.56290000,0.55730000,0.55920000,1588728.90000000
1762678800000,0.55930000,0.56210000,0.55270000,0.55350000,2785460.30000000
1762682400000,0.55340000,0.55900000,0.55000000,0.55890000,3873509.40000000
1762686000000,0.55900000,0.56360000,0.55900000,0.56270000,2419968.60000000
1762689600000,0.56270000,0.56580000,0.56070000,0.56310000,4005072.90000000
1762693200000,0.56320000,0.56850000,0.56180000,0.56460000,3291923.80000000
1762696800000,0.56460000,0.57730000,0.56190000,0.57090000,11176532.80000000
1762700400000,0.57090000,0.57880000,0.57090000,0.57540000,5153031.10000000
1762704000000,0.57540000,0.57930000,0.57030000,0.57760000,4639775.70000000
1762707600000,0.57750000,0.57780000,0.57030000,0.57170000,3758800.30000000
1762711200000,0.57180000,0.57810000,0.56940000,0.57720000,3928952.10000000
1762714800000,0.57730000,0.58340000,0.57570000,0.58300000,4877506.50000000
1762718400000,0.58300000,0.58440000,0.57920000,0.58020000,4507672.70000000
1762722000000,0.58030000,0.58130000,0.57780000,0.57960000,2506222.40000000
1762725600000,0.57970000,0.57980000,0.57340000,0.57720000,4375955.10000000
1762729200000,0.57730000,0.58300000,0.57570000,0.57900000,4987687.00000000
1762732800000,0.57890000,0.59120000,0.57370000,0.58750000,7211473.60000000
1762736400000,0.58740000,0.59010000,0.58290000,0.58390000,4430848.60000000
1762740000000,0.58380000,0.58540000,0.58110000,0.58520000,2340281.00000000
1762743600000,0.58530000,0.58980000,0.58470000,0.58840000,3710636.50000000
1762747200000,0.58850000,0.59120000,0.58660000,0.58980000,3116002.40000000
1762750800000,0.58980000,0.59190000,0.58570000,0.58980000,3162642.20000000
1762754400000,0.58980000,0.59070000,0.58500000,0.58690000,2564110.00000000
1762758000000,0.58690000,0.59000000,0.58620000,0.58940000,3716696.90000000
1762761600000,0.58950000,0.59100000,0.58370000,0.58730000,3340229.30000000
1762765200000,0.58720000,0.60310000,0.58660000,0.60020000,7160901.40000000
1762768800000,0.60030000,0.60250000,0.59440000,0.59480000,5921912.20000000
1762772400000,0.59490000,0.60000000,0.59430000,0.59590000,3986110.20000000
1762776000000,0.59590000,0.59680000,0.59120000,0.59340000,3358498.00000000
1762779600000,0.59340000,0.60100000,0.59260000,0.59720000,4419888.20000000
1762783200000,0.59730000,0.59730000,0.58080000,0.58470000,10001178.20000000
1762786800000,0.58470000,0.59040000,0.58200000,0.58490000,4970869.60000000
1762790400000,0.58480000,0.58840000,0.57800000,0.58120000,4343597.60000000
1762794000000,0.58110000,0.58890000,0.58010000,0.58720000,2992061.00000000
1762797600000,0.58720000,0.58830000,0.58390000,0.58400000,4328202.00000000
1762801200000,0.58410000,0.59260000,0.58400000,0.58830000,4072600.30000000
1762804800000,0.58830000,0.59460000,0.58820000,0.59150000,3135891.20000000
1762808400000,0.59150000,0.59150000,0.58400000,0.58800000,3426225.70000000
1762812000000,0.58810000,0.59830000,0.58490000,0.59750000,4839941.50000000
1762815600000,0.59760000,0.59800000,0.59220000,0.59280000,2277035.20000000
1762819200000,0.59290000,0.59820000,0.58660000,0.59320000,3708071.60000000
1762822800000,0.59310000,0.60690000,0.59200000,0.59370000,8075598.00000000
1762826400000,0.59380000,0.60520000,0.59020000,0.60170000,7431886.60000000
1762830000000,0.60170000,0.60390000,0.59730000,0.59880000,4817478.90000000
1762833600000,0.59870000,0.60040000,0.58830000,0.58940000,4693147.30000000
1762837200000,0.58950000,0.58960000,0.58200000,0.58280000,4158005.90000000
1762840800000,0.58280000,0.58430000,0.57960000,0.58350000,5832170.30000000
1762844400000,0.58340000,0.58420000,0.57560000,0.57590000,4824545.00000000
1762848000000,0.57590000,0.57930000,0.57540000,0.57760000,2809965.00000000
1762851600000,0.57760000,0.58140000,0.57540000,0.57550000,3223712.90000000
1762855200000,0.57540000,0.58060000,0.57470000,0.57960000,2723715.60000000
1762858800000,0.57970000,0.58390000,0.57860000,0.58030000,2426274.50000000
1762862400000,0.58040000,0.58420000,0.57700000,0.57890000,2693860.90000000
1762866000000,0.57900000,0.58280000,0.57450000,0.57560000,4417114.20000000
1762869600000,0.57560000,0.58220000,0.57270000,0.58170000,6658778.00000000
1762873200000,0.58170000,0.58170000,0.57060000,0.57220000,5163839.00000000
1762876800000,0.57220000,0.57460000,0.57020000,0.57180000,2888517.50000000
1762880400000,0.57190000,0.57550000,0.56660000,0.57050000,4223153.00000000
1762884000000,0.57050000,0.57240000,0.56760000,0.56880000,2735676.70000000
1762887600000,0.56870000,0.56870000,0.55910000,0.56230000,16482335.80000000
1762891200000,0.56220000,0.56440000,0.55830000,0.55970000,4371645.00000000
1762894800000,0.55980000,0.56260000,0.55530000,0.55630000,4567808.50000000
1762898400000,0.55620000,0.56230000,0.55350000,0.56120000,4148837.50000000
1762902000000,0.56120000,0.56140000,0.55530000,0.55640000,2629107.00000000
1762905600000,0.55650000,0.55930000,0.55350000,0.55420000,3223402.60000000
1762909200000,0.55410000,0.56040000,0.55280000,0.55970000,3333584.90000000
1762912800000,0.55960000,0.56190000,0.55490000,0.55830000,2118612.40000000
1762916400000,0.55820000,0.56200000,0.55740000,0.56060000,1703265.00000000
1762920000000,0.56070000,0.56240000,0.55930000,0.56130000,939470.20000000
1762923600000,0.56140000,0.56320000,0.55800000,0.56130000,4023593.60000000
1762927200000,0.56130000,0.56530000,0.56100000,0.56120000,2120357.20000000
1762930800000,0.56120000,0.56280000,0.55590000,0.55680000,3620446.00000000
1762934400000,0.55680000,0.56770000,0.55680000,0.56480000,3689814.40000000
1762938000000,0.56490000,0.57080000,0.56440000,0.56720000,3186705.00000000
1762941600000,0.56710000,0.57290000,0.56690000,0.57210000,1627128.60000000
1762945200000,0.57200000,0.57460000,0.57140000,0.57380000,3871490.20000000
1762948800000,0.57370000,0.57790000,0.57160000,0.57570000,3494144.90000000
1762952400000,0.57560000,0.58090000,0.57320000,0.57970000,3077057.90000000
1762956000000,0.57980000,0.58040000,0.56330000,0.57010000,6838968.90000000
1762959600000,0.57000000,0.57390000,0.55620000,0.55800000,10124026.70000000
1762963200000,0.55800000,0.55980000,0.54560000,0.54840000,14393467.70000000
1762966800000,0.54840000,0.55360000,0.54230000,0.54910000,7283804.00000000
1762970400000,0.54920000,0.55270000,0.54680000,0.54690000,5168648.90000000
1762974000000,0.54680000,0.54690000,0.53940000,0.54360000,5938078.90000000
1762977600000,0.54360000,0.54980000,0.54210000,0.54760000,3363233.40000000
1762981200000,0.54770000,0.55100000,0.54760000,0.54980000,1702060.70000000
1762984800000,0.54980000,0.55090000,0.54580000,0.54990000,1571556.80000000
1762988400000,0.54990000,0.54990000,0.54430000,0.54580000,2977550.40000000
1762992000000,0.54570000,0.55100000,0.54510000,0.54810000,2837308.40000000
1762995600000,0.54810000,0.55470000,0.54790000,0.54970000,3441747.70000000
1762999200000,0.54980000,0.55340000,0.54920000,0.55200000,1850918.50000000
1763002800000,0.55200000,0.56400000,0.54360000,0.55880000,4954982.40000000
1763006400000,0.55880000,0.56230000,0.55530000,0.56020000,4668695.10000000
1763010000000,0.56010000,0.56820000,0.55790000,0.56690000,3470888.80000000
1763013600000,0.56700000,0.57100000,0.56550000,0.56750000,4059855.60000000
1763017200000,0.56760000,0.57030000,0.56300000,0.56470000,6095022.80000000
1763020800000,0.56470000,0.56960000,0.56410000,0.56790000,2156557.40000000
1763024400000,0.56790000,0.56860000,0.56220000,0.56470000,4573431.70000000
1763028000000,0.56470000,0.57160000,0.56440000,0.56640000,2482198.50000000
1763031600000,0.56650000,0.56920000,0.56390000,0.56480000,2133481.20000000
1763035200000,0.56480000,0.56700000,0.56200000,0.56620000,2442388.90000000
1763038800000,0.56630000,0.56710000,0.55800000,0.55990000,5960133.90000000
1763042400000,0.55990000,0.56880000,0.55320000,0.56400000,11433332.80000000
1763046000000,0.56390000,0.56590000,0.55170000,0.55410000,8710676.40000000
1763049600000,0.55400000,0.55470000,0.54140000,0.54190000,7360193.30000000
1763053200000,0.54190000,0.54250000,0.52840000,0.52920000,12056339.20000000
1763056800000,0.52920000,0.53110000,0.52030000,0.52280000,13561153.70000000
1763060400000,0.52290000,0.52820000,0.51900000,0.52160000,14323784.90000000
1763064000000,0.52160000,0.52300000,0.51440000,0.51880000,12300669.80000000
1763067600000,0.51890000,0.52170000,0.51610000,0.51960000,5124495.80000000
1763071200000,0.51950000,0.53030000,0.51820000,0.52900000,7519415.70000000
1763074800000,0.52900000,0.53480000,0.52710000,0.52980000,6146625.60000000
1763078400000,0.52980000,0.53360000,0.52430000,0.52570000,6600366.50000000
1763082000000,0.52580000,0.52870000,0.52390000,0.52560000,5057824.20000000
1763085600000,0.52560000,0.53140000,0.52540000,0.52900000,3717559.30000000
1763089200000,0.52900000,0.52930000,0.52360000,0.52580000,2770838.20000000
1763092800000,0.52580000,0.52580000,0.50660000,0.51690000,19540508.30000000
1763096400000,0.51680000,0.52370000,0.51500000,0.52180000,10702123.90000000
1763100000000,0.52180000,0.52690000,0.51250000,0.52640000,11046935.30000000
1763103600000,0.52640000,0.52800000,0.52090000,0.52410000,6983031.20000000
1763107200000,0.52420000,0.52420000,0.51810000,0.52000000,3930245.90000000
1763110800000,0.52000000,0.52260000,0.51440000,0.51470000,4768292.00000000
1763114400000,0.51480000,0.52100000,0.51440000,0.51860000,4533344.90000000
1763118000000,0.51850000,0.51870000,0.51020000,0.51320000,6898403.70000000
1763121600000,0.51320000,0.51320000,0.49980000,0.51070000,19802649.70000000
1763125200000,0.51080000,0.51380000,0.50210000,0.50740000,9249435.60000000
1763128800000,0.50730000,0.51790000,0.50280000,0.51500000,17791005.40000000
1763132400000,0.51510000,0.51930000,0.50870000,0.51430000,8489193.60000000
1763136000000,0.51440000,0.52080000,0.51180000,0.51870000,6892482.10000000
1763139600000,0.51860000,0.52030000,0.50740000,0.51010000,4772195.50000000
1763143200000,0.51000000,0.51610000,0.50800000,0.50890000,4556637.80000000
1763146800000,0.50880000,0.51760000,0.50720000,0.51590000,4112383.10000000
1763150400000,0.51600000,0.51610000,0.49910000,0.50180000,8968509.20000000
1763154000000,0.50190000,0.50910000,0.49970000,0.50700000,5467468.30000000
1763157600000,0.50690000,0.50930000,0.50130000,0.50350000,4577784.30000000
1763161200000,0.50340000,0.50340000,0.49010000,0.49840000,9574448.20000000
1763164800000,0.49840000,0.50490000,0.49790000,0.50460000,4208953.10000000
1763168400000,0.50460000,0.51060000,0.50250000,0.50980000,4221140.80000000
1763172000000,0.50970000,0.51410000,0.50800000,0.51410000,3537018.90000000
1763175600000,0.51410000,0.51470000,0.51070000,0.51150000,6263908.10000000
1763179200000,0.51160000,0.51250000,0.50620000,0.50700000,6282442.60000000
1763182800000,0.50710000,0.50980000,0.50680000,0.50890000,4903356.00000000
1763186400000,0.50900000,0.51540000,0.50890000,0.51440000,15305391.90000000
1763190000000,0.51440000,0.51440000,0.50890000,0.51010000,4402194.00000000
1763193600000,0.51010000,0.51060000,0.50020000,0.50170000,16175928.30000000
1763197200000,0.50160000,0.50570000,0.50000000,0.50170000,4978862.90000000
1763200800000,0.50170000,0.50540000,0.50080000,0.50470000,2526360.10000000
1763204400000,0.50470000,0.50610000,0.50070000,0.50190000,2797455.50000000
1763208000000,0.50180000,0.50630000,0.50070000,0.50610000,3483560.10000000
1763211600000,0.50600000,0.51020000,0.50540000,0.50890000,4088737.20000000
1763215200000,0.50900000,0.51010000,0.50620000,0.50860000,3788021.50000000
1763218800000,0.50860000,0.50940000,0.50620000,0.50690000,1780988.50000000
1763222400000,0.50690000,0.50740000,0.50270000,0.50710000,2890468.60000000
1763226000000,0.50720000,0.51150000,0.50610000,0.51000000,4310758.50000000
1763229600000,0.51000000,0.51070000,0.50790000,0.50930000,2521407.10000000
1763233200000,0.50920000,0.50990000,0.50660000,0.50780000,1592886.60000000
1763236800000,0.50780000,0.50800000,0.50200000,0.50280000,2603180.80000000
1763240400000,0.50290000,0.50660000,0.49890000,0.50020000,3265827.30000000
1763244000000,0.50020000,0.50460000,0.49960000,0.50430000,2014471.30000000
1763247600000,0.50430000,0.50530000,0.50320000,0.50360000,1158808.90000000
1763251200000,0.50350000,0.50440000,0.49760000,0.50070000,3658724.60000000
1763254800000,0.50060000,0.50160000,0.49250000,0.49930000,7101710.80000000
1763258400000,0.49920000,0.50520000,0.49760000,0.50510000,4023951.70000000
1763262000000,0.50520000,0.50630000,0.50260000,0.50430000,2145958.50000000
1763265600000,0.50440000,0.50500000,0.49980000,0.50220000,2597700.40000000
1763269200000,0.50220000,0.50620000,0.50180000,0.50220000,3680719.80000000
1763272800000,0.50210000,0.50400000,0.50120000,0.50140000,1597085.10000000
1763276400000,0.50140000,0.50550000,0.50110000,0.50530000,1494033.10000000
1763280000000,0.50520000,0.50620000,0.50240000,0.50440000,1417127.70000000
1763283600000,0.50440000,0.50930000,0.50250000,0.50920000,4201136.70000000
1763287200000,0.50910000,0.50930000,0.50660000,0.50660000,2091005.50000000
1763290800000,0.50670000,0.50710000,0.49570000,0.49740000,8920129.90000000
1763294400000,0.49730000,0.50000000,0.49420000,0.49810000,8727669.50000000
1763298000000,0.49800000,0.49850000,0.48930000,0.49140000,10293766.30000000
1763301600000,0.49140000,0.49630000,0.49060000,0.49490000,4804611.10000000
1763305200000,0.49500000,0.49550000,0.48230000,0.48390000,13683334.10000000
1763308800000,0.48390000,0.48780000,0.47740000,0.47910000,17985778.60000000
1763312400000,0.47900000,0.48240000,0.47540000,0.48110000,13195704.60000000
1763316000000,0.48100000,0.49050000,0.47870000,0.48070000,13994898.30000000
1763319600000,0.48080000,0.48890000,0.48060000,0.48130000,5302031.70000000
1763323200000,0.48130000,0.48690000,0.48080000,0.48200000,3320851.90000000
1763326800000,0.48190000,0.48260000,0.47710000,0.48000000,7060993.50000000
1763330400000,0.47990000,0.48660000,0.47440000,0.48340000,14209096.40000000
1763334000000,0.48350000,0.48800000,0.47350000,0.48450000,18522120.80000000
1763337600000,0.48450000,0.49240000,0.47910000,0.49200000,15213803.80000000
1763341200000,0.49210000,0.49290000,0.48710000,0.48740000,6829053.60000000
1763344800000,0.48750000,0.49130000,0.48600000,0.49040000,8356323.30000000
1763348400000,0.49040000,0.49590000,0.49030000,0.49350000,5328411.20000000
1763352000000,0.49360000,0.49570000,0.49200000,0.49240000,5239954.40000000
1763355600000,0.49240000,0.49300000,0.49030000,0.49160000,4549551.10000000
1763359200000,0.49160000,0.49510000,0.49020000,0.49470000,3030720.50000000
1763362800000,0.49470000,0.49800000,0.49390000,0.49600000,5381354.40000000
1763366400000,0.49610000,0.49740000,0.49300000,0.49330000,3949634.60000000
1763370000000,0.49330000,0.49550000,0.49120000,0.49380000,5350014.20000000
1763373600000,0.49380000,0.49660000,0.49350000,0.49480000,2870756.20000000
1763377200000,0.49480000,0.49890000,0.49400000,0.49530000,4890939.80000000
1763380800000,0.49540000,0.49550000,0.49250000,0.49310000,3803157.40000000
1763384400000,0.49320000,0.49390000,0.47280000,0.47770000,18279281.50000000
1763388000000,0.47770000,0.49970000,0.47370000,0.48720000,28958263.10000000
1763391600000,0.48730000,0.49020000,0.47450000,0.47570000,12424977.60000000
1763395200000,0.47560000,0.48420000,0.46910000,0.48350000,14766686.90000000
1763398800000,0.48350000,0.48410000,0.46890000,0.47060000,10326638.20000000
1763402400000,0.47070000,0.47430000,0.46480000,0.46670000,13783875.10000000
1763406000000,0.46660000,0.46890000,0.45970000,0.46070000,16839977.00000000
1763409600000,0.46070000,0.46410000,0.45770000,0.46220000,14119591.80000000
1763413200000,0.46220000,0.46470000,0.45760000,0.46180000,8064188.10000000
1763416800000,0.46180000,0.46610000,0.45920000,0.46410000,7209671.70000000
1763420400000,0.46420000,0.46670000,0.46180000,0.46630000,4484458.10000000
1763424000000,0.46640000,0.46700000,0.45620000,0.46580000,8012754.70000000
1763427600000,0.46580000,0.46840000,0.46270000,0.46410000,5323996.50000000
1763431200000,0.46410000,0.46970000,0.45690000,0.46220000,15612494.20000000
1763434800000,0.46220000,0.47040000,0.45630000,0.46850000,16437179.60000000
1763438400000,0.46850000,0.46900000,0.45920000,0.46710000,12704200.70000000
1763442000000,0.46720000,0.47180000,0.46320000,0.46630000,10144779.40000000
1763445600000,0.46630000,0.46700000,0.45970000,0.46010000,6768543.80000000
1763449200000,0.46010000,0.46610000,0.45790000,0.46500000,8053904.00000000
1763452800000,0.46500000,0.47120000,0.46400000,0.46940000,9854412.90000000
1763456400000,0.46930000,0.47080000,0.46410000,0.46910000,10604474.70000000
1763460000000,0.46910000,0.47040000,0.46610000,0.46990000,5183337.80000000
1763463600000,0.46980000,0.47040000,0.46700000,0.46890000,3576416.80000000
1763467200000,0.46900000,0.47070000,0.46590000,0.46910000,4411599.10000000
1763470800000,0.46910000,0.46920000,0.46050000,0.46490000,5689037.90000000
1763474400000,0.46480000,0.47000000,0.46160000,0.46250000,11643460.00000000
1763478000000,0.46240000,0.47760000,0.45980000,0.47410000,18228798.90000000
1763481600000,0.47400000,0.48230000,0.47230000,0.48030000,13655898.80000000
1763485200000,0.48030000,0.48130000,0.47430000,0.47640000,7356976.00000000
1763488800000,0.47640000,0.48120000,0.47630000,0.47930000,4787854.20000000
1763492400000,0.47930000,0.48130000,0.47710000,0.47830000,4155122.70000000
1763496000000,0.47830000,0.48120000,0.47750000,0.47780000,2508240.60000000
1763499600000,0.47790000,0.47840000,0.47150000,0.47190000,3941180.50000000
1763503200000,0.47200000,0.48020000,0.47190000,0.47840000,3404167.30000000
1763506800000,0.47840000,0.47860000,0.47390000,0.47520000,3558311.40000000
1763510400000,0.47520000,0.47530000,0.46840000,0.47310000,6798361.20000000
1763514000000,0.47310000,0.47570000,0.47010000,0.47350000,7724040.70000000
1763517600000,0.47360000,0.47750000,0.47230000,0.47480000,3822655.30000000
1763521200000,0.47490000,0.47520000,0.46780000,0.46870000,4381048.60000000
1763524800000,0.46870000,0.47010000,0.46530000,0.46560000,4761481.30000000
1763528400000,0.46560000,0.46610000,0.45310000,0.45710000,11700112.90000000
1763532000000,0.45710000,0.46260000,0.45560000,0.46230000,7219391.50000000
1763535600000,0.46220000,0.46910000,0.46170000,0.46830000,3910987.40000000
1763539200000,0.46830000,0.47050000,0.46580000,0.46600000,6866731.10000000
1763542800000,0.46600000,0.46760000,0.46330000,0.46720000,4407053.50000000
1763546400000,0.46710000,0.47080000,0.46600000,0.46640000,3575152.70000000
1763550000000,0.46640000,0.46810000,0.46520000,0.46570000,2076946.30000000
1763553600000,0.46570000,0.47040000,0.46530000,0.46990000,2150189.00000000
1763557200000,0.46990000,0.47000000,0.46460000,0.46520000,5068415.50000000
1763560800000,0.46510000,0.46670000,0.46040000,0.46580000,8253077.90000000
1763564400000,0.46590000,0.47350000,0.45610000,0.45650000,16856685.70000000
1763568000000,0.45650000,0.45980000,0.44890000,0.45030000,17804274.30000000
1763571600000,0.45020000,0.45210000,0.44020000,0.44640000,16658385.80000000
1763575200000,0.44640000,0.44900000,0.43810000,0.44180000,9944915.70000000
1763578800000,0.44180000,0.44330000,0.43860000,0.44150000,7783641.30000000
1763582400000,0.44160000,0.45100000,0.44030000,0.45020000,8194228.80000000
1763586000000,0.45030000,0.46080000,0.44870000,0.45980000,16598115.00000000
1763589600000,0.45980000,0.46010000,0.45450000,0.45770000,6506115.70000000
1763593200000,0.45770000,0.46440000,0.45740000,0.46400000,5949029.90000000
1763596800000,0.46400000,0.46620000,0.46120000,0.46280000,5478480.30000000
1763600400000,0.46280000,0.46730000,0.46220000,0.46630000,3494668.40000000
1763604000000,0.46630000,0.46990000,0.46590000,0.46820000,5951212.50000000
1763607600000,0.46820000,0.46870000,0.46590000,0.46680000,3454303.30000000
1763611200000,0.46670000,0.46950000,0.46400000,0.46950000,5927812.80000000
1763614800000,0.46950000,0.47040000,0.46600000,0.46730000,3366997.00000000
1763618400000,0.46730000,0.46900000,0.46350000,0.46570000,3845590.40000000
1763622000000,0.46570000,0.47100000,0.46520000,0.47030000,4597777.20000000
1763625600000,0.47030000,0.47100000,0.46780000,0.46910000,3485619.70000000
1763629200000,0.46910000,0.46930000,0.46530000,0.46680000,4198710.30000000
1763632800000,0.46680000,0.46750000,0.46410000,0.46600000,3034471.30000000
1763636400000,0.46600000,0.46690000,0.46410000,0.46620000,2129235.60000000
1763640000000,0.46630000,0.47060000,0.46410000,0.46940000,3157140.50000000
1763643600000,0.46950000,0.47220000,0.46490000,0.46530000,10075992.40000000
1763647200000,0.46540000,0.46890000,0.45860000,0.46510000,10267033.50000000
1763650800000,0.46510000,0.46520000,0.45510000,0.45570000,8808076.90000000
1763654400000,0.45570000,0.45650000,0.43680000,0.43920000,34919545.30000000
1763658000000,0.43910000,0.44100000,0.43040000,0.43400000,21129014.40000000
1763661600000,0.43390000,0.43730000,0.42970000,0.43150000,9562517.50000000
1763665200000,0.43140000,0.43680000,0.42880000,0.43590000,11178179.20000000
1763668800000,0.43590000,0.43680000,0.43110000,0.43430000,5816868.30000000
1763672400000,0.43430000,0.44160000,0.43430000,0.43840000,4438918.50000000
1763676000000,0.43830000,0.44530000,0.43790000,0.44270000,4881047.90000000
1763679600000,0.44270000,0.44310000,0.43150000,0.43240000,8440818.80000000
1763683200000,0.43230000,0.43720000,0.43160000,0.43630000,5892089.10000000
1763686800000,0.43640000,0.43970000,0.43470000,0.43520000,4966539.70000000
1763690400000,0.43510000,0.43580000,0.42460000,0.42600000,15587884.00000000
1763694000000,0.42590000,0.43420000,0.42580000,0.43020000,14974443.80000000
1763697600000,0.43010000,0.43140000,0.42080000,0.42800000,25137060.70000000
1763701200000,0.42790000,0.42990000,0.42040000,0.42430000,22528105.00000000
1763704800000,0.42440000,0.42510000,0.41880000,0.42130000,12213121.70000000
1763708400000,0.42130000,0.42290000,0.39120000,0.40880000,77131549.50000000
1763712000000,0.40870000,0.41800000,0.40800000,0.41180000,35851751.80000000
1763715600000,0.41190000,0.41440000,0.40220000,0.40280000,27900670.70000000
1763719200000,0.40270000,0.40710000,0.39990000,0.40260000,20602539.30000000
1763722800000,0.40260000,0.40760000,0.39830000,0.39880000,10802026.90000000
1763726400000,0.39880000,0.40840000,0.38760000,0.40470000,37177896.00000000
1763730000000,0.40470000,0.40920000,0.40190000,0.40560000,15387096.40000000
1763733600000,0.40570000,0.41400000,0.40360000,0.41100000,17131414.30000000
1763737200000,0.41110000,0.41220000,0.39950000,0.40100000,18562304.30000000
1763740800000,0.40100000,0.41260000,0.39600000,0.41200000,21283408.90000000
1763744400000,0.41200000,0.41770000,0.41070000,0.41330000,18454423.60000000
1763748000000,0.41340000,0.41730000,0.40440000,0.41340000,15646290.00000000
1763751600000,0.41330000,0.41460000,0.40790000,0.40990000,6227981.50000000
1763755200000,0.40980000,0.41030000,0.40200000,0.40610000,8083386.00000000
1763758800000,0.40610000,0.41430000,0.40420000,0.41240000,6212285.60000000
1763762400000,0.41230000,0.41350000,0.39950000,0.39950000,8279721.10000000
1763766000000,0.39960000,0.41100000,0.39770000,0.40910000,5769319.90000000
1763769600000,0.40910000,0.41140000,0.40550000,0.40870000,6360653.10000000
1763773200000,0.40870000,0.41320000,0.40810000,0.41150000,4815415.50000000
1763776800000,0.41160000,0.41220000,0.40500000,0.40700000,3155306.40000000
1763780400000,0.40710000,0.40880000,0.40580000,0.40730000,2518980.10000000
1763784000000,0.40720000,0.40760000,0.39860000,0.40400000,6161771.70000000
1763787600000,0.40410000,0.40500000,0.39800000,0.40150000,3942048.70000000
1763791200000,0.40150000,0.40690000,0.39850000,0.40570000,3639908.70000000
1763794800000,0.40560000,0.40670000,0.40370000,0.40580000,2589376.50000000
1763798400000,0.40580000,0.40580000,0.39710000,0.39820000,5057253.60000000
1763802000000,0.39820000,0.40280000,0.39610000,0.40000000,5580169.60000000
1763805600000,0.40000000,0.40230000,0.39690000,0.39870000,3184861.40000000
1763809200000,0.39880000,0.40420000,0.39720000,0.40190000,3556726.60000000
1763812800000,0.40190000,0.40190000,0.39580000,0.39650000,4583271.10000000
1763816400000,0.39660000,0.39750000,0.39070000,0.39350000,7473180.90000000
1763820000000,0.39350000,0.40040000,0.39330000,0.39880000,9073361.40000000
1763823600000,0.39880000,0.40150000,0.39540000,0.39830000,5163398.80000000
1763827200000,0.39830000,0.40390000,0.39790000,0.40210000,4667243.40000000
1763830800000,0.40210000,0.40270000,0.39980000,0.40030000,2694588.30000000
1763834400000,0.40040000,0.40320000,0.39960000,0.40270000,1740799.10000000
1763838000000,0.40260000,0.40480000,0.39990000,0.40140000,1946021.90000000
1763841600000,0.40150000,0.40380000,0.39930000,0.40080000,1651438.10000000
1763845200000,0.40070000,0.40220000,0.40020000,0.40140000,914857.20000000
1763848800000,0.40150000,0.41090000,0.40010000,0.40850000,5028002.50000000
1763852400000,0.40850000,0.40880000,0.40410000,0.40460000,3375072.00000000
1763856000000,0.40450000,0.40600000,0.40160000,0.40360000,4490817.60000000
1763859600000,0.40360000,0.40950000,0.40330000,0.40770000,5135792.80000000
1763863200000,0.40770000,0.41150000,0.40660000,0.40970000,4719950.00000000
1763866800000,0.40970000,0.41080000,0.40790000,0.41070000,2872478.20000000
1763870400000,0.41080000,0.41570000,0.41040000,0.41330000,7853399.90000000
1763874000000,0.41330000,0.41340000,0.41010000,0.41300000,2751826.10000000
1763877600000,0.41300000,0.41360000,0.41000000,0.41060000,2671018.00000000
1763881200000,0.41070000,0.41100000,0.40600000,0.40880000,6856357.40000000
1763884800000,0.40870000,0.41250000,0.40850000,0.41210000,3040391.90000000
1763888400000,0.41220000,0.41320000,0.41070000,0.41190000,4152452.20000000
1763892000000,0.41190000,0.41300000,0.40810000,0.40910000,5951171.40000000
1763895600000,0.40900000,0.41010000,0.40610000,0.40960000,2950614.90000000
1763899200000,0.40960000,0.41500000,0.40880000,0.41330000,9322225.40000000
1763902800000,0.41330000,0.41600000,0.41150000,0.41570000,2722294.20000000
1763906400000,0.41570000,0.41850000,0.41090000,0.41150000,5130816.60000000
1763910000000,0.41160000,0.41800000,0.41100000,0.41690000,2621050.60000000
1763913600000,0.41690000,0.41830000,0.41130000,0.41190000,6468447.70000000
1763917200000,0.41180000,0.41220000,0.40830000,0.40900000,7119416.90000000
1763920800000,0.40900000,0.41340000,0.40890000,0.41030000,6104809.10000000
1763924400000,0.41030000,0.41490000,0.41000000,0.41320000,4759490.50000000
1763928000000,0.41330000,0.41530000,0.41250000,0.41390000,2602695.90000000
1763931600000,0.41390000,0.41680000,0.41140000,0.41610000,3339445.90000000
1763935200000,0.41620000,0.41680000,0.41300000,0.41520000,3880947.60000000
1763938800000,0.41520000,0.41600000,0.40770000,0.40850000,5443531.60000000
1763942400000,0.40850000,0.41120000,0.40400000,0.40800000,5328480.70000000
1763946000000,0.40800000,0.41120000,0.40560000,0.41070000,3746439.40000000
1763949600000,0.41070000,0.42020000,0.41030000,0.41600000,11079465.60000000
1763953200000,0.41600000,0.42000000,0.41460000,0.41650000,3769332.20000000
1763956800000,0.41650000,0.41830000,0.40850000,0.41080000,5414945.80000000
1763960400000,0.41070000,0.42180000,0.41020000,0.41830000,8379227.30000000
1763964000000,0.41830000,0.41880000,0.41180000,0.41430000,5912051.40000000
1763967600000,0.41420000,0.41540000,0.41140000,0.41320000,5193200.70000000
1763971200000,0.41320000,0.41400000,0.41050000,0.41300000,3961722.90000000
1763974800000,0.41290000,0.41320000,0.40540000,0.40560000,7189510.40000000
1763978400000,0.40560000,0.40850000,0.40520000,0.40790000,3478695.80000000
1763982000000,0.40790000,0.40940000,0.40600000,0.40830000,2899866.70000000
1763985600000,0.40830000,0.40890000,0.40450000,0.40590000,5260335.30000000
1763989200000,0.40590000,0.41150000,0.40540000,0.40780000,5462551.60000000
1763992800000,0.40780000,0.41300000,0.40200000,0.40870000,12333480.10000000
1763996400000,0.40880000,0.41530000,0.40690000,0.41290000,8637477.90000000
1764000000000,0.41290000,0.41800000,0.41270000,0.41500000,9951792.60000000
1764003600000,0.41500000,0.42900000,0.41500000,0.42840000,17320955.80000000
1764007200000,0.42850000,0.43020000,0.42590000,0.42890000,9883798.60000000
1764010800000,0.42880000,0.43020000,0.42650000,0.42730000,5407877.50000000
1764014400000,0.42730000,0.43420000,0.42720000,0.43250000,7528100.30000000
1764018000000,0.43250000,0.43260000,0.42740000,0.42880000,3430210.70000000
1764021600000,0.42870000,0.43200000,0.42790000,0.42950000,3229007.60000000
1764025200000,0.42940000,0.43020000,0.42740000,0.42760000,2068432.50000000
1764028800000,0.42760000,0.42910000,0.42490000,0.42800000,4487027.30000000
1764032400000,0.42800000,0.42870000,0.42420000,0.42440000,4063087.90000000
1764036000000,0.42450000,0.42660000,0.42190000,0.42630000,4033822.60000000
1764039600000,0.42640000,0.42760000,0.42300000,0.42430000,4264006.30000000
1764043200000,0.42420000,0.42760000,0.42380000,0.42620000,3218476.80000000
1764046800000,0.42620000,0.42620000,0.42330000,0.42370000,1434159.20000000
1764050400000,0.42360000,0.42380000,0.42040000,0.42170000,2807887.00000000
1764054000000,0.42170000,0.42240000,0.41820000,0.41840000,4333474.20000000
1764057600000,0.41830000,0.41970000,0.41460000,0.41500000,5543193.10000000
1764061200000,0.41500000,0.41690000,0.41310000,0.41680000,3382413.60000000
1764064800000,0.41690000,0.41760000,0.41400000,0.41730000,3074024.40000000
1764068400000,0.41720000,0.41730000,0.41430000,0.41490000,4584956.70000000
1764072000000,0.41490000,0.41740000,0.41320000,0.41620000,5536944.80000000
1764075600000,0.41620000,0.41730000,0.41080000,0.41190000,6204899.40000000
1764079200000,0.41190000,0.41380000,0.40470000,0.40830000,11139706.40000000
1764082800000,0.40820000,0.41320000,0.40460000,0.41090000,6244118.50000000
1764086400000,0.41090000,0.41790000,0.41070000,0.41550000,5922811.70000000
1764090000000,0.41540000,0.42070000,0.41420000,0.41760000,5321657.80000000
1764093600000,0.41760000,0.42140000,0.41670000,0.41690000,5365019.00000000
1764097200000,0.41680000,0.41780000,0.41050000,0.41700000,6905764.40000000
1764100800000,0.41700000,0.42230000,0.41650000,0.41990000,6204747.70000000
1764104400000,0.41990000,0.42060000,0.41790000,0.41830000,3298834.90000000
1764108000000,0.41830000,0.42270000,0.41360000,0.42160000,4836325.80000000
1764111600000,0.42150000,0.42630000,0.42030000,0.42180000,4328455.00000000
1764115200000,0.42190000,0.42430000,0.42140000,0.42240000,3129825.40000000
1764118800000,0.42230000,0.42790000,0.42090000,0.42620000,3928284.20000000
1764122400000,0.42620000,0.42860000,0.42390000,0.42420000,3314077.40000000
1764126000000,0.42420000,0.42580000,0.42070000,0.42080000,2364467.80000000
1764129600000,0.42080000,0.42210000,0.41870000,0.41960000,3698822.50000000
1764133200000,0.41960000,0.42390000,0.41930000,0.42250000,1909424.70000000
1764136800000,0.42240000,0.42480000,0.42000000,0.42320000,2578582.30000000
1764140400000,0.42320000,0.42510000,0.42270000,0.42500000,1851586.90000000
1764144000000,0.42490000,0.42510000,0.42020000,0.42040000,2286131.40000000
1764147600000,0.42030000,0.42060000,0.41670000,0.41770000,4927945.40000000
1764151200000,0.41760000,0.41870000,0.41540000,0.41770000,2388312.40000000
1764154800000,0.41770000,0.41770000,0.41370000,0.41520000,1990891.40000000
1764158400000,0.41510000,0.41600000,0.41120000,0.41380000,3471516.20000000
1764162000000,0.41370000,0.41760000,0.41290000,0.41660000,2749699.80000000
1764165600000,0.41650000,0.41810000,0.41160000,0.41240000,6673002.60000000
1764169200000,0.41240000,0.41550000,0.41040000,0.41280000,7078369.20000000
1764172800000,0.41280000,0.42060000,0.41270000,0.41900000,4869292.30000000
1764176400000,0.41910000,0.43160000,0.41820000,0.43080000,8896127.00000000
1764180000000,0.43080000,0.43580000,0.42960000,0.43510000,10403012.30000000
1764183600000,0.43520000,0.43560000,0.43260000,0.43400000,4411243.90000000
1764187200000,0.43400000,0.43560000,0.43120000,0.43440000,3798117.90000000
1764190800000,0.43440000,0.43730000,0.43190000,0.43460000,3732175.20000000
1764194400000,0.43470000,0.43690000,0.43390000,0.43530000,2683700.70000000
1764198000000,0.43520000,0.43650000,0.43450000,0.43560000,1554817.00000000
1764201600000,0.43570000,0.43760000,0.43270000,0.43570000,6798973.50000000
1764205200000,0.43570000,0.43850000,0.43440000,0.43760000,4244993.20000000
1764208800000,0.43750000,0.43900000,0.43490000,0.43500000,4218322.80000000
1764212400000,0.43490000,0.43660000,0.43250000,0.43280000,4493046.00000000
1764216000000,0.43280000,0.43500000,0.43270000,0.43360000,1636071.10000000
1764219600000,0.43350000,0.43520000,0.43020000,0.43070000,3160693.90000000
1764223200000,0.43080000,0.43560000,0.43040000,0.43440000,2219967.60000000
1764226800000,0.43450000,0.43540000,0.43270000,0.43390000,3313349.40000000
1764230400000,0.43380000,0.43480000,0.43150000,0.43460000,2299422.10000000
1764234000000,0.43460000,0.43720000,0.43290000,0.43310000,3574195.70000000
1764237600000,0.43310000,0.43400000,0.43050000,0.43130000,2580642.70000000
1764241200000,0.43130000,0.43150000,0.42870000,0.43030000,2713875.50000000
1764244800000,0.43030000,0.43060000,0.42660000,0.42720000,2793916.00000000
1764248400000,0.42710000,0.42920000,0.42650000,0.42800000,3209084.40000000
1764252000000,0.42800000,0.43020000,0.42720000,0.42950000,2451925.70000000
1764255600000,0.42940000,0.43370000,0.42840000,0.43320000,2130449.50000000
1764259200000,0.43320000,0.43670000,0.43120000,0.43400000,3162820.70000000
1764262800000,0.43390000,0.43420000,0.43040000,0.43230000,2458687.40000000
1764266400000,0.43230000,0.43760000,0.43150000,0.43680000,3147711.00000000
1764270000000,0.43670000,0.43690000,0.43430000,0.43600000,2166560.30000000
1764273600000,0.43600000,0.43780000,0.43560000,0.43680000,1668079.20000000
1764277200000,0.43680000,0.43900000,0.43520000,0.43580000,1557132.10000000
1764280800000,0.43580000,0.43650000,0.43150000,0.43260000,2014665.50000000
1764284400000,0.43270000,0.43470000,0.43180000,0.43310000,1655590.20000000
1764288000000,0.43300000,0.43340000,0.43020000,0.43040000,3079255.60000000
1764291600000,0.43040000,0.43050000,0.42250000,0.42310000,6846050.20000000
1764295200000,0.42310000,0.42580000,0.42170000,0.42480000,3006413.00000000
1764298800000,0.42490000,0.42670000,0.42350000,0.42610000,3372102.40000000
1764302400000,0.42620000,0.42700000,0.42490000,0.42500000,1946761.00000000
1764306000000,0.42490000,0.42800000,0.42360000,0.42670000,3266115.50000000
1764309600000,0.42670000,0.42680000,0.42250000,0.42440000,1836946.80000000
1764313200000,0.42450000,0.42800000,0.42400000,0.42420000,2199055.80000000
1764316800000,0.42410000,0.43670000,0.42410000,0.43590000,6489110.10000000
1764320400000,0.43590000,0.43710000,0.43190000,0.43270000,5702453.90000000
1764324000000,0.43280000,0.43310000,0.43100000,0.43210000,1716412.60000000
1764327600000,0.43220000,0.43220000,0.42410000,0.42590000,3332251.70000000
1764331200000,0.42580000,0.42690000,0.42370000,0.42440000,3838480.10000000
1764334800000,0.42430000,0.43220000,0.42300000,0.43030000,5830912.60000000
1764338400000,0.43030000,0.43400000,0.42730000,0.42850000,11887920.60000000
1764342000000,0.42860000,0.43470000,0.42680000,0.43260000,6851716.30000000
1764345600000,0.43260000,0.43280000,0.42310000,0.42340000,7176567.90000000
1764349200000,0.42340000,0.42370000,0.41760000,0.41880000,7128496.00000000
1764352800000,0.41890000,0.41990000,0.41480000,0.41890000,4371460.40000000
1764356400000,0.41890000,0.42240000,0.41870000,0.42140000,3636544.70000000
1764360000000,0.42150000,0.42190000,0.41830000,0.42130000,2139061.70000000
1764363600000,0.42130000,0.42190000,0.41880000,0.41900000,2245963.00000000
1764367200000,0.41900000,0.42170000,0.41740000,0.42150000,3125144.20000000
1764370800000,0.42150000,0.42290000,0.41920000,0.41990000,1737235.30000000
1764374400000,0.42000000,0.42080000,0.41870000,0.41980000,1203667.80000000
1764378000000,0.41970000,0.42200000,0.41850000,0.41970000,1759780.30000000
1764381600000,0.41960000,0.42000000,0.41690000,0.41790000,1165628.30000000
1764385200000,0.41790000,0.41870000,0.41620000,0.41630000,1749491.80000000
1764388800000,0.41620000,0.41870000,0.41490000,0.41820000,4617550.70000000
1764392400000,0.41820000,0.41840000,0.41630000,0.41640000,1278236.60000000
1764396000000,0.41640000,0.41810000,0.41340000,0.41570000,3966322.90000000
1764399600000,0.41580000,0.41740000,0.41500000,0.41540000,991531.00000000
1764403200000,0.41530000,0.41660000,0.41410000,0.41500000,1370019.30000000
1764406800000,0.41510000,0.41600000,0.41410000,0.41520000,1118267.40000000
1764410400000,0.41510000,0.41760000,0.41370000,0.41650000,2682902.20000000
1764414000000,0.41660000,0.41920000,0.41610000,0.41850000,1573331.40000000
1764417600000,0.41850000,0.41970000,0.41700000,0.41760000,2883512.60000000
1764421200000,0.41760000,0.41870000,0.41680000,0.41720000,2604470.10000000
1764424800000,0.41710000,0.41850000,0.41550000,0.41580000,2483440.80000000
1764428400000,0.41580000,0.42100000,0.41570000,0.42020000,3754247.50000000
1764432000000,0.42020000,0.42160000,0.41770000,0.41910000,1968782.90000000
1764435600000,0.41910000,0.41960000,0.41410000,0.41440000,3032097.50000000
1764439200000,0.41440000,0.41640000,0.41140000,0.41540000,3496377.30000000
1764442800000,0.41540000,0.41720000,0.41370000,0.41490000,1640273.50000000
1764446400000,0.41490000,0.41770000,0.41330000,0.41730000,2283672.80000000
1764450000000,0.41750000,0.41830000,0.41530000,0.41680000,1396935.20000000
1764453600000,0.41670000,0.41670000,0.41430000,0.41540000,1210271.50000000
1764457200000,0.41540000,0.41660000,0.41360000,0.41470000,1132645.90000000
1764460800000,0.41470000,0.41680000,0.41420000,0.41450000,686263.30000000
1764464400000,0.41450000,0.41680000,0.41390000,0.41580000,1601367.10000000
1764468000000,0.41580000,0.41770000,0.41420000,0.41440000,2057860.00000000
1764471600000,0.41440000,0.42040000,0.41350000,0.42000000,10498271.10000000
1764475200000,0.42010000,0.42050000,0.41650000,0.41780000,2241529.70000000
1764478800000,0.41770000,0.41830000,0.41500000,0.41670000,1660768.60000000
1764482400000,0.41670000,0.41890000,0.41550000,0.41680000,1355082.80000000
1764486000000,0.41670000,0.41970000,0.41640000,0.41850000,991036.70000000
1764489600000,0.41850000,0.42190000,0.41680000,0.41840000,4070415.50000000
1764493200000,0.41840000,0.42070000,0.41810000,0.42030000,1958702.60000000
1764496800000,0.42020000,0.42130000,0.41840000,0.41940000,2584817.70000000
1764500400000,0.41940000,0.42020000,0.41700000,0.41760000,1455676.60000000
1764504000000,0.41750000,0.42320000,0.41710000,0.42190000,2523114.60000000
1764507600000,0.42190000,0.42610000,0.42100000,0.42580000,4231649.40000000
1764511200000,0.42590000,0.42630000,0.42250000,0.42470000,2428558.00000000
1764514800000,0.42460000,0.42460000,0.42070000,0.42290000,2129493.70000000
1764518400000,0.42290000,0.42740000,0.42280000,0.42540000,2337367.30000000
1764522000000,0.42540000,0.42650000,0.42270000,0.42490000,2169506.50000000
1764525600000,0.42500000,0.42570000,0.42340000,0.42540000,1861536.50000000
1764529200000,0.42540000,0.42640000,0.42390000,0.42510000,1943293.90000000
1764532800000,0.42510000,0.42690000,0.42260000,0.42460000,1919973.10000000
1764536400000,0.42450000,0.42490000,0.42160000,0.42380000,1807635.10000000
1764540000000,0.42380000,0.42620000,0.42210000,0.42450000,1612178.90000000
1764543600000,0.42450000,0.42460000,0.41420000,0.41430000,5879550.30000000
1764547200000,0.41420000,0.41580000,0.38780000,0.38810000,40304873.70000000
1764550800000,0.38810000,0.39590000,0.38770000,0.38990000,27695512.50000000
1764554400000,0.38990000,0.39270000,0.38880000,0.39010000,11204147.60000000
1764558000000,0.39010000,0.39040000,0.38400000,0.38620000,8543920.10000000
1764561600000,0.38610000,0.38710000,0.38330000,0.38430000,6018776.40000000
1764565200000,0.38420000,0.38590000,0.38260000,0.38460000,6374392.10000000
1764568800000,0.38450000,0.38620000,0.38140000,0.38360000,6318087.90000000
1764572400000,0.38370000,0.38910000,0.38110000,0.38860000,8432808.60000000
1764576000000,0.38860000,0.38890000,0.38690000,0.38780000,4245246.30000000
1764579600000,0.38780000,0.38880000,0.38510000,0.38540000,4684756.70000000
1764583200000,0.38540000,0.38700000,0.38530000,0.38610000,1729905.40000000
1764586800000,0.38610000,0.38630000,0.38230000,0.38270000,3939134.40000000
1764590400000,0.38270000,0.38320000,0.37340000,0.37930000,17305678.30000000
1764594000000,0.37920000,0.38260000,0.37700000,0.37790000,9389162.90000000
1764597600000,0.37790000,0.38440000,0.37780000,0.38040000,6913780.70000000
1764601200000,0.38050000,0.38100000,0.37070000,0.37620000,13377595.30000000
1764604800000,0.37630000,0.37640000,0.37150000,0.37200000,5453278.50000000
1764608400000,0.37200000,0.37640000,0.37190000,0.37470000,4959435.10000000
1764612000000,0.37470000,0.37920000,0.37460000,0.37850000,4974566.80000000
1764615600000,0.37850000,0.37870000,0.37470000,0.37640000,2263630.70000000
1764619200000,0.37630000,0.38060000,0.37620000,0.37770000,4242660.70000000
1764622800000,0.37770000,0.38260000,0.37770000,0.38180000,4976281.50000000
1764626400000,0.38190000,0.38510000,0.38130000,0.38360000,3107807.70000000
1764630000000,0.38370000,0.38770000,0.38370000,0.38560000,2915736.90000000
1764633600000,0.38560000,0.38760000,0.38480000,0.38710000,2686768.40000000
1764637200000,0.38700000,0.39150000,0.38610000,0.38650000,3804930.80000000
1764640800000,0.38640000,0.39070000,0.38530000,0.38840000,4615018.90000000
1764644400000,0.38840000,0.39200000,0.38590000,0.39130000,3055843.00000000
1764648000000,0.39130000,0.39370000,0.39060000,0.39120000,3751447.10000000
1764651600000,0.39120000,0.39220000,0.38980000,0.39100000,3372723.40000000
1764655200000,0.39100000,0.39220000,0.38920000,0.39150000,2001193.40000000
1764658800000,0.39160000,0.39170000,0.38880000,0.38940000,1802579.10000000
1764662400000,0.38940000,0.38970000,0.38540000,0.38610000,4767323.60000000
1764666000000,0.38620000,0.38940000,0.38600000,0.38710000,3178415.40000000
1764669600000,0.38710000,0.39370000,0.38690000,0.39200000,4201294.80000000
1764673200000,0.39200000,0.39490000,0.39060000,0.39390000,3492307.90000000
1764676800000,0.39380000,0.39560000,0.39290000,0.39520000,4836840.70000000
1764680400000,0.39520000,0.39910000,0.39380000,0.39830000,4663283.10000000
1764684000000,0.39840000,0.40750000,0.39730000,0.40730000,11086368.00000000
1764687600000,0.40740000,0.43120000,0.40740000,0.42830000,31503893.80000000
1764691200000,0.42840000,0.43260000,0.42590000,0.42950000,18697713.40000000
1764694800000,0.42960000,0.43410000,0.42800000,0.42870000,8899510.10000000
1764698400000,0.42880000,0.43260000,0.42840000,0.43050000,6511476.80000000
1764702000000,0.43050000,0.43800000,0.42990000,0.43450000,6653112.10000000
1764705600000,0.43460000,0.43750000,0.43230000,0.43620000,11278454.10000000
1764709200000,0.43620000,0.43780000,0.43480000,0.43700000,4842687.40000000
1764712800000,0.43690000,0.43900000,0.43450000,0.43640000,6332805.60000000
1764716400000,0.43640000,0.43860000,0.43320000,0.43350000,4282652.30000000
1764720000000,0.43350000,0.43500000,0.42980000,0.43460000,6514052.70000000
1764723600000,0.43460000,0.43680000,0.43270000,0.43580000,3515704.80000000
1764727200000,0.43580000,0.43880000,0.43490000,0.43790000,5596088.40000000
1764730800000,0.43780000,0.43890000,0.43570000,0.43810000,3723198.60000000
1764734400000,0.43810000,0.44150000,0.43540000,0.44030000,7930974.60000000
1764738000000,0.44040000,0.44450000,0.43980000,0.44030000,6942045.20000000
1764741600000,0.44030000,0.44720000,0.44030000,0.44510000,6688944.90000000
1764745200000,0.44510000,0.44680000,0.44220000,0.44290000,3529494.10000000
1764748800000,0.44280000,0.44700000,0.44150000,0.44470000,2710743.30000000
1764752400000,0.44480000,0.44520000,0.43960000,0.44170000,4001966.40000000
1764756000000,0.44180000,0.44200000,0.43690000,0.43720000,3358456.30000000
1764759600000,0.43730000,0.43800000,0.43560000,0.43700000,3286771.60000000
1764763200000,0.43700000,0.43760000,0.43380000,0.43490000,5054997.60000000
1764766800000,0.43480000,0.43710000,0.43420000,0.43600000,3745421.90000000
1764770400000,0.43600000,0.44140000,0.42650000,0.43160000,19190449.90000000
1764774000000,0.43160000,0.43630000,0.43120000,0.43420000,5372768.70000000
1764777600000,0.43430000,0.43970000,0.43170000,0.43680000,4870304.60000000
1764781200000,0.43680000,0.44410000,0.43680000,0.44270000,5124101.30000000
1764784800000,0.44280000,0.44390000,0.44000000,0.44170000,4134687.40000000
1764788400000,0.44170000,0.44540000,0.44070000,0.44500000,2002331.30000000
1764792000000,0.44500000,0.44950000,0.44380000,0.44680000,5167860.60000000
1764795600000,0.44680000,0.45410000,0.44660000,0.45350000,7238916.90000000
1764799200000,0.45350000,0.45380000,0.44840000,0.45010000,6266116.30000000
1764802800000,0.45010000,0.45300000,0.44960000,0.44990000,4440806.00000000
1764806400000,0.45000000,0.45270000,0.44690000,0.45030000,5793699.00000000
1764810000000,0.45030000,0.45580000,0.44830000,0.44850000,6518176.70000000
1764813600000,0.44860000,0.45290000,0.44820000,0.45030000,3706958.20000000
1764817200000,0.45030000,0.45110000,0.44750000,0.44940000,3073959.40000000
1764820800000,0.44940000,0.45120000,0.44540000,0.44730000,4956475.90000000
1764824400000,0.44740000,0.44840000,0.44510000,0.44740000,4711390.30000000
1764828000000,0.44750000,0.45400000,0.44750000,0.45150000,6055725.10000000
1764831600000,0.45140000,0.45270000,0.44910000,0.45180000,4585824.40000000
1764835200000,0.45180000,0.45270000,0.44770000,0.44830000,4660764.40000000
1764838800000,0.44840000,0.45100000,0.44830000,0.44880000,3140210.70000000
1764842400000,0.44890000,0.44940000,0.44530000,0.44540000,2903679.00000000
1764846000000,0.44540000,0.44760000,0.44430000,0.44640000,1939366.00000000
1764849600000,0.44630000,0.44810000,0.44440000,0.44700000,1883539.20000000
1764853200000,0.44710000,0.44860000,0.44390000,0.44390000,5192416.00000000
1764856800000,0.44400000,0.44690000,0.43960000,0.44100000,6749257.50000000
1764860400000,0.44090000,0.45290000,0.44090000,0.45060000,9172902.80000000
1764864000000,0.45070000,0.45200000,0.44620000,0.44700000,5234547.80000000
1764867600000,0.44690000,0.44730000,0.44220000,0.44500000,2823778.40000000
1764871200000,0.44500000,0.44680000,0.44180000,0.44290000,1977074.20000000
1764874800000,0.44290000,0.44320000,0.43460000,0.44140000,8266244.40000000
1764878400000,0.44150000,0.44380000,0.43900000,0.44250000,4097043.90000000
1764882000000,0.44240000,0.44350000,0.43760000,0.43820000,2715080.30000000
1764885600000,0.43830000,0.44180000,0.43830000,0.44090000,1860867.60000000
1764889200000,0.44090000,0.44120000,0.43880000,0.43940000,1530506.10000000
1764892800000,0.43940000,0.44270000,0.43910000,0.44120000,2326473.50000000
1764896400000,0.44110000,0.44250000,0.43930000,0.43960000,1927325.70000000
1764900000000,0.43960000,0.44260000,0.43810000,0.44070000,2623340.60000000
1764903600000,0.44070000,0.44290000,0.43860000,0.43970000,2039879.90000000
1764907200000,0.43960000,0.44240000,0.43810000,0.43910000,2948282.40000000
1764910800000,0.43900000,0.43950000,0.43600000,0.43680000,3258599.40000000
1764914400000,0.43690000,0.44040000,0.43690000,0.43940000,3102134.70000000
1764918000000,0.43930000,0.44240000,0.43880000,0.44160000,2527118.70000000
1764921600000,0.44160000,0.44160000,0.43610000,0.43780000,2952997.40000000
1764925200000,0.43780000,0.43780000,0.42980000,0.43060000,5902944.20000000
1764928800000,0.43060000,0.43370000,0.42980000,0.43170000,2301784.30000000
1764932400000,0.43160000,0.43210000,0.42800000,0.43040000,3179668.30000000
1764936000000,0.43040000,0.43140000,0.42970000,0.43070000,2634464.30000000
1764939600000,0.43060000,0.43190000,0.42570000,0.42620000,5510222.80000000
1764943200000,0.42620000,0.42800000,0.42320000,0.42470000,5815585.10000000
1764946800000,0.42470000,0.43250000,0.42470000,0.42620000,9258937.10000000
1764950400000,0.42620000,0.42640000,0.40930000,0.41370000,16726275.90000000
1764954000000,0.41360000,0.41630000,0.41110000,0.41480000,4997140.50000000
1764957600000,0.41480000,0.41820000,0.41080000,0.41090000,5356032.20000000
1764961200000,0.41090000,0.41770000,0.40910000,0.41610000,4306721.40000000
1764964800000,0.41610000,0.41690000,0.41340000,0.41410000,2310708.60000000
1764968400000,0.41400000,0.41690000,0.41310000,0.41410000,2675770.90000000
1764972000000,0.41420000,0.41710000,0.41280000,0.41620000,1559224.10000000
1764975600000,0.41610000,0.41660000,0.41370000,0.41570000,1378186.20000000
1764979200000,0.41560000,0.41570000,0.41210000,0.41560000,2465463.90000000
1764982800000,0.41560000,0.41720000,0.41480000,0.41650000,1347736.10000000
1764986400000,0.41640000,0.41640000,0.41400000,0.41470000,878982.90000000
1764990000000,0.41480000,0.41780000,0.41460000,0.41670000,1378276.80000000
1764993600000,0.41660000,0.41700000,0.41370000,0.41450000,1375303.80000000
1764997200000,0.41460000,0.41520000,0.41360000,0.41420000,1163161.70000000
1765000800000,0.41430000,0.41500000,0.41220000,0.41250000,1281342.60000000
1765004400000,0.41250000,0.41320000,0.41020000,0.41170000,1779248.60000000
1765008000000,0.41170000,0.41230000,0.40990000,0.41020000,1166031.50000000
1765011600000,0.41020000,0.41350000,0.41010000,0.41270000,1039010.40000000
1765015200000,0.41270000,0.41280000,0.41080000,0.41160000,1035492.80000000
1765018800000,0.41150000,0.41530000,0.41140000,0.41490000,1515302.00000000
1765022400000,0.41480000,0.41590000,0.41290000,0.41430000,1585671.40000000
1765026000000,0.41430000,0.41460000,0.41230000,0.41230000,1119455.60000000
1765029600000,0.41240000,0.41670000,0.41170000,0.41550000,5400536.60000000
1765033200000,0.41560000,0.41640000,0.41330000,0.41480000,4113494.50000000
1765036800000,0.41470000,0.41880000,0.41450000,0.41670000,2892002.20000000
1765040400000,0.41660000,0.41940000,0.41560000,0.41920000,2560495.50000000
1765044000000,0.41920000,0.42130000,0.41720000,0.41770000,3493589.90000000
1765047600000,0.41770000,0.41820000,0.41210000,0.41300000,4045110.10000000
1765051200000,0.41300000,0.41490000,0.41300000,0.41460000,1336662.80000000
1765054800000,0.41450000,0.41690000,0.41370000,0.41440000,1827329.20000000
1765058400000,0.41430000,0.41560000,0.41290000,0.41360000,1083822.00000000
1765062000000,0.41370000,0.41400000,0.41110000,0.41380000,1595481.30000000
1765065600000,0.41380000,0.41680000,0.41350000,0.41600000,2050238.60000000
1765069200000,0.41600000,0.41640000,0.41460000,0.41460000,1152631.10000000
1765072800000,0.41460000,0.41860000,0.41460000,0.41810000,1328348.00000000
1765076400000,0.41810000,0.41970000,0.41700000,0.41930000,1498308.80000000
1765080000000,0.41930000,0.42000000,0.41710000,0.41740000,1189248.80000000
1765083600000,0.41740000,0.41790000,0.41390000,0.41590000,2750744.50000000
1765087200000,0.41580000,0.42000000,0.41550000,0.41950000,3352665.70000000
1765090800000,0.41960000,0.42070000,0.41680000,0.41730000,3205062.30000000
1765094400000,0.41740000,0.41960000,0.41600000,0.41790000,1846903.70000000
1765098000000,0.41790000,0.41910000,0.41450000,0.41530000,1887752.60000000
1765101600000,0.41520000,0.41680000,0.41470000,0.41560000,971722.30000000
1765105200000,0.41560000,0.41600000,0.41430000,0.41500000,926473.20000000
1765108800000,0.41490000,0.41890000,0.41460000,0.41840000,1591175.80000000
1765112400000,0.41840000,0.41940000,0.41380000,0.41640000,3486976.70000000
1765116000000,0.41630000,0.41680000,0.40570000,0.40760000,20621155.90000000
1765119600000,0.40750000,0.42020000,0.40670000,0.41990000,8871497.70000000
1765123200000,0.41990000,0.42550000,0.41810000,0.42540000,6939503.90000000
1765126800000,0.42540000,0.43190000,0.42200000,0.43010000,11834649.70000000
1765130400000,0.43010000,0.43500000,0.43010000,0.43230000,6186791.60000000
1765134000000,0.43230000,0.43340000,0.43000000,0.43190000,2613054.10000000
1765137600000,0.43190000,0.43320000,0.43090000,0.43130000,2460062.30000000
1765141200000,0.43130000,0.43130000,0.41870000,0.42100000,6562510.10000000
1765144800000,0.42090000,0.42090000,0.41100000,0.41490000,8350498.30000000
1765148400000,0.41480000,0.41800000,0.41330000,0.41730000,2779384.60000000
1765152000000,0.41740000,0.41870000,0.41440000,0.41590000,5215562.40000000
1765155600000,0.41590000,0.42710000,0.41570000,0.42090000,3789167.30000000
1765159200000,0.42100000,0.42490000,0.42030000,0.42430000,1783336.30000000
1765162800000,0.42440000,0.42590000,0.42220000,0.42280000,1515057.60000000
1765166400000,0.42290000,0.42760000,0.42260000,0.42620000,1591494.30000000
1765170000000,0.42620000,0.42660000,0.42350000,0.42590000,1726416.50000000
1765173600000,0.42590000,0.42910000,0.42490000,0.42790000,1770655.90000000
1765177200000,0.42790000,0.43030000,0.42650000,0.42910000,2641274.90000000
1765180800000,0.42910000,0.43310000,0.42830000,0.43170000,3277045.10000000
1765184400000,0.43170000,0.43910000,0.43150000,0.43450000,8007075.00000000
1765188000000,0.43460000,0.43580000,0.43280000,0.43390000,11848812.70000000
1765191600000,0.43380000,0.43430000,0.42990000,0.43170000,4140717.90000000
1765195200000,0.43170000,0.43350000,0.43000000,0.43310000,2618995.80000000
1765198800000,0.43320000,0.43580000,0.43240000,0.43440000,4055274.00000000
1765202400000,0.43440000,0.44000000,0.43200000,0.43520000,11132086.30000000
1765206000000,0.43520000,0.43840000,0.43020000,0.43530000,10340624.60000000
1765209600000,0.43530000,0.43980000,0.43290000,0.43570000,5579684.20000000
1765213200000,0.43570000,0.44140000,0.43440000,0.43790000,5648734.20000000
1765216800000,0.43780000,0.43840000,0.43010000,0.43240000,5033815.60000000
1765220400000,0.43230000,0.43580000,0.43150000,0.43430000,4048141.60000000
1765224000000,0.43440000,0.43740000,0.43370000,0.43550000,2733017.40000000
1765227600000,0.43550000,0.43690000,0.43370000,0.43650000,2697772.90000000
1765231200000,0.43650000,0.43710000,0.43300000,0.43350000,1515060.70000000
1765234800000,0.43340000,0.43440000,0.42960000,0.43280000,2721378.10000000
1765238400000,0.43280000,0.43470000,0.43050000,0.43220000,1997818.00000000
1765242000000,0.43220000,0.43230000,0.42760000,0.42840000,2076178.40000000
1765245600000,0.42840000,0.43150000,0.42810000,0.42950000,2125298.00000000
1765249200000,0.42960000,0.43280000,0.42690000,0.43200000,3979833.50000000
1765252800000,0.43210000,0.43260000,0.42560000,0.42610000,2511560.90000000
1765256400000,0.42610000,0.42930000,0.42400000,0.42700000,3996045.30000000
1765260000000,0.42700000,0.42920000,0.42510000,0.42640000,2685025.10000000
1765263600000,0.42640000,0.42880000,0.42540000,0.42770000,3089827.80000000
1765267200000,0.42760000,0.42890000,0.42580000,0.42670000,3262350.80000000
1765270800000,0.42660000,0.42660000,0.42390000,0.42520000,1931025.60000000
1765274400000,0.42520000,0.42860000,0.42470000,0.42830000,8136348.70000000
1765278000000,0.42820000,0.44400000,0.42770000,0.43790000,18054060.60000000
1765281600000,0.43790000,0.44800000,0.43680000,0.44790000,20843029.30000000
1765285200000,0.44790000,0.45540000,0.44700000,0.45060000,27673490.80000000
1765288800000,0.45060000,0.45380000,0.44840000,0.45150000,14656241.00000000
1765292400000,0.45150000,0.46970000,0.45110000,0.46720000,31830312.00000000
1765296000000,0.46710000,0.47920000,0.46710000,0.47550000,30284253.20000000
1765299600000,0.47560000,0.48060000,0.47520000,0.47840000,18516417.80000000
1765303200000,0.47840000,0.48420000,0.47760000,0.47960000,14308409.50000000
1765306800000,0.47960000,0.47970000,0.47550000,0.47670000,7392618.20000000
1765310400000,0.47670000,0.48170000,0.47060000,0.47370000,15113672.20000000
1765314000000,0.47380000,0.47830000,0.46420000,0.47030000,12045960.20000000
1765317600000,0.47030000,0.47520000,0.46880000,0.47000000,5354356.80000000
1765321200000,0.46990000,0.47080000,0.46760000,0.46970000,4446601.50000000
1765324800000,0.46970000,0.47190000,0.46400000,0.46410000,6381874.40000000
1765328400000,0.46410000,0.46640000,0.46290000,0.46460000,4015990.80000000
1765332000000,0.46450000,0.46570000,0.46210000,0.46330000,3454085.60000000
1765335600000,0.46320000,0.46510000,0.46180000,0.46260000,4429028.60000000
1765339200000,0.46260000,0.46560000,0.46140000,0.46460000,5030723.00000000
1765342800000,0.46460000,0.46580000,0.46290000,0.46420000,4220753.00000000
1765346400000,0.46410000,0.46460000,0.46240000,0.46340000,7062483.60000000
1765350000000,0.46350000,0.46350000,0.45830000,0.46140000,6016417.40000000
1765353600000,0.46130000,0.46340000,0.45950000,0.46220000,22336639.70000000
1765357200000,0.46220000,0.47500000,0.46110000,0.47340000,15809458.70000000
1765360800000,0.47340000,0.47610000,0.46200000,0.46340000,15848098.60000000
1765364400000,0.46340000,0.46620000,0.46080000,0.46570000,5840425.10000000
1765368000000,0.46570000,0.46640000,0.46160000,0.46380000,4131702.00000000
1765371600000,0.46380000,0.46640000,0.46290000,0.46380000,3373540.50000000
1765375200000,0.46380000,0.46410000,0.46130000,0.46340000,4760898.20000000
1765378800000,0.46330000,0.46620000,0.46100000,0.46190000,4657497.20000000
1765382400000,0.46190000,0.46520000,0.46030000,0.46250000,5132120.80000000
1765386000000,0.46250000,0.46580000,0.46200000,0.46270000,2664138.90000000
1765389600000,0.46260000,0.46880000,0.46150000,0.46400000,5994534.80000000
1765393200000,0.46400000,0.47110000,0.45720000,0.46490000,21924303.90000000
1765396800000,0.46500000,0.47470000,0.45980000,0.46150000,20779790.90000000
1765400400000,0.46150000,0.46380000,0.45610000,0.45680000,5438628.20000000
1765404000000,0.45680000,0.45950000,0.45260000,0.45720000,5812592.30000000
1765407600000,0.45710000,0.45820000,0.45220000,0.45360000,3457797.20000000
1765411200000,0.45360000,0.45500000,0.44330000,0.44480000,9947189.70000000
1765414800000,0.44470000,0.44470000,0.43860000,0.43870000,7612019.60000000
1765418400000,0.43870000,0.43940000,0.43490000,0.43710000,7912789.60000000
1765422000000,0.43700000,0.43700000,0.42910000,0.42970000,10245714.20000000
1765425600000,0.42970000,0.43460000,0.42740000,0.43240000,7718475.10000000
1765429200000,0.43230000,0.43230000,0.42950000,0.43120000,5152018.20000000
1765432800000,0.43110000,0.43250000,0.42680000,0.42900000,7827234.30000000
1765436400000,0.42890000,0.42950000,0.42470000,0.42670000,8764919.70000000
1765440000000,0.42680000,0.42680000,0.42140000,0.42330000,8179783.30000000
1765443600000,0.42320000,0.42630000,0.42180000,0.42450000,5329536.10000000
1765447200000,0.42450000,0.42480000,0.42180000,0.42360000,3867370.70000000
1765450800000,0.42360000,0.42470000,0.41960000,0.42050000,17530787.80000000
1765454400000,0.42040000,0.42050000,0.41420000,0.41660000,37577927.10000000
1765458000000,0.41670000,0.41750000,0.41440000,0.41570000,14001134.70000000
1765461600000,0.41570000,0.41810000,0.41170000,0.41300000,14088143.80000000
1765465200000,0.41300000,0.42160000,0.41230000,0.41750000,13992499.50000000
1765468800000,0.41750000,0.41820000,0.41150000,0.41280000,9109760.80000000
1765472400000,0.41290000,0.41430000,0.41060000,0.41100000,12042641.40000000
1765476000000,0.41090000,0.41810000,0.40930000,0.41430000,9900307.00000000
1765479600000,0.41440000,0.42230000,0.41300000,0.41760000,9131276.30000000
1765483200000,0.41760000,0.42320000,0.41710000,0.42240000,9189040.50000000
1765486800000,0.42240000,0.42800000,0.42140000,0.42580000,13731474.20000000
1765490400000,0.42580000,0.42730000,0.42070000,0.42300000,7689859.50000000
1765494000000,0.42300000,0.42620000,0.42110000,0.42550000,4482458.00000000
1765497600000,0.42550000,0.42720000,0.41760000,0.41810000,6880558.30000000
1765501200000,0.41810000,0.42420000,0.41810000,0.42120000,4738148.80000000
1765504800000,0.42120000,0.42500000,0.42020000,0.42360000,2670993.30000000
1765508400000,0.42360000,0.42440000,0.42050000,0.42260000,3992988.20000000
1765512000000,0.42250000,0.42310000,0.41990000,0.42090000,3646462.60000000
1765515600000,0.42090000,0.42520000,0.41940000,0.42510000,3878479.60000000
1765519200000,0.42520000,0.42930000,0.42450000,0.42530000,5527709.50000000
1765522800000,0.42530000,0.42830000,0.42450000,0.42630000,2605533.50000000
1765526400000,0.42630000,0.42680000,0.42290000,0.42380000,2085558.30000000
1765530000000,0.42380000,0.42680000,0.42130000,0.42630000,3566211.70000000
1765533600000,0.42630000,0.42750000,0.42590000,0.42670000,3566362.50000000
1765537200000,0.42660000,0.42670000,0.42400000,0.42450000,2852410.90000000
1765540800000,0.42440000,0.42720000,0.42350000,0.42670000,2739974.10000000
1765544400000,0.42680000,0.42680000,0.42460000,0.42540000,3906896.80000000
1765548000000,0.42550000,0.42680000,0.42260000,0.42450000,4349199.90000000
1765551600000,0.42440000,0.42440000,0.40650000,0.40840000,21061602.00000000
1765555200000,0.40830000,0.41110000,0.40350000,0.40480000,19222082.30000000
1765558800000,0.40480000,0.40980000,0.40450000,0.40840000,26591215.30000000
1765562400000,0.40840000,0.41580000,0.40790000,0.41240000,6212579.30000000
1765566000000,0.41250000,0.41260000,0.40840000,0.40960000,5761892.80000000
1765569600000,0.40950000,0.41130000,0.40880000,0.41010000,3697202.10000000
1765573200000,0.41010000,0.41150000,0.40890000,0.40980000,2287737.00000000
1765576800000,0.40980000,0.41140000,0.40950000,0.41050000,1930241.70000000
1765580400000,0.41060000,0.41100000,0.40790000,0.40910000,1825925.80000000
1765584000000,0.40900000,0.41090000,0.40900000,0.41030000,1867419.70000000
1765587600000,0.41030000,0.41130000,0.40950000,0.41010000,1004077.40000000
1765591200000,0.41010000,0.41190000,0.41000000,0.41010000,1442106.00000000
1765594800000,0.41010000,0.41110000,0.40910000,0.40910000,1199748.30000000
1765598400000,0.40920000,0.41120000,0.40880000,0.41080000,2008105.00000000
1765602000000,0.41070000,0.41220000,0.40970000,0.41020000,2344217.50000000
1765605600000,0.41010000,0.41090000,0.40810000,0.41000000,3631155.00000000
1765609200000,0.41010000,0.41100000,0.40960000,0.41050000,1369738.30000000
1765612800000,0.41050000,0.41400000,0.41000000,0.41210000,2087121.50000000
1765616400000,0.41210000,0.41250000,0.41110000,0.41180000,1237714.80000000
1765620000000,0.41170000,0.41570000,0.41130000,0.41500000,1588816.20000000
1765623600000,0.41510000,0.41540000,0.41140000,0.41230000,1698929.80000000
1765627200000,0.41220000,0.41360000,0.41120000,0.41230000,1051864.60000000
1765630800000,0.41230000,0.41340000,0.41080000,0.41300000,1864140.70000000
1765634400000,0.41310000,0.41370000,0.41050000,0.41190000,1856403.20000000
1765638000000,0.41190000,0.41470000,0.41180000,0.41320000,2102729.20000000
1765641600000,0.41310000,0.41440000,0.41170000,0.41200000,1313325.00000000
1765645200000,0.41190000,0.41200000,0.40890000,0.41090000,3707259.90000000
1765648800000,0.41090000,0.41190000,0.40980000,0.41010000,1071667.90000000
1765652400000,0.41000000,0.41150000,0.40960000,0.41020000,1016315.20000000
1765656000000,0.41030000,0.41150000,0.41000000,0.41030000,822625.50000000
1765659600000,0.41030000,0.41040000,0.40610000,0.40950000,3562583.60000000
1765663200000,0.40950000,0.41120000,0.40790000,0.40890000,2042141.10000000
1765666800000,0.40890000,0.41110000,0.40820000,0.41050000,1574297.70000000
1765670400000,0.41060000,0.41160000,0.40910000,0.40970000,1381672.30000000
1765674000000,0.40970000,0.41040000,0.40910000,0.40970000,1248150.50000000
1765677600000,0.40970000,0.41110000,0.40950000,0.41030000,1595523.10000000
1765681200000,0.41030000,0.41080000,0.40870000,0.40980000,1712862.20000000
1765684800000,0.40970000,0.41020000,0.40750000,0.40760000,2479900.40000000
1765688400000,0.40760000,0.40800000,0.40640000,0.40780000,3790474.50000000
1765692000000,0.40780000,0.40870000,0.40620000,0.40740000,1373321.90000000
1765695600000,0.40740000,0.40900000,0.40700000,0.40780000,1134567.70000000
1765699200000,0.40780000,0.40970000,0.40690000,0.40690000,1516497.70000000
1765702800000,0.40690000,0.40770000,0.40570000,0.40710000,1685441.90000000
1765706400000,0.40720000,0.40780000,0.40460000,0.40690000,2834974.80000000
1765710000000,0.40690000,0.40690000,0.39760000,0.40340000,13031676.90000000
1765713600000,0.40340000,0.40510000,0.40130000,0.40360000,3878971.50000000
1765717200000,0.40360000,0.40380000,0.39960000,0.40230000,6367376.90000000
1765720800000,0.40240000,0.40330000,0.39700000,0.39950000,8431914.00000000
1765724400000,0.39940000,0.40050000,0.39840000,0.39930000,4902474.10000000
1765728000000,0.39930000,0.40260000,0.39840000,0.39980000,6354522.10000000
1765731600000,0.39980000,0.40040000,0.39560000,0.39700000,4871766.90000000
1765735200000,0.39700000,0.40020000,0.39670000,0.40000000,3287949.00000000
1765738800000,0.40000000,0.40010000,0.39640000,0.39860000,4029442.40000000
1765742400000,0.39860000,0.40030000,0.39680000,0.39760000,3950103.90000000
1765746000000,0.39770000,0.39820000,0.39440000,0.39550000,4198568.70000000
1765749600000,0.39550000,0.39760000,0.39350000,0.39700000,4019117.10000000
1765753200000,0.39700000,0.39880000,0.39150000,0.39630000,5500853.30000000
1765756800000,0.39630000,0.39980000,0.39560000,0.39790000,3621285.30000000
1765760400000,0.39790000,0.40340000,0.39730000,0.40180000,3594056.30000000
1765764000000,0.40180000,0.40770000,0.40150000,0.40230000,4109900.20000000
1765767600000,0.40240000,0.40310000,0.40050000,0.40150000,1484227.60000000
1765771200000,0.40150000,0.40420000,0.40130000,0.40360000,3183436.70000000
1765774800000,0.40380000,0.40520000,0.40320000,0.40430000,1113231.00000000
1765778400000,0.40430000,0.40650000,0.40320000,0.40500000,1642984.40000000
1765782000000,0.40510000,0.40580000,0.40130000,0.40220000,1458516.50000000
1765785600000,0.40220000,0.40330000,0.40040000,0.40070000,2785653.30000000
1765789200000,0.40070000,0.40460000,0.40050000,0.40360000,1982462.60000000
1765792800000,0.40370000,0.40590000,0.40260000,0.40450000,2921328.90000000
1765796400000,0.40450000,0.40520000,0.40260000,0.40300000,1355055.80000000
1765800000000,0.40300000,0.40410000,0.40150000,0.40250000,1956875.50000000
1765803600000,0.40260000,0.40310000,0.40010000,0.40090000,4137058.30000000
1765807200000,0.40090000,0.40530000,0.38930000,0.39270000,11722153.90000000
1765810800000,0.39260000,0.39480000,0.38220000,0.38550000,24476997.30000000
1765814400000,0.38550000,0.39050000,0.38010000,0.38240000,13526557.40000000
1765818000000,0.38250000,0.38350000,0.37910000,0.38110000,8594830.30000000
1765821600000,0.38110000,0.38300000,0.37730000,0.38270000,5190697.90000000
1765825200000,0.38280000,0.38840000,0.38250000,0.38470000,4757862.00000000
1765828800000,0.38470000,0.38470000,0.37970000,0.38090000,5508936.90000000
1765832400000,0.38090000,0.38440000,0.38040000,0.38390000,2371120.80000000
1765836000000,0.38390000,0.38510000,0.38210000,0.38500000,2197044.90000000
1765839600000,0.38500000,0.38840000,0.38460000,0.38820000,2995685.80000000
1765843200000,0.38820000,0.39000000,0.38390000,0.38410000,3283994.30000000
1765846800000,0.38410000,0.38650000,0.38290000,0.38400000,3440158.00000000
1765850400000,0.38400000,0.38600000,0.38130000,0.38210000,4925085.10000000
1765854000000,0.38210000,0.38310000,0.38000000,0.38280000,3614769.20000000
1765857600000,0.38270000,0.38320000,0.37750000,0.38250000,5029449.70000000
1765861200000,0.38260000,0.38270000,0.38040000,0.38130000,2985241.20000000
1765864800000,0.38140000,0.38480000,0.38120000,0.38440000,2566207.80000000
1765868400000,0.38440000,0.38530000,0.37970000,0.38040000,3272422.80000000
1765872000000,0.38030000,0.38290000,0.38010000,0.38140000,3106764.90000000
1765875600000,0.38140000,0.38180000,0.37990000,0.38110000,3187159.20000000
1765879200000,0.38110000,0.39070000,0.38040000,0.38780000,5224588.10000000
1765882800000,0.38790000,0.38870000,0.38560000,0.38810000,3982758.90000000
1765886400000,0.38810000,0.38910000,0.38620000,0.38720000,2102406.10000000
1765890000000,0.38720000,0.39070000,0.38110000,0.38120000,12981729.90000000
1765893600000,0.38120000,0.38880000,0.37830000,0.38680000,11698255.20000000
1765897200000,0.38680000,0.39160000,0.38350000,0.39010000,6662842.60000000
1765900800000,0.39010000,0.39080000,0.38620000,0.38770000,3603875.10000000
1765904400000,0.38760000,0.38920000,0.38440000,0.38470000,1992175.20000000
1765908000000,0.38470000,0.38970000,0.38390000,0.38820000,2672004.40000000
1765911600000,0.38820000,0.38840000,0.38430000,0.38720000,1972800.30000000
1765915200000,0.38710000,0.38850000,0.38620000,0.38650000,2045343.30000000
1765918800000,0.38650000,0.38790000,0.38530000,0.38690000,1119663.50000000
1765922400000,0.38690000,0.38760000,0.38530000,0.38590000,1198717.90000000
1765926000000,0.38600000,0.38620000,0.38450000,0.38590000,1503318.50000000
1765929600000,0.38590000,0.38590000,0.38250000,0.38380000,1067860.40000000
1765933200000,0.38380000,0.38790000,0.38380000,0.38450000,1859523.70000000
1765936800000,0.38450000,0.38580000,0.38230000,0.38490000,1738371.40000000
1765940400000,0.38500000,0.38600000,0.38270000,0.38340000,1791733.10000000
1765944000000,0.38350000,0.38380000,0.37930000,0.37990000,6252737.30000000
1765947600000,0.37990000,0.38090000,0.37620000,0.38030000,4412113.70000000
1765951200000,0.38020000,0.38170000,0.37990000,0.38030000,2081526.60000000
1765954800000,0.38040000,0.38220000,0.37930000,0.38090000,1886358.20000000
1765958400000,0.38090000,0.38100000,0.37790000,0.37870000,1927815.80000000
1765962000000,0.37870000,0.37910000,0.37680000,0.37800000,1713720.00000000
1765965600000,0.37790000,0.37910000,0.37680000,0.37770000,1659165.30000000
1765969200000,0.37770000,0.38110000,0.37740000,0.38060000,1259706.30000000
1765972800000,0.38060000,0.38200000,0.38010000,0.38040000,2566758.10000000
1765976400000,0.38050000,0.38600000,0.37890000,0.38450000,4170026.40000000
1765980000000,0.38450000,0.39530000,0.37840000,0.39520000,14675530.90000000
1765983600000,0.39520000,0.40010000,0.38030000,0.38200000,27034078.30000000
1765987200000,0.38190000,0.38490000,0.36970000,0.37560000,23117532.10000000
1765990800000,0.37560000,0.37590000,0.36760000,0.36940000,11098477.50000000
1765994400000,0.36940000,0.37300000,0.36570000,0.36710000,6816937.10000000
1765998000000,0.36710000,0.36920000,0.36390000,0.36880000,6379995.00000000
1766001600000,0.36880000,0.37200000,0.36660000,0.36850000,4408412.50000000
1766005200000,0.36850000,0.36960000,0.36540000,0.36630000,2279157.60000000
1766008800000,0.36630000,0.36880000,0.36470000,0.36820000,2672791.10000000
1766012400000,0.36820000,0.36820000,0.36570000,0.36730000,2030293.80000000
1766016000000,0.36730000,0.36770000,0.36560000,0.36690000,2594936.50000000
1766019600000,0.36680000,0.36680000,0.36280000,0.36460000,3791267.50000000
1766023200000,0.36460000,0.36880000,0.36370000,0.36760000,2421157.60000000
1766026800000,0.36750000,0.36760000,0.36350000,0.36500000,3895849.80000000
1766030400000,0.36500000,0.36680000,0.36480000,0.36520000,1917328.70000000
1766034000000,0.36530000,0.36530000,0.36070000,0.36130000,4184462.00000000
1766037600000,0.36130000,0.36250000,0.36070000,0.36180000,3100587.80000000
1766041200000,0.36180000,0.36320000,0.36090000,0.36230000,4483993.00000000
1766044800000,0.36230000,0.36500000,0.36190000,0.36260000,9279902.60000000
1766048400000,0.36260000,0.36490000,0.36160000,0.36410000,3750101.10000000
1766052000000,0.36410000,0.36590000,0.36350000,0.36480000,4713667.60000000
1766055600000,0.36470000,0.36500000,0.36250000,0.36480000,2524896.10000000
1766059200000,0.36480000,0.36660000,0.36360000,0.36570000,1860724.30000000
1766062800000,0.36570000,0.37640000,0.36570000,0.37580000,15734325.40000000
1766066400000,0.37570000,0.37940000,0.36810000,0.37040000,11667904.70000000
1766070000000,0.37050000,0.37690000,0.36810000,0.37310000,7127757.00000000
1766073600000,0.37320000,0.37360000,0.37020000,0.37160000,3530859.80000000
1766077200000,0.37160000,0.37170000,0.35060000,0.35860000,30489141.80000000
1766080800000,0.35860000,0.36240000,0.35410000,0.35490000,5870064.30000000
1766084400000,0.35480000,0.35610000,0.34680000,0.34780000,14647396.10000000
1766088000000,0.34770000,0.35190000,0.34720000,0.34800000,6343156.30000000
1766091600000,0.34800000,0.35460000,0.34780000,0.35460000,4951638.80000000
1766095200000,0.35470000,0.35550000,0.35280000,0.35430000,2486681.70000000
1766098800000,0.35430000,0.35440000,0.35090000,0.35140000,3094000.00000000
1766102400000,0.35130000,0.35260000,0.34810000,0.35010000,4041267.90000000
1766106000000,0.35000000,0.35000000,0.34660000,0.34820000,4438688.10000000
1766109600000,0.34810000,0.35170000,0.34690000,0.35070000,4533176.20000000
1766113200000,0.35070000,0.36300000,0.35030000,0.35970000,13302271.10000000
1766116800000,0.35970000,0.36250000,0.35970000,0.36140000,3751598.90000000
1766120400000,0.36150000,0.36160000,0.35950000,0.36050000,2886728.10000000
1766124000000,0.36050000,0.36370000,0.35990000,0.36370000,2981119.90000000
1766127600000,0.36370000,0.36960000,0.36360000,0.36650000,5961690.70000000
1766131200000,0.36650000,0.36750000,0.36470000,0.36710000,2962821.50000000
1766134800000,0.36700000,0.36710000,0.36570000,0.36590000,2178079.80000000
1766138400000,0.36600000,0.36700000,0.36500000,0.36600000,2338188.00000000
1766142000000,0.36600000,0.36720000,0.36530000,0.36620000,2569713.60000000
1766145600000,0.36630000,0.36760000,0.36500000,0.36690000,2579400.40000000
1766149200000,0.36690000,0.36780000,0.36570000,0.36660000,2365270.00000000
1766152800000,0.36660000,0.37320000,0.36560000,0.37090000,9401628.60000000
1766156400000,0.37090000,0.37900000,0.36960000,0.37110000,9569227.50000000
1766160000000,0.37110000,0.37990000,0.37080000,0.37420000,7586202.30000000
1766163600000,0.37420000,0.37750000,0.36920000,0.36940000,8018629.70000000
1766167200000,0.36940000,0.37430000,0.36920000,0.37310000,4014863.80000000
1766170800000,0.37320000,0.38090000,0.37320000,0.37810000,5749790.10000000
1766174400000,0.37810000,0.38070000,0.37740000,0.37940000,4965031.80000000
1766178000000,0.37930000,0.37930000,0.37510000,0.37560000,2185163.30000000
1766181600000,0.37560000,0.37830000,0.37560000,0.37780000,1940737.80000000
1766185200000,0.37770000,0.37790000,0.37660000,0.37670000,927944.80000000
1766188800000,0.37670000,0.37720000,0.37540000,0.37590000,1519295.20000000
1766192400000,0.37590000,0.37680000,0.37410000,0.37420000,1137695.40000000
1766196000000,0.37420000,0.37540000,0.37340000,0.37460000,2141161.60000000
1766199600000,0.37460000,0.37600000,0.37390000,0.37430000,1496400.30000000
1766203200000,0.37430000,0.37440000,0.37230000,0.37240000,1540438.20000000
1766206800000,0.37230000,0.37520000,0.37230000,0.37330000,1480946.60000000
1766210400000,0.37320000,0.37390000,0.37310000,0.37380000,764068.30000000
1766214000000,0.37380000,0.37460000,0.37250000,0.37440000,2189542.70000000
1766217600000,0.37440000,0.37840000,0.37440000,0.37650000,3135833.60000000
1766221200000,0.37640000,0.38060000,0.37640000,0.37930000,3448437.80000000
1766224800000,0.37940000,0.38000000,0.37710000,0.37820000,2255729.10000000
1766228400000,0.37820000,0.37920000,0.37730000,0.37860000,1547242.80000000
1766232000000,0.37860000,0.37880000,0.37650000,0.37700000,1010406.40000000
1766235600000,0.37700000,0.37790000,0.37440000,0.37730000,2951832.00000000
1766239200000,0.37740000,0.37950000,0.37490000,0.37900000,1981695.30000000
1766242800000,0.37910000,0.37930000,0.37640000,0.37750000,2705573.90000000
1766246400000,0.37760000,0.37810000,0.37540000,0.37630000,3304918.70000000
1766250000000,0.37640000,0.37700000,0.37510000,0.37620000,1520285.50000000
1766253600000,0.37620000,0.37730000,0.37580000,0.37650000,1405892.90000000
1766257200000,0.37660000,0.37730000,0.37540000,0.37550000,726576.10000000
1766260800000,0.37550000,0.37610000,0.37480000,0.37580000,1607636.80000000
1766264400000,0.37570000,0.37650000,0.37460000,0.37470000,1687306.20000000
1766268000000,0.37470000,0.37580000,0.37330000,0.37540000,1213259.50000000
1766271600000,0.37530000,0.37550000,0.37270000,0.37300000,2287072.70000000
1766275200000,0.37310000,0.37390000,0.37170000,0.37270000,1442518.90000000
1766278800000,0.37270000,0.37270000,0.36960000,0.36970000,2875569.60000000
1766282400000,0.36970000,0.37100000,0.36750000,0.36850000,2645208.00000000
1766286000000,0.36850000,0.37050000,0.36830000,0.36960000,1770952.50000000
1766289600000,0.36960000,0.36960000,0.36790000,0.36820000,1411087.40000000
1766293200000,0.36820000,0.36950000,0.36770000,0.36800000,951333.40000000
1766296800000,0.36800000,0.36920000,0.36770000,0.36850000,2180818.70000000
1766300400000,0.36850000,0.36870000,0.36700000,0.36740000,2498749.60000000
1766304000000,0.36750000,0.37200000,0.36660000,0.37080000,4472154.00000000
1766307600000,0.37090000,0.37470000,0.36990000,0.37310000,5242352.90000000
1766311200000,0.37310000,0.37410000,0.37010000,0.37070000,4087717.20000000
1766314800000,0.37070000,0.37100000,0.36940000,0.37000000,2382921.30000000
1766318400000,0.37010000,0.37240000,0.36710000,0.36780000,3154983.40000000
1766322000000,0.36780000,0.36790000,0.35760000,0.35850000,14493150.90000000
1766325600000,0.35840000,0.36210000,0.35780000,0.36110000,5766452.40000000
1766329200000,0.36100000,0.36220000,0.35890000,0.36100000,3633381.60000000
1766332800000,0.36100000,0.36400000,0.36000000,0.36310000,2088470.90000000
1766336400000,0.36310000,0.36580000,0.36270000,0.36310000,3826757.10000000
1766340000000,0.36310000,0.36370000,0.36080000,0.36340000,2413985.00000000
1766343600000,0.36350000,0.36580000,0.36310000,0.36510000,2490574.20000000
1766347200000,0.36520000,0.36520000,0.36200000,0.36230000,916840.50000000
1766350800000,0.36230000,0.36350000,0.36000000,0.36040000,1846428.30000000
1766354400000,0.36040000,0.36500000,0.35920000,0.36490000,3180391.30000000
1766358000000,0.36480000,0.36840000,0.36410000,0.36620000,4268967.70000000
1766361600000,0.36620000,0.37540000,0.36590000,0.36740000,14624180.60000000
1766365200000,0.36740000,0.37270000,0.36690000,0.36730000,4385632.40000000
1766368800000,0.36720000,0.36740000,0.36190000,0.36510000,6132566.60000000
1766372400000,0.36510000,0.36870000,0.36390000,0.36730000,1819074.40000000
1766376000000,0.36730000,0.36820000,0.36560000,0.36700000,2386595.20000000
1766379600000,0.36700000,0.36770000,0.36560000,0.36590000,1281610.10000000
1766383200000,0.36580000,0.36770000,0.36500000,0.36630000,3794933.10000000
1766386800000,0.36630000,0.36990000,0.36580000,0.36840000,3154336.00000000
1766390400000,0.36840000,0.37160000,0.36690000,0.36830000,3929242.30000000
1766394000000,0.36830000,0.37050000,0.36770000,0.36940000,2299616.50000000
1766397600000,0.36950000,0.37040000,0.36800000,0.36940000,3031817.20000000
1766401200000,0.36950000,0.37210000,0.36850000,0.37090000,3015515.00000000
1766404800000,0.37090000,0.37690000,0.37090000,0.37360000,5559074.30000000
1766408400000,0.37360000,0.37500000,0.37220000,0.37380000,3428414.30000000
1766412000000,0.37380000,0.37800000,0.37240000,0.37760000,7116636.60000000
1766415600000,0.37760000,0.38220000,0.37400000,0.37930000,14747774.70000000
1766419200000,0.37940000,0.38150000,0.37740000,0.37890000,5512797.30000000
1766422800000,0.37880000,0.38000000,0.37630000,0.37820000,3933644.50000000
1766426400000,0.37810000,0.38020000,0.37640000,0.37680000,4005927.50000000
1766430000000,0.37680000,0.37700000,0.36780000,0.36850000,7226115.60000000
1766433600000,0.36840000,0.37040000,0.36580000,0.36830000,5440523.40000000
1766437200000,0.36820000,0.37270000,0.36800000,0.37120000,3039399.80000000
1766440800000,0.37110000,0.37360000,0.36860000,0.37280000,3575707.30000000
1766444400000,0.37280000,0.37280000,0.37020000,0.37110000,1576037.70000000
1766448000000,0.37120000,0.37440000,0.37040000,0.37240000,1501065.40000000
1766451600000,0.37240000,0.37270000,0.36890000,0.37050000,2922679.70000000
1766455200000,0.37060000,0.37220000,0.36760000,0.36820000,2478390.60000000
1766458800000,0.36820000,0.36920000,0.36580000,0.36860000,3033282.60000000
1766462400000,0.36850000,0.36950000,0.36670000,0.36700000,1738677.60000000
1766466000000,0.36690000,0.36730000,0.36360000,0.36610000,3385027.00000000
1766469600000,0.36610000,0.36660000,0.36330000,0.36490000,3314667.10000000
1766473200000,0.36490000,0.36570000,0.36400000,0.36410000,2386313.70000000
1766476800000,0.36410000,0.36580000,0.36330000,0.36400000,2021340.40000000
1766480400000,0.36400000,0.36480000,0.36230000,0.36440000,2249799.30000000
1766484000000,0.36440000,0.36700000,0.36360000,0.36630000,4154193.10000000
1766487600000,0.36630000,0.36910000,0.36580000,0.36730000,2789460.20000000
1766491200000,0.36740000,0.36740000,0.36410000,0.36450000,2704620.40000000
1766494800000,0.36450000,0.36540000,0.36070000,0.36140000,8448721.70000000
1766498400000,0.36150000,0.36340000,0.35520000,0.35820000,12470433.80000000
1766502000000,0.35820000,0.36280000,0.35740000,0.36100000,7461767.90000000
1766505600000,0.36090000,0.36520000,0.35970000,0.36410000,5709513.60000000
1766509200000,0.36410000,0.36520000,0.35930000,0.35950000,3877197.40000000
1766512800000,0.35950000,0.36430000,0.35950000,0.36380000,3737330.00000000
1766516400000,0.36380000,0.36440000,0.36050000,0.36140000,1730552.90000000
1766520000000,0.36150000,0.36620000,0.36040000,0.36310000,4072673.90000000
1766523600000,0.36320000,0.36420000,0.36180000,0.36360000,1474553.20000000
1766527200000,0.36360000,0.36460000,0.36090000,0.36190000,1806028.10000000
1766530800000,0.36190000,0.36370000,0.36070000,0.36280000,1921322.30000000
1766534400000,0.36290000,0.36380000,0.36200000,0.36330000,2786536.80000000
1766538000000,0.36330000,0.36520000,0.36170000,0.36180000,1524363.80000000
1766541600000,0.36170000,0.36180000,0.35740000,0.35900000,8387088.10000000
1766545200000,0.35900000,0.36030000,0.35690000,0.36020000,2656049.80000000
1766548800000,0.36020000,0.36210000,0.35770000,0.35790000,3250683.10000000
1766552400000,0.35790000,0.35850000,0.35530000,0.35540000,10161920.10000000
1766556000000,0.35540000,0.35750000,0.35400000,0.35680000,3076990.30000000
1766559600000,0.35690000,0.35810000,0.35580000,0.35580000,2250798.50000000
1766563200000,0.35590000,0.35690000,0.35440000,0.35560000,2882879.30000000
1766566800000,0.35560000,0.35710000,0.35550000,0.35580000,1759773.20000000
1766570400000,0.35570000,0.35770000,0.35550000,0.35630000,1664701.00000000
1766574000000,0.35640000,0.35950000,0.35640000,0.35870000,2033801.70000000
1766577600000,0.35880000,0.35960000,0.35790000,0.35900000,1461650.10000000
1766581200000,0.35890000,0.35890000,0.35620000,0.35690000,1638658.60000000
1766584800000,0.35690000,0.35840000,0.35230000,0.35380000,5918147.30000000
1766588400000,0.35380000,0.35700000,0.35240000,0.35560000,4870073.50000000
1766592000000,0.35560000,0.35830000,0.35380000,0.35610000,6338101.20000000
1766595600000,0.35620000,0.35750000,0.35480000,0.35500000,2765132.50000000
1766599200000,0.35500000,0.35650000,0.35430000,0.35540000,2841127.50000000
1766602800000,0.35540000,0.35640000,0.35460000,0.35610000,2284713.50000000
1766606400000,0.35620000,0.35750000,0.35480000,0.35510000,2732257.20000000
1766610000000,0.35520000,0.35700000,0.35510000,0.35630000,2401139.00000000
1766613600000,0.35630000,0.35880000,0.35570000,0.35830000,2945319.50000000
1766617200000,0.35840000,0.35870000,0.35580000,0.35660000,2050866.50000000
1766620800000,0.35660000,0.35690000,0.35470000,0.35490000,1798835.80000000
1766624400000,0.35490000,0.35810000,0.35490000,0.35720000,1298918.60000000
1766628000000,0.35710000,0.36050000,0.35630000,0.36040000,2162157.60000000
1766631600000,0.36030000,0.36090000,0.35880000,0.36050000,1699141.00000000
1766635200000,0.36050000,0.36140000,0.35970000,0.36030000,2536696.70000000
1766638800000,0.36030000,0.36050000,0.35950000,0.35960000,1370748.60000000
1766642400000,0.35970000,0.36110000,0.35890000,0.36050000,2048629.40000000
1766646000000,0.36050000,0.36070000,0.35860000,0.35900000,1896473.20000000
1766649600000,0.35900000,0.36090000,0.35700000,0.35790000,4734854.00000000
1766653200000,0.35790000,0.35800000,0.35630000,0.35650000,1859026.30000000
1766656800000,0.35650000,0.35650000,0.35000000,0.35060000,8127989.10000000
1766660400000,0.35060000,0.35180000,0.34980000,0.35110000,5044928.40000000
1766664000000,0.35100000,0.35170000,0.35010000,0.35160000,3162758.10000000
1766667600000,0.35160000,0.35280000,0.34950000,0.35150000,4716529.20000000
1766671200000,0.35150000,0.35200000,0.35030000,0.35100000,5709721.40000000
1766674800000,0.35100000,0.35930000,0.35000000,0.35720000,11342412.20000000
1766678400000,0.35730000,0.35870000,0.35350000,0.35410000,8647467.20000000
1766682000000,0.35410000,0.35520000,0.35310000,0.35490000,3836319.80000000
1766685600000,0.35480000,0.35870000,0.35480000,0.35800000,5512089.90000000
1766689200000,0.35800000,0.36000000,0.35700000,0.35960000,3615600.20000000
1766692800000,0.35950000,0.35990000,0.35660000,0.35740000,3542413.10000000
1766696400000,0.35740000,0.35900000,0.35680000,0.35800000,2192290.20000000
1766700000000,0.35810000,0.35830000,0.33930000,0.34690000,17653148.80000000
1766703600000,0.34690000,0.34730000,0.34180000,0.34340000,12872608.50000000
1766707200000,0.34340000,0.34460000,0.34180000,0.34330000,8144047.60000000
1766710800000,0.34330000,0.34670000,0.34300000,0.34580000,6556788.70000000
1766714400000,0.34570000,0.35840000,0.34510000,0.35500000,16246652.20000000
1766718000000,0.35510000,0.35580000,0.35130000,0.35330000,4007428.00000000
1766721600000,0.35330000,0.35500000,0.35100000,0.35360000,2740379.10000000
1766725200000,0.35370000,0.35440000,0.35240000,0.35410000,4329951.90000000
1766728800000,0.35420000,0.35760000,0.35360000,0.35540000,14921083.70000000
1766732400000,0.35530000,0.35660000,0.35130000,0.35210000,4462054.80000000
1766736000000,0.35220000,0.35390000,0.35180000,0.35370000,2257584.80000000
1766739600000,0.35380000,0.35550000,0.35310000,0.35530000,2368830.40000000
1766743200000,0.35530000,0.35630000,0.35440000,0.35560000,2190764.60000000
1766746800000,0.35560000,0.35610000,0.35460000,0.35510000,1784010.00000000
1766750400000,0.35520000,0.35720000,0.35510000,0.35660000,6960871.50000000
1766754000000,0.35650000,0.35800000,0.35590000,0.35730000,4200795.60000000
1766757600000,0.35730000,0.35750000,0.34880000,0.34940000,6314515.60000000
1766761200000,0.34950000,0.34960000,0.34550000,0.34690000,8994058.00000000
1766764800000,0.34690000,0.34820000,0.34430000,0.34450000,7446948.00000000
1766768400000,0.34450000,0.34940000,0.34450000,0.34830000,3369756.90000000
1766772000000,0.34830000,0.35040000,0.34820000,0.34920000,2553190.50000000
1766775600000,0.34930000,0.35110000,0.34900000,0.35010000,2497010.50000000
1766779200000,0.35010000,0.35120000,0.34890000,0.34990000,1526485.90000000
1766782800000,0.35000000,0.35090000,0.34930000,0.35020000,856748.20000000
1766786400000,0.35020000,0.35060000,0.34880000,0.35050000,2257601.70000000
1766790000000,0.35040000,0.35090000,0.34960000,0.34960000,1146633.20000000
1766793600000,0.34960000,0.35110000,0.34880000,0.35100000,1555920.00000000
1766797200000,0.35100000,0.35240000,0.35070000,0.35220000,1540415.00000000
1766800800000,0.35220000,0.35330000,0.35070000,0.35270000,1584094.90000000
1766804400000,0.35280000,0.35580000,0.35170000,0.35470000,3867927.50000000
1766808000000,0.35470000,0.35500000,0.35270000,0.35330000,3880706.90000000
1766811600000,0.35330000,0.35420000,0.35220000,0.35370000,1160827.60000000
1766815200000,0.35380000,0.35430000,0.35260000,0.35300000,1062536.60000000
1766818800000,0.35300000,0.35430000,0.35210000,0.35230000,2699967.20000000
1766822400000,0.35230000,0.35420000,0.35210000,0.35340000,2330725.60000000
1766826000000,0.35340000,0.35460000,0.35320000,0.35420000,1995324.70000000
1766829600000,0.35420000,0.35530000,0.35240000,0.35430000,3850612.60000000
1766833200000,0.35430000,0.35550000,0.35390000,0.35520000,1915476.20000000
1766836800000,0.35530000,0.35900000,0.35530000,0.35730000,6075591.40000000
1766840400000,0.35740000,0.35780000,0.35550000,0.35590000,3223899.10000000
1766844000000,0.35600000,0.35700000,0.35550000,0.35680000,1179794.60000000
1766847600000,0.35680000,0.35750000,0.35560000,0.35700000,1574359.00000000
1766851200000,0.35710000,0.35780000,0.35590000,0.35610000,2262805.50000000
1766854800000,0.35620000,0.35790000,0.35570000,0.35770000,1519266.80000000
1766858400000,0.35760000,0.35800000,0.35630000,0.35670000,1719283.90000000
1766862000000,0.35670000,0.35820000,0.35640000,0.35770000,1080453.00000000
1766865600000,0.35770000,0.37020000,0.35770000,0.36200000,15689363.40000000
1766869200000,0.36200000,0.36540000,0.36190000,0.36390000,2915853.80000000
1766872800000,0.36400000,0.36710000,0.36320000,0.36490000,2939153.70000000
1766876400000,0.36500000,0.37110000,0.36490000,0.37000000,6890383.10000000
1766880000000,0.36990000,0.37110000,0.36780000,0.36910000,4368170.80000000
1766883600000,0.36910000,0.37060000,0.36770000,0.36920000,3137878.80000000
1766887200000,0.36920000,0.37100000,0.36870000,0.36920000,2957890.80000000
1766890800000,0.36920000,0.37010000,0.36870000,0.36990000,1899417.90000000
1766894400000,0.36990000,0.37090000,0.36900000,0.37000000,2130472.10000000
1766898000000,0.37000000,0.37280000,0.36950000,0.37070000,3892534.20000000
1766901600000,0.37070000,0.37710000,0.37020000,0.37440000,8082102.90000000
1766905200000,0.37440000,0.37560000,0.37370000,0.37400000,5085536.00000000
1766908800000,0.37410000,0.37530000,0.37330000,0.37390000,2355577.60000000
1766912400000,0.37390000,0.37390000,0.36980000,0.37050000,4284201.50000000
1766916000000,0.37050000,0.37180000,0.37010000,0.37040000,2860390.30000000
1766919600000,0.37030000,0.37230000,0.37000000,0.37150000,2756492.20000000
1766923200000,0.37150000,0.37170000,0.36910000,0.36930000,2721581.80000000
1766926800000,0.36930000,0.37050000,0.36860000,0.36930000,3308623.40000000
1766930400000,0.36930000,0.37210000,0.36930000,0.37090000,2564249.20000000
1766934000000,0.37090000,0.37240000,0.36930000,0.36950000,1871664.20000000
1766937600000,0.36960000,0.37150000,0.36950000,0.36990000,2213682.30000000
1766941200000,0.36990000,0.37130000,0.36950000,0.36950000,1213412.50000000
1766944800000,0.36960000,0.36990000,0.36140000,0.36360000,11295230.10000000
1766948400000,0.36360000,0.36500000,0.36260000,0.36270000,2867059.40000000
1766952000000,0.36270000,0.36410000,0.36160000,0.36290000,3081081.60000000
1766955600000,0.36290000,0.36420000,0.36210000,0.36360000,2023382.90000000
1766959200000,0.36370000,0.36650000,0.36300000,0.36560000,2476049.90000000
1766962800000,0.36570000,0.36920000,0.36400000,0.36880000,10526769.70000000
1766966400000,0.36890000,0.37430000,0.36680000,0.37160000,17723361.60000000
1766970000000,0.37160000,0.37490000,0.36780000,0.37380000,5521909.80000000
1766973600000,0.37390000,0.38000000,0.37390000,0.37690000,8323385.30000000
1766977200000,0.37690000,0.38300000,0.37590000,0.38110000,10421642.00000000
1766980800000,0.38110000,0.38470000,0.38050000,0.38140000,5112163.60000000
1766984400000,0.38150000,0.38400000,0.37920000,0.37980000,6908531.60000000
1766988000000,0.37990000,0.38000000,0.37620000,0.37700000,5363825.90000000
1766991600000,0.37700000,0.37750000,0.37370000,0.37590000,6613813.70000000
1766995200000,0.37590000,0.37770000,0.37410000,0.37540000,3857299.80000000
1766998800000,0.37540000,0.37620000,0.36740000,0.37000000,6670319.30000000
1767002400000,0.36990000,0.37230000,0.36930000,0.37030000,5243251.90000000
1767006000000,0.37030000,0.37120000,0.36930000,0.36930000,2397507.60000000
1767009600000,0.36930000,0.36950000,0.36210000,0.36560000,9606606.10000000
1767013200000,0.36560000,0.36650000,0.36330000,0.36430000,3862421.50000000
1767016800000,0.36430000,0.36970000,0.36330000,0.36490000,8483764.70000000
1767020400000,0.36500000,0.36770000,0.36420000,0.36560000,5043264.10000000
1767024000000,0.36560000,0.36570000,0.35900000,0.36000000,7554525.90000000
1767027600000,0.36000000,0.36120000,0.35800000,0.35970000,6830636.70000000
1767031200000,0.35970000,0.36000000,0.35460000,0.35550000,7078708.00000000
1767034800000,0.35550000,0.35770000,0.35280000,0.35300000,6158170.90000000
1767038400000,0.35300000,0.35420000,0.35060000,0.35210000,6188161.90000000
1767042000000,0.35200000,0.35360000,0.35170000,0.35280000,3123032.10000000
1767045600000,0.35280000,0.35550000,0.35200000,0.35430000,2684993.30000000
1767049200000,0.35420000,0.35430000,0.35290000,0.35320000,2767121.40000000
1767052800000,0.35310000,0.35430000,0.35210000,0.35420000,6240798.50000000
1767056400000,0.35430000,0.35550000,0.35210000,0.35260000,7058781.20000000
1767060000000,0.35260000,0.35270000,0.34810000,0.35080000,9256529.70000000
1767063600000,0.35080000,0.35310000,0.34980000,0.35260000,2765125.50000000
1767067200000,0.35260000,0.35350000,0.35170000,0.35240000,2294591.50000000
1767070800000,0.35240000,0.35250000,0.35080000,0.35100000,1905840.70000000
1767074400000,0.35090000,0.35290000,0.35080000,0.35120000,2304600.20000000
1767078000000,0.35130000,0.35400000,0.35100000,0.35210000,6254856.50000000
1767081600000,0.35220000,0.35680000,0.35210000,0.35530000,5507074.30000000
1767085200000,0.35530000,0.35650000,0.35430000,0.35580000,2624436.10000000
1767088800000,0.35580000,0.35620000,0.35360000,0.35400000,2971321.50000000
1767092400000,0.35410000,0.35450000,0.35200000,0.35230000,2709229.80000000
1767096000000,0.35230000,0.35390000,0.35220000,0.35310000,2069083.60000000
1767099600000,0.35320000,0.35400000,0.35230000,0.35350000,2295480.40000000
1767103200000,0.35350000,0.35680000,0.35030000,0.35530000,8437676.10000000
1767106800000,0.35530000,0.35600000,0.35130000,0.35430000,6814622.80000000
1767110400000,0.35430000,0.35570000,0.35200000,0.35370000,4165107.90000000
1767114000000,0.35370000,0.35460000,0.35170000,0.35290000,4192947.70000000
1767117600000,0.35280000,0.35330000,0.35130000,0.35190000,2074099.90000000
1767121200000,0.35180000,0.35230000,0.34960000,0.35130000,3229481.60000000
1767124800000,0.35120000,0.35120000,0.34890000,0.34910000,3117187.50000000
1767128400000,0.34910000,0.35060000,0.34880000,0.35060000,2821082.80000000
1767132000000,0.35050000,0.35120000,0.34950000,0.35090000,2628971.90000000
1767135600000,0.35080000,0.35200000,0.35030000,0.35140000,2042953.30000000
1767139200000,0.35130000,0.35130000,0.34940000,0.35090000,1898165.80000000
1767142800000,0.35090000,0.35360000,0.35060000,0.35160000,3892801.90000000
1767146400000,0.35170000,0.35350000,0.35070000,0.35320000,5637635.70000000
1767150000000,0.35320000,0.35340000,0.35100000,0.35180000,1810466.10000000
1767153600000,0.35180000,0.35280000,0.35140000,0.35230000,3624494.20000000
1767157200000,0.35230000,0.35360000,0.35230000,0.35320000,3350143.30000000
1767160800000,0.35330000,0.35380000,0.35070000,0.35180000,9148308.40000000
1767164400000,0.35190000,0.35240000,0.35010000,0.35110000,3660446.90000000
1767168000000,0.35120000,0.35160000,0.34890000,0.34940000,2619487.00000000
1767171600000,0.34930000,0.35010000,0.34900000,0.34980000,1740196.00000000
1767175200000,0.34980000,0.35080000,0.34930000,0.35040000,2099544.20000000
1767178800000,0.35050000,0.35240000,0.35020000,0.35200000,2779390.70000000
1767182400000,0.35200000,0.35210000,0.34930000,0.35000000,1662048.80000000
1767186000000,0.35000000,0.35070000,0.34620000,0.34870000,5592655.50000000
1767189600000,0.34870000,0.35130000,0.34730000,0.34820000,5641536.40000000
1767193200000,0.34830000,0.34830000,0.34050000,0.34240000,13659149.40000000
1767196800000,0.34250000,0.34270000,0.32940000,0.33360000,27498035.10000000
1767200400000,0.33360000,0.33570000,0.33270000,0.33400000,6389183.40000000
1767204000000,0.33390000,0.33580000,0.33310000,0.33330000,6477891.90000000
1767207600000,0.33330000,0.33440000,0.33190000,0.33210000,3614247.90000000
1767211200000,0.33220000,0.33470000,0.33040000,0.33340000,6632852.00000000
1767214800000,0.33350000,0.33490000,0.33260000,0.33390000,2900547.90000000
1767218400000,0.33390000,0.33400000,0.33250000,0.33300000,4373665.60000000
1767222000000,0.33290000,0.33400000,0.33210000,0.33350000,5343821.40000000
1767225600000,0.33360000,0.33510000,0.33330000,0.33400000,5134641.80000000
1767229200000,0.33400000,0.33550000,0.33260000,0.33320000,4710061.40000000
1767232800000,0.33320000,0.33400000,0.33260000,0.33280000,2887581.50000000
1767236400000,0.33270000,0.33380000,0.33220000,0.33270000,3606249.80000000
1767240000000,0.33280000,0.33310000,0.33200000,0.33250000,3303782.90000000
1767243600000,0.33250000,0.33860000,0.33240000,0.33670000,8980665.30000000
1767247200000,0.33670000,0.33700000,0.33600000,0.33640000,1833538.60000000
1767250800000,0.33650000,0.33840000,0.33590000,0.33650000,2396631.10000000
1767254400000,0.33650000,0.33820000,0.33630000,0.33820000,1655891.10000000
1767258000000,0.33820000,0.34110000,0.33820000,0.33880000,3965764.20000000
1767261600000,0.33880000,0.33940000,0.33850000,0.33870000,1958252.40000000
1767265200000,0.33870000,0.34090000,0.33860000,0.34070000,2417117.20000000
1767268800000,0.34070000,0.34100000,0.33930000,0.33980000,1891250.10000000
1767272400000,0.33980000,0.34290000,0.33950000,0.34270000,2536883.90000000
1767276000000,0.34270000,0.34470000,0.34220000,0.34350000,6176061.30000000
1767279600000,0.34360000,0.34930000,0.34320000,0.34710000,5341001.70000000
1767283200000,0.34720000,0.34900000,0.34560000,0.34850000,6560763.80000000
1767286800000,0.34850000,0.35360000,0.34830000,0.35160000,7418976.00000000
1767290400000,0.35160000,0.35280000,0.34990000,0.35160000,6190920.10000000
1767294000000,0.35160000,0.35840000,0.35160000,0.35810000,6872591.30000000
1767297600000,0.35810000,0.36100000,0.35560000,0.35700000,9626242.90000000
1767301200000,0.35700000,0.35770000,0.35580000,0.35600000,3607362.70000000
1767304800000,0.35600000,0.35810000,0.35530000,0.35770000,2918567.10000000
1767308400000,0.35770000,0.35860000,0.35630000,0.35650000,3340710.00000000
1767312000000,0.35650000,0.35760000,0.35440000,0.35620000,4931229.70000000
1767315600000,0.35630000,0.35750000,0.35540000,0.35630000,2735234.70000000
1767319200000,0.35640000,0.35870000,0.35540000,0.35820000,3197928.50000000
1767322800000,0.35830000,0.36350000,0.35800000,0.36220000,5528075.50000000
1767326400000,0.36230000,0.36390000,0.35860000,0.35990000,6226641.20000000
1767330000000,0.35990000,0.35990000,0.35710000,0.35820000,2330773.50000000
1767333600000,0.35820000,0.35900000,0.35720000,0.35800000,1481179.40000000
1767337200000,0.35810000,0.35850000,0.35530000,0.35560000,2110965.30000000
1767340800000,0.35570000,0.35800000,0.35560000,0.35760000,2307459.20000000
1767344400000,0.35770000,0.36780000,0.35720000,0.36510000,10488775.10000000
1767348000000,0.36500000,0.36700000,0.36350000,0.36460000,10589078.90000000
1767351600000,0.36460000,0.36480000,0.35960000,0.36060000,5254102.70000000
1767355200000,0.36070000,0.36480000,0.35840000,0.36430000,4285999.30000000
1767358800000,0.36430000,0.36610000,0.36330000,0.36450000,5836522.50000000
1767362400000,0.36460000,0.37070000,0.36090000,0.36830000,21886170.60000000
1767366000000,0.36830000,0.37470000,0.36510000,0.37160000,15886648.30000000
1767369600000,0.37170000,0.38940000,0.37170000,0.38890000,31446515.40000000
1767373200000,0.38900000,0.39360000,0.38670000,0.38860000,27676384.50000000
1767376800000,0.38870000,0.38960000,0.38050000,0.38200000,13727837.90000000
1767380400000,0.38200000,0.38910000,0.38140000,0.38840000,8306566.30000000
1767384000000,0.38850000,0.38910000,0.38470000,0.38600000,6015703.60000000
1767387600000,0.38600000,0.39150000,0.38590000,0.39050000,5693569.80000000
1767391200000,0.39040000,0.39630000,0.38960000,0.39460000,9766803.00000000
1767394800000,0.39460000,0.39610000,0.39270000,0.39490000,5402969.70000000
1767398400000,0.39490000,0.39920000,0.39470000,0.39470000,9164449.50000000
1767402000000,0.39480000,0.39620000,0.39260000,0.39390000,3854753.40000000
1767405600000,0.39390000,0.39710000,0.39130000,0.39660000,5787113.50000000
1767409200000,0.39670000,0.39900000,0.39380000,0.39840000,4349299.30000000
1767412800000,0.39830000,0.39900000,0.39600000,0.39710000,3631960.70000000
1767416400000,0.39720000,0.39840000,0.39220000,0.39300000,4620636.30000000
1767420000000,0.39300000,0.39530000,0.38930000,0.39070000,6888080.00000000
1767423600000,0.39070000,0.39190000,0.38300000,0.38420000,15605574.00000000
1767427200000,0.38430000,0.38800000,0.38260000,0.38660000,6144313.60000000
1767430800000,0.38670000,0.38900000,0.38570000,0.38740000,3380913.80000000
1767434400000,0.38750000,0.38750000,0.38480000,0.38520000,3198818.20000000
1767438000000,0.38520000,0.38560000,0.38350000,0.38450000,2529023.70000000
1767441600000,0.38450000,0.38700000,0.38360000,0.38680000,3894334.50000000
1767445200000,0.38680000,0.38740000,0.38540000,0.38710000,3302982.90000000
1767448800000,0.38720000,0.39110000,0.38650000,0.38700000,5863562.40000000
1767452400000,0.38700000,0.38790000,0.38580000,0.38620000,2413013.20000000
1767456000000,0.38630000,0.38860000,0.38560000,0.38770000,2123300.30000000
1767459600000,0.38760000,0.38880000,0.38660000,0.38820000,1399020.20000000
1767463200000,0.38820000,0.38980000,0.38680000,0.38940000,2569873.90000000
1767466800000,0.38930000,0.38940000,0.38790000,0.38860000,948108.10000000
1767470400000,0.38860000,0.38890000,0.38580000,0.38830000,2133705.40000000
1767474000000,0.38820000,0.39050000,0.38730000,0.38890000,1852208.40000000
1767477600000,0.38880000,0.39090000,0.38800000,0.38960000,1600043.40000000
1767481200000,0.38960000,0.39020000,0.38870000,0.38930000,1329839.60000000
1767484800000,0.38930000,0.39610000,0.38870000,0.39520000,7380707.40000000
1767488400000,0.39520000,0.39520000,0.39150000,0.39420000,4255317.10000000
1767492000000,0.39420000,0.39580000,0.39290000,0.39380000,2277485.30000000
1767495600000,0.39380000,0.40040000,0.39360000,0.39950000,8821330.40000000
1767499200000,0.39950000,0.40200000,0.39690000,0.39780000,5628982.30000000
1767502800000,0.39790000,0.39930000,0.39600000,0.39850000,2413306.40000000
1767506400000,0.39850000,0.39950000,0.39390000,0.39450000,5481606.20000000
1767510000000,0.39450000,0.39750000,0.39390000,0.39620000,4102148.60000000
1767513600000,0.39630000,0.39880000,0.39290000,0.39830000,6544677.80000000
1767517200000,0.39830000,0.40380000,0.39650000,0.40320000,6631526.90000000
1767520800000,0.40310000,0.40550000,0.40230000,0.40350000,8037741.10000000
1767524400000,0.40350000,0.40350000,0.39920000,0.40140000,4846936.90000000
1767528000000,0.40140000,0.40450000,0.40060000,0.40130000,4598621.90000000
1767531600000,0.40130000,0.40130000,0.39740000,0.39990000,4344204.80000000
1767535200000,0.39990000,0.40080000,0.39580000,0.39880000,5965884.10000000
1767538800000,0.39880000,0.39940000,0.39630000,0.39880000,4610122.30000000
1767542400000,0.39890000,0.40290000,0.39830000,0.40260000,4044748.00000000
1767546000000,0.40260000,0.40430000,0.40090000,0.40310000,5350190.90000000
1767549600000,0.40320000,0.40370000,0.39840000,0.40080000,5621405.00000000
1767553200000,0.40070000,0.40070000,0.39550000,0.39880000,5805935.60000000
1767556800000,0.39880000,0.40180000,0.39830000,0.39920000,2031154.70000000
1767560400000,0.39930000,0.40190000,0.39690000,0.39880000,4161168.90000000
1767564000000,0.39870000,0.40160000,0.39770000,0.39870000,3601188.10000000
1767567600000,0.39870000,0.40260000,0.39830000,0.40070000,4187034.80000000
1767571200000,0.40060000,0.40350000,0.39800000,0.40170000,6083954.60000000
1767574800000,0.40180000,0.40800000,0.40090000,0.40640000,12434284.40000000
1767578400000,0.40630000,0.40770000,0.40110000,0.40450000,7657877.80000000
1767582000000,0.40450000,0.40550000,0.40220000,0.40330000,4232367.30000000
1767585600000,0.40320000,0.40350000,0.39390000,0.39750000,7735556.30000000
1767589200000,0.39740000,0.40090000,0.39640000,0.39810000,4428880.90000000
1767592800000,0.39810000,0.40000000,0.39560000,0.39970000,5055647.50000000
1767596400000,0.39970000,0.40270000,0.39890000,0.40100000,4165087.00000000
1767600000000,0.40110000,0.40410000,0.39840000,0.39850000,4701050.80000000
1767603600000,0.39840000,0.39990000,0.39590000,0.39650000,6570600.70000000
1767607200000,0.39650000,0.40030000,0.39610000,0.39810000,4952578.80000000
1767610800000,0.39800000,0.40000000,0.39660000,0.40000000,4184397.00000000
1767614400000,0.40000000,0.40200000,0.39850000,0.40080000,3537474.40000000
1767618000000,0.40080000,0.40200000,0.39700000,0.39840000,4678401.00000000
1767621600000,0.39850000,0.40840000,0.39730000,0.40370000,11714014.00000000
1767625200000,0.40370000,0.41430000,0.40110000,0.41270000,16266998.00000000
1767628800000,0.41270000,0.41660000,0.41160000,0.41300000,11891540.90000000
1767632400000,0.41300000,0.41480000,0.40680000,0.41390000,16539262.90000000
1767636000000,0.41390000,0.41950000,0.41230000,0.41880000,8471797.40000000
1767639600000,0.41880000,0.41970000,0.41530000,0.41750000,8536749.30000000
1767643200000,0.41760000,0.42390000,0.41700000,0.41890000,10159045.40000000
1767646800000,0.41900000,0.42220000,0.41810000,0.42140000,6674831.10000000
1767650400000,0.42140000,0.42500000,0.41890000,0.42330000,5887101.70000000
1767654000000,0.42340000,0.42500000,0.42110000,0.42110000,5220750.90000000
1767657600000,0.42110000,0.42440000,0.41780000,0.42410000,6753546.10000000
1767661200000,0.42400000,0.43090000,0.42320000,0.42400000,10303720.90000000
1767664800000,0.42410000,0.42980000,0.42390000,0.42490000,6187510.40000000
1767668400000,0.42490000,0.42800000,0.42410000,0.42590000,3923998.60000000
1767672000000,0.42590000,0.42710000,0.42340000,0.42470000,4499543.90000000
1767675600000,0.42460000,0.42580000,0.42170000,0.42290000,3990361.00000000
1767679200000,0.42300000,0.42590000,0.42040000,0.42340000,7366027.50000000
1767682800000,0.42350000,0.42360000,0.41410000,0.41470000,10409750.50000000
1767686400000,0.41480000,0.41840000,0.41480000,0.41600000,4173675.50000000
1767690000000,0.41600000,0.41850000,0.41550000,0.41760000,3373154.60000000
1767693600000,0.41770000,0.42040000,0.41650000,0.41910000,3209107.40000000
1767697200000,0.41920000,0.42260000,0.41830000,0.42230000,2922383.00000000
1767700800000,0.42230000,0.42430000,0.42130000,0.42270000,5282248.10000000
1767704400000,0.42270000,0.42530000,0.42070000,0.42220000,8502848.40000000
1767708000000,0.42220000,0.43740000,0.42220000,0.42720000,25408307.50000000
1767711600000,0.42720000,0.43030000,0.41770000,0.42020000,19401167.70000000
1767715200000,0.42010000,0.42110000,0.40600000,0.41000000,18994075.70000000
1767718800000,0.40990000,0.41160000,0.40130000,0.40230000,16989708.70000000
1767722400000,0.40230000,0.40940000,0.40110000,0.40800000,6528311.20000000
1767726000000,0.40810000,0.40940000,0.40670000,0.40750000,1765309.70000000
1767729600000,0.40740000,0.41330000,0.40740000,0.41230000,4294497.00000000
1767733200000,0.41220000,0.42210000,0.41040000,0.41760000,9054617.00000000
1767736800000,0.41770000,0.41920000,0.41470000,0.41760000,2894967.90000000
1767740400000,0.41760000,0.42120000,0.41710000,0.41940000,2599968.60000000
1767744000000,0.41940000,0.41950000,0.41250000,0.41280000,3659004.00000000
1767747600000,0.41280000,0.41480000,0.40960000,0.41010000,3623204.20000000
1767751200000,0.41010000,0.41470000,0.40900000,0.41400000,2301761.50000000
1767754800000,0.41400000,0.41570000,0.41160000,0.41210000,1374688.10000000
1767758400000,0.41210000,0.41330000,0.41070000,0.41190000,1213982.00000000
1767762000000,0.41200000,0.41270000,0.40960000,0.41030000,2693675.30000000
1767765600000,0.41020000,0.41260000,0.41000000,0.41120000,1136835.50000000
1767769200000,0.41120000,0.41890000,0.41110000,0.41880000,4733077.10000000
1767772800000,0.41890000,0.42280000,0.41770000,0.42120000,5175645.30000000
1767776400000,0.42130000,0.42130000,0.40940000,0.41040000,7007354.90000000
1767780000000,0.41030000,0.41390000,0.40930000,0.41310000,3741038.90000000
1767783600000,0.41320000,0.41650000,0.41290000,0.41500000,3430035.00000000
1767787200000,0.41500000,0.41570000,0.41110000,0.41160000,4179123.20000000
1767790800000,0.41160000,0.41320000,0.40940000,0.41000000,3143704.10000000
1767794400000,0.41000000,0.41010000,0.40040000,0.40770000,14257472.70000000
1767798000000,0.40780000,0.40800000,0.40050000,0.40290000,9382989.50000000
1767801600000,0.40290000,0.40600000,0.40150000,0.40400000,3312408.20000000
1767805200000,0.40400000,0.40780000,0.40280000,0.40380000,2905281.60000000
1767808800000,0.40390000,0.40600000,0.40190000,0.40360000,2587197.10000000
1767812400000,0.40350000,0.40460000,0.40040000,0.40300000,4264874.20000000
1767816000000,0.40300000,0.40400000,0.39910000,0.40100000,3701431.70000000
1767819600000,0.40100000,0.40280000,0.40060000,0.40120000,1726900.60000000
1767823200000,0.40110000,0.40380000,0.39860000,0.40040000,2700556.90000000
1767826800000,0.40040000,0.40460000,0.39760000,0.40220000,4215036.40000000
1767830400000,0.40230000,0.40350000,0.39960000,0.40300000,4282475.30000000
1767834000000,0.40310000,0.40490000,0.40180000,0.40380000,1979110.80000000
1767837600000,0.40380000,0.40460000,0.39940000,0.40040000,3332954.40000000
1767841200000,0.40040000,0.40240000,0.39550000,0.39780000,4946015.90000000
1767844800000,0.39780000,0.40180000,0.39650000,0.40060000,3550503.60000000
1767848400000,0.40060000,0.40210000,0.39800000,0.39870000,2275550.10000000
1767852000000,0.39880000,0.39930000,0.39120000,0.39150000,8182168.40000000
1767855600000,0.39140000,0.39570000,0.38910000,0.39530000,10949088.30000000
1767859200000,0.39540000,0.39720000,0.39210000,0.39260000,4960937.00000000
1767862800000,0.39260000,0.39450000,0.38970000,0.38990000,4338899.50000000
1767866400000,0.39000000,0.39290000,0.38680000,0.39220000,6657956.20000000
1767870000000,0.39220000,0.39260000,0.38740000,0.39050000,5172224.60000000
1767873600000,0.39060000,0.39080000,0.38710000,0.38860000,4764993.10000000
1767877200000,0.38860000,0.39050000,0.38800000,0.38910000,2575540.00000000
1767880800000,0.38910000,0.39020000,0.38490000,0.38870000,10309012.50000000
1767884400000,0.38860000,0.39550000,0.38660000,0.39540000,7348559.50000000
1767888000000,0.39530000,0.39610000,0.39030000,0.39510000,7364987.20000000
1767891600000,0.39520000,0.39790000,0.39240000,0.39710000,4224215.60000000
1767895200000,0.39700000,0.39740000,0.39360000,0.39460000,3015607.60000000
1767898800000,0.39460000,0.39650000,0.39240000,0.39320000,2035503.70000000
1767902400000,0.39320000,0.39370000,0.38960000,0.39290000,2760522.10000000
1767906000000,0.39300000,0.39800000,0.39270000,0.39770000,5014610.60000000
1767909600000,0.39780000,0.39900000,0.39450000,0.39670000,2271786.80000000
1767913200000,0.39680000,0.39780000,0.39560000,0.39560000,1064448.60000000
1767916800000,0.39570000,0.39830000,0.39570000,0.39770000,2090429.30000000
1767920400000,0.39770000,0.40070000,0.39470000,0.39580000,5355101.50000000
1767924000000,0.39580000,0.39960000,0.39490000,0.39540000,2344165.60000000
1767927600000,0.39550000,0.39850000,0.39460000,0.39850000,2178433.00000000
1767931200000,0.39850000,0.39890000,0.39600000,0.39630000,1484931.60000000
1767934800000,0.39630000,0.39710000,0.39400000,0.39680000,1565114.00000000
1767938400000,0.39690000,0.39980000,0.39570000,0.39960000,1300031.30000000
1767942000000,0.39960000,0.39970000,0.39700000,0.39710000,1801719.40000000
1767945600000,0.39720000,0.39770000,0.38960000,0.39190000,6236541.30000000
1767949200000,0.39190000,0.39490000,0.39170000,0.39170000,3068282.80000000
1767952800000,0.39180000,0.39280000,0.39080000,0.39160000,1660414.60000000
1767956400000,0.39170000,0.39410000,0.39120000,0.39180000,1645651.80000000
1767960000000,0.39180000,0.39260000,0.38960000,0.39150000,1808106.30000000
1767963600000,0.39150000,0.39800000,0.39130000,0.39570000,7167818.20000000
1767967200000,0.39560000,0.39580000,0.38740000,0.39030000,7659278.30000000
1767970800000,0.39030000,0.40520000,0.38830000,0.39710000,13554319.40000000
1767974400000,0.39720000,0.40450000,0.39710000,0.40180000,5568701.30000000
1767978000000,0.40180000,0.40200000,0.39260000,0.39630000,4519344.30000000
1767981600000,0.39630000,0.39730000,0.38960000,0.39300000,3324841.20000000
1767985200000,0.39300000,0.39300000,0.38890000,0.39020000,2055375.60000000
1767988800000,0.39020000,0.39310000,0.38980000,0.39120000,2107117.30000000
1767992400000,0.39120000,0.39360000,0.38950000,0.39260000,1668732.40000000
1767996000000,0.39260000,0.39390000,0.39090000,0.39320000,1373885.80000000
1767999600000,0.39330000,0.39350000,0.39070000,0.39140000,3042528.40000000
1768003200000,0.39140000,0.39150000,0.38860000,0.38970000,3465775.50000000
1768006800000,0.38970000,0.39080000,0.38920000,0.39020000,1084482.30000000
1768010400000,0.39030000,0.39140000,0.38900000,0.38960000,1118363.00000000
1768014000000,0.38960000,0.38960000,0.38670000,0.38920000,2664295.00000000
1768017600000,0.38910000,0.38940000,0.38730000,0.38780000,1583421.10000000
1768021200000,0.38780000,0.38860000,0.38720000,0.38750000,1757263.00000000
1768024800000,0.38750000,0.38800000,0.38460000,0.38610000,1842649.40000000
1768028400000,0.38610000,0.38870000,0.38610000,0.38810000,1393168.70000000
1768032000000,0.38810000,0.38850000,0.38700000,0.38830000,1047764.90000000
1768035600000,0.38830000,0.39060000,0.38800000,0.39050000,2390192.60000000
1768039200000,0.39060000,0.39150000,0.38950000,0.39120000,2328339.70000000
1768042800000,0.39120000,0.39120000,0.38990000,0.39120000,1382439.40000000
1768046400000,0.39110000,0.39250000,0.39080000,0.39240000,1416093.60000000
1768050000000,0.39240000,0.39250000,0.39040000,0.39050000,1031020.90000000
1768053600000,0.39050000,0.39050000,0.38880000,0.38950000,1448287.90000000
1768057200000,0.38950000,0.39070000,0.38950000,0.38970000,1251762.10000000
1768060800000,0.38960000,0.39080000,0.38850000,0.39020000,910829.10000000
1768064400000,0.39030000,0.39190000,0.38900000,0.38930000,1250475.80000000
1768068000000,0.38930000,0.39100000,0.38860000,0.38950000,903176.70000000
1768071600000,0.38950000,0.39130000,0.38920000,0.39130000,701770.90000000
1768075200000,0.39130000,0.39150000,0.39010000,0.39040000,1038286.70000000
1768078800000,0.39030000,0.39070000,0.38890000,0.38890000,1087036.10000000
1768082400000,0.38900000,0.38900000,0.38560000,0.38580000,2695376.30000000
1768086000000,0.38590000,0.38920000,0.38560000,0.38860000,1598365.00000000
1768089600000,0.38860000,0.38950000,0.38770000,0.38920000,1097009.00000000
1768093200000,0.38920000,0.39030000,0.38850000,0.39030000,753039.70000000
1768096800000,0.39030000,0.39210000,0.39000000,0.39020000,1369931.50000000
1768100400000,0.39020000,0.39100000,0.38980000,0.39050000,774647.40000000
1768104000000,0.39060000,0.39120000,0.38950000,0.39100000,1214030.30000000
1768107600000,0.39110000,0.39200000,0.39020000,0.39150000,1235217.80000000
1768111200000,0.39160000,0.39180000,0.38890000,0.39060000,948590.50000000
1768114800000,0.39070000,0.39160000,0.39010000,0.39140000,952993.10000000
1768118400000,0.39130000,0.39220000,0.39060000,0.39170000,2578374.90000000
1768122000000,0.39170000,0.39330000,0.39080000,0.39140000,1722748.10000000
1768125600000,0.39150000,0.39160000,0.38970000,0.39110000,1289949.20000000
1768129200000,0.39120000,0.39220000,0.39080000,0.39190000,1193546.10000000
1768132800000,0.39200000,0.39680000,0.39170000,0.39590000,3341761.20000000
1768136400000,0.39590000,0.39720000,0.39350000,0.39370000,5237037.70000000
1768140000000,0.39370000,0.39640000,0.39310000,0.39540000,2751949.70000000
1768143600000,0.39550000,0.39600000,0.38880000,0.39060000,8144338.80000000
1768147200000,0.39060000,0.39610000,0.39030000,0.39370000,8028662.20000000
1768150800000,0.39370000,0.39540000,0.39190000,0.39500000,2309596.10000000
1768154400000,0.39500000,0.39510000,0.39220000,0.39450000,920180.80000000
1768158000000,0.39450000,0.39490000,0.39220000,0.39250000,1625274.20000000
1768161600000,0.39240000,0.39250000,0.38660000,0.38960000,6981493.20000000
1768165200000,0.38950000,0.39290000,0.38730000,0.39190000,5578045.40000000
1768168800000,0.39190000,0.39200000,0.38780000,0.38780000,3762305.50000000
1768172400000,0.38790000,0.39260000,0.38390000,0.39100000,7492948.30000000
1768176000000,0.39100000,0.39180000,0.38570000,0.39150000,7144426.10000000
1768179600000,0.39150000,0.39580000,0.39070000,0.39460000,5982872.40000000
1768183200000,0.39470000,0.40330000,0.39460000,0.40180000,6582099.60000000
1768186800000,0.40190000,0.40360000,0.39720000,0.39740000,6097319.10000000
1768190400000,0.39750000,0.40100000,0.39690000,0.40060000,4086378.10000000
1768194000000,0.40070000,0.40130000,0.39800000,0.39860000,2142285.30000000
1768197600000,0.39860000,0.39980000,0.39450000,0.39490000,2176065.60000000
1768201200000,0.39490000,0.39690000,0.38990000,0.39040000,4407228.70000000
1768204800000,0.39040000,0.39280000,0.38530000,0.38810000,7244227.10000000
1768208400000,0.38810000,0.38880000,0.38640000,0.38670000,3142524.10000000
1768212000000,0.38670000,0.38830000,0.38480000,0.38540000,2906132.40000000
1768215600000,0.38540000,0.38820000,0.38500000,0.38740000,2552978.00000000
1768219200000,0.38750000,0.38850000,0.38570000,0.38630000,3273879.00000000
1768222800000,0.38640000,0.38690000,0.38170000,0.38250000,7916586.00000000
1768226400000,0.38240000,0.39000000,0.38150000,0.38920000,11029612.90000000
1768230000000,0.38920000,0.39500000,0.38830000,0.39450000,8435294.10000000
1768233600000,0.39440000,0.39950000,0.39420000,0.39760000,10458113.60000000
1768237200000,0.39760000,0.39890000,0.39070000,0.39340000,6493693.40000000
1768240800000,0.39340000,0.39700000,0.39230000,0.39360000,3759901.40000000
1768244400000,0.39350000,0.39400000,0.39150000,0.39340000,3219076.00000000
1768248000000,0.39330000,0.39530000,0.38900000,0.38940000,3294272.60000000
1768251600000,0.38930000,0.38930000,0.38380000,0.38550000,4031922.50000000
1768255200000,0.38550000,0.38810000,0.38500000,0.38730000,6976170.40000000
1768258800000,0.38720000,0.38970000,0.38550000,0.38620000,6799704.20000000
1768262400000,0.38620000,0.38740000,0.38510000,0.38680000,2090586.10000000
1768266000000,0.38680000,0.38830000,0.38500000,0.38610000,1671541.00000000
1768269600000,0.38620000,0.38900000,0.38570000,0.38600000,1652340.90000000
1768273200000,0.38600000,0.38840000,0.38560000,0.38680000,2021591.50000000
1768276800000,0.38690000,0.38930000,0.38640000,0.38910000,1404608.20000000
1768280400000,0.38910000,0.39580000,0.38910000,0.39180000,4831353.90000000
1768284000000,0.39180000,0.39340000,0.39060000,0.39230000,3669918.00000000
1768287600000,0.39230000,0.39230000,0.38980000,0.39000000,1875364.50000000
1768291200000,0.38990000,0.39400000,0.38970000,0.39330000,2562787.60000000
1768294800000,0.39330000,0.39550000,0.39180000,0.39290000,3559886.00000000
1768298400000,0.39290000,0.39440000,0.39090000,0.39150000,2576115.30000000
1768302000000,0.39150000,0.39360000,0.39040000,0.39230000,2564057.60000000
1768305600000,0.39230000,0.39370000,0.39080000,0.39310000,2124359.20000000
1768309200000,0.39320000,0.39760000,0.39250000,0.39400000,7159615.20000000
1768312800000,0.39410000,0.40290000,0.39210000,0.39840000,13398523.20000000
1768316400000,0.39830000,0.40640000,0.39580000,0.40620000,10983274.00000000
1768320000000,0.40610000,0.41100000,0.40610000,0.40930000,17171555.70000000
1768323600000,0.40940000,0.41040000,0.40500000,0.40630000,12625849.00000000
1768327200000,0.40620000,0.40890000,0.40520000,0.40630000,3749883.00000000
1768330800000,0.40630000,0.41060000,0.40510000,0.41030000,4829509.60000000
1768334400000,0.41040000,0.41160000,0.40660000,0.40870000,5809931.20000000
1768338000000,0.40870000,0.41080000,0.40830000,0.41000000,2500413.00000000
1768341600000,0.41010000,0.42510000,0.40980000,0.42250000,37814787.10000000
1768345200000,0.42250000,0.42670000,0.41930000,0.42180000,12983002.80000000
1768348800000,0.42190000,0.42420000,0.41980000,0.42250000,9935741.80000000
1768352400000,0.42250000,0.42430000,0.42020000,0.42120000,8936812.00000000
1768356000000,0.42120000,0.42410000,0.42010000,0.42160000,5289617.30000000
1768359600000,0.42160000,0.42600000,0.42130000,0.42590000,3926380.50000000
1768363200000,0.42590000,0.42690000,0.42270000,0.42370000,5629063.10000000
1768366800000,0.42380000,0.42400000,0.42140000,0.42180000,5351251.90000000
1768370400000,0.42190000,0.42620000,0.41820000,0.42530000,11067884.70000000
1768374000000,0.42520000,0.42730000,0.42240000,0.42380000,7617904.90000000
1768377600000,0.42380000,0.42540000,0.42040000,0.42060000,2447191.10000000
1768381200000,0.42070000,0.42210000,0.41970000,0.42020000,2343215.30000000
1768384800000,0.42020000,0.42100000,0.41770000,0.41820000,2863466.00000000
1768388400000,0.41810000,0.41840000,0.41330000,0.41390000,4910190.50000000
1768392000000,0.41400000,0.41640000,0.41350000,0.41530000,2619035.50000000
1768395600000,0.41530000,0.41600000,0.41130000,0.41210000,3281987.10000000
1768399200000,0.41200000,0.42250000,0.41190000,0.41960000,11954091.10000000
1768402800000,0.41960000,0.42320000,0.41700000,0.42010000,12821560.80000000
1768406400000,0.42020000,0.42410000,0.41950000,0.42110000,10063651.00000000
1768410000000,0.42110000,0.42260000,0.41550000,0.41640000,8241106.60000000
1768413600000,0.41640000,0.41750000,0.40970000,0.41360000,7478447.90000000
1768417200000,0.41350000,0.42050000,0.41260000,0.41490000,6607303.70000000
1768420800000,0.41500000,0.41770000,0.41170000,0.41300000,4460370.90000000
1768424400000,0.41300000,0.41530000,0.41200000,0.41420000,3310834.90000000
1768428000000,0.41410000,0.41480000,0.41040000,0.41240000,4437295.90000000
1768431600000,0.41250000,0.41620000,0.41230000,0.41430000,2743258.40000000
1768435200000,0.41440000,0.41440000,0.41080000,0.41180000,3543506.40000000
1768438800000,0.41190000,0.41420000,0.40750000,0.40840000,4817281.30000000
1768442400000,0.40840000,0.40990000,0.40460000,0.40550000,7569137.90000000
1768446000000,0.40560000,0.40640000,0.39920000,0.40020000,8155916.50000000
1768449600000,0.40030000,0.40330000,0.39970000,0.40260000,4687690.60000000
1768453200000,0.40260000,0.40420000,0.40180000,0.40240000,3301396.60000000
1768456800000,0.40240000,0.40340000,0.40050000,0.40110000,2925749.60000000
1768460400000,0.40110000,0.40550000,0.40070000,0.40450000,2858026.40000000
1768464000000,0.40440000,0.40530000,0.40230000,0.40360000,2646780.10000000
1768467600000,0.40360000,0.40670000,0.40110000,0.40490000,8416197.00000000
1768471200000,0.40490000,0.40600000,0.40350000,0.40520000,3930461.40000000
1768474800000,0.40520000,0.40620000,0.40390000,0.40480000,3511467.80000000
1768478400000,0.40480000,0.40790000,0.40450000,0.40770000,3201163.70000000
1768482000000,0.40770000,0.41070000,0.40530000,0.40850000,11204758.60000000
1768485600000,0.40850000,0.40980000,0.40030000,0.40300000,11295138.80000000
1768489200000,0.40300000,0.40470000,0.39340000,0.39970000,16497876.70000000
1768492800000,0.39960000,0.40010000,0.39560000,0.39930000,7709525.40000000
1768496400000,0.39920000,0.40100000,0.39550000,0.39620000,5675528.00000000
1768500000000,0.39630000,0.39700000,0.39070000,0.39190000,7357779.30000000
1768503600000,0.39180000,0.39320000,0.38940000,0.39250000,6385614.90000000
1768507200000,0.39250000,0.39400000,0.38910000,0.39050000,4259405.00000000
1768510800000,0.39050000,0.39360000,0.39030000,0.39290000,3452339.40000000
1768514400000,0.39290000,0.39460000,0.39210000,0.39400000,2577317.10000000
1768518000000,0.39390000,0.39450000,0.39260000,0.39360000,1850298.30000000
1768521600000,0.39370000,0.39440000,0.39290000,0.39300000,1899375.10000000
1768525200000,0.39310000,0.39390000,0.39160000,0.39210000,1629168.30000000
1768528800000,0.39220000,0.39310000,0.38970000,0.39280000,3316427.60000000
1768532400000,0.39290000,0.39320000,0.39090000,0.39150000,2788539.20000000
1768536000000,0.39140000,0.39250000,0.38850000,0.38990000,3665723.00000000
1768539600000,0.38990000,0.39390000,0.38950000,0.39300000,2840440.00000000
1768543200000,0.39300000,0.39450000,0.39210000,0.39400000,1533372.20000000
1768546800000,0.39400000,0.39440000,0.39220000,0.39260000,1672603.00000000
1768550400000,0.39260000,0.39380000,0.39230000,0.39280000,2808293.70000000
1768554000000,0.39280000,0.39330000,0.39160000,0.39190000,1874922.00000000
1768557600000,0.39190000,0.39190000,0.39070000,0.39120000,1890555.20000000
1768561200000,0.39120000,0.39280000,0.39040000,0.39270000,1453674.40000000
1768564800000,0.39280000,0.39290000,0.39060000,0.39150000,1241092.70000000
1768568400000,0.39150000,0.39170000,0.38860000,0.39000000,3198481.40000000
1768572000000,0.39000000,0.39210000,0.38900000,0.38930000,6312140.30000000
1768575600000,0.38930000,0.39110000,0.37880000,0.38160000,21833903.70000000
1768579200000,0.38160000,0.38520000,0.38030000,0.38400000,9101696.10000000
1768582800000,0.38400000,0.38710000,0.38170000,0.38650000,4798042.50000000
1768586400000,0.38650000,0.38800000,0.38600000,0.38650000,3013003.20000000
1768590000000,0.38650000,0.38750000,0.38450000,0.38680000,1954152.40000000
1768593600000,0.38680000,0.39510000,0.38490000,0.39480000,7054167.00000000
1768597200000,0.39490000,0.39810000,0.39360000,0.39640000,11271171.20000000
1768600800000,0.39650000,0.39870000,0.39480000,0.39650000,3558100.60000000
1768604400000,0.39650000,0.39730000,0.39510000,0.39550000,3886993.40000000
1768608000000,0.39560000,0.39740000,0.39510000,0.39580000,4468273.30000000
1768611600000,0.39570000,0.39690000,0.39510000,0.39600000,1213327.30000000
1768615200000,0.39590000,0.39620000,0.39350000,0.39470000,2059253.80000000
1768618800000,0.39480000,0.39600000,0.39360000,0.39460000,2020469.90000000
1768622400000,0.39450000,0.39640000,0.39370000,0.39610000,1205715.80000000
1768626000000,0.39620000,0.39690000,0.39570000,0.39610000,1012328.60000000
1768629600000,0.39610000,0.39630000,0.39500000,0.39500000,927414.60000000
1768633200000,0.39500000,0.39580000,0.39370000,0.39560000,1395331.60000000
1768636800000,0.39560000,0.39710000,0.39530000,0.39590000,1430590.00000000
1768640400000,0.39600000,0.39690000,0.39530000,0.39530000,1535326.90000000
1768644000000,0.39520000,0.39690000,0.39470000,0.39610000,1316568.10000000
1768647600000,0.39610000,0.39680000,0.39460000,0.39480000,1838568.40000000
1768651200000,0.39470000,0.39670000,0.39450000,0.39590000,1089859.30000000
1768654800000,0.39600000,0.39830000,0.39520000,0.39760000,2121204.60000000
1768658400000,0.39770000,0.40190000,0.39630000,0.40100000,4898596.80000000
1768662000000,0.40110000,0.40270000,0.39980000,0.40260000,4184715.40000000
1768665600000,0.40260000,0.40420000,0.39890000,0.40050000,4926333.50000000
1768669200000,0.40040000,0.40220000,0.39940000,0.40040000,2558909.00000000
1768672800000,0.40050000,0.40050000,0.39870000,0.40010000,1431984.10000000
1768676400000,0.40020000,0.40130000,0.39920000,0.40020000,1474569.40000000
1768680000000,0.40020000,0.40220000,0.39870000,0.39910000,1763617.90000000
1768683600000,0.39910000,0.39920000,0.39760000,0.39880000,1609858.10000000
1768687200000,0.39870000,0.39890000,0.39500000,0.39640000,2766885.60000000
1768690800000,0.39640000,0.39740000,0.39560000,0.39730000,1303672.00000000
1768694400000,0.39730000,0.39880000,0.39580000,0.39650000,4497241.00000000
1768698000000,0.39660000,0.39680000,0.39280000,0.39420000,3021126.70000000
1768701600000,0.39420000,0.39610000,0.39350000,0.39430000,1706483.10000000
1768705200000,0.39430000,0.39680000,0.39390000,0.39560000,1465189.60000000
1768708800000,0.39560000,0.39560000,0.39370000,0.39540000,1225064.30000000
1768712400000,0.39540000,0.39600000,0.39450000,0.39530000,890301.10000000
1768716000000,0.39540000,0.39600000,0.39420000,0.39520000,1138814.50000000
1768719600000,0.39510000,0.39530000,0.39320000,0.39420000,1449216.30000000
1768723200000,0.39420000,0.39430000,0.39200000,0.39370000,5812481.00000000
1768726800000,0.39370000,0.39480000,0.39300000,0.39420000,1592896.70000000
1768730400000,0.39430000,0.39470000,0.39240000,0.39370000,1841417.70000000
1768734000000,0.39380000,0.39380000,0.39260000,0.39290000,1102194.40000000
1768737600000,0.39290000,0.39400000,0.39200000,0.39240000,1604439.40000000
1768741200000,0.39230000,0.39410000,0.39100000,0.39280000,2933941.00000000
1768744800000,0.39280000,0.39530000,0.39030000,0.39040000,3930546.40000000
1768748400000,0.39040000,0.39270000,0.38940000,0.39240000,4221289.10000000
1768752000000,0.39250000,0.39400000,0.39130000,0.39180000,1934931.10000000
1768755600000,0.39190000,0.39250000,0.39000000,0.39220000,2370088.40000000
1768759200000,0.39220000,0.39620000,0.39110000,0.39460000,2987290.60000000
1768762800000,0.39470000,0.39570000,0.39190000,0.39270000,1748010.90000000
1768766400000,0.39260000,0.39530000,0.39140000,0.39380000,1402831.60000000
1768770000000,0.39390000,0.39470000,0.39280000,0.39440000,1056624.80000000
1768773600000,0.39450000,0.39710000,0.39420000,0.39600000,2083158.60000000
1768777200000,0.39590000,0.39590000,0.37470000,0.37580000,27241946.90000000
1768780800000,0.37570000,0.37570000,0.34210000,0.36310000,104712962.00000000
1768784400000,0.36310000,0.36670000,0.36100000,0.36360000,13521987.00000000
1768788000000,0.36350000,0.36620000,0.36250000,0.36530000,4522578.20000000
1768791600000,0.36520000,0.36610000,0.36390000,0.36560000,3764492.10000000
1768795200000,0.36550000,0.36600000,0.36260000,0.36290000,6895263.10000000
1768798800000,0.36290000,0.36690000,0.36280000,0.36400000,15947226.30000000
1768802400000,0.36390000,0.36440000,0.36060000,0.36240000,9095171.20000000
1768806000000,0.36250000,0.36530000,0.36250000,0.36410000,7775448.00000000
1768809600000,0.36410000,0.36960000,0.36340000,0.36930000,20778117.00000000
1768813200000,0.36930000,0.37090000,0.36810000,0.36990000,13919412.30000000
1768816800000,0.37000000,0.37140000,0.36870000,0.37110000,10895164.00000000
1768820400000,0.37120000,0.37300000,0.36850000,0.36930000,12625318.90000000
1768824000000,0.36920000,0.36930000,0.36600000,0.36700000,4242222.30000000
1768827600000,0.36700000,0.36740000,0.36520000,0.36590000,2988204.60000000
1768831200000,0.36590000,0.37060000,0.36590000,0.36800000,3684981.80000000
1768834800000,0.36800000,0.36900000,0.36570000,0.36680000,3831107.80000000
1768838400000,0.36680000,0.37190000,0.36640000,0.37090000,2570832.70000000
1768842000000,0.37080000,0.37100000,0.36860000,0.36870000,3203954.50000000
1768845600000,0.36870000,0.37030000,0.36840000,0.36910000,1702170.10000000
1768849200000,0.36920000,0.37300000,0.36920000,0.37100000,2171367.50000000
1768852800000,0.37100000,0.37260000,0.37070000,0.37130000,1664232.80000000
1768856400000,0.37140000,0.37230000,0.36970000,0.37010000,2599801.50000000
1768860000000,0.37000000,0.37100000,0.36700000,0.36710000,3192408.40000000
1768863600000,0.36710000,0.37130000,0.36710000,0.37030000,2813526.20000000
1768867200000,0.37030000,0.37040000,0.36790000,0.36830000,1546714.00000000
1768870800000,0.36830000,0.37060000,0.36720000,0.36880000,1844612.30000000
1768874400000,0.36890000,0.36920000,0.36600000,0.36780000,3802858.90000000
1768878000000,0.36790000,0.36830000,0.36550000,0.36660000,2714648.00000000
1768881600000,0.36650000,0.36760000,0.36540000,0.36590000,3451988.70000000
1768885200000,0.36580000,0.36890000,0.36400000,0.36790000,14623760.80000000
1768888800000,0.36780000,0.36790000,0.36380000,0.36660000,12403998.70000000
1768892400000,0.36660000,0.36810000,0.36590000,0.36600000,6713771.90000000
1768896000000,0.36610000,0.36670000,0.35740000,0.36070000,29185116.60000000
1768899600000,0.36070000,0.36070000,0.35790000,0.35890000,4508483.10000000
1768903200000,0.35890000,0.36150000,0.35860000,0.36010000,2925317.30000000
1768906800000,0.36010000,0.36100000,0.35760000,0.35780000,3234239.60000000
1768910400000,0.35780000,0.36010000,0.35760000,0.35920000,5785537.60000000
1768914000000,0.35910000,0.36020000,0.35580000,0.35740000,12683697.30000000
1768917600000,0.35730000,0.36410000,0.35690000,0.36070000,14104903.60000000
1768921200000,0.36070000,0.36120000,0.35690000,0.35940000,11078267.00000000
1768924800000,0.35930000,0.36040000,0.35250000,0.35440000,6535201.80000000
1768928400000,0.35430000,0.35670000,0.34990000,0.35190000,9054681.90000000
1768932000000,0.35200000,0.35320000,0.35040000,0.35140000,5422453.90000000
1768935600000,0.35150000,0.35330000,0.35010000,0.35240000,4682561.60000000
1768939200000,0.35240000,0.35430000,0.35100000,0.35380000,3077658.20000000
1768942800000,0.35380000,0.35400000,0.35110000,0.35210000,4411800.70000000
1768946400000,0.35210000,0.35290000,0.34670000,0.35100000,8257666.40000000
1768950000000,0.35110000,0.35230000,0.34930000,0.35070000,3859623.60000000
1768953600000,0.35060000,0.35730000,0.35040000,0.35700000,4099095.10000000
1768957200000,0.35710000,0.35990000,0.35680000,0.35800000,5390237.00000000
1768960800000,0.35800000,0.36100000,0.35780000,0.35810000,2934031.30000000
1768964400000,0.35810000,0.36020000,0.35790000,0.35820000,1992186.20000000
1768968000000,0.35830000,0.35930000,0.35770000,0.35900000,1353720.30000000
1768971600000,0.35890000,0.36240000,0.35880000,0.36130000,2483427.30000000
1768975200000,0.36130000,0.36150000,0.35850000,0.35880000,2609959.80000000
1768978800000,0.35890000,0.36300000,0.35830000,0.35970000,5086796.00000000
1768982400000,0.35970000,0.35970000,0.35650000,0.35830000,2616458.10000000
1768986000000,0.35840000,0.35910000,0.35740000,0.35810000,1948090.60000000
1768989600000,0.35810000,0.35950000,0.35700000,0.35710000,1809037.20000000
1768993200000,0.35700000,0.35790000,0.35440000,0.35480000,3079346.10000000
1768996800000,0.35480000,0.35530000,0.35010000,0.35490000,6378832.70000000
1769000400000,0.35480000,0.35720000,0.35230000,0.35280000,9794935.80000000
1769004000000,0.35280000,0.36280000,0.35200000,0.36200000,22510879.60000000
1769007600000,0.36200000,0.36390000,0.35840000,0.36240000,8937936.70000000
1769011200000,0.36250000,0.36290000,0.34720000,0.34760000,9183571.70000000
1769014800000,0.34760000,0.35190000,0.34660000,0.35090000,6405758.50000000
1769018400000,0.35080000,0.35490000,0.34920000,0.35370000,4424137.70000000
1769022000000,0.35370000,0.36760000,0.35210000,0.36740000,16121587.70000000
1769025600000,0.36740000,0.36820000,0.36240000,0.36690000,6636890.70000000
1769029200000,0.36680000,0.37000000,0.36580000,0.36910000,7205593.50000000
1769032800000,0.36910000,0.37390000,0.36750000,0.36850000,9611523.30000000
1769036400000,0.36850000,0.36970000,0.36490000,0.36590000,4524423.60000000
1769040000000,0.36600000,0.36860000,0.36580000,0.36720000,3123035.20000000
1769043600000,0.36720000,0.36900000,0.36640000,0.36780000,1834758.20000000
1769047200000,0.36770000,0.36850000,0.36490000,0.36520000,4122579.00000000
1769050800000,0.36530000,0.36700000,0.36330000,0.36400000,4762727.60000000
1769054400000,0.36390000,0.36630000,0.36360000,0.36600000,8070644.20000000
1769058000000,0.36600000,0.36750000,0.36500000,0.36540000,4161297.70000000
1769061600000,0.36540000,0.36650000,0.36430000,0.36570000,1890156.20000000
1769065200000,0.36560000,0.36590000,0.36340000,0.36350000,1746208.40000000
1769068800000,0.36350000,0.36520000,0.36270000,0.36470000,3053889.30000000
1769072400000,0.36470000,0.36640000,0.36390000,0.36570000,1526921.80000000
1769076000000,0.36570000,0.36610000,0.36480000,0.36570000,2245533.00000000
1769079600000,0.36560000,0.36570000,0.36330000,0.36370000,2171612.10000000
1769083200000,0.36380000,0.36430000,0.36310000,0.36330000,866722.50000000
1769086800000,0.36330000,0.36630000,0.36110000,0.36220000,3870302.10000000
1769090400000,0.36220000,0.36310000,0.35710000,0.35810000,6076857.40000000
1769094000000,0.35810000,0.36040000,0.35540000,0.35850000,5566347.10000000
1769097600000,0.35850000,0.36290000,0.35830000,0.36170000,2788912.30000000
1769101200000,0.36170000,0.36330000,0.35990000,0.36230000,2692239.80000000
1769104800000,0.36240000,0.36270000,0.35950000,0.35970000,2743111.90000000
1769108400000,0.35960000,0.36230000,0.35860000,0.36150000,2008573.90000000
1769112000000,0.36150000,0.36190000,0.35900000,0.36010000,1597822.80000000
1769115600000,0.36020000,0.36120000,0.35920000,0.35930000,1127108.30000000
1769119200000,0.35940000,0.36070000,0.35870000,0.35980000,1891556.10000000
1769122800000,0.35980000,0.36000000,0.35770000,0.35940000,1605694.00000000
1769126400000,0.35940000,0.36020000,0.35850000,0.35930000,1124614.60000000
1769130000000,0.35940000,0.36140000,0.35910000,0.36140000,2230369.30000000
1769133600000,0.36130000,0.36160000,0.35920000,0.35960000,2797220.60000000
1769137200000,0.35950000,0.36340000,0.35940000,0.36200000,1261003.70000000
1769140800000,0.36200000,0.36520000,0.36150000,0.36450000,2512400.70000000
1769144400000,0.36440000,0.36440000,0.36000000,0.36060000,1616185.00000000
1769148000000,0.36060000,0.36280000,0.35900000,0.36020000,3918058.80000000
1769151600000,0.36030000,0.36170000,0.35960000,0.36130000,1569428.20000000
1769155200000,0.36120000,0.36160000,0.35820000,0.35920000,2633803.10000000
1769158800000,0.35910000,0.36060000,0.35760000,0.35860000,5005829.80000000
1769162400000,0.35870000,0.36000000,0.35790000,0.35890000,1655286.60000000
1769166000000,0.35890000,0.36090000,0.35870000,0.36000000,1849085.60000000
1769169600000,0.36000000,0.36070000,0.35840000,0.36010000,1471372.80000000
1769173200000,0.36000000,0.36050000,0.35880000,0.35900000,1162039.70000000
1769176800000,0.35890000,0.35920000,0.35250000,0.35490000,8130786.60000000
1769180400000,0.35500000,0.36150000,0.35330000,0.36040000,4974503.30000000
1769184000000,0.36040000,0.36660000,0.36000000,0.36340000,8694528.80000000
1769187600000,0.36340000,0.37070000,0.36170000,0.36590000,6644739.50000000
1769191200000,0.36590000,0.36860000,0.36480000,0.36590000,3047769.40000000
1769194800000,0.36590000,0.36590000,0.35970000,0.36150000,4565893.60000000
1769198400000,0.36160000,0.36280000,0.35730000,0.35920000,3920861.00000000
1769202000000,0.35910000,0.36110000,0.35850000,0.35990000,1149677.10000000
1769205600000,0.35980000,0.36280000,0.35970000,0.36240000,2242360.60000000
1769209200000,0.36230000,0.36230000,0.36020000,0.36020000,1189791.80000000
1769212800000,0.36030000,0.36140000,0.35920000,0.35920000,1300397.20000000
1769216400000,0.35910000,0.35990000,0.35840000,0.35960000,1769193.90000000
1769220000000,0.35970000,0.36040000,0.35950000,0.35990000,803125.90000000
1769223600000,0.36000000,0.36240000,0.35950000,0.36180000,1488553.10000000
1769227200000,0.36180000,0.36250000,0.36080000,0.36120000,1242026.60000000
1769230800000,0.36120000,0.36140000,0.36020000,0.36060000,873147.80000000
1769234400000,0.36060000,0.36070000,0.35990000,0.36000000,1375515.30000000
1769238000000,0.35990000,0.36070000,0.35950000,0.35960000,800223.60000000
1769241600000,0.35960000,0.36020000,0.35860000,0.35980000,774833.60000000
1769245200000,0.35970000,0.36080000,0.35910000,0.35970000,836353.20000000
1769248800000,0.35960000,0.35970000,0.35900000,0.35920000,553721.70000000
1769252400000,0.35910000,0.36020000,0.35910000,0.36000000,575533.00000000
1769256000000,0.35990000,0.36050000,0.35940000,0.36010000,992460.00000000
1769259600000,0.36010000,0.36040000,0.35820000,0.35830000,1270696.70000000
1769263200000,0.35840000,0.36030000,0.35770000,0.35940000,1762667.20000000
1769266800000,0.35930000,0.36010000,0.35740000,0.35800000,1902909.80000000
1769270400000,0.35800000,0.35900000,0.35640000,0.35860000,1861586.10000000
1769274000000,0.35870000,0.35920000,0.35820000,0.35870000,1487979.10000000
1769277600000,0.35880000,0.35980000,0.35820000,0.35880000,913994.10000000
1769281200000,0.35880000,0.35900000,0.35780000,0.35830000,802607.00000000
1769284800000,0.35830000,0.35940000,0.35820000,0.35910000,638293.40000000
1769288400000,0.35910000,0.35940000,0.35820000,0.35900000,367059.50000000
1769292000000,0.35910000,0.36010000,0.35870000,0.35990000,685922.20000000
1769295600000,0.35990000,0.36020000,0.35790000,0.35830000,1261063.70000000
1769299200000,0.35830000,0.35910000,0.35730000,0.35900000,1697370.60000000
1769302800000,0.35910000,0.35950000,0.35720000,0.35760000,1093529.20000000
1769306400000,0.35770000,0.35850000,0.35640000,0.35670000,791168.20000000
1769310000000,0.35670000,0.35740000,0.35430000,0.35570000,1840691.70000000
1769313600000,0.35570000,0.35780000,0.35550000,0.35710000,819343.90000000
1769317200000,0.35720000,0.35740000,0.35550000,0.35700000,713500.70000000
1769320800000,0.35690000,0.35690000,0.35560000,0.35590000,1316974.50000000
1769324400000,0.35590000,0.35630000,0.35410000,0.35580000,1328190.40000000
1769328000000,0.35580000,0.35690000,0.35380000,0.35470000,1324664.10000000
1769331600000,0.35470000,0.35780000,0.35390000,0.35690000,1837871.90000000
1769335200000,0.35680000,0.36030000,0.35660000,0.35840000,1968018.20000000
1769338800000,0.35840000,0.35870000,0.35620000,0.35650000,829809.50000000
1769342400000,0.35640000,0.35650000,0.35470000,0.35610000,1290153.40000000
1769346000000,0.35610000,0.35720000,0.35520000,0.35680000,1468473.70000000
1769349600000,0.35690000,0.35710000,0.35060000,0.35290000,3724469.50000000
1769353200000,0.35280000,0.35400000,0.35160000,0.35240000,1778381.60000000
1769356800000,0.35230000,0.35230000,0.34170000,0.34470000,31354522.60000000
1769360400000,0.34470000,0.34580000,0.34150000,0.34180000,4460938.50000000
1769364000000,0.34180000,0.34260000,0.33820000,0.34030000,13955960.90000000
1769367600000,0.34030000,0.34060000,0.33270000,0.33450000,15909711.10000000
1769371200000,0.33460000,0.33730000,0.33300000,0.33590000,10636986.30000000
1769374800000,0.33590000,0.33940000,0.33590000,0.33900000,5975843.20000000
1769378400000,0.33910000,0.33930000,0.33660000,0.33860000,3183772.00000000
1769382000000,0.33860000,0.33980000,0.33690000,0.33910000,3752374.20000000
1769385600000,0.33900000,0.34490000,0.33880000,0.34390000,6871087.00000000
1769389200000,0.34390000,0.34950000,0.34370000,0.34850000,6348633.60000000
1769392800000,0.34840000,0.34870000,0.34560000,0.34630000,3304616.20000000
1769396400000,0.34630000,0.34780000,0.34390000,0.34510000,2210081.00000000
1769400000000,0.34510000,0.34990000,0.34510000,0.34760000,2715769.40000000
1769403600000,0.34760000,0.34820000,0.34660000,0.34770000,2042555.40000000
1769407200000,0.34780000,0.34900000,0.34630000,0.34810000,2571962.70000000
1769410800000,0.34810000,0.34970000,0.34710000,0.34820000,3157828.50000000
1769414400000,0.34830000,0.35170000,0.34750000,0.34860000,5205936.30000000
1769418000000,0.34870000,0.34870000,0.34490000,0.34540000,3225972.10000000
1769421600000,0.34550000,0.34790000,0.34540000,0.34730000,1688911.00000000
1769425200000,0.34730000,0.34850000,0.34650000,0.34710000,1770519.00000000
1769428800000,0.34710000,0.34840000,0.34680000,0.34770000,1965046.20000000
1769432400000,0.34780000,0.34970000,0.34760000,0.34970000,2080001.40000000
1769436000000,0.34960000,0.35480000,0.34780000,0.35390000,11619298.90000000
1769439600000,0.35390000,0.35840000,0.35080000,0.35240000,10179496.30000000
1769443200000,0.35240000,0.35480000,0.35070000,0.35320000,4149376.70000000
1769446800000,0.35330000,0.35420000,0.34940000,0.35280000,4059983.00000000
1769450400000,0.35280000,0.35600000,0.35220000,0.35400000,5716999.90000000
1769454000000,0.35400000,0.35520000,0.35180000,0.35220000,1904360.70000000
1769457600000,0.35210000,0.35270000,0.34950000,0.35000000,2449255.70000000
1769461200000,0.35000000,0.35450000,0.34900000,0.35320000,3688509.30000000
1769464800000,0.35320000,0.35410000,0.35150000,0.35240000,1965024.70000000
1769468400000,0.35240000,0.35420000,0.35140000,0.35210000,1883642.30000000
1769472000000,0.35210000,0.35280000,0.35110000,0.35240000,1010252.50000000
1769475600000,0.35240000,0.35510000,0.35110000,0.35380000,2230634.70000000
1769479200000,0.35390000,0.35530000,0.35350000,0.35450000,5920401.60000000
1769482800000,0.35450000,0.35470000,0.35240000,0.35270000,3507465.10000000
1769486400000,0.35260000,0.35480000,0.35230000,0.35320000,1918176.20000000
1769490000000,0.35310000,0.35320000,0.35160000,0.35250000,1416498.50000000
1769493600000,0.35250000,0.35290000,0.35100000,0.35110000,876813.40000000
1769497200000,0.35100000,0.35250000,0.35090000,0.35190000,1250160.50000000
1769500800000,0.35190000,0.35290000,0.35090000,0.35150000,984769.50000000
1769504400000,0.35150000,0.35150000,0.34890000,0.34930000,2482842.90000000
1769508000000,0.34930000,0.35030000,0.34930000,0.34980000,2632236.50000000
1769511600000,0.34970000,0.35160000,0.34920000,0.35060000,5838430.60000000
1769515200000,0.35060000,0.35100000,0.34920000,0.34980000,1929900.30000000
1769518800000,0.34990000,0.35040000,0.34760000,0.34840000,1650129.00000000
1769522400000,0.34840000,0.35270000,0.34820000,0.34910000,5884888.20000000
1769526000000,0.34910000,0.35200000,0.34860000,0.35160000,2451295.10000000
1769529600000,0.35170000,0.35770000,0.35160000,0.35750000,14454167.00000000
1769533200000,0.35740000,0.35780000,0.34920000,0.35030000,13947518.90000000
1769536800000,0.35040000,0.35720000,0.34980000,0.35570000,4312829.60000000
1769540400000,0.35560000,0.35610000,0.35410000,0.35560000,2581203.90000000
1769544000000,0.35550000,0.36270000,0.35550000,0.36190000,10364310.90000000
1769547600000,0.36180000,0.36360000,0.35960000,0.35990000,4598562.80000000
1769551200000,0.35990000,0.36290000,0.35990000,0.36110000,3679552.40000000
1769554800000,0.36120000,0.36240000,0.36050000,0.36080000,1731436.20000000
1769558400000,0.36070000,0.36150000,0.35790000,0.35950000,3571347.90000000
1769562000000,0.35950000,0.35950000,0.35620000,0.35760000,3353454.80000000
1769565600000,0.35750000,0.35860000,0.35670000,0.35790000,1868955.20000000
1769569200000,0.35780000,0.35830000,0.35620000,0.35680000,1587821.90000000
1769572800000,0.35680000,0.35700000,0.35500000,0.35570000,3251205.60000000
1769576400000,0.35580000,0.35770000,0.35510000,0.35710000,1653759.20000000
1769580000000,0.35720000,0.35920000,0.35690000,0.35850000,1769329.20000000
1769583600000,0.35860000,0.35920000,0.35670000,0.35760000,1764315.10000000
1769587200000,0.35760000,0.35880000,0.35670000,0.35700000,1893394.80000000
1769590800000,0.35700000,0.36150000,0.35640000,0.36120000,2989533.50000000
1769594400000,0.36120000,0.36240000,0.35990000,0.36000000,2838217.80000000
1769598000000,0.36010000,0.36470000,0.35940000,0.36450000,5619450.00000000
1769601600000,0.36440000,0.36500000,0.35980000,0.36090000,6954378.00000000
1769605200000,0.36100000,0.36360000,0.36080000,0.36170000,3462007.60000000
1769608800000,0.36160000,0.36170000,0.35810000,0.35850000,11032333.10000000
1769612400000,0.35850000,0.35990000,0.35460000,0.35720000,8816822.50000000
1769616000000,0.35720000,0.35920000,0.35610000,0.35680000,4453967.50000000
1769619600000,0.35680000,0.36150000,0.35510000,0.35990000,4402323.70000000
1769623200000,0.35990000,0.35990000,0.35540000,0.35750000,4775815.70000000
1769626800000,0.35740000,0.35940000,0.35560000,0.35840000,3610906.70000000
1769630400000,0.35830000,0.36200000,0.35680000,0.35750000,3791189.00000000
1769634000000,0.35760000,0.35930000,0.35510000,0.35840000,2862215.60000000
1769637600000,0.35850000,0.36060000,0.35690000,0.36030000,1021795.00000000
1769641200000,0.36030000,0.36100000,0.35780000,0.35830000,2947233.90000000
1769644800000,0.35830000,0.35920000,0.35510000,0.35670000,3227074.50000000
1769648400000,0.35670000,0.35750000,0.35240000,0.35440000,3431743.50000000
1769652000000,0.35430000,0.35570000,0.34950000,0.35060000,7949906.90000000
1769655600000,0.35060000,0.35320000,0.34980000,0.35120000,2315099.70000000
1769659200000,0.35110000,0.35130000,0.34730000,0.35000000,6089378.90000000
1769662800000,0.35000000,0.35110000,0.34960000,0.35050000,1647509.70000000
1769666400000,0.35060000,0.35190000,0.35010000,0.35190000,940610.80000000
1769670000000,0.35180000,0.35250000,0.35090000,0.35140000,2532482.10000000
1769673600000,0.35140000,0.35180000,0.34910000,0.34990000,2802951.90000000
1769677200000,0.34990000,0.35030000,0.34880000,0.34890000,1484862.40000000
1769680800000,0.34900000,0.34910000,0.34730000,0.34820000,2385168.50000000
1769684400000,0.34820000,0.34860000,0.34590000,0.34660000,3575918.30000000
1769688000000,0.34660000,0.34700000,0.34410000,0.34530000,4075459.80000000
1769691600000,0.34530000,0.34680000,0.34510000,0.34640000,1598317.30000000
1769695200000,0.34650000,0.34740000,0.33860000,0.33920000,8699509.90000000
1769698800000,0.33910000,0.33920000,0.32970000,0.33330000,34516752.70000000
1769702400000,0.33320000,0.33660000,0.33050000,0.33640000,10385240.70000000
1769706000000,0.33640000,0.34100000,0.33350000,0.33420000,10083283.00000000
1769709600000,0.33420000,0.33540000,0.32820000,0.32820000,15074912.20000000
1769713200000,0.32830000,0.33210000,0.32720000,0.33090000,7517694.30000000
1769716800000,0.33090000,0.33430000,0.33010000,0.33360000,5004823.00000000
1769720400000,0.33370000,0.33590000,0.33370000,0.33520000,4853321.00000000
1769724000000,0.33520000,0.33650000,0.33460000,0.33510000,2564418.40000000
1769727600000,0.33510000,0.33510000,0.33300000,0.33470000,2142975.80000000
1769731200000,0.33460000,0.33590000,0.33320000,0.33420000,3004258.30000000
1769734800000,0.33430000,0.33480000,0.31800000,0.32690000,33950989.40000000
1769738400000,0.32690000,0.32700000,0.32060000,0.32490000,8969616.90000000
1769742000000,0.32490000,0.32670000,0.32440000,0.32510000,2923517.70000000
1769745600000,0.32510000,0.32980000,0.32500000,0.32830000,4298985.20000000
1769749200000,0.32830000,0.32900000,0.32660000,0.32680000,2992688.60000000
1769752800000,0.32680000,0.32690000,0.31970000,0.32170000,6980260.90000000
1769756400000,0.32170000,0.32720000,0.32170000,0.32540000,6232437.80000000
1769760000000,0.32550000,0.32570000,0.32170000,0.32290000,3535850.20000000
1769763600000,0.32290000,0.32380000,0.32040000,0.32230000,5155270.80000000
1769767200000,0.32230000,0.32400000,0.32150000,0.32370000,2921297.00000000
1769770800000,0.32370000,0.32920000,0.32330000,0.32790000,3310505.00000000
1769774400000,0.32790000,0.32830000,0.32470000,0.32550000,2584986.20000000
1769778000000,0.32540000,0.32610000,0.32150000,0.32360000,6297125.10000000
1769781600000,0.32370000,0.32840000,0.32370000,0.32540000,6341932.10000000
1769785200000,0.32550000,0.32800000,0.32080000,0.32570000,9536395.90000000
1769788800000,0.32570000,0.32840000,0.32350000,0.32580000,4838171.20000000
1769792400000,0.32590000,0.32830000,0.32380000,0.32530000,4447127.50000000
1769796000000,0.32520000,0.33090000,0.31610000,0.32890000,19352818.70000000
1769799600000,0.32890000,0.33190000,0.32840000,0.32910000,9725538.40000000
1769803200000,0.32910000,0.32920000,0.32300000,0.32360000,11920333.40000000
1769806800000,0.32360000,0.32720000,0.32320000,0.32470000,6335311.70000000
1769810400000,0.32470000,0.32510000,0.32190000,0.32350000,2708667.00000000
1769814000000,0.32340000,0.32350000,0.32000000,0.32080000,6078086.40000000
1769817600000,0.32080000,0.32130000,0.31930000,0.32010000,3855031.60000000
1769821200000,0.32020000,0.32240000,0.32010000,0.32120000,3203998.40000000
1769824800000,0.32120000,0.32120000,0.31800000,0.31980000,4501759.80000000
1769828400000,0.31980000,0.32050000,0.31810000,0.31840000,3574677.50000000
1769832000000,0.31840000,0.31920000,0.31460000,0.31570000,17604623.90000000
1769835600000,0.31570000,0.31650000,0.31230000,0.31590000,22111250.30000000
1769839200000,0.31590000,0.31640000,0.31120000,0.31140000,27178891.10000000
1769842800000,0.31140000,0.31310000,0.31040000,0.31240000,5711451.60000000
1769846400000,0.31240000,0.31280000,0.30700000,0.31030000,19755466.20000000
1769850000000,0.31040000,0.31250000,0.30960000,0.31110000,5089353.60000000
1769853600000,0.31110000,0.31320000,0.31020000,0.31120000,2917505.50000000
1769857200000,0.31130000,0.31140000,0.30910000,0.31040000,4360059.60000000
1769860800000,0.31040000,0.31090000,0.30920000,0.30990000,3154455.10000000
1769864400000,0.31000000,0.31010000,0.30710000,0.30810000,5230032.90000000
1769868000000,0.30820000,0.30910000,0.29390000,0.29850000,50999841.40000000
1769871600000,0.29850000,0.30060000,0.29600000,0.29630000,15130238.60000000
1769875200000,0.29620000,0.30030000,0.29080000,0.29250000,23427676.30000000
1769878800000,0.29250000,0.29350000,0.27710000,0.28430000,71653336.40000000
1769882400000,0.28430000,0.28720000,0.26850000,0.28410000,65919366.80000000
1769886000000,0.28420000,0.28740000,0.28200000,0.28530000,35899114.90000000
1769889600000,0.28530000,0.28750000,0.28190000,0.28560000,11642447.50000000
1769893200000,0.28550000,0.29180000,0.28450000,0.29100000,13055705.30000000
1769896800000,0.29100000,0.29140000,0.28710000,0.28860000,9223891.50000000
1769900400000,0.28860000,0.29580000,0.28820000,0.29360000,10675500.90000000
1769904000000,0.29370000,0.29670000,0.29350000,0.29570000,8321818.20000000
1769907600000,0.29570000,0.29600000,0.29150000,0.29560000,4946155.90000000
1769911200000,0.29550000,0.29780000,0.29410000,0.29610000,6446476.70000000
1769914800000,0.29610000,0.29670000,0.29510000,0.29590000,2943937.00000000
1769918400000,0.29590000,0.29770000,0.29570000,0.29700000,5399233.20000000
1769922000000,0.29700000,0.29740000,0.29450000,0.29490000,4006326.90000000
1769925600000,0.29500000,0.29640000,0.29340000,0.29450000,3026709.10000000
1769929200000,0.29450000,0.29920000,0.29280000,0.29630000,10187602.60000000
1769932800000,0.29620000,0.29790000,0.29470000,0.29660000,5579006.70000000
1769936400000,0.29650000,0.29800000,0.29520000,0.29760000,2439456.20000000
1769940000000,0.29760000,0.29790000,0.29150000,0.29210000,5645275.60000000
1769943600000,0.29210000,0.29640000,0.29210000,0.29550000,2925897.30000000
1769947200000,0.29540000,0.29550000,0.29250000,0.29350000,5141756.60000000
1769950800000,0.29350000,0.29680000,0.29270000,0.29370000,12130701.40000000
1769954400000,0.29370000,0.29530000,0.28870000,0.29280000,17287056.50000000
1769958000000,0.29280000,0.29300000,0.28480000,0.28940000,17119191.90000000
1769961600000,0.28940000,0.29170000,0.28650000,0.28780000,10076330.70000000
1769965200000,0.28770000,0.28860000,0.28460000,0.28720000,6470782.10000000
1769968800000,0.28720000,0.29290000,0.28720000,0.29040000,8690254.90000000
1769972400000,0.29030000,0.29110000,0.28560000,0.28690000,5422111.20000000
1769976000000,0.28690000,0.29080000,0.28440000,0.28770000,6215346.60000000
1769979600000,0.28770000,0.28800000,0.28490000,0.28610000,4773872.00000000
1769983200000,0.28620000,0.29110000,0.28580000,0.28830000,6243653.40000000
1769986800000,0.28830000,0.29070000,0.27900000,0.28580000,22164969.70000000
1769990400000,0.28590000,0.29210000,0.28340000,0.28920000,11191153.70000000
1769994000000,0.28920000,0.29360000,0.28540000,0.29080000,7415616.40000000
1769997600000,0.29070000,0.29180000,0.28690000,0.28750000,5854153.90000000
1770001200000,0.28750000,0.28800000,0.27640000,0.28640000,25504271.00000000
1770004800000,0.28650000,0.29000000,0.28170000,0.28500000,9177744.30000000
1770008400000,0.28490000,0.28510000,0.27670000,0.27960000,13538408.50000000
1770012000000,0.27950000,0.28840000,0.27570000,0.28430000,22872912.10000000
1770015600000,0.28430000,0.28760000,0.28330000,0.28410000,8522804.70000000
1770019200000,0.28410000,0.28990000,0.28410000,0.28900000,8239669.30000000
1770022800000,0.28890000,0.29310000,0.28740000,0.29210000,13265730.90000000
1770026400000,0.29220000,0.29360000,0.29140000,0.29230000,5238952.10000000
1770030000000,0.29230000,0.29480000,0.29200000,0.29240000,5641182.60000000
1770033600000,0.29240000,0.29670000,0.29240000,0.29590000,6033996.60000000
1770037200000,0.29580000,0.29740000,0.29460000,0.29670000,5988589.00000000
1770040800000,0.29670000,0.30260000,0.29480000,0.29860000,18490287.50000000
1770044400000,0.29870000,0.30330000,0.29800000,0.30140000,15067844.60000000
1770048000000,0.30140000,0.30270000,0.29970000,0.30050000,6025639.30000000
1770051600000,0.30040000,0.30180000,0.29910000,0.30050000,6639921.10000000
1770055200000,0.30050000,0.30340000,0.29950000,0.30250000,5058257.20000000
1770058800000,0.30260000,0.30330000,0.30000000,0.30020000,3383119.90000000
1770062400000,0.30020000,0.30160000,0.29780000,0.29940000,7415481.00000000
1770066000000,0.29950000,0.30150000,0.29920000,0.30080000,2778970.30000000
1770069600000,0.30080000,0.30120000,0.29960000,0.30050000,1930792.70000000
1770073200000,0.30050000,0.30050000,0.29880000,0.29910000,2831116.20000000
1770076800000,0.29910000,0.30040000,0.29740000,0.30010000,3557378.30000000
1770080400000,0.30010000,0.30040000,0.29800000,0.30000000,2248400.10000000
1770084000000,0.30000000,0.30000000,0.29410000,0.29450000,4848117.40000000
1770087600000,0.29450000,0.29970000,0.29340000,0.29930000,3940207.30000000
1770091200000,0.29930000,0.30190000,0.29790000,0.30140000,3541023.30000000
1770094800000,0.30150000,0.30160000,0.29770000,0.29780000,2736625.60000000
1770098400000,0.29790000,0.29870000,0.29560000,0.29800000,4213751.80000000
1770102000000,0.29800000,0.30080000,0.29710000,0.29930000,2501642.00000000
1770105600000,0.29940000,0.30070000,0.29780000,0.29810000,3293140.60000000
1770109200000,0.29810000,0.29920000,0.29380000,0.29630000,6848122.70000000
1770112800000,0.29630000,0.29720000,0.29480000,0.29580000,1611159.20000000
1770116400000,0.29580000,0.29800000,0.29580000,0.29730000,2843271.40000000
1770120000000,0.29730000,0.30000000,0.29640000,0.29920000,3748151.10000000
1770123600000,0.29920000,0.30040000,0.29820000,0.29960000,3500105.10000000
1770127200000,0.29960000,0.30030000,0.29380000,0.29410000,8487259.80000000
1770130800000,0.29400000,0.30500000,0.29330000,0.30390000,19010803.00000000
1770134400000,0.30400000,0.30400000,0.29460000,0.29560000,12024946.70000000
1770138000000,0.29560000,0.29620000,0.28700000,0.28740000,10817149.50000000
1770141600000,0.28750000,0.28920000,0.28170000,0.28230000,18748095.20000000
1770145200000,0.28230000,0.29640000,0.28200000,0.29490000,21350443.50000000
1770148800000,0.29480000,0.30460000,0.29080000,0.30130000,22769071.10000000
1770152400000,0.30120000,0.30360000,0.29610000,0.29680000,6161842.70000000
1770156000000,0.29680000,0.29700000,0.29180000,0.29280000,5353074.00000000
1770159600000,0.29270000,0.29310000,0.28970000,0.29170000,4699395.50000000
1770163200000,0.29170000,0.29580000,0.29060000,0.29440000,3918983.70000000
1770166800000,0.29440000,0.29940000,0.29440000,0.29720000,2816138.70000000
1770170400000,0.29720000,0.29800000,0.29420000,0.29510000,3728105.40000000
1770174000000,0.29500000,0.30180000,0.29460000,0.30110000,8128616.10000000
1770177600000,0.30120000,0.30270000,0.29950000,0.29960000,3551598.90000000
1770181200000,0.29970000,0.29990000,0.29640000,0.29730000,2027503.20000000
1770184800000,0.29740000,0.30050000,0.29730000,0.29930000,3747745.10000000
1770188400000,0.29930000,0.30090000,0.29770000,0.29980000,4001732.20000000
1770192000000,0.29990000,0.30270000,0.29870000,0.30220000,3274261.10000000
1770195600000,0.30220000,0.30230000,0.29870000,0.30010000,4586233.00000000
1770199200000,0.30010000,0.30090000,0.29940000,0.29970000,2134758.60000000
1770202800000,0.29970000,0.29980000,0.29420000,0.29720000,14662857.40000000
1770206400000,0.29720000,0.29770000,0.29550000,0.29640000,2356574.80000000
1770210000000,0.29640000,0.29660000,0.29150000,0.29160000,6213462.50000000
1770213600000,0.29160000,0.29400000,0.28650000,0.28700000,9960469.90000000
1770217200000,0.28690000,0.29110000,0.28340000,0.28660000,14477182.40000000
1770220800000,0.28670000,0.28890000,0.28250000,0.28580000,15746090.20000000
1770224400000,0.28580000,0.28820000,0.28220000,0.28570000,13976248.90000000
1770228000000,0.28560000,0.29160000,0.28120000,0.28770000,17594507.90000000
1770231600000,0.28770000,0.29340000,0.28650000,0.29240000,10790380.90000000
1770235200000,0.29250000,0.29330000,0.28890000,0.28950000,6312442.20000000
1770238800000,0.28950000,0.29040000,0.28290000,0.28540000,4409647.80000000
1770242400000,0.28550000,0.28960000,0.28030000,0.28350000,7102457.20000000
1770246000000,0.28350000,0.28860000,0.28290000,0.28640000,6239426.00000000
1770249600000,0.28640000,0.28770000,0.28500000,0.28640000,3892808.60000000
1770253200000,0.28640000,0.28990000,0.28370000,0.28610000,6898832.40000000
1770256800000,0.28610000,0.28940000,0.28360000,0.28420000,8267818.60000000
1770260400000,0.28420000,0.28670000,0.28230000,0.28280000,7145159.30000000
1770264000000,0.28280000,0.28520000,0.28130000,0.28330000,8562011.40000000
1770267600000,0.28340000,0.28670000,0.27990000,0.28390000,13767101.60000000
1770271200000,0.28390000,0.28430000,0.27850000,0.27970000,13640808.90000000
1770274800000,0.27980000,0.28370000,0.27890000,0.27940000,12399698.70000000
1770278400000,0.27950000,0.28270000,0.27930000,0.28080000,5365930.90000000
1770282000000,0.28080000,0.28400000,0.27950000,0.28040000,5948109.80000000
1770285600000,0.28050000,0.28070000,0.27130000,0.27280000,14767450.30000000
1770289200000,0.27280000,0.27460000,0.26710000,0.27210000,23808964.90000000
1770292800000,0.27210000,0.27340000,0.26910000,0.27200000,14130775.10000000
1770296400000,0.27200000,0.27450000,0.26930000,0.27000000,8298040.80000000
1770300000000,0.27010000,0.27790000,0.27000000,0.27180000,15604070.40000000
1770303600000,0.27190000,0.27270000,0.25750000,0.26230000,70818236.10000000
1770307200000,0.26230000,0.26760000,0.25990000,0.26530000,31218046.00000000
1770310800000,0.26540000,0.26650000,0.25530000,0.25800000,25045634.30000000
1770314400000,0.25800000,0.26030000,0.25370000,0.25890000,24361125.00000000
1770318000000,0.25890000,0.25910000,0.25310000,0.25380000,14043972.90000000
1770321600000,0.25380000,0.25650000,0.24360000,0.24770000,67562877.20000000
1770325200000,0.24780000,0.25460000,0.24500000,0.24720000,30528937.30000000
1770328800000,0.24720000,0.25240000,0.24370000,0.24930000,23878840.50000000
1770332400000,0.24940000,0.25450000,0.24450000,0.24550000,18468828.20000000
1770336000000,0.24550000,0.24740000,0.22050000,0.24390000,172245468.30000000
1770339600000,0.24400000,0.25280000,0.24290000,0.25200000,22174316.50000000
1770343200000,0.25200000,0.25390000,0.24470000,0.24610000,12857025.30000000
1770346800000,0.24620000,0.24950000,0.24570000,0.24900000,12088634.30000000
1770350400000,0.24910000,0.25280000,0.24790000,0.25130000,18492598.40000000
1770354000000,0.25120000,0.25890000,0.25070000,0.25790000,24783088.70000000
1770357600000,0.25790000,0.25940000,0.25380000,0.25440000,25694553.10000000
1770361200000,0.25440000,0.25470000,0.25110000,0.25150000,22981707.30000000
1770364800000,0.25150000,0.25280000,0.24880000,0.25100000,26480105.00000000
1770368400000,0.25090000,0.25790000,0.25000000,0.25710000,22629333.60000000
1770372000000,0.25700000,0.26300000,0.25640000,0.26200000,22750817.40000000
1770375600000,0.26190000,0.26390000,0.26060000,0.26160000,20022653.50000000
1770379200000,0.26150000,0.26260000,0.25990000,0.26250000,15980248.60000000
1770382800000,0.26250000,0.26630000,0.26190000,0.26460000,24077482.80000000
1770386400000,0.26450000,0.27220000,0.26200000,0.27110000,36063301.80000000
1770390000000,0.27120000,0.27470000,0.26870000,0.27350000,39773674.60000000
1770393600000,0.27350000,0.28060000,0.27260000,0.27840000,29396919.80000000
1770397200000,0.27840000,0.28430000,0.27680000,0.28070000,28813903.40000000
1770400800000,0.28060000,0.28110000,0.27500000,0.27770000,26465077.40000000
1770404400000,0.27770000,0.27870000,0.27590000,0.27820000,17626050.20000000
1770408000000,0.27820000,0.27890000,0.27500000,0.27570000,20324381.50000000
1770411600000,0.27570000,0.27710000,0.27400000,0.27640000,14818365.20000000
1770415200000,0.27640000,0.28000000,0.27600000,0.27920000,17142802.60000000
1770418800000,0.27910000,0.28090000,0.27580000,0.27620000,10253265.00000000
1770422400000,0.27610000,0.27610000,0.27210000,0.27320000,7520087.20000000
1770426000000,0.27310000,0.27510000,0.27080000,0.27450000,9820660.50000000
1770429600000,0.27450000,0.27470000,0.27200000,0.27290000,12336383.70000000
1770433200000,0.27290000,0.27660000,0.27260000,0.27590000,16517400.30000000
1770436800000,0.27600000,0.27800000,0.27340000,0.27420000,17836975.90000000
1770440400000,0.27410000,0.27770000,0.27320000,0.27400000,17783181.10000000
1770444000000,0.27390000,0.27520000,0.26990000,0.27000000,19229120.60000000
1770447600000,0.27000000,0.27150000,0.26560000,0.26830000,29086505.90000000
1770451200000,0.26820000,0.27060000,0.26720000,0.26970000,18520363.80000000
1770454800000,0.26970000,0.27000000,0.26650000,0.26770000,15826732.50000000
1770458400000,0.26760000,0.26850000,0.26600000,0.26700000,13229481.50000000
1770462000000,0.26710000,0.26770000,0.26640000,0.26720000,12659047.50000000
1770465600000,0.26710000,0.27440000,0.26680000,0.27200000,22827450.60000000
1770469200000,0.27210000,0.27310000,0.26970000,0.27100000,8969590.30000000
1770472800000,0.27110000,0.27200000,0.26830000,0.26920000,11574342.00000000
1770476400000,0.26910000,0.27400000,0.26880000,0.27270000,16522119.10000000
1770480000000,0.27280000,0.27980000,0.27150000,0.27320000,137417232.30000000
1770483600000,0.27320000,0.27470000,0.27120000,0.27390000,14399765.40000000
1770487200000,0.27380000,0.27860000,0.27340000,0.27700000,15029151.20000000
1770490800000,0.27700000,0.27700000,0.27420000,0.27460000,11346142.90000000
1770494400000,0.27460000,0.27610000,0.27410000,0.27560000,11917269.30000000
1770498000000,0.27570000,0.27600000,0.27280000,0.27320000,12433083.00000000
1770501600000,0.27310000,0.27420000,0.27200000,0.27250000,9624304.20000000
1770505200000,0.27250000,0.27290000,0.27030000,0.27210000,9847927.40000000
1770508800000,0.27220000,0.27250000,0.27050000,0.27170000,9366298.40000000
1770512400000,0.27170000,0.27370000,0.27130000,0.27210000,10611782.00000000
1770516000000,0.27230000,0.27300000,0.26980000,0.27070000,9065597.50000000
1770519600000,0.27070000,0.27150000,0.26940000,0.26980000,12128325.50000000
1770523200000,0.26970000,0.27090000,0.26860000,0.27090000,12878529.10000000
1770526800000,0.27080000,0.27150000,0.26980000,0.27030000,8545124.60000000
1770530400000,0.27030000,0.27110000,0.26970000,0.27020000,8967812.90000000
1770534000000,0.27020000,0.27140000,0.26940000,0.27110000,9706053.60000000
1770537600000,0.27110000,0.27630000,0.27080000,0.27550000,14673130.80000000
1770541200000,0.27560000,0.27560000,0.27200000,0.27220000,10939167.40000000
1770544800000,0.27210000,0.27360000,0.26960000,0.27100000,11237114.60000000
1770548400000,0.27100000,0.27510000,0.27080000,0.27460000,13420823.80000000
1770552000000,0.27470000,0.27520000,0.27300000,0.27500000,11163958.50000000
1770555600000,0.27490000,0.27560000,0.27330000,0.27420000,12765845.30000000
1770559200000,0.27420000,0.27510000,0.27320000,0.27470000,10781463.20000000
1770562800000,0.27460000,0.27540000,0.27080000,0.27270000,12087698.80000000
1770566400000,0.27270000,0.27360000,0.26700000,0.26840000,13253350.00000000
1770570000000,0.26840000,0.27130000,0.26830000,0.27080000,10103820.40000000
1770573600000,0.27080000,0.27480000,0.27060000,0.27300000,10171832.60000000
1770577200000,0.27310000,0.27460000,0.27270000,0.27460000,8938742.30000000
1770580800000,0.27460000,0.27470000,0.27060000,0.27090000,10486965.40000000
1770584400000,0.27090000,0.27190000,0.26890000,0.27010000,10297249.90000000
1770588000000,0.27010000,0.27150000,0.26950000,0.27110000,9008086.40000000
1770591600000,0.27110000,0.27660000,0.26820000,0.27010000,15993647.20000000
1770595200000,0.27010000,0.27100000,0.26810000,0.27030000,10213622.90000000
1770598800000,0.27020000,0.27270000,0.26820000,0.26950000,11233986.00000000
1770602400000,0.26950000,0.27340000,0.26880000,0.27170000,10228351.20000000
1770606000000,0.27180000,0.27400000,0.27160000,0.27350000,11091927.70000000
1770609600000,0.27350000,0.27360000,0.27150000,0.27230000,7317162.40000000
1770613200000,0.27220000,0.27310000,0.27190000,0.27260000,6878861.50000000
1770616800000,0.27250000,0.27250000,0.26930000,0.27120000,8414899.70000000
1770620400000,0.27110000,0.27170000,0.26890000,0.26930000,7494982.90000000
1770624000000,0.26920000,0.27000000,0.26500000,0.26650000,10070782.30000000
1770627600000,0.26650000,0.26690000,0.26360000,0.26420000,8187676.20000000
1770631200000,0.26410000,0.26490000,0.25960000,0.26060000,11098664.20000000
1770634800000,0.26060000,0.26250000,0.26050000,0.26170000,4200161.00000000
1770638400000,0.26180000,0.26520000,0.26160000,0.26480000,4036809.00000000
1770642000000,0.26480000,0.26570000,0.26260000,0.26270000,6040782.10000000
1770645600000,0.26270000,0.26770000,0.26180000,0.26600000,12083378.30000000
1770649200000,0.26600000,0.26830000,0.26350000,0.26790000,5921317.80000000
1770652800000,0.26790000,0.27240000,0.26550000,0.26980000,6684923.40000000
1770656400000,0.26990000,0.27360000,0.26790000,0.27190000,7490730.90000000
1770660000000,0.27180000,0.27330000,0.26920000,0.27030000,4196214.20000000
1770663600000,0.27030000,0.27160000,0.26950000,0.27110000,2003178.30000000
1770667200000,0.27110000,0.27220000,0.26940000,0.27110000,3635330.70000000
1770670800000,0.27120000,0.27150000,0.26790000,0.27040000,4765571.50000000
1770674400000,0.27040000,0.27180000,0.27010000,0.27070000,2161657.70000000
1770678000000,0.27070000,0.27150000,0.26960000,0.26990000,1866277.70000000
1770681600000,0.27000000,0.27040000,0.26830000,0.26860000,1905840.40000000
1770685200000,0.26860000,0.27050000,0.26860000,0.27020000,2640718.40000000
1770688800000,0.27030000,0.27040000,0.26870000,0.26930000,1954169.50000000
1770692400000,0.26930000,0.26970000,0.26450000,0.26620000,7452100.60000000
1770696000000,0.26610000,0.26810000,0.26610000,0.26780000,2327833.70000000
1770699600000,0.26780000,0.26820000,0.26520000,0.26580000,2437977.00000000
1770703200000,0.26580000,0.26640000,0.26150000,0.26220000,7315982.60000000
1770706800000,0.26220000,0.26350000,0.26160000,0.26290000,8472781.10000000
1770710400000,0.26290000,0.26450000,0.26270000,0.26420000,2790645.30000000
1770714000000,0.26430000,0.26590000,0.26400000,0.26450000,3766267.00000000
1770717600000,0.26460000,0.26520000,0.26330000,0.26390000,2766706.20000000
1770721200000,0.26380000,0.26480000,0.26280000,0.26310000,3611347.90000000
1770724800000,0.26310000,0.26400000,0.26190000,0.26250000,4102462.20000000
1770728400000,0.26250000,0.26400000,0.26200000,0.26340000,4393746.30000000
1770732000000,0.26340000,0.26620000,0.26120000,0.26290000,8830901.30000000
1770735600000,0.26290000,0.26540000,0.26190000,0.26340000,4978738.70000000
1770739200000,0.26350000,0.26400000,0.26070000,0.26300000,9017163.80000000
1770742800000,0.26300000,0.26520000,0.26200000,0.26440000,2414082.70000000
1770746400000,0.26450000,0.26460000,0.25970000,0.26100000,3450718.20000000
1770750000000,0.26100000,0.26340000,0.26040000,0.26260000,2372044.80000000
1770753600000,0.26250000,0.26280000,0.26130000,0.26190000,2210881.70000000
1770757200000,0.26190000,0.26270000,0.26060000,0.26140000,2107127.50000000
1770760800000,0.26140000,0.26310000,0.26130000,0.26180000,1445598.70000000
1770764400000,0.26180000,0.26220000,0.26100000,0.26200000,1160089.50000000
1770768000000,0.26190000,0.26300000,0.26150000,0.26280000,1395255.00000000
1770771600000,0.26280000,0.26340000,0.26210000,0.26320000,1102646.60000000
1770775200000,0.26330000,0.26480000,0.26290000,0.26290000,2110326.80000000
1770778800000,0.26290000,0.26380000,0.26030000,0.26250000,3201566.40000000
1770782400000,0.26250000,0.26290000,0.25810000,0.25880000,6031541.60000000
1770786000000,0.25890000,0.26000000,0.25750000,0.25770000,3494867.60000000
1770789600000,0.25770000,0.25770000,0.25460000,0.25550000,7429888.50000000
1770793200000,0.25550000,0.25700000,0.25520000,0.25550000,2993818.80000000
1770796800000,0.25550000,0.25600000,0.25480000,0.25530000,3022033.60000000
1770800400000,0.25520000,0.25560000,0.25360000,0.25400000,2483722.40000000
1770804000000,0.25400000,0.25410000,0.25200000,0.25290000,3004090.60000000
1770807600000,0.25290000,0.25550000,0.25290000,0.25540000,2220985.30000000
1770811200000,0.25530000,0.25610000,0.25420000,0.25450000,3771780.50000000
1770814800000,0.25450000,0.25680000,0.25340000,0.25650000,7697103.90000000
1770818400000,0.25660000,0.26340000,0.25310000,0.25390000,14863496.90000000
1770822000000,0.25380000,0.25510000,0.25040000,0.25310000,9395320.20000000
1770825600000,0.25310000,0.25750000,0.25160000,0.25170000,6676185.70000000
1770829200000,0.25170000,0.25700000,0.25120000,0.25530000,4564075.30000000
1770832800000,0.25530000,0.25890000,0.25430000,0.25810000,3411611.90000000
1770836400000,0.25810000,0.25980000,0.25640000,0.25720000,3057495.00000000
1770840000000,0.25720000,0.25860000,0.25560000,0.25770000,2274713.40000000
1770843600000,0.25780000,0.26010000,0.25710000,0.25840000,4140569.00000000
1770847200000,0.25850000,0.25900000,0.25610000,0.25660000,1810385.60000000
1770850800000,0.25660000,0.25740000,0.25420000,0.25590000,4722553.40000000
1770854400000,0.25590000,0.25850000,0.25590000,0.25760000,3077587.50000000
1770858000000,0.25770000,0.25950000,0.25750000,0.25760000,2070086.30000000
1770861600000,0.25770000,0.25930000,0.25710000,0.25820000,1208913.10000000
1770865200000,0.25820000,0.25960000,0.25790000,0.25920000,1223580.90000000
1770868800000,0.25920000,0.25940000,0.25780000,0.25810000,1777552.70000000
1770872400000,0.25810000,0.25940000,0.25710000,0.25940000,2071374.60000000
1770876000000,0.25930000,0.26230000,0.25920000,0.26130000,2669962.90000000
1770879600000,0.26130000,0.26300000,0.26050000,0.26270000,1554524.70000000
1770883200000,0.26270000,0.26370000,0.26140000,0.26240000,2735928.40000000
1770886800000,0.26240000,0.26640000,0.26210000,0.26550000,7741825.10000000
1770890400000,0.26560000,0.26960000,0.26470000,0.26940000,6612717.70000000
1770894000000,0.26940000,0.26940000,0.26690000,0.26760000,7891651.70000000
1770897600000,0.26750000,0.26800000,0.26400000,0.26490000,4276634.40000000
1770901200000,0.26500000,0.26730000,0.26390000,0.26710000,6739369.20000000
1770904800000,0.26710000,0.26750000,0.26490000,0.26570000,8747703.00000000
1770908400000,0.26570000,0.26740000,0.26230000,0.26260000,7692837.30000000
1770912000000,0.26260000,0.26350000,0.25750000,0.25880000,15236180.40000000
1770915600000,0.25870000,0.26190000,0.25810000,0.25920000,4830745.60000000
1770919200000,0.25930000,0.26090000,0.25780000,0.26000000,4273603.60000000
1770922800000,0.26000000,0.26470000,0.25920000,0.26170000,5473503.60000000
1770926400000,0.26160000,0.26210000,0.25820000,0.25890000,2424248.80000000
1770930000000,0.25890000,0.26040000,0.25870000,0.25960000,3271510.60000000
1770933600000,0.25960000,0.26270000,0.25840000,0.26230000,2058273.40000000
1770937200000,0.26240000,0.26480000,0.26230000,0.26430000,5485689.20000000
1770940800000,0.26430000,0.26550000,0.26150000,0.26220000,5405293.30000000
1770944400000,0.26220000,0.26380000,0.26190000,0.26260000,3028261.40000000
1770948000000,0.26260000,0.26410000,0.26160000,0.26380000,2954423.90000000
1770951600000,0.26380000,0.26400000,0.26230000,0.26290000,2774049.80000000
1770955200000,0.26300000,0.26350000,0.26150000,0.26170000,1929498.80000000
1770958800000,0.26170000,0.26190000,0.25950000,0.25950000,2883358.90000000
1770962400000,0.25960000,0.26150000,0.25820000,0.26150000,2513190.60000000
1770966000000,0.26150000,0.26340000,0.26120000,0.26200000,2347519.00000000
1770969600000,0.26210000,0.26430000,0.26180000,0.26390000,2069072.70000000
1770973200000,0.26400000,0.26400000,0.26190000,0.26340000,2171248.40000000
1770976800000,0.26340000,0.26420000,0.26290000,0.26390000,2524117.40000000
1770980400000,0.26380000,0.26420000,0.26250000,0.26390000,3240120.70000000
1770984000000,0.26400000,0.26400000,0.26250000,0.26300000,1717968.40000000
1770987600000,0.26290000,0.26630000,0.26220000,0.26550000,8125372.60000000
1770991200000,0.26560000,0.26770000,0.26320000,0.26560000,12547008.50000000
1770994800000,0.26570000,0.27370000,0.26510000,0.26910000,15429567.80000000
1770998400000,0.26920000,0.27470000,0.26840000,0.27320000,7778564.50000000
1771002000000,0.27320000,0.27430000,0.27140000,0.27190000,4362538.10000000
1771005600000,0.27190000,0.27310000,0.27080000,0.27240000,4335525.40000000
1771009200000,0.27250000,0.27430000,0.27200000,0.27250000,2649583.80000000
1771012800000,0.27260000,0.27360000,0.27140000,0.27350000,2463632.30000000
1771016400000,0.27350000,0.27440000,0.27290000,0.27390000,3003208.10000000
1771020000000,0.27380000,0.27430000,0.27210000,0.27280000,2292415.70000000
1771023600000,0.27280000,0.27320000,0.27190000,0.27280000,3105263.10000000
1771027200000,0.27290000,0.27470000,0.27270000,0.27440000,2482159.80000000
1771030800000,0.27430000,0.27740000,0.27400000,0.27570000,3139894.90000000
1771034400000,0.27570000,0.27630000,0.27530000,0.27600000,1357804.60000000
1771038000000,0.27600000,0.27800000,0.27540000,0.27730000,1931742.50000000
1771041600000,0.27740000,0.27750000,0.27550000,0.27580000,2775690.80000000
1771045200000,0.27570000,0.27740000,0.27510000,0.27520000,1755954.60000000
1771048800000,0.27510000,0.27550000,0.27380000,0.27450000,1956295.70000000
1771052400000,0.27450000,0.27650000,0.27450000,0.27570000,1909173.20000000
1771056000000,0.27580000,0.27980000,0.27580000,0.27880000,4343088.20000000
1771059600000,0.27880000,0.27910000,0.27800000,0.27840000,2092766.80000000
1771063200000,0.27840000,0.27910000,0.27740000,0.27870000,1895610.10000000
1771066800000,0.27860000,0.28440000,0.27850000,0.28310000,7730258.10000000
1771070400000,0.28320000,0.28420000,0.28130000,0.28180000,5157502.40000000
1771074000000,0.28180000,0.28330000,0.28050000,0.28130000,6774706.90000000
1771077600000,0.28130000,0.28690000,0.28100000,0.28670000,5383636.30000000
1771081200000,0.28670000,0.28670000,0.28430000,0.28630000,4870434.80000000
1771084800000,0.28620000,0.29090000,0.28480000,0.28960000,6088817.00000000
1771088400000,0.28960000,0.29250000,0.28910000,0.28940000,6052848.00000000
1771092000000,0.28940000,0.29410000,0.28900000,0.29350000,9548895.30000000
1771095600000,0.29350000,0.29970000,0.29250000,0.29850000,10134514.90000000
1771099200000,0.29850000,0.30010000,0.29600000,0.29720000,7870450.40000000
1771102800000,0.29710000,0.30070000,0.29440000,0.29600000,9811366.20000000
1771106400000,0.29590000,0.29880000,0.29550000,0.29700000,3463614.00000000
1771110000000,0.29700000,0.29720000,0.29430000,0.29500000,3356472.80000000
1771113600000,0.29490000,0.29800000,0.29490000,0.29670000,4455331.00000000
1771117200000,0.29660000,0.29830000,0.29420000,0.29660000,4700235.00000000
1771120800000,0.29650000,0.29840000,0.29260000,0.29530000,8231803.20000000
1771124400000,0.29540000,0.29780000,0.29260000,0.29740000,11361659.40000000
1771128000000,0.29740000,0.30100000,0.29630000,0.29750000,9094152.50000000
1771131600000,0.29750000,0.29960000,0.29730000,0.29830000,4149804.80000000
1771135200000,0.29830000,0.29910000,0.29650000,0.29700000,3186040.10000000
1771138800000,0.29710000,0.30100000,0.29690000,0.30080000,6056742.10000000
1771142400000,0.30080000,0.30200000,0.29490000,0.29620000,10701027.10000000
1771146000000,0.29620000,0.29810000,0.29500000,0.29550000,2296135.60000000
1771149600000,0.29550000,0.29590000,0.29070000,0.29280000,7617063.30000000
1771153200000,0.29280000,0.29370000,0.28980000,0.29050000,3679403.70000000
1771156800000,0.29060000,0.29110000,0.28350000,0.28360000,11788345.10000000
1771160400000,0.28360000,0.28620000,0.28090000,0.28220000,15284047.50000000
1771164000000,0.28210000,0.28550000,0.28200000,0.28480000,4371919.20000000
1771167600000,0.28470000,0.28660000,0.28390000,0.28420000,2433742.90000000
1771171200000,0.28430000,0.28440000,0.28200000,0.28360000,4673020.60000000
1771174800000,0.28360000,0.28450000,0.27820000,0.28060000,10125927.00000000
1771178400000,0.28060000,0.28150000,0.27810000,0.27910000,6542703.10000000
1771182000000,0.27910000,0.28080000,0.27750000,0.27910000,5213858.70000000
1771185600000,0.27910000,0.28080000,0.27800000,0.27940000,3545479.50000000
1771189200000,0.27930000,0.28160000,0.27920000,0.28040000,2021832.20000000
1771192800000,0.28040000,0.28290000,0.28000000,0.28240000,1754973.70000000
1771196400000,0.28230000,0.28240000,0.27920000,0.28180000,1764920.10000000
1771200000000,0.28180000,0.28350000,0.28060000,0.28200000,1849751.80000000
1771203600000,0.28210000,0.28320000,0.28000000,0.28110000,1255163.40000000
1771207200000,0.28100000,0.28240000,0.27970000,0.28000000,1464162.30000000
1771210800000,0.28000000,0.28050000,0.27940000,0.28020000,1129751.10000000
1771214400000,0.28020000,0.28240000,0.28010000,0.28230000,2004808.50000000
1771218000000,0.28230000,0.28280000,0.27730000,0.27810000,3533819.70000000
1771221600000,0.27800000,0.28060000,0.27790000,0.28020000,1592196.50000000
1771225200000,0.28010000,0.28140000,0.27930000,0.28010000,1843122.90000000
1771228800000,0.28020000,0.28270000,0.28010000,0.28180000,1406135.40000000
1771232400000,0.28170000,0.28590000,0.28150000,0.28510000,6395672.40000000
1771236000000,0.28500000,0.28500000,0.28230000,0.28290000,2477156.90000000
1771239600000,0.28290000,0.28370000,0.27890000,0.28290000,3177295.10000000
1771243200000,0.28290000,0.28770000,0.28210000,0.28710000,4358206.70000000
1771246800000,0.28720000,0.28920000,0.28030000,0.28110000,9764177.90000000
1771250400000,0.28100000,0.28590000,0.27900000,0.28420000,5937208.40000000
1771254000000,0.28420000,0.28580000,0.27690000,0.27900000,7697982.70000000
1771257600000,0.27910000,0.28230000,0.27860000,0.28140000,3974866.30000000
1771261200000,0.28130000,0.28320000,0.27990000,0.28210000,2147994.40000000
1771264800000,0.28210000,0.28400000,0.28140000,0.28160000,2085092.30000000
1771268400000,0.28160000,0.28370000,0.28120000,0.28230000,1296593.70000000
1771272000000,0.28220000,0.28630000,0.28140000,0.28550000,3765996.20000000
1771275600000,0.28540000,0.28770000,0.28430000,0.28740000,2888296.70000000
1771279200000,0.28750000,0.28770000,0.28440000,0.28490000,2911661.00000000
1771282800000,0.28490000,0.28620000,0.28480000,0.28580000,2098566.40000000
1771286400000,0.28590000,0.28640000,0.28450000,0.28480000,3380631.80000000
1771290000000,0.28490000,0.28610000,0.28420000,0.28450000,955881.40000000
1771293600000,0.28450000,0.28920000,0.28300000,0.28830000,3073058.70000000
1771297200000,0.28830000,0.28840000,0.28640000,0.28650000,1098333.30000000
1771300800000,0.28650000,0.28790000,0.28550000,0.28660000,1445474.60000000
1771304400000,0.28670000,0.28710000,0.28370000,0.28570000,2116059.70000000
1771308000000,0.28570000,0.28770000,0.28570000,0.28740000,1927401.60000000
1771311600000,0.28740000,0.28990000,0.28580000,0.28650000,10196500.90000000
1771315200000,0.28660000,0.28720000,0.28330000,0.28360000,2703018.40000000
1771318800000,0.28360000,0.28360000,0.28090000,0.28230000,4078721.60000000
1771322400000,0.28230000,0.28250000,0.27940000,0.28020000,2704115.90000000
1771326000000,0.28020000,0.28120000,0.27960000,0.28040000,2952596.80000000
1771329600000,0.28040000,0.28320000,0.27980000,0.28190000,2549942.90000000
1771333200000,0.28190000,0.28430000,0.28140000,0.28340000,3205708.60000000
1771336800000,0.28350000,0.28450000,0.27730000,0.27830000,5685077.80000000
1771340400000,0.27820000,0.28160000,0.27770000,0.28130000,6500315.20000000
1771344000000,0.28140000,0.28680000,0.28100000,0.28300000,4360254.20000000
1771347600000,0.28290000,0.28360000,0.27850000,0.28120000,3688609.70000000
1771351200000,0.28110000,0.28660000,0.28070000,0.28470000,4173061.00000000
1771354800000,0.28470000,0.28560000,0.28280000,0.28320000,1908444.70000000
1771358400000,0.28310000,0.28360000,0.28140000,0.28270000,1644266.70000000
1771362000000,0.28270000,0.28370000,0.28150000,0.28250000,722230.00000000
1771365600000,0.28250000,0.28280000,0.28090000,0.28120000,1357720.00000000
1771369200000,0.28120000,0.28150000,0.28030000,0.28110000,2633613.70000000
1771372800000,0.28110000,0.28180000,0.27990000,0.28010000,1747181.20000000
1771376400000,0.28010000,0.28050000,0.27900000,0.28020000,1950697.20000000
1771380000000,0.28020000,0.28310000,0.28010000,0.28250000,2015180.00000000
1771383600000,0.28240000,0.28400000,0.28230000,0.28320000,1359044.70000000
1771387200000,0.28320000,0.28340000,0.28180000,0.28210000,1733129.70000000
1771390800000,0.28220000,0.28300000,0.28170000,0.28240000,932404.80000000
1771394400000,0.28240000,0.28350000,0.28220000,0.28230000,1650656.20000000
1771398000000,0.28240000,0.28500000,0.28200000,0.28450000,2030110.20000000
1771401600000,0.28460000,0.28660000,0.28410000,0.28510000,2748572.70000000
1771405200000,0.28510000,0.28640000,0.28480000,0.28540000,2827011.10000000
1771408800000,0.28550000,0.28620000,0.28280000,0.28350000,2115237.00000000
1771412400000,0.28360000,0.28390000,0.28040000,0.28070000,8474318.00000000
1771416000000,0.28080000,0.28320000,0.28070000,0.28250000,2488793.20000000
1771419600000,0.28260000,0.28310000,0.27970000,0.28090000,3301797.20000000
1771423200000,0.28100000,0.28200000,0.27860000,0.28130000,3454614.60000000
1771426800000,0.28130000,0.28740000,0.28110000,0.28400000,8523851.00000000
1771430400000,0.28410000,0.28410000,0.27940000,0.28040000,4345491.10000000
1771434000000,0.28030000,0.28280000,0.27960000,0.27990000,1818250.00000000
1771437600000,0.28000000,0.28040000,0.27470000,0.27570000,7637555.30000000
1771441200000,0.27560000,0.27690000,0.27140000,0.27360000,7503097.60000000
1771444800000,0.27360000,0.27590000,0.27250000,0.27400000,4011800.70000000
1771448400000,0.27410000,0.27490000,0.27300000,0.27380000,2998926.20000000
1771452000000,0.27380000,0.27420000,0.27240000,0.27340000,2572014.10000000
1771455600000,0.27340000,0.27400000,0.27240000,0.27350000,2426330.60000000
1771459200000,0.27350000,0.27360000,0.27220000,0.27260000,4253835.60000000
1771462800000,0.27260000,0.27510000,0.27260000,0.27510000,3275608.60000000
1771466400000,0.27520000,0.27590000,0.27400000,0.27490000,1508639.90000000
1771470000000,0.27490000,0.27540000,0.27360000,0.27520000,1631127.20000000
1771473600000,0.27520000,0.27580000,0.27440000,0.27470000,1794352.90000000
1771477200000,0.27470000,0.27540000,0.27340000,0.27480000,1771880.90000000
1771480800000,0.27480000,0.27710000,0.27450000,0.27630000,1356328.90000000
1771484400000,0.27640000,0.27740000,0.27560000,0.27640000,2137398.60000000
1771488000000,0.27640000,0.27650000,0.27300000,0.27410000,5608329.80000000
1771491600000,0.27410000,0.27530000,0.27260000,0.27340000,6566927.30000000
1771495200000,0.27350000,0.27430000,0.27230000,0.27370000,2759271.00000000
1771498800000,0.27370000,0.27460000,0.27210000,0.27220000,2334948.70000000
1771502400000,0.27220000,0.27270000,0.27120000,0.27220000,2682083.60000000
1771506000000,0.27220000,0.27250000,0.26850000,0.26990000,6518126.90000000
1771509600000,0.26980000,0.27370000,0.26950000,0.27240000,4310683.40000000
1771513200000,0.27250000,0.27390000,0.26890000,0.27020000,6579158.20000000
1771516800000,0.27030000,0.27070000,0.26700000,0.26950000,6658033.00000000
1771520400000,0.26950000,0.27300000,0.26830000,0.26940000,5196331.10000000
1771524000000,0.26940000,0.27330000,0.26920000,0.27310000,2456683.30000000
1771527600000,0.27320000,0.27400000,0.27150000,0.27290000,1764837.60000000
1771531200000,0.27290000,0.27340000,0.27180000,0.27280000,1854977.10000000
1771534800000,0.27270000,0.27340000,0.27200000,0.27220000,1384695.20000000
1771538400000,0.27220000,0.27290000,0.27060000,0.27230000,1632255.80000000
1771542000000,0.27230000,0.27310000,0.27200000,0.27290000,1111831.20000000
1771545600000,0.27300000,0.27530000,0.27230000,0.27410000,2477834.50000000
1771549200000,0.27400000,0.27460000,0.27340000,0.27400000,753078.20000000
1771552800000,0.27410000,0.27490000,0.27380000,0.27380000,730473.80000000
1771556400000,0.27380000,0.27500000,0.27340000,0.27380000,846342.50000000
1771560000000,0.27390000,0.27400000,0.27100000,0.27250000,1480567.40000000
1771563600000,0.27260000,0.27610000,0.27180000,0.27490000,3596866.40000000
1771567200000,0.27490000,0.27500000,0.27360000,0.27460000,1460154.30000000
1771570800000,0.27470000,0.27500000,0.27330000,0.27370000,1842914.60000000
1771574400000,0.27370000,0.27500000,0.27340000,0.27470000,2274207.70000000
1771578000000,0.27460000,0.27770000,0.27460000,0.27730000,2259036.70000000
1771581600000,0.27730000,0.28000000,0.27730000,0.27860000,4905670.20000000
1771585200000,0.27870000,0.27880000,0.27650000,0.27680000,2931777.60000000
1771588800000,0.27690000,0.27850000,0.27610000,0.27700000,2824381.80000000
1771592400000,0.27690000,0.27700000,0.26990000,0.27180000,7756223.10000000
1771596000000,0.27170000,0.27900000,0.27160000,0.27720000,6781839.10000000
1771599600000,0.27730000,0.28890000,0.27730000,0.28880000,20664950.10000000
1771603200000,0.28890000,0.29380000,0.28560000,0.28830000,20877202.40000000
1771606800000,0.28820000,0.28840000,0.28020000,0.28570000,11258877.90000000
1771610400000,0.28570000,0.28580000,0.28130000,0.28340000,14043206.10000000
1771614000000,0.28330000,0.28430000,0.28200000,0.28300000,2890130.50000000
1771617600000,0.28300000,0.28490000,0.28230000,0.28420000,6227854.30000000
1771621200000,0.28420000,0.28490000,0.28330000,0.28460000,1110430.80000000
1771624800000,0.28470000,0.28570000,0.28340000,0.28560000,1746868.90000000
1771628400000,0.28570000,0.28610000,0.28430000,0.28490000,1038343.90000000
1771632000000,0.28490000,0.28550000,0.28250000,0.28300000,2226825.40000000
1771635600000,0.28300000,0.28380000,0.28220000,0.28350000,1903979.00000000
1771639200000,0.28360000,0.28470000,0.28260000,0.28400000,1316140.20000000
1771642800000,0.28400000,0.28410000,0.28220000,0.28310000,1196399.90000000
1771646400000,0.28320000,0.28340000,0.28210000,0.28340000,1030288.70000000
1771650000000,0.28340000,0.28440000,0.28320000,0.28340000,636211.70000000
1771653600000,0.28350000,0.28350000,0.28090000,0.28160000,2460068.20000000
1771657200000,0.28160000,0.28210000,0.28080000,0.28140000,1449927.20000000
1771660800000,0.28140000,0.28410000,0.28120000,0.28390000,1320348.70000000
1771664400000,0.28390000,0.28650000,0.28350000,0.28420000,3157809.80000000
1771668000000,0.28410000,0.28510000,0.28340000,0.28380000,1439140.00000000
1771671600000,0.28380000,0.28500000,0.28320000,0.28350000,1436545.80000000
1771675200000,0.28350000,0.28370000,0.28170000,0.28280000,1223877.70000000
1771678800000,0.28270000,0.28350000,0.28200000,0.28340000,1922720.70000000
1771682400000,0.28340000,0.28520000,0.28280000,0.28290000,4115471.80000000
1771686000000,0.28290000,0.28370000,0.28210000,0.28250000,2759202.40000000
1771689600000,0.28250000,0.28280000,0.27950000,0.28060000,4926587.90000000
1771693200000,0.28060000,0.28120000,0.27950000,0.28100000,2197556.90000000
1771696800000,0.28100000,0.28230000,0.28090000,0.28180000,3679318.20000000
1771700400000,0.28190000,0.28200000,0.28000000,0.28030000,2269706.90000000
1771704000000,0.28020000,0.28150000,0.27910000,0.27930000,3874503.40000000
1771707600000,0.27930000,0.28130000,0.27900000,0.28100000,1771472.80000000
1771711200000,0.28110000,0.28140000,0.27990000,0.28020000,1348346.20000000
1771714800000,0.28020000,0.28080000,0.27950000,0.28000000,874165.80000000
1771718400000,0.27990000,0.28020000,0.27720000,0.27870000,2774996.00000000
1771722000000,0.27870000,0.27960000,0.27800000,0.27930000,1247124.20000000
1771725600000,0.27930000,0.27990000,0.27660000,0.27700000,2224444.00000000
1771729200000,0.27700000,0.27770000,0.27560000,0.27720000,1763669.50000000
1771732800000,0.27720000,0.27770000,0.27630000,0.27650000,1151039.20000000
1771736400000,0.27640000,0.27670000,0.27530000,0.27580000,2390332.90000000
1771740000000,0.27580000,0.27690000,0.27500000,0.27660000,3201174.80000000
1771743600000,0.27670000,0.27680000,0.27580000,0.27580000,1223047.80000000
1771747200000,0.27580000,0.27630000,0.27500000,0.27540000,1056587.70000000
1771750800000,0.27540000,0.27650000,0.27520000,0.27640000,1322642.40000000
1771754400000,0.27640000,0.27750000,0.27610000,0.27620000,2632985.50000000
1771758000000,0.27630000,0.27660000,0.27580000,0.27590000,1687686.90000000
1771761600000,0.27590000,0.27610000,0.27280000,0.27330000,3431996.50000000
1771765200000,0.27330000,0.27390000,0.27210000,0.27280000,2535788.70000000
1771768800000,0.27270000,0.27330000,0.27110000,0.27200000,2531109.60000000
1771772400000,0.27200000,0.27230000,0.27030000,0.27180000,2682507.90000000
1771776000000,0.27190000,0.27190000,0.26990000,0.27120000,3720134.70000000
1771779600000,0.27130000,0.27130000,0.26980000,0.27040000,2517271.70000000
1771783200000,0.27040000,0.27040000,0.26890000,0.27000000,2045261.60000000
1771786800000,0.27010000,0.27050000,0.26930000,0.26990000,1248364.00000000
1771790400000,0.26990000,0.27010000,0.26880000,0.26930000,1370807.80000000
1771794000000,0.26940000,0.27060000,0.26910000,0.27040000,1764163.40000000
1771797600000,0.27040000,0.27200000,0.27040000,0.27160000,2070481.40000000
1771801200000,0.27160000,0.27200000,0.27010000,0.27170000,1675992.40000000
1771804800000,0.27170000,0.27190000,0.26820000,0.26840000,3004317.40000000
1771808400000,0.26830000,0.26840000,0.25710000,0.25850000,35041841.80000000
1771812000000,0.25850000,0.26080000,0.25800000,0.26020000,6035327.40000000
1771815600000,0.26030000,0.26210000,0.26030000,0.26110000,2758075.30000000
1771819200000,0.26110000,0.26130000,0.25960000,0.26090000,2165330.20000000
1771822800000,0.26080000,0.26290000,0.26060000,0.26180000,2875338.30000000
1771826400000,0.26190000,0.26620000,0.26160000,0.26600000,4705738.80000000
1771830000000,0.26610000,0.26760000,0.26570000,0.26670000,2323906.10000000
1771833600000,0.26660000,0.26660000,0.26480000,0.26510000,2210293.40000000
1771837200000,0.26510000,0.27160000,0.26510000,0.27120000,5156969.50000000
1771840800000,0.27120000,0.27200000,0.26990000,0.27040000,2067317.40000000
1771844400000,0.27050000,0.27210000,0.27010000,0.27140000,2998039.00000000
1771848000000,0.27140000,0.27550000,0.27070000,0.27360000,6055371.00000000
1771851600000,0.27370000,0.27420000,0.27190000,0.27210000,4847037.10000000
1771855200000,0.27210000,0.27290000,0.26870000,0.27040000,5665203.00000000
1771858800000,0.27050000,0.27130000,0.26650000,0.26700000,5815878.00000000
1771862400000,0.26690000,0.26850000,0.26550000,0.26610000,3363965.60000000
1771866000000,0.26610000,0.26710000,0.26030000,0.26330000,8489276.20000000
1771869600000,0.26340000,0.26580000,0.26250000,0.26340000,4077645.70000000
1771873200000,0.26350000,0.26390000,0.26110000,0.26200000,3394755.40000000
1771876800000,0.26190000,0.26350000,0.26070000,0.26320000,3961056.30000000
1771880400000,0.26310000,0.26410000,0.26270000,0.26350000,2441782.00000000
1771884000000,0.26350000,0.26500000,0.26320000,0.26330000,3433263.50000000
1771887600000,0.26340000,0.26430000,0.26210000,0.26230000,1717067.30000000
1771891200000,0.26230000,0.26460000,0.26230000,0.26430000,1443930.00000000
1771894800000,0.26440000,0.26450000,0.25780000,0.26100000,11717767.30000000
1771898400000,0.26100000,0.26250000,0.25960000,0.26040000,3708852.70000000
1771902000000,0.26040000,0.26040000,0.25760000,0.25870000,3962820.50000000
1771905600000,0.25870000,0.25900000,0.25630000,0.25810000,4184010.20000000
1771909200000,0.25800000,0.25930000,0.25580000,0.25720000,4961489.30000000
1771912800000,0.25720000,0.25760000,0.25620000,0.25650000,3252549.90000000
1771916400000,0.25660000,0.25790000,0.25580000,0.25760000,1916403.40000000
1771920000000,0.25770000,0.25870000,0.25680000,0.25800000,3346643.40000000
1771923600000,0.25800000,0.25830000,0.25620000,0.25720000,4534102.40000000
1771927200000,0.25710000,0.25790000,0.25670000,0.25740000,4974015.00000000
1771930800000,0.25740000,0.25770000,0.25680000,0.25740000,1778199.10000000
1771934400000,0.25740000,0.25800000,0.25620000,0.25650000,1738905.90000000
1771938000000,0.25660000,0.25680000,0.25420000,0.25620000,7392084.50000000
1771941600000,0.25620000,0.25910000,0.25360000,0.25780000,7610935.20000000
1771945200000,0.25780000,0.26120000,0.25730000,0.25970000,4695448.50000000
1771948800000,0.25970000,0.26230000,0.25930000,0.26170000,3801120.40000000
1771952400000,0.26180000,0.26270000,0.26080000,0.26140000,3170377.10000000
1771956000000,0.26140000,0.26280000,0.25960000,0.26130000,4474780.50000000
1771959600000,0.26120000,0.26210000,0.25970000,0.26050000,1904461.60000000
1771963200000,0.26050000,0.26110000,0.25980000,0.26070000,2155292.90000000
1771966800000,0.26070000,0.26070000,0.25900000,0.25940000,1557936.40000000
1771970400000,0.25940000,0.26080000,0.25900000,0.25940000,2046057.70000000
1771974000000,0.25940000,0.25980000,0.25760000,0.25870000,2400791.30000000
1771977600000,0.25870000,0.25950000,0.25790000,0.25910000,1604229.60000000
1771981200000,0.25910000,0.27000000,0.25900000,0.26730000,16720053.70000000
1771984800000,0.26730000,0.27160000,0.26710000,0.26880000,9690344.40000000
1771988400000,0.26890000,0.26940000,0.26570000,0.26600000,5097707.50000000
1771992000000,0.26610000,0.26690000,0.26430000,0.26590000,5190627.30000000
1771995600000,0.26600000,0.26620000,0.26220000,0.26400000,3854770.90000000
1771999200000,0.26400000,0.26560000,0.26390000,0.26440000,2367252.90000000
1772002800000,0.26450000,0.26650000,0.26450000,0.26610000,2341922.20000000
1772006400000,0.26620000,0.26880000,0.26550000,0.26870000,3543911.90000000
1772010000000,0.26870000,0.27040000,0.26840000,0.27010000,3895266.10000000
1772013600000,0.27010000,0.27120000,0.26930000,0.26970000,3067953.30000000
1772017200000,0.26980000,0.27140000,0.26880000,0.27100000,3354931.90000000
1772020800000,0.27100000,0.27830000,0.27100000,0.27670000,13597813.10000000
1772024400000,0.27670000,0.28000000,0.27670000,0.27860000,11308118.00000000
1772028000000,0.27870000,0.28730000,0.27870000,0.28720000,17574346.20000000
1772031600000,0.28730000,0.29260000,0.28710000,0.29050000,26361799.60000000
1772035200000,0.29050000,0.29580000,0.29050000,0.29510000,19002645.30000000
1772038800000,0.29520000,0.29830000,0.29470000,0.29620000,20531637.90000000
1772042400000,0.29630000,0.29970000,0.29380000,0.29910000,17768394.10000000
1772046000000,0.29900000,0.30360000,0.29540000,0.30280000,20346859.70000000
1772049600000,0.30290000,0.31260000,0.30290000,0.30730000,59960229.30000000
1772053200000,0.30730000,0.31360000,0.30610000,0.30940000,26159027.90000000
1772056800000,0.30940000,0.31240000,0.29950000,0.30060000,17783503.60000000
1772060400000,0.30050000,0.30340000,0.29430000,0.29710000,16021006.00000000
1772064000000,0.29710000,0.30100000,0.29400000,0.29570000,9367983.30000000
1772067600000,0.29570000,0.29890000,0.29500000,0.29640000,9459958.00000000
1772071200000,0.29640000,0.29760000,0.29390000,0.29680000,7345067.80000000
1772074800000,0.29680000,0.29740000,0.29490000,0.29530000,3795304.40000000
1772078400000,0.29520000,0.30020000,0.29490000,0.29740000,6171563.00000000
1772082000000,0.29740000,0.29740000,0.29300000,0.29520000,4731650.10000000
1772085600000,0.29520000,0.29710000,0.29360000,0.29430000,2700384.90000000
1772089200000,0.29420000,0.29590000,0.29280000,0.29330000,3609496.50000000
1772092800000,0.29330000,0.29520000,0.29200000,0.29200000,6663562.70000000
1772096400000,0.29200000,0.29580000,0.29050000,0.29480000,11339302.10000000
1772100000000,0.29490000,0.29510000,0.29120000,0.29200000,6107610.30000000
1772103600000,0.29210000,0.29260000,0.28870000,0.28940000,8081161.20000000
1772107200000,0.28930000,0.29310000,0.28920000,0.29280000,4458487.10000000
1772110800000,0.29280000,0.29380000,0.29160000,0.29220000,3057872.70000000
1772114400000,0.29210000,0.29490000,0.28940000,0.29210000,6733591.30000000
1772118000000,0.29200000,0.29430000,0.28900000,0.29160000,15698622.10000000
1772121600000,0.29160000,0.29160000,0.28360000,0.28410000,15653300.80000000
1772125200000,0.28410000,0.28630000,0.28310000,0.28360000,6169596.80000000
1772128800000,0.28360000,0.28690000,0.28220000,0.28640000,8328651.90000000
1772132400000,0.28630000,0.29080000,0.28620000,0.28830000,11136357.30000000
1772136000000,0.28830000,0.28970000,0.28440000,0.28520000,5386684.40000000
1772139600000,0.28510000,0.28640000,0.28420000,0.28560000,3038246.00000000
1772143200000,0.28560000,0.28750000,0.28520000,0.28740000,3245505.70000000
1772146800000,0.28740000,0.28760000,0.28630000,0.28700000,1691384.90000000
1772150400000,0.28700000,0.28730000,0.28490000,0.28630000,1972096.70000000
1772154000000,0.28630000,0.28820000,0.28520000,0.28770000,2466781.70000000
1772157600000,0.28780000,0.28850000,0.28690000,0.28700000,3123531.00000000
1772161200000,0.28700000,0.29070000,0.28660000,0.29010000,2717047.70000000
1772164800000,0.29010000,0.29460000,0.29010000,0.29340000,6394500.10000000
1772168400000,0.29340000,0.29630000,0.29320000,0.29490000,7621269.80000000
1772172000000,0.29500000,0.29510000,0.29100000,0.29230000,5004668.00000000
1772175600000,0.29240000,0.29250000,0.28930000,0.29030000,6957916.80000000
1772179200000,0.29030000,0.29240000,0.29030000,0.29230000,3529995.30000000
1772182800000,0.29230000,0.29380000,0.28980000,0.29060000,3588331.40000000
1772186400000,0.29060000,0.29130000,0.28530000,0.28610000,6174432.40000000
1772190000000,0.28610000,0.28700000,0.28140000,0.28180000,6219159.10000000
1772193600000,0.28180000,0.28420000,0.28060000,0.28360000,5989301.40000000
1772197200000,0.28350000,0.28480000,0.28050000,0.28390000,6889013.10000000
1772200800000,0.28380000,0.28420000,0.28130000,0.28170000,3198315.90000000
1772204400000,0.28160000,0.28310000,0.27960000,0.28070000,5770125.40000000
1772208000000,0.28060000,0.28060000,0.27710000,0.27750000,6011561.70000000
1772211600000,0.27750000,0.27820000,0.27440000,0.27790000,6899629.80000000
1772215200000,0.27800000,0.27870000,0.27680000,0.27690000,3291939.50000000
1772218800000,0.27680000,0.27720000,0.27500000,0.27560000,2263014.50000000
1772222400000,0.27560000,0.27830000,0.27530000,0.27740000,2376254.40000000
1772226000000,0.27750000,0.27850000,0.27530000,0.27610000,1971256.30000000
1772229600000,0.27610000,0.27670000,0.27260000,0.27660000,4314405.60000000
1772233200000,0.27660000,0.27790000,0.27640000,0.27760000,1581831.20000000
1772236800000,0.27760000,0.27840000,0.27680000,0.27790000,2151514.10000000
1772240400000,0.27800000,0.27870000,0.27700000,0.27750000,1646798.20000000
1772244000000,0.27750000,0.27960000,0.27690000,0.27920000,2507606.50000000
1772247600000,0.27910000,0.27920000,0.27650000,0.27680000,2269700.10000000
1772251200000,0.27690000,0.27760000,0.27540000,0.27670000,1118018.40000000
1772254800000,0.27670000,0.27700000,0.27470000,0.27570000,2141492.80000000
1772258400000,0.27560000,0.27560000,0.26240000,0.26290000,36406964.50000000
1772262000000,0.26290000,0.27040000,0.26100000,0.26500000,25532686.30000000
1772265600000,0.26500000,0.26500000,0.26050000,0.26100000,9491130.70000000
1772269200000,0.26090000,0.26260000,0.25990000,0.26110000,6707151.60000000
1772272800000,0.26100000,0.26560000,0.25940000,0.26330000,11772212.70000000
1772276400000,0.26320000,0.26500000,0.26260000,0.26270000,5120517.80000000
1772280000000,0.26270000,0.26390000,0.26250000,0.26340000,3922423.70000000
1772283600000,0.26330000,0.27000000,0.26270000,0.26990000,12304805.80000000
1772287200000,0.26990000,0.27180000,0.26570000,0.26640000,10894960.50000000
1772290800000,0.26640000,0.26860000,0.26530000,0.26790000,6812481.10000000
1772294400000,0.26790000,0.26930000,0.26710000,0.26910000,3106452.90000000
1772298000000,0.26910000,0.26930000,0.26620000,0.26890000,4597302.30000000
1772301600000,0.26880000,0.27480000,0.26810000,0.27400000,8842443.70000000
1772305200000,0.27410000,0.27810000,0.27180000,0.27540000,10973516.30000000
1772308800000,0.27550000,0.28120000,0.27460000,0.28070000,9384525.90000000
1772312400000,0.28070000,0.28090000,0.27630000,0.27820000,6641549.50000000
1772316000000,0.27820000,0.28430000,0.27820000,0.28050000,7073178.10000000
1772319600000,0.28050000,0.28220000,0.28030000,0.28100000,2812907.90000000
1772323200000,0.28100000,0.28290000,0.27850000,0.27960000,4364234.60000000
1772326800000,0.27950000,0.28780000,0.27750000,0.28630000,9093825.60000000
1772330400000,0.28630000,0.29220000,0.28630000,0.28990000,17694400.30000000
1772334000000,0.28990000,0.29070000,0.28610000,0.28680000,5599655.80000000
1772337600000,0.28690000,0.28810000,0.28400000,0.28590000,4972026.80000000
1772341200000,0.28590000,0.28680000,0.28540000,0.28590000,2502506.70000000
1772344800000,0.28590000,0.28610000,0.28160000,0.28260000,5639448.00000000
1772348400000,0.28260000,0.28360000,0.28170000,0.28270000,2046890.50000000
1772352000000,0.28280000,0.28350000,0.27850000,0.27910000,9370325.20000000
1772355600000,0.27900000,0.28120000,0.27800000,0.27870000,6392911.50000000
1772359200000,0.27870000,0.27990000,0.27740000,0.27860000,5332449.80000000
1772362800000,0.27860000,0.27910000,0.27760000,0.27810000,1776143.30000000
1772366400000,0.27800000,0.27940000,0.27600000,0.27620000,3571330.80000000
1772370000000,0.27620000,0.28250000,0.27480000,0.28060000,8789208.40000000
1772373600000,0.28060000,0.28360000,0.27840000,0.27920000,6885203.90000000
1772377200000,0.27910000,0.28240000,0.27880000,0.28020000,4998948.10000000
1772380800000,0.28030000,0.28220000,0.27540000,0.27710000,7637360.10000000
1772384400000,0.27710000,0.27740000,0.27350000,0.27490000,7457584.70000000
1772388000000,0.27500000,0.27920000,0.27470000,0.27610000,4732765.00000000
1772391600000,0.27610000,0.27620000,0.27290000,0.27360000,4757514.00000000
1772395200000,0.27360000,0.27360000,0.26910000,0.26990000,8537521.30000000
1772398800000,0.26990000,0.27330000,0.26990000,0.27290000,4845978.30000000
1772402400000,0.27290000,0.27700000,0.27090000,0.27170000,9216183.30000000
1772406000000,0.27180000,0.27570000,0.27140000,0.27350000,4719381.80000000
1772409600000,0.27350000,0.27710000,0.27210000,0.27650000,7486599.30000000
1772413200000,0.27650000,0.28050000,0.27610000,0.27670000,5902504.70000000
1772416800000,0.27680000,0.27780000,0.27410000,0.27580000,3467208.70000000
1772420400000,0.27580000,0.27800000,0.27440000,0.27710000,4827504.80000000
1772424000000,0.27710000,0.27800000,0.27570000,0.27600000,2660945.60000000
1772427600000,0.27610000,0.27650000,0.27440000,0.27490000,2513684.20000000
1772431200000,0.27500000,0.27500000,0.27070000,0.27200000,4310641.90000000
1772434800000,0.27190000,0.27210000,0.26910000,0.27070000,4160187.50000000
1772438400000,0.27080000,0.27260000,0.26850000,0.27210000,4876380.80000000
1772442000000,0.27210000,0.27450000,0.27170000,0.27180000,3551860.10000000
1772445600000,0.27180000,0.27240000,0.27090000,0.27170000,3116178.60000000
1772449200000,0.27170000,0.27300000,0.27060000,0.27200000,3156961.80000000
1772452800000,0.27210000,0.27230000,0.27070000,0.27090000,2533449.20000000
1772456400000,0.27090000,0.27220000,0.26980000,0.27010000,4320218.90000000
1772460000000,0.27010000,0.27840000,0.26970000,0.27710000,9521209.20000000
1772463600000,0.27710000,0.28670000,0.27660000,0.28420000,26816870.30000000
1772467200000,0.28430000,0.28870000,0.28280000,0.28450000,17579603.90000000
1772470800000,0.28460000,0.28490000,0.27820000,0.28200000,9084995.50000000
1772474400000,0.28200000,0.28240000,0.27940000,0.28050000,5664682.60000000
1772478000000,0.28060000,0.28120000,0.27850000,0.28040000,5974381.30000000
1772481600000,0.28040000,0.28240000,0.27860000,0.27940000,4851659.80000000
1772485200000,0.27950000,0.28000000,0.27810000,0.27960000,3266244.70000000
1772488800000,0.27960000,0.28160000,0.27940000,0.28050000,2777841.90000000
1772492400000,0.28050000,0.28070000,0.27590000,0.27710000,6026086.20000000
1772496000000,0.27710000,0.27710000,0.27400000,0.27610000,9343702.70000000
1772499600000,0.27610000,0.27670000,0.27390000,0.27440000,4567364.40000000
1772503200000,0.27430000,0.27480000,0.27220000,0.27380000,4860688.50000000
1772506800000,0.27380000,0.27450000,0.27170000,0.27340000,2566671.00000000
1772510400000,0.27350000,0.27390000,0.27110000,0.27140000,2846326.90000000
1772514000000,0.27150000,0.27400000,0.26950000,0.27080000,8548541.70000000
1772517600000,0.27080000,0.27120000,0.26840000,0.26930000,5262972.10000000
1772521200000,0.26920000,0.27050000,0.26780000,0.26880000,6924497.60000000
1772524800000,0.26870000,0.27010000,0.26580000,0.26590000,8935754.40000000
1772528400000,0.26600000,0.26710000,0.26400000,0.26490000,7372671.10000000
1772532000000,0.26480000,0.26580000,0.26370000,0.26510000,7543816.70000000
1772535600000,0.26510000,0.26540000,0.26270000,0.26470000,6058576.60000000
1772539200000,0.26470000,0.26740000,0.26400000,0.26530000,8083242.30000000
1772542800000,0.26530000,0.26540000,0.26300000,0.26370000,6655662.00000000
1772546400000,0.26360000,0.26660000,0.26150000,0.26300000,16317501.20000000
1772550000000,0.26290000,0.26650000,0.26150000,0.26510000,21468107.20000000
1772553600000,0.26510000,0.27210000,0.26430000,0.26820000,18469967.90000000
1772557200000,0.26830000,0.26860000,0.26460000,0.26770000,8367670.70000000
1772560800000,0.26780000,0.26960000,0.26560000,0.26700000,6950686.20000000
1772564400000,0.26710000,0.26730000,0.26270000,0.26360000,8010156.50000000
1772568000000,0.26360000,0.26400000,0.26080000,0.26170000,7859413.60000000
1772571600000,0.26170000,0.26230000,0.26040000,0.26200000,7365741.80000000
1772575200000,0.26200000,0.26470000,0.26180000,0.26300000,10072786.30000000
1772578800000,0.26290000,0.26460000,0.26210000,0.26250000,7977941.80000000
1772582400000,0.26260000,0.26390000,0.26120000,0.26240000,5273651.00000000
1772586000000,0.26240000,0.26630000,0.26150000,0.26400000,8377688.60000000
1772589600000,0.26400000,0.26470000,0.26230000,0.26410000,2818522.70000000
1772593200000,0.26410000,0.26490000,0.26080000,0.26270000,6375381.90000000
1772596800000,0.26270000,0.26350000,0.25890000,0.26090000,11428940.00000000
1772600400000,0.26080000,0.26200000,0.25840000,0.26080000,8642683.90000000
1772604000000,0.26080000,0.26230000,0.25940000,0.26120000,6412778.00000000
1772607600000,0.26130000,0.26540000,0.26040000,0.26500000,5920331.70000000
1772611200000,0.26500000,0.27260000,0.26370000,0.27180000,17074789.10000000
1772614800000,0.27180000,0.27430000,0.27030000,0.27250000,25114762.60000000
1772618400000,0.27260000,0.27410000,0.26950000,0.27000000,12555072.20000000
1772622000000,0.27000000,0.27100000,0.26770000,0.26870000,8080799.00000000
1772625600000,0.26870000,0.26930000,0.26580000,0.26910000,11877793.20000000
1772629200000,0.26910000,0.27240000,0.26900000,0.27210000,6226155.00000000
1772632800000,0.27220000,0.27780000,0.27180000,0.27280000,25566809.00000000
1772636400000,0.27280000,0.28130000,0.27280000,0.28080000,32081742.30000000
1772640000000,0.28090000,0.28430000,0.27710000,0.28050000,26097063.80000000
1772643600000,0.28040000,0.28290000,0.27820000,0.28080000,18536689.80000000
1772647200000,0.28080000,0.28180000,0.27830000,0.28170000,12357809.00000000
1772650800000,0.28160000,0.28500000,0.28060000,0.28210000,14739511.10000000
1772654400000,0.28220000,0.28280000,0.28040000,0.28100000,6925126.60000000
1772658000000,0.28110000,0.28130000,0.27840000,0.28000000,9394875.10000000
1772661600000,0.28010000,0.28200000,0.27560000,0.27600000,6902689.40000000
1772665200000,0.27610000,0.27670000,0.27370000,0.27630000,7230150.10000000
1772668800000,0.27630000,0.27640000,0.27260000,0.27430000,11492540.10000000
1772672400000,0.27430000,0.27690000,0.27300000,0.27330000,5016580.00000000
1772676000000,0.27330000,0.27590000,0.27270000,0.27390000,4013885.70000000
1772679600000,0.27390000,0.27470000,0.27340000,0.27410000,2743672.40000000
1772683200000,0.27420000,0.27620000,0.27400000,0.27540000,4634631.00000000
1772686800000,0.27540000,0.27650000,0.27280000,0.27330000,3472229.00000000
1772690400000,0.27330000,0.27450000,0.27140000,0.27420000,5735396.20000000
1772694000000,0.27430000,0.27480000,0.27090000,0.27220000,3649293.50000000
1772697600000,0.27220000,0.27260000,0.27020000,0.27180000,9769665.40000000
1772701200000,0.27180000,0.27410000,0.27170000,0.27330000,6184245.40000000
1772704800000,0.27330000,0.27790000,0.27250000,0.27670000,9216238.70000000
1772708400000,0.27680000,0.27730000,0.27270000,0.27420000,6121654.40000000
1772712000000,0.27420000,0.27800000,0.27320000,0.27750000,5273943.20000000
1772715600000,0.27750000,0.27750000,0.27310000,0.27460000,8647259.30000000
1772719200000,0.27470000,0.27690000,0.27320000,0.27570000,7463890.40000000
1772722800000,0.27570000,0.27600000,0.26970000,0.27120000,13578319.90000000
1772726400000,0.27120000,0.27120000,0.26510000,0.26880000,13760436.80000000
1772730000000,0.26890000,0.27040000,0.26600000,0.26670000,6057200.00000000
1772733600000,0.26660000,0.26880000,0.26610000,0.26870000,4169246.90000000
1772737200000,0.26870000,0.27190000,0.26870000,0.26940000,3153611.30000000
1772740800000,0.26940000,0.27200000,0.26850000,0.27110000,3876519.70000000
1772744400000,0.27100000,0.27180000,0.26860000,0.26900000,4458999.60000000
1772748000000,0.26910000,0.27000000,0.26760000,0.26910000,2925451.40000000
1772751600000,0.26900000,0.26990000,0.26870000,0.26920000,1680592.50000000
1772755200000,0.26910000,0.26950000,0.26810000,0.26830000,2034014.20000000
1772758800000,0.26840000,0.27110000,0.26710000,0.27080000,3694779.80000000
1772762400000,0.27090000,0.27160000,0.26990000,0.27010000,4077031.60000000
1772766000000,0.27010000,0.27070000,0.26920000,0.27070000,1391818.00000000
1772769600000,0.27070000,0.27080000,0.26730000,0.26880000,2146950.70000000
1772773200000,0.26890000,0.26970000,0.26720000,0.26850000,2105696.00000000
1772776800000,0.26850000,0.26970000,0.26810000,0.26860000,1564630.40000000
1772780400000,0.26870000,0.27200000,0.26830000,0.27150000,2892393.00000000
1772784000000,0.27160000,0.27160000,0.26850000,0.26910000,2309527.20000000
1772787600000,0.26900000,0.26910000,0.26570000,0.26710000,5493506.70000000
1772791200000,0.26700000,0.26890000,0.26680000,0.26780000,2761328.20000000
1772794800000,0.26780000,0.26810000,0.26600000,0.26630000,1894117.30000000
1772798400000,0.26620000,0.26710000,0.26440000,0.26640000,7326216.90000000
1772802000000,0.26640000,0.26910000,0.26380000,0.26410000,16173265.00000000
1772805600000,0.26410000,0.26410000,0.25740000,0.25850000,26114357.40000000
1772809200000,0.25850000,0.25970000,0.25580000,0.25680000,15319463.30000000
1772812800000,0.25680000,0.25930000,0.25590000,0.25720000,9577087.60000000
1772816400000,0.25720000,0.25860000,0.25550000,0.25720000,7145284.90000000
1772820000000,0.25710000,0.25930000,0.25700000,0.25880000,5292725.10000000
1772823600000,0.25870000,0.26060000,0.25850000,0.25860000,3660603.40000000
1772827200000,0.25850000,0.25870000,0.25730000,0.25830000,2931242.60000000
1772830800000,0.25820000,0.25950000,0.25800000,0.25950000,2246756.70000000
1772834400000,0.25950000,0.26020000,0.25900000,0.25980000,1705357.80000000
1772838000000,0.25980000,0.25990000,0.25880000,0.25900000,1769654.80000000
1772841600000,0.25900000,0.25990000,0.25900000,0.25940000,2459785.50000000
1772845200000,0.25940000,0.26020000,0.25920000,0.25920000,1591497.40000000
1772848800000,0.25920000,0.25970000,0.25860000,0.25950000,1615356.40000000
1772852400000,0.25950000,0.26100000,0.25860000,0.25870000,2679362.80000000
1772856000000,0.25860000,0.25900000,0.25680000,0.25860000,3218364.20000000
1772859600000,0.25860000,0.25920000,0.25840000,0.25910000,1568215.30000000
1772863200000,0.25900000,0.25900000,0.25770000,0.25790000,2712907.70000000
1772866800000,0.25790000,0.25850000,0.25710000,0.25840000,1430434.80000000
1772870400000,0.25830000,0.25910000,0.25790000,0.25810000,1977008.30000000
1772874000000,0.25800000,0.25870000,0.25750000,0.25840000,1682749.20000000
1772877600000,0.25840000,0.25860000,0.25760000,0.25780000,2709584.80000000
1772881200000,0.25770000,0.25950000,0.25750000,0.25890000,1110681.90000000
1772884800000,0.25880000,0.25900000,0.25720000,0.25740000,1490894.50000000
1772888400000,0.25740000,0.25850000,0.25730000,0.25800000,2152195.30000000
1772892000000,0.25790000,0.25800000,0.25170000,0.25570000,39652195.10000000
1772895600000,0.25560000,0.25610000,0.25400000,0.25490000,4953566.50000000
1772899200000,0.25490000,0.25590000,0.25470000,0.25560000,3883168.30000000
1772902800000,0.25560000,0.25730000,0.25550000,0.25700000,2163923.30000000
1772906400000,0.25690000,0.25690000,0.25410000,0.25560000,7483863.10000000
1772910000000,0.25560000,0.25570000,0.25330000,0.25430000,4234669.10000000
1772913600000,0.25430000,0.25550000,0.25420000,0.25510000,1571696.10000000
1772917200000,0.25510000,0.25570000,0.25460000,0.25550000,1813583.50000000
1772920800000,0.25550000,0.25560000,0.25290000,0.25380000,2652930.60000000
1772924400000,0.25380000,0.25490000,0.25360000,0.25440000,1575293.90000000
1772928000000,0.25450000,0.25480000,0.25340000,0.25390000,1367130.00000000
1772931600000,0.25380000,0.25480000,0.25330000,0.25430000,1198918.20000000
1772935200000,0.25430000,0.25460000,0.25080000,0.25200000,4530889.50000000
1772938800000,0.25200000,0.25310000,0.25150000,0.25210000,2549115.40000000
1772942400000,0.25210000,0.25270000,0.24960000,0.25050000,8694614.60000000
1772946000000,0.25050000,0.25290000,0.25050000,0.25220000,2779048.80000000
1772949600000,0.25210000,0.25220000,0.25080000,0.25180000,1900558.50000000
1772953200000,0.25180000,0.25350000,0.25180000,0.25240000,2787501.00000000
1772956800000,0.25240000,0.25280000,0.25090000,0.25240000,2210572.80000000
1772960400000,0.25250000,0.25430000,0.25210000,0.25410000,5197047.50000000
1772964000000,0.25420000,0.25740000,0.25420000,0.25620000,6651624.80000000
1772967600000,0.25620000,0.25620000,0.25370000,0.25480000,4006642.90000000
1772971200000,0.25480000,0.25530000,0.25200000,0.25420000,3965189.30000000
1772974800000,0.25420000,0.25440000,0.25050000,0.25190000,5526770.10000000
1772978400000,0.25200000,0.25280000,0.25060000,0.25140000,2918734.20000000
1772982000000,0.25140000,0.25150000,0.24810000,0.24960000,10248274.40000000
1772985600000,0.24970000,0.25000000,0.24850000,0.24970000,3242538.20000000
1772989200000,0.24970000,0.25150000,0.24970000,0.25050000,2593147.30000000
1772992800000,0.25050000,0.25060000,0.24900000,0.25040000,2153028.70000000
1772996400000,0.25040000,0.25430000,0.25030000,0.25330000,6225405.70000000
1773000000000,0.25320000,0.25460000,0.25210000,0.25310000,4690020.00000000
1773003600000,0.25320000,0.25340000,0.25070000,0.25220000,3853814.20000000
1773007200000,0.25220000,0.25220000,0.24580000,0.25060000,19165461.00000000
1773010800000,0.25070000,0.25160000,0.24860000,0.24930000,4457692.30000000
1773014400000,0.24930000,0.25360000,0.24910000,0.25140000,4570712.70000000
1773018000000,0.25140000,0.25250000,0.24980000,0.24990000,3289998.60000000
1773021600000,0.24980000,0.25250000,0.24890000,0.25160000,2824468.70000000
1773025200000,0.25160000,0.25670000,0.25130000,0.25360000,8350668.30000000
1773028800000,0.25370000,0.25550000,0.25320000,0.25320000,2114167.90000000
1773032400000,0.25330000,0.25940000,0.25270000,0.25770000,10618352.40000000
1773036000000,0.25780000,0.25800000,0.25510000,0.25540000,3920001.80000000
1773039600000,0.25540000,0.25560000,0.25240000,0.25500000,6579497.50000000
1773043200000,0.25510000,0.25740000,0.25470000,0.25620000,4332988.80000000
1773046800000,0.25630000,0.25870000,0.25460000,0.25620000,6303972.70000000
1773050400000,0.25630000,0.25670000,0.25470000,0.25520000,2257129.10000000
1773054000000,0.25520000,0.25570000,0.25350000,0.25490000,2160010.30000000
1773057600000,0.25500000,0.25690000,0.25430000,0.25570000,3296664.50000000
1773061200000,0.25580000,0.26000000,0.25520000,0.25860000,13425361.50000000
1773064800000,0.25850000,0.26010000,0.25670000,0.25790000,13166534.80000000
1773068400000,0.25790000,0.25820000,0.25470000,0.25590000,10259528.30000000
1773072000000,0.25590000,0.25780000,0.25540000,0.25690000,6548021.70000000
1773075600000,0.25690000,0.25810000,0.25560000,0.25650000,3300783.40000000
1773079200000,0.25640000,0.25780000,0.25510000,0.25610000,3180370.00000000
1773082800000,0.25620000,0.26290000,0.25530000,0.25950000,14278446.90000000
1773086400000,0.25950000,0.26010000,0.25710000,0.25860000,3644078.20000000
1773090000000,0.25850000,0.25960000,0.25760000,0.25850000,1908635.30000000
1773093600000,0.25850000,0.25880000,0.25470000,0.25530000,5997156.80000000
1773097200000,0.25520000,0.25620000,0.25470000,0.25520000,2172125.30000000
1773100800000,0.25510000,0.25880000,0.25500000,0.25760000,2399536.60000000
1773104400000,0.25760000,0.25880000,0.25640000,0.25820000,2959265.80000000
1773108000000,0.25810000,0.26360000,0.25730000,0.26200000,9661384.60000000
1773111600000,0.26200000,0.26280000,0.25800000,0.25880000,5210169.90000000
1773115200000,0.25880000,0.26150000,0.25880000,0.26060000,2649531.50000000
1773118800000,0.26050000,0.26180000,0.25960000,0.25980000,2708547.80000000
1773122400000,0.25990000,0.26000000,0.25820000,0.25950000,2502152.70000000
1773126000000,0.25950000,0.26120000,0.25870000,0.26040000,4786050.10000000
1773129600000,0.26050000,0.26270000,0.26020000,0.26170000,4300819.00000000
1773133200000,0.26170000,0.26770000,0.26170000,0.26710000,11805975.70000000
1773136800000,0.26700000,0.26840000,0.26540000,0.26710000,10663342.70000000
1773140400000,0.26700000,0.26730000,0.26420000,0.26420000,6660598.10000000
1773144000000,0.26430000,0.26480000,0.26260000,0.26410000,5892891.10000000
1773147600000,0.26420000,0.26700000,0.26160000,0.26390000,13032651.50000000
1773151200000,0.26390000,0.27260000,0.26100000,0.27210000,18965720.20000000
1773154800000,0.27210000,0.27380000,0.26860000,0.27140000,20529133.50000000
1773158400000,0.27140000,0.27390000,0.26950000,0.27220000,13154493.20000000
1773162000000,0.27220000,0.27280000,0.26780000,0.26900000,12262121.10000000
1773165600000,0.26900000,0.26910000,0.26330000,0.26370000,12282195.50000000
1773169200000,0.26370000,0.26490000,0.26200000,0.26240000,3733733.80000000
1773172800000,0.26240000,0.26390000,0.26230000,0.26340000,1980902.30000000
1773176400000,0.26340000,0.26450000,0.26060000,0.26150000,8119809.40000000
1773180000000,0.26160000,0.26270000,0.26050000,0.26120000,6314396.60000000
1773183600000,0.26120000,0.26240000,0.26100000,0.26210000,7379224.60000000
1773187200000,0.26200000,0.26260000,0.26040000,0.26200000,7905146.50000000
1773190800000,0.26210000,0.26210000,0.26010000,0.26090000,3393716.10000000
1773194400000,0.26100000,0.26110000,0.25870000,0.26020000,5233561.30000000
1773198000000,0.26020000,0.26090000,0.25900000,0.25970000,5057707.70000000
1773201600000,0.25970000,0.26240000,0.25920000,0.26210000,3772623.90000000
1773205200000,0.26210000,0.26220000,0.25770000,0.25840000,4612901.60000000
1773208800000,0.25840000,0.25980000,0.25810000,0.25870000,4241783.00000000
1773212400000,0.25860000,0.25950000,0.25660000,0.25750000,4507331.80000000
1773216000000,0.25740000,0.25860000,0.25720000,0.25830000,4280066.00000000
1773219600000,0.25820000,0.25860000,0.25710000,0.25750000,2288880.30000000
1773223200000,0.25750000,0.26000000,0.25720000,0.25940000,3442871.60000000
1773226800000,0.25940000,0.26010000,0.25840000,0.25880000,4002351.80000000
1773230400000,0.25870000,0.26370000,0.25790000,0.26130000,12883274.80000000
1773234000000,0.26130000,0.26790000,0.26110000,0.26290000,30117955.80000000
1773237600000,0.26300000,0.26600000,0.26300000,0.26380000,15315645.50000000
1773241200000,0.26380000,0.26400000,0.25930000,0.26250000,7368541.00000000
1773244800000,0.26250000,0.26430000,0.26180000,0.26360000,4990486.50000000
1773248400000,0.26370000,0.26650000,0.26250000,0.26500000,4990001.70000000
1773252000000,0.26490000,0.26670000,0.26480000,0.26630000,5140932.50000000
1773255600000,0.26630000,0.26680000,0.26490000,0.26520000,2690424.00000000
1773259200000,0.26510000,0.26520000,0.26320000,0.26410000,2788879.40000000
1773262800000,0.26420000,0.26520000,0.26360000,0.26490000,2504469.10000000
1773266400000,0.26490000,0.26620000,0.26300000,0.26380000,4406533.90000000
1773270000000,0.26390000,0.26450000,0.26170000,0.26260000,2449217.50000000
1773273600000,0.26260000,0.26310000,0.26140000,0.26210000,2390277.90000000
1773277200000,0.26210000,0.26210000,0.26030000,0.26080000,3198606.60000000
1773280800000,0.26080000,0.26130000,0.25890000,0.25900000,3923211.10000000
1773284400000,0.25900000,0.26040000,0.25850000,0.25900000,1834097.20000000
1773288000000,0.25900000,0.25990000,0.25850000,0.25880000,1213993.40000000
1773291600000,0.25870000,0.25940000,0.25800000,0.25920000,1752772.90000000
1773295200000,0.25910000,0.25960000,0.25860000,0.25940000,2323433.90000000
1773298800000,0.25940000,0.26100000,0.25880000,0.26060000,3070229.10000000
1773302400000,0.26060000,0.26240000,0.26020000,0.26090000,4165029.50000000
1773306000000,0.26080000,0.26340000,0.26000000,0.26170000,2773562.70000000
1773309600000,0.26170000,0.26380000,0.26140000,0.26310000,6641338.60000000
1773313200000,0.26310000,0.26320000,0.26150000,0.26210000,3556159.30000000
1773316800000,0.26200000,0.26420000,0.26130000,0.26310000,5396797.90000000
1773320400000,0.26310000,0.26410000,0.26030000,0.26170000,6388912.50000000
1773324000000,0.26170000,0.26360000,0.25830000,0.25990000,8404843.00000000
1773327600000,0.25990000,0.26310000,0.25920000,0.26200000,4544288.20000000
1773331200000,0.26200000,0.26360000,0.26020000,0.26310000,4494133.50000000
1773334800000,0.26310000,0.26340000,0.26170000,0.26240000,2664483.90000000
1773338400000,0.26240000,0.26270000,0.26080000,0.26090000,1765152.40000000
1773342000000,0.26090000,0.26330000,0.26030000,0.26300000,3122625.30000000
1773345600000,0.26300000,0.26350000,0.26160000,0.26170000,1474920.10000000
1773349200000,0.26180000,0.26360000,0.26180000,0.26330000,1152481.30000000
1773352800000,0.26320000,0.26360000,0.26260000,0.26330000,1913419.40000000
1773356400000,0.26330000,0.26590000,0.26260000,0.26360000,7908189.80000000
1773360000000,0.26350000,0.27300000,0.26290000,0.26930000,23992749.40000000
1773363600000,0.26930000,0.27240000,0.26920000,0.27200000,6736576.30000000
1773367200000,0.27200000,0.27240000,0.26920000,0.27000000,6151381.20000000
1773370800000,0.27000000,0.27230000,0.26890000,0.27170000,3723674.70000000
1773374400000,0.27170000,0.27370000,0.27020000,0.27170000,5357732.30000000
1773378000000,0.27170000,0.27580000,0.27070000,0.27400000,15147752.50000000
1773381600000,0.27400000,0.27450000,0.27150000,0.27230000,5893077.40000000
1773385200000,0.27220000,0.27350000,0.27120000,0.27160000,3790051.60000000
1773388800000,0.27160000,0.27550000,0.27090000,0.27230000,7660707.40000000
1773392400000,0.27220000,0.27480000,0.27140000,0.27440000,3695839.10000000
1773396000000,0.27440000,0.27590000,0.27420000,0.27490000,5942862.30000000
1773399600000,0.27480000,0.27500000,0.27320000,0.27430000,3306699.40000000
1773403200000,0.27440000,0.28040000,0.27430000,0.27850000,13654034.00000000
1773406800000,0.27840000,0.28160000,0.27730000,0.27900000,17360459.90000000
1773410400000,0.27900000,0.28070000,0.27260000,0.27340000,19367312.40000000
1773414000000,0.27340000,0.27500000,0.27060000,0.27150000,11102939.60000000
1773417600000,0.27160000,0.27310000,0.27060000,0.27200000,9481245.90000000
1773421200000,0.27210000,0.27210000,0.26650000,0.26730000,8656818.80000000
1773424800000,0.26740000,0.26840000,0.26610000,0.26650000,5194717.70000000
1773428400000,0.26650000,0.26770000,0.26620000,0.26730000,3080160.40000000
1773432000000,0.26730000,0.26850000,0.26660000,0.26760000,3160917.70000000
1773435600000,0.26770000,0.26890000,0.26650000,0.26700000,2551117.50000000
1773439200000,0.26690000,0.26700000,0.26360000,0.26510000,5281197.10000000
1773442800000,0.26510000,0.26610000,0.26470000,0.26560000,2324201.50000000
1773446400000,0.26560000,0.26560000,0.26340000,0.26400000,6450882.80000000
1773450000000,0.26390000,0.26540000,0.26300000,0.26490000,3216528.70000000
1773453600000,0.26480000,0.26610000,0.26370000,0.26470000,6200465.50000000
1773457200000,0.26480000,0.26610000,0.26450000,0.26540000,1747896.40000000
1773460800000,0.26540000,0.26660000,0.26470000,0.26520000,4118645.60000000
1773464400000,0.26530000,0.26540000,0.26300000,0.26390000,4263036.80000000
1773468000000,0.26400000,0.26400000,0.26160000,0.26250000,4763986.50000000
1773471600000,0.26240000,0.26280000,0.26110000,0.26170000,5324713.80000000
1773475200000,0.26170000,0.26200000,0.25960000,0.26120000,10329605.30000000
1773478800000,0.26120000,0.26180000,0.25980000,0.26030000,3847246.00000000
1773482400000,0.26020000,0.26030000,0.25940000,0.26000000,3514462.50000000
1773486000000,0.26000000,0.26120000,0.25960000,0.26110000,2837637.70000000
1773489600000,0.26100000,0.26100000,0.25990000,0.26090000,2548710.00000000
1773493200000,0.26080000,0.26190000,0.26060000,0.26120000,3104204.50000000
1773496800000,0.26120000,0.26150000,0.26000000,0.26020000,5764258.60000000
1773500400000,0.26030000,0.26090000,0.26000000,0.26070000,2331280.50000000
1773504000000,0.26060000,0.26170000,0.26040000,0.26130000,2016689.20000000
1773507600000,0.26130000,0.26130000,0.25960000,0.25980000,3591467.00000000
1773511200000,0.25990000,0.25990000,0.25850000,0.25910000,5223492.40000000
1773514800000,0.25900000,0.25970000,0.25860000,0.25920000,2406463.30000000
1773518400000,0.25920000,0.25980000,0.25880000,0.25980000,1734109.80000000
1773522000000,0.25970000,0.26040000,0.25890000,0.26020000,3166645.80000000
1773525600000,0.26020000,0.26080000,0.25990000,0.26040000,2299509.60000000
1773529200000,0.26040000,0.26380000,0.26040000,0.26340000,6855514.70000000
1773532800000,0.26340000,0.26390000,0.26190000,0.26230000,3037509.10000000
1773536400000,0.26230000,0.26250000,0.26120000,0.26180000,2140079.80000000
1773540000000,0.26180000,0.26620000,0.26180000,0.26520000,5544655.50000000
1773543600000,0.26520000,0.26600000,0.26370000,0.26490000,2543229.60000000
1773547200000,0.26490000,0.26670000,0.26420000,0.26540000,5488290.40000000
1773550800000,0.26550000,0.26730000,0.26500000,0.26520000,3570605.30000000
1773554400000,0.26530000,0.26590000,0.26310000,0.26400000,2424008.80000000
1773558000000,0.26410000,0.26560000,0.26380000,0.26470000,1796914.50000000
1773561600000,0.26480000,0.26590000,0.26450000,0.26580000,1924634.30000000
1773565200000,0.26570000,0.26650000,0.26480000,0.26480000,4771633.50000000
1773568800000,0.26490000,0.26590000,0.26460000,0.26560000,1925515.50000000
1773572400000,0.26560000,0.26610000,0.26500000,0.26560000,2060093.10000000
1773576000000,0.26570000,0.26610000,0.26490000,0.26580000,1291699.10000000
1773579600000,0.26580000,0.26650000,0.26230000,0.26430000,5565731.70000000
1773583200000,0.26440000,0.26490000,0.26280000,0.26420000,2131766.60000000
1773586800000,0.26430000,0.26480000,0.26340000,0.26380000,1871097.10000000
1773590400000,0.26370000,0.26460000,0.26260000,0.26280000,2128954.70000000
1773594000000,0.26290000,0.26550000,0.26270000,0.26470000,1757893.50000000
1773597600000,0.26470000,0.26500000,0.26210000,0.26280000,2204393.10000000
1773601200000,0.26280000,0.26420000,0.26270000,0.26370000,1213801.90000000
1773604800000,0.26380000,0.26550000,0.26260000,0.26430000,1742567.00000000
1773608400000,0.26440000,0.26760000,0.26380000,0.26670000,3698162.80000000
1773612000000,0.26670000,0.27170000,0.26480000,0.27070000,14895587.80000000
1773615600000,0.27070000,0.27200000,0.26780000,0.27020000,11139047.70000000
1773619200000,0.27020000,0.27270000,0.26960000,0.27060000,10938883.90000000
1773622800000,0.27070000,0.27220000,0.26890000,0.27150000,7157309.70000000
1773626400000,0.27140000,0.27210000,0.26870000,0.27110000,5522529.40000000
1773630000000,0.27100000,0.28050000,0.27030000,0.27740000,31073724.30000000
1773633600000,0.27740000,0.28450000,0.27740000,0.28290000,34245028.20000000
1773637200000,0.28300000,0.28960000,0.28200000,0.28840000,27599637.30000000
1773640800000,0.28850000,0.29160000,0.28610000,0.29000000,24757160.30000000
1773644400000,0.28990000,0.29260000,0.28900000,0.28990000,19523738.40000000
1773648000000,0.29000000,0.29360000,0.28450000,0.28460000,23616354.50000000
1773651600000,0.28470000,0.28960000,0.28450000,0.28830000,12880846.90000000
1773655200000,0.28830000,0.28880000,0.28540000,0.28690000,12056162.40000000
1773658800000,0.28700000,0.28820000,0.28420000,0.28540000,8668930.20000000
1773662400000,0.28540000,0.28690000,0.28470000,0.28500000,9885023.70000000
1773666000000,0.28500000,0.28940000,0.28440000,0.28530000,11973055.90000000
1773669600000,0.28540000,0.28760000,0.28230000,0.28650000,11804341.50000000
1773673200000,0.28660000,0.28750000,0.28340000,0.28350000,7846976.90000000
1773676800000,0.28360000,0.28760000,0.28350000,0.28750000,13889983.10000000
1773680400000,0.28750000,0.28780000,0.28470000,0.28690000,7505932.20000000
1773684000000,0.28680000,0.28880000,0.28620000,0.28670000,9863873.80000000
1773687600000,0.28670000,0.28970000,0.28610000,0.28830000,5312486.00000000
1773691200000,0.28820000,0.28920000,0.28740000,0.28780000,14106903.00000000
1773694800000,0.28790000,0.29070000,0.28680000,0.28750000,8733722.30000000
1773698400000,0.28750000,0.29170000,0.28750000,0.29150000,9659524.50000000
1773702000000,0.29150000,0.29190000,0.28770000,0.29040000,6719478.50000000
1773705600000,0.29040000,0.29270000,0.28850000,0.29030000,8592032.70000000
1773709200000,0.29040000,0.29260000,0.28900000,0.29080000,10239742.20000000
1773712800000,0.29090000,0.29320000,0.28920000,0.29160000,6028327.40000000
1773716400000,0.29160000,0.29160000,0.28400000,0.28570000,11328751.90000000
1773720000000,0.28580000,0.28650000,0.28220000,0.28440000,18271898.20000000
1773723600000,0.28430000,0.28540000,0.28190000,0.28340000,15959879.30000000
1773727200000,0.28350000,0.28520000,0.28230000,0.28410000,5038909.10000000
1773730800000,0.28420000,0.28850000,0.28410000,0.28660000,3829055.80000000
1773734400000,0.28650000,0.28800000,0.28570000,0.28610000,3107322.00000000
1773738000000,0.28610000,0.28800000,0.28510000,0.28650000,5690644.00000000
1773741600000,0.28650000,0.28690000,0.28530000,0.28660000,3927512.20000000
1773745200000,0.28670000,0.28850000,0.28650000,0.28700000,3853873.20000000
1773748800000,0.28700000,0.28750000,0.28360000,0.28440000,5985408.70000000
1773752400000,0.28430000,0.28750000,0.28410000,0.28520000,6812520.50000000
1773756000000,0.28520000,0.28840000,0.28420000,0.28710000,6297149.80000000
1773759600000,0.28710000,0.28970000,0.28450000,0.28660000,7489541.00000000
1773763200000,0.28650000,0.28870000,0.28580000,0.28670000,4567497.20000000
1773766800000,0.28680000,0.28960000,0.28660000,0.28950000,3599325.90000000
1773770400000,0.28950000,0.29160000,0.28950000,0.29030000,5572140.50000000
1773774000000,0.29020000,0.29030000,0.28830000,0.28850000,5110329.80000000
1773777600000,0.28860000,0.28970000,0.28780000,0.28940000,3105199.40000000
1773781200000,0.28940000,0.29230000,0.28940000,0.29080000,4240755.10000000
1773784800000,0.29070000,0.29210000,0.28960000,0.29150000,5195647.10000000
1773788400000,0.29150000,0.29190000,0.28850000,0.28910000,3383889.90000000
1773792000000,0.28910000,0.28970000,0.28640000,0.28850000,6753483.90000000
1773795600000,0.28850000,0.29000000,0.28830000,0.28870000,1653737.60000000
1773799200000,0.28860000,0.29190000,0.28840000,0.29060000,2385551.10000000
1773802800000,0.29060000,0.29400000,0.29010000,0.29180000,5955815.30000000
1773806400000,0.29180000,0.29210000,0.29020000,0.29090000,1981379.40000000
1773810000000,0.29080000,0.29550000,0.28940000,0.28990000,9471862.20000000
1773813600000,0.28990000,0.29140000,0.28840000,0.28850000,3392265.60000000
1773817200000,0.28840000,0.28890000,0.28730000,0.28850000,5428009.50000000
1773820800000,0.28860000,0.29030000,0.28860000,0.28910000,3358881.00000000
1773824400000,0.28920000,0.29120000,0.28880000,0.29110000,1615330.40000000
1773828000000,0.29110000,0.29150000,0.28790000,0.28870000,3368534.00000000
1773831600000,0.28860000,0.28860000,0.27860000,0.27960000,26213839.00000000
1773835200000,0.27950000,0.27990000,0.27500000,0.27630000,13547510.80000000
1773838800000,0.27640000,0.27760000,0.27510000,0.27630000,6566874.10000000
1773842400000,0.27640000,0.27640000,0.27060000,0.27120000,13872637.80000000
1773846000000,0.27130000,0.27250000,0.26960000,0.27160000,11768954.60000000
1773849600000,0.27150000,0.27160000,0.26990000,0.27090000,6597882.30000000
1773853200000,0.27090000,0.27370000,0.26990000,0.27240000,4564506.30000000
1773856800000,0.27240000,0.27520000,0.27120000,0.27190000,7379902.70000000
1773860400000,0.27190000,0.27370000,0.27190000,0.27240000,2537630.10000000
1773864000000,0.27240000,0.27390000,0.27000000,0.27330000,4726281.40000000
1773867600000,0.27330000,0.27470000,0.27310000,0.27420000,2230164.80000000
1773871200000,0.27420000,0.27430000,0.27300000,0.27370000,2081728.40000000
1773874800000,0.27380000,0.27480000,0.27320000,0.27420000,1502026.20000000
1773878400000,0.27430000,0.27460000,0.27280000,0.27300000,3036684.70000000
1773882000000,0.27300000,0.27390000,0.27240000,0.27330000,1509766.50000000
1773885600000,0.27320000,0.27320000,0.27130000,0.27210000,1670996.20000000
1773889200000,0.27210000,0.27670000,0.27210000,0.27460000,6118722.70000000
1773892800000,0.27470000,0.27490000,0.27240000,0.27250000,2499019.40000000
1773896400000,0.27260000,0.27290000,0.27100000,0.27150000,2937629.30000000
1773900000000,0.27150000,0.27230000,0.27020000,0.27140000,3412907.00000000
1773903600000,0.27130000,0.27150000,0.26640000,0.26850000,10854370.90000000
1773907200000,0.26850000,0.26950000,0.26740000,0.26820000,6505419.60000000
1773910800000,0.26830000,0.27180000,0.26830000,0.27170000,5567667.50000000
1773914400000,0.27160000,0.27180000,0.26960000,0.26970000,2374630.50000000
1773918000000,0.26970000,0.27010000,0.26850000,0.26880000,2811954.30000000
1773921600000,0.26870000,0.26880000,0.26470000,0.26500000,6958534.50000000
1773925200000,0.26500000,0.26690000,0.26310000,0.26660000,12694309.30000000
1773928800000,0.26670000,0.26770000,0.26400000,0.26610000,4319429.20000000
1773932400000,0.26600000,0.26710000,0.26330000,0.26560000,6339827.10000000
1773936000000,0.26560000,0.26560000,0.26370000,0.26440000,5715959.70000000
1773939600000,0.26440000,0.26610000,0.26250000,0.26560000,3368303.70000000
1773943200000,0.26560000,0.26570000,0.26460000,0.26560000,1511437.70000000
1773946800000,0.26550000,0.26910000,0.26550000,0.26740000,4822940.80000000
1773950400000,0.26740000,0.26890000,0.26690000,0.26790000,3543785.10000000
1773954000000,0.26790000,0.26860000,0.26700000,0.26760000,3323899.90000000
1773957600000,0.26770000,0.26780000,0.26560000,0.26670000,2610994.80000000
1773961200000,0.26680000,0.26790000,0.26630000,0.26750000,2254608.00000000
1773964800000,0.26760000,0.26970000,0.26750000,0.26960000,5082329.90000000
1773968400000,0.26970000,0.27090000,0.26930000,0.26980000,3325697.70000000
1773972000000,0.26980000,0.27010000,0.26820000,0.26940000,2540339.00000000
1773975600000,0.26940000,0.27090000,0.26900000,0.26980000,2802912.80000000
1773979200000,0.26990000,0.27150000,0.26890000,0.27100000,2292721.30000000
1773982800000,0.27090000,0.27300000,0.27070000,0.27170000,3721486.70000000
1773986400000,0.27170000,0.27210000,0.27000000,0.27040000,2557711.80000000
1773990000000,0.27030000,0.27050000,0.26770000,0.27000000,3314937.40000000
1773993600000,0.27000000,0.27260000,0.26950000,0.27060000,5224456.60000000
1773997200000,0.27060000,0.27060000,0.26810000,0.26860000,3161243.90000000
1774000800000,0.26850000,0.26960000,0.26770000,0.26910000,1851882.10000000
1774004400000,0.26910000,0.27020000,0.26730000,0.26800000,2603355.50000000
1774008000000,0.26800000,0.26910000,0.26680000,0.26720000,2297792.30000000
1774011600000,0.26720000,0.26870000,0.26560000,0.26600000,4449451.40000000
1774015200000,0.26590000,0.26770000,0.26470000,0.26550000,5265447.00000000
1774018800000,0.26550000,0.26740000,0.26450000,0.26680000,4329223.70000000
1774022400000,0.26680000,0.26680000,0.26460000,0.26590000,5532151.60000000
1774026000000,0.26580000,0.26630000,0.26410000,0.26590000,3636827.40000000
1774029600000,0.26600000,0.26620000,0.26320000,0.26370000,4082222.00000000
1774033200000,0.26370000,0.26430000,0.26160000,0.26400000,5395804.80000000
1774036800000,0.26410000,0.26430000,0.26220000,0.26380000,3553136.20000000
1774040400000,0.26380000,0.26650000,0.26350000,0.26590000,4043166.70000000
1774044000000,0.26590000,0.26780000,0.26590000,0.26690000,2656270.10000000
1774047600000,0.26690000,0.26690000,0.26510000,0.26610000,1394373.00000000
1774051200000,0.26610000,0.26680000,0.26590000,0.26640000,1241798.90000000
1774054800000,0.26640000,0.26740000,0.26570000,0.26580000,1412691.70000000
1774058400000,0.26570000,0.26710000,0.26560000,0.26690000,1810762.00000000
1774062000000,0.26690000,0.26700000,0.26580000,0.26600000,1176336.60000000
1774065600000,0.26600000,0.26650000,0.26580000,0.26610000,729480.90000000
1774069200000,0.26600000,0.26680000,0.26600000,0.26610000,1256612.00000000
1774072800000,0.26610000,0.26700000,0.26580000,0.26670000,1979514.40000000
1774076400000,0.26670000,0.26680000,0.26470000,0.26490000,5246450.10000000
1774080000000,0.26480000,0.26520000,0.26440000,0.26520000,2316854.10000000
1774083600000,0.26510000,0.26590000,0.26400000,0.26460000,1950812.40000000
1774087200000,0.26470000,0.26480000,0.26390000,0.26440000,1315005.40000000
1774090800000,0.26440000,0.26470000,0.26400000,0.26460000,1245144.70000000
1774094400000,0.26470000,0.26520000,0.26450000,0.26480000,1234723.50000000
1774098000000,0.26480000,0.26510000,0.26390000,0.26430000,1242377.10000000
1774101600000,0.26440000,0.26540000,0.26310000,0.26330000,6621341.90000000
1774105200000,0.26330000,0.26490000,0.26300000,0.26490000,2456450.80000000
1774108800000,0.26490000,0.26500000,0.26360000,0.26420000,2558882.20000000
1774112400000,0.26420000,0.26440000,0.26360000,0.26410000,1139701.00000000
1774116000000,0.26410000,0.26500000,0.26400000,0.26430000,1005849.80000000
1774119600000,0.26440000,0.26500000,0.26410000,0.26490000,803912.20000000
1774123200000,0.26490000,0.26630000,0.26480000,0.26610000,2306045.20000000
1774126800000,0.26620000,0.26640000,0.26490000,0.26560000,1576336.20000000
1774130400000,0.26560000,0.26560000,0.26470000,0.26480000,1345549.60000000
1774134000000,0.26470000,0.26480000,0.25540000,0.25740000,24020719.50000000
1774137600000,0.25730000,0.25860000,0.25230000,0.25720000,23169208.40000000
1774141200000,0.25720000,0.25820000,0.25550000,0.25680000,3911882.70000000
1774144800000,0.25680000,0.25920000,0.25670000,0.25780000,5357833.80000000
1774148400000,0.25770000,0.26010000,0.25700000,0.25830000,3904437.70000000
1774152000000,0.25830000,0.25920000,0.25760000,0.25870000,2961328.50000000
1774155600000,0.25870000,0.25870000,0.25740000,0.25760000,2787685.30000000
1774159200000,0.25760000,0.25780000,0.25700000,0.25770000,1672920.30000000
1774162800000,0.25770000,0.25890000,0.25670000,0.25680000,1672572.30000000
1774166400000,0.25670000,0.25690000,0.25490000,0.25670000,3360291.20000000
1774170000000,0.25660000,0.25740000,0.25580000,0.25630000,2212939.30000000
1774173600000,0.25620000,0.25620000,0.25510000,0.25550000,1927350.20000000
1774177200000,0.25540000,0.25610000,0.25490000,0.25510000,2587017.70000000
1774180800000,0.25520000,0.25700000,0.25510000,0.25600000,2754438.30000000
1774184400000,0.25600000,0.25720000,0.25520000,0.25610000,3652713.70000000
1774188000000,0.25600000,0.25680000,0.25520000,0.25580000,4685074.80000000
1774191600000,0.25580000,0.25660000,0.25520000,0.25570000,2112331.90000000
1774195200000,0.25570000,0.25590000,0.25320000,0.25470000,7548901.20000000
1774198800000,0.25460000,0.25510000,0.25390000,0.25410000,4029155.00000000
1774202400000,0.25400000,0.25460000,0.25210000,0.25340000,2933195.20000000
1774206000000,0.25340000,0.25350000,0.25060000,0.25170000,4233758.20000000
1774209600000,0.25170000,0.25260000,0.25090000,0.25130000,2343870.00000000
1774213200000,0.25130000,0.25160000,0.24800000,0.25050000,14098557.10000000
1774216800000,0.25050000,0.25230000,0.24850000,0.25210000,5712866.30000000
1774220400000,0.25220000,0.25290000,0.25040000,0.25060000,3567112.00000000
1774224000000,0.25070000,0.25190000,0.24950000,0.25140000,4168790.00000000
1774227600000,0.25150000,0.25270000,0.25080000,0.25150000,2522601.30000000
1774231200000,0.25150000,0.25430000,0.25060000,0.25280000,4261324.90000000
1774234800000,0.25280000,0.25380000,0.25110000,0.25130000,2328923.70000000
1774238400000,0.25130000,0.25260000,0.25120000,0.25250000,2147889.70000000
1774242000000,0.25250000,0.25300000,0.25150000,0.25270000,7687280.80000000
1774245600000,0.25260000,0.25260000,0.24860000,0.24950000,7585260.10000000
1774249200000,0.24950000,0.25070000,0.24760000,0.25000000,5949540.00000000
1774252800000,0.25010000,0.25110000,0.24910000,0.24930000,3702109.80000000
1774256400000,0.24930000,0.25030000,0.24780000,0.25020000,3307474.20000000
1774260000000,0.25030000,0.25180000,0.24970000,0.25040000,2657885.10000000
1774263600000,0.25040000,0.26440000,0.25040000,0.25880000,81399656.80000000
1774267200000,0.25890000,0.26160000,0.25690000,0.26040000,13482188.10000000
1774270800000,0.26050000,0.26410000,0.25930000,0.26330000,8798256.90000000
1774274400000,0.26340000,0.26530000,0.26250000,0.26420000,8057357.90000000
1774278000000,0.26420000,0.26700000,0.26080000,0.26110000,12315034.40000000
1774281600000,0.26120000,0.26210000,0.25860000,0.26120000,4689348.40000000
1774285200000,0.26120000,0.26380000,0.25990000,0.26210000,5309815.00000000
1774288800000,0.26210000,0.26260000,0.26070000,0.26250000,3270980.40000000
1774292400000,0.26240000,0.26360000,0.26070000,0.26100000,2379674.60000000
1774296000000,0.26090000,0.26320000,0.26020000,0.26280000,3508196.70000000
1774299600000,0.26290000,0.26460000,0.26280000,0.26290000,3860729.60000000
1774303200000,0.26300000,0.26320000,0.26110000,0.26170000,4379862.80000000
1774306800000,0.26160000,0.26200000,0.26040000,0.26160000,2512658.50000000
1774310400000,0.26170000,0.26250000,0.25920000,0.26020000,6191245.10000000
1774314000000,0.26010000,0.26030000,0.25810000,0.25920000,3742636.80000000
1774317600000,0.25920000,0.26080000,0.25860000,0.25880000,2129849.70000000
1774321200000,0.25870000,0.26180000,0.25860000,0.26160000,1853981.60000000
1774324800000,0.26170000,0.26260000,0.25980000,0.26080000,2093180.10000000
1774328400000,0.26080000,0.26140000,0.25970000,0.26080000,3769763.20000000
1774332000000,0.26080000,0.26140000,0.26000000,0.26120000,1103910.60000000
1774335600000,0.26110000,0.26600000,0.26100000,0.26570000,9162750.80000000
1774339200000,0.26580000,0.26840000,0.26560000,0.26680000,11285094.20000000
1774342800000,0.26670000,0.26690000,0.26430000,0.26540000,6468047.70000000
1774346400000,0.26530000,0.26530000,0.26310000,0.26370000,3107559.10000000
1774350000000,0.26370000,0.26430000,0.26200000,0.26380000,3859214.50000000
1774353600000,0.26370000,0.26390000,0.26280000,0.26310000,1693541.20000000
1774357200000,0.26310000,0.26380000,0.26060000,0.26130000,7798700.90000000
1774360800000,0.26130000,0.26250000,0.25910000,0.26130000,7757357.60000000
1774364400000,0.26140000,0.26290000,0.26090000,0.26100000,2935730.00000000
1774368000000,0.26110000,0.26110000,0.25920000,0.25990000,4458788.20000000
1774371600000,0.25990000,0.26000000,0.25810000,0.25920000,4536006.30000000
1774375200000,0.25910000,0.26200000,0.25900000,0.26030000,3546540.30000000
1774378800000,0.26040000,0.26140000,0.25960000,0.26020000,1906347.90000000
1774382400000,0.26010000,0.26570000,0.25990000,0.26460000,6469983.20000000
1774386000000,0.26470000,0.26580000,0.26360000,0.26550000,2350640.70000000
1774389600000,0.26550000,0.26710000,0.26480000,0.26530000,4604114.20000000
1774393200000,0.26540000,0.26690000,0.26520000,0.26640000,3754969.60000000
1774396800000,0.26650000,0.26880000,0.26590000,0.26760000,6981930.50000000
1774400400000,0.26750000,0.26920000,0.26700000,0.26800000,4919218.90000000
1774404000000,0.26800000,0.26860000,0.26640000,0.26660000,3085158.30000000
1774407600000,0.26660000,0.26820000,0.26570000,0.26770000,2543649.60000000
1774411200000,0.26770000,0.26870000,0.26690000,0.26810000,4290734.50000000
1774414800000,0.26820000,0.26970000,0.26770000,0.26810000,4203238.10000000
1774418400000,0.26820000,0.27050000,0.26820000,0.26940000,6560345.70000000
1774422000000,0.26950000,0.27170000,0.26880000,0.26940000,5480031.90000000
1774425600000,0.26950000,0.27260000,0.26950000,0.27170000,6931803.10000000
1774429200000,0.27170000,0.27230000,0.27090000,0.27210000,4035143.20000000
1774432800000,0.27210000,0.27340000,0.27200000,0.27230000,5768495.90000000
1774436400000,0.27230000,0.27480000,0.27130000,0.27300000,9883895.30000000
1774440000000,0.27310000,0.27610000,0.27190000,0.27470000,12481225.70000000
1774443600000,0.27470000,0.27690000,0.27240000,0.27340000,6996652.10000000
1774447200000,0.27350000,0.27380000,0.27140000,0.27180000,5765169.20000000
1774450800000,0.27190000,0.27220000,0.26870000,0.27030000,7895206.90000000
1774454400000,0.27030000,0.27270000,0.26960000,0.27140000,6564319.30000000
1774458000000,0.27130000,0.27240000,0.27030000,0.27050000,4518757.20000000
1774461600000,0.27060000,0.27130000,0.26960000,0.27010000,2443234.10000000
1774465200000,0.27010000,0.27130000,0.26970000,0.27050000,1536348.10000000
1774468800000,0.27060000,0.27060000,0.26830000,0.26970000,2121006.30000000
1774472400000,0.26970000,0.27020000,0.26890000,0.26940000,1716186.90000000
1774476000000,0.26930000,0.27140000,0.26870000,0.27060000,2390700.70000000
1774479600000,0.27070000,0.27080000,0.26950000,0.27050000,1561919.80000000
1774483200000,0.27040000,0.27080000,0.26910000,0.26940000,2328555.40000000
1774486800000,0.26950000,0.27030000,0.26870000,0.26900000,3588890.70000000
1774490400000,0.26890000,0.26900000,0.26660000,0.26760000,4851974.30000000
1774494000000,0.26750000,0.26750000,0.26570000,0.26630000,3950716.30000000
1774497600000,0.26640000,0.26660000,0.26550000,0.26570000,3270326.30000000
1774501200000,0.26570000,0.26580000,0.26210000,0.26240000,8060611.90000000
1774504800000,0.26240000,0.26270000,0.26110000,0.26170000,3772638.90000000
1774508400000,0.26170000,0.26250000,0.26090000,0.26210000,4128224.90000000
1774512000000,0.26210000,0.26210000,0.25960000,0.26020000,9380801.30000000
1774515600000,0.26030000,0.26070000,0.25690000,0.25750000,10024478.50000000
1774519200000,0.25750000,0.25870000,0.25680000,0.25860000,4726987.60000000
1774522800000,0.25850000,0.25900000,0.25730000,0.25730000,3748837.30000000
1774526400000,0.25730000,0.25820000,0.25670000,0.25800000,2941754.20000000
1774530000000,0.25800000,0.25980000,0.25730000,0.25880000,5906646.70000000
1774533600000,0.25880000,0.25930000,0.25680000,0.25730000,7479791.40000000
1774537200000,0.25730000,0.25730000,0.25440000,0.25600000,12025762.40000000
1774540800000,0.25610000,0.25670000,0.25540000,0.25560000,5131326.60000000
1774544400000,0.25560000,0.25630000,0.25390000,0.25450000,4477084.60000000
1774548000000,0.25440000,0.25490000,0.25310000,0.25400000,5235473.40000000
1774551600000,0.25390000,0.25400000,0.25310000,0.25360000,3914124.30000000
1774555200000,0.25360000,0.25720000,0.25260000,0.25490000,21916238.90000000
1774558800000,0.25480000,0.25750000,0.25450000,0.25580000,9339537.60000000
1774562400000,0.25580000,0.25600000,0.25400000,0.25520000,4161100.40000000
1774566000000,0.25530000,0.25550000,0.25380000,0.25470000,3076785.50000000
1774569600000,0.25470000,0.25520000,0.25340000,0.25440000,4841165.30000000
1774573200000,0.25440000,0.25610000,0.25410000,0.25570000,3120642.00000000
1774576800000,0.25580000,0.25620000,0.25500000,0.25510000,3594852.30000000
1774580400000,0.25520000,0.25530000,0.25400000,0.25440000,3096440.50000000
1774584000000,0.25450000,0.25450000,0.25260000,0.25420000,3681396.30000000
1774587600000,0.25410000,0.25570000,0.25330000,0.25360000,2385240.20000000
1774591200000,0.25370000,0.25430000,0.25320000,0.25390000,4113013.50000000
1774594800000,0.25390000,0.25530000,0.25370000,0.25470000,3836773.70000000
1774598400000,0.25480000,0.25540000,0.25020000,0.25230000,10385973.80000000
1774602000000,0.25220000,0.25220000,0.25000000,0.25090000,5593366.70000000
1774605600000,0.25090000,0.25150000,0.24540000,0.24610000,26925116.60000000
1774609200000,0.24620000,0.24810000,0.24420000,0.24740000,13248367.60000000
1774612800000,0.24730000,0.24730000,0.24590000,0.24700000,8356691.80000000
1774616400000,0.24700000,0.24870000,0.24600000,0.24740000,9040372.50000000
1774620000000,0.24730000,0.24870000,0.24600000,0.24780000,8579946.40000000
1774623600000,0.24780000,0.24980000,0.24680000,0.24770000,9380818.60000000
1774627200000,0.24770000,0.24810000,0.24650000,0.24730000,4300617.10000000
1774630800000,0.24730000,0.24870000,0.24640000,0.24670000,2824837.80000000
1774634400000,0.24670000,0.24690000,0.24520000,0.24630000,3853155.60000000
1774638000000,0.24620000,0.24720000,0.24540000,0.24660000,5455903.60000000
1774641600000,0.24660000,0.24720000,0.24500000,0.24620000,2861492.10000000
1774645200000,0.24620000,0.24670000,0.24580000,0.24600000,1809102.80000000
1774648800000,0.24590000,0.24620000,0.24500000,0.24580000,1911170.80000000
1774652400000,0.24590000,0.24650000,0.24530000,0.24610000,2432606.60000000
1774656000000,0.24610000,0.24720000,0.24590000,0.24660000,2859297.50000000
1774659600000,0.24660000,0.24660000,0.24460000,0.24600000,4232465.50000000
1774663200000,0.24600000,0.24730000,0.24490000,0.24520000,3035494.30000000
1774666800000,0.24520000,0.24550000,0.24460000,0.24480000,5655123.00000000
1774670400000,0.24480000,0.24540000,0.24400000,0.24520000,2633418.70000000
1774674000000,0.24520000,0.24600000,0.24460000,0.24600000,1546118.20000000
1774677600000,0.24590000,0.24740000,0.24560000,0.24650000,2649491.80000000
1774681200000,0.24660000,0.24850000,0.24620000,0.24840000,3477797.30000000
1774684800000,0.24850000,0.24900000,0.24790000,0.24810000,1952677.60000000
1774688400000,0.24800000,0.24830000,0.24720000,0.24740000,1472958.50000000
1774692000000,0.24740000,0.24930000,0.24740000,0.24860000,2641780.80000000
1774695600000,0.24850000,0.24910000,0.24820000,0.24850000,1839007.20000000
1774699200000,0.24850000,0.24900000,0.24670000,0.24770000,3667168.50000000
1774702800000,0.24760000,0.25240000,0.24750000,0.25040000,7823099.30000000
1774706400000,0.25040000,0.25120000,0.24880000,0.25010000,4587273.00000000
1774710000000,0.25010000,0.25300000,0.24990000,0.25130000,5346157.60000000
1774713600000,0.25140000,0.25180000,0.25040000,0.25090000,3682568.80000000
1774717200000,0.25080000,0.25160000,0.24960000,0.25020000,1566517.10000000
1774720800000,0.25020000,0.25110000,0.25010000,0.25040000,1484220.20000000
1774724400000,0.25030000,0.25060000,0.24930000,0.24980000,1452501.80000000
1774728000000,0.24990000,0.25070000,0.24980000,0.25010000,1050982.30000000
1774731600000,0.25020000,0.25020000,0.24840000,0.24870000,1466641.10000000
1774735200000,0.24860000,0.24900000,0.24820000,0.24860000,1472374.30000000
1774738800000,0.24860000,0.24860000,0.24500000,0.24600000,5673826.90000000
1774742400000,0.24590000,0.24630000,0.24500000,0.24600000,2767767.30000000
1774746000000,0.24590000,0.24710000,0.24540000,0.24620000,16076736.40000000
1774749600000,0.24620000,0.24650000,0.24580000,0.24620000,1688321.40000000
1774753200000,0.24630000,0.24740000,0.24580000,0.24670000,2265493.40000000
1774756800000,0.24670000,0.24670000,0.24480000,0.24550000,4936337.70000000
1774760400000,0.24550000,0.24570000,0.24280000,0.24550000,9337706.20000000
1774764000000,0.24550000,0.24630000,0.24480000,0.24600000,2334403.20000000
1774767600000,0.24590000,0.24590000,0.24460000,0.24510000,2392667.20000000
1774771200000,0.24520000,0.24540000,0.24460000,0.24490000,993209.40000000
1774774800000,0.24500000,0.24510000,0.24340000,0.24430000,2796877.40000000
1774778400000,0.24430000,0.24430000,0.24140000,0.24270000,8548847.50000000
1774782000000,0.24270000,0.24460000,0.24260000,0.24370000,3464894.00000000
1774785600000,0.24370000,0.24370000,0.24210000,0.24300000,2460049.00000000
1774789200000,0.24300000,0.24300000,0.24020000,0.24090000,8116972.10000000
1774792800000,0.24090000,0.24270000,0.24060000,0.24200000,3513331.10000000
1774796400000,0.24200000,0.24240000,0.24050000,0.24150000,2688773.40000000
1774800000000,0.24150000,0.24220000,0.24080000,0.24100000,2218168.50000000
1774803600000,0.24110000,0.24140000,0.24000000,0.24130000,4427412.80000000
1774807200000,0.24140000,0.24190000,0.24060000,0.24130000,2255327.50000000
1774810800000,0.24130000,0.24140000,0.23950000,0.24000000,6529589.40000000
1774814400000,0.23990000,0.24200000,0.23990000,0.24060000,4638706.40000000
1774818000000,0.24060000,0.24190000,0.24060000,0.24160000,1951301.00000000
1774821600000,0.24160000,0.24160000,0.23280000,0.23830000,21077223.50000000
1774825200000,0.23830000,0.24050000,0.23820000,0.23980000,7163768.10000000
1774828800000,0.23980000,0.24460000,0.23940000,0.24210000,7780404.10000000
1774832400000,0.24210000,0.24450000,0.24210000,0.24400000,3691165.60000000
1774836000000,0.24410000,0.24770000,0.24400000,0.24560000,7986750.70000000
1774839600000,0.24570000,0.24660000,0.24440000,0.24620000,3091255.20000000
1774843200000,0.24620000,0.24830000,0.24610000,0.24610000,5613333.80000000
1774846800000,0.24610000,0.24770000,0.24600000,0.24670000,6048957.40000000
1774850400000,0.24680000,0.24770000,0.24570000,0.24680000,3324745.70000000
1774854000000,0.24670000,0.24940000,0.24630000,0.24870000,3791113.10000000
1774857600000,0.24870000,0.25180000,0.24850000,0.25050000,10463424.90000000
1774861200000,0.25050000,0.25080000,0.24810000,0.24820000,4192460.70000000
1774864800000,0.24820000,0.24910000,0.24760000,0.24910000,2031387.30000000
1774868400000,0.24900000,0.25290000,0.24890000,0.25060000,9335800.50000000
1774872000000,0.25070000,0.25130000,0.24990000,0.25080000,3001887.40000000
1774875600000,0.25080000,0.25170000,0.24910000,0.24960000,5960549.30000000
1774879200000,0.24960000,0.25000000,0.24730000,0.24910000,5205710.80000000
1774882800000,0.24920000,0.24980000,0.24730000,0.24840000,2735953.60000000
1774886400000,0.24850000,0.24880000,0.24740000,0.24840000,2544187.00000000
1774890000000,0.24840000,0.24890000,0.24540000,0.24650000,6002134.60000000
1774893600000,0.24650000,0.24690000,0.24360000,0.24450000,3548645.30000000
1774897200000,0.24450000,0.24450000,0.24250000,0.24370000,6022873.50000000
1774900800000,0.24360000,0.24460000,0.24300000,0.24390000,2074224.50000000
1774904400000,0.24390000,0.24620000,0.24350000,0.24490000,3139399.00000000
1774908000000,0.24490000,0.24550000,0.24410000,0.24440000,1899125.10000000
1774911600000,0.24440000,0.24440000,0.24260000,0.24340000,2928139.20000000
1774915200000,0.24350000,0.24590000,0.24330000,0.24490000,3758941.90000000
1774918800000,0.24500000,0.24940000,0.24430000,0.24800000,5812657.60000000
1774922400000,0.24800000,0.24920000,0.24730000,0.24810000,2245318.60000000
1774926000000,0.24810000,0.24810000,0.24570000,0.24610000,2807410.70000000
1774929600000,0.24620000,0.24650000,0.24450000,0.24470000,3678532.60000000
1774933200000,0.24460000,0.24500000,0.24380000,0.24430000,3751447.90000000
1774936800000,0.24440000,0.24630000,0.24340000,0.24580000,8682119.60000000
1774940400000,0.24580000,0.24600000,0.24310000,0.24360000,4818232.30000000
1774944000000,0.24370000,0.24420000,0.24160000,0.24200000,6196395.00000000
1774947600000,0.24200000,0.24240000,0.23960000,0.24040000,6396549.30000000
1774951200000,0.24030000,0.24150000,0.23980000,0.24100000,4620890.30000000
1774954800000,0.24090000,0.24210000,0.24020000,0.24110000,6967185.70000000
1774958400000,0.24110000,0.24150000,0.24020000,0.24070000,3274855.40000000
1774962000000,0.24070000,0.24410000,0.24060000,0.24330000,5088309.90000000
1774965600000,0.24330000,0.24550000,0.23890000,0.23990000,8223636.30000000
1774969200000,0.23980000,0.24140000,0.23750000,0.23800000,6851115.80000000
1774972800000,0.23790000,0.24020000,0.23420000,0.23970000,18901533.70000000
1774976400000,0.23980000,0.24220000,0.23830000,0.23920000,10643532.50000000
1774980000000,0.23930000,0.24170000,0.23930000,0.24160000,5227932.50000000
1774983600000,0.24160000,0.24230000,0.24010000,0.24100000,4118570.70000000
1774987200000,0.24090000,0.24230000,0.24050000,0.24220000,5074201.50000000
1774990800000,0.24230000,0.24270000,0.24080000,0.24140000,4389093.00000000
1774994400000,0.24140000,0.24140000,0.23830000,0.24020000,5650013.70000000
1774998000000,0.24030000,0.24240000,0.23980000,0.24180000,5039166.60000000
1775001600000,0.24180000,0.24490000,0.24130000,0.24460000,7502022.50000000
1775005200000,0.24470000,0.24510000,0.24250000,0.24260000,3626431.70000000
1775008800000,0.24260000,0.24320000,0.24160000,0.24200000,2607953.40000000
1775012400000,0.24200000,0.24640000,0.24200000,0.24560000,4413038.10000000
1775016000000,0.24560000,0.24610000,0.24390000,0.24470000,5140453.40000000
1775019600000,0.24470000,0.24990000,0.24420000,0.24900000,9989401.10000000
1775023200000,0.24910000,0.25480000,0.24900000,0.25200000,22487321.10000000
1775026800000,0.25200000,0.25280000,0.24980000,0.24980000,6798785.20000000
1775030400000,0.24990000,0.25010000,0.24670000,0.24680000,9839382.00000000
1775034000000,0.24680000,0.24860000,0.24580000,0.24780000,11065094.70000000
1775037600000,0.24780000,0.24920000,0.24730000,0.24900000,4365007.50000000
1775041200000,0.24890000,0.24900000,0.24740000,0.24820000,3098306.80000000
1775044800000,0.24830000,0.25120000,0.24770000,0.24830000,13504019.50000000
1775048400000,0.24820000,0.24920000,0.24540000,0.24700000,6148535.70000000
1775052000000,0.24700000,0.24940000,0.24690000,0.24870000,4697848.60000000
1775055600000,0.24870000,0.24940000,0.24780000,0.24910000,4109266.60000000
1775059200000,0.24930000,0.25080000,0.24810000,0.24990000,4467291.20000000
1775062800000,0.24990000,0.25230000,0.24890000,0.24930000,5094149.10000000
1775066400000,0.24940000,0.25060000,0.24820000,0.24870000,2907577.20000000
1775070000000,0.24870000,0.25010000,0.24850000,0.24950000,3091517.80000000
1775073600000,0.24950000,0.24980000,0.24730000,0.24840000,2613741.00000000
1775077200000,0.24840000,0.25060000,0.24830000,0.24980000,2569099.50000000
1775080800000,0.24970000,0.24970000,0.24730000,0.24740000,2915210.20000000
1775084400000,0.24740000,0.24850000,0.24720000,0.24840000,3518701.10000000
1775088000000,0.24840000,0.25070000,0.24710000,0.25020000,14442229.10000000
1775091600000,0.25010000,0.25010000,0.24120000,0.24310000,30414959.50000000
1775095200000,0.24300000,0.24310000,0.23940000,0.24060000,13634366.30000000
1775098800000,0.24050000,0.24160000,0.23780000,0.23910000,9364468.40000000
1775102400000,0.23910000,0.23930000,0.23690000,0.23720000,9197528.90000000
1775106000000,0.23720000,0.23820000,0.23570000,0.23800000,8962199.10000000
1775109600000,0.23790000,0.23890000,0.23730000,0.23820000,8937979.30000000
1775113200000,0.23810000,0.23910000,0.23660000,0.23900000,10020299.30000000
1775116800000,0.23890000,0.23940000,0.23800000,0.23820000,9021079.80000000
1775120400000,0.23820000,0.23900000,0.23710000,0.23830000,5953400.30000000
1775124000000,0.23840000,0.23850000,0.23690000,0.23760000,4319030.20000000
1775127600000,0.23760000,0.23780000,0.23610000,0.23690000,4865371.30000000
1775131200000,0.23690000,0.23740000,0.23600000,0.23620000,4256705.70000000
1775134800000,0.23620000,0.23710000,0.23480000,0.23690000,6398804.10000000
1775138400000,0.23680000,0.24340000,0.23640000,0.24210000,13674854.60000000
1775142000000,0.24210000,0.24220000,0.23900000,0.23970000,7048481.80000000
1775145600000,0.23970000,0.24210000,0.23890000,0.24080000,11519482.70000000
1775149200000,0.24070000,0.24270000,0.23800000,0.23830000,7124183.30000000
1775152800000,0.23830000,0.24070000,0.23810000,0.24010000,3583153.50000000
1775156400000,0.24000000,0.24040000,0.23890000,0.23970000,1694646.10000000
1775160000000,0.23970000,0.24090000,0.23910000,0.24020000,5452194.80000000
1775163600000,0.24030000,0.24040000,0.23900000,0.23980000,1682183.60000000
1775167200000,0.23990000,0.24030000,0.23930000,0.23950000,1032320.70000000
1775170800000,0.23960000,0.23980000,0.23870000,0.23940000,2933337.80000000
1775174400000,0.23940000,0.24000000,0.23900000,0.23960000,1505539.90000000
1775178000000,0.23950000,0.24050000,0.23880000,0.23970000,1970771.90000000
1775181600000,0.23980000,0.24110000,0.23890000,0.24020000,2673337.40000000
1775185200000,0.24020000,0.24150000,0.23980000,0.24130000,2563809.60000000
1775188800000,0.24130000,0.24340000,0.24110000,0.24280000,3486702.00000000
1775192400000,0.24270000,0.24510000,0.24170000,0.24410000,3879508.80000000
1775196000000,0.24420000,0.24510000,0.24310000,0.24420000,3694964.20000000
1775199600000,0.24420000,0.24520000,0.24330000,0.24350000,3657769.70000000
1775203200000,0.24360000,0.24510000,0.24270000,0.24420000,8081001.60000000
1775206800000,0.24410000,0.24540000,0.24360000,0.24490000,2723423.60000000
1775210400000,0.24490000,0.24590000,0.24410000,0.24500000,3465860.80000000
1775214000000,0.24510000,0.24660000,0.24470000,0.24560000,4165069.80000000
1775217600000,0.24560000,0.24880000,0.24470000,0.24550000,6707578.30000000
1775221200000,0.24560000,0.24610000,0.24480000,0.24590000,3416447.10000000
1775224800000,0.24580000,0.24820000,0.24530000,0.24770000,6614978.40000000
1775228400000,0.24760000,0.25140000,0.24600000,0.24610000,19213982.50000000
1775232000000,0.24610000,0.24850000,0.24580000,0.24840000,7195254.90000000
1775235600000,0.24840000,0.25060000,0.24780000,0.24900000,6141057.50000000
1775239200000,0.24900000,0.24960000,0.24750000,0.24750000,3107089.80000000
1775242800000,0.24750000,0.24800000,0.24590000,0.24760000,3967214.40000000
1775246400000,0.24750000,0.24850000,0.24710000,0.24740000,1613105.40000000
1775250000000,0.24740000,0.24870000,0.24720000,0.24830000,2232887.00000000
1775253600000,0.24830000,0.24840000,0.24620000,0.24640000,2601677.40000000
1775257200000,0.24640000,0.24640000,0.24510000,0.24630000,2307685.10000000
1775260800000,0.24630000,0.24680000,0.24530000,0.24530000,2062184.40000000
1775264400000,0.24520000,0.24530000,0.24450000,0.24500000,1400862.30000000
1775268000000,0.24490000,0.24550000,0.24460000,0.24530000,1314575.20000000
1775271600000,0.24530000,0.24700000,0.24470000,0.24680000,2636219.90000000
1775275200000,0.24680000,0.24740000,0.24520000,0.24570000,5859018.60000000
1775278800000,0.24570000,0.24590000,0.24430000,0.24440000,1674208.70000000
1775282400000,0.24440000,0.24640000,0.24400000,0.24630000,1741229.90000000
1775286000000,0.24630000,0.24630000,0.24500000,0.24530000,1763703.10000000
1775289600000,0.24540000,0.24590000,0.24320000,0.24390000,1996213.40000000
1775293200000,0.24400000,0.24430000,0.24340000,0.24370000,1526783.30000000
1775296800000,0.24360000,0.24480000,0.24320000,0.24480000,1860649.40000000
1775300400000,0.24480000,0.24520000,0.24430000,0.24500000,1136730.70000000
1775304000000,0.24500000,0.24500000,0.24400000,0.24430000,683320.10000000
1775307600000,0.24430000,0.24460000,0.24370000,0.24400000,1372324.00000000
1775311200000,0.24410000,0.24520000,0.24350000,0.24510000,969832.80000000
1775314800000,0.24510000,0.24680000,0.24490000,0.24520000,3364794.00000000
1775318400000,0.24520000,0.24680000,0.24500000,0.24530000,1769480.40000000
1775322000000,0.24530000,0.24790000,0.24520000,0.24750000,1647556.00000000
1775325600000,0.24750000,0.24800000,0.24680000,0.24690000,1895595.10000000
1775329200000,0.24700000,0.25000000,0.24690000,0.24790000,5185276.70000000
1775332800000,0.24790000,0.24850000,0.24740000,0.24740000,1575645.60000000
1775336400000,0.24740000,0.24850000,0.24690000,0.24740000,1585714.90000000
1775340000000,0.24750000,0.24830000,0.24640000,0.24810000,3187594.30000000
1775343600000,0.24800000,0.24830000,0.24750000,0.24790000,2084662.80000000
1775347200000,0.24790000,0.24870000,0.24760000,0.24820000,1016837.70000000
1775350800000,0.24820000,0.24840000,0.24660000,0.24710000,4478981.50000000
1775354400000,0.24710000,0.24820000,0.24660000,0.24710000,1578254.20000000
1775358000000,0.24710000,0.24740000,0.24660000,0.24670000,917389.60000000
1775361600000,0.24660000,0.24690000,0.24590000,0.24590000,1331292.50000000
1775365200000,0.24590000,0.24600000,0.24380000,0.24400000,2265048.20000000
1775368800000,0.24410000,0.24430000,0.24210000,0.24300000,3567748.90000000
1775372400000,0.24310000,0.24340000,0.24150000,0.24210000,2075374.30000000
1775376000000,0.24200000,0.24270000,0.24180000,0.24230000,615405.30000000
1775379600000,0.24240000,0.24290000,0.24190000,0.24240000,1678863.90000000
1775383200000,0.24230000,0.24320000,0.24060000,0.24060000,3411228.90000000
1775386800000,0.24060000,0.24260000,0.24000000,0.24260000,3769224.50000000
1775390400000,0.24250000,0.24250000,0.24030000,0.24130000,3118675.50000000
1775394000000,0.24120000,0.24210000,0.24070000,0.24190000,1824040.60000000
1775397600000,0.24190000,0.24270000,0.24150000,0.24210000,1551625.80000000
1775401200000,0.24210000,0.24580000,0.24120000,0.24360000,5910728.80000000
1775404800000,0.24350000,0.24390000,0.24300000,0.24310000,2133872.10000000
1775408400000,0.24310000,0.24410000,0.24260000,0.24400000,1071536.30000000
1775412000000,0.24400000,0.24400000,0.24280000,0.24370000,1505945.60000000
1775415600000,0.24370000,0.24430000,0.24280000,0.24370000,1162700.70000000
1775419200000,0.24370000,0.24480000,0.24320000,0.24390000,1925984.70000000
1775422800000,0.24400000,0.24520000,0.24210000,0.24480000,2706994.00000000
1775426400000,0.24470000,0.24710000,0.24280000,0.24640000,6899258.80000000
1775430000000,0.24650000,0.25100000,0.24560000,0.25080000,11991765.00000000
1775433600000,0.25090000,0.25680000,0.25090000,0.25420000,20053328.40000000
1775437200000,0.25430000,0.25520000,0.25280000,0.25460000,8997986.20000000
1775440800000,0.25460000,0.25940000,0.25420000,0.25710000,14032004.60000000
1775444400000,0.25700000,0.25810000,0.25630000,0.25690000,8009249.40000000
1775448000000,0.25700000,0.25870000,0.25670000,0.25710000,5994909.50000000
1775451600000,0.25710000,0.25810000,0.25660000,0.25700000,6492983.50000000
1775455200000,0.25710000,0.25850000,0.25590000,0.25630000,9430471.40000000
1775458800000,0.25630000,0.25660000,0.25430000,0.25520000,6768224.10000000
1775462400000,0.25530000,0.25680000,0.25500000,0.25500000,3792115.30000000
1775466000000,0.25490000,0.25910000,0.25490000,0.25740000,6648540.20000000
1775469600000,0.25740000,0.26010000,0.25650000,0.25680000,11886389.00000000
1775473200000,0.25670000,0.25690000,0.25550000,0.25560000,2450621.60000000
1775476800000,0.25570000,0.25630000,0.25460000,0.25490000,3447726.20000000
1775480400000,0.25480000,0.25600000,0.25450000,0.25510000,2537204.90000000
1775484000000,0.25510000,0.25700000,0.25370000,0.25490000,5678770.30000000
1775487600000,0.25480000,0.25540000,0.25390000,0.25430000,3767152.70000000
1775491200000,0.25440000,0.25450000,0.25230000,0.25280000,5883813.00000000
1775494800000,0.25280000,0.25280000,0.25120000,0.25220000,3877885.90000000
1775498400000,0.25230000,0.25380000,0.25210000,0.25310000,1991270.10000000
1775502000000,0.25310000,0.25310000,0.25150000,0.25210000,1703666.80000000
1775505600000,0.25220000,0.25290000,0.25190000,0.25240000,1266799.80000000
1775509200000,0.25240000,0.25240000,0.25060000,0.25080000,1714197.20000000
1775512800000,0.25080000,0.25130000,0.24730000,0.24740000,3967976.40000000
1775516400000,0.24740000,0.24740000,0.24480000,0.24610000,7435788.80000000
1775520000000,0.24600000,0.24650000,0.24460000,0.24580000,5459408.80000000
1775523600000,0.24580000,0.24620000,0.24380000,0.24430000,3965446.90000000
1775527200000,0.24430000,0.24600000,0.24350000,0.24470000,4364784.40000000
1775530800000,0.24480000,0.24540000,0.24470000,0.24520000,2392385.30000000
1775534400000,0.24510000,0.24600000,0.24460000,0.24550000,2039935.30000000
1775538000000,0.24560000,0.24560000,0.24340000,0.24390000,3289557.50000000
1775541600000,0.24400000,0.24400000,0.24240000,0.24370000,3697461.00000000
1775545200000,0.24370000,0.24410000,0.24320000,0.24340000,3379362.10000000
1775548800000,0.24340000,0.24470000,0.24310000,0.24430000,5595489.30000000
1775552400000,0.24430000,0.24570000,0.24400000,0.24470000,4952122.00000000
1775556000000,0.24470000,0.24500000,0.24180000,0.24220000,8306130.10000000
1775559600000,0.24220000,0.24290000,0.24130000,0.24230000,4602292.60000000
1775563200000,0.24230000,0.24340000,0.24000000,0.24250000,8914815.70000000
1775566800000,0.24250000,0.24360000,0.24200000,0.24210000,4332572.60000000
1775570400000,0.24220000,0.24240000,0.24080000,0.24140000,5958087.60000000
1775574000000,0.24140000,0.24330000,0.24100000,0.24230000,5257204.80000000
1775577600000,0.24230000,0.24340000,0.24190000,0.24210000,2965571.70000000
1775581200000,0.24220000,0.24460000,0.24170000,0.24360000,2436736.80000000
1775584800000,0.24360000,0.24400000,0.24240000,0.24300000,2191772.40000000
1775588400000,0.24290000,0.24700000,0.24260000,0.24660000,5270203.90000000
1775592000000,0.24680000,0.24810000,0.24580000,0.24600000,8131212.10000000
1775595600000,0.24610000,0.25400000,0.24610000,0.25350000,13004692.20000000
1775599200000,0.25350000,0.26270000,0.25310000,0.26270000,34208336.80000000
1775602800000,0.26270000,0.26640000,0.26270000,0.26270000,24623713.00000000
1775606400000,0.26270000,0.26440000,0.25950000,0.26030000,14598166.90000000
1775610000000,0.26030000,0.26250000,0.25980000,0.26190000,7646222.40000000
1775613600000,0.26190000,0.26440000,0.26070000,0.26120000,9378576.40000000
1775617200000,0.26110000,0.26180000,0.26030000,0.26070000,5634869.10000000
1775620800000,0.26060000,0.26320000,0.26060000,0.26230000,6090915.90000000
1775624400000,0.26230000,0.26340000,0.26170000,0.26240000,3992587.70000000
1775628000000,0.26240000,0.26370000,0.26140000,0.26160000,3430380.00000000
1775631600000,0.26160000,0.26200000,0.26020000,0.26120000,3424939.00000000
1775635200000,0.26110000,0.26150000,0.25990000,0.26070000,5145993.30000000
1775638800000,0.26080000,0.26120000,0.25880000,0.25910000,4227091.80000000
1775642400000,0.25900000,0.26000000,0.25860000,0.25890000,2629282.10000000
1775646000000,0.25880000,0.25900000,0.25590000,0.25770000,6496144.80000000
1775649600000,0.25770000,0.25800000,0.25630000,0.25770000,4508426.00000000
1775653200000,0.25770000,0.25970000,0.25720000,0.25770000,8344105.10000000
1775656800000,0.25760000,0.25780000,0.25190000,0.25250000,12006839.40000000
1775660400000,0.25250000,0.25490000,0.25220000,0.25420000,5707588.10000000
1775664000000,0.25410000,0.25470000,0.25340000,0.25440000,4320224.90000000
1775667600000,0.25430000,0.25630000,0.25390000,0.25570000,4339667.90000000
1775671200000,0.25580000,0.25590000,0.25270000,0.25290000,3148288.60000000
1775674800000,0.25290000,0.25350000,0.25200000,0.25300000,4367731.80000000
1775678400000,0.25300000,0.25370000,0.25150000,0.25250000,2772726.30000000
1775682000000,0.25260000,0.25460000,0.25220000,0.25430000,2700059.30000000
1775685600000,0.25430000,0.25430000,0.25160000,0.25190000,3039997.10000000
1775689200000,0.25180000,0.25190000,0.24980000,0.25080000,7100562.30000000
1775692800000,0.25070000,0.25080000,0.24890000,0.24990000,3121015.70000000
1775696400000,0.24980000,0.25000000,0.24770000,0.24950000,5396719.80000000
1775700000000,0.24950000,0.25040000,0.24900000,0.24960000,1805723.10000000
1775703600000,0.24960000,0.24970000,0.24880000,0.24910000,1604905.60000000
1775707200000,0.24910000,0.24940000,0.24850000,0.24870000,1704185.50000000
1775710800000,0.24880000,0.25010000,0.24850000,0.24950000,2758292.30000000
1775714400000,0.24950000,0.25040000,0.24940000,0.25030000,2053421.70000000
1775718000000,0.25030000,0.25170000,0.25030000,0.25060000,4561111.40000000
1775721600000,0.25060000,0.25130000,0.24960000,0.25040000,4639088.90000000
1775725200000,0.25030000,0.25230000,0.24930000,0.25170000,3492530.90000000
1775728800000,0.25160000,0.25200000,0.25070000,0.25090000,2535178.30000000
1775732400000,0.25090000,0.25130000,0.25030000,0.25070000,2715046.70000000
1775736000000,0.25060000,0.25150000,0.24990000,0.25100000,1989913.50000000
1775739600000,0.25110000,0.25150000,0.24970000,0.25050000,3018180.40000000
1775743200000,0.25050000,0.25130000,0.24880000,0.25040000,3071532.80000000
1775746800000,0.25040000,0.25570000,0.24950000,0.25460000,11766642.60000000
1775750400000,0.25470000,0.25640000,0.25290000,0.25500000,5847221.10000000
1775754000000,0.25500000,0.25690000,0.25470000,0.25630000,4274692.90000000
1775757600000,0.25630000,0.25650000,0.25380000,0.25440000,2868692.80000000
1775761200000,0.25430000,0.25620000,0.25400000,0.25570000,3013996.10000000
1775764800000,0.25570000,0.25720000,0.25550000,0.25660000,2938569.90000000
1775768400000,0.25660000,0.25790000,0.25590000,0.25630000,3969645.80000000
1775772000000,0.25620000,0.26110000,0.25590000,0.25600000,6347999.50000000
1775775600000,0.25610000,0.25610000,0.25340000,0.25410000,3887609.10000000
1775779200000,0.25410000,0.25440000,0.25250000,0.25320000,4021038.60000000
1775782800000,0.25310000,0.25500000,0.25130000,0.25290000,5629558.80000000
1775786400000,0.25280000,0.25350000,0.25180000,0.25220000,2802053.10000000
1775790000000,0.25220000,0.25280000,0.25140000,0.25170000,1775689.30000000
1775793600000,0.25170000,0.25350000,0.25150000,0.25280000,2739287.00000000
1775797200000,0.25280000,0.25400000,0.25210000,0.25250000,2411114.10000000
1775800800000,0.25260000,0.25340000,0.25060000,0.25120000,4723873.90000000
1775804400000,0.25120000,0.25130000,0.24980000,0.25070000,3441595.00000000
1775808000000,0.25070000,0.25110000,0.24980000,0.25020000,3809351.10000000
1775811600000,0.25020000,0.25200000,0.25010000,0.25120000,3569636.10000000
1775815200000,0.25120000,0.25120000,0.24980000,0.25020000,3668374.00000000
1775818800000,0.25010000,0.25190000,0.25000000,0.25130000,4344958.50000000
1775822400000,0.25130000,0.25330000,0.25090000,0.25250000,6615849.00000000
1775826000000,0.25260000,0.25330000,0.25070000,0.25230000,4046179.30000000
1775829600000,0.25230000,0.25570000,0.25160000,0.25530000,8513790.50000000
1775833200000,0.25530000,0.25660000,0.25330000,0.25400000,6371726.40000000
1775836800000,0.25400000,0.25610000,0.25400000,0.25510000,3817638.60000000
1775840400000,0.25510000,0.25520000,0.25360000,0.25470000,3613010.00000000
1775844000000,0.25470000,0.25600000,0.25430000,0.25600000,4289905.30000000
1775847600000,0.25600000,0.25840000,0.25600000,0.25810000,7844172.90000000
1775851200000,0.25800000,0.25890000,0.25630000,0.25730000,6505059.20000000
1775854800000,0.25720000,0.25740000,0.25490000,0.25580000,3677615.00000000
1775858400000,0.25580000,0.25630000,0.25410000,0.25450000,2665492.40000000
1775862000000,0.25450000,0.25480000,0.25380000,0.25420000,2135338.30000000
1775865600000,0.25420000,0.25430000,0.25340000,0.25350000,2799440.40000000
1775869200000,0.25350000,0.25400000,0.25240000,0.25340000,3299247.50000000
1775872800000,0.25350000,0.25400000,0.25290000,0.25320000,2264093.90000000
1775876400000,0.25320000,0.25530000,0.25280000,0.25320000,6396101.00000000
1775880000000,0.25310000,0.25430000,0.25260000,0.25280000,2411101.20000000
1775883600000,0.25280000,0.25290000,0.25060000,0.25060000,5344700.10000000
1775887200000,0.25060000,0.25100000,0.24960000,0.25060000,5264753.90000000
1775890800000,0.25060000,0.25080000,0.25030000,0.25060000,2824454.00000000
1775894400000,0.25060000,0.25080000,0.25000000,0.25020000,3661537.10000000
1775898000000,0.25020000,0.25080000,0.24920000,0.25040000,8801495.40000000
1775901600000,0.25040000,0.25070000,0.24960000,0.24970000,2499235.80000000
1775905200000,0.24970000,0.25000000,0.24930000,0.24970000,4412788.60000000
1775908800000,0.24980000,0.25040000,0.24960000,0.25010000,3215427.10000000
1775912400000,0.25010000,0.25020000,0.24810000,0.24880000,9408898.80000000
1775916000000,0.24880000,0.24940000,0.24640000,0.24740000,9631778.80000000
1775919600000,0.24740000,0.24870000,0.24720000,0.24820000,4954587.00000000
1775923200000,0.24830000,0.25080000,0.24800000,0.25020000,6906356.50000000
1775926800000,0.25020000,0.25050000,0.24840000,0.24910000,5281437.90000000
1775930400000,0.24920000,0.25360000,0.24830000,0.25250000,10925991.30000000
1775934000000,0.25260000,0.25540000,0.25230000,0.25440000,8355042.30000000
1775937600000,0.25450000,0.25510000,0.25100000,0.25220000,10548561.00000000
1775941200000,0.25220000,0.25320000,0.25130000,0.25210000,4242687.80000000
1775944800000,0.25210000,0.25370000,0.25050000,0.25090000,6328750.40000000
1775948400000,0.25090000,0.25100000,0.24860000,0.24950000,4282566.10000000
1775952000000,0.24950000,0.25020000,0.24850000,0.25000000,3044246.20000000
1775955600000,0.25000000,0.25060000,0.24230000,0.24410000,21973734.40000000
1775959200000,0.24400000,0.24500000,0.24280000,0.24450000,7996216.60000000
1775962800000,0.24450000,0.24480000,0.24360000,0.24380000,3237111.30000000
1775966400000,0.24380000,0.24400000,0.24310000,0.24350000,4196324.70000000
1775970000000,0.24360000,0.24370000,0.24210000,0.24320000,7582384.70000000
1775973600000,0.24320000,0.24350000,0.24170000,0.24200000,6507612.80000000
1775977200000,0.24210000,0.24240000,0.24130000,0.24150000,9671370.90000000
1775980800000,0.24150000,0.24150000,0.24020000,0.24080000,12089530.00000000
1775984400000,0.24090000,0.24090000,0.23850000,0.24000000,16457665.10000000
1775988000000,0.24000000,0.24060000,0.23920000,0.23980000,6935676.50000000
1775991600000,0.23980000,0.24090000,0.23920000,0.24060000,4121439.40000000
1775995200000,0.24060000,0.24110000,0.23920000,0.23960000,6648839.90000000
1775998800000,0.23950000,0.24020000,0.23760000,0.23800000,11045331.70000000
1776002400000,0.23790000,0.23920000,0.23780000,0.23850000,8304213.20000000
1776006000000,0.23850000,0.23890000,0.23730000,0.23840000,8137064.30000000
1776009600000,0.23830000,0.23880000,0.23770000,0.23870000,4357024.60000000
1776013200000,0.23870000,0.23990000,0.23820000,0.23960000,6120895.30000000
1776016800000,0.23970000,0.24000000,0.23830000,0.23850000,3544991.30000000
1776020400000,0.23840000,0.23920000,0.23770000,0.23810000,4446502.80000000
1776024000000,0.23810000,0.23980000,0.23760000,0.23920000,5333886.20000000
1776027600000,0.23910000,0.23990000,0.23870000,0.23970000,3278417.20000000
1776031200000,0.23960000,0.23960000,0.23650000,0.23790000,8480101.60000000
1776034800000,0.23780000,0.23780000,0.23540000,0.23610000,8266729.10000000
1776038400000,0.23620000,0.23860000,0.23580000,0.23810000,5561799.70000000
1776042000000,0.23820000,0.23870000,0.23780000,0.23860000,2757657.50000000
1776045600000,0.23850000,0.23870000,0.23680000,0.23680000,6121751.50000000
1776049200000,0.23690000,0.23840000,0.23660000,0.23820000,3774785.50000000
1776052800000,0.23820000,0.23910000,0.23720000,0.23770000,3148595.80000000
1776056400000,0.23780000,0.23820000,0.23720000,0.23810000,3393191.70000000
1776060000000,0.23810000,0.23980000,0.23800000,0.23920000,5363630.40000000
1776063600000,0.23920000,0.23930000,0.23750000,0.23810000,3212582.90000000
1776067200000,0.23810000,0.23850000,0.23740000,0.23820000,3024761.20000000
1776070800000,0.23830000,0.23950000,0.23820000,0.23850000,3737139.40000000
1776074400000,0.23850000,0.23870000,0.23760000,0.23770000,1623223.40000000
1776078000000,0.23780000,0.23870000,0.23780000,0.23820000,2680933.10000000
1776081600000,0.23820000,0.24200000,0.23780000,0.24120000,7933150.40000000
1776085200000,0.24110000,0.24270000,0.23910000,0.24260000,9504111.80000000
1776088800000,0.24260000,0.24330000,0.24070000,0.24310000,11298666.00000000
1776092400000,0.24300000,0.24310000,0.23900000,0.23940000,8139565.50000000
1776096000000,0.23930000,0.24070000,0.23810000,0.23950000,6729190.20000000
1776099600000,0.23960000,0.24090000,0.23820000,0.23830000,5068004.40000000
1776103200000,0.23820000,0.23910000,0.23740000,0.23910000,6097083.00000000
1776106800000,0.23900000,0.24190000,0.23860000,0.24140000,10445342.20000000
1776110400000,0.24140000,0.24180000,0.23890000,0.23960000,5602671.80000000
1776114000000,0.23960000,0.24080000,0.23890000,0.24030000,4832455.40000000
1776117600000,0.24020000,0.24850000,0.24010000,0.24740000,19367018.20000000
1776121200000,0.24730000,0.24900000,0.24610000,0.24860000,12845417.70000000
1776124800000,0.24870000,0.24900000,0.24480000,0.24500000,11130932.40000000
1776128400000,0.24500000,0.24600000,0.24360000,0.24540000,5835540.90000000
1776132000000,0.24530000,0.24620000,0.24430000,0.24450000,4198685.70000000
1776135600000,0.24450000,0.24570000,0.24420000,0.24470000,3453085.40000000
1776139200000,0.24470000,0.24570000,0.24400000,0.24420000,3805285.70000000
1776142800000,0.24420000,0.24430000,0.24120000,0.24190000,8058036.10000000
1776146400000,0.24190000,0.24380000,0.24130000,0.24370000,3814155.50000000
1776150000000,0.24360000,0.24570000,0.24290000,0.24340000,4576790.30000000
1776153600000,0.24350000,0.24510000,0.24230000,0.24450000,8605720.10000000
1776157200000,0.24450000,0.24500000,0.24320000,0.24450000,4624152.50000000
1776160800000,0.24450000,0.24500000,0.24350000,0.24350000,3569287.10000000
1776164400000,0.24350000,0.24460000,0.24290000,0.24330000,3332424.70000000
1776168000000,0.24340000,0.24420000,0.24280000,0.24360000,2853412.60000000
1776171600000,0.24350000,0.24840000,0.24310000,0.24840000,11762780.80000000
1776175200000,0.24840000,0.24960000,0.24520000,0.24530000,16971937.90000000
1776178800000,0.24540000,0.24620000,0.24330000,0.24440000,7440111.40000000
1776182400000,0.24440000,0.24620000,0.24330000,0.24400000,5989801.90000000
1776186000000,0.24400000,0.24550000,0.24240000,0.24400000,4076113.40000000
1776189600000,0.24410000,0.24480000,0.23970000,0.24050000,9281909.80000000
1776193200000,0.24050000,0.24140000,0.23880000,0.24040000,5089538.30000000
1776196800000,0.24040000,0.24100000,0.23990000,0.24040000,2352670.30000000
1776200400000,0.24040000,0.24170000,0.24020000,0.24080000,3014133.40000000
1776204000000,0.24070000,0.24130000,0.23920000,0.23970000,5445309.10000000
1776207600000,0.23970000,0.24010000,0.23860000,0.23960000,7052671.00000000
1776211200000,0.23960000,0.24080000,0.23940000,0.24050000,4450842.30000000
1776214800000,0.24040000,0.24110000,0.24000000,0.24070000,3480585.10000000
1776218400000,0.24080000,0.24130000,0.23890000,0.23970000,3659366.20000000
1776222000000,0.23970000,0.24010000,0.23900000,0.23960000,2393905.80000000
1776225600000,0.23970000,0.24100000,0.23950000,0.24090000,4701950.40000000
1776229200000,0.24080000,0.24190000,0.23930000,0.23990000,4616374.70000000
1776232800000,0.23990000,0.24000000,0.23820000,0.23870000,5151171.80000000
1776236400000,0.23880000,0.23970000,0.23810000,0.23830000,5739135.50000000
1776240000000,0.23830000,0.24060000,0.23820000,0.24010000,3737414.00000000
1776243600000,0.24010000,0.24030000,0.23950000,0.23990000,1277801.50000000
1776247200000,0.23980000,0.24100000,0.23880000,0.23980000,4219561.50000000
1776250800000,0.23980000,0.24260000,0.23980000,0.24160000,4225140.00000000
1776254400000,0.24160000,0.24250000,0.24100000,0.24200000,2766279.80000000
1776258000000,0.24200000,0.24280000,0.24040000,0.24110000,5245954.30000000
1776261600000,0.24100000,0.24370000,0.23990000,0.24340000,5375769.00000000
1776265200000,0.24350000,0.24390000,0.24140000,0.24270000,5526267.90000000
1776268800000,0.24260000,0.24610000,0.24230000,0.24520000,9801178.50000000
1776272400000,0.24520000,0.24670000,0.24450000,0.24540000,8207104.90000000
1776276000000,0.24550000,0.24650000,0.24490000,0.24630000,4351942.30000000
1776279600000,0.24620000,0.25050000,0.24610000,0.24900000,14092781.60000000
1776283200000,0.24890000,0.24920000,0.24720000,0.24770000,5191783.40000000
1776286800000,0.24760000,0.24860000,0.24650000,0.24810000,4156048.30000000
1776290400000,0.24820000,0.24990000,0.24720000,0.24730000,7505541.10000000
1776294000000,0.24720000,0.24730000,0.24490000,0.24600000,8525312.30000000
1776297600000,0.24610000,0.24670000,0.24460000,0.24550000,4875010.50000000
1776301200000,0.24550000,0.24600000,0.24380000,0.24560000,2178585.80000000
1776304800000,0.24560000,0.24940000,0.24560000,0.24840000,9002389.80000000
1776308400000,0.24840000,0.25000000,0.24790000,0.24920000,7601363.20000000
1776312000000,0.24920000,0.25130000,0.24880000,0.25000000,11312726.60000000
1776315600000,0.25000000,0.25040000,0.24900000,0.24990000,6105753.90000000
1776319200000,0.24990000,0.25080000,0.24850000,0.25050000,5977774.80000000
1776322800000,0.25050000,0.25180000,0.24930000,0.25010000,9714512.30000000
1776326400000,0.25010000,0.25060000,0.24830000,0.24860000,8365050.70000000
1776330000000,0.24850000,0.25060000,0.24810000,0.24870000,5405333.60000000
1776333600000,0.24870000,0.24900000,0.24710000,0.24800000,6523101.10000000
1776337200000,0.24800000,0.24890000,0.24690000,0.24840000,4656504.70000000
1776340800000,0.24840000,0.25080000,0.24820000,0.25040000,5397615.30000000
1776344400000,0.25040000,0.25450000,0.24710000,0.24930000,21308833.00000000
1776348000000,0.24930000,0.24960000,0.24540000,0.24790000,14181586.70000000
1776351600000,0.24790000,0.25370000,0.24770000,0.25330000,11112956.40000000
1776355200000,0.25330000,0.25540000,0.25060000,0.25170000,13810585.10000000
1776358800000,0.25170000,0.25360000,0.25080000,0.25320000,7108119.10000000
1776362400000,0.25320000,0.26020000,0.25310000,0.25890000,23355048.40000000
1776366000000,0.25900000,0.26080000,0.25800000,0.26040000,14668762.80000000
1776369600000,0.26030000,0.26150000,0.25670000,0.25780000,9362335.10000000
1776373200000,0.25790000,0.25960000,0.25690000,0.25840000,8150456.00000000
1776376800000,0.25850000,0.25980000,0.25800000,0.25840000,6698411.90000000
1776380400000,0.25850000,0.26030000,0.25800000,0.25910000,5593296.40000000
1776384000000,0.25910000,0.25990000,0.25780000,0.25820000,6334593.10000000
1776387600000,0.25810000,0.25910000,0.25520000,0.25610000,8853516.70000000
1776391200000,0.25610000,0.25650000,0.25400000,0.25510000,5447825.60000000
1776394800000,0.25510000,0.25590000,0.25430000,0.25500000,3760570.50000000
1776398400000,0.25500000,0.25530000,0.25400000,0.25400000,4616554.70000000
1776402000000,0.25410000,0.25420000,0.25210000,0.25220000,4744534.40000000
1776405600000,0.25230000,0.25510000,0.25200000,0.25490000,4388652.40000000
1776409200000,0.25490000,0.25650000,0.25490000,0.25610000,5818891.90000000
1776412800000,0.25620000,0.25830000,0.25590000,0.25730000,11142434.60000000
1776416400000,0.25740000,0.25990000,0.25600000,0.25830000,9361113.50000000
1776420000000,0.25830000,0.25860000,0.25430000,0.25510000,8657156.50000000
1776423600000,0.25510000,0.25830000,0.25500000,0.25750000,6459148.00000000
1776427200000,0.25760000,0.26100000,0.25680000,0.26050000,9037653.50000000
1776430800000,0.26050000,0.26570000,0.25960000,0.26530000,34472100.90000000
1776434400000,0.26520000,0.26800000,0.26440000,0.26620000,18822363.20000000
1776438000000,0.26630000,0.26630000,0.26240000,0.26350000,12888937.60000000
1776441600000,0.26360000,0.26610000,0.26350000,0.26600000,10300066.50000000
1776445200000,0.26610000,0.26630000,0.26170000,0.26360000,11476185.30000000
1776448800000,0.26370000,0.26400000,0.26080000,0.26120000,5483497.50000000
1776452400000,0.26130000,0.26260000,0.26040000,0.26110000,3392002.40000000
1776456000000,0.26120000,0.26160000,0.25920000,0.26050000,6853642.30000000
1776459600000,0.26050000,0.26150000,0.25930000,0.26030000,6018454.10000000
1776463200000,0.26030000,0.26200000,0.25980000,0.26070000,5134145.70000000
1776466800000,0.26070000,0.26070000,0.25730000,0.25860000,8160388.20000000
1776470400000,0.25860000,0.25960000,0.25710000,0.25820000,4442706.30000000
1776474000000,0.25820000,0.25960000,0.25700000,0.25750000,2823027.50000000
1776477600000,0.25750000,0.25910000,0.25650000,0.25800000,3479840.50000000
1776481200000,0.25790000,0.25830000,0.25630000,0.25700000,2914964.80000000
1776484800000,0.25710000,0.25780000,0.25600000,0.25720000,2457171.00000000
1776488400000,0.25720000,0.25860000,0.25680000,0.25780000,4589855.40000000
1776492000000,0.25790000,0.25850000,0.25710000,0.25760000,2184436.80000000
1776495600000,0.25750000,0.25890000,0.25740000,0.25860000,3432129.40000000
1776499200000,0.25870000,0.25870000,0.25380000,0.25560000,10118133.00000000
1776502800000,0.25560000,0.25560000,0.25360000,0.25430000,4609705.20000000
1776506400000,0.25420000,0.25440000,0.25190000,0.25260000,7249876.00000000
1776510000000,0.25270000,0.25270000,0.24960000,0.25100000,7061364.80000000
1776513600000,0.25100000,0.25200000,0.25040000,0.25160000,5210675.60000000
1776517200000,0.25160000,0.25180000,0.24970000,0.25110000,3294340.50000000
1776520800000,0.25120000,0.25200000,0.25030000,0.25150000,4303309.60000000
1776524400000,0.25160000,0.25220000,0.25060000,0.25110000,3405134.80000000
1776528000000,0.25100000,0.25100000,0.24890000,0.24930000,8217827.50000000
1776531600000,0.24930000,0.24980000,0.24760000,0.24950000,6328993.10000000
1776535200000,0.24960000,0.24970000,0.24730000,0.24780000,5202137.40000000
1776538800000,0.24780000,0.24910000,0.24770000,0.24880000,3172347.10000000
1776542400000,0.24880000,0.24940000,0.24800000,0.24910000,2339555.10000000
1776546000000,0.24900000,0.25030000,0.24900000,0.25010000,3064477.40000000
1776549600000,0.25010000,0.25010000,0.24890000,0.25000000,1600549.20000000
1776553200000,0.25000000,0.25080000,0.24890000,0.24910000,2947341.50000000
1776556800000,0.24920000,0.24950000,0.24800000,0.24910000,3714788.20000000
1776560400000,0.24910000,0.24980000,0.24800000,0.24840000,1654740.70000000
1776564000000,0.24830000,0.24890000,0.24690000,0.24790000,3591895.10000000
1776567600000,0.24790000,0.24910000,0.24690000,0.24820000,2369456.40000000
1776571200000,0.24820000,0.24900000,0.24610000,0.24780000,3250032.40000000
1776574800000,0.24780000,0.24900000,0.24720000,0.24730000,2034889.90000000
1776578400000,0.24720000,0.24800000,0.24600000,0.24730000,4680788.00000000
1776582000000,0.24720000,0.24720000,0.24440000,0.24600000,10701713.90000000
1776585600000,0.24590000,0.24610000,0.24500000,0.24540000,5899487.50000000
1776589200000,0.24540000,0.24600000,0.24460000,0.24500000,2701862.30000000
1776592800000,0.24500000,0.24610000,0.24450000,0.24560000,2342849.50000000
1776596400000,0.24560000,0.24820000,0.24550000,0.24730000,5545318.20000000
1776600000000,0.24730000,0.24890000,0.24710000,0.24800000,5667100.50000000
1776603600000,0.24800000,0.25090000,0.24790000,0.24910000,8952700.50000000
1776607200000,0.24920000,0.25090000,0.24800000,0.24940000,9178200.90000000
1776610800000,0.24930000,0.24940000,0.24620000,0.24880000,5544289.20000000
1776614400000,0.24890000,0.24960000,0.24630000,0.24690000,6745035.00000000
1776618000000,0.24700000,0.24700000,0.24470000,0.24510000,7113112.40000000
1776621600000,0.24510000,0.24580000,0.24430000,0.24570000,6373129.70000000
1776625200000,0.24570000,0.24750000,0.24570000,0.24670000,2781677.90000000
1776628800000,0.24660000,0.24660000,0.24430000,0.24480000,7391850.50000000
1776632400000,0.24480000,0.24610000,0.24370000,0.24420000,3236835.60000000
1776636000000,0.24420000,0.24420000,0.24080000,0.24230000,17623780.50000000
1776639600000,0.24230000,0.24270000,0.24100000,0.24240000,6222214.80000000
1776643200000,0.24240000,0.24460000,0.24190000,0.24420000,5778670.80000000
1776646800000,0.24430000,0.24530000,0.24350000,0.24480000,3075379.80000000
1776650400000,0.24480000,0.24570000,0.24410000,0.24540000,3037814.80000000
1776654000000,0.24550000,0.24640000,0.24450000,0.24590000,2773460.50000000
1776657600000,0.24590000,0.24650000,0.24460000,0.24590000,1202016.60000000
1776661200000,0.24580000,0.24590000,0.24360000,0.24390000,3067975.70000000
1776664800000,0.24400000,0.24700000,0.24380000,0.24560000,3936716.70000000
1776668400000,0.24560000,0.24920000,0.24530000,0.24670000,7328570.60000000
1776672000000,0.24670000,0.24690000,0.24530000,0.24550000,3000916.60000000
1776675600000,0.24540000,0.24770000,0.24430000,0.24690000,4299971.20000000
1776679200000,0.24690000,0.24860000,0.24640000,0.24660000,2644423.50000000
1776682800000,0.24650000,0.24710000,0.24610000,0.24650000,4039401.90000000
1776686400000,0.24650000,0.24760000,0.24540000,0.24730000,4740717.40000000
1776690000000,0.24720000,0.24820000,0.24620000,0.24780000,4864036.10000000
1776693600000,0.24790000,0.24940000,0.24520000,0.24610000,7282180.40000000
1776697200000,0.24600000,0.24900000,0.24480000,0.24780000,4873820.00000000
1776700800000,0.24780000,0.24780000,0.24560000,0.24590000,3964721.10000000
1776704400000,0.24590000,0.24830000,0.24560000,0.24810000,3896635.40000000
1776708000000,0.24820000,0.25020000,0.24820000,0.24980000,8315787.00000000
1776711600000,0.24980000,0.24990000,0.24840000,0.24890000,1900116.70000000
1776715200000,0.24880000,0.25040000,0.24790000,0.25010000,4008361.60000000
1776718800000,0.25010000,0.25140000,0.24900000,0.24960000,7741984.90000000
1776722400000,0.24950000,0.25030000,0.24860000,0.24870000,2274185.40000000
1776726000000,0.24870000,0.24870000,0.24760000,0.24790000,4683934.00000000
1776729600000,0.24790000,0.24930000,0.24790000,0.24910000,2670592.40000000
1776733200000,0.24900000,0.24980000,0.24800000,0.24820000,3222573.10000000
1776736800000,0.24820000,0.24840000,0.24710000,0.24740000,2290251.80000000
1776740400000,0.24730000,0.24780000,0.24650000,0.24700000,2925462.10000000
1776744000000,0.24700000,0.24850000,0.24690000,0.24840000,1514878.80000000
1776747600000,0.24840000,0.25010000,0.24840000,0.24910000,3220046.40000000
1776751200000,0.24910000,0.25030000,0.24820000,0.24890000,2123070.00000000
1776754800000,0.24880000,0.25000000,0.24800000,0.24950000,3870647.60000000
1776758400000,0.24940000,0.25250000,0.24930000,0.25020000,9106251.00000000
1776762000000,0.25010000,0.25100000,0.24940000,0.25060000,2648837.90000000
1776765600000,0.25070000,0.25180000,0.25010000,0.25120000,2667572.90000000
1776769200000,0.25130000,0.25140000,0.24980000,0.25020000,3399993.10000000
1776772800000,0.25020000,0.25070000,0.24770000,0.24870000,9658562.20000000
1776776400000,0.24870000,0.24930000,0.24770000,0.24870000,3052929.40000000
1776780000000,0.24880000,0.25050000,0.24790000,0.24840000,4458496.50000000
1776783600000,0.24830000,0.24940000,0.24750000,0.24880000,2731539.60000000
1776787200000,0.24880000,0.24940000,0.24670000,0.24690000,6355254.30000000
1776790800000,0.24690000,0.24790000,0.24410000,0.24640000,10469993.70000000
1776794400000,0.24650000,0.24690000,0.24550000,0.24690000,4830572.70000000
1776798000000,0.24690000,0.24810000,0.24410000,0.24470000,5284803.60000000
1776801600000,0.24480000,0.24820000,0.24460000,0.24760000,7321639.40000000
1776805200000,0.24770000,0.24810000,0.24680000,0.24770000,1546921.90000000
1776808800000,0.24770000,0.24910000,0.24690000,0.24910000,2864851.00000000
1776812400000,0.24910000,0.25010000,0.24790000,0.24990000,6950095.50000000
1776816000000,0.24990000,0.25080000,0.24940000,0.25000000,6588442.40000000
1776819600000,0.24990000,0.25010000,0.24880000,0.24920000,3453960.80000000
1776823200000,0.24920000,0.25460000,0.24890000,0.25440000,16661286.60000000
1776826800000,0.25430000,0.25540000,0.25350000,0.25420000,8122993.20000000
1776830400000,0.25430000,0.25520000,0.25330000,0.25430000,5035121.10000000
1776834000000,0.25430000,0.25760000,0.25390000,0.25570000,13928964.20000000
1776837600000,0.25580000,0.25600000,0.25500000,0.25580000,3175239.10000000
1776841200000,0.25580000,0.25580000,0.25420000,0.25480000,5744973.30000000
1776844800000,0.25490000,0.25550000,0.25420000,0.25470000,2554859.80000000
1776848400000,0.25470000,0.25570000,0.25450000,0.25500000,2000681.90000000
1776852000000,0.25500000,0.25610000,0.25470000,0.25550000,3244489.30000000
1776855600000,0.25550000,0.25640000,0.25500000,0.25560000,3708559.40000000
1776859200000,0.25570000,0.25600000,0.25440000,0.25470000,3204236.30000000
1776862800000,0.25480000,0.25620000,0.25400000,0.25500000,6377254.50000000
1776866400000,0.25500000,0.25620000,0.25410000,0.25550000,6714666.80000000
1776870000000,0.25550000,0.25590000,0.25450000,0.25500000,5800407.40000000
1776873600000,0.25510000,0.25560000,0.25260000,0.25270000,5302496.80000000
1776877200000,0.25270000,0.25380000,0.25230000,0.25330000,3285632.50000000
1776880800000,0.25330000,0.25420000,0.25330000,0.25350000,2438167.70000000
1776884400000,0.25340000,0.25340000,0.25130000,0.25240000,3722892.20000000
1776888000000,0.25240000,0.25260000,0.25090000,0.25110000,4230373.40000000
1776891600000,0.25110000,0.25240000,0.25100000,0.25200000,1980853.50000000
1776895200000,0.25200000,0.25220000,0.25000000,0.25050000,3633837.90000000
1776898800000,0.25040000,0.25070000,0.24810000,0.24840000,5954733.40000000
1776902400000,0.24830000,0.24960000,0.24600000,0.24870000,12817620.70000000
1776906000000,0.24870000,0.24880000,0.24710000,0.24820000,3584681.90000000
1776909600000,0.24810000,0.24810000,0.24580000,0.24650000,5231801.40000000
1776913200000,0.24660000,0.24700000,0.24530000,0.24640000,5449223.70000000
1776916800000,0.24640000,0.24740000,0.24610000,0.24680000,2941669.50000000
1776920400000,0.24680000,0.24760000,0.24640000,0.24730000,4176444.40000000
1776924000000,0.24730000,0.24840000,0.24720000,0.24780000,3228611.20000000
1776927600000,0.24780000,0.24790000,0.24670000,0.24690000,3067582.80000000
1776931200000,0.24690000,0.24730000,0.24630000,0.24700000,2582159.30000000
1776934800000,0.24690000,0.24690000,0.24530000,0.24610000,7782241.80000000
1776938400000,0.24600000,0.24630000,0.24490000,0.24590000,5979673.50000000
1776942000000,0.24590000,0.24810000,0.24580000,0.24760000,4444498.90000000
1776945600000,0.24750000,0.24830000,0.24670000,0.24780000,5345981.00000000
1776949200000,0.24770000,0.24810000,0.24690000,0.24730000,3457629.90000000
1776952800000,0.24720000,0.24950000,0.24680000,0.24910000,3883351.60000000
1776956400000,0.24910000,0.25080000,0.24840000,0.25030000,7498855.60000000
1776960000000,0.25040000,0.25080000,0.24890000,0.24900000,4861024.00000000
1776963600000,0.24890000,0.24930000,0.24460000,0.24670000,15988833.70000000
1776967200000,0.24670000,0.24760000,0.24580000,0.24610000,4963224.80000000
1776970800000,0.24600000,0.24700000,0.24550000,0.24670000,6304459.60000000
1776974400000,0.24680000,0.24910000,0.24650000,0.24830000,4152503.50000000
1776978000000,0.24830000,0.24940000,0.24800000,0.24870000,3312974.50000000
1776981600000,0.24860000,0.25010000,0.24860000,0.24920000,3385035.50000000
1776985200000,0.24920000,0.25040000,0.24860000,0.24990000,1968584.70000000
1776988800000,0.24990000,0.25190000,0.24990000,0.25170000,5329574.30000000
1776992400000,0.25170000,0.25180000,0.25000000,0.25150000,3504024.60000000
1776996000000,0.25160000,0.25160000,0.24980000,0.25010000,2788663.10000000
1776999600000,0.25010000,0.25010000,0.24810000,0.24850000,4709421.20000000
1777003200000,0.24850000,0.24870000,0.24750000,0.24820000,3090824.20000000
1777006800000,0.24810000,0.24910000,0.24720000,0.24850000,2160275.80000000
1777010400000,0.24850000,0.24960000,0.24830000,0.24880000,2139883.60000000
1777014000000,0.24880000,0.24950000,0.24840000,0.24900000,975065.10000000
1777017600000,0.24890000,0.25010000,0.24850000,0.24940000,3604656.40000000
1777021200000,0.24950000,0.24970000,0.24800000,0.24860000,2476304.10000000
1777024800000,0.24860000,0.25070000,0.24820000,0.25010000,2254969.60000000
1777028400000,0.25020000,0.25190000,0.25010000,0.25110000,4293429.80000000
1777032000000,0.25110000,0.25160000,0.25000000,0.25050000,2343255.80000000
1777035600000,0.25060000,0.25180000,0.25010000,0.25040000,2175846.90000000
1777039200000,0.25040000,0.25120000,0.24950000,0.25040000,2633555.40000000
1777042800000,0.25040000,0.25230000,0.24890000,0.25220000,3268909.40000000
1777046400000,0.25220000,0.25250000,0.25120000,0.25170000,3221672.80000000
1777050000000,0.25170000,0.25230000,0.25100000,0.25180000,3546980.20000000
1777053600000,0.25180000,0.25200000,0.25060000,0.25180000,2918139.40000000
1777057200000,0.25170000,0.25230000,0.25110000,0.25170000,1571999.00000000
1777060800000,0.25170000,0.25260000,0.25070000,0.25230000,3470931.90000000
1777064400000,0.25230000,0.25300000,0.25130000,0.25160000,3138940.60000000
1777068000000,0.25160000,0.25170000,0.24990000,0.25030000,2386208.40000000
1777071600000,0.25030000,0.25060000,0.24990000,0.25030000,1156207.90000000
1777075200000,0.25030000,0.25040000,0.24960000,0.25000000,2772262.90000000
1777078800000,0.25000000,0.25180000,0.24990000,0.25160000,3364271.60000000
1777082400000,0.25160000,0.25220000,0.25060000,0.25120000,6122660.80000000
1777086000000,0.25120000,0.25200000,0.25070000,0.25170000,2948713.70000000
1777089600000,0.25170000,0.25230000,0.25110000,0.25120000,1831717.90000000
1777093200000,0.25120000,0.25230000,0.25030000,0.25190000,8856595.50000000
1777096800000,0.25200000,0.25290000,0.25140000,0.25140000,8290947.10000000
1777100400000,0.25130000,0.25190000,0.25080000,0.25140000,1343360.40000000
1777104000000,0.25140000,0.25240000,0.25120000,0.25210000,1391913.00000000
1777107600000,0.25210000,0.25390000,0.25210000,0.25340000,3705969.60000000
1777111200000,0.25340000,0.25390000,0.25290000,0.25360000,2865554.70000000
1777114800000,0.25350000,0.25360000,0.25130000,0.25170000,3409923.70000000
1777118400000,0.25170000,0.25230000,0.25120000,0.25170000,2365127.90000000
1777122000000,0.25170000,0.25370000,0.25170000,0.25210000,6578758.50000000
1777125600000,0.25210000,0.25220000,0.25090000,0.25100000,3149347.50000000
1777129200000,0.25090000,0.25110000,0.24970000,0.25020000,3375908.80000000
1777132800000,0.25010000,0.25070000,0.24890000,0.24940000,4445083.90000000
1777136400000,0.24940000,0.24970000,0.24830000,0.24850000,2539062.10000000
1777140000000,0.24850000,0.24930000,0.24820000,0.24880000,2075446.70000000
1777143600000,0.24890000,0.24930000,0.24860000,0.24910000,1638609.20000000
1777147200000,0.24910000,0.24990000,0.24890000,0.24980000,1340841.90000000
1777150800000,0.24990000,0.25020000,0.24910000,0.24930000,1082557.80000000
1777154400000,0.24940000,0.25060000,0.24930000,0.24990000,1126733.50000000
1777158000000,0.25000000,0.25040000,0.24970000,0.25030000,729152.80000000
1777161600000,0.25030000,0.25030000,0.24880000,0.24930000,1499608.40000000
1777165200000,0.24920000,0.24930000,0.24850000,0.24870000,1646833.70000000
1777168800000,0.24880000,0.25000000,0.24880000,0.24940000,692628.40000000
1777172400000,0.24940000,0.25010000,0.24880000,0.24940000,1346806.80000000
1777176000000,0.24950000,0.25080000,0.24890000,0.25010000,1548244.90000000
1777179600000,0.25020000,0.25160000,0.24980000,0.25060000,2716817.10000000
1777183200000,0.25070000,0.25210000,0.25070000,0.25130000,2485196.00000000
1777186800000,0.25140000,0.25210000,0.25110000,0.25150000,1590219.60000000
1777190400000,0.25150000,0.25180000,0.25000000,0.25140000,4335417.40000000
1777194000000,0.25140000,0.25320000,0.25130000,0.25220000,8487123.40000000
1777197600000,0.25220000,0.25290000,0.25190000,0.25250000,2550578.60000000
1777201200000,0.25250000,0.25440000,0.25250000,0.25350000,3845929.20000000
1777204800000,0.25360000,0.25390000,0.25190000,0.25260000,2940476.60000000
1777208400000,0.25250000,0.25300000,0.25170000,0.25190000,2127283.20000000
1777212000000,0.25200000,0.25310000,0.25140000,0.25260000,2260828.60000000
1777215600000,0.25260000,0.25300000,0.25200000,0.25290000,1216370.10000000
1777219200000,0.25290000,0.25300000,0.25120000,0.25160000,2695723.40000000
1777222800000,0.25170000,0.25230000,0.25080000,0.25200000,1447271.90000000
1777226400000,0.25200000,0.25310000,0.25140000,0.25260000,2679982.30000000
1777230000000,0.25260000,0.25370000,0.25220000,0.25240000,2164517.00000000
1777233600000,0.25250000,0.25310000,0.25200000,0.25200000,1902439.30000000
1777237200000,0.25200000,0.25300000,0.25070000,0.25270000,3941486.30000000
1777240800000,0.25270000,0.25350000,0.25110000,0.25180000,3087072.60000000
1777244400000,0.25170000,0.25310000,0.25120000,0.25220000,1555275.10000000
1777248000000,0.25220000,0.25500000,0.25160000,0.25480000,3421542.90000000
1777251600000,0.25480000,0.25600000,0.25370000,0.25590000,6750244.60000000
1777255200000,0.25600000,0.25610000,0.25440000,0.25540000,2532025.40000000
1777258800000,0.25540000,0.25590000,0.25400000,0.25400000,3111868.00000000
1777262400000,0.25410000,0.25450000,0.25260000,0.25320000,5802392.00000000
1777266000000,0.25310000,0.25320000,0.24780000,0.24840000,13913560.70000000
1777269600000,0.24850000,0.24920000,0.24630000,0.24790000,5691793.20000000
1777273200000,0.24780000,0.24800000,0.24700000,0.24700000,2723361.30000000
1777276800000,0.24710000,0.24770000,0.24650000,0.24770000,5987621.20000000
1777280400000,0.24780000,0.24820000,0.24730000,0.24760000,3262549.20000000
1777284000000,0.24750000,0.24810000,0.24740000,0.24770000,2099847.70000000
1777287600000,0.24780000,0.24790000,0.24700000,0.24780000,2817270.60000000
1777291200000,0.24780000,0.24810000,0.24700000,0.24780000,3392084.00000000
1777294800000,0.24770000,0.24830000,0.24550000,0.24700000,6118502.00000000
1777298400000,0.24690000,0.24870000,0.24650000,0.24770000,4408660.40000000
1777302000000,0.24780000,0.24780000,0.24300000,0.24460000,17759717.30000000
1777305600000,0.24460000,0.24540000,0.24410000,0.24490000,4018309.80000000
1777309200000,0.24500000,0.24610000,0.24500000,0.24500000,2018362.80000000
1777312800000,0.24500000,0.24610000,0.24480000,0.24580000,1656985.70000000
1777316400000,0.24570000,0.24600000,0.24430000,0.24530000,1635761.00000000
1777320000000,0.24540000,0.24630000,0.24540000,0.24580000,2034654.80000000
1777323600000,0.24570000,0.24630000,0.24510000,0.24510000,1838660.20000000
1777327200000,0.24520000,0.24690000,0.24500000,0.24690000,1444377.90000000
1777330800000,0.24690000,0.24850000,0.24690000,0.24820000,1641838.60000000
1777334400000,0.24810000,0.24840000,0.24730000,0.24780000,2321303.30000000
1777338000000,0.24770000,0.24810000,0.24750000,0.24780000,1680316.80000000
1777341600000,0.24780000,0.24850000,0.24650000,0.24740000,3194702.40000000
1777345200000,0.24740000,0.24760000,0.24680000,0.24730000,1272241.00000000
1777348800000,0.24740000,0.24830000,0.24700000,0.24750000,3507304.70000000
1777352400000,0.24750000,0.24880000,0.24740000,0.24780000,2016067.20000000
1777356000000,0.24770000,0.24840000,0.24580000,0.24640000,2863211.50000000
1777359600000,0.24650000,0.24800000,0.24500000,0.24710000,6065692.10000000
1777363200000,0.24700000,0.24720000,0.24580000,0.24680000,5283642.80000000
1777366800000,0.24680000,0.24710000,0.24550000,0.24600000,1635233.80000000
1777370400000,0.24600000,0.24670000,0.24600000,0.24650000,742624.50000000
1777374000000,0.24650000,0.24660000,0.24500000,0.24560000,3491032.00000000
1777377600000,0.24570000,0.24650000,0.24480000,0.24640000,4236154.40000000
1777381200000,0.24640000,0.24740000,0.24490000,0.24640000,4167679.60000000
1777384800000,0.24630000,0.24630000,0.24430000,0.24610000,3114292.00000000
1777388400000,0.24620000,0.24680000,0.24520000,0.24650000,2994559.10000000
1777392000000,0.24660000,0.24700000,0.24570000,0.24620000,1803810.50000000
1777395600000,0.24610000,0.24670000,0.24520000,0.24620000,1631039.30000000
1777399200000,0.24610000,0.24720000,0.24600000,0.24710000,1944108.90000000
1777402800000,0.24710000,0.24770000,0.24650000,0.24740000,1523361.30000000
1777406400000,0.24740000,0.24780000,0.24710000,0.24750000,1188372.50000000
1777410000000,0.24750000,0.24820000,0.24740000,0.24760000,1577995.50000000
1777413600000,0.24760000,0.24790000,0.24660000,0.24670000,1376050.60000000
1777417200000,0.24670000,0.24700000,0.24630000,0.24680000,921768.80000000
1777420800000,0.24680000,0.24730000,0.24640000,0.24700000,1638221.20000000
1777424400000,0.24700000,0.24770000,0.24610000,0.24740000,2303679.30000000
1777428000000,0.24740000,0.24790000,0.24680000,0.24740000,1219445.20000000
1777431600000,0.24740000,0.24950000,0.24740000,0.24910000,4969069.40000000
1777435200000,0.24910000,0.25060000,0.24860000,0.24950000,8103774.40000000
1777438800000,0.24940000,0.24980000,0.24880000,0.24940000,2089673.20000000
1777442400000,0.24950000,0.25000000,0.24840000,0.24880000,3613052.70000000
1777446000000,0.24890000,0.25060000,0.24870000,0.24950000,4378480.00000000
1777449600000,0.24950000,0.25010000,0.24920000,0.24940000,5107395.10000000
1777453200000,0.24940000,0.25330000,0.24920000,0.25280000,7470416.00000000
1777456800000,0.25290000,0.25400000,0.25160000,0.25250000,8882725.50000000
1777460400000,0.25250000,0.25270000,0.25110000,0.25130000,5391896.30000000
1777464000000,0.25130000,0.25140000,0.24830000,0.24910000,9667537.70000000
1777467600000,0.24910000,0.24930000,0.24640000,0.24760000,5270923.20000000
1777471200000,0.24760000,0.24770000,0.24600000,0.24630000,4414278.50000000
1777474800000,0.24630000,0.24660000,0.24340000,0.24410000,15877792.90000000
1777478400000,0.24410000,0.24490000,0.24250000,0.24350000,9855820.20000000
1777482000000,0.24350000,0.24510000,0.24340000,0.24510000,6200716.00000000
1777485600000,0.24500000,0.24530000,0.23830000,0.24170000,30443812.30000000
1777489200000,0.24180000,0.24220000,0.24090000,0.24170000,5659760.70000000
1777492800000,0.24170000,0.24370000,0.24130000,0.24320000,6662466.90000000
1777496400000,0.24320000,0.24500000,0.24270000,0.24430000,3638605.00000000
1777500000000,0.24430000,0.24480000,0.24390000,0.24420000,1035750.40000000
1777503600000,0.24430000,0.24480000,0.24340000,0.24460000,3825480.40000000
1777507200000,0.24460000,0.24700000,0.24450000,0.24670000,5816692.20000000
1777510800000,0.24660000,0.24780000,0.24590000,0.24690000,2842575.30000000
1777514400000,0.24700000,0.24770000,0.24480000,0.24650000,9422661.40000000
1777518000000,0.24660000,0.24730000,0.24600000,0.24680000,2674262.10000000
1777521600000,0.24670000,0.24680000,0.24480000,0.24490000,2040445.80000000
1777525200000,0.24490000,0.24610000,0.24450000,0.24520000,2100603.90000000
1777528800000,0.24520000,0.24630000,0.24490000,0.24560000,2442430.10000000
1777532400000,0.24570000,0.24700000,0.24540000,0.24680000,2361114.00000000
1777536000000,0.24670000,0.24720000,0.24590000,0.24660000,4307828.50000000
1777539600000,0.24670000,0.24840000,0.24650000,0.24710000,2786448.80000000
1777543200000,0.24720000,0.24740000,0.24560000,0.24590000,2528023.70000000
1777546800000,0.24590000,0.24720000,0.24540000,0.24620000,2687551.40000000
1777550400000,0.24620000,0.24710000,0.24580000,0.24580000,2534267.90000000
1777554000000,0.24580000,0.24660000,0.24500000,0.24600000,2062868.20000000
1777557600000,0.24590000,0.24670000,0.24500000,0.24610000,2739334.70000000
1777561200000,0.24610000,0.24830000,0.24550000,0.24750000,4050029.00000000
1777564800000,0.24750000,0.24760000,0.24610000,0.24630000,2460894.90000000
1777568400000,0.24630000,0.24640000,0.24530000,0.24620000,1799718.00000000
1777572000000,0.24620000,0.24670000,0.24560000,0.24610000,1301957.60000000
1777575600000,0.24600000,0.24670000,0.24580000,0.24630000,1299110.70000000
1777579200000,0.24630000,0.24710000,0.24590000,0.24660000,2872853.30000000
1777582800000,0.24670000,0.24740000,0.24630000,0.24640000,2010951.30000000
1777586400000,0.24640000,0.24710000,0.24560000,0.24590000,1146770.70000000
1777590000000,0.24600000,0.24650000,0.24540000,0.24630000,1093716.00000000
1777593600000,0.24630000,0.24740000,0.24600000,0.24640000,2066285.70000000
1777597200000,0.24650000,0.24770000,0.24640000,0.24730000,1581200.10000000
1777600800000,0.24740000,0.24770000,0.24660000,0.24730000,1383357.00000000
1777604400000,0.24720000,0.25040000,0.24680000,0.24880000,8558004.30000000
1777608000000,0.24880000,0.24990000,0.24830000,0.24870000,3270212.10000000
1777611600000,0.24880000,0.24980000,0.24850000,0.24870000,1461555.00000000
1777615200000,0.24880000,0.24930000,0.24790000,0.24840000,2399373.40000000
1777618800000,0.24830000,0.24900000,0.24800000,0.24860000,2304733.40000000
1777622400000,0.24870000,0.24970000,0.24840000,0.24930000,3106066.10000000
1777626000000,0.24930000,0.24930000,0.24740000,0.24810000,2256904.40000000
1777629600000,0.24810000,0.24820000,0.24700000,0.24810000,1649135.60000000
1777633200000,0.24800000,0.24860000,0.24740000,0.24780000,1892887.60000000
1777636800000,0.24790000,0.24960000,0.24770000,0.24880000,5317918.80000000
1777640400000,0.24880000,0.25150000,0.24870000,0.25050000,8268312.20000000
1777644000000,0.25050000,0.25080000,0.24910000,0.25030000,6072158.70000000
1777647600000,0.25020000,0.25100000,0.24900000,0.25020000,5447967.60000000
1777651200000,0.25030000,0.25090000,0.24890000,0.24950000,2968261.70000000
1777654800000,0.24940000,0.25030000,0.24890000,0.25010000,3278456.10000000
1777658400000,0.25000000,0.25040000,0.24960000,0.24980000,1939345.30000000
1777662000000,0.24980000,0.25050000,0.24950000,0.24980000,1355259.00000000
1777665600000,0.24980000,0.25010000,0.24810000,0.24850000,3100047.60000000
1777669200000,0.24840000,0.24920000,0.24820000,0.24870000,1622324.30000000
1777672800000,0.24870000,0.24910000,0.24780000,0.24820000,1632701.00000000
1777676400000,0.24810000,0.24840000,0.24750000,0.24820000,892693.30000000
1777680000000,0.24830000,0.24860000,0.24760000,0.24840000,1926569.20000000
1777683600000,0.24840000,0.24880000,0.24810000,0.24810000,1348890.40000000
1777687200000,0.24810000,0.24850000,0.24790000,0.24820000,2117027.20000000
1777690800000,0.24820000,0.24850000,0.24760000,0.24810000,783608.90000000
1777694400000,0.24810000,0.24830000,0.24750000,0.24790000,947040.70000000
1777698000000,0.24790000,0.24820000,0.24700000,0.24720000,2431125.00000000
1777701600000,0.24720000,0.24800000,0.24710000,0.24800000,2132633.40000000
1777705200000,0.24790000,0.24800000,0.24760000,0.24760000,1452027.60000000
1777708800000,0.24760000,0.24820000,0.24740000,0.24810000,1423045.50000000
1777712400000,0.24800000,0.24900000,0.24800000,0.24880000,1568819.10000000
1777716000000,0.24880000,0.24920000,0.24870000,0.24890000,1218973.70000000
1777719600000,0.24880000,0.24880000,0.24810000,0.24820000,1720699.20000000
1777723200000,0.24820000,0.24860000,0.24760000,0.24780000,1050826.70000000
1777726800000,0.24780000,0.24910000,0.24780000,0.24880000,903938.80000000
1777730400000,0.24890000,0.25010000,0.24870000,0.24990000,2415168.40000000
1777734000000,0.24990000,0.25020000,0.24940000,0.25000000,1360866.70000000
1777737600000,0.25000000,0.25090000,0.25000000,0.25060000,3121164.40000000
1777741200000,0.25070000,0.25080000,0.24970000,0.24980000,1706360.30000000
1777744800000,0.24980000,0.25050000,0.24910000,0.25040000,1927478.80000000
1777748400000,0.25040000,0.25140000,0.25030000,0.25130000,2688827.20000000
1777752000000,0.25130000,0.25160000,0.25080000,0.25110000,2223852.30000000
1777755600000,0.25120000,0.25280000,0.25070000,0.25110000,3924048.50000000
1777759200000,0.25120000,0.25160000,0.25040000,0.25100000,2457292.40000000
1777762800000,0.25090000,0.25090000,0.25000000,0.25010000,2821620.00000000
1777766400000,0.25020000,0.25050000,0.24930000,0.24980000,2897254.50000000
1777770000000,0.24970000,0.24980000,0.24810000,0.24830000,2194098.40000000
1777773600000,0.24830000,0.24860000,0.24750000,0.24780000,3214755.60000000
1777777200000,0.24790000,0.24830000,0.24750000,0.24810000,2179825.20000000
1777780800000,0.24810000,0.24890000,0.24760000,0.24840000,2614128.60000000
1777784400000,0.24830000,0.24880000,0.24790000,0.24840000,673368.60000000
1777788000000,0.24830000,0.24890000,0.24750000,0.24850000,1972878.10000000
1777791600000,0.24850000,0.24960000,0.24850000,0.24880000,2431166.90000000
1777795200000,0.24880000,0.24940000,0.24830000,0.24830000,2184948.20000000
1777798800000,0.24840000,0.24960000,0.24820000,0.24940000,2057395.30000000
1777802400000,0.24940000,0.24950000,0.24860000,0.24860000,931957.70000000
1777806000000,0.24850000,0.25050000,0.24820000,0.24960000,3110745.10000000
1777809600000,0.24970000,0.25090000,0.24970000,0.25010000,2095757.90000000
1777813200000,0.25010000,0.25030000,0.24950000,0.24980000,1963141.60000000
1777816800000,0.24990000,0.25050000,0.24950000,0.25010000,857585.30000000
1777820400000,0.25010000,0.25120000,0.25010000,0.25070000,2590984.00000000
1777824000000,0.25070000,0.25140000,0.25040000,0.25110000,3102005.40000000
1777827600000,0.25120000,0.25140000,0.25050000,0.25070000,1314460.10000000
1777831200000,0.25080000,0.25110000,0.25040000,0.25070000,1315421.20000000
1777834800000,0.25070000,0.25140000,0.25050000,0.25090000,871821.00000000
1777838400000,0.25090000,0.25180000,0.25020000,0.25020000,3345234.20000000
1777842000000,0.25030000,0.25090000,0.24850000,0.24930000,4399177.90000000
1777845600000,0.24940000,0.25180000,0.24940000,0.25100000,5309388.20000000
1777849200000,0.25100000,0.25150000,0.24920000,0.24950000,4968628.20000000
1777852800000,0.24950000,0.24950000,0.24730000,0.24900000,6680163.00000000
1777856400000,0.24900000,0.25260000,0.24770000,0.25210000,6223763.60000000
1777860000000,0.25220000,0.25430000,0.25200000,0.25350000,9496980.10000000
1777863600000,0.25340000,0.25450000,0.25280000,0.25370000,4950373.90000000
1777867200000,0.25370000,0.25500000,0.25310000,0.25340000,7128208.60000000
1777870800000,0.25330000,0.25360000,0.25230000,0.25310000,4315632.60000000
1777874400000,0.25300000,0.25340000,0.25090000,0.25310000,6216587.00000000
1777878000000,0.25310000,0.25320000,0.25160000,0.25170000,2888332.30000000
1777881600000,0.25170000,0.25210000,0.25120000,0.25160000,3337041.40000000
1777885200000,0.25160000,0.25350000,0.25150000,0.25300000,2729140.30000000
1777888800000,0.25310000,0.25320000,0.24700000,0.24830000,20222059.20000000
1777892400000,0.24830000,0.24880000,0.24790000,0.24850000,4669537.80000000
1777896000000,0.24850000,0.24970000,0.24830000,0.24910000,3539065.30000000
1777899600000,0.24900000,0.25060000,0.24820000,0.25000000,5157441.60000000
1777903200000,0.24990000,0.25330000,0.24900000,0.25240000,8681218.10000000
1777906800000,0.25250000,0.25270000,0.24940000,0.25080000,11089818.00000000
1777910400000,0.25080000,0.25150000,0.24950000,0.25060000,5595951.10000000
1777914000000,0.25060000,0.25280000,0.25050000,0.25210000,4167634.80000000
1777917600000,0.25210000,0.25270000,0.25120000,0.25220000,3605892.40000000
1777921200000,0.25220000,0.25220000,0.25070000,0.25110000,2025498.30000000
1777924800000,0.25100000,0.25110000,0.24940000,0.24980000,2612052.80000000
1777928400000,0.24970000,0.25160000,0.24970000,0.25100000,2032045.70000000
1777932000000,0.25100000,0.25150000,0.25000000,0.25030000,2328355.20000000
1777935600000,0.25020000,0.25060000,0.24970000,0.24990000,1610096.20000000
1777939200000,0.25000000,0.25090000,0.24970000,0.25070000,4044845.90000000
1777942800000,0.25070000,0.25120000,0.25020000,0.25100000,3337569.80000000
1777946400000,0.25090000,0.25230000,0.25070000,0.25160000,3160730.20000000
1777950000000,0.25170000,0.25300000,0.25110000,0.25260000,4188640.10000000
1777953600000,0.25260000,0.25310000,0.25200000,0.25220000,2294748.60000000
1777957200000,0.25220000,0.25340000,0.25210000,0.25290000,4666426.50000000
1777960800000,0.25300000,0.25520000,0.25250000,0.25480000,6520836.40000000
1777964400000,0.25470000,0.25830000,0.25440000,0.25660000,16832654.80000000
1777968000000,0.25670000,0.25810000,0.25640000,0.25680000,7947022.30000000
1777971600000,0.25690000,0.25950000,0.25680000,0.25740000,11050480.70000000
1777975200000,0.25750000,0.25990000,0.25720000,0.25910000,9043472.10000000
1777978800000,0.25910000,0.25920000,0.25750000,0.25850000,3714887.30000000
1777982400000,0.25850000,0.25930000,0.25810000,0.25880000,4191019.20000000
1777986000000,0.25880000,0.25970000,0.25750000,0.25860000,7013057.00000000
1777989600000,0.25850000,0.25890000,0.25580000,0.25700000,10721806.80000000
1777993200000,0.25690000,0.25790000,0.25680000,0.25680000,3172908.00000000
1777996800000,0.25690000,0.25800000,0.25610000,0.25750000,5927830.80000000
1778000400000,0.25760000,0.25880000,0.25670000,0.25820000,2563485.00000000
1778004000000,0.25820000,0.25890000,0.25770000,0.25790000,1643592.40000000
1778007600000,0.25790000,0.25870000,0.25760000,0.25870000,1613810.10000000
1778011200000,0.25870000,0.26150000,0.25840000,0.26130000,8307311.10000000
1778014800000,0.26120000,0.26450000,0.26110000,0.26400000,15854112.00000000
1778018400000,0.26410000,0.26570000,0.26150000,0.26250000,12826681.00000000
1778022000000,0.26250000,0.26330000,0.26120000,0.26200000,5526646.80000000
1778025600000,0.26190000,0.26300000,0.26000000,0.26080000,7933518.60000000
1778029200000,0.26070000,0.26350000,0.26070000,0.26320000,3634207.60000000
1778032800000,0.26320000,0.26320000,0.26100000,0.26200000,3029490.40000000
1778036400000,0.26200000,0.26440000,0.26160000,0.26400000,4126717.70000000
1778040000000,0.26400000,0.26450000,0.26230000,0.26230000,6779665.20000000
1778043600000,0.26230000,0.26410000,0.26200000,0.26410000,6542496.40000000
1778047200000,0.26410000,0.26450000,0.26310000,0.26370000,2944137.90000000
1778050800000,0.26380000,0.26530000,0.26340000,0.26500000,4654039.80000000
1778054400000,0.26500000,0.27230000,0.26470000,0.27210000,30285401.50000000
1778058000000,0.27200000,0.27380000,0.27000000,0.27310000,17852328.50000000
1778061600000,0.27310000,0.27330000,0.27050000,0.27100000,9908986.30000000
1778065200000,0.27090000,0.27180000,0.27010000,0.27180000,7087217.70000000
1778068800000,0.27180000,0.27230000,0.27070000,0.27190000,6448896.40000000
1778072400000,0.27180000,0.27180000,0.26390000,0.26520000,22431844.90000000
1778076000000,0.26520000,0.26710000,0.26280000,0.26570000,10135845.50000000
1778079600000,0.26580000,0.26790000,0.26570000,0.26760000,5277563.40000000
1778083200000,0.26760000,0.26830000,0.26560000,0.26680000,4203256.10000000
1778086800000,0.26680000,0.26730000,0.26550000,0.26580000,3887830.80000000
1778090400000,0.26580000,0.26670000,0.26490000,0.26590000,2754205.10000000
1778094000000,0.26600000,0.26660000,0.26560000,0.26640000,1641907.20000000
1778097600000,0.26640000,0.26780000,0.26550000,0.26620000,1879580.30000000
1778101200000,0.26630000,0.26890000,0.26510000,0.26860000,5051217.30000000
1778104800000,0.26870000,0.26870000,0.26570000,0.26580000,1979007.10000000
1778108400000,0.26590000,0.26710000,0.26430000,0.26700000,2541557.30000000
1778112000000,0.26690000,0.26740000,0.26490000,0.26550000,3791554.60000000
1778115600000,0.26540000,0.26600000,0.26400000,0.26530000,6215784.00000000
1778119200000,0.26530000,0.26560000,0.26320000,0.26470000,5019893.10000000
1778122800000,0.26470000,0.26540000,0.26370000,0.26380000,4465045.90000000
1778126400000,0.26370000,0.26650000,0.26350000,0.26520000,3447115.70000000
1778130000000,0.26520000,0.26730000,0.26520000,0.26620000,5587696.70000000
1778133600000,0.26610000,0.26770000,0.26460000,0.26760000,3455870.20000000
1778137200000,0.26770000,0.26870000,0.26710000,0.26840000,3883348.60000000
1778140800000,0.26840000,0.26890000,0.26730000,0.26790000,4806591.50000000
1778144400000,0.26800000,0.26800000,0.26640000,0.26680000,3263624.80000000
1778148000000,0.26680000,0.26770000,0.26570000,0.26710000,2713904.80000000
1778151600000,0.26720000,0.26850000,0.26700000,0.26800000,2869018.30000000
1778155200000,0.26790000,0.27040000,0.26780000,0.26930000,4470865.90000000
1778158800000,0.26920000,0.26920000,0.26490000,0.26620000,7451470.70000000
1778162400000,0.26630000,0.26680000,0.26230000,0.26370000,10476116.60000000
1778166000000,0.26380000,0.26440000,0.26110000,0.26180000,8612339.30000000
1778169600000,0.26190000,0.26350000,0.26120000,0.26200000,5019140.60000000
1778173200000,0.26200000,0.26290000,0.25960000,0.26280000,7506259.90000000
1778176800000,0.26290000,0.26430000,0.26240000,0.26350000,3938175.90000000
1778180400000,0.26340000,0.26420000,0.26240000,0.26300000,2032383.70000000
1778184000000,0.26310000,0.26470000,0.26160000,0.26160000,2724432.30000000
1778187600000,0.26170000,0.26280000,0.26080000,0.26160000,2342169.00000000
1778191200000,0.26150000,0.26240000,0.26080000,0.26190000,3397098.60000000
1778194800000,0.26180000,0.26300000,0.26170000,0.26270000,1411946.20000000
1778198400000,0.26270000,0.26340000,0.26140000,0.26200000,1900141.20000000
1778202000000,0.26210000,0.26230000,0.26100000,0.26190000,1911670.70000000
1778205600000,0.26190000,0.26250000,0.26020000,0.26130000,3441390.50000000
1778209200000,0.26140000,0.26250000,0.26010000,0.26190000,2695423.10000000
1778212800000,0.26190000,0.26270000,0.26170000,0.26230000,1100480.90000000
1778216400000,0.26240000,0.26260000,0.26130000,0.26130000,2875668.80000000
1778220000000,0.26130000,0.26200000,0.26060000,0.26150000,2438660.00000000
1778223600000,0.26150000,0.26220000,0.26050000,0.26200000,3067683.30000000
1778227200000,0.26210000,0.26430000,0.26170000,0.26340000,3665942.00000000
1778230800000,0.26340000,0.26460000,0.26270000,0.26350000,2570867.00000000
1778234400000,0.26360000,0.26480000,0.26310000,0.26400000,1790383.50000000
1778238000000,0.26410000,0.26480000,0.26380000,0.26440000,1641161.80000000
1778241600000,0.26440000,0.26530000,0.26370000,0.26410000,4014291.30000000
1778245200000,0.26410000,0.26440000,0.26280000,0.26400000,2768854.60000000
1778248800000,0.26410000,0.26760000,0.26400000,0.26730000,5095725.00000000
1778252400000,0.26750000,0.26970000,0.26560000,0.26960000,4727224.50000000
1778256000000,0.26970000,0.26980000,0.26770000,0.26910000,4501063.40000000
1778259600000,0.26900000,0.27240000,0.26890000,0.27090000,7604416.20000000
1778263200000,0.27100000,0.27300000,0.27080000,0.27180000,6891657.90000000
1778266800000,0.27180000,0.27340000,0.27100000,0.27180000,4081979.30000000
1778270400000,0.27180000,0.27200000,0.27100000,0.27150000,2283102.30000000
1778274000000,0.27150000,0.27880000,0.27130000,0.27600000,18209664.40000000
1778277600000,0.27610000,0.27740000,0.27470000,0.27500000,3756330.10000000
1778281200000,0.27500000,0.27530000,0.27240000,0.27340000,4378685.20000000
1778284800000,0.27350000,0.27590000,0.27310000,0.27570000,4972788.60000000
1778288400000,0.27570000,0.27850000,0.27530000,0.27760000,5180783.80000000
1778292000000,0.27760000,0.27810000,0.27640000,0.27730000,3454285.60000000
1778295600000,0.27730000,0.27750000,0.27560000,0.27630000,2656016.40000000
1778299200000,0.27630000,0.27810000,0.27500000,0.27520000,4756244.10000000
1778302800000,0.27520000,0.27690000,0.27480000,0.27600000,2541987.40000000
1778306400000,0.27600000,0.27650000,0.27430000,0.27490000,2931331.00000000
1778310000000,0.27490000,0.27530000,0.27410000,0.27520000,2132682.80000000
1778313600000,0.27520000,0.27670000,0.27510000,0.27580000,2127127.80000000
1778317200000,0.27590000,0.27590000,0.27280000,0.27310000,2801156.50000000
1778320800000,0.27310000,0.27370000,0.27220000,0.27310000,1946891.00000000
1778324400000,0.27310000,0.27400000,0.27300000,0.27360000,1019974.10000000
1778328000000,0.27360000,0.27420000,0.27260000,0.27320000,2187085.00000000
1778331600000,0.27320000,0.27350000,0.27150000,0.27250000,2262431.00000000
1778335200000,0.27250000,0.27260000,0.27100000,0.27120000,2854602.50000000
1778338800000,0.27110000,0.27150000,0.27000000,0.27040000,2830251.20000000
1778342400000,0.27050000,0.27130000,0.26950000,0.27060000,2162272.30000000
1778346000000,0.27070000,0.27260000,0.27060000,0.27170000,2110413.20000000
1778349600000,0.27180000,0.27310000,0.27180000,0.27200000,3298589.90000000
1778353200000,0.27200000,0.27270000,0.27180000,0.27270000,1113706.80000000
1778356800000,0.27270000,0.27280000,0.27180000,0.27240000,1035682.10000000
1778360400000,0.27240000,0.27280000,0.27190000,0.27210000,857840.40000000
1778364000000,0.27200000,0.27280000,0.27180000,0.27230000,964617.10000000
1778367600000,0.27230000,0.27260000,0.27040000,0.27080000,1799643.50000000
1778371200000,0.27080000,0.27190000,0.27000000,0.27040000,2797992.40000000
1778374800000,0.27030000,0.27030000,0.26880000,0.26970000,2761248.70000000
1778378400000,0.26960000,0.27070000,0.26920000,0.27030000,1814025.80000000
1778382000000,0.27040000,0.27090000,0.26960000,0.27000000,1844080.70000000
1778385600000,0.27000000,0.27070000,0.26980000,0.27020000,809865.60000000
1778389200000,0.27010000,0.27070000,0.26920000,0.26970000,1490128.00000000
1778392800000,0.26980000,0.27000000,0.26820000,0.26960000,3479691.00000000
1778396400000,0.26970000,0.27130000,0.26960000,0.27070000,2640725.70000000
1778400000000,0.27060000,0.27340000,0.27050000,0.27310000,4591585.60000000
1778403600000,0.27320000,0.27360000,0.27180000,0.27190000,3109755.30000000
1778407200000,0.27200000,0.27310000,0.27120000,0.27260000,2546963.30000000
1778410800000,0.27260000,0.27300000,0.27130000,0.27280000,2461318.50000000
1778414400000,0.27270000,0.27300000,0.27200000,0.27300000,1648386.50000000
1778418000000,0.27300000,0.27480000,0.27270000,0.27440000,2588110.00000000
1778421600000,0.27450000,0.27590000,0.27410000,0.27550000,4215452.90000000
1778425200000,0.27550000,0.28250000,0.27540000,0.28150000,16897708.40000000
1778428800000,0.28160000,0.28570000,0.28020000,0.28460000,17884473.60000000
1778432400000,0.28460000,0.28850000,0.28390000,0.28690000,13137951.00000000
1778436000000,0.28690000,0.28840000,0.28580000,0.28680000,7387175.40000000
1778439600000,0.28670000,0.28870000,0.28480000,0.28700000,6345012.60000000
1778443200000,0.28710000,0.28820000,0.27510000,0.27780000,18569292.20000000
1778446800000,0.27780000,0.28130000,0.27610000,0.27940000,8122293.50000000
1778450400000,0.27930000,0.28370000,0.27870000,0.28320000,9063873.50000000
1778454000000,0.28310000,0.28380000,0.28180000,0.28240000,4155374.60000000
1778457600000,0.28240000,0.28290000,0.27850000,0.27960000,7430498.60000000
1778461200000,0.27960000,0.28150000,0.27850000,0.28040000,2878369.80000000
1778464800000,0.28040000,0.28060000,0.27680000,0.27760000,6366660.70000000
1778468400000,0.27760000,0.27790000,0.27400000,0.27650000,5773988.00000000
1778472000000,0.27650000,0.27760000,0.27530000,0.27720000,3814151.70000000
1778475600000,0.27720000,0.27930000,0.27710000,0.27860000,3164755.00000000
1778479200000,0.27870000,0.27990000,0.27760000,0.27830000,2927674.20000000
1778482800000,0.27830000,0.27830000,0.27700000,0.27780000,2632396.20000000
1778486400000,0.27770000,0.27820000,0.27580000,0.27650000,4766847.90000000
1778490000000,0.27650000,0.27880000,0.27600000,0.27830000,2602351.80000000
1778493600000,0.27830000,0.28120000,0.27820000,0.27880000,5382878.50000000
1778497200000,0.27890000,0.28020000,0.27850000,0.27940000,3229716.10000000
1778500800000,0.27940000,0.28020000,0.27780000,0.27870000,3064192.30000000
1778504400000,0.27880000,0.28120000,0.27820000,0.28070000,6370652.00000000
1778508000000,0.28060000,0.28200000,0.27770000,0.28030000,9164138.30000000
1778511600000,0.28040000,0.28360000,0.27980000,0.28240000,7070861.60000000
1778515200000,0.28240000,0.28300000,0.28040000,0.28160000,3485682.20000000
1778518800000,0.28160000,0.28250000,0.28050000,0.28170000,1591605.50000000
1778522400000,0.28170000,0.28200000,0.28000000,0.28020000,1874512.10000000
1778526000000,0.28020000,0.28130000,0.27940000,0.28120000,2370813.90000000
1778529600000,0.28130000,0.28190000,0.27920000,0.28090000,3012433.40000000
1778533200000,0.28090000,0.28200000,0.28040000,0.28050000,2951043.30000000
1778536800000,0.28050000,0.28190000,0.28010000,0.28070000,2968797.50000000
1778540400000,0.28070000,0.28110000,0.27960000,0.28040000,2026110.60000000
1778544000000,0.28030000,0.28190000,0.27980000,0.28130000,2176959.50000000
1778547600000,0.28130000,0.28170000,0.27640000,0.27770000,8195579.10000000
1778551200000,0.27770000,0.27890000,0.27740000,0.27830000,2211784.80000000
1778554800000,0.27830000,0.27890000,0.27680000,0.27720000,2194588.80000000
1778558400000,0.27710000,0.27830000,0.27690000,0.27750000,2388541.00000000
1778562000000,0.27750000,0.27840000,0.27730000,0.27760000,1966053.90000000
1778565600000,0.27750000,0.27840000,0.27650000,0.27690000,3898748.40000000
1778569200000,0.27680000,0.27740000,0.27500000,0.27690000,4723450.40000000
1778572800000,0.27680000,0.27770000,0.27530000,0.27620000,5432828.90000000
1778576400000,0.27610000,0.27620000,0.27440000,0.27590000,3311208.80000000
1778580000000,0.27580000,0.27600000,0.27340000,0.27450000,4409468.80000000
1778583600000,0.27450000,0.27490000,0.27340000,0.27450000,3136716.40000000
1778587200000,0.27440000,0.27540000,0.27290000,0.27430000,4370673.10000000
1778590800000,0.27420000,0.27470000,0.27130000,0.27190000,6879022.90000000
1778594400000,0.27180000,0.27280000,0.26870000,0.26940000,8443340.70000000
1778598000000,0.26930000,0.27070000,0.26790000,0.26910000,5712495.80000000
1778601600000,0.26910000,0.27030000,0.26720000,0.26770000,6071633.80000000
1778605200000,0.26770000,0.27090000,0.26760000,0.27040000,6580139.30000000
1778608800000,0.27040000,0.27100000,0.26990000,0.27040000,1723661.10000000
1778612400000,0.27040000,0.27260000,0.27030000,0.27200000,4453534.70000000
1778616000000,0.27210000,0.27230000,0.27150000,0.27210000,2003850.20000000
1778619600000,0.27210000,0.27250000,0.27160000,0.27190000,2523528.20000000
1778623200000,0.27190000,0.27300000,0.27130000,0.27170000,1456884.80000000
1778626800000,0.27170000,0.27240000,0.27070000,0.27110000,2648833.50000000
1778630400000,0.27120000,0.27370000,0.27090000,0.27160000,8659412.20000000
1778634000000,0.27170000,0.27430000,0.27160000,0.27330000,2718137.40000000
1778637600000,0.27330000,0.27430000,0.27300000,0.27350000,2031786.10000000
1778641200000,0.27360000,0.27440000,0.27330000,0.27410000,1279971.70000000
1778644800000,0.27420000,0.27490000,0.27350000,0.27440000,2296993.90000000
1778648400000,0.27440000,0.27460000,0.27250000,0.27310000,2798199.20000000
1778652000000,0.27300000,0.27400000,0.27250000,0.27270000,1901178.80000000
1778655600000,0.27270000,0.27370000,0.27260000,0.27330000,1612905.50000000
1778659200000,0.27330000,0.27450000,0.27300000,0.27400000,2148515.50000000
1778662800000,0.27400000,0.27770000,0.27390000,0.27720000,3950120.90000000
1778666400000,0.27720000,0.27730000,0.27340000,0.27400000,2797965.80000000
1778670000000,0.27390000,0.27420000,0.27030000,0.27060000,7239888.80000000
1778673600000,0.27060000,0.27160000,0.26610000,0.26790000,13587650.80000000
1778677200000,0.26800000,0.26900000,0.26480000,0.26570000,10149960.20000000
1778680800000,0.26560000,0.26670000,0.26380000,0.26600000,7606746.60000000
1778684400000,0.26590000,0.26680000,0.26120000,0.26200000,10480768.60000000
1778688000000,0.26200000,0.26490000,0.26190000,0.26430000,7058338.00000000
1778691600000,0.26440000,0.26500000,0.26390000,0.26410000,3433476.80000000
1778695200000,0.26410000,0.26600000,0.26410000,0.26470000,3079875.30000000
1778698800000,0.26480000,0.26490000,0.26340000,0.26390000,1795477.30000000
1778702400000,0.26380000,0.26520000,0.26370000,0.26480000,1613911.20000000
1778706000000,0.26490000,0.26500000,0.26320000,0.26400000,1933990.70000000
1778709600000,0.26410000,0.26510000,0.26300000,0.26500000,5862230.90000000
1778713200000,0.26500000,0.26640000,0.26440000,0.26480000,4679677.80000000
1778716800000,0.26480000,0.26610000,0.26470000,0.26560000,3010059.60000000
1778720400000,0.26550000,0.26600000,0.26510000,0.26550000,1615633.30000000
1778724000000,0.26550000,0.26620000,0.26440000,0.26480000,2242513.70000000
1778727600000,0.26480000,0.26520000,0.26230000,0.26300000,3523790.90000000
1778731200000,0.26290000,0.26490000,0.26250000,0.26460000,2208883.10000000
1778734800000,0.26460000,0.26670000,0.26450000,0.26620000,3270574.80000000
1778738400000,0.26610000,0.26650000,0.26530000,0.26540000,1847050.70000000
1778742000000,0.26530000,0.26570000,0.26450000,0.26450000,1650216.10000000
1778745600000,0.26450000,0.26580000,0.26390000,0.26510000,1554762.20000000
1778749200000,0.26510000,0.26530000,0.26370000,0.26470000,1309572.40000000
1778752800000,0.26460000,0.26540000,0.26370000,0.26480000,1940130.20000000
1778756400000,0.26480000,0.26510000,0.26370000,0.26400000,1396778.00000000
1778760000000,0.26400000,0.26690000,0.26380000,0.26660000,3126461.20000000
1778763600000,0.26660000,0.26810000,0.26630000,0.26690000,5956525.70000000
1778767200000,0.26680000,0.27070000,0.26490000,0.27030000,7997131.60000000
1778770800000,0.27040000,0.27090000,0.26890000,0.27030000,3993740.80000000
1778774400000,0.27030000,0.27240000,0.26940000,0.27220000,7776333.40000000
1778778000000,0.27220000,0.27340000,0.27030000,0.27230000,7180048.40000000
1778781600000,0.27230000,0.27930000,0.27150000,0.27870000,14754683.80000000
1778785200000,0.27880000,0.28040000,0.27340000,0.27400000,17568803.80000000
1778788800000,0.27400000,0.27440000,0.27170000,0.27320000,6829027.30000000
1778792400000,0.27330000,0.27420000,0.27170000,0.27350000,3730754.20000000
1778796000000,0.27360000,0.27370000,0.27110000,0.27210000,6004152.10000000
1778799600000,0.27200000,0.27280000,0.26980000,0.27060000,9182238.80000000
1778803200000,0.27050000,0.27290000,0.27050000,0.27240000,3441119.70000000
1778806800000,0.27240000,0.27290000,0.27030000,0.27050000,1928260.80000000
1778810400000,0.27050000,0.27140000,0.26840000,0.27090000,3215344.50000000
1778814000000,0.27090000,0.27130000,0.26930000,0.26980000,1880132.50000000
1778817600000,0.26980000,0.27010000,0.26770000,0.26780000,1897058.00000000
1778821200000,0.26780000,0.26820000,0.26490000,0.26550000,5508008.10000000
1778824800000,0.26550000,0.26760000,0.26520000,0.26740000,2844978.00000000
1778828400000,0.26740000,0.26910000,0.26700000,0.26830000,3026810.90000000
1778832000000,0.26840000,0.26850000,0.26650000,0.26780000,2531616.00000000
1778835600000,0.26770000,0.26800000,0.26610000,0.26670000,1797683.70000000
1778839200000,0.26680000,0.26870000,0.26640000,0.26830000,2475814.80000000
1778842800000,0.26830000,0.26860000,0.26700000,0.26720000,1492836.20000000
1778846400000,0.26710000,0.26720000,0.26520000,0.26550000,2863712.80000000
1778850000000,0.26550000,0.26550000,0.25690000,0.25800000,20991399.70000000
1778853600000,0.25800000,0.26000000,0.25680000,0.25910000,14104925.00000000
1778857200000,0.25920000,0.25950000,0.25720000,0.25830000,6456829.60000000
1778860800000,0.25820000,0.26150000,0.25770000,0.26100000,7835668.30000000
1778864400000,0.26090000,0.26280000,0.26080000,0.26210000,4639804.60000000
1778868000000,0.26210000,0.26260000,0.26110000,0.26220000,3253768.50000000
1778871600000,0.26230000,0.26230000,0.26080000,0.26100000,2267210.90000000
1778875200000,0.26110000,0.26160000,0.26010000,0.26080000,3013871.60000000
1778878800000,0.26090000,0.26150000,0.26060000,0.26080000,2160808.90000000
1778882400000,0.26090000,0.26180000,0.26090000,0.26160000,1988582.40000000
1778886000000,0.26170000,0.26200000,0.26110000,0.26160000,1150237.40000000
1778889600000,0.26150000,0.26250000,0.26120000,0.26180000,2440225.00000000
1778893200000,0.26180000,0.26210000,0.26070000,0.26180000,1417427.70000000
1778896800000,0.26190000,0.26210000,0.26090000,0.26170000,1062430.50000000
1778900400000,0.26170000,0.26200000,0.26100000,0.26120000,1355531.00000000
1778904000000,0.26120000,0.26130000,0.25860000,0.25920000,3976502.30000000
1778907600000,0.25930000,0.25960000,0.25850000,0.25870000,1906035.50000000
1778911200000,0.25870000,0.25890000,0.25530000,0.25630000,6651917.60000000
1778914800000,0.25630000,0.25650000,0.25320000,0.25540000,10741625.70000000
1778918400000,0.25540000,0.25620000,0.25510000,0.25510000,4717557.50000000
1778922000000,0.25520000,0.25560000,0.25210000,0.25340000,8225017.60000000
1778925600000,0.25330000,0.25430000,0.25220000,0.25390000,3788174.60000000
1778929200000,0.25390000,0.25470000,0.25390000,0.25410000,1826031.10000000
1778932800000,0.25400000,0.25510000,0.25370000,0.25460000,2228659.20000000
1778936400000,0.25460000,0.25490000,0.25410000,0.25440000,1923351.30000000
1778940000000,0.25440000,0.25570000,0.25390000,0.25480000,2389130.50000000
1778943600000,0.25480000,0.25610000,0.25480000,0.25560000,2686306.40000000
1778947200000,0.25560000,0.25650000,0.25510000,0.25540000,2765414.10000000
1778950800000,0.25550000,0.25630000,0.25550000,0.25600000,2569257.20000000
1778954400000,0.25600000,0.25630000,0.25500000,0.25540000,2429115.10000000
1778958000000,0.25530000,0.25550000,0.25500000,0.25510000,1213161.60000000
1778961600000,0.25520000,0.25580000,0.25510000,0.25520000,1135965.60000000
1778965200000,0.25510000,0.25570000,0.25400000,0.25560000,5412706.90000000
1778968800000,0.25560000,0.25570000,0.25470000,0.25480000,1375442.40000000
1778972400000,0.25480000,0.25540000,0.25450000,0.25510000,934239.40000000
1778976000000,0.25500000,0.25550000,0.25400000,0.25450000,2127390.00000000
1778979600000,0.25460000,0.25480000,0.25270000,0.25270000,3299422.80000000
1778983200000,0.25280000,0.25390000,0.25270000,0.25340000,2271948.40000000
1778986800000,0.25330000,0.25470000,0.25330000,0.25440000,2621151.70000000
1778990400000,0.25430000,0.25580000,0.25420000,0.25520000,1161319.00000000
1778994000000,0.25520000,0.25650000,0.25510000,0.25530000,2883510.30000000
1778997600000,0.25540000,0.25580000,0.25490000,0.25560000,661302.70000000
1779001200000,0.25570000,0.25690000,0.25540000,0.25620000,1388915.90000000
1779004800000,0.25630000,0.25640000,0.25560000,0.25570000,1455499.30000000
1779008400000,0.25570000,0.25680000,0.25550000,0.25650000,1066409.90000000
1779012000000,0.25660000,0.25820000,0.25660000,0.25730000,3061055.10000000
1779015600000,0.25720000,0.25730000,0.25600000,0.25660000,1167149.10000000
1779019200000,0.25660000,0.25720000,0.25600000,0.25610000,1866486.70000000
1779022800000,0.25620000,0.25620000,0.25460000,0.25550000,3179909.50000000
1779026400000,0.25540000,0.25540000,0.25350000,0.25530000,3461261.00000000
1779030000000,0.25520000,0.25560000,0.25450000,0.25520000,1627072.10000000
1779033600000,0.25520000,0.25560000,0.25420000,0.25440000,1570175.70000000
1779037200000,0.25450000,0.25460000,0.25340000,0.25430000,2353116.20000000
1779040800000,0.25430000,0.25480000,0.25300000,0.25440000,1573996.80000000
1779044400000,0.25450000,0.25550000,0.25430000,0.25530000,985447.20000000
1779048000000,0.25530000,0.25550000,0.25450000,0.25490000,991908.60000000
1779051600000,0.25480000,0.25600000,0.25450000,0.25540000,1633114.70000000
1779055200000,0.25540000,0.25550000,0.25320000,0.25390000,3771856.20000000
1779058800000,0.25390000,0.25390000,0.24520000,0.25210000,36943666.60000000
1779062400000,0.25210000,0.25210000,0.24990000,0.25130000,6192992.10000000
1779066000000,0.25130000,0.25240000,0.24880000,0.25130000,6343876.70000000
1779069600000,0.25130000,0.25310000,0.25090000,0.25180000,4329361.50000000
1779073200000,0.25190000,0.25240000,0.24990000,0.25020000,2962502.80000000
1779076800000,0.25020000,0.25150000,0.24930000,0.25130000,2258778.60000000
1779080400000,0.25120000,0.25200000,0.24970000,0.25000000,4402036.10000000
1779084000000,0.25000000,0.25040000,0.24700000,0.24940000,13728081.40000000
1779087600000,0.24950000,0.25010000,0.24820000,0.24940000,3207676.60000000
1779091200000,0.24940000,0.25050000,0.24920000,0.24990000,2202782.80000000
1779094800000,0.24990000,0.25010000,0.24870000,0.24920000,2177720.10000000
1779098400000,0.24920000,0.24930000,0.24800000,0.24810000,2313923.60000000
1779102000000,0.24820000,0.25210000,0.24790000,0.25060000,5222534.60000000
1779105600000,0.25060000,0.25250000,0.25040000,0.25150000,4321460.20000000
1779109200000,0.25160000,0.25170000,0.24760000,0.24920000,11406973.90000000
1779112800000,0.24920000,0.24920000,0.24690000,0.24770000,6462374.40000000
1779116400000,0.24780000,0.24900000,0.24620000,0.24820000,6991210.30000000
1779120000000,0.24830000,0.24940000,0.24740000,0.24880000,7346701.90000000
1779123600000,0.24890000,0.24970000,0.24830000,0.24880000,2991292.20000000
1779127200000,0.24870000,0.24880000,0.24640000,0.24700000,3669874.80000000
1779130800000,0.24700000,0.25140000,0.24700000,0.25080000,5480521.30000000
1779134400000,0.25090000,0.25140000,0.24970000,0.25030000,2327635.40000000
1779138000000,0.25030000,0.25290000,0.25000000,0.25250000,2590759.50000000
1779141600000,0.25260000,0.25300000,0.25090000,0.25170000,3369069.30000000
1779145200000,0.25180000,0.25240000,0.25110000,0.25160000,1457957.50000000
1779148800000,0.25170000,0.25360000,0.25150000,0.25260000,3206542.70000000
1779152400000,0.25250000,0.25250000,0.25100000,0.25140000,2460082.60000000
1779156000000,0.25130000,0.25220000,0.25050000,0.25090000,4892993.00000000
1779159600000,0.25080000,0.25240000,0.25050000,0.25150000,3767556.20000000
1779163200000,0.25160000,0.25240000,0.25110000,0.25210000,2667341.10000000
1779166800000,0.25210000,0.25240000,0.25060000,0.25170000,2240980.10000000
1779170400000,0.25160000,0.25260000,0.25140000,0.25190000,3058032.30000000
1779174000000,0.25190000,0.25320000,0.25150000,0.25260000,3054277.90000000
1779177600000,0.25250000,0.25250000,0.25080000,0.25150000,3062868.30000000
1779181200000,0.25150000,0.25200000,0.24960000,0.25050000,3911882.60000000
1779184800000,0.25050000,0.25080000,0.24870000,0.24990000,6887962.40000000
1779188400000,0.25000000,0.25010000,0.24810000,0.24860000,4731804.20000000
1779192000000,0.24860000,0.24980000,0.24800000,0.24980000,2923895.20000000
1779195600000,0.24980000,0.25120000,0.24920000,0.25010000,5532299.40000000
1779199200000,0.25000000,0.25050000,0.24710000,0.24840000,6452364.10000000
1779202800000,0.24830000,0.24980000,0.24790000,0.24850000,5757585.80000000
1779206400000,0.24850000,0.25000000,0.24800000,0.24980000,2246968.50000000
1779210000000,0.24990000,0.25010000,0.24850000,0.24910000,1853845.30000000
1779213600000,0.24910000,0.24930000,0.24830000,0.24860000,1861673.60000000
1779217200000,0.24860000,0.24950000,0.24810000,0.24840000,2045982.50000000
1779220800000,0.24840000,0.24940000,0.24840000,0.24930000,1205355.40000000
1779224400000,0.24940000,0.24980000,0.24900000,0.24910000,943850.20000000
1779228000000,0.24900000,0.24910000,0.24750000,0.24810000,2123856.20000000
1779231600000,0.24800000,0.24950000,0.24790000,0.24820000,975177.80000000
1779235200000,0.24820000,0.24880000,0.24720000,0.24820000,2199237.70000000
1779238800000,0.24830000,0.24860000,0.24700000,0.24790000,4355576.40000000
1779242400000,0.24790000,0.24850000,0.24700000,0.24740000,3913341.20000000
1779246000000,0.24730000,0.24870000,0.24690000,0.24820000,2884602.20000000
1779249600000,0.24830000,0.24870000,0.24780000,0.24860000,1627158.80000000
1779253200000,0.24870000,0.25100000,0.24870000,0.25010000,7263911.90000000
1779256800000,0.25020000,0.25060000,0.24970000,0.25020000,2260254.60000000
1779260400000,0.25020000,0.25020000,0.24890000,0.24910000,1825339.90000000
1779264000000,0.24920000,0.25060000,0.24900000,0.25000000,2129243.90000000
1779267600000,0.25010000,0.25040000,0.24910000,0.24910000,1980729.10000000
1779271200000,0.24910000,0.25040000,0.24910000,0.25000000,1664131.30000000
1779274800000,0.25000000,0.25020000,0.24830000,0.24880000,1715056.30000000
1779278400000,0.24890000,0.25030000,0.24850000,0.24970000,2469941.00000000
1779282000000,0.24970000,0.24980000,0.24730000,0.24860000,5576951.00000000
1779285600000,0.24860000,0.25090000,0.24780000,0.25050000,8348961.50000000
1779289200000,0.25040000,0.25150000,0.24910000,0.25020000,4467750.80000000
1779292800000,0.25030000,0.25070000,0.24810000,0.25010000,7732174.80000000
1779296400000,0.25000000,0.25140000,0.24970000,0.25030000,5791987.90000000
1779300000000,0.25020000,0.25050000,0.24910000,0.24920000,3021881.00000000
1779303600000,0.24920000,0.25080000,0.24880000,0.25020000,3170211.50000000
1779307200000,0.25030000,0.25070000,0.24920000,0.25060000,1479860.70000000
1779310800000,0.25050000,0.25090000,0.24970000,0.24980000,2135036.20000000
1779314400000,0.24970000,0.24970000,0.24830000,0.24930000,2420568.90000000
1779318000000,0.24920000,0.24950000,0.24830000,0.24920000,2790384.90000000
1779321600000,0.24920000,0.25090000,0.24890000,0.25060000,2697746.90000000
1779325200000,0.25070000,0.25210000,0.25050000,0.25100000,4737560.10000000
1779328800000,0.25100000,0.25230000,0.25070000,0.25140000,3748626.80000000
1779332400000,0.25140000,0.25230000,0.25080000,0.25210000,2255832.00000000
1779336000000,0.25220000,0.25270000,0.25100000,0.25150000,4377662.20000000
1779339600000,0.25150000,0.25170000,0.24840000,0.24930000,6506877.40000000
1779343200000,0.24940000,0.24950000,0.24760000,0.24810000,6204845.30000000
1779346800000,0.24800000,0.24950000,0.24780000,0.24920000,3458307.50000000
1779350400000,0.24910000,0.25050000,0.24910000,0.24980000,2969838.20000000
1779354000000,0.24980000,0.25020000,0.24860000,0.24880000,1554874.90000000
1779357600000,0.24870000,0.24940000,0.24580000,0.24660000,9219407.20000000
1779361200000,0.24660000,0.24800000,0.24620000,0.24670000,3279883.00000000
1779364800000,0.24670000,0.24790000,0.24630000,0.24750000,3181969.80000000
1779368400000,0.24740000,0.24790000,0.24630000,0.24730000,4479467.80000000
1779372000000,0.24730000,0.24810000,0.24630000,0.24710000,5221805.40000000
1779375600000,0.24710000,0.24970000,0.24680000,0.24850000,3879738.00000000
1779379200000,0.24860000,0.24920000,0.24780000,0.24850000,1667141.00000000
1779382800000,0.24860000,0.25290000,0.24830000,0.25220000,12615098.00000000
1779386400000,0.25210000,0.25370000,0.25070000,0.25160000,9511956.30000000
1779390000000,0.25170000,0.25290000,0.25150000,0.25240000,4615206.10000000
1779393600000,0.25240000,0.25300000,0.25180000,0.25220000,1614554.00000000
1779397200000,0.25220000,0.25320000,0.25180000,0.25190000,1690851.20000000
1779400800000,0.25190000,0.25230000,0.25070000,0.25080000,1347570.50000000
1779404400000,0.25080000,0.25170000,0.24990000,0.25070000,6316226.00000000
1779408000000,0.25070000,0.25090000,0.24930000,0.24930000,1499397.50000000
1779411600000,0.24930000,0.25050000,0.24910000,0.25050000,1359121.00000000
1779415200000,0.25050000,0.25140000,0.25030000,0.25080000,2345951.20000000
1779418800000,0.25080000,0.25200000,0.25030000,0.25170000,3294558.50000000
1779422400000,0.25180000,0.25280000,0.25120000,0.25170000,4286303.00000000
1779426000000,0.25180000,0.25300000,0.25140000,0.25200000,1611986.80000000
1779429600000,0.25200000,0.25220000,0.25020000,0.25030000,3993917.00000000
1779433200000,0.25040000,0.25210000,0.24940000,0.25160000,3622484.90000000
1779436800000,0.25160000,0.25270000,0.25080000,0.25160000,4011246.40000000
1779440400000,0.25160000,0.25250000,0.25110000,0.25120000,2517202.70000000
1779444000000,0.25120000,0.25180000,0.25070000,0.25140000,1587212.40000000
1779447600000,0.25140000,0.25280000,0.25090000,0.25260000,2430866.80000000
1779451200000,0.25260000,0.25430000,0.25210000,0.25420000,6307647.30000000
1779454800000,0.25420000,0.25460000,0.25160000,0.25250000,8265195.30000000
1779458400000,0.25240000,0.25240000,0.24890000,0.24950000,11630296.50000000
1779462000000,0.24950000,0.25040000,0.24800000,0.24970000,7444732.20000000
1779465600000,0.24970000,0.25030000,0.24850000,0.24940000,3703476.30000000
1779469200000,0.24940000,0.25030000,0.24840000,0.24890000,3701892.70000000
1779472800000,0.24880000,0.24920000,0.24270000,0.24570000,25014760.70000000
1779476400000,0.24560000,0.24610000,0.24240000,0.24430000,17641337.60000000
1779480000000,0.24440000,0.24590000,0.24430000,0.24570000,3602335.10000000
1779483600000,0.24560000,0.24680000,0.24550000,0.24600000,2258786.90000000
1779487200000,0.24600000,0.24620000,0.24460000,0.24530000,1833454.80000000
1779490800000,0.24530000,0.24580000,0.24100000,0.24240000,10739974.40000000
1779494400000,0.24240000,0.24360000,0.24160000,0.24340000,7241968.60000000
1779498000000,0.24340000,0.24400000,0.24260000,0.24380000,4082938.60000000
1779501600000,0.24390000,0.24420000,0.24330000,0.24380000,2564147.60000000
1779505200000,0.24370000,0.24410000,0.24360000,0.24380000,1606519.70000000
1779508800000,0.24380000,0.24380000,0.24220000,0.24240000,2760379.80000000
1779512400000,0.24230000,0.24240000,0.24130000,0.24210000,4597734.20000000
1779516000000,0.24200000,0.24240000,0.24150000,0.24210000,2446987.90000000
1779519600000,0.24220000,0.24230000,0.23580000,0.23780000,26400728.30000000
1779523200000,0.23780000,0.23890000,0.23690000,0.23850000,9311890.70000000
1779526800000,0.23850000,0.23870000,0.23740000,0.23830000,3777880.20000000
1779530400000,0.23840000,0.23940000,0.23840000,0.23910000,3192598.20000000
1779534000000,0.23910000,0.23930000,0.23810000,0.23820000,3153800.00000000
1779537600000,0.23810000,0.23840000,0.23780000,0.23820000,3765967.90000000
1779541200000,0.23820000,0.24120000,0.23820000,0.24080000,8903674.10000000
1779544800000,0.24090000,0.24300000,0.24030000,0.24270000,5206116.20000000
1779548400000,0.24280000,0.24380000,0.24160000,0.24230000,6448315.90000000
1779552000000,0.24240000,0.24320000,0.24180000,0.24270000,4550766.00000000
1779555600000,0.24270000,0.24290000,0.24190000,0.24260000,2566065.80000000
1779559200000,0.24260000,0.24540000,0.24240000,0.24410000,3957358.30000000
1779562800000,0.24420000,0.24490000,0.24350000,0.24430000,2678711.00000000
1779566400000,0.24430000,0.25000000,0.24380000,0.24990000,11218228.50000000
1779570000000,0.25000000,0.25080000,0.24690000,0.24780000,8538808.40000000
1779573600000,0.24780000,0.24880000,0.24530000,0.24650000,7530243.50000000
1779577200000,0.24650000,0.24680000,0.24580000,0.24600000,2397143.40000000
1779580800000,0.24610000,0.24700000,0.24560000,0.24620000,2418172.20000000
1779584400000,0.24630000,0.24680000,0.24590000,0.24640000,1463624.10000000
1779588000000,0.24650000,0.24660000,0.24480000,0.24570000,6292658.70000000
1779591600000,0.24560000,0.24610000,0.24480000,0.24540000,1372577.90000000
1779595200000,0.24540000,0.24610000,0.24530000,0.24580000,1833239.40000000
1779598800000,0.24580000,0.24610000,0.24510000,0.24600000,1422470.00000000
1779602400000,0.24610000,0.24650000,0.24530000,0.24640000,2160629.40000000
1779606000000,0.24640000,0.24650000,0.24510000,0.24540000,1528671.60000000
1779609600000,0.24550000,0.24600000,0.24510000,0.24590000,2580913.50000000
1779613200000,0.24590000,0.24620000,0.24550000,0.24590000,2899109.60000000
1779616800000,0.24590000,0.24670000,0.24510000,0.24530000,2928117.60000000
1779620400000,0.24520000,0.24610000,0.24520000,0.24570000,1671715.70000000
1779624000000,0.24570000,0.24570000,0.24430000,0.24510000,1813108.20000000
1779627600000,0.24500000,0.24530000,0.24330000,0.24390000,2731682.40000000
1779631200000,0.24390000,0.24420000,0.24100000,0.24290000,5366898.20000000
1779634800000,0.24290000,0.24320000,0.24250000,0.24300000,879134.20000000
1779638400000,0.24290000,0.24360000,0.24240000,0.24310000,1621968.90000000
1779642000000,0.24310000,0.24340000,0.24270000,0.24320000,1549430.30000000
1779645600000,0.24310000,0.24340000,0.24200000,0.24240000,1262277.50000000
1779649200000,0.24230000,0.24320000,0.24220000,0.24250000,1093865.00000000
1779652800000,0.24260000,0.24280000,0.24130000,0.24190000,2242396.50000000
1779656400000,0.24190000,0.24220000,0.23850000,0.23940000,7596387.60000000
1779660000000,0.23930000,0.24220000,0.23930000,0.24110000,5576962.40000000
1779663600000,0.24110000,0.24280000,0.24110000,0.24230000,1942041.70000000
1779667200000,0.24240000,0.24330000,0.24220000,0.24270000,3068996.60000000
1779670800000,0.24280000,0.24300000,0.24080000,0.24090000,2122669.30000000
1779674400000,0.24100000,0.24290000,0.24100000,0.24130000,1789035.00000000
1779678000000,0.24130000,0.24150000,0.24040000,0.24100000,2327967.70000000
1779681600000,0.24100000,0.24310000,0.24070000,0.24270000,3698872.70000000
1779685200000,0.24280000,0.24380000,0.24250000,0.24330000,1839621.00000000
1779688800000,0.24330000,0.24420000,0.24270000,0.24400000,2500009.80000000
1779692400000,0.24410000,0.24510000,0.24350000,0.24510000,9058625.70000000
1779696000000,0.24510000,0.24610000,0.24400000,0.24600000,7437069.00000000
1779699600000,0.24600000,0.24620000,0.24490000,0.24500000,3309108.60000000
1779703200000,0.24500000,0.24610000,0.24480000,0.24600000,3817130.20000000
1779706800000,0.24600000,0.24610000,0.24470000,0.24490000,2492333.40000000
1779710400000,0.24500000,0.24550000,0.24440000,0.24460000,2361785.80000000
1779714000000,0.24460000,0.24560000,0.24440000,0.24530000,1428910.10000000
1779717600000,0.24530000,0.24700000,0.24530000,0.24620000,4375336.90000000
1779721200000,0.24610000,0.24730000,0.24540000,0.24610000,3367492.80000000
1779724800000,0.24610000,0.24800000,0.24570000,0.24750000,2445071.70000000
1779728400000,0.24760000,0.24780000,0.24620000,0.24660000,2966294.20000000
1779732000000,0.24650000,0.24760000,0.24620000,0.24640000,2054040.80000000
1779735600000,0.24630000,0.24640000,0.24500000,0.24550000,1721943.70000000
1779739200000,0.24540000,0.24610000,0.24400000,0.24450000,2698651.30000000
1779742800000,0.24450000,0.24520000,0.24440000,0.24470000,1022918.30000000
1779746400000,0.24470000,0.24470000,0.24230000,0.24270000,2954893.10000000
1779750000000,0.24260000,0.24410000,0.24240000,0.24370000,1674368.50000000
1779753600000,0.24360000,0.24380000,0.24060000,0.24210000,5010974.90000000
1779757200000,0.24200000,0.24210000,0.24000000,0.24090000,4218475.40000000
1779760800000,0.24090000,0.24100000,0.24020000,0.24070000,4933558.60000000
1779764400000,0.24060000,0.24110000,0.23940000,0.24080000,3109665.60000000
1779768000000,0.24090000,0.24180000,0.24050000,0.24110000,2679708.00000000
1779771600000,0.24110000,0.24300000,0.24080000,0.24220000,5815123.50000000
1779775200000,0.24210000,0.24250000,0.24130000,0.24210000,2430660.70000000
1779778800000,0.24220000,0.24230000,0.24060000,0.24120000,3112875.90000000
1779782400000,0.24130000,0.24250000,0.24120000,0.24210000,2378148.20000000
1779786000000,0.24220000,0.24270000,0.24160000,0.24230000,1533606.10000000
1779789600000,0.24220000,0.24570000,0.24180000,0.24500000,7956387.30000000
1779793200000,0.24500000,0.24520000,0.24420000,0.24430000,2528762.10000000
1779796800000,0.24430000,0.24520000,0.24330000,0.24480000,3060331.00000000
1779800400000,0.24490000,0.24550000,0.24340000,0.24510000,4389852.00000000
1779804000000,0.24520000,0.24730000,0.24320000,0.24400000,8604619.20000000
1779807600000,0.24400000,0.24430000,0.24120000,0.24270000,10924029.20000000
1779811200000,0.24270000,0.24280000,0.24080000,0.24130000,10087941.80000000
1779814800000,0.24130000,0.24190000,0.23810000,0.23980000,14105855.20000000
1779818400000,0.23990000,0.24160000,0.23930000,0.23960000,4080915.90000000
1779822000000,0.23960000,0.24070000,0.23900000,0.24020000,1824849.30000000
1779825600000,0.24030000,0.24060000,0.23960000,0.24050000,1083745.20000000
1779829200000,0.24050000,0.24100000,0.23930000,0.23970000,2532037.20000000
1779832800000,0.23980000,0.24040000,0.23920000,0.24000000,1869652.10000000
1779836400000,0.24000000,0.24080000,0.24000000,0.24010000,1471274.40000000
1779840000000,0.24010000,0.24190000,0.24000000,0.24170000,2090290.50000000
1779843600000,0.24170000,0.24190000,0.24020000,0.24050000,2199516.70000000
1779847200000,0.24040000,0.24070000,0.23920000,0.24070000,3772468.50000000
1779850800000,0.24080000,0.24080000,0.23970000,0.24010000,2364046.80000000
1779854400000,0.24010000,0.24040000,0.23700000,0.23970000,9577364.50000000
1779858000000,0.23970000,0.24060000,0.23960000,0.24000000,3020505.50000000
1779861600000,0.24000000,0.24090000,0.23960000,0.24050000,1971403.50000000
1779865200000,0.24050000,0.24080000,0.23970000,0.24040000,1993420.90000000
1779868800000,0.24040000,0.24130000,0.23960000,0.23990000,2995537.60000000
1779872400000,0.23980000,0.23990000,0.23890000,0.23930000,1969207.80000000
1779876000000,0.23940000,0.24050000,0.23910000,0.23960000,2631083.60000000
1779879600000,0.23950000,0.24030000,0.23940000,0.23960000,1807389.00000000
1779883200000,0.23970000,0.24150000,0.23850000,0.24020000,4367922.80000000
1779886800000,0.24030000,0.24050000,0.23740000,0.23910000,7177667.70000000
1779890400000,0.23920000,0.24030000,0.23810000,0.24000000,10737396.10000000
1779894000000,0.24000000,0.24350000,0.23990000,0.24150000,6491917.90000000
1779897600000,0.24150000,0.24200000,0.24010000,0.24110000,2728934.60000000
1779901200000,0.24120000,0.24120000,0.23780000,0.23840000,4209296.70000000
1779904800000,0.23840000,0.23990000,0.23790000,0.23980000,3228676.30000000
1779908400000,0.23980000,0.24130000,0.23980000,0.24100000,3504619.10000000
1779912000000,0.24100000,0.24130000,0.23980000,0.24040000,4273612.20000000
1779915600000,0.24030000,0.24080000,0.23600000,0.23750000,10163514.40000000
1779919200000,0.23750000,0.23880000,0.23620000,0.23670000,5981672.30000000
1779922800000,0.23660000,0.23770000,0.23610000,0.23720000,5852296.00000000
1779926400000,0.23720000,0.23840000,0.23700000,0.23830000,4102111.30000000
1779930000000,0.23830000,0.23840000,0.23600000,0.23740000,2918889.60000000
1779933600000,0.23750000,0.23780000,0.23680000,0.23700000,1942426.10000000
1779937200000,0.23700000,0.23730000,0.23160000,0.23220000,18651592.80000000
1779940800000,0.23220000,0.23230000,0.22890000,0.23120000,14814328.40000000
1779944400000,0.23120000,0.23130000,0.22800000,0.22980000,11098282.90000000
1779948000000,0.22970000,0.23050000,0.22860000,0.23020000,5057320.40000000
1779951600000,0.23030000,0.23170000,0.22970000,0.23150000,6233864.50000000
1779955200000,0.23150000,0.23160000,0.22950000,0.23020000,4795466.60000000
1779958800000,0.23030000,0.23210000,0.23030000,0.23160000,3050054.90000000
1779962400000,0.23160000,0.23210000,0.22980000,0.22990000,4725516.60000000
1779966000000,0.22990000,0.23050000,0.22940000,0.23020000,4224329.90000000
1779969600000,0.23020000,0.23180000,0.22910000,0.23180000,3964228.10000000
1779973200000,0.23180000,0.23260000,0.23020000,0.23140000,7804253.30000000
1779976800000,0.23140000,0.23410000,0.22930000,0.23220000,10798335.30000000
1779980400000,0.23230000,0.23400000,0.23070000,0.23300000,3704522.40000000
1779984000000,0.23300000,0.23510000,0.23160000,0.23450000,6225547.40000000
1779987600000,0.23450000,0.23530000,0.23380000,0.23520000,4594741.50000000
1779991200000,0.23520000,0.23770000,0.23500000,0.23640000,7161627.80000000
1779994800000,0.23630000,0.23630000,0.23440000,0.23450000,2667747.70000000
1779998400000,0.23450000,0.23610000,0.23360000,0.23560000,3281196.20000000
1780002000000,0.23560000,0.23630000,0.23510000,0.23560000,1937088.90000000
1780005600000,0.23550000,0.23620000,0.23390000,0.23420000,2998084.50000000
1780009200000,0.23410000,0.23560000,0.23400000,0.23490000,1291656.90000000
1780012800000,0.23490000,0.23600000,0.23480000,0.23510000,2517824.50000000
1780016400000,0.23510000,0.23570000,0.23440000,0.23490000,2323862.10000000
1780020000000,0.23490000,0.23540000,0.23280000,0.23310000,2024398.50000000
1780023600000,0.23310000,0.23470000,0.23310000,0.23340000,1135292.80000000
1780027200000,0.23340000,0.23450000,0.23250000,0.23450000,1567565.70000000
1780030800000,0.23450000,0.23530000,0.23430000,0.23530000,1456100.70000000
1780034400000,0.23530000,0.23700000,0.23530000,0.23600000,2346703.90000000
1780038000000,0.23590000,0.23640000,0.23380000,0.23490000,2034711.30000000
1780041600000,0.23490000,0.23570000,0.23470000,0.23510000,1626637.90000000
1780045200000,0.23520000,0.23600000,0.23500000,0.23550000,1662257.60000000
1780048800000,0.23540000,0.23540000,0.23420000,0.23470000,1064066.60000000
1780052400000,0.23470000,0.23490000,0.23280000,0.23350000,1292852.50000000
1780056000000,0.23350000,0.23370000,0.23190000,0.23250000,2523243.90000000
1780059600000,0.23250000,0.23300000,0.23160000,0.23260000,2432834.80000000
1780063200000,0.23270000,0.23340000,0.22980000,0.23260000,8141753.40000000
1780066800000,0.23260000,0.23810000,0.23220000,0.23580000,12029913.30000000
1780070400000,0.23580000,0.23630000,0.23360000,0.23530000,6779689.80000000
1780074000000,0.23530000,0.23630000,0.23440000,0.23490000,9336883.20000000
1780077600000,0.23490000,0.23500000,0.23110000,0.23220000,8663410.80000000
1780081200000,0.23220000,0.23340000,0.23060000,0.23290000,2625196.00000000
1780084800000,0.23290000,0.23360000,0.23250000,0.23300000,1803078.50000000
1780088400000,0.23300000,0.23400000,0.23220000,0.23220000,2426772.40000000
1780092000000,0.23230000,0.23350000,0.23220000,0.23300000,1356560.40000000
1780095600000,0.23300000,0.23380000,0.23170000,0.23290000,4844029.20000000
1780099200000,0.23300000,0.23550000,0.23270000,0.23510000,4878639.50000000
1780102800000,0.23520000,0.23780000,0.23460000,0.23780000,7395054.20000000
1780106400000,0.23780000,0.23880000,0.23720000,0.23860000,8971923.50000000
1780110000000,0.23850000,0.23940000,0.23620000,0.23640000,8822834.90000000
1780113600000,0.23650000,0.23710000,0.23390000,0.23510000,8516836.30000000
1780117200000,0.23500000,0.23590000,0.23470000,0.23580000,3596529.60000000
1780120800000,0.23580000,0.23630000,0.23510000,0.23540000,1647279.70000000
1780124400000,0.23540000,0.23570000,0.23470000,0.23530000,1921312.60000000
1780128000000,0.23530000,0.23560000,0.23420000,0.23430000,2017603.70000000
1780131600000,0.23420000,0.23550000,0.23400000,0.23530000,1324676.70000000
1780135200000,0.23530000,0.23560000,0.23470000,0.23490000,2107197.00000000
1780138800000,0.23480000,0.23550000,0.23430000,0.23530000,952621.60000000
1780142400000,0.23530000,0.23560000,0.23490000,0.23540000,1403898.10000000
1780146000000,0.23540000,0.23600000,0.23500000,0.23590000,2469554.10000000
1780149600000,0.23590000,0.23680000,0.23560000,0.23610000,3780265.30000000
1780153200000,0.23620000,0.23700000,0.23610000,0.23650000,2906971.80000000
1780156800000,0.23650000,0.23720000,0.23610000,0.23690000,1788351.80000000
1780160400000,0.23690000,0.23740000,0.23580000,0.23710000,2326599.60000000
1780164000000,0.23720000,0.23790000,0.23670000,0.23770000,2697329.30000000
1780167600000,0.23770000,0.23770000,0.23670000,0.23720000,1100577.50000000
1780171200000,0.23730000,0.23770000,0.23680000,0.23770000,3888646.00000000
1780174800000,0.23770000,0.23840000,0.23760000,0.23760000,2262846.10000000
1780178400000,0.23750000,0.23750000,0.23550000,0.23610000,3325258.10000000
1780182000000,0.23610000,0.23650000,0.23530000,0.23600000,1592347.50000000
1780185600000,0.23600000,0.23680000,0.23560000,0.23670000,2937280.00000000
1780189200000,0.23670000,0.23750000,0.23640000,0.23690000,1750181.90000000
1780192800000,0.23690000,0.23820000,0.23660000,0.23740000,2742434.80000000
1780196400000,0.23740000,0.23850000,0.23740000,0.23810000,1888732.70000000
1780200000000,0.23810000,0.23880000,0.23780000,0.23870000,1698429.00000000
1780203600000,0.23860000,0.23870000,0.23750000,0.23780000,1110422.70000000
1780207200000,0.23780000,0.23810000,0.23730000,0.23790000,1389490.60000000
1780210800000,0.23780000,0.23780000,0.23630000,0.23660000,1971114.80000000
1780214400000,0.23660000,0.23760000,0.23660000,0.23700000,1908496.30000000
1780218000000,0.23710000,0.23810000,0.23660000,0.23730000,1861087.40000000
1780221600000,0.23730000,0.23740000,0.23560000,0.23710000,1792551.70000000
1780225200000,0.23720000,0.23750000,0.23670000,0.23710000,734310.60000000
1780228800000,0.23710000,0.23810000,0.23650000,0.23770000,1221973.60000000
1780232400000,0.23770000,0.23800000,0.23670000,0.23680000,1987368.30000000
1780236000000,0.23680000,0.23700000,0.23350000,0.23400000,11838873.20000000
1780239600000,0.23400000,0.23510000,0.23360000,0.23380000,4929074.50000000
1780243200000,0.23390000,0.23430000,0.23240000,0.23300000,4243776.40000000
1780246800000,0.23300000,0.23360000,0.23200000,0.23350000,3750022.80000000
1780250400000,0.23350000,0.23350000,0.23240000,0.23310000,2794359.00000000
1780254000000,0.23310000,0.23350000,0.23190000,0.23280000,1408284.20000000
1780257600000,0.23290000,0.23400000,0.23280000,0.23390000,2057241.70000000
1780261200000,0.23390000,0.23540000,0.23360000,0.23490000,1746760.20000000
1780264800000,0.23500000,0.23610000,0.23420000,0.23590000,2497744.50000000
1780268400000,0.23590000,0.23710000,0.23440000,0.23570000,2919387.20000000
1780272000000,0.23570000,0.23750000,0.23540000,0.23670000,4462150.10000000
1780275600000,0.23680000,0.23690000,0.23330000,0.23340000,2744352.90000000
1780279200000,0.23330000,0.23680000,0.23280000,0.23640000,3834629.60000000
1780282800000,0.23640000,0.23760000,0.23630000,0.23690000,3513027.40000000
1780286400000,0.23690000,0.23760000,0.23330000,0.23450000,4022891.40000000
1780290000000,0.23440000,0.23500000,0.23340000,0.23400000,3486034.10000000
1780293600000,0.23400000,0.23430000,0.23200000,0.23300000,2929669.00000000
1780297200000,0.23300000,0.23330000,0.23070000,0.23100000,9035697.50000000
1780300800000,0.23100000,0.23180000,0.23030000,0.23140000,4885823.10000000
1780304400000,0.23140000,0.23240000,0.23130000,0.23180000,3720759.70000000
1780308000000,0.23180000,0.23190000,0.23060000,0.23130000,3696925.10000000
1780311600000,0.23140000,0.23210000,0.22940000,0.23020000,10624617.10000000
1780315200000,0.23030000,0.23160000,0.22910000,0.23060000,6425114.00000000
1780318800000,0.23060000,0.23070000,0.22710000,0.22880000,14106444.00000000
1780322400000,0.22880000,0.22930000,0.22630000,0.22760000,9960349.70000000
1780326000000,0.22760000,0.22810000,0.22540000,0.22700000,10285290.40000000
1780329600000,0.22700000,0.23070000,0.22620000,0.23040000,6007040.30000000
1780333200000,0.23050000,0.23190000,0.23000000,0.23110000,5893019.60000000
1780336800000,0.23100000,0.23190000,0.23010000,0.23050000,2512505.30000000
1780340400000,0.23050000,0.23190000,0.23000000,0.23140000,2419457.70000000
1780344000000,0.23140000,0.23160000,0.23030000,0.23100000,1207361.50000000
1780347600000,0.23100000,0.23100000,0.22910000,0.22950000,2109784.70000000
1780351200000,0.22950000,0.23100000,0.22840000,0.23090000,3875936.60000000
1780354800000,0.23090000,0.23170000,0.23020000,0.23110000,2543111.10000000
1780358400000,0.23110000,0.23130000,0.22950000,0.22970000,2355437.70000000
1780362000000,0.22970000,0.22990000,0.22720000,0.22720000,3464603.40000000
1780365600000,0.22720000,0.22800000,0.22470000,0.22800000,8871569.40000000
1780369200000,0.22810000,0.22860000,0.22710000,0.22800000,3909662.40000000
1780372800000,0.22800000,0.22860000,0.22570000,0.22600000,3781855.40000000
1780376400000,0.22590000,0.22660000,0.22370000,0.22460000,7295132.60000000
1780380000000,0.22450000,0.22480000,0.22300000,0.22390000,9206616.00000000
1780383600000,0.22390000,0.22500000,0.22270000,0.22400000,5277815.40000000
1780387200000,0.22400000,0.22460000,0.22360000,0.22400000,3066869.20000000
1780390800000,0.22400000,0.22410000,0.22240000,0.22330000,4894919.50000000
1780394400000,0.22340000,0.22470000,0.22270000,0.22450000,2414726.90000000
1780398000000,0.22440000,0.22440000,0.22300000,0.22320000,2838237.20000000
1780401600000,0.22310000,0.22350000,0.22180000,0.22330000,6578789.60000000
1780405200000,0.22320000,0.22390000,0.22250000,0.22300000,5190589.40000000
1780408800000,0.22300000,0.22300000,0.21650000,0.21950000,40503072.20000000
1780412400000,0.21940000,0.21970000,0.21380000,0.21540000,27375274.10000000
1780416000000,0.21530000,0.21920000,0.21480000,0.21840000,18564305.80000000
1780419600000,0.21840000,0.21910000,0.21730000,0.21870000,19990992.40000000
1780423200000,0.21870000,0.21930000,0.21550000,0.21640000,7356273.00000000
1780426800000,0.21630000,0.21690000,0.21190000,0.21570000,15691074.90000000
1780430400000,0.21570000,0.21720000,0.21400000,0.21640000,6780288.20000000
1780434000000,0.21640000,0.21840000,0.21560000,0.21680000,5180671.90000000
1780437600000,0.21680000,0.21680000,0.21110000,0.21230000,12061177.80000000
1780441200000,0.21240000,0.21340000,0.20940000,0.21300000,15264679.30000000
1780444800000,0.21300000,0.21440000,0.21250000,0.21370000,5861828.00000000
1780448400000,0.21360000,0.21460000,0.21220000,0.21390000,4855851.00000000
1780452000000,0.21390000,0.21390000,0.21150000,0.21240000,4828434.60000000
1780455600000,0.21240000,0.21270000,0.20740000,0.20880000,12219906.30000000
1780459200000,0.20880000,0.21230000,0.20880000,0.21190000,6973433.30000000
1780462800000,0.21200000,0.21540000,0.21200000,0.21500000,9866655.30000000
1780466400000,0.21510000,0.21690000,0.21470000,0.21540000,6724338.90000000
1780470000000,0.21550000,0.21820000,0.21510000,0.21710000,6183345.60000000
1780473600000,0.21720000,0.21750000,0.21600000,0.21670000,5578915.70000000
1780477200000,0.21660000,0.21740000,0.21540000,0.21650000,8223794.40000000
1780480800000,0.21640000,0.21840000,0.21640000,0.21760000,10050326.20000000
1780484400000,0.21770000,0.21840000,0.21570000,0.21620000,6248050.90000000
1780488000000,0.21610000,0.21650000,0.21500000,0.21570000,10264931.90000000
1780491600000,0.21570000,0.21650000,0.21440000,0.21530000,10512368.70000000
1780495200000,0.21520000,0.21570000,0.21330000,0.21400000,12753159.20000000
1780498800000,0.21400000,0.21470000,0.21160000,0.21200000,10407006.80000000
1780502400000,0.21200000,0.21220000,0.20770000,0.20950000,22604033.70000000
1780506000000,0.20950000,0.21090000,0.20770000,0.20990000,8482739.60000000
1780509600000,0.20990000,0.21000000,0.20710000,0.20840000,7490744.10000000
1780513200000,0.20840000,0.20860000,0.20430000,0.20480000,14586278.70000000
1780516800000,0.20480000,0.20590000,0.20060000,0.20230000,24698400.20000000
1780520400000,0.20220000,0.20560000,0.20180000,0.20550000,10486969.50000000
1780524000000,0.20560000,0.20660000,0.20220000,0.20260000,13374146.00000000
1780527600000,0.20260000,0.20270000,0.20010000,0.20040000,11579305.20000000
1780531200000,0.20040000,0.20190000,0.19600000,0.19780000,25246938.60000000
1780534800000,0.19790000,0.19890000,0.19140000,0.19240000,27747871.20000000
1780538400000,0.19250000,0.19640000,0.18770000,0.19500000,44460012.40000000
1780542000000,0.19500000,0.20030000,0.19500000,0.19980000,17417872.10000000
1780545600000,0.19990000,0.20120000,0.19880000,0.19900000,11089259.00000000
1780549200000,0.19890000,0.19900000,0.19560000,0.19670000,11515495.90000000
1780552800000,0.19660000,0.19970000,0.19630000,0.19780000,7967064.90000000
1780556400000,0.19780000,0.19800000,0.19470000,0.19480000,6050758.30000000
1780560000000,0.19490000,0.19570000,0.19280000,0.19360000,7308750.80000000
1780563600000,0.19360000,0.19360000,0.18800000,0.19060000,21905904.80000000
1780567200000,0.19060000,0.19070000,0.18710000,0.18790000,26054785.10000000
1780570800000,0.18780000,0.19050000,0.18740000,0.19030000,10644627.10000000
1780574400000,0.19020000,0.19270000,0.18820000,0.19190000,16017073.80000000
1780578000000,0.19190000,0.19210000,0.18710000,0.18920000,17923169.30000000
1780581600000,0.18930000,0.19010000,0.18780000,0.18960000,14218630.40000000
1780585200000,0.18970000,0.19230000,0.18880000,0.18890000,11891055.60000000
1780588800000,0.18890000,0.18900000,0.18600000,0.18720000,12918700.90000000
1780592400000,0.18720000,0.18960000,0.18660000,0.18830000,9427290.30000000
1780596000000,0.18840000,0.19060000,0.18570000,0.18840000,11574166.30000000
1780599600000,0.18840000,0.18960000,0.18610000,0.18660000,10994909.80000000
1780603200000,0.18660000,0.18680000,0.18380000,0.18450000,11715611.70000000
1780606800000,0.18440000,0.18450000,0.17880000,0.18050000,22097404.80000000
1780610400000,0.18040000,0.18230000,0.17990000,0.18190000,11991052.20000000
1780614000000,0.18190000,0.18340000,0.17940000,0.17980000,11767435.40000000
1780617600000,0.17980000,0.17980000,0.17420000,0.17470000,26969130.60000000
1780621200000,0.17460000,0.17480000,0.17160000,0.17230000,27765021.10000000
1780624800000,0.17220000,0.17230000,0.16300000,0.16360000,47447287.80000000
1780628400000,0.16360000,0.16560000,0.15810000,0.15840000,46617003.00000000
1780632000000,0.15850000,0.16890000,0.15830000,0.16870000,36855464.40000000
1780635600000,0.16880000,0.16920000,0.16370000,0.16460000,17888704.40000000
1780639200000,0.16460000,0.16540000,0.16000000,0.16170000,28759110.70000000
1780642800000,0.16170000,0.16580000,0.15880000,0.16350000,26321236.70000000
1780646400000,0.16340000,0.16360000,0.15870000,0.16090000,17766497.10000000
1780650000000,0.16100000,0.16530000,0.16050000,0.16400000,20316938.40000000
1780653600000,0.16410000,0.16640000,0.16290000,0.16400000,12919659.40000000
1780657200000,0.16390000,0.16420000,0.16140000,0.16240000,20582420.30000000
1780660800000,0.16230000,0.16400000,0.16060000,0.16280000,15197789.80000000
1780664400000,0.16280000,0.16520000,0.15950000,0.15980000,20606678.20000000
1780668000000,0.15980000,0.16310000,0.15780000,0.16040000,27690164.40000000
1780671600000,0.16050000,0.16100000,0.15640000,0.15730000,23805820.30000000
1780675200000,0.15720000,0.16340000,0.15440000,0.16290000,43264207.20000000
1780678800000,0.16290000,0.16380000,0.15970000,0.16100000,13462324.40000000
1780682400000,0.16100000,0.16270000,0.15730000,0.15770000,13241575.00000000
1780686000000,0.15760000,0.16170000,0.15510000,0.16060000,15661303.50000000
1780689600000,0.16060000,0.16340000,0.15840000,0.16240000,18379211.40000000
1780693200000,0.16240000,0.16390000,0.16160000,0.16250000,10131137.30000000
1780696800000,0.16240000,0.16240000,0.15880000,0.15970000,16822136.20000000
1780700400000,0.15970000,0.16050000,0.15510000,0.15670000,14113687.90000000
1780704000000,0.15670000,0.16190000,0.15670000,0.16130000,10776754.80000000
1780707600000,0.16140000,0.16240000,0.15800000,0.15860000,9718641.10000000
1780711200000,0.15850000,0.15860000,0.15520000,0.15550000,12719052.20000000
1780714800000,0.15560000,0.15610000,0.15380000,0.15520000,15764309.40000000
1780718400000,0.15510000,0.15600000,0.14870000,0.14980000,43306309.30000000
1780722000000,0.14990000,0.15490000,0.14860000,0.15380000,41502523.60000000
1780725600000,0.15390000,0.15640000,0.15360000,0.15410000,18742287.90000000
1780729200000,0.15410000,0.15840000,0.15410000,0.15740000,17291611.80000000
1780732800000,0.15740000,0.16000000,0.15660000,0.15950000,14120859.50000000
1780736400000,0.15950000,0.16030000,0.15630000,0.15670000,11349410.10000000
1780740000000,0.15670000,0.15670000,0.15360000,0.15450000,16934491.10000000
1780743600000,0.15440000,0.15670000,0.15440000,0.15630000,7729022.10000000
1780747200000,0.15640000,0.15950000,0.15500000,0.15840000,9370814.70000000
1780750800000,0.15830000,0.15960000,0.15780000,0.15860000,8726917.70000000
1780754400000,0.15860000,0.16170000,0.15830000,0.16000000,20219696.90000000
1780758000000,0.16010000,0.16040000,0.15690000,0.15850000,16187048.60000000
1780761600000,0.15840000,0.16020000,0.15750000,0.16000000,8931399.20000000
1780765200000,0.16000000,0.16010000,0.15710000,0.15770000,8322662.50000000
1780768800000,0.15760000,0.15890000,0.15670000,0.15690000,8572596.20000000
1780772400000,0.15690000,0.15820000,0.15680000,0.15690000,7871591.00000000
1780776000000,0.15690000,0.15750000,0.15610000,0.15710000,5654004.60000000
1780779600000,0.15700000,0.15870000,0.15690000,0.15700000,4704600.40000000
1780783200000,0.15700000,0.15730000,0.15570000,0.15590000,5149883.00000000
1780786800000,0.15590000,0.15770000,0.15560000,0.15730000,7459665.60000000
1780790400000,0.15740000,0.15850000,0.15680000,0.15750000,3881120.60000000
1780794000000,0.15750000,0.16200000,0.15720000,0.16100000,14356962.40000000
1780797600000,0.16100000,0.16180000,0.15950000,0.16090000,9181787.30000000
1780801200000,0.16080000,0.16220000,0.16030000,0.16140000,7275651.70000000
1780804800000,0.16140000,0.16290000,0.15970000,0.16220000,10594906.00000000
1780808400000,0.16220000,0.16230000,0.16070000,0.16120000,7654830.00000000
1780812000000,0.16120000,0.16310000,0.16010000,0.16120000,10599414.10000000
1780815600000,0.16120000,0.16260000,0.16070000,0.16240000,8745809.60000000
1780819200000,0.16240000,0.16550000,0.16170000,0.16510000,14407670.60000000
1780822800000,0.16500000,0.16700000,0.16470000,0.16510000,18069116.10000000
1780826400000,0.16510000,0.16610000,0.16350000,0.16430000,9649795.20000000
1780830000000,0.16420000,0.16560000,0.16390000,0.16470000,10721942.70000000
1780833600000,0.16470000,0.16500000,0.16050000,0.16160000,14111784.70000000
1780837200000,0.16160000,0.16230000,0.16090000,0.16190000,6739507.50000000
1780840800000,0.16200000,0.16390000,0.16180000,0.16270000,9435258.20000000
1780844400000,0.16260000,0.16290000,0.16160000,0.16220000,7771916.80000000
1780848000000,0.16230000,0.16310000,0.16200000,0.16260000,4630663.70000000
1780851600000,0.16260000,0.16400000,0.16220000,0.16300000,4986149.90000000
1780855200000,0.16300000,0.16370000,0.16190000,0.16190000,6014300.80000000
1780858800000,0.16200000,0.16200000,0.15800000,0.15860000,20138342.50000000
1780862400000,0.15850000,0.16100000,0.15810000,0.16080000,6584145.60000000
1780866000000,0.16080000,0.16150000,0.15960000,0.16070000,6102229.60000000
1780869600000,0.16080000,0.16880000,0.16060000,0.16460000,30743137.40000000
1780873200000,0.16450000,0.16620000,0.16440000,0.16530000,8342012.90000000
1780876800000,0.16530000,0.16660000,0.16420000,0.16540000,7805153.60000000
1780880400000,0.16540000,0.16540000,0.16150000,0.16330000,7483646.10000000
1780884000000,0.16340000,0.16430000,0.16280000,0.16360000,5409119.30000000
1780887600000,0.16350000,0.16510000,0.16290000,0.16410000,6458257.80000000
1780891200000,0.16410000,0.16440000,0.16110000,0.16150000,5592768.00000000
1780894800000,0.16140000,0.16200000,0.16000000,0.16080000,7654504.30000000
1780898400000,0.16090000,0.16250000,0.16070000,0.16180000,5119795.10000000
1780902000000,0.16180000,0.16400000,0.16090000,0.16390000,4338119.30000000
1780905600000,0.16390000,0.16390000,0.16230000,0.16340000,11752793.20000000
1780909200000,0.16340000,0.16550000,0.16280000,0.16530000,8679377.40000000
1780912800000,0.16530000,0.16590000,0.16360000,0.16450000,6941216.10000000
1780916400000,0.16440000,0.16830000,0.16410000,0.16760000,13935382.10000000
1780920000000,0.16770000,0.16840000,0.16490000,0.16770000,10347139.40000000
1780923600000,0.16780000,0.16790000,0.16560000,0.16630000,9125795.90000000
1780927200000,0.16630000,0.16840000,0.16560000,0.16810000,10217445.10000000
1780930800000,0.16810000,0.17140000,0.16810000,0.16930000,19122849.80000000
1780934400000,0.16940000,0.17230000,0.16780000,0.16790000,13206021.70000000
1780938000000,0.16780000,0.17000000,0.16720000,0.16990000,8065306.20000000
1780941600000,0.17000000,0.17270000,0.17000000,0.17100000,8029676.60000000
1780945200000,0.17100000,0.17260000,0.17080000,0.17190000,6137112.50000000
1780948800000,0.17190000,0.17190000,0.16880000,0.17080000,5512567.10000000
1780952400000,0.17090000,0.17450000,0.17090000,0.17180000,8486077.70000000
1780956000000,0.17170000,0.17240000,0.17050000,0.17210000,5741516.30000000
1780959600000,0.17220000,0.17320000,0.16990000,0.17040000,4760451.90000000
1780963200000,0.17040000,0.17080000,0.16610000,0.16690000,15496212.60000000
1780966800000,0.16690000,0.16730000,0.16610000,0.16680000,4235767.50000000
1780970400000,0.16680000,0.16760000,0.16590000,0.16750000,4362793.70000000
1780974000000,0.16750000,0.16760000,0.16570000,0.16640000,4112904.30000000
1780977600000,0.16630000,0.16900000,0.16510000,0.16860000,8857386.70000000
1780981200000,0.16860000,0.17030000,0.16770000,0.17000000,4561710.40000000
1780984800000,0.17000000,0.17100000,0.16930000,0.16940000,4572790.10000000
1780988400000,0.16950000,0.17110000,0.16900000,0.17030000,4179939.20000000
1780992000000,0.17030000,0.17050000,0.16830000,0.16890000,5309370.20000000
1780995600000,0.16900000,0.16930000,0.16670000,0.16780000,4376513.30000000
1780999200000,0.16780000,0.16850000,0.16690000,0.16780000,6447965.50000000
1781002800000,0.16770000,0.16790000,0.16680000,0.16740000,3682528.30000000
1781006400000,0.16740000,0.16890000,0.16720000,0.16890000,5306582.00000000
1781010000000,0.16880000,0.16980000,0.16710000,0.16840000,6335029.40000000
1781013600000,0.16830000,0.16910000,0.16430000,0.16630000,13422002.80000000
1781017200000,0.16630000,0.16710000,0.16270000,0.16310000,12225237.20000000
1781020800000,0.16300000,0.16360000,0.16080000,0.16200000,14598662.40000000
1781024400000,0.16210000,0.16620000,0.16200000,0.16520000,10281907.40000000
1781028000000,0.16520000,0.16770000,0.16450000,0.16690000,7456951.60000000
1781031600000,0.16700000,0.16900000,0.16620000,0.16850000,7473226.60000000
1781035200000,0.16860000,0.16990000,0.16800000,0.16810000,4748082.50000000
1781038800000,0.16810000,0.16820000,0.16540000,0.16610000,4005423.50000000
1781042400000,0.16610000,0.16630000,0.16500000,0.16510000,3948139.10000000
1781046000000,0.16520000,0.16590000,0.16490000,0.16530000,3320762.50000000
1781049600000,0.16530000,0.16650000,0.16440000,0.16630000,4240948.60000000
1781053200000,0.16630000,0.16690000,0.16460000,0.16480000,4163028.30000000
1781056800000,0.16480000,0.16530000,0.16180000,0.16190000,6809489.20000000
1781060400000,0.16190000,0.16300000,0.16130000,0.16240000,7088535.50000000
1781064000000,0.16240000,0.16300000,0.16110000,0.16150000,4798041.10000000
1781067600000,0.16160000,0.16210000,0.16020000,0.16040000,9806777.20000000
1781071200000,0.16050000,0.16130000,0.15970000,0.16050000,7063865.60000000
1781074800000,0.16050000,0.16220000,0.16050000,0.16140000,5812710.50000000
1781078400000,0.16130000,0.16160000,0.15880000,0.15950000,8404689.60000000
1781082000000,0.15950000,0.16080000,0.15860000,0.16040000,6035626.20000000
1781085600000,0.16030000,0.16090000,0.15910000,0.16070000,4651413.80000000
1781089200000,0.16070000,0.16070000,0.15860000,0.15960000,8190656.80000000
1781092800000,0.15950000,0.16360000,0.15910000,0.16210000,12333420.70000000
1781096400000,0.16200000,0.16600000,0.16130000,0.16490000,14693570.00000000
1781100000000,0.16490000,0.16520000,0.16240000,0.16390000,8764663.20000000
1781103600000,0.16400000,0.16680000,0.16310000,0.16500000,15641914.00000000
1781107200000,0.16500000,0.16520000,0.16060000,0.16200000,11363333.30000000
1781110800000,0.16210000,0.16280000,0.16030000,0.16180000,6070105.40000000
1781114400000,0.16170000,0.16470000,0.16120000,0.16470000,6299969.50000000
1781118000000,0.16470000,0.16480000,0.16040000,0.16080000,10428731.80000000
1781121600000,0.16080000,0.16170000,0.15970000,0.16030000,5808523.50000000
1781125200000,0.16030000,0.16050000,0.15820000,0.15950000,6441513.10000000
1781128800000,0.15950000,0.16160000,0.15870000,0.16020000,5459761.00000000
1781132400000,0.16010000,0.16160000,0.15930000,0.16070000,5769342.20000000
1781136000000,0.16070000,0.16240000,0.16070000,0.16130000,5627834.30000000
1781139600000,0.16130000,0.16430000,0.16120000,0.16350000,6542421.20000000
1781143200000,0.16360000,0.16380000,0.16190000,0.16300000,4867265.50000000
1781146800000,0.16300000,0.16730000,0.16210000,0.16650000,12254353.30000000
1781150400000,0.16660000,0.16780000,0.16520000,0.16680000,10721691.00000000
1781154000000,0.16680000,0.16680000,0.16540000,0.16550000,5541331.40000000
1781157600000,0.16550000,0.16630000,0.16410000,0.16470000,6348181.90000000
1781161200000,0.16470000,0.16690000,0.16440000,0.16680000,5723139.30000000
1781164800000,0.16680000,0.16810000,0.16670000,0.16690000,7078112.00000000
1781168400000,0.16690000,0.16710000,0.16560000,0.16640000,5018754.30000000
1781172000000,0.16650000,0.16660000,0.16540000,0.16620000,5901134.30000000
1781175600000,0.16620000,0.16750000,0.16560000,0.16690000,7660608.20000000
1781179200000,0.16690000,0.16700000,0.16470000,0.16580000,9997545.40000000
1781182800000,0.16570000,0.16630000,0.16420000,0.16580000,6693132.30000000
1781186400000,0.16590000,0.16670000,0.16470000,0.16540000,5684868.90000000
1781190000000,0.16530000,0.16740000,0.16470000,0.16620000,8272923.20000000
1781193600000,0.16620000,0.16680000,0.16500000,0.16510000,7537214.50000000
1781197200000,0.16520000,0.17070000,0.16410000,0.17070000,19060193.70000000
1781200800000,0.17070000,0.17190000,0.16890000,0.16920000,14143997.60000000
1781204400000,0.16910000,0.17100000,0.16810000,0.16940000,8438912.40000000
1781208000000,0.16940000,0.16970000,0.16750000,0.16840000,5118163.70000000
1781211600000,0.16840000,0.17100000,0.16840000,0.17010000,4339553.20000000
1781215200000,0.17010000,0.17150000,0.17000000,0.17110000,3452940.40000000
1781218800000,0.17110000,0.17200000,0.17010000,0.17070000,9502277.60000000
1781222400000,0.17070000,0.17130000,0.16990000,0.17020000,8354884.10000000
1781226000000,0.17010000,0.17010000,0.16880000,0.16960000,2711938.20000000
1781229600000,0.16970000,0.17150000,0.16970000,0.17110000,4151487.00000000
1781233200000,0.17110000,0.17190000,0.17070000,0.17180000,3371294.60000000
1781236800000,0.17190000,0.17360000,0.17140000,0.17230000,6411028.60000000
1781240400000,0.17230000,0.17240000,0.17020000,0.17030000,4161685.20000000
1781244000000,0.17020000,0.17080000,0.16810000,0.16840000,6629936.10000000
1781247600000,0.16840000,0.16950000,0.16830000,0.16920000,5361613.60000000
1781251200000,0.16920000,0.17060000,0.16920000,0.17040000,5219131.20000000
1781254800000,0.17040000,0.17230000,0.16990000,0.17190000,4339072.00000000
1781258400000,0.17200000,0.17230000,0.17080000,0.17130000,5811462.80000000
1781262000000,0.17130000,0.17160000,0.17070000,0.17140000,6612635.40000000
1781265600000,0.17130000,0.17220000,0.17060000,0.17090000,6745282.20000000
1781269200000,0.17080000,0.17100000,0.16770000,0.16840000,12103059.40000000
1781272800000,0.16850000,0.17330000,0.16820000,0.17290000,17555362.20000000
1781276400000,0.17290000,0.17430000,0.17030000,0.17050000,21680170.90000000
1781280000000,0.17050000,0.17350000,0.16960000,0.17340000,10281333.90000000
1781283600000,0.17340000,0.17440000,0.17150000,0.17190000,9228737.60000000
1781287200000,0.17190000,0.17230000,0.17000000,0.17110000,7346318.20000000
1781290800000,0.17100000,0.17270000,0.17050000,0.17080000,4812281.00000000
1781294400000,0.17090000,0.17130000,0.16940000,0.16960000,6121964.20000000
1781298000000,0.16970000,0.17050000,0.16870000,0.16940000,3314476.00000000
1781301600000,0.16940000,0.17030000,0.16910000,0.16960000,3248037.40000000
1781305200000,0.16960000,0.17010000,0.16870000,0.16970000,3693280.80000000
1781308800000,0.16970000,0.17060000,0.16950000,0.17010000,3281360.70000000
1781312400000,0.17010000,0.17340000,0.16990000,0.17280000,10122225.60000000
1781316000000,0.17280000,0.17310000,0.17150000,0.17190000,4469550.80000000
1781319600000,0.17190000,0.17220000,0.17000000,0.17040000,6259164.40000000
1781323200000,0.17050000,0.17090000,0.16970000,0.17040000,5343609.80000000
1781326800000,0.17040000,0.17090000,0.16900000,0.16970000,3297014.40000000
1781330400000,0.16980000,0.17210000,0.16940000,0.17200000,4257327.50000000
1781334000000,0.17200000,0.17420000,0.17130000,0.17320000,8591313.30000000
1781337600000,0.17310000,0.17380000,0.17280000,0.17290000,4221169.90000000
1781341200000,0.17290000,0.17340000,0.17230000,0.17250000,4228512.50000000
1781344800000,0.17260000,0.17310000,0.17210000,0.17240000,2385325.00000000
1781348400000,0.17240000,0.17390000,0.17240000,0.17340000,2862706.00000000
1781352000000,0.17350000,0.17440000,0.17310000,0.17370000,3976945.00000000
1781355600000,0.17370000,0.17420000,0.17340000,0.17410000,2655145.10000000
1781359200000,0.17410000,0.17480000,0.17360000,0.17460000,3806110.50000000
1781362800000,0.17460000,0.17580000,0.17420000,0.17500000,4333814.20000000
1781366400000,0.17500000,0.17510000,0.17270000,0.17340000,5955096.70000000
1781370000000,0.17340000,0.17400000,0.17180000,0.17220000,4110671.80000000
1781373600000,0.17230000,0.17320000,0.17180000,0.17210000,2059562.30000000
1781377200000,0.17210000,0.17280000,0.17150000,0.17220000,3407274.00000000
1781380800000,0.17210000,0.17250000,0.17120000,0.17170000,2755116.40000000
1781384400000,0.17170000,0.17350000,0.17140000,0.17280000,4020147.90000000
1781388000000,0.17280000,0.17290000,0.17160000,0.17160000,4089926.30000000
1781391600000,0.17160000,0.17300000,0.17150000,0.17180000,5312511.70000000
1781395200000,0.17180000,0.17250000,0.17150000,0.17150000,3735644.00000000
1781398800000,0.17150000,0.17330000,0.17140000,0.17270000,6680524.60000000
1781402400000,0.17270000,0.17370000,0.17220000,0.17230000,2747898.30000000
1781406000000,0.17240000,0.17350000,0.17200000,0.17310000,2402418.90000000
1781409600000,0.17310000,0.17330000,0.17160000,0.17190000,3644199.30000000
1781413200000,0.17200000,0.17240000,0.17130000,0.17210000,2434657.80000000
1781416800000,0.17210000,0.17270000,0.17130000,0.17150000,1791093.30000000
1781420400000,0.17150000,0.17170000,0.17090000,0.17110000,3265903.40000000
1781424000000,0.17110000,0.17160000,0.17070000,0.17100000,2576366.90000000
1781427600000,0.17110000,0.17190000,0.17000000,0.17110000,5107155.00000000
1781431200000,0.17120000,0.17120000,0.16970000,0.16990000,5458676.30000000
1781434800000,0.16980000,0.17040000,0.16950000,0.16980000,3566804.50000000
1781438400000,0.16980000,0.17000000,0.16780000,0.16840000,7493108.30000000
1781442000000,0.16830000,0.16860000,0.16700000,0.16760000,7566641.10000000
1781445600000,0.16770000,0.16800000,0.16540000,0.16690000,8432008.60000000
1781449200000,0.16700000,0.16730000,0.16640000,0.16700000,5298411.90000000
1781452800000,0.16700000,0.16770000,0.16680000,0.16710000,4428457.40000000
1781456400000,0.16720000,0.16740000,0.16640000,0.16670000,2999232.80000000
1781460000000,0.16660000,0.16700000,0.16590000,0.16610000,4371557.40000000
1781463600000,0.16600000,0.16670000,0.16580000,0.16610000,4136048.50000000
1781467200000,0.16610000,0.16740000,0.16580000,0.16690000,2630891.30000000
1781470800000,0.16700000,0.17600000,0.16670000,0.17390000,20638671.30000000
1781474400000,0.17400000,0.17690000,0.17280000,0.17500000,17767821.80000000
1781478000000,0.17510000,0.18390000,0.17400000,0.18300000,23608204.60000000
1781481600000,0.18300000,0.18700000,0.18150000,0.18310000,30502859.50000000
1781485200000,0.18320000,0.18330000,0.18010000,0.18050000,12162828.00000000
1781488800000,0.18050000,0.18250000,0.17940000,0.18010000,11579336.50000000
1781492400000,0.18000000,0.18210000,0.17960000,0.18130000,6588239.00000000
1781496000000,0.18120000,0.18180000,0.17960000,0.17970000,4189269.80000000
1781499600000,0.17960000,0.18150000,0.17950000,0.18100000,4536067.50000000
1781503200000,0.18100000,0.18200000,0.18070000,0.18130000,4158425.90000000
1781506800000,0.18120000,0.18200000,0.18000000,0.18020000,7597758.30000000
1781510400000,0.18030000,0.18180000,0.18000000,0.18120000,4774237.40000000
1781514000000,0.18120000,0.18190000,0.18060000,0.18140000,6377264.70000000
1781517600000,0.18150000,0.18300000,0.18050000,0.18280000,9454958.30000000
1781521200000,0.18280000,0.18560000,0.18230000,0.18520000,13718471.80000000
1781524800000,0.18520000,0.18950000,0.18440000,0.18730000,18277582.40000000
1781528400000,0.18730000,0.19000000,0.18590000,0.18930000,23035879.70000000
1781532000000,0.18930000,0.18960000,0.18720000,0.18740000,9425491.80000000
1781535600000,0.18740000,0.18940000,0.18590000,0.18890000,12646834.30000000
1781539200000,0.18890000,0.18970000,0.18700000,0.18770000,10050407.50000000
1781542800000,0.18780000,0.18820000,0.18570000,0.18760000,11102603.40000000
1781546400000,0.18760000,0.18870000,0.18680000,0.18730000,4604193.10000000
1781550000000,0.18730000,0.18860000,0.18500000,0.18620000,8546289.40000000
1781553600000,0.18620000,0.18660000,0.17980000,0.18070000,16569257.90000000
1781557200000,0.18060000,0.18140000,0.17930000,0.17940000,9899382.10000000
1781560800000,0.17940000,0.18050000,0.17680000,0.17830000,10874509.80000000
1781564400000,0.17830000,0.17880000,0.17740000,0.17860000,4186024.70000000
1781568000000,0.17850000,0.17930000,0.17760000,0.17790000,6684526.80000000
1781571600000,0.17800000,0.17860000,0.17700000,0.17730000,4507527.80000000
1781575200000,0.17720000,0.17770000,0.17550000,0.17620000,7255404.00000000
1781578800000,0.17620000,0.17750000,0.17570000,0.17720000,2653832.60000000
1781582400000,0.17730000,0.17740000,0.17570000,0.17600000,2802792.00000000
1781586000000,0.17600000,0.17730000,0.17590000,0.17690000,3441717.90000000
1781589600000,0.17700000,0.17870000,0.17690000,0.17830000,5229823.40000000
1781593200000,0.17840000,0.17930000,0.17750000,0.17880000,5473974.50000000
1781596800000,0.17870000,0.18140000,0.17830000,0.18100000,10688680.40000000
1781600400000,0.18100000,0.18120000,0.17920000,0.17990000,6660789.10000000
1781604000000,0.17990000,0.18060000,0.17930000,0.17950000,3647264.70000000
1781607600000,0.17940000,0.17970000,0.17830000,0.17880000,3161245.20000000
1781611200000,0.17890000,0.18140000,0.17850000,0.18000000,5085106.90000000
1781614800000,0.18010000,0.18030000,0.17660000,0.17710000,7642961.20000000
1781618400000,0.17720000,0.17770000,0.17280000,0.17410000,14507077.20000000
1781622000000,0.17410000,0.17490000,0.17330000,0.17410000,5626741.70000000
1781625600000,0.17410000,0.17490000,0.17290000,0.17310000,6486237.90000000
1781629200000,0.17320000,0.17470000,0.17290000,0.17470000,4715578.10000000
1781632800000,0.17470000,0.17660000,0.17400000,0.17500000,9356556.20000000
1781636400000,0.17490000,0.17490000,0.17190000,0.17320000,9310295.80000000
1781640000000,0.17330000,0.17560000,0.17230000,0.17500000,6053616.70000000
1781643600000,0.17510000,0.17520000,0.17330000,0.17380000,5824247.40000000
1781647200000,0.17380000,0.17420000,0.17260000,0.17340000,6268865.70000000
1781650800000,0.17340000,0.17360000,0.17200000,0.17240000,8058684.90000000
1781654400000,0.17230000,0.17330000,0.17180000,0.17200000,7444010.60000000
1781658000000,0.17200000,0.17400000,0.17100000,0.17360000,7708091.60000000
1781661600000,0.17360000,0.17500000,0.17330000,0.17440000,7386140.90000000
1781665200000,0.17440000,0.17450000,0.17240000,0.17300000,5425532.30000000
1781668800000,0.17310000,0.17380000,0.17250000,0.17290000,3272354.90000000
1781672400000,0.17290000,0.17340000,0.17190000,0.17270000,4035692.50000000
1781676000000,0.17280000,0.17310000,0.17120000,0.17150000,5338205.40000000
1781679600000,0.17140000,0.17210000,0.17030000,0.17130000,10485637.20000000
1781683200000,0.17130000,0.17140000,0.16860000,0.16910000,15425017.60000000
1781686800000,0.16900000,0.16980000,0.16860000,0.16930000,7254010.30000000
1781690400000,0.16930000,0.16980000,0.16880000,0.16920000,3066215.20000000
1781694000000,0.16920000,0.16950000,0.16780000,0.16880000,5608599.50000000
1781697600000,0.16890000,0.16970000,0.16740000,0.16950000,7682393.50000000
1781701200000,0.16940000,0.16960000,0.16820000,0.16820000,14022979.20000000
1781704800000,0.16820000,0.16930000,0.16700000,0.16800000,16144295.70000000
1781708400000,0.16790000,0.17150000,0.16780000,0.17140000,11961179.80000000
1781712000000,0.17140000,0.17290000,0.17070000,0.17100000,7669303.50000000
1781715600000,0.17110000,0.17250000,0.17040000,0.17240000,7837792.20000000
1781719200000,0.17240000,0.17240000,0.16750000,0.16970000,25372907.30000000
1781722800000,0.16960000,0.17010000,0.16480000,0.16560000,19605847.90000000
1781726400000,0.16550000,0.16750000,0.16510000,0.16730000,7031220.40000000
1781730000000,0.16720000,0.16730000,0.16560000,0.16610000,3589372.30000000
1781733600000,0.16610000,0.16740000,0.16370000,0.16670000,9883762.70000000
1781737200000,0.16670000,0.16740000,0.16630000,0.16690000,4046870.30000000
1781740800000,0.16690000,0.16800000,0.16670000,0.16720000,2935016.00000000
1781744400000,0.16710000,0.16840000,0.16710000,0.16790000,2414899.80000000
1781748000000,0.16800000,0.16890000,0.16760000,0.16850000,2644352.40000000
1781751600000,0.16860000,0.16870000,0.16650000,0.16690000,2908507.60000000
1781755200000,0.16690000,0.16700000,0.16510000,0.16550000,5312370.20000000
1781758800000,0.16550000,0.16560000,0.16390000,0.16500000,6931738.70000000
1781762400000,0.16510000,0.16580000,0.16440000,0.16550000,3194604.00000000
1781766000000,0.16550000,0.16730000,0.16490000,0.16690000,4881574.30000000
1781769600000,0.16690000,0.16750000,0.16630000,0.16670000,3103938.70000000
1781773200000,0.16670000,0.16750000,0.16630000,0.16730000,3724237.30000000
1781776800000,0.16730000,0.16740000,0.16600000,0.16660000,5145484.70000000
1781780400000,0.16650000,0.16690000,0.16460000,0.16500000,5507809.30000000
1781784000000,0.16510000,0.16630000,0.16470000,0.16590000,6155523.20000000
1781787600000,0.16590000,0.16650000,0.16370000,0.16480000,7070628.80000000
1781791200000,0.16490000,0.16620000,0.16390000,0.16470000,5494770.80000000
1781794800000,0.16470000,0.16470000,0.15980000,0.16040000,22997189.60000000
1781798400000,0.16030000,0.16240000,0.16010000,0.16220000,8509554.70000000
1781802000000,0.16230000,0.16250000,0.16040000,0.16140000,7395921.90000000
1781805600000,0.16140000,0.16280000,0.16080000,0.16220000,4696106.40000000
1781809200000,0.16220000,0.16340000,0.16140000,0.16300000,2642906.80000000
1781812800000,0.16310000,0.16420000,0.16300000,0.16350000,3694838.90000000
1781816400000,0.16350000,0.16360000,0.16240000,0.16320000,2460414.80000000
1781820000000,0.16320000,0.16340000,0.16240000,0.16310000,2573751.00000000
1781823600000,0.16310000,0.16390000,0.16240000,0.16370000,1629951.70000000
1781827200000,0.16370000,0.16440000,0.16330000,0.16400000,2662613.40000000
1781830800000,0.16400000,0.16510000,0.16370000,0.16460000,5825038.10000000
1781834400000,0.16460000,0.16490000,0.16350000,0.16430000,1708917.60000000
1781838000000,0.16440000,0.16450000,0.16110000,0.16210000,7503686.50000000
1781841600000,0.16220000,0.16240000,0.15960000,0.16010000,6279533.30000000
1781845200000,0.16020000,0.16120000,0.16000000,0.16100000,3629219.10000000
1781848800000,0.16090000,0.16110000,0.16020000,0.16080000,3298076.30000000
1781852400000,0.16070000,0.16090000,0.15860000,0.15960000,6729798.80000000
1781856000000,0.15970000,0.16110000,0.15960000,0.16060000,4331049.00000000
1781859600000,0.16070000,0.16080000,0.15930000,0.15970000,3707319.00000000
1781863200000,0.15970000,0.16050000,0.15910000,0.16030000,2234304.30000000
1781866800000,0.16020000,0.16050000,0.15970000,0.15990000,2984301.30000000
1781870400000,0.15990000,0.16080000,0.15870000,0.16070000,3636710.60000000
1781874000000,0.16080000,0.16290000,0.16030000,0.16230000,5338306.00000000
1781877600000,0.16230000,0.16270000,0.16150000,0.16180000,4678793.40000000
1781881200000,0.16180000,0.16220000,0.16100000,0.16180000,3343273.90000000
1781884800000,0.16190000,0.16240000,0.16040000,0.16050000,4765182.00000000
1781888400000,0.16060000,0.16220000,0.16030000,0.16180000,1712806.10000000
1781892000000,0.16180000,0.16200000,0.16030000,0.16140000,2403563.20000000
1781895600000,0.16130000,0.16160000,0.16040000,0.16080000,2208383.50000000
1781899200000,0.16090000,0.16210000,0.16040000,0.16190000,1825946.10000000
1781902800000,0.16200000,0.16200000,0.16050000,0.16080000,2005933.60000000
1781906400000,0.16070000,0.16200000,0.16050000,0.16180000,1756661.80000000
1781910000000,0.16180000,0.16240000,0.16110000,0.16210000,2350353.20000000
1781913600000,0.16210000,0.16400000,0.16180000,0.16240000,2858404.90000000
1781917200000,0.16240000,0.16290000,0.16190000,0.16240000,2878985.10000000
1781920800000,0.16240000,0.16250000,0.16160000,0.16210000,2354470.90000000
1781924400000,0.16210000,0.16260000,0.16180000,0.16250000,1558740.00000000
1781928000000,0.16250000,0.16310000,0.16230000,0.16310000,1632775.00000000
1781931600000,0.16310000,0.16510000,0.16280000,0.16360000,4732858.30000000
1781935200000,0.16360000,0.16390000,0.16310000,0.16370000,2302521.40000000
1781938800000,0.16380000,0.16390000,0.16280000,0.16290000,2494864.40000000
1781942400000,0.16290000,0.16320000,0.16220000,0.16280000,2536279.40000000
1781946000000,0.16290000,0.16400000,0.16290000,0.16390000,1804655.10000000
1781949600000,0.16380000,0.16380000,0.16270000,0.16310000,1755393.00000000
1781953200000,0.16320000,0.16330000,0.16240000,0.16290000,1637905.30000000
1781956800000,0.16290000,0.16320000,0.16230000,0.16270000,2503027.50000000
1781960400000,0.16270000,0.16270000,0.16110000,0.16140000,3702279.80000000
1781964000000,0.16140000,0.16320000,0.16000000,0.16200000,7535199.70000000
1781967600000,0.16210000,0.16330000,0.16160000,0.16230000,6651184.50000000
1781971200000,0.16230000,0.16250000,0.16090000,0.16180000,3712920.80000000
1781974800000,0.16190000,0.16200000,0.16010000,0.16100000,3084489.80000000
1781978400000,0.16110000,0.16150000,0.16080000,0.16090000,3322584.50000000
1781982000000,0.16090000,0.16150000,0.16070000,0.16130000,3692276.60000000
1781985600000,0.16140000,0.16170000,0.16120000,0.16140000,2183921.00000000
1781989200000,0.16150000,0.16270000,0.16140000,0.16210000,3447901.30000000
1781992800000,0.16220000,0.16360000,0.16190000,0.16320000,2367634.30000000
1781996400000,0.16320000,0.16390000,0.16300000,0.16330000,1527804.70000000
1782000000000,0.16330000,0.16360000,0.16300000,0.16340000,2522804.50000000
1782003600000,0.16350000,0.16350000,0.16250000,0.16300000,1844185.60000000
1782007200000,0.16300000,0.16300000,0.16230000,0.16230000,1442363.50000000
1782010800000,0.16240000,0.16330000,0.16200000,0.16260000,3177492.30000000
1782014400000,0.16270000,0.16280000,0.16060000,0.16100000,4838137.70000000
1782018000000,0.16100000,0.16100000,0.16010000,0.16060000,5116929.20000000
1782021600000,0.16060000,0.16160000,0.16050000,0.16150000,1588237.40000000
1782025200000,0.16150000,0.16230000,0.16090000,0.16160000,4146631.00000000
1782028800000,0.16160000,0.16170000,0.16000000,0.16110000,2683155.60000000
1782032400000,0.16110000,0.16200000,0.16070000,0.16200000,3479325.80000000
1782036000000,0.16190000,0.16260000,0.16130000,0.16140000,4046950.60000000
1782039600000,0.16150000,0.16200000,0.16080000,0.16100000,2867026.70000000
1782043200000,0.16090000,0.16130000,0.16030000,0.16120000,3138303.10000000
1782046800000,0.16120000,0.16190000,0.16090000,0.16180000,1319431.80000000
1782050400000,0.16170000,0.16220000,0.16140000,0.16210000,1461713.40000000
1782054000000,0.16220000,0.16290000,0.16210000,0.16230000,2913400.00000000
1782057600000,0.16240000,0.16240000,0.16090000,0.16160000,2266354.90000000
1782061200000,0.16150000,0.16240000,0.16120000,0.16150000,1321127.30000000
1782064800000,0.16140000,0.16210000,0.16090000,0.16210000,1429768.80000000
1782068400000,0.16220000,0.16250000,0.16170000,0.16200000,1622128.70000000
1782072000000,0.16200000,0.16230000,0.16040000,0.16070000,2198141.90000000
1782075600000,0.16060000,0.16080000,0.15850000,0.15960000,11973954.20000000
1782079200000,0.15960000,0.15990000,0.15810000,0.15900000,6639709.40000000
1782082800000,0.15900000,0.15910000,0.15630000,0.15660000,10747652.20000000
1782086400000,0.15660000,0.15970000,0.15660000,0.15950000,8283384.60000000
1782090000000,0.15950000,0.16300000,0.15910000,0.16120000,8039596.80000000
1782093600000,0.16120000,0.16130000,0.15970000,0.15970000,3451771.80000000
1782097200000,0.15970000,0.16020000,0.15790000,0.15820000,3849525.50000000
1782100800000,0.15820000,0.15940000,0.15790000,0.15930000,1945824.50000000
1782104400000,0.15930000,0.16070000,0.15920000,0.16060000,3012280.00000000
1782108000000,0.16070000,0.16080000,0.15980000,0.16040000,3908353.40000000
1782111600000,0.16030000,0.16210000,0.16020000,0.16180000,3769562.00000000
1782115200000,0.16180000,0.16180000,0.16070000,0.16120000,2481812.20000000
1782118800000,0.16130000,0.16130000,0.16010000,0.16040000,2754743.40000000
1782122400000,0.16040000,0.16080000,0.15980000,0.16030000,3375888.10000000
1782126000000,0.16030000,0.16240000,0.16000000,0.16170000,5982997.00000000
1782129600000,0.16170000,0.16250000,0.16140000,0.16190000,5079680.80000000
1782133200000,0.16190000,0.16330000,0.16130000,0.16300000,5891931.00000000
1782136800000,0.16310000,0.16320000,0.15950000,0.16020000,6520950.40000000
1782140400000,0.16020000,0.16060000,0.15890000,0.15950000,5118082.30000000
1782144000000,0.15960000,0.15970000,0.15860000,0.15950000,4663898.00000000
1782147600000,0.15950000,0.16000000,0.15830000,0.15960000,3577104.50000000
1782151200000,0.15950000,0.16010000,0.15840000,0.15840000,2313385.20000000
1782154800000,0.15850000,0.15910000,0.15770000,0.15900000,4614059.50000000
1782158400000,0.15900000,0.15970000,0.15870000,0.15910000,1968765.40000000
1782162000000,0.15920000,0.15940000,0.15820000,0.15940000,1304322.60000000
1782165600000,0.15940000,0.16010000,0.15720000,0.15800000,6532579.10000000
1782169200000,0.15800000,0.15870000,0.15770000,0.15850000,2421167.90000000
1782172800000,0.15860000,0.15930000,0.15800000,0.15920000,3462030.60000000
1782176400000,0.15920000,0.15970000,0.15760000,0.15890000,4704494.70000000
1782180000000,0.15900000,0.15950000,0.15830000,0.15930000,2607935.10000000
1782183600000,0.15930000,0.16000000,0.15870000,0.15990000,2782430.20000000
1782187200000,0.16000000,0.16010000,0.15810000,0.15830000,3200912.30000000
1782190800000,0.15840000,0.15890000,0.15740000,0.15770000,3498483.00000000
1782194400000,0.15780000,0.15780000,0.15360000,0.15480000,21153251.10000000
1782198000000,0.15470000,0.15590000,0.15460000,0.15460000,4955916.50000000
1782201600000,0.15470000,0.15480000,0.15080000,0.15250000,18252092.40000000
1782205200000,0.15260000,0.15320000,0.15210000,0.15260000,10691868.00000000
1782208800000,0.15260000,0.15340000,0.15240000,0.15280000,4451506.80000000
1782212400000,0.15280000,0.15410000,0.15270000,0.15370000,5003347.60000000
1782216000000,0.15360000,0.15370000,0.15020000,0.15030000,19006150.60000000
1782219600000,0.15030000,0.15250000,0.14980000,0.15170000,20430016.80000000
1782223200000,0.15170000,0.15260000,0.15090000,0.15100000,7702721.70000000
1782226800000,0.15100000,0.15130000,0.15010000,0.15100000,7016301.30000000
1782230400000,0.15100000,0.15200000,0.15060000,0.15100000,12624668.40000000
1782234000000,0.15100000,0.15120000,0.15000000,0.15030000,10051994.40000000
1782237600000,0.15020000,0.15080000,0.14930000,0.15010000,8783781.90000000
1782241200000,0.15000000,0.15070000,0.14960000,0.15010000,5086421.70000000
1782244800000,0.15020000,0.15090000,0.15000000,0.15000000,4401271.10000000
1782248400000,0.15010000,0.15150000,0.14990000,0.15150000,3436337.00000000
1782252000000,0.15140000,0.15240000,0.15140000,0.15170000,4326594.50000000
1782255600000,0.15170000,0.15180000,0.15080000,0.15150000,3780743.30000000
1782259200000,0.15140000,0.15320000,0.15120000,0.15290000,5766822.40000000
1782262800000,0.15300000,0.15440000,0.15240000,0.15300000,6907067.40000000
1782266400000,0.15300000,0.15310000,0.15220000,0.15260000,4521304.00000000
1782270000000,0.15260000,0.15280000,0.15140000,0.15220000,3025433.80000000
1782273600000,0.15220000,0.15250000,0.15060000,0.15240000,3376831.00000000
1782277200000,0.15240000,0.15310000,0.15210000,0.15230000,3660401.90000000
1782280800000,0.15230000,0.15230000,0.15120000,0.15150000,3873182.80000000
1782284400000,0.15150000,0.15160000,0.15020000,0.15060000,4550898.40000000
1782288000000,0.15060000,0.15130000,0.15040000,0.15120000,2626104.00000000
1782291600000,0.15120000,0.15120000,0.15000000,0.15040000,4694764.00000000
1782295200000,0.15030000,0.15030000,0.14580000,0.14720000,39512042.30000000
1782298800000,0.14710000,0.14970000,0.14630000,0.14830000,12498839.20000000
1782302400000,0.14830000,0.14890000,0.14790000,0.14800000,7966416.30000000
1782306000000,0.14810000,0.14810000,0.14450000,0.14540000,32082626.20000000
1782309600000,0.14530000,0.14630000,0.14500000,0.14540000,13984823.70000000
1782313200000,0.14540000,0.14550000,0.14350000,0.14390000,9301043.50000000
1782316800000,0.14390000,0.14450000,0.14070000,0.14160000,22628659.10000000
1782320400000,0.14150000,0.14250000,0.13960000,0.14010000,21508794.10000000
1782324000000,0.14000000,0.14270000,0.13970000,0.14170000,11435661.60000000
1782327600000,0.14170000,0.14220000,0.14010000,0.14120000,22553330.80000000
1782331200000,0.14120000,0.14560000,0.14080000,0.14520000,23144679.50000000
1782334800000,0.14530000,0.14740000,0.14480000,0.14710000,7404463.90000000
1782338400000,0.14710000,0.14940000,0.14690000,0.14720000,13938325.40000000
1782342000000,0.14720000,0.14810000,0.14690000,0.14770000,4490836.40000000
1782345600000,0.14770000,0.14920000,0.14730000,0.14760000,12653581.50000000
1782349200000,0.14770000,0.14830000,0.14700000,0.14780000,3880971.20000000
1782352800000,0.14770000,0.14810000,0.14730000,0.14780000,4266806.30000000
1782356400000,0.14790000,0.14820000,0.14710000,0.14750000,3232093.40000000
1782360000000,0.14750000,0.14920000,0.14710000,0.14910000,4792614.60000000
1782363600000,0.14910000,0.15080000,0.14890000,0.15000000,7695084.10000000
1782367200000,0.14990000,0.15050000,0.14950000,0.14980000,2908617.80000000
1782370800000,0.14980000,0.15020000,0.14910000,0.14990000,4729523.70000000
1782374400000,0.14990000,0.15010000,0.14910000,0.14930000,3187878.50000000
1782378000000,0.14930000,0.14960000,0.14890000,0.14920000,1951307.40000000
1782381600000,0.14920000,0.14950000,0.14800000,0.14820000,3812041.70000000
1782385200000,0.14810000,0.14840000,0.14730000,0.14760000,5730402.60000000
1782388800000,0.14770000,0.14860000,0.14620000,0.14830000,11177490.30000000
1782392400000,0.14830000,0.14890000,0.13820000,0.13890000,29392806.20000000
1782396000000,0.13900000,0.14560000,0.13900000,0.14280000,25130612.20000000
1782399600000,0.14290000,0.14340000,0.14110000,0.14320000,8735682.20000000
1782403200000,0.14320000,0.14520000,0.14200000,0.14280000,6403073.80000000
1782406800000,0.14280000,0.14470000,0.14240000,0.14460000,5406693.40000000
1782410400000,0.14460000,0.14470000,0.14190000,0.14230000,6344721.50000000
1782414000000,0.14220000,0.14220000,0.14060000,0.14110000,7517979.60000000
1782417600000,0.14120000,0.14210000,0.14120000,0.14150000,4527624.50000000
1782421200000,0.14150000,0.14420000,0.14150000,0.14390000,3414323.10000000
1782424800000,0.14400000,0.14420000,0.14310000,0.14340000,3312554.40000000
1782428400000,0.14340000,0.14440000,0.14310000,0.14380000,3817848.40000000
1782432000000,0.14380000,0.14440000,0.14310000,0.14320000,4450081.20000000
1782435600000,0.14310000,0.14340000,0.14190000,0.14220000,3631668.50000000
1782439200000,0.14220000,0.14230000,0.13900000,0.13960000,12868908.90000000
1782442800000,0.13960000,0.14320000,0.13850000,0.14270000,10028495.00000000
1782446400000,0.14280000,0.14330000,0.14170000,0.14180000,3258968.70000000
1782450000000,0.14180000,0.14330000,0.14150000,0.14290000,6858602.00000000
1782453600000,0.14290000,0.14530000,0.14220000,0.14520000,8984429.30000000
1782457200000,0.14520000,0.14730000,0.14510000,0.14660000,10467913.50000000
1782460800000,0.14670000,0.14690000,0.14460000,0.14490000,5960905.10000000
1782464400000,0.14500000,0.14530000,0.14350000,0.14380000,5588123.80000000
1782468000000,0.14380000,0.14450000,0.14340000,0.14370000,4048747.50000000
1782471600000,0.14380000,0.14460000,0.14270000,0.14330000,3328865.60000000
1782475200000,0.14340000,0.14520000,0.14250000,0.14270000,8635468.70000000
1782478800000,0.14280000,0.14600000,0.14120000,0.14580000,14192599.20000000
1782482400000,0.14570000,0.14630000,0.14430000,0.14460000,12057251.90000000
1782486000000,0.14450000,0.14830000,0.14400000,0.14810000,11364358.90000000
1782489600000,0.14810000,0.15000000,0.14700000,0.14800000,12984147.60000000
1782493200000,0.14800000,0.14910000,0.14790000,0.14810000,6038034.40000000
1782496800000,0.14810000,0.14880000,0.14670000,0.14690000,3764756.50000000
1782500400000,0.14690000,0.14850000,0.14650000,0.14770000,6517699.30000000
1782504000000,0.14770000,0.14940000,0.14710000,0.14740000,11184075.40000000
1782507600000,0.14730000,0.14820000,0.14690000,0.14720000,2476905.10000000
1782511200000,0.14710000,0.14820000,0.14640000,0.14800000,3905742.40000000
1782514800000,0.14810000,0.14940000,0.14790000,0.14840000,7156060.80000000
1782518400000,0.14850000,0.14910000,0.14730000,0.14820000,4656663.60000000
1782522000000,0.14820000,0.14850000,0.14770000,0.14820000,2431554.10000000
1782525600000,0.14820000,0.14970000,0.14780000,0.14900000,8685091.00000000
1782529200000,0.14900000,0.14930000,0.14810000,0.14830000,5576766.80000000
1782532800000,0.14830000,0.14910000,0.14820000,0.14830000,4029849.20000000
1782536400000,0.14830000,0.14850000,0.14730000,0.14790000,3331945.10000000
1782540000000,0.14790000,0.14830000,0.14710000,0.14790000,3414586.50000000
1782543600000,0.14790000,0.14810000,0.14760000,0.14760000,1928437.90000000
1782547200000,0.14760000,0.14780000,0.14710000,0.14730000,3687720.20000000
1782550800000,0.14730000,0.14760000,0.14670000,0.14720000,1776209.00000000
1782554400000,0.14720000,0.14750000,0.14710000,0.14750000,1995420.30000000
1782558000000,0.14740000,0.14760000,0.14640000,0.14720000,4301237.70000000
1782561600000,0.14730000,0.14740000,0.14670000,0.14740000,2188305.80000000
1782565200000,0.14740000,0.14840000,0.14720000,0.14810000,1890132.10000000
1782568800000,0.14810000,0.14910000,0.14770000,0.14850000,5873419.60000000
1782572400000,0.14860000,0.14940000,0.14840000,0.14890000,4482207.00000000
1782576000000,0.14890000,0.14910000,0.14820000,0.14840000,2220709.20000000
1782579600000,0.14850000,0.14850000,0.14660000,0.14670000,9191699.20000000
1782583200000,0.14670000,0.14710000,0.14630000,0.14690000,3834010.10000000
1782586800000,0.14690000,0.14700000,0.14480000,0.14530000,3700467.40000000
1782590400000,0.14530000,0.14590000,0.14530000,0.14560000,1104042.10000000
1782594000000,0.14560000,0.14610000,0.14470000,0.14490000,2113296.50000000
1782597600000,0.14490000,0.14570000,0.14380000,0.14560000,5467682.10000000
1782601200000,0.14560000,0.14600000,0.14510000,0.14530000,1723827.50000000
1782604800000,0.14530000,0.14600000,0.14510000,0.14560000,1278917.30000000
1782608400000,0.14560000,0.14560000,0.14490000,0.14550000,1649680.80000000
1782612000000,0.14550000,0.14580000,0.14460000,0.14490000,1710338.70000000
1782615600000,0.14480000,0.14550000,0.14480000,0.14540000,1377530.90000000
1782619200000,0.14540000,0.14560000,0.14490000,0.14510000,1314240.60000000
1782622800000,0.14510000,0.14520000,0.14390000,0.14450000,2071241.40000000
1782626400000,0.14460000,0.14470000,0.14340000,0.14430000,2905731.50000000
1782630000000,0.14430000,0.14530000,0.14420000,0.14520000,2080567.80000000
1782633600000,0.14530000,0.14650000,0.14500000,0.14580000,2459884.00000000
1782637200000,0.14590000,0.14620000,0.14470000,0.14480000,2521356.30000000
1782640800000,0.14480000,0.14520000,0.14430000,0.14500000,1543202.80000000
1782644400000,0.14500000,0.14560000,0.14460000,0.14540000,1535593.40000000
1782648000000,0.14530000,0.14570000,0.14450000,0.14490000,1551043.80000000
1782651600000,0.14480000,0.14480000,0.14410000,0.14440000,3987607.70000000
1782655200000,0.14440000,0.14540000,0.14410000,0.14460000,2902038.80000000
1782658800000,0.14460000,0.14520000,0.14410000,0.14450000,2541289.60000000
1782662400000,0.14460000,0.14470000,0.14310000,0.14370000,4340289.90000000
1782666000000,0.14370000,0.14420000,0.14270000,0.14350000,3678161.00000000
1782669600000,0.14350000,0.14390000,0.14290000,0.14330000,2666590.60000000
1782673200000,0.14320000,0.14380000,0.14220000,0.14290000,3543511.90000000
1782676800000,0.14280000,0.14390000,0.14270000,0.14330000,1796543.50000000
1782680400000,0.14340000,0.14370000,0.14150000,0.14210000,4043994.70000000
1782684000000,0.14220000,0.14420000,0.14120000,0.14200000,4835093.00000000
1782687600000,0.14190000,0.14450000,0.14180000,0.14380000,3116378.90000000
1782691200000,0.14380000,0.14410000,0.14190000,0.14410000,3601098.00000000
1782694800000,0.14410000,0.14430000,0.14290000,0.14370000,1952095.40000000
1782698400000,0.14360000,0.14450000,0.14200000,0.14430000,4687380.30000000
1782702000000,0.14430000,0.14600000,0.14430000,0.14520000,5233377.20000000
1782705600000,0.14510000,0.14520000,0.14370000,0.14400000,2754162.40000000
1782709200000,0.14410000,0.14510000,0.14270000,0.14500000,6258359.90000000
1782712800000,0.14510000,0.14640000,0.14500000,0.14520000,2910496.30000000
1782716400000,0.14520000,0.14550000,0.14460000,0.14510000,1409872.50000000
1782720000000,0.14500000,0.14530000,0.14370000,0.14410000,3402266.00000000
1782723600000,0.14410000,0.14520000,0.14400000,0.14510000,2745134.70000000
1782727200000,0.14510000,0.14590000,0.14490000,0.14540000,3071850.80000000
1782730800000,0.14540000,0.14600000,0.14430000,0.14490000,7262693.80000000
1782734400000,0.14490000,0.14690000,0.14400000,0.14500000,12238033.60000000
1782738000000,0.14500000,0.14610000,0.14360000,0.14480000,10787848.30000000
1782741600000,0.14490000,0.14530000,0.14320000,0.14500000,6553150.30000000
1782745200000,0.14510000,0.14600000,0.14360000,0.14550000,5912251.50000000
1782748800000,0.14550000,0.14590000,0.14470000,0.14540000,2231288.90000000
1782752400000,0.14550000,0.14880000,0.14540000,0.14780000,6388747.60000000
1782756000000,0.14780000,0.14820000,0.14710000,0.14730000,3207094.80000000
1782759600000,0.14730000,0.14800000,0.14690000,0.14770000,3315230.60000000
1782763200000,0.14760000,0.14770000,0.14690000,0.14690000,2065479.70000000
1782766800000,0.14690000,0.14780000,0.14660000,0.14730000,1476249.40000000
1782770400000,0.14730000,0.14750000,0.14620000,0.14630000,2634402.70000000
1782774000000,0.14620000,0.14640000,0.14550000,0.14580000,2776768.10000000
1782777600000,0.14580000,0.14600000,0.14440000,0.14440000,3335580.00000000
1782781200000,0.14440000,0.14470000,0.14400000,0.14440000,3356522.90000000
1782784800000,0.14440000,0.14500000,0.14370000,0.14460000,2970403.70000000
1782788400000,0.14460000,0.14520000,0.14430000,0.14430000,1614100.90000000
1782792000000,0.14430000,0.14490000,0.14410000,0.14470000,3266572.90000000
1782795600000,0.14470000,0.14500000,0.14400000,0.14490000,2817931.00000000
1782799200000,0.14500000,0.14570000,0.14470000,0.14560000,2385569.60000000
1782802800000,0.14560000,0.14570000,0.14480000,0.14500000,2684046.20000000
1782806400000,0.14510000,0.14520000,0.14410000,0.14460000,3697485.90000000
1782810000000,0.14460000,0.14500000,0.14420000,0.14480000,4645587.50000000
1782813600000,0.14490000,0.14500000,0.14460000,0.14480000,3407884.30000000
1782817200000,0.14480000,0.14490000,0.14380000,0.14400000,2454784.10000000
1782820800000,0.14400000,0.14400000,0.14210000,0.14210000,9160763.10000000
1782824400000,0.14220000,0.14420000,0.14210000,0.14410000,7498972.30000000
1782828000000,0.14400000,0.14560000,0.14350000,0.14380000,8227280.60000000
1782831600000,0.14380000,0.14530000,0.14300000,0.14440000,11439881.90000000
1782835200000,0.14440000,0.14580000,0.14360000,0.14550000,8033816.50000000
1782838800000,0.14550000,0.14650000,0.14450000,0.14460000,6147327.80000000
1782842400000,0.14460000,0.14610000,0.14420000,0.14550000,3922068.70000000
1782846000000,0.14540000,0.14570000,0.14450000,0.14490000,4907001.30000000
1782849600000,0.14480000,0.14500000,0.14370000,0.14390000,4034950.10000000
1782853200000,0.14380000,0.14440000,0.14350000,0.14420000,1600576.90000000
1782856800000,0.14420000,0.14470000,0.14360000,0.14420000,2428605.20000000
1782860400000,0.14420000,0.14450000,0.14390000,0.14440000,1807366.10000000
1782864000000,0.14440000,0.14460000,0.14340000,0.14450000,3386050.90000000
1782867600000,0.14460000,0.14540000,0.14200000,0.14500000,9186096.40000000
1782871200000,0.14500000,0.14680000,0.14470000,0.14650000,9579806.20000000
1782874800000,0.14660000,0.15090000,0.14650000,0.14950000,24569064.80000000
1782878400000,0.14950000,0.15300000,0.14900000,0.15100000,24736789.50000000
1782882000000,0.15100000,0.15240000,0.15040000,0.15150000,13969166.50000000
1782885600000,0.15160000,0.15180000,0.14880000,0.15040000,14068548.60000000
1782889200000,0.15040000,0.15080000,0.14950000,0.15010000,7665445.90000000
1782892800000,0.15010000,0.15090000,0.14900000,0.15070000,11313903.70000000
1782896400000,0.15060000,0.15130000,0.15000000,0.15040000,5133443.20000000
1782900000000,0.15040000,0.15150000,0.14990000,0.15090000,6095834.10000000
1782903600000,0.15090000,0.15240000,0.15040000,0.15080000,7047193.50000000
1782907200000,0.15080000,0.15250000,0.15030000,0.15160000,9703558.50000000
1782910800000,0.15160000,0.15400000,0.15090000,0.15390000,15403226.20000000
1782914400000,0.15380000,0.15750000,0.15350000,0.15570000,25994733.20000000
1782918000000,0.15560000,0.15810000,0.15500000,0.15530000,17120314.30000000
1782921600000,0.15530000,0.15590000,0.15450000,0.15510000,7742745.60000000
1782925200000,0.15510000,0.15520000,0.15390000,0.15490000,8456822.40000000
1782928800000,0.15480000,0.15500000,0.15360000,0.15410000,4544411.10000000
1782932400000,0.15410000,0.15480000,0.15270000,0.15340000,4719178.60000000
1782936000000,0.15350000,0.15410000,0.15290000,0.15410000,4554438.40000000
1782939600000,0.15410000,0.15800000,0.15400000,0.15740000,5810627.40000000
1782943200000,0.15740000,0.15790000,0.15570000,0.15590000,11325572.80000000
1782946800000,0.15590000,0.15590000,0.15390000,0.15390000,4818885.00000000
1782950400000,0.15390000,0.15410000,0.15260000,0.15300000,5576996.30000000
1782954000000,0.15310000,0.15540000,0.15300000,0.15470000,4438175.10000000
1782957600000,0.15470000,0.15530000,0.15420000,0.15470000,7407420.00000000
1782961200000,0.15470000,0.15660000,0.15380000,0.15630000,11268099.30000000
1782964800000,0.15630000,0.15630000,0.15480000,0.15600000,4482927.40000000
1782968400000,0.15600000,0.15600000,0.15430000,0.15440000,1778557.20000000
1782972000000,0.15450000,0.15580000,0.15420000,0.15470000,3072513.30000000
1782975600000,0.15460000,0.15590000,0.15440000,0.15510000,5013716.70000000
1782979200000,0.15520000,0.15680000,0.15490000,0.15660000,9109900.20000000
1782982800000,0.15660000,0.15850000,0.15570000,0.15780000,8443339.00000000
1782986400000,0.15770000,0.15940000,0.15760000,0.15910000,7381938.50000000
1782990000000,0.15920000,0.16030000,0.15870000,0.15970000,11558530.20000000
1782993600000,0.15960000,0.16180000,0.15940000,0.16030000,12020142.80000000
1782997200000,0.16030000,0.16280000,0.15990000,0.16180000,8960564.60000000
1783000800000,0.16190000,0.16240000,0.15950000,0.16000000,8330388.00000000
1783004400000,0.16000000,0.16130000,0.15870000,0.16080000,4706226.80000000
1783008000000,0.16080000,0.16270000,0.15940000,0.15990000,9809834.60000000
1783011600000,0.15990000,0.16020000,0.15890000,0.15900000,4687651.40000000
1783015200000,0.15900000,0.16110000,0.15890000,0.15970000,6303214.90000000
1783018800000,0.15980000,0.16030000,0.15890000,0.15970000,3519057.60000000
1783022400000,0.15980000,0.16210000,0.15960000,0.16120000,10348116.90000000
1783026000000,0.16130000,0.16190000,0.16060000,0.16110000,2307873.20000000
1783029600000,0.16100000,0.16220000,0.16040000,0.16150000,4575649.70000000
1783033200000,0.16140000,0.16300000,0.16090000,0.16150000,9934439.40000000
1783036800000,0.16150000,0.16180000,0.16060000,0.16150000,5184079.70000000
1783040400000,0.16150000,0.16610000,0.16140000,0.16580000,12189381.70000000
1783044000000,0.16580000,0.16850000,0.16460000,0.16810000,18451920.70000000
1783047600000,0.16800000,0.16810000,0.16600000,0.16680000,17864062.00000000
1783051200000,0.16680000,0.16700000,0.16390000,0.16410000,10840530.50000000
1783054800000,0.16410000,0.16430000,0.16320000,0.16390000,5200883.00000000
1783058400000,0.16380000,0.16650000,0.16370000,0.16490000,6461217.30000000
1783062000000,0.16500000,0.16580000,0.16450000,0.16510000,7728578.50000000
1783065600000,0.16510000,0.16670000,0.16480000,0.16670000,6108079.50000000
1783069200000,0.16670000,0.16800000,0.16590000,0.16680000,15131183.30000000
1783072800000,0.16680000,0.16920000,0.16640000,0.16820000,14497320.90000000
1783076400000,0.16830000,0.17000000,0.16810000,0.16960000,6116506.70000000
1783080000000,0.16960000,0.17050000,0.16790000,0.16920000,8392869.60000000
1783083600000,0.16930000,0.17120000,0.16900000,0.17090000,7264222.20000000
1783087200000,0.17080000,0.17160000,0.16980000,0.17100000,7803328.90000000
1783090800000,0.17100000,0.17370000,0.17070000,0.17350000,12461845.40000000
1783094400000,0.17360000,0.17490000,0.17180000,0.17430000,22491585.30000000
1783098000000,0.17430000,0.17700000,0.17400000,0.17570000,28606469.30000000
1783101600000,0.17570000,0.18090000,0.17530000,0.17880000,22535302.10000000
1783105200000,0.17870000,0.18320000,0.17820000,0.18110000,22390458.10000000
1783108800000,0.18100000,0.18300000,0.18000000,0.18290000,16912142.70000000
1783112400000,0.18280000,0.18290000,0.17820000,0.17920000,11691023.90000000
1783116000000,0.17920000,0.18090000,0.17840000,0.18080000,8627295.90000000
1783119600000,0.18080000,0.18120000,0.17930000,0.17980000,7777800.30000000
1783123200000,0.17980000,0.18030000,0.17830000,0.17930000,9029260.80000000
1783126800000,0.17930000,0.17990000,0.17710000,0.17800000,11105762.10000000
1783130400000,0.17810000,0.17840000,0.17700000,0.17730000,7786819.40000000
1783134000000,0.17730000,0.17770000,0.17630000,0.17700000,5408913.50000000
1783137600000,0.17710000,0.18010000,0.17690000,0.17940000,9038040.90000000
1783141200000,0.17940000,0.17940000,0.17730000,0.17750000,5931972.00000000
1783144800000,0.17760000,0.17850000,0.17650000,0.17680000,4873372.80000000
1783148400000,0.17680000,0.17690000,0.17510000,0.17590000,9103129.50000000
1783152000000,0.17590000,0.17660000,0.17550000,0.17620000,5444437.80000000
1783155600000,0.17620000,0.17680000,0.17530000,0.17560000,4176879.10000000
1783159200000,0.17560000,0.17630000,0.17500000,0.17590000,5817113.90000000
1783162800000,0.17600000,0.17760000,0.17580000,0.17650000,4303926.50000000
1783166400000,0.17660000,0.17840000,0.17650000,0.17790000,4990895.10000000
1783170000000,0.17800000,0.17910000,0.17700000,0.17900000,9294157.90000000
1783173600000,0.17890000,0.18630000,0.17880000,0.18430000,23653506.80000000
1783177200000,0.18430000,0.19200000,0.18430000,0.19090000,44005829.60000000
1783180800000,0.19090000,0.19880000,0.19090000,0.19550000,68898847.60000000
1783184400000,0.19550000,0.20000000,0.19360000,0.19980000,39069936.30000000
1783188000000,0.19990000,0.20000000,0.19410000,0.19550000,15763989.80000000
1783191600000,0.19550000,0.19610000,0.19250000,0.19310000,11392483.90000000
1783195200000,0.19320000,0.19430000,0.19110000,0.19150000,5712417.50000000
1783198800000,0.19150000,0.19410000,0.19140000,0.19280000,6608343.00000000
1783202400000,0.19270000,0.19290000,0.19050000,0.19230000,6345336.60000000
1783206000000,0.19230000,0.19290000,0.19070000,0.19220000,5614920.50000000
1783209600000,0.19210000,0.19360000,0.18930000,0.19310000,14637497.80000000
1783213200000,0.19320000,0.19520000,0.19070000,0.19130000,18570152.20000000
1783216800000,0.19130000,0.19160000,0.18930000,0.19150000,10116346.40000000
1783220400000,0.19160000,0.19180000,0.18930000,0.19040000,5543681.30000000
1783224000000,0.19030000,0.19250000,0.18970000,0.19050000,7224826.00000000
1783227600000,0.19040000,0.19060000,0.18820000,0.18900000,5237794.20000000
1783231200000,0.18900000,0.19020000,0.18880000,0.19000000,2906106.60000000
1783234800000,0.18990000,0.19430000,0.18980000,0.19310000,11599020.20000000
1783238400000,0.19310000,0.19370000,0.19150000,0.19160000,6254947.00000000
1783242000000,0.19170000,0.19290000,0.18760000,0.18760000,10000534.60000000
1783245600000,0.18770000,0.18770000,0.18510000,0.18690000,15793365.60000000
1783249200000,0.18700000,0.18720000,0.18600000,0.18680000,3594401.90000000
1783252800000,0.18670000,0.18810000,0.18530000,0.18780000,7767985.70000000
1783256400000,0.18770000,0.18930000,0.18730000,0.18900000,6208720.80000000
1783260000000,0.18900000,0.19020000,0.18810000,0.18950000,5643018.40000000
1783263600000,0.18950000,0.19080000,0.18820000,0.18920000,6938099.60000000
1783267200000,0.18920000,0.19140000,0.18880000,0.18980000,7045353.00000000
1783270800000,0.18980000,0.19120000,0.18970000,0.19030000,5839174.20000000
1783274400000,0.19040000,0.19060000,0.18930000,0.18990000,3875659.80000000
1783278000000,0.18980000,0.19040000,0.18840000,0.18910000,5508318.10000000
1783281600000,0.18910000,0.18930000,0.18750000,0.18850000,3681292.10000000
1783285200000,0.18850000,0.19150000,0.18800000,0.19030000,5422257.90000000
1783288800000,0.19030000,0.19270000,0.18940000,0.19040000,12268251.50000000
1783292400000,0.19050000,0.19120000,0.18900000,0.18950000,8503251.60000000
1783296000000,0.18950000,0.19060000,0.18760000,0.19010000,7971901.30000000
1783299600000,0.19010000,0.19070000,0.18930000,0.18940000,4992115.00000000
1783303200000,0.18930000,0.19020000,0.18830000,0.18910000,3617112.60000000
1783306800000,0.18900000,0.18960000,0.18740000,0.18810000,4639601.00000000
1783310400000,0.18810000,0.18850000,0.18640000,0.18670000,2947781.70000000
1783314000000,0.18660000,0.18670000,0.18360000,0.18520000,10041005.00000000
1783317600000,0.18510000,0.18530000,0.18330000,0.18370000,4445321.30000000
1783321200000,0.18370000,0.18490000,0.18290000,0.18420000,5955134.00000000
1783324800000,0.18420000,0.18640000,0.18390000,0.18460000,5011119.50000000
1783328400000,0.18470000,0.18500000,0.18160000,0.18220000,8342956.20000000
1783332000000,0.18210000,0.18330000,0.18190000,0.18280000,3238066.50000000
1783335600000,0.18280000,0.18380000,0.18240000,0.18250000,2958617.80000000
1783339200000,0.18240000,0.18240000,0.17890000,0.17910000,13014231.70000000
1783342800000,0.17900000,0.18120000,0.17800000,0.17980000,11284308.80000000
1783346400000,0.17980000,0.18260000,0.17940000,0.18200000,8036328.80000000
1783350000000,0.18200000,0.18650000,0.18150000,0.18600000,13395574.50000000
1783353600000,0.18610000,0.18650000,0.18400000,0.18480000,14096374.30000000
1783357200000,0.18480000,0.18490000,0.18300000,0.18350000,6305486.40000000
1783360800000,0.18350000,0.18480000,0.18280000,0.18350000,6949505.50000000
1783364400000,0.18350000,0.18470000,0.18330000,0.18410000,4200278.80000000
1783368000000,0.18410000,0.18420000,0.18270000,0.18310000,2569256.30000000
1783371600000,0.18320000,0.18710000,0.18320000,0.18590000,6864166.70000000
1783375200000,0.18590000,0.18590000,0.18410000,0.18430000,4724886.70000000
1783378800000,0.18440000,0.18510000,0.18390000,0.18420000,2704433.20000000
1783382400000,0.18420000,0.18520000,0.18370000,0.18480000,2701199.40000000
1783386000000,0.18480000,0.18480000,0.18280000,0.18380000,3811472.50000000
1783389600000,0.18380000,0.18400000,0.18100000,0.18130000,3986670.80000000
1783393200000,0.18140000,0.18230000,0.18070000,0.18130000,3832464.30000000
1783396800000,0.18130000,0.18130000,0.17950000,0.17970000,3780301.70000000
1783400400000,0.17970000,0.18060000,0.17880000,0.18020000,5708492.60000000
1783404000000,0.18020000,0.18150000,0.17920000,0.18120000,4854942.30000000
1783407600000,0.18110000,0.18140000,0.17950000,0.17950000,5197794.30000000
1783411200000,0.17960000,0.17990000,0.17860000,0.17920000,4793688.20000000
1783414800000,0.17930000,0.17970000,0.17840000,0.17860000,4522261.80000000
1783418400000,0.17860000,0.17970000,0.17720000,0.17730000,7481765.20000000
1783422000000,0.17730000,0.17800000,0.17650000,0.17740000,6380728.20000000
1783425600000,0.17750000,0.17990000,0.17740000,0.17910000,5944158.60000000
1783429200000,0.17910000,0.17920000,0.17720000,0.17750000,4943686.60000000
1783432800000,0.17750000,0.17860000,0.17550000,0.17700000,9843544.00000000
1783436400000,0.17710000,0.17820000,0.17570000,0.17720000,9444180.80000000
1783440000000,0.17730000,0.17850000,0.17670000,0.17730000,5890164.30000000
1783443600000,0.17740000,0.17820000,0.17620000,0.17800000,4860578.30000000
1783447200000,0.17810000,0.17810000,0.17560000,0.17560000,5751833.30000000
1783450800000,0.17550000,0.17690000,0.17490000,0.17670000,3820542.70000000
1783454400000,0.17660000,0.17700000,0.17570000,0.17600000,1813467.60000000
1783458000000,0.17600000,0.17640000,0.17430000,0.17440000,4060309.30000000
1783461600000,0.17440000,0.17490000,0.17330000,0.17470000,2425723.10000000
1783465200000,0.17460000,0.17560000,0.17430000,0.17460000,3282676.80000000
1783468800000,0.17470000,0.17590000,0.17460000,0.17590000,2852644.20000000
1783472400000,0.17590000,0.17630000,0.17250000,0.17290000,7070365.40000000
1783476000000,0.17280000,0.17290000,0.17050000,0.17140000,7602497.90000000
1783479600000,0.17140000,0.17290000,0.17060000,0.17060000,8276259.20000000
1783483200000,0.17060000,0.17150000,0.17010000,0.17060000,4369100.90000000
1783486800000,0.17070000,0.17090000,0.16960000,0.16980000,4585448.90000000
1783490400000,0.16990000,0.16990000,0.16840000,0.16900000,6707603.60000000
1783494000000,0.16910000,0.16980000,0.16840000,0.16960000,3861003.80000000
1783497600000,0.16960000,0.16970000,0.16580000,0.16600000,9579117.60000000
1783501200000,0.16610000,0.16640000,0.16510000,0.16580000,8526452.10000000
1783504800000,0.16580000,0.16730000,0.16530000,0.16710000,5468070.00000000
1783508400000,0.16720000,0.16810000,0.16580000,0.16710000,7998492.50000000
1783512000000,0.16710000,0.16760000,0.16670000,0.16680000,4472318.80000000
1783515600000,0.16670000,0.16840000,0.16620000,0.16810000,5374334.70000000
1783519200000,0.16810000,0.16960000,0.16600000,0.16680000,7882815.10000000
1783522800000,0.16690000,0.16690000,0.16470000,0.16560000,6360760.20000000
1783526400000,0.16560000,0.16740000,0.16550000,0.16720000,4106053.20000000
1783530000000,0.16720000,0.16740000,0.16560000,0.16580000,3971270.30000000
1783533600000,0.16580000,0.16720000,0.16570000,0.16660000,3250719.30000000
1783537200000,0.16660000,0.16710000,0.16640000,0.16680000,2639243.20000000
1783540800000,0.16670000,0.16720000,0.16590000,0.16600000,3663080.10000000
1783544400000,0.16610000,0.16690000,0.16530000,0.16680000,2838724.20000000
1783548000000,0.16680000,0.16720000,0.16660000,0.16690000,791697.40000000
1783551600000,0.16690000,0.16720000,0.16640000,0.16710000,2121106.10000000
1783555200000,0.16710000,0.16720000,0.16660000,0.16700000,1809593.90000000
1783558800000,0.16700000,0.16890000,0.16600000,0.16620000,4520060.30000000
1783562400000,0.16610000,0.16710000,0.16580000,0.16650000,3138834.40000000
1783566000000,0.16650000,0.16700000,0.16600000,0.16640000,2703216.90000000
1783569600000,0.16650000,0.16850000,0.16610000,0.16840000,5365612.50000000
1783573200000,0.16840000,0.16890000,0.16720000,0.16860000,6086117.10000000
1783576800000,0.16860000,0.17000000,0.16820000,0.16970000,7269236.40000000
1783580400000,0.16960000,0.16990000,0.16800000,0.16830000,4809079.00000000
1783584000000,0.16820000,0.16840000,0.16690000,0.16720000,4547270.70000000
1783587600000,0.16720000,0.16870000,0.16690000,0.16860000,9966271.40000000
1783591200000,0.16870000,0.16870000,0.16740000,0.16840000,8225807.50000000
1783594800000,0.16850000,0.16990000,0.16810000,0.16960000,4429389.60000000
1783598400000,0.16960000,0.17000000,0.16850000,0.16900000,6230204.00000000
1783602000000,0.16900000,0.16990000,0.16770000,0.16960000,3649799.50000000
1783605600000,0.16960000,0.16990000,0.16810000,0.16920000,3113148.90000000
1783609200000,0.16920000,0.16930000,0.16610000,0.16670000,15076809.90000000
1783612800000,0.16670000,0.16690000,0.16520000,0.16540000,3692384.10000000
1783616400000,0.16540000,0.16700000,0.16500000,0.16660000,7173705.20000000
1783620000000,0.16660000,0.16760000,0.16620000,0.16630000,4384564.20000000
1783623600000,0.16640000,0.16650000,0.16530000,0.16580000,5432455.70000000
1783627200000,0.16580000,0.16710000,0.16550000,0.16700000,1600426.30000000
1783630800000,0.16700000,0.16760000,0.16660000,0.16690000,2390171.40000000
1783634400000,0.16690000,0.16750000,0.16660000,0.16710000,2170102.20000000
1783638000000,0.16700000,0.16720000,0.16610000,0.16660000,1540385.70000000
1783641600000,0.16650000,0.16680000,0.16570000,0.16660000,2585187.60000000
1783645200000,0.16670000,0.16980000,0.16630000,0.16840000,5170476.40000000
1783648800000,0.16840000,0.16900000,0.16800000,0.16890000,2693173.50000000
1783652400000,0.16880000,0.16940000,0.16710000,0.16750000,13174500.10000000
1783656000000,0.16750000,0.16830000,0.16680000,0.16740000,10281407.70000000
1783659600000,0.16740000,0.16790000,0.16670000,0.16720000,13435293.50000000
1783663200000,0.16710000,0.16730000,0.16600000,0.16670000,19629133.90000000
1783666800000,0.16660000,0.16710000,0.16640000,0.16650000,2624066.80000000
1783670400000,0.16660000,0.16830000,0.16660000,0.16790000,4079522.00000000
1783674000000,0.16790000,0.16920000,0.16710000,0.16880000,5073426.70000000
1783677600000,0.16880000,0.16980000,0.16810000,0.16860000,5608200.70000000
1783681200000,0.16860000,0.16910000,0.16720000,0.16800000,6309302.70000000
1783684800000,0.16810000,0.16840000,0.16720000,0.16770000,9445605.50000000
1783688400000,0.16770000,0.16890000,0.16740000,0.16850000,4646183.30000000
1783692000000,0.16850000,0.16850000,0.16520000,0.16580000,9285239.00000000
1783695600000,0.16570000,0.16660000,0.16550000,0.16650000,3418906.70000000
1783699200000,0.16650000,0.16750000,0.16590000,0.16740000,2487425.20000000
1783702800000,0.16740000,0.16750000,0.16640000,0.16640000,2202591.80000000
1783706400000,0.16640000,0.16720000,0.16590000,0.16610000,1842810.30000000
1783710000000,0.16610000,0.16760000,0.16590000,0.16670000,2078249.00000000
1783713600000,0.16660000,0.16720000,0.16640000,0.16660000,1454977.80000000
1783717200000,0.16670000,0.16740000,0.16670000,0.16710000,1121885.10000000
1783720800000,0.16710000,0.16740000,0.16690000,0.16720000,1571884.30000000
1783724400000,0.16720000,0.16720000,0.16640000,0.16670000,2097328.20000000
1783728000000,0.16670000,0.16700000,0.16620000,0.16670000,1829426.40000000
1783731600000,0.16680000,0.16720000,0.16630000,0.16660000,2829779.90000000
1783735200000,0.16650000,0.16690000,0.16640000,0.16650000,866820.50000000
1783738800000,0.16660000,0.16670000,0.16620000,0.16620000,1288403.20000000
1783742400000,0.16630000,0.16670000,0.16580000,0.16640000,2899548.70000000
1783746000000,0.16640000,0.16750000,0.16640000,0.16690000,5760986.40000000
1783749600000,0.16700000,0.16760000,0.16670000,0.16710000,1380420.40000000
1783753200000,0.16720000,0.16790000,0.16710000,0.16780000,1756135.60000000
1783756800000,0.16780000,0.16840000,0.16740000,0.16790000,1945301.30000000
1783760400000,0.16790000,0.16850000,0.16730000,0.16740000,1867936.30000000
1783764000000,0.16730000,0.16770000,0.16700000,0.16750000,1833829.50000000
1783767600000,0.16750000,0.16800000,0.16740000,0.16790000,1767807.10000000
1783771200000,0.16780000,0.16840000,0.16750000,0.16790000,2207454.70000000
1783774800000,0.16790000,0.16840000,0.16730000,0.16790000,1580593.50000000
1783778400000,0.16790000,0.16950000,0.16760000,0.16940000,4041683.10000000
1783782000000,0.16940000,0.17450000,0.16930000,0.17190000,22709124.20000000
1783785600000,0.17190000,0.17220000,0.17020000,0.17110000,5718383.50000000
1783789200000,0.17110000,0.17170000,0.17040000,0.17070000,2269451.40000000
1783792800000,0.17080000,0.17330000,0.17060000,0.17140000,8101042.00000000
1783796400000,0.17150000,0.17200000,0.17110000,0.17170000,1490732.60000000
1783800000000,0.17170000,0.17200000,0.17070000,0.17070000,2872837.40000000
1783803600000,0.17080000,0.17100000,0.16950000,0.17000000,2691276.60000000
1783807200000,0.17010000,0.17040000,0.16850000,0.16880000,3813584.40000000
1783810800000,0.16870000,0.16910000,0.16560000,0.16580000,9156804.50000000
1783814400000,0.16570000,0.16580000,0.16300000,0.16370000,10765812.90000000
1783818000000,0.16370000,0.16560000,0.16350000,0.16550000,3557354.40000000
1783821600000,0.16550000,0.16550000,0.16450000,0.16520000,2130399.30000000
1783825200000,0.16510000,0.16650000,0.16470000,0.16640000,1975780.00000000
1783828800000,0.16640000,0.16650000,0.16460000,0.16480000,5954798.40000000
1783832400000,0.16480000,0.16520000,0.16390000,0.16400000,3322156.70000000
1783836000000,0.16410000,0.16420000,0.16230000,0.16320000,5211699.20000000
1783839600000,0.16320000,0.16430000,0.16280000,0.16370000,3603438.00000000
1783843200000,0.16380000,0.16460000,0.16360000,0.16430000,1246210.20000000
1783846800000,0.16440000,0.16530000,0.16350000,0.16450000,3067288.00000000
1783850400000,0.16460000,0.16470000,0.16370000,0.16400000,1685473.50000000
1783854000000,0.16400000,0.16500000,0.16330000,0.16440000,2544333.00000000
1783857600000,0.16440000,0.16550000,0.16420000,0.16500000,2306165.40000000
1783861200000,0.16490000,0.16540000,0.16450000,0.16470000,1529715.20000000
1783864800000,0.16470000,0.16540000,0.16390000,0.16500000,2554634.00000000
1783868400000,0.16510000,0.16530000,0.16430000,0.16450000,3216312.50000000
1783872000000,0.16460000,0.16470000,0.16400000,0.16450000,2673640.40000000
1783875600000,0.16460000,0.16490000,0.16350000,0.16400000,2341051.40000000
1783879200000,0.16390000,0.16460000,0.16350000,0.16440000,1617014.60000000
1783882800000,0.16440000,0.16460000,0.16390000,0.16440000,794700.30000000
1783886400000,0.16440000,0.16470000,0.16380000,0.16400000,1671077.10000000
1783890000000,0.16410000,0.16460000,0.16320000,0.16330000,1909791.40000000
1783893600000,0.16330000,0.16330000,0.16100000,0.16200000,7043223.80000000
1783897200000,0.16200000,0.16230000,0.16160000,0.16210000,1440674.30000000
1783900800000,0.16210000,0.16440000,0.16140000,0.16270000,8056797.80000000
1783904400000,0.16270000,0.16280000,0.16000000,0.16040000,5779692.90000000
1783908000000,0.16030000,0.16090000,0.15950000,0.16000000,4333867.90000000
1783911600000,0.16000000,0.16010000,0.15730000,0.15890000,9630469.20000000
1783915200000,0.15890000,0.15950000,0.15850000,0.15900000,2456605.80000000
1783918800000,0.15900000,0.16030000,0.15850000,0.16000000,3188445.80000000
1783922400000,0.16000000,0.16060000,0.15970000,0.16030000,3638300.40000000
1783926000000,0.16030000,0.16060000,0.15990000,0.16050000,3306387.50000000
1783929600000,0.16040000,0.16070000,0.15950000,0.16030000,2724680.80000000
1783933200000,0.16030000,0.16050000,0.15980000,0.15990000,1251350.00000000
1783936800000,0.15980000,0.16030000,0.15950000,0.15960000,1620352.80000000
1783940400000,0.15960000,0.16010000,0.15940000,0.15950000,2105535.00000000
1783944000000,0.15950000,0.15990000,0.15890000,0.15900000,3895434.30000000
1783947600000,0.15910000,0.15910000,0.15740000,0.15820000,6041014.10000000
1783951200000,0.15820000,0.16010000,0.15740000,0.16000000,6362937.00000000
1783954800000,0.16010000,0.16010000,0.15880000,0.15890000,2516525.30000000
1783958400000,0.15890000,0.15920000,0.15780000,0.15820000,2997727.80000000
1783962000000,0.15820000,0.15860000,0.15650000,0.15670000,6239967.50000000
1783965600000,0.15670000,0.15790000,0.15660000,0.15740000,2220519.60000000
1783969200000,0.15740000,0.15830000,0.15710000,0.15830000,2457575.80000000
1783972800000,0.15830000,0.15840000,0.15720000,0.15750000,1672305.60000000
1783976400000,0.15750000,0.15760000,0.15540000,0.15630000,4899624.40000000
1783980000000,0.15630000,0.15700000,0.15620000,0.15640000,1380507.00000000
1783983600000,0.15640000,0.15760000,0.15620000,0.15760000,1616967.70000000
1783987200000,0.15750000,0.15850000,0.15690000,0.15840000,2542013.30000000
1783990800000,0.15840000,0.15850000,0.15770000,0.15780000,1128056.40000000
1783994400000,0.15770000,0.15800000,0.15680000,0.15750000,1661388.20000000
1783998000000,0.15750000,0.15770000,0.15600000,0.15760000,5576962.60000000
1784001600000,0.15770000,0.15820000,0.15730000,0.15790000,1727358.70000000
1784005200000,0.15790000,0.16040000,0.15770000,0.15940000,8794209.30000000
1784008800000,0.15950000,0.15960000,0.15870000,0.15880000,1450123.50000000
1784012400000,0.15880000,0.15920000,0.15850000,0.15880000,1286112.20000000
1784016000000,0.15870000,0.15920000,0.15840000,0.15860000,1297658.60000000
1784019600000,0.15870000,0.15910000,0.15820000,0.15850000,1097027.50000000
1784023200000,0.15860000,0.15910000,0.15820000,0.15880000,2922971.30000000
1784026800000,0.15890000,0.15940000,0.15840000,0.15920000,1844895.90000000
1784030400000,0.15930000,0.16230000,0.15830000,0.16220000,16087679.60000000
1784034000000,0.16220000,0.16460000,0.16150000,0.16380000,11740258.30000000
1784037600000,0.16370000,0.16470000,0.16260000,0.16440000,10159042.10000000
1784041200000,0.16440000,0.16820000,0.16400000,0.16560000,19047715.20000000
1784044800000,0.16570000,0.16660000,0.16530000,0.16540000,5231603.80000000
1784048400000,0.16540000,0.16550000,0.16360000,0.16380000,6094939.90000000
1784052000000,0.16380000,0.16380000,0.16260000,0.16330000,5141318.90000000
1784055600000,0.16330000,0.16390000,0.16290000,0.16350000,3240244.80000000
1784059200000,0.16350000,0.16360000,0.16290000,0.16340000,2507047.40000000
1784062800000,0.16340000,0.16510000,0.16330000,0.16450000,2513229.30000000
1784066400000,0.16450000,0.16530000,0.16350000,0.16450000,3675080.50000000
1784070000000,0.16460000,0.16560000,0.16420000,0.16560000,4185428.90000000
1784073600000,0.16560000,0.16590000,0.16440000,0.16480000,4520275.90000000
1784077200000,0.16480000,0.16490000,0.16310000,0.16360000,2817015.80000000
1784080800000,0.16370000,0.16370000,0.16200000,0.16270000,4450401.70000000
1784084400000,0.16280000,0.16420000,0.16250000,0.16410000,3562101.40000000
1784088000000,0.16420000,0.16450000,0.16320000,0.16360000,5842004.30000000
1784091600000,0.16370000,0.16450000,0.16290000,0.16450000,1988638.60000000
1784095200000,0.16450000,0.16560000,0.16420000,0.16420000,4370207.30000000
1784098800000,0.16420000,0.16420000,0.16260000,0.16320000,4595260.70000000
1784102400000,0.16320000,0.16390000,0.16270000,0.16370000,1829003.80000000
1784106000000,0.16380000,0.16550000,0.16370000,0.16420000,5947709.00000000
1784109600000,0.16410000,0.16480000,0.16400000,0.16450000,2032126.60000000
1784113200000,0.16450000,0.16550000,0.16440000,0.16460000,4896342.20000000
1784116800000,0.16460000,0.16720000,0.16420000,0.16700000,9304281.70000000
1784120400000,0.16700000,0.16940000,0.16580000,0.16630000,11672004.50000000
1784124000000,0.16640000,0.16700000,0.16540000,0.16650000,5431287.00000000
1784127600000,0.16660000,0.16660000,0.16540000,0.16570000,6782568.30000000
1784131200000,0.16580000,0.16590000,0.16250000,0.16360000,7280461.60000000
1784134800000,0.16360000,0.16540000,0.16350000,0.16490000,4022410.20000000
1784138400000,0.16490000,0.16550000,0.16350000,0.16370000,3132896.50000000
1784142000000,0.16380000,0.16450000,0.16310000,0.16370000,3746724.00000000
1784145600000,0.16370000,0.16530000,0.16350000,0.16460000,4848184.10000000
1784149200000,0.16450000,0.16510000,0.16410000,0.16460000,1638785.10000000
1784152800000,0.16460000,0.16560000,0.16440000,0.16540000,3041530.00000000
1784156400000,0.16550000,0.16630000,0.16500000,0.16510000,3192709.70000000
1784160000000,0.16510000,0.16560000,0.16400000,0.16470000,3532747.00000000
1784163600000,0.16470000,0.16550000,0.16390000,0.16540000,2634079.60000000
1784167200000,0.16550000,0.16640000,0.16490000,0.16630000,1955690.70000000
1784170800000,0.16630000,0.16630000,0.16460000,0.16500000,2485589.00000000
1784174400000,0.16490000,0.16520000,0.16440000,0.16470000,4022495.00000000
1784178000000,0.16480000,0.16510000,0.16430000,0.16450000,4289732.60000000
1784181600000,0.16450000,0.16510000,0.16340000,0.16410000,5147006.60000000
1784185200000,0.16410000,0.16420000,0.16240000,0.16300000,4428813.50000000
1784188800000,0.16300000,0.16300000,0.16110000,0.16220000,8742743.80000000
1784192400000,0.16210000,0.16240000,0.16170000,0.16170000,2162709.10000000
1784196000000,0.16170000,0.16260000,0.16160000,0.16250000,1299841.20000000
1784199600000,0.16260000,0.16300000,0.16210000,0.16290000,3373943.00000000
1784203200000,0.16300000,0.16370000,0.16160000,0.16210000,5314530.10000000
1784206800000,0.16200000,0.16420000,0.16200000,0.16400000,4807088.90000000
1784210400000,0.16400000,0.16530000,0.16340000,0.16390000,2886085.60000000
1784214000000,0.16400000,0.16450000,0.16260000,0.16370000,3551702.00000000
1784217600000,0.16360000,0.16380000,0.16280000,0.16350000,1893099.50000000
1784221200000,0.16360000,0.16360000,0.16190000,0.16240000,2909761.60000000
1784224800000,0.16250000,0.16310000,0.16180000,0.16240000,1546215.70000000
1784228400000,0.16230000,0.16300000,0.16190000,0.16290000,1807418.80000000
1784232000000,0.16290000,0.16300000,0.16230000,0.16270000,933254.30000000
1784235600000,0.16270000,0.16360000,0.16250000,0.16310000,1493600.50000000
1784239200000,0.16310000,0.16360000,0.16050000,0.16090000,4950463.80000000
1784242800000,0.16090000,0.16120000,0.15990000,0.16090000,5248499.00000000
1784246400000,0.16090000,0.16170000,0.16010000,0.16160000,2781118.40000000
1784250000000,0.16160000,0.16200000,0.16000000,0.16020000,2063965.60000000
1784253600000,0.16020000,0.16040000,0.15920000,0.15980000,3641000.40000000
1784257200000,0.15980000,0.16140000,0.15970000,0.16040000,2524269.30000000
1784260800000,0.16040000,0.16070000,0.15950000,0.16030000,2699512.90000000
1784264400000,0.16020000,0.16020000,0.15780000,0.15820000,4962144.40000000
1784268000000,0.15820000,0.15940000,0.15800000,0.15920000,3389605.30000000
1784271600000,0.15910000,0.15930000,0.15880000,0.15900000,2254847.70000000
1784275200000,0.15890000,0.16020000,0.15830000,0.16000000,4464269.90000000
1784278800000,0.16010000,0.16100000,0.15980000,0.16090000,3695770.60000000
1784282400000,0.16080000,0.16250000,0.16080000,0.16090000,6732087.20000000
1784286000000,0.16080000,0.16120000,0.16040000,0.16100000,1246994.00000000
1784289600000,0.16090000,0.16100000,0.15960000,0.15970000,2075137.00000000
1784293200000,0.15980000,0.16000000,0.15780000,0.16000000,6746909.60000000
1784296800000,0.16000000,0.16310000,0.16000000,0.16280000,14658726.80000000
1784300400000,0.16290000,0.16420000,0.16120000,0.16400000,13412521.00000000
1784304000000,0.16410000,0.16690000,0.16360000,0.16600000,25585784.40000000
1784307600000,0.16610000,0.16710000,0.16500000,0.16510000,9675551.20000000
1784311200000,0.16520000,0.16650000,0.16500000,0.16600000,6511452.30000000
1784314800000,0.16590000,0.16680000,0.16490000,0.16600000,8120921.50000000
1784318400000,0.16610000,0.16610000,0.16490000,0.16580000,4846131.90000000
1784322000000,0.16570000,0.16690000,0.16570000,0.16600000,2697112.20000000
1784325600000,0.16600000,0.16650000,0.16550000,0.16580000,2501886.10000000
1784329200000,0.16590000,0.16760000,0.16540000,0.16670000,11068848.60000000
1784332800000,0.16670000,0.16840000,0.16650000,0.16750000,10768693.60000000
1784336400000,0.16760000,0.16830000,0.16740000,0.16740000,3703478.70000000
1784340000000,0.16750000,0.16930000,0.16750000,0.16840000,8424835.00000000
1784343600000,0.16840000,0.16870000,0.16710000,0.16790000,4809287.90000000
1784347200000,0.16790000,0.16810000,0.16630000,0.16690000,5131816.60000000
1784350800000,0.16690000,0.16740000,0.16610000,0.16670000,2427217.10000000
1784354400000,0.16660000,0.16700000,0.16590000,0.16600000,4078469.30000000
1784358000000,0.16590000,0.16670000,0.16580000,0.16620000,3441143.80000000
1784361600000,0.16610000,0.16690000,0.16590000,0.16630000,3170491.40000000
1784365200000,0.16640000,0.16650000,0.16500000,0.16580000,3197191.90000000
1784368800000,0.16590000,0.16640000,0.16570000,0.16590000,2189159.90000000
1784372400000,0.16580000,0.16620000,0.16580000,0.16590000,1392916.80000000
1784376000000,0.16590000,0.16660000,0.16540000,0.16590000,3456601.10000000
1784379600000,0.16590000,0.16590000,0.16420000,0.16470000,3559408.90000000
1784383200000,0.16470000,0.16510000,0.16410000,0.16510000,3022784.90000000
1784386800000,0.16510000,0.16530000,0.16430000,0.16450000,2371687.90000000
1784390400000,0.16460000,0.16460000,0.16350000,0.16430000,5267476.30000000
1784394000000,0.16430000,0.16540000,0.16410000,0.16540000,1962761.30000000
1784397600000,0.16540000,0.16620000,0.16490000,0.16530000,2321765.40000000
1784401200000,0.16530000,0.16610000,0.16500000,0.16600000,2091658.80000000
1784404800000,0.16590000,0.16680000,0.16570000,0.16630000,2545476.60000000
1784408400000,0.16620000,0.16720000,0.16590000,0.16640000,1738152.80000000
1784412000000,0.16630000,0.16720000,0.16610000,0.16710000,1250294.60000000
1784415600000,0.16710000,0.16730000,0.16660000,0.16670000,1454396.30000000
1784419200000,0.16670000,0.16720000,0.16630000,0.16710000,2245340.30000000
1784422800000,0.16720000,0.16720000,0.16660000,0.16690000,957142.20000000
1784426400000,0.16700000,0.16880000,0.16690000,0.16800000,3070793.70000000
1784430000000,0.16810000,0.16820000,0.16660000,0.16680000,2180520.10000000
1784433600000,0.16680000,0.16690000,0.16600000,0.16620000,975648.40000000
1784437200000,0.16630000,0.16670000,0.16570000,0.16610000,2350309.00000000
1784440800000,0.16600000,0.16680000,0.16570000,0.16630000,1208762.10000000
1784444400000,0.16630000,0.16630000,0.16550000,0.16570000,2468888.60000000
1784448000000,0.16580000,0.16620000,0.16530000,0.16580000,2045305.40000000
1784451600000,0.16590000,0.16600000,0.16470000,0.16490000,2204213.20000000
1784455200000,0.16490000,0.16590000,0.16460000,0.16560000,1940627.00000000
1784458800000,0.16560000,0.16590000,0.16480000,0.16500000,1837337.50000000
1784462400000,0.16510000,0.16550000,0.16450000,0.16500000,1900286.30000000
1784466000000,0.16510000,0.16570000,0.16470000,0.16560000,943120.40000000
1784469600000,0.16560000,0.16710000,0.16510000,0.16670000,1682744.80000000
1784473200000,0.16670000,0.16690000,0.16590000,0.16630000,958182.30000000
1784476800000,0.16630000,0.16650000,0.16520000,0.16530000,1274808.80000000
1784480400000,0.16520000,0.16570000,0.16390000,0.16520000,2991950.70000000
1784484000000,0.16520000,0.16530000,0.16390000,0.16510000,1788799.20000000
1784487600000,0.16520000,0.16610000,0.16480000,0.16610000,1150036.40000000
1784491200000,0.16610000,0.16660000,0.16590000,0.16650000,1952465.30000000
1784494800000,0.16660000,0.16670000,0.16470000,0.16510000,1163585.50000000
1784498400000,0.16510000,0.16700000,0.16480000,0.16600000,2133079.20000000
1784502000000,0.16590000,0.16660000,0.16530000,0.16630000,986974.70000000
1784505600000,0.16620000,0.16840000,0.16520000,0.16560000,5042462.50000000
1784509200000,0.16570000,0.16740000,0.16430000,0.16490000,2903128.00000000
1784512800000,0.16490000,0.16660000,0.16480000,0.16590000,2111567.60000000
1784516400000,0.16590000,0.16640000,0.16490000,0.16550000,2094878.80000000
1784520000000,0.16560000,0.16560000,0.16430000,0.16440000,2007135.50000000
1784523600000,0.16440000,0.16440000,0.16210000,0.16230000,9472129.70000000
1784527200000,0.16230000,0.16260000,0.16070000,0.16140000,5806964.90000000
1784530800000,0.16150000,0.16280000,0.16120000,0.16250000,3406958.90000000
1784534400000,0.16260000,0.16320000,0.16150000,0.16200000,7716662.30000000
1784538000000,0.16190000,0.16310000,0.16170000,0.16290000,1868102.50000000
1784541600000,0.16280000,0.16350000,0.16260000,0.16320000,1196018.30000000
1784545200000,0.16320000,0.16620000,0.16290000,0.16550000,6627157.80000000
1784548800000,0.16560000,0.16560000,0.16390000,0.16430000,3197999.10000000
1784552400000,0.16440000,0.16450000,0.16240000,0.16290000,4009391.80000000
1784556000000,0.16280000,0.16320000,0.16170000,0.16240000,3076167.30000000
1784559600000,0.16250000,0.16710000,0.16240000,0.16690000,6914305.20000000
1784563200000,0.16700000,0.16750000,0.16530000,0.16630000,12788558.10000000
1784566800000,0.16620000,0.16780000,0.16590000,0.16740000,6969528.10000000
1784570400000,0.16750000,0.17070000,0.16750000,0.16840000,15034694.40000000
1784574000000,0.16830000,0.16910000,0.16760000,0.16780000,11672899.90000000
1784577600000,0.16780000,0.16990000,0.16720000,0.16990000,7168301.10000000
1784581200000,0.16990000,0.17200000,0.16960000,0.16990000,9595024.80000000
1784584800000,0.16990000,0.17030000,0.16890000,0.16920000,4553719.80000000
1784588400000,0.16910000,0.17120000,0.16910000,0.16980000,3429813.30000000
1784592000000,0.16970000,0.17270000,0.16940000,0.17090000,8207510.50000000
1784595600000,0.17080000,0.17150000,0.17000000,0.17020000,3699937.50000000
1784599200000,0.17020000,0.17080000,0.16940000,0.17050000,2530586.50000000
1784602800000,0.17050000,0.17310000,0.17050000,0.17250000,5644874.80000000
1784606400000,0.17250000,0.17340000,0.17120000,0.17230000,9997130.30000000
1784610000000,0.17220000,0.17770000,0.17220000,0.17570000,21188503.00000000
1784613600000,0.17570000,0.17760000,0.17550000,0.17630000,10058657.80000000
1784617200000,0.17620000,0.17680000,0.17490000,0.17640000,6773291.30000000
1784620800000,0.17650000,0.17650000,0.17450000,0.17450000,4264404.70000000
1784624400000,0.17460000,0.17570000,0.17430000,0.17480000,4639582.40000000
1784628000000,0.17480000,0.17580000,0.17440000,0.17470000,6063855.80000000
1784631600000,0.17470000,0.17500000,0.17410000,0.17470000,3470104.30000000
1784635200000,0.17480000,0.17650000,0.17440000,0.17530000,7020369.50000000
1784638800000,0.17530000,0.17610000,0.17500000,0.17580000,4878745.10000000
1784642400000,0.17570000,0.17690000,0.17480000,0.17570000,8751349.40000000
1784646000000,0.17580000,0.17620000,0.17450000,0.17510000,4816087.50000000
1784649600000,0.17510000,0.17530000,0.17200000,0.17350000,6517807.40000000
1784653200000,0.17360000,0.17420000,0.17200000,0.17340000,3993670.80000000
1784656800000,0.17350000,0.17370000,0.17240000,0.17340000,2831321.10000000
1784660400000,0.17340000,0.17430000,0.17290000,0.17380000,4136958.80000000
1784664000000,0.17380000,0.17430000,0.17330000,0.17350000,1904915.70000000
1784667600000,0.17350000,0.17370000,0.17270000,0.17300000,1435868.40000000
1784671200000,0.17290000,0.17310000,0.17240000,0.17310000,1066552.80000000
1784674800000,0.17310000,0.17390000,0.17240000,0.17370000,1526464.50000000
1784678400000,0.17370000,0.17410000,0.17340000,0.17390000,2808332.50000000
1784682000000,0.17390000,0.17470000,0.17310000,0.17420000,2201187.00000000
1784685600000,0.17430000,0.17540000,0.17380000,0.17430000,2039364.90000000
1784689200000,0.17430000,0.17450000,0.17330000,0.17340000,2107323.10000000
1784692800000,0.17340000,0.17430000,0.17320000,0.17430000,2052863.90000000
1784696400000,0.17430000,0.17440000,0.17130000,0.17150000,5918855.40000000
1784700000000,0.17140000,0.17160000,0.17060000,0.17080000,2579949.30000000
1784703600000,0.17080000,0.17130000,0.17040000,0.17110000,2247147.90000000
1784707200000,0.17110000,0.17260000,0.17100000,0.17250000,2157829.20000000
1784710800000,0.17260000,0.17340000,0.17230000,0.17330000,3034164.20000000
1784714400000,0.17330000,0.17390000,0.17300000,0.17360000,1821891.90000000
1784718000000,0.17350000,0.17360000,0.17240000,0.17300000,2034269.20000000
1784721600000,0.17300000,0.17320000,0.17160000,0.17230000,2563174.10000000
1784725200000,0.17240000,0.17590000,0.17230000,0.17550000,5444033.70000000
1784728800000,0.17550000,0.17800000,0.17390000,0.17540000,8853930.50000000
1784732400000,0.17550000,0.17970000,0.17550000,0.17790000,10169782.20000000
1784736000000,0.17790000,0.18080000,0.17710000,0.18000000,7621941.70000000
1784739600000,0.17990000,0.18010000,0.17770000,0.17790000,2964290.80000000
1784743200000,0.17800000,0.17840000,0.17550000,0.17580000,4015692.20000000
1784746800000,0.17580000,0.17600000,0.17380000,0.17460000,7438347.40000000
1784750400000,0.17450000,0.17490000,0.17380000,0.17460000,3210695.00000000
1784754000000,0.17450000,0.17550000,0.17390000,0.17510000,1695584.00000000
1784757600000,0.17520000,0.17590000,0.17450000,0.17530000,1645787.00000000
1784761200000,0.17540000,0.17550000,0.17320000,0.17450000,2846405.60000000
1784764800000,0.17450000,0.17670000,0.17420000,0.17580000,3060167.70000000
1784768400000,0.17580000,0.17610000,0.17430000,0.17470000,1561169.90000000
1784772000000,0.17470000,0.17490000,0.17360000,0.17460000,1215797.30000000
1784775600000,0.17460000,0.17480000,0.17390000,0.17410000,1436868.70000000
1784779200000,0.17400000,0.17550000,0.17370000,0.17440000,2513002.30000000
1784782800000,0.17440000,0.17500000,0.17390000,0.17430000,1350030.60000000
1784786400000,0.17430000,0.17460000,0.17380000,0.17430000,1220172.90000000
1784790000000,0.17420000,0.17420000,0.17230000,0.17300000,2920278.10000000
1784793600000,0.17310000,0.17420000,0.17260000,0.17390000,1751779.20000000
1784797200000,0.17400000,0.17460000,0.17340000,0.17340000,1132978.50000000
1784800800000,0.17350000,0.17480000,0.17330000,0.17470000,1206582.60000000
1784804400000,0.17470000,0.17590000,0.17390000,0.17440000,3065559.70000000
1784808000000,0.17440000,0.17520000,0.17210000,0.17300000,3763216.80000000
1784811600000,0.17300000,0.17320000,0.17080000,0.17150000,5094381.60000000
1784815200000,0.17150000,0.17190000,0.16880000,0.16950000,7855486.00000000
1784818800000,0.16950000,0.17080000,0.16810000,0.17050000,8660698.10000000
1784822400000,0.17050000,0.17080000,0.16910000,0.16950000,4537585.80000000
1784826000000,0.16940000,0.17010000,0.16820000,0.16860000,2440164.20000000
1784829600000,0.16860000,0.16980000,0.16850000,0.16940000,2049195.00000000
1784833200000,0.16940000,0.16990000,0.16880000,0.16970000,2058443.90000000
1784836800000,0.16960000,0.17050000,0.16950000,0.16970000,1339990.10000000
1784840400000,0.16980000,0.17000000,0.16870000,0.16900000,1264018.60000000
1784844000000,0.16900000,0.16940000,0.16810000,0.16930000,1840593.10000000
1784847600000,0.16930000,0.16940000,0.16830000,0.16850000,1141774.80000000
1784851200000,0.16850000,0.16850000,0.16680000,0.16730000,4506917.00000000
1784854800000,0.16720000,0.16760000,0.16640000,0.16700000,3708815.60000000
1784858400000,0.16710000,0.16780000,0.16640000,0.16680000,3611750.10000000
1784862000000,0.16680000,0.16790000,0.16670000,0.16740000,1170045.90000000
1784865600000,0.16750000,0.16750000,0.16690000,0.16730000,1657706.30000000
1784869200000,0.16740000,0.16770000,0.16670000,0.16680000,1592920.00000000
1784872800000,0.16680000,0.16730000,0.16650000,0.16720000,1816130.60000000
1784876400000,0.16730000,0.16860000,0.16700000,0.16830000,3306867.00000000
1784880000000,0.16820000,0.16830000,0.16740000,0.16790000,1328496.60000000
1784883600000,0.16790000,0.16800000,0.16610000,0.16740000,3137387.40000000
1784887200000,0.16740000,0.16750000,0.16620000,0.16650000,2103323.00000000
1784890800000,0.16650000,0.16670000,0.16550000,0.16640000,2182734.50000000
1784894400000,0.16640000,0.16670000,0.16540000,0.16540000,2020357.90000000
1784898000000,0.16550000,0.16570000,0.16390000,0.16460000,7734406.50000000
1784901600000,0.16470000,0.16490000,0.16340000,0.16490000,3103463.20000000
1784905200000,0.16490000,0.16520000,0.16380000,0.16480000,2603531.70000000
1784908800000,0.16480000,0.16480000,0.16290000,0.16310000,4525352.20000000
1784912400000,0.16310000,0.16410000,0.16270000,0.16380000,2677219.70000000
1784916000000,0.16370000,0.16410000,0.16300000,0.16390000,2550148.70000000
1784919600000,0.16400000,0.16400000,0.16330000,0.16370000,1235138.70000000
1784923200000,0.16380000,0.16390000,0.16330000,0.16360000,958129.50000000
1784926800000,0.16360000,0.16380000,0.16320000,0.16320000,1063512.00000000
1784930400000,0.16330000,0.16420000,0.16320000,0.16400000,614961.40000000
1784934000000,0.16400000,0.16430000,0.16360000,0.16400000,560430.20000000
1784937600000,0.16400000,0.16480000,0.16380000,0.16440000,1496391.50000000
1784941200000,0.16440000,0.16460000,0.16370000,0.16380000,927987.60000000
1784944800000,0.16380000,0.16430000,0.16360000,0.16410000,871485.20000000
1784948400000,0.16410000,0.16440000,0.16380000,0.16400000,622638.70000000
1784952000000,0.16400000,0.16420000,0.16370000,0.16380000,1155359.00000000
1784955600000,0.16380000,0.16400000,0.16280000,0.16310000,1445289.60000000
1784959200000,0.16320000,0.16340000,0.16150000,0.16230000,2743090.20000000
1784962800000,0.16220000,0.16220000,0.16160000,0.16160000,1650390.10000000
1784966400000,0.16170000,0.16220000,0.16150000,0.16180000,2123607.80000000
1784970000000,0.16190000,0.16280000,0.16170000,0.16240000,1424820.50000000
1784973600000,0.16250000,0.16270000,0.16200000,0.16230000,1531012.40000000
1784977200000,0.16220000,0.16270000,0.16200000,0.16270000,791788.10000000
1784980800000,0.16270000,0.16340000,0.16260000,0.16330000,802579.50000000
1784984400000,0.16330000,0.16430000,0.16320000,0.16360000,1758502.20000000
1784988000000,0.16370000,0.16440000,0.16310000,0.16440000,2209205.30000000
1784991600000,0.16440000,0.16500000,0.16430000,0.16480000,1643283.60000000
1784995200000,0.16480000,0.16580000,0.16410000,0.16520000,2636890.10000000
1784998800000,0.16520000,0.16700000,0.16470000,0.16560000,3604899.00000000
1785002400000,0.16570000,0.16640000,0.16550000,0.16600000,1715379.80000000
1785006000000,0.16590000,0.16600000,0.16530000,0.16560000,1240404.90000000
1785009600000,0.16560000,0.16570000,0.16450000,0.16470000,600849.00000000
1785013200000,0.16470000,0.16500000,0.16380000,0.16470000,1657110.50000000
1785016800000,0.16480000,0.16530000,0.16450000,0.16510000,1245047.20000000
1785020400000,0.16510000,0.16510000,0.16460000,0.16480000,524991.60000000
1785024000000,0.16490000,0.16560000,0.16480000,0.16530000,1337242.30000000
1785027600000,0.16540000,0.16550000,0.16500000,0.16510000,594201.00000000
1785031200000,0.16520000,0.16550000,0.16460000,0.16550000,789765.20000000
1785034800000,0.16550000,0.16590000,0.16510000,0.16540000,887987.80000000
1785038400000,0.16550000,0.16600000,0.16510000,0.16580000,767687.30000000
1785042000000,0.16580000,0.16600000,0.16520000,0.16540000,985613.50000000
1785045600000,0.16550000,0.16640000,0.16500000,0.16620000,1187287.40000000
1785049200000,0.16630000,0.16670000,0.16510000,0.16510000,2598661.90000000
1785052800000,0.16510000,0.16530000,0.16460000,0.16520000,1584412.50000000
1785056400000,0.16520000,0.16540000,0.16490000,0.16500000,651791.50000000
1785060000000,0.16490000,0.16540000,0.16480000,0.16540000,1664894.50000000
1785063600000,0.16550000,0.16550000,0.16490000,0.16510000,1067870.40000000
1785067200000,0.16510000,0.16550000,0.16480000,0.16490000,1014837.10000000
1785070800000,0.16490000,0.16490000,0.16430000,0.16460000,1299496.60000000
1785074400000,0.16460000,0.16490000,0.16410000,0.16490000,2098406.40000000
1785078000000,0.16490000,0.16560000,0.16450000,0.16550000,2204796.50000000
1785081600000,0.16550000,0.16630000,0.16510000,0.16540000,1377836.50000000
1785085200000,0.16540000,0.16550000,0.16450000,0.16470000,1106439.60000000
1785088800000,0.16470000,0.16490000,0.16440000,0.16480000,1166408.60000000
1785092400000,0.16470000,0.16480000,0.16430000,0.16450000,1706071.40000000
1785096000000,0.16450000,0.16460000,0.16420000,0.16420000,1185186.30000000
1785099600000,0.16430000,0.16520000,0.16420000,0.16500000,1329171.50000000
1785103200000,0.16500000,0.16630000,0.16500000,0.16580000,3944362.60000000
1785106800000,0.16570000,0.16660000,0.16510000,0.16600000,1874597.10000000
1785110400000,0.16610000,0.16610000,0.16520000,0.16540000,1578917.90000000
1785114000000,0.16530000,0.16560000,0.16460000,0.16500000,1397619.20000000
1785117600000,0.16500000,0.16520000,0.16460000,0.16490000,1390314.10000000
1785121200000,0.16500000,0.16550000,0.16470000,0.16540000,1379544.30000000
1785124800000,0.16550000,0.16650000,0.16510000,0.16540000,1887582.90000000
1785128400000,0.16540000,0.16610000,0.16510000,0.16570000,1594580.00000000
1785132000000,0.16570000,0.16730000,0.16570000,0.16620000,2759612.70000000
1785135600000,0.16610000,0.16640000,0.16490000,0.16500000,2242433.80000000
1785139200000,0.16500000,0.16550000,0.16470000,0.16500000,2366441.50000000
1785142800000,0.16490000,0.16570000,0.16460000,0.16540000,3050367.60000000
1785146400000,0.16540000,0.16590000,0.16510000,0.16560000,794498.40000000
1785150000000,0.16560000,0.16560000,0.16450000,0.16460000,907055.30000000
1785153600000,0.16460000,0.16490000,0.16260000,0.16400000,7724219.40000000
1785157200000,0.16400000,0.16570000,0.16300000,0.16450000,4332282.60000000
1785160800000,0.16450000,0.16470000,0.15800000,0.15900000,17903269.80000000
1785164400000,0.15890000,0.15970000,0.15790000,0.15800000,7386527.20000000
1785168000000,0.15790000,0.15950000,0.15710000,0.15900000,9402477.00000000
1785171600000,0.15900000,0.15960000,0.15860000,0.15930000,2277970.40000000
1785175200000,0.15920000,0.15950000,0.15800000,0.15850000,5062775.70000000
1785178800000,0.15860000,0.15950000,0.15840000,0.15900000,2245691.80000000
1785182400000,0.15900000,0.15920000,0.15860000,0.15920000,1232562.60000000
1785186000000,0.15920000,0.15920000,0.15850000,0.15880000,2006353.60000000
1785189600000,0.15880000,0.15880000,0.15450000,0.15470000,13337533.00000000
1785193200000,0.15470000,0.15620000,0.15370000,0.15560000,6496976.20000000
1785196800000,0.15560000,0.15640000,0.15480000,0.15490000,5281137.80000000
1785200400000,0.15500000,0.15570000,0.15330000,0.15430000,6168574.50000000
1785204000000,0.15430000,0.15530000,0.15400000,0.15510000,5011464.90000000
1785207600000,0.15510000,0.15520000,0.15460000,0.15490000,2312357.60000000
1785211200000,0.15480000,0.15560000,0.15470000,0.15530000,2402249.30000000
1785214800000,0.15530000,0.15610000,0.15520000,0.15600000,5211119.40000000
1785218400000,0.15610000,0.15790000,0.15570000,0.15690000,14187314.20000000
1785222000000,0.15690000,0.15750000,0.15640000,0.15720000,5941751.20000000
1785225600000,0.15710000,0.15770000,0.15660000,0.15730000,4664392.20000000
1785229200000,0.15730000,0.15820000,0.15690000,0.15730000,3165907.40000000
1785232800000,0.15720000,0.15750000,0.15690000,0.15700000,1593611.70000000
1785236400000,0.15700000,0.15760000,0.15640000,0.15710000,5200076.50000000
1785240000000,0.15720000,0.15860000,0.15700000,0.15830000,5494644.10000000
1785243600000,0.15840000,0.15870000,0.15530000,0.15630000,8832694.70000000
1785247200000,0.15650000,0.15710000,0.15600000,0.15690000,3096027.80000000
1785250800000,0.15690000,0.15940000,0.15630000,0.15910000,9517598.50000000
1785254400000,0.15910000,0.16000000,0.15830000,0.15930000,4967820.70000000
1785258000000,0.15930000,0.15940000,0.15840000,0.15910000,2523650.20000000
1785261600000,0.15920000,0.15970000,0.15830000,0.15860000,2408087.70000000
1785265200000,0.15870000,0.15910000,0.15820000,0.15900000,1939257.90000000
1785268800000,0.15910000,0.16010000,0.15880000,0.16010000,5675385.70000000
1785272400000,0.16010000,0.16090000,0.15970000,0.16070000,3103464.00000000
1785276000000,0.16070000,0.16350000,0.16060000,0.16120000,8637784.60000000
1785279600000,0.16110000,0.16200000,0.16050000,0.16200000,3755151.00000000
1785283200000,0.16200000,0.16370000,0.16200000,0.16280000,8474033.90000000
1785286800000,0.16270000,0.16310000,0.16180000,0.16190000,3130542.90000000
1785290400000,0.16190000,0.16690000,0.16160000,0.16590000,12697373.90000000
1785294000000,0.16590000,0.16620000,0.16310000,0.16350000,12020473.90000000
1785297600000,0.16360000,0.16370000,0.16190000,0.16310000,4794500.00000000
1785301200000,0.16310000,0.16420000,0.16240000,0.16400000,3700556.90000000
1785304800000,0.16410000,0.16510000,0.16300000,0.16420000,3957600.50000000
1785308400000,0.16430000,0.16460000,0.16360000,0.16460000,2796784.80000000
1785312000000,0.16460000,0.16500000,0.16310000,0.16440000,3556995.30000000
1785315600000,0.16440000,0.16490000,0.16410000,0.16420000,3257288.60000000
1785319200000,0.16420000,0.16440000,0.16340000,0.16370000,2622736.90000000
1785322800000,0.16380000,0.16470000,0.16360000,0.16390000,2588031.60000000
1785326400000,0.16400000,0.16430000,0.16330000,0.16400000,3513315.40000000
1785330000000,0.16410000,0.16540000,0.16350000,0.16490000,4660187.80000000
1785333600000,0.16500000,0.16530000,0.16250000,0.16300000,5790021.50000000
1785337200000,0.16290000,0.16330000,0.16230000,0.16310000,3602234.50000000
1785340800000,0.16300000,0.16400000,0.16230000,0.16330000,3520585.80000000
1785344400000,0.16330000,0.16530000,0.16320000,0.16530000,2987007.50000000
1785348000000,0.16530000,0.16910000,0.16460000,0.16790000,15063690.90000000
1785351600000,0.16800000,0.16860000,0.16280000,0.16320000,8769367.80000000
1785355200000,0.16320000,0.16400000,0.16060000,0.16110000,6554246.20000000
1785358800000,0.16100000,0.16300000,0.16040000,0.16290000,6677758.80000000
1785362400000,0.16290000,0.16370000,0.16220000,0.16240000,3957608.30000000
1785366000000,0.16240000,0.16270000,0.16160000,0.16210000,2191295.10000000
1785369600000,0.16210000,0.16270000,0.16160000,0.16210000,2319332.20000000
1785373200000,0.16220000,0.16480000,0.16210000,0.16410000,3069533.30000000
1785376800000,0.16410000,0.16430000,0.16270000,0.16280000,2005995.70000000
1785380400000,0.16280000,0.16330000,0.16240000,0.16240000,2558969.60000000
1785384000000,0.16250000,0.16270000,0.16190000,0.16210000,2524030.80000000
1785387600000,0.16200000,0.16280000,0.16150000,0.16270000,1417145.50000000
1785391200000,0.16280000,0.16330000,0.16240000,0.16290000,3062634.90000000
1785394800000,0.16280000,0.16360000,0.16260000,0.16330000,3397001.80000000
1785398400000,0.16320000,0.16520000,0.16310000,0.16430000,2934427.50000000
1785402000000,0.16420000,0.16550000,0.16390000,0.16420000,5654465.70000000
1785405600000,0.16420000,0.16480000,0.16360000,0.16390000,1906632.70000000
1785409200000,0.16400000,0.16450000,0.16380000,0.16430000,2394433.50000000
1785412800000,0.16430000,0.16670000,0.16430000,0.16600000,10852121.30000000
1785416400000,0.16600000,0.16900000,0.16560000,0.16820000,9722032.10000000
1785420000000,0.16820000,0.17450000,0.16750000,0.17220000,24060913.90000000
1785423600000,0.17230000,0.17630000,0.17100000,0.17200000,31095788.10000000
1785427200000,0.17190000,0.17280000,0.16990000,0.17070000,13014886.50000000
1785430800000,0.17080000,0.17230000,0.17030000,0.17190000,4936062.50000000
1785434400000,0.17190000,0.17280000,0.17110000,0.17230000,4690413.70000000
1785438000000,0.17240000,0.17320000,0.17190000,0.17280000,4214198.30000000
1785441600000,0.17280000,0.17330000,0.17040000,0.17080000,4890933.60000000
1785445200000,0.17080000,0.17100000,0.17010000,0.17020000,1385461.30000000
1785448800000,0.17020000,0.17100000,0.16950000,0.16990000,2634336.40000000
1785452400000,0.16990000,0.17080000,0.16960000,0.16970000,2968120.80000000
1785456000000,0.16970000,0.17060000,0.16930000,0.16960000,3845761.60000000
1785459600000,0.16970000,0.17100000,0.16940000,0.16980000,4048198.80000000
1785463200000,0.16980000,0.17090000,0.16940000,0.17050000,2517545.40000000
1785466800000,0.17050000,0.17110000,0.16970000,0.17010000,2421568.40000000
1785470400000,0.17000000,0.17010000,0.16860000,0.16870000,4269877.10000000
1785474000000,0.16870000,0.16910000,0.16800000,0.16900000,3027441.10000000
1785477600000,0.16890000,0.16970000,0.16830000,0.16890000,3089020.90000000
1785481200000,0.16880000,0.17040000,0.16760000,0.16990000,4498556.10000000
1785484800000,0.16990000,0.17190000,0.16980000,0.17090000,5903977.20000000
1785488400000,0.17090000,0.17140000,0.16880000,0.16900000,4863333.00000000
1785492000000,0.16900000,0.17030000,0.16840000,0.16980000,2243510.20000000
1785495600000,0.16980000,0.17080000,0.16950000,0.16990000,3883285.50000000
1785499200000,0.17000000,0.17000000,0.16870000,0.16950000,3339106.80000000
1785502800000,0.16950000,0.17140000,0.16850000,0.16860000,6955806.90000000
1785506400000,0.16860000,0.16900000,0.16650000,0.16790000,9678739.60000000
1785510000000,0.16780000,0.16930000,0.16730000,0.16880000,4945731.90000000
1785513600000,0.16880000,0.17100000,0.16850000,0.17090000,5699414.20000000
1785517200000,0.17080000,0.17150000,0.16960000,0.17130000,4376514.90000000
1785520800000,0.17120000,0.17270000,0.17090000,0.17220000,6173763.80000000
1785524400000,0.17220000,0.17270000,0.17010000,0.17050000,4509357.90000000
1785528000000,0.17050000,0.17070000,0.16860000,0.16880000,2897429.10000000
1785531600000,0.16870000,0.16940000,0.16790000,0.16820000,1614501.80000000
1785535200000,0.16820000,0.16870000,0.16780000,0.16800000,2172323.50000000
1785538800000,0.16800000,0.16870000,0.16780000,0.16820000,2468838.00000000
1785542400000,0.16830000,0.16960000,0.16820000,0.16900000,1681077.90000000
1785546000000,0.16910000,0.16970000,0.16870000,0.16950000,1776353.40000000
1785549600000,0.16960000,0.17050000,0.16960000,0.17000000,2699686.20000000
1785553200000,0.17010000,0.17110000,0.16990000,0.17110000,1412969.80000000
1785556800000,0.17110000,0.17140000,0.17030000,0.17110000,1355252.00000000
1785560400000,0.17100000,0.17140000,0.16980000,0.17050000,1930946.60000000
1785564000000,0.17050000,0.17070000,0.16950000,0.16980000,1371570.00000000
1785567600000,0.16990000,0.17230000,0.16980000,0.17120000,4016110.10000000
1785571200000,0.17120000,0.17350000,0.17120000,0.17260000,4496353.60000000
1785574800000,0.17260000,0.17410000,0.17160000,0.17210000,7015660.90000000
1785578400000,0.17210000,0.17280000,0.17130000,0.17250000,3059564.60000000
1785582000000,0.17250000,0.17340000,0.17230000,0.17330000,6482257.40000000
1785585600000,0.17330000,0.17500000,0.17240000,0.17450000,5597292.80000000
1785589200000,0.17450000,0.17690000,0.17410000,0.17490000,8623908.60000000
1785592800000,0.17490000,0.17540000,0.17280000,0.17320000,4969998.00000000
1785596400000,0.17320000,0.17330000,0.17240000,0.17270000,3098855.60000000
1785600000000,0.17270000,0.17470000,0.17180000,0.17420000,5029719.90000000
1785603600000,0.17420000,0.17500000,0.17260000,0.17320000,6757206.70000000
1785607200000,0.17320000,0.17380000,0.16970000,0.17140000,9267739.80000000
1785610800000,0.17140000,0.17300000,0.17140000,0.17260000,5070678.40000000
1785614400000,0.17260000,0.17360000,0.17220000,0.17320000,2646016.00000000
1785618000000,0.17320000,0.17440000,0.17320000,0.17430000,2490007.90000000
1785621600000,0.17440000,0.17530000,0.17340000,0.17340000,3887604.50000000
1785625200000,0.17340000,0.17460000,0.17340000,0.17440000,4233512.70000000
1785628800000,0.17440000,0.17500000,0.17280000,0.17350000,3857025.80000000
1785632400000,0.17350000,0.17740000,0.17350000,0.17640000,12516795.60000000
1785636000000,0.17640000,0.18080000,0.17600000,0.18010000,19014569.70000000
1785639600000,0.18010000,0.18080000,0.17920000,0.18020000,8994084.60000000
1785643200000,0.18020000,0.18470000,0.17990000,0.18310000,14050689.90000000
1785646800000,0.18310000,0.18590000,0.18170000,0.18520000,13381441.70000000
1785650400000,0.18520000,0.18770000,0.18440000,0.18680000,11991978.50000000
1785654000000,0.18680000,0.18760000,0.18460000,0.18610000,16750188.40000000
1785657600000,0.18610000,0.18710000,0.18510000,0.18580000,6891454.80000000
1785661200000,0.18580000,0.18870000,0.18530000,0.18830000,11061595.50000000
1785664800000,0.18830000,0.18900000,0.18650000,0.18670000,7603804.40000000
1785668400000,0.18670000,0.18960000,0.18610000,0.18890000,9094782.50000000
1785672000000,0.18890000,0.19070000,0.18820000,0.18930000,17850055.10000000
1785675600000,0.18940000,0.19220000,0.18650000,0.18750000,31486748.10000000
1785679200000,0.18740000,0.19060000,0.18730000,0.18990000,13764463.70000000
1785682800000,0.18990000,0.19070000,0.18880000,0.19010000,6914536.70000000
1785686400000,0.19020000,0.19130000,0.18910000,0.18950000,8275322.90000000
1785690000000,0.18950000,0.18990000,0.18870000,0.18880000,3127503.40000000
1785693600000,0.18880000,0.19020000,0.18850000,0.18910000,3903449.00000000
1785697200000,0.18910000,0.18980000,0.18850000,0.18860000,2239222.00000000
1785700800000,0.18850000,0.18920000,0.18670000,0.18740000,6556357.10000000
1785704400000,0.18750000,0.19020000,0.18740000,0.18920000,3788686.20000000
1785708000000,0.18920000,0.19100000,0.18910000,0.18980000,6259695.80000000
1785711600000,0.18970000,0.19000000,0.18830000,0.18950000,5029191.00000000
1785715200000,0.18950000,0.18980000,0.18820000,0.18840000,2938104.70000000
1785718800000,0.18830000,0.18830000,0.18480000,0.18580000,8530864.30000000
1785722400000,0.18570000,0.18750000,0.18500000,0.18710000,6590911.60000000
1785726000000,0.18710000,0.18720000,0.18480000,0.18550000,6682983.30000000
1785729600000,0.18550000,0.18700000,0.18400000,0.18400000,5294583.00000000
1785733200000,0.18410000,0.18540000,0.18390000,0.18510000,4329491.00000000
1785736800000,0.18500000,0.18510000,0.18350000,0.18380000,4131902.30000000
1785740400000,0.18390000,0.18430000,0.18260000,0.18270000,5512052.00000000
1785744000000,0.18270000,0.18460000,0.18150000,0.18390000,7920552.70000000
1785747600000,0.18400000,0.18730000,0.18370000,0.18700000,8182547.00000000
1785751200000,0.18700000,0.18840000,0.18610000,0.18740000,6833545.80000000
1785754800000,0.18730000,0.18810000,0.18590000,0.18650000,7113287.60000000
1785758400000,0.18650000,0.18990000,0.18590000,0.18910000,11020879.40000000
1785762000000,0.18910000,0.19470000,0.18880000,0.19460000,21206777.80000000
1785765600000,0.19460000,0.19590000,0.18940000,0.19000000,24248616.40000000
1785769200000,0.19000000,0.19630000,0.18960000,0.19610000,18426792.10000000
1785772800000,0.19600000,0.19620000,0.19210000,0.19230000,16676801.70000000
1785776400000,0.19230000,0.19270000,0.19080000,0.19150000,6814485.90000000
1785780000000,0.19160000,0.19510000,0.19160000,0.19420000,7984997.10000000
1785783600000,0.19420000,0.19530000,0.19360000,0.19370000,5457342.30000000
1785787200000,0.19380000,0.19500000,0.19330000,0.19450000,4720722.40000000
1785790800000,0.19450000,0.19490000,0.19310000,0.19400000,3314186.00000000
1785794400000,0.19390000,0.19560000,0.19260000,0.19500000,11060301.40000000
1785798000000,0.19510000,0.19610000,0.19330000,0.19370000,14620494.40000000
1785801600000,0.19360000,0.19430000,0.19190000,0.19210000,5285663.80000000
1785805200000,0.19210000,0.19300000,0.19110000,0.19290000,4263093.90000000
1785808800000,0.19300000,0.19590000,0.19130000,0.19530000,18861413.40000000
1785812400000,0.19540000,0.19730000,0.19350000,0.19690000,15527526.30000000
1785816000000,0.19690000,0.19940000,0.19470000,0.19560000,11914592.70000000
1785819600000,0.19550000,0.19620000,0.19450000,0.19570000,4000483.80000000
1785823200000,0.19560000,0.19740000,0.19420000,0.19550000,7205211.00000000
1785826800000,0.19540000,0.19630000,0.19360000,0.19470000,6421721.60000000
1785830400000,0.19470000,0.19540000,0.19360000,0.19480000,4841633.30000000
1785834000000,0.19490000,0.19730000,0.19480000,0.19650000,6817183.20000000
1785837600000,0.19650000,0.19670000,0.19370000,0.19510000,13757830.60000000
1785841200000,0.19520000,0.19530000,0.19430000,0.19450000,4142614.70000000
1785844800000,0.19440000,0.19530000,0.19370000,0.19490000,3988947.10000000
1785848400000,0.19500000,0.19530000,0.19150000,0.19190000,9847463.60000000
1785852000000,0.19190000,0.19330000,0.19130000,0.19280000,6969283.50000000
1785855600000,0.19280000,0.19380000,0.19190000,0.19310000,4746503.50000000
1785859200000,0.19320000,0.19340000,0.19180000,0.19210000,2677783.40000000
1785862800000,0.19220000,0.19280000,0.19110000,0.19120000,2219437.40000000
1785866400000,0.19120000,0.19260000,0.19110000,0.19140000,2989048.60000000
1785870000000,0.19150000,0.19370000,0.19140000,0.19240000,4495994.30000000
1785873600000,0.19240000,0.19400000,0.19200000,0.19310000,4187949.50000000
1785877200000,0.19320000,0.19490000,0.19240000,0.19380000,4246459.80000000
1785880800000,0.19380000,0.19430000,0.19260000,0.19300000,3636825.50000000
1785884400000,0.19300000,0.19330000,0.19180000,0.19300000,2600969.50000000
1785888000000,0.19290000,0.19330000,0.19110000,0.19140000,4355904.30000000
1785891600000,0.19140000,0.19280000,0.19120000,0.19250000,2406005.10000000
1785895200000,0.19260000,0.19300000,0.19140000,0.19260000,4054705.70000000
1785898800000,0.19250000,0.19280000,0.18990000,0.19070000,6863351.30000000
1785902400000,0.19060000,0.19080000,0.19000000,0.19030000,3304939.60000000
1785906000000,0.19030000,0.19170000,0.19020000,0.19030000,2972128.60000000
1785909600000,0.19040000,0.19110000,0.19020000,0.19100000,2488166.70000000
1785913200000,0.19100000,0.19400000,0.19100000,0.19390000,6807200.40000000
1785916800000,0.19380000,0.19490000,0.19320000,0.19390000,5117602.60000000
1785920400000,0.19390000,0.19900000,0.19380000,0.19690000,15544163.10000000
1785924000000,0.19700000,0.19710000,0.19410000,0.19470000,9461922.30000000
1785927600000,0.19460000,0.19650000,0.19460000,0.19510000,4609831.40000000
1785931200000,0.19520000,0.19600000,0.19320000,0.19380000,5903690.60000000
1785934800000,0.19370000,0.19430000,0.19030000,0.19210000,9559430.80000000
1785938400000,0.19210000,0.19250000,0.19040000,0.19140000,7224380.80000000
1785942000000,0.19140000,0.19210000,0.18860000,0.18910000,8115542.90000000
1785945600000,0.18920000,0.19150000,0.18920000,0.19120000,3520014.50000000
1785949200000,0.19120000,0.19170000,0.19040000,0.19100000,3628768.90000000
1785952800000,0.19100000,0.19110000,0.18960000,0.19040000,4665046.50000000
1785956400000,0.19050000,0.19080000,0.18910000,0.18950000,3307676.10000000
1785960000000,0.18960000,0.19070000,0.18880000,0.19050000,4408392.60000000
1785963600000,0.19050000,0.19200000,0.19010000,0.19140000,5778627.20000000
1785967200000,0.19140000,0.19230000,0.19030000,0.19140000,2698236.10000000
1785970800000,0.19140000,0.19280000,0.19110000,0.19110000,2251218.50000000
1785974400000,0.19120000,0.19190000,0.19060000,0.19160000,1784860.70000000
1785978000000,0.19150000,0.19250000,0.19050000,0.19070000,2018357.70000000
1785981600000,0.19070000,0.19160000,0.18990000,0.19080000,2374756.30000000
1785985200000,0.19080000,0.19080000,0.18670000,0.18690000,9400074.80000000
1785988800000,0.18690000,0.18860000,0.18590000,0.18780000,5368543.50000000
1785992400000,0.18780000,0.18890000,0.18780000,0.18840000,1788089.90000000
1785996000000,0.18830000,0.18910000,0.18780000,0.18830000,2380073.70000000
1785999600000,0.18840000,0.18920000,0.18800000,0.18880000,4184591.40000000
1786003200000,0.18890000,0.18960000,0.18870000,0.18950000,2747459.90000000
1786006800000,0.18940000,0.18960000,0.18840000,0.18930000,3274361.80000000
1786010400000,0.18930000,0.19080000,0.18780000,0.18910000,7452389.90000000
1786014000000,0.18910000,0.19270000,0.18870000,0.19230000,7622400.80000000
1786017600000,0.19230000,0.19260000,0.19050000,0.19060000,4467292.90000000
1786021200000,0.19060000,0.19470000,0.19030000,0.19390000,9177358.00000000
1786024800000,0.19400000,0.20360000,0.19390000,0.20020000,39608154.90000000
1786028400000,0.20030000,0.21130000,0.20030000,0.20880000,46910358.50000000
1786032000000,0.20890000,0.21170000,0.20390000,0.20680000,33294256.70000000
1786035600000,0.20690000,0.20750000,0.20330000,0.20460000,14881004.20000000
1786039200000,0.20450000,0.20770000,0.20390000,0.20520000,14038333.10000000
1786042800000,0.20530000,0.20530000,0.20080000,0.20240000,18860320.10000000
1786046400000,0.20240000,0.20300000,0.20150000,0.20220000,11870458.80000000
1786050000000,0.20220000,0.20490000,0.20190000,0.20470000,13703772.90000000
1786053600000,0.20480000,0.20560000,0.20110000,0.20140000,4589286.50000000
1786057200000,0.20130000,0.20150000,0.19950000,0.20120000,5993032.20000000
1786060800000,0.20120000,0.20290000,0.20050000,0.20210000,6734219.40000000
1786064400000,0.20220000,0.20290000,0.19960000,0.20030000,4876710.80000000
1786068000000,0.20030000,0.20110000,0.19880000,0.20040000,6352355.30000000
1786071600000,0.20030000,0.20110000,0.19930000,0.19940000,4316209.70000000
1786075200000,0.19940000,0.20040000,0.19870000,0.19990000,3357259.10000000
1786078800000,0.19990000,0.20200000,0.19950000,0.20190000,4784932.10000000
1786082400000,0.20180000,0.20400000,0.20040000,0.20180000,12038940.20000000
1786086000000,0.20180000,0.20250000,0.20110000,0.20170000,4154200.90000000
1786089600000,0.20170000,0.20290000,0.20070000,0.20110000,5765044.20000000
1786093200000,0.20100000,0.20190000,0.19990000,0.20190000,5242546.00000000
1786096800000,0.20190000,0.20270000,0.20120000,0.20250000,4670989.80000000
1786100400000,0.20260000,0.20340000,0.20130000,0.20150000,6345675.10000000
1786104000000,0.20150000,0.20310000,0.19980000,0.20130000,7973762.80000000
1786107600000,0.20130000,0.20150000,0.19890000,0.19930000,5637471.00000000
1786111200000,0.19930000,0.20020000,0.19660000,0.19710000,8232877.60000000
1786114800000,0.19710000,0.20090000,0.19700000,0.20090000,4998475.70000000
1786118400000,0.20100000,0.20180000,0.19930000,0.19930000,4977791.60000000
1786122000000,0.19920000,0.19990000,0.19760000,0.19800000,4793585.50000000
1786125600000,0.19800000,0.20080000,0.19790000,0.20060000,5733527.30000000
1786129200000,0.20060000,0.20250000,0.20030000,0.20100000,6310155.50000000
1786132800000,0.20100000,0.20330000,0.20080000,0.20240000,4198925.50000000
1786136400000,0.20230000,0.20290000,0.20070000,0.20100000,2383732.00000000
1786140000000,0.20110000,0.20210000,0.20030000,0.20070000,1294388.50000000
1786143600000,0.20070000,0.20190000,0.20030000,0.20080000,1310833.70000000
1786147200000,0.20090000,0.20100000,0.19960000,0.20040000,1690260.00000000
1786150800000,0.20040000,0.20130000,0.19950000,0.20070000,2414238.90000000
1786154400000,0.20070000,0.20150000,0.19990000,0.20050000,1740091.80000000
1786158000000,0.20050000,0.20240000,0.20050000,0.20100000,2990811.80000000
1786161600000,0.20110000,0.20160000,0.20050000,0.20070000,1293327.20000000
1786165200000,0.20080000,0.20140000,0.20040000,0.20070000,1227623.90000000
1786168800000,0.20080000,0.20080000,0.19970000,0.19990000,1878051.50000000
1786172400000,0.19990000,0.20030000,0.19910000,0.20030000,2315448.70000000
1786176000000,0.20030000,0.20040000,0.19930000,0.20000000,1892649.70000000
1786179600000,0.20010000,0.20010000,0.19850000,0.19910000,3205944.50000000
1786183200000,0.19910000,0.20020000,0.19890000,0.20000000,1564033.40000000
1786186800000,0.19990000,0.20050000,0.19930000,0.19940000,1730513.70000000
1786190400000,0.19940000,0.20040000,0.19880000,0.19920000,1884268.10000000
1786194000000,0.19920000,0.20020000,0.19900000,0.20020000,1661172.10000000
1786197600000,0.20020000,0.20090000,0.19940000,0.20040000,3186801.50000000
1786201200000,0.20040000,0.20070000,0.19950000,0.19950000,2056370.30000000
1786204800000,0.19960000,0.20110000,0.19960000,0.20040000,2459570.20000000
1786208400000,0.20030000,0.20050000,0.19960000,0.19970000,1612029.80000000
1786212000000,0.19970000,0.20090000,0.19960000,0.20070000,2242224.20000000
1786215600000,0.20080000,0.20090000,0.19990000,0.20050000,2447565.30000000
1786219200000,0.20060000,0.20100000,0.20000000,0.20050000,1626137.80000000
1786222800000,0.20060000,0.20070000,0.19920000,0.19950000,1099671.60000000
1786226400000,0.19960000,0.20020000,0.19760000,0.19890000,4008766.20000000
1786230000000,0.19890000,0.19980000,0.19860000,0.19950000,1151671.40000000
1786233600000,0.19960000,0.19960000,0.19800000,0.19880000,4090084.50000000
1786237200000,0.19880000,0.19980000,0.19850000,0.19910000,2016143.80000000
1786240800000,0.19910000,0.19960000,0.19850000,0.19860000,2375731.50000000
1786244400000,0.19860000,0.19910000,0.19810000,0.19830000,2250873.30000000
1786248000000,0.19830000,0.19900000,0.19760000,0.19780000,3381778.00000000
1786251600000,0.19780000,0.19830000,0.19680000,0.19820000,3473975.70000000
1786255200000,0.19820000,0.19940000,0.19820000,0.19860000,2244895.10000000
1786258800000,0.19860000,0.20000000,0.19840000,0.19870000,3073901.50000000
1786262400000,0.19860000,0.19910000,0.19730000,0.19790000,1876514.50000000
1786266000000,0.19780000,0.19800000,0.19610000,0.19630000,4417722.30000000
1786269600000,0.19620000,0.19700000,0.19560000,0.19610000,2708203.80000000
1786273200000,0.19610000,0.19710000,0.19610000,0.19650000,1923815.30000000
1786276800000,0.19650000,0.19660000,0.19580000,0.19630000,2155046.20000000
1786280400000,0.19630000,0.19790000,0.19630000,0.19740000,2838918.80000000
1786284000000,0.19750000,0.19820000,0.19720000,0.19790000,2450540.50000000
1786287600000,0.19800000,0.19810000,0.19720000,0.19760000,1174442.90000000
1786291200000,0.19770000,0.19820000,0.19730000,0.19790000,1602136.70000000
1786294800000,0.19800000,0.19880000,0.19780000,0.19810000,2772778.60000000
1786298400000,0.19820000,0.19850000,0.19760000,0.19810000,1246310.00000000
1786302000000,0.19810000,0.19840000,0.19750000,0.19770000,798608.70000000
1786305600000,0.19780000,0.19830000,0.19740000,0.19820000,571509.00000000
1786309200000,0.19830000,0.19940000,0.19770000,0.19820000,1445909.60000000
1786312800000,0.19830000,0.19940000,0.19690000,0.19740000,1489979.30000000
1786316400000,0.19730000,0.19760000,0.19340000,0.19450000,7998458.50000000
1786320000000,0.19440000,0.19610000,0.19360000,0.19530000,3473498.70000000
1786323600000,0.19530000,0.19800000,0.19520000,0.19790000,2824179.20000000
1786327200000,0.19800000,0.19810000,0.19630000,0.19770000,2497810.50000000
1786330800000,0.19770000,0.19780000,0.19580000,0.19590000,1479978.00000000
1786334400000,0.19590000,0.19720000,0.19570000,0.19650000,1250325.00000000
1786338000000,0.19660000,0.19820000,0.19650000,0.19750000,1967676.40000000
1786341600000,0.19760000,0.19910000,0.19740000,0.19830000,3150840.50000000
1786345200000,0.19840000,0.19930000,0.19760000,0.19820000,3263818.10000000
1786348800000,0.19810000,0.19840000,0.19630000,0.19640000,3291440.90000000
1786352400000,0.19640000,0.19640000,0.19480000,0.19500000,3071717.70000000
1786356000000,0.19500000,0.19560000,0.19460000,0.19510000,2322510.80000000
1786359600000,0.19510000,0.19650000,0.19470000,0.19650000,2402858.70000000
1786363200000,0.19660000,0.19720000,0.19580000,0.19600000,2811910.20000000
1786366800000,0.19600000,0.19690000,0.19540000,0.19670000,3186241.00000000
1786370400000,0.19670000,0.19720000,0.19570000,0.19590000,1621801.30000000
1786374000000,0.19590000,0.19670000,0.19390000,0.19500000,6904636.10000000
1786377600000,0.19500000,0.19620000,0.19450000,0.19600000,4697378.50000000
1786381200000,0.19600000,0.19650000,0.19460000,0.19550000,3244248.80000000
1786384800000,0.19550000,0.19560000,0.19250000,0.19370000,4529126.20000000
1786388400000,0.19360000,0.19520000,0.19310000,0.19380000,1771788.70000000
1786392000000,0.19390000,0.19450000,0.19300000,0.19340000,1924178.60000000
1786395600000,0.19340000,0.19390000,0.19160000,0.19210000,2972948.70000000
1786399200000,0.19200000,0.19270000,0.19160000,0.19220000,2016214.10000000
1786402800000,0.19220000,0.19240000,0.19080000,0.19100000,2073176.60000000
1786406400000,0.19090000,0.19090000,0.18900000,0.19030000,6415847.40000000
1786410000000,0.19030000,0.19160000,0.19020000,0.19130000,2190604.50000000
1786413600000,0.19130000,0.19160000,0.19000000,0.19060000,1456630.40000000
1786417200000,0.19060000,0.19080000,0.19000000,0.19050000,2157709.40000000
1786420800000,0.19060000,0.19080000,0.18940000,0.18980000,1444654.90000000
1786424400000,0.18970000,0.18970000,0.18710000,0.18750000,7840161.20000000
1786428000000,0.18740000,0.18870000,0.18730000,0.18870000,3180561.30000000
1786431600000,0.18880000,0.18920000,0.18830000,0.18870000,2583193.20000000
1786435200000,0.18870000,0.18900000,0.18840000,0.18880000,1247169.70000000
1786438800000,0.18880000,0.18900000,0.18850000,0.18890000,2037500.50000000
1786442400000,0.18890000,0.18910000,0.18770000,0.18820000,2581239.30000000
1786446000000,0.18820000,0.18910000,0.18800000,0.18870000,2389409.80000000
1786449600000,0.18860000,0.18860000,0.18650000,0.18700000,5047749.70000000
1786453200000,0.18700000,0.18810000,0.18630000,0.18680000,6467005.70000000
1786456800000,0.18680000,0.18730000,0.18430000,0.18490000,10736115.70000000
1786460400000,0.18490000,0.18520000,0.18370000,0.18500000,4978104.80000000
1786464000000,0.18490000,0.18660000,0.18480000,0.18540000,3266598.10000000
1786467600000,0.18550000,0.18600000,0.18510000,0.18530000,2267234.30000000
1786471200000,0.18530000,0.18590000,0.18520000,0.18550000,1462311.30000000
1786474800000,0.18550000,0.18580000,0.18430000,0.18580000,3419325.00000000
1786478400000,0.18590000,0.18660000,0.18520000,0.18520000,1999179.20000000
1786482000000,0.18520000,0.18760000,0.18460000,0.18670000,5676645.60000000
1786485600000,0.18670000,0.18740000,0.18640000,0.18680000,1030817.30000000
1786489200000,0.18670000,0.18740000,0.18590000,0.18710000,4049708.20000000
1786492800000,0.18710000,0.18720000,0.18580000,0.18600000,2646881.50000000
1786496400000,0.18600000,0.18710000,0.18590000,0.18700000,1802925.40000000
1786500000000,0.18700000,0.18850000,0.18690000,0.18800000,3750143.40000000
1786503600000,0.18800000,0.18830000,0.18740000,0.18770000,1728637.60000000
1786507200000,0.18760000,0.18800000,0.18700000,0.18710000,1250183.70000000
1786510800000,0.18700000,0.18770000,0.18650000,0.18660000,1739574.10000000
1786514400000,0.18660000,0.18680000,0.18520000,0.18550000,2620909.80000000
1786518000000,0.18560000,0.18590000,0.18490000,0.18530000,1796630.80000000
1786521600000,0.18520000,0.18580000,0.18510000,0.18560000,1844254.30000000
1786525200000,0.18550000,0.18750000,0.18540000,0.18730000,3386111.30000000
1786528800000,0.18720000,0.18760000,0.18660000,0.18680000,2010901.20000000
1786532400000,0.18690000,0.18710000,0.18570000,0.18580000,1340090.40000000
1786536000000,0.18580000,0.18640000,0.18330000,0.18450000,10864863.60000000
1786539600000,0.18450000,0.18470000,0.18290000,0.18350000,3714477.70000000
1786543200000,0.18340000,0.18380000,0.18210000,0.18220000,5346891.40000000
1786546800000,0.18220000,0.18370000,0.18180000,0.18200000,3114107.50000000
1786550400000,0.18190000,0.18250000,0.18160000,0.18230000,3987540.90000000
1786554000000,0.18230000,0.18350000,0.18210000,0.18320000,2908071.20000000
1786557600000,0.18330000,0.18390000,0.18290000,0.18340000,1766470.60000000
1786561200000,0.18340000,0.18370000,0.18300000,0.18320000,908760.00000000
1786564800000,0.18320000,0.18360000,0.18260000,0.18290000,939819.50000000
1786568400000,0.18280000,0.18300000,0.18060000,0.18110000,4877606.60000000
1786572000000,0.18100000,0.18220000,0.18080000,0.18210000,1167935.10000000
1786575600000,0.18200000,0.18280000,0.18170000,0.18260000,1051464.90000000
1786579200000,0.18260000,0.18360000,0.18180000,0.18180000,1513431.00000000
1786582800000,0.18180000,0.18240000,0.18130000,0.18150000,971327.50000000
1786586400000,0.18150000,0.18310000,0.18130000,0.18310000,1038837.40000000
1786590000000,0.18310000,0.18430000,0.18290000,0.18400000,2066978.60000000
1786593600000,0.18390000,0.18430000,0.18330000,0.18340000,1338629.70000000
1786597200000,0.18340000,0.18520000,0.18290000,0.18450000,2160148.30000000
1786600800000,0.18440000,0.18520000,0.18400000,0.18440000,2295035.60000000
1786604400000,0.18440000,0.18580000,0.18400000,0.18560000,4564879.70000000
1786608000000,0.18570000,0.18670000,0.18510000,0.18650000,6151587.80000000
1786611600000,0.18650000,0.18670000,0.18520000,0.18550000,3688892.20000000
1786615200000,0.18550000,0.18560000,0.18450000,0.18480000,2751830.80000000
1786618800000,0.18490000,0.18490000,0.18310000,0.18320000,2070289.20000000
1786622400000,0.18320000,0.18390000,0.18290000,0.18350000,1573597.30000000
1786626000000,0.18340000,0.18470000,0.18290000,0.18450000,2122424.40000000
1786629600000,0.18440000,0.18540000,0.18400000,0.18490000,2930892.00000000
1786633200000,0.18480000,0.18510000,0.18270000,0.18270000,2952119.80000000
1786636800000,0.18260000,0.18290000,0.18040000,0.18160000,8025272.30000000
1786640400000,0.18150000,0.18200000,0.18120000,0.18190000,1461809.40000000
1786644000000,0.18190000,0.18220000,0.18090000,0.18150000,2894091.80000000
1786647600000,0.18150000,0.18220000,0.18130000,0.18150000,1977027.80000000
1786651200000,0.18150000,0.18240000,0.18120000,0.18210000,1974888.60000000
1786654800000,0.18210000,0.18240000,0.18160000,0.18180000,955767.30000000
1786658400000,0.18180000,0.18320000,0.18180000,0.18230000,2175406.90000000
1786662000000,0.18230000,0.18250000,0.18210000,0.18250000,460609.80000000
1786665600000,0.18240000,0.18340000,0.18220000,0.18320000,1772892.70000000
1786669200000,0.18320000,0.18350000,0.18260000,0.18280000,1659294.20000000
1786672800000,0.18280000,0.18320000,0.18130000,0.18200000,1961256.90000000
1786676400000,0.18200000,0.18300000,0.18180000,0.18230000,869960.80000000
1786680000000,0.18240000,0.18320000,0.18230000,0.18230000,2322552.40000000
1786683600000,0.18230000,0.18280000,0.18140000,0.18280000,994488.70000000
1786687200000,0.18280000,0.18290000,0.18160000,0.18160000,1959438.80000000
1786690800000,0.18160000,0.18230000,0.18140000,0.18180000,1535152.10000000
1786694400000,0.18180000,0.18260000,0.18150000,0.18250000,1143364.20000000
1786698000000,0.18250000,0.18360000,0.18170000,0.18190000,2822824.00000000
1786701600000,0.18190000,0.18320000,0.17910000,0.17940000,7840555.20000000
1786705200000,0.17930000,0.18040000,0.17910000,0.18010000,2889636.00000000
1786708800000,0.18010000,0.18050000,0.17920000,0.17940000,1983647.90000000
1786712400000,0.17940000,0.17980000,0.17860000,0.17970000,2479643.80000000
1786716000000,0.17970000,0.17980000,0.17810000,0.17840000,6796547.00000000
1786719600000,0.17840000,0.18020000,0.17810000,0.18000000,3910219.30000000
1786723200000,0.18000000,0.18060000,0.17970000,0.18000000,1521545.30000000
1786726800000,0.18000000,0.18100000,0.17960000,0.17990000,1111612.60000000
1786730400000,0.17980000,0.17990000,0.17850000,0.17920000,3401818.50000000
1786734000000,0.17920000,0.17990000,0.17870000,0.17970000,2574053.20000000
1786737600000,0.17980000,0.18020000,0.17930000,0.17940000,1663964.90000000
1786741200000,0.17950000,0.17960000,0.17830000,0.17880000,2422614.90000000
1786744800000,0.17880000,0.17920000,0.17840000,0.17900000,1534967.30000000
1786748400000,0.17890000,0.18020000,0.17890000,0.18020000,1347029.30000000
1786752000000,0.18020000,0.18050000,0.17970000,0.18000000,930581.20000000
1786755600000,0.18000000,0.18020000,0.17960000,0.17970000,805480.70000000
1786759200000,0.17980000,0.18140000,0.17980000,0.18140000,1404263.70000000
1786762800000,0.18150000,0.18180000,0.18010000,0.18040000,2585033.20000000
1786766400000,0.18050000,0.18160000,0.18040000,0.18060000,1430424.60000000
1786770000000,0.18060000,0.18060000,0.17940000,0.17970000,1209340.30000000
1786773600000,0.17980000,0.18020000,0.17950000,0.17980000,1064610.40000000
1786777200000,0.17980000,0.17980000,0.17900000,0.17900000,870918.00000000
1786780800000,0.17910000,0.17920000,0.17850000,0.17870000,1323096.90000000
1786784400000,0.17860000,0.17950000,0.17860000,0.17940000,815101.50000000
1786788000000,0.17950000,0.17960000,0.17870000,0.17900000,1098970.80000000
1786791600000,0.17910000,0.17910000,0.17840000,0.17870000,1057521.00000000
1786795200000,0.17860000,0.17930000,0.17830000,0.17920000,1661022.10000000
1786798800000,0.17920000,0.17930000,0.17860000,0.17900000,917768.40000000
1786802400000,0.17910000,0.17920000,0.17830000,0.17880000,1908261.60000000
1786806000000,0.17880000,0.17920000,0.17830000,0.17890000,1199994.80000000
1786809600000,0.17890000,0.17910000,0.17830000,0.17830000,819610.20000000
1786813200000,0.17840000,0.17840000,0.17690000,0.17760000,3502784.20000000
1786816800000,0.17760000,0.17780000,0.17720000,0.17740000,1183855.30000000
1786820400000,0.17740000,0.17810000,0.17730000,0.17800000,432929.70000000
1786824000000,0.17810000,0.17830000,0.17770000,0.17800000,830006.50000000
1786827600000,0.17800000,0.17810000,0.17760000,0.17790000,834690.00000000
1786831200000,0.17780000,0.17790000,0.17720000,0.17750000,1029172.50000000
1786834800000,0.17740000,0.17740000,0.17580000,0.17650000,4363371.30000000
1786838400000,0.17640000,0.17720000,0.17610000,0.17700000,1051581.50000000
1786842000000,0.17690000,0.17720000,0.17630000,0.17640000,957493.70000000
1786845600000,0.17650000,0.17710000,0.17610000,0.17670000,1218439.00000000
1786849200000,0.17670000,0.17740000,0.17650000,0.17710000,872418.90000000
1786852800000,0.17710000,0.17730000,0.17670000,0.17690000,786852.80000000
1786856400000,0.17700000,0.17720000,0.17660000,0.17700000,742593.90000000
1786860000000,0.17690000,0.17720000,0.17650000,0.17690000,833184.90000000
1786863600000,0.17680000,0.17780000,0.17660000,0.17770000,1122608.30000000
1786867200000,0.17780000,0.17840000,0.17750000,0.17790000,2568177.90000000
1786870800000,0.17780000,0.17790000,0.17690000,0.17700000,983433.90000000
1786874400000,0.17700000,0.17710000,0.17550000,0.17670000,2784695.90000000
1786878000000,0.17680000,0.17720000,0.17660000,0.17710000,777961.70000000
1786881600000,0.17710000,0.17730000,0.17620000,0.17630000,1533459.20000000
1786885200000,0.17630000,0.17650000,0.17590000,0.17600000,1265600.40000000
1786888800000,0.17610000,0.17670000,0.17600000,0.17620000,894759.90000000
1786892400000,0.17620000,0.17710000,0.17600000,0.17680000,876189.40000000
1786896000000,0.17680000,0.17730000,0.17620000,0.17630000,1485035.20000000
1786899600000,0.17640000,0.17670000,0.17620000,0.17630000,482403.00000000
1786903200000,0.17640000,0.17640000,0.17500000,0.17590000,8571266.30000000
1786906800000,0.17580000,0.17930000,0.17570000,0.17830000,12711859.90000000
1786910400000,0.17840000,0.17920000,0.17700000,0.17710000,3247327.90000000
1786914000000,0.17700000,0.17720000,0.17500000,0.17590000,3790534.00000000
1786917600000,0.17590000,0.17650000,0.17460000,0.17550000,2997714.30000000
1786921200000,0.17540000,0.17580000,0.17480000,0.17490000,2017960.10000000
1786924800000,0.17490000,0.17600000,0.17380000,0.17590000,3919494.90000000
1786928400000,0.17580000,0.17690000,0.17570000,0.17590000,2207409.70000000
1786932000000,0.17590000,0.17710000,0.17510000,0.17700000,3456676.90000000
1786935600000,0.17690000,0.17730000,0.17680000,0.17710000,1505018.90000000
1786939200000,0.17710000,0.17760000,0.17700000,0.17720000,1891199.80000000
1786942800000,0.17720000,0.17790000,0.17650000,0.17660000,2133112.70000000
1786946400000,0.17660000,0.17780000,0.17650000,0.17740000,2230192.50000000
1786950000000,0.17740000,0.17750000,0.17580000,0.17620000,2163199.80000000
1786953600000,0.17620000,0.17630000,0.17510000,0.17520000,1859302.40000000
1786957200000,0.17510000,0.17530000,0.17430000,0.17450000,2248805.90000000
1786960800000,0.17450000,0.17480000,0.17250000,0.17480000,7287811.90000000
1786964400000,0.17480000,0.17570000,0.17460000,0.17480000,2277202.60000000
1786968000000,0.17490000,0.17490000,0.17330000,0.17350000,2399218.40000000
1786971600000,0.17350000,0.17500000,0.17300000,0.17430000,3192886.70000000
1786975200000,0.17430000,0.17470000,0.17330000,0.17470000,3130291.40000000
1786978800000,0.17480000,0.17550000,0.17380000,0.17530000,5084936.40000000
1786982400000,0.17520000,0.17580000,0.17420000,0.17430000,3431571.90000000
1786986000000,0.17430000,0.17530000,0.17360000,0.17450000,2790938.00000000
1786989600000,0.17440000,0.17530000,0.17390000,0.17410000,2217283.50000000
1786993200000,0.17410000,0.17450000,0.17360000,0.17380000,1888656.70000000
1786996800000,0.17380000,0.17490000,0.17330000,0.17420000,2795130.90000000
1787000400000,0.17420000,0.17450000,0.17370000,0.17390000,1404757.10000000
1787004000000,0.17390000,0.17410000,0.17330000,0.17350000,1758920.90000000
1787007600000,0.17350000,0.17460000,0.17340000,0.17430000,919794.40000000
1787011200000,0.17430000,0.17490000,0.17380000,0.17440000,2753851.60000000
1787014800000,0.17440000,0.17470000,0.17300000,0.17320000,1644486.00000000
1787018400000,0.17330000,0.17340000,0.17120000,0.17190000,4604366.40000000
1787022000000,0.17190000,0.17270000,0.17160000,0.17250000,1998130.10000000
1787025600000,0.17250000,0.17470000,0.17230000,0.17390000,3225923.00000000
1787029200000,0.17390000,0.17430000,0.17270000,0.17310000,2017504.40000000
1787032800000,0.17310000,0.17410000,0.17280000,0.17340000,1657178.40000000
1787036400000,0.17350000,0.17380000,0.17310000,0.17350000,775926.10000000
1787040000000,0.17360000,0.17360000,0.17250000,0.17300000,1746781.10000000
1787043600000,0.17290000,0.17340000,0.17260000,0.17320000,1558706.10000000
1787047200000,0.17320000,0.17380000,0.17310000,0.17330000,1196055.10000000
1787050800000,0.17340000,0.17420000,0.17300000,0.17370000,2032431.70000000
1787054400000,0.17380000,0.17440000,0.17320000,0.17400000,2678982.00000000
1787058000000,0.17400000,0.17520000,0.17380000,0.17450000,2826195.10000000
1787061600000,0.17460000,0.17700000,0.17370000,0.17560000,8348646.50000000
1787065200000,0.17570000,0.17600000,0.17500000,0.17570000,2056879.20000000
1787068800000,0.17570000,0.17580000,0.17460000,0.17470000,2509232.20000000
1787072400000,0.17470000,0.17470000,0.17410000,0.17430000,1976554.80000000
1787076000000,0.17430000,0.17460000,0.17410000,0.17430000,1520707.30000000
1787079600000,0.17440000,0.17470000,0.17330000,0.17340000,1909634.10000000
1787083200000,0.17350000,0.17380000,0.17280000,0.17290000,1989105.30000000
1787086800000,0.17280000,0.17370000,0.17280000,0.17290000,1165225.00000000
1787090400000,0.17290000,0.17340000,0.17270000,0.17290000,1687965.20000000
1787094000000,0.17290000,0.17480000,0.17280000,0.17460000,2554733.90000000
1787097600000,0.17460000,0.17470000,0.17330000,0.17380000,1704160.70000000
1787101200000,0.17380000,0.17450000,0.17360000,0.17380000,1655390.80000000
1787104800000,0.17380000,0.17430000,0.17350000,0.17410000,1712697.70000000
1787108400000,0.17410000,0.17540000,0.17370000,0.17530000,2017899.50000000
1787112000000,0.17530000,0.17550000,0.17420000,0.17420000,2909597.20000000
1787115600000,0.17420000,0.17560000,0.17420000,0.17550000,2532402.10000000
1787119200000,0.17540000,0.17620000,0.17480000,0.17600000,3521887.40000000
1787122800000,0.17600000,0.17630000,0.17510000,0.17540000,2555393.70000000
1787126400000,0.17540000,0.17580000,0.17470000,0.17480000,1988813.50000000
1787130000000,0.17480000,0.17510000,0.17370000,0.17420000,2399024.90000000
1787133600000,0.17430000,0.17430000,0.17370000,0.17430000,1899602.40000000
1787137200000,0.17420000,0.17520000,0.17420000,0.17490000,3152022.60000000
1787140800000,0.17500000,0.17590000,0.17460000,0.17550000,3233250.30000000
1787144400000,0.17550000,0.17570000,0.17380000,0.17410000,4220088.40000000
1787148000000,0.17420000,0.17690000,0.17390000,0.17650000,6506221.20000000
1787151600000,0.17660000,0.18340000,0.17600000,0.17950000,43341069.60000000
1787155200000,0.17960000,0.18140000,0.17860000,0.17940000,15507023.50000000
1787158800000,0.17940000,0.18020000,0.17790000,0.17990000,4936582.40000000
1787162400000,0.17980000,0.18060000,0.17870000,0.18020000,5115801.00000000
1787166000000,0.18010000,0.18130000,0.17950000,0.18130000,5005890.80000000
1787169600000,0.18130000,0.18570000,0.18110000,0.18510000,15196554.00000000
1787173200000,0.18510000,0.19230000,0.18490000,0.19010000,26933779.10000000
1787176800000,0.19020000,0.19100000,0.18780000,0.18840000,9819633.20000000
1787180400000,0.18850000,0.18860000,0.18580000,0.18710000,8450337.20000000
1787184000000,0.18710000,0.18880000,0.18540000,0.18590000,7135944.40000000
1787187600000,0.18590000,0.18790000,0.18520000,0.18720000,5286042.10000000
1787191200000,0.18720000,0.18750000,0.18540000,0.18550000,3856716.50000000
1787194800000,0.18550000,0.18550000,0.18200000,0.18230000,8849005.00000000
1787198400000,0.18230000,0.18380000,0.18180000,0.18350000,5501045.30000000
1787202000000,0.18350000,0.18440000,0.18320000,0.18350000,2729526.60000000
1787205600000,0.18350000,0.18480000,0.18280000,0.18470000,3625205.40000000
1787209200000,0.18460000,0.18470000,0.18330000,0.18420000,2536928.70000000
1787212800000,0.18430000,0.19020000,0.18390000,0.18980000,17859570.60000000
1787216400000,0.18980000,0.19120000,0.18830000,0.18940000,12939703.80000000
1787220000000,0.18940000,0.19220000,0.18920000,0.19020000,17961915.20000000
1787223600000,0.19020000,0.19550000,0.18980000,0.19310000,14435088.40000000
1787227200000,0.19310000,0.19370000,0.19000000,0.19160000,10124074.20000000
1787230800000,0.19160000,0.19530000,0.19100000,0.19530000,11569477.50000000
1787234400000,0.19530000,0.19720000,0.19280000,0.19430000,14506204.20000000
1787238000000,0.19430000,0.19800000,0.19400000,0.19690000,13850960.00000000
1787241600000,0.19700000,0.19970000,0.19600000,0.19950000,13822092.60000000
1787245200000,0.19960000,0.20350000,0.19940000,0.20090000,20180430.60000000
1787248800000,0.20090000,0.20260000,0.19540000,0.19540000,17236954.70000000
1787252400000,0.19540000,0.19630000,0.19330000,0.19480000,11851479.10000000
1787256000000,0.19480000,0.19800000,0.19450000,0.19800000,5435244.70000000
1787259600000,0.19800000,0.19900000,0.19690000,0.19770000,4152849.30000000
1787263200000,0.19780000,0.19820000,0.19580000,0.19600000,4120648.40000000
1787266800000,0.19610000,0.19990000,0.19590000,0.19900000,5118244.80000000
1787270400000,0.19900000,0.20590000,0.19850000,0.20450000,13444288.50000000
1787274000000,0.20450000,0.20870000,0.20280000,0.20840000,13915385.10000000
1787277600000,0.20840000,0.20970000,0.20480000,0.20490000,12026779.50000000
1787281200000,0.20500000,0.21020000,0.20460000,0.20820000,11562132.70000000
1787284800000,0.20820000,0.21010000,0.20700000,0.20810000,9618337.10000000
1787288400000,0.20800000,0.20940000,0.20620000,0.20870000,8318027.10000000
1787292000000,0.20880000,0.21080000,0.20710000,0.20740000,9226863.00000000
1787295600000,0.20740000,0.21150000,0.20710000,0.20980000,14473935.80000000
1787299200000,0.20970000,0.21800000,0.20920000,0.21800000,21686248.00000000
1787302800000,0.21790000,0.21800000,0.20760000,0.21570000,33676248.20000000
1787306400000,0.21570000,0.21580000,0.21230000,0.21430000,12580114.70000000
1787310000000,0.21420000,0.21670000,0.21100000,0.21150000,17917335.80000000
1787313600000,0.21150000,0.21730000,0.21090000,0.21600000,13328396.20000000
1787317200000,0.21600000,0.21800000,0.21260000,0.21750000,14358484.10000000
1787320800000,0.21750000,0.21820000,0.21350000,0.21760000,11804872.80000000
1787324400000,0.21760000,0.22020000,0.21620000,0.21950000,20263279.50000000
1787328000000,0.21960000,0.22110000,0.21710000,0.21880000,15133874.50000000
1787331600000,0.21870000,0.22150000,0.21630000,0.21930000,13808038.10000000
1787335200000,0.21940000,0.22180000,0.21400000,0.21640000,17821117.20000000
1787338800000,0.21640000,0.21840000,0.21430000,0.21670000,5956881.90000000
1787342400000,0.21670000,0.22040000,0.21590000,0.21900000,8384843.50000000
1787346000000,0.21910000,0.22670000,0.21840000,0.22640000,14828205.80000000
1787349600000,0.22640000,0.23280000,0.22500000,0.23160000,22178831.40000000
1787353200000,0.23170000,0.23330000,0.22830000,0.22910000,16178919.70000000
1787356800000,0.22910000,0.23080000,0.22580000,0.22920000,11813970.50000000
1787360400000,0.22930000,0.23280000,0.22900000,0.22970000,12321892.20000000
1787364000000,0.22980000,0.24230000,0.22980000,0.24210000,17600039.20000000
1787367600000,0.24210000,0.24880000,0.23970000,0.24390000,23538675.50000000
1787371200000,0.24390000,0.25840000,0.24300000,0.25410000,39111683.10000000
1787374800000,0.25400000,0.25720000,0.20880000,0.23260000,121719906.10000000
1787378400000,0.23260000,0.23520000,0.22860000,0.23390000,18251014.20000000
1787382000000,0.23390000,0.23660000,0.23080000,0.23140000,14620021.50000000
1787385600000,0.23140000,0.23370000,0.22430000,0.22700000,21282168.50000000
1787389200000,0.22700000,0.22760000,0.22340000,0.22590000,14740303.90000000
1787392800000,0.22590000,0.22600000,0.21730000,0.22250000,23726887.30000000
1787396400000,0.22250000,0.22440000,0.22080000,0.22390000,9915287.60000000
1787400000000,0.22390000,0.22760000,0.22320000,0.22570000,11471541.90000000
1787403600000,0.22570000,0.22800000,0.22450000,0.22650000,9061891.80000000
1787407200000,0.22660000,0.22670000,0.22280000,0.22440000,9737898.80000000
1787410800000,0.22440000,0.22540000,0.22110000,0.22230000,6695251.20000000
1787414400000,0.22240000,0.22810000,0.22230000,0.22640000,7405931.00000000
1787418000000,0.22650000,0.22970000,0.22520000,0.22810000,4871100.10000000
1787421600000,0.22820000,0.23000000,0.22720000,0.22940000,4458459.60000000
1787425200000,0.22940000,0.23190000,0.22850000,0.23120000,5040341.30000000
1787428800000,0.23130000,0.23420000,0.23020000,0.23060000,7121494.80000000
1787432400000,0.23060000,0.23070000,0.22340000,0.22350000,10237865.10000000
1787436000000,0.22360000,0.22760000,0.22260000,0.22680000,5134915.30000000
1787439600000,0.22690000,0.22710000,0.22450000,0.22600000,2075792.00000000
1787443200000,0.22600000,0.22960000,0.22470000,0.22880000,6262982.50000000
1787446800000,0.22870000,0.22880000,0.22550000,0.22610000,4986081.20000000
1787450400000,0.22610000,0.22630000,0.22150000,0.22330000,8551987.80000000
1787454000000,0.22330000,0.22380000,0.21780000,0.21950000,11450368.70000000
1787457600000,0.21950000,0.22090000,0.21500000,0.21570000,10010787.00000000
1787461200000,0.21570000,0.21870000,0.21330000,0.21480000,13519395.60000000
1787464800000,0.21480000,0.21710000,0.21370000,0.21550000,6784830.00000000
1787468400000,0.21540000,0.21820000,0.21500000,0.21770000,5623637.30000000
1787472000000,0.21770000,0.22070000,0.21740000,0.21970000,7471880.30000000
1787475600000,0.21970000,0.22080000,0.21890000,0.22050000,3574029.00000000
1787479200000,0.22040000,0.22320000,0.22040000,0.22150000,6416494.70000000
1787482800000,0.22150000,0.22530000,0.22140000,0.22500000,8375126.90000000
1787486400000,0.22490000,0.22540000,0.22330000,0.22470000,3687476.40000000
1787490000000,0.22480000,0.23010000,0.22480000,0.22940000,14230284.60000000
1787493600000,0.22940000,0.23060000,0.22080000,0.22540000,23079927.20000000
1787497200000,0.22550000,0.22630000,0.22290000,0.22460000,8374014.70000000
1787500800000,0.22460000,0.22620000,0.22370000,0.22510000,3520351.50000000
1787504400000,0.22500000,0.22680000,0.22360000,0.22460000,4466016.50000000
1787508000000,0.22460000,0.22600000,0.22420000,0.22510000,3178166.20000000
1787511600000,0.22520000,0.22550000,0.22290000,0.22360000,7912200.50000000
1787515200000,0.22360000,0.22560000,0.22200000,0.22550000,5157148.80000000
1787518800000,0.22560000,0.22950000,0.22550000,0.22740000,7191290.80000000
1787522400000,0.22740000,0.22820000,0.22500000,0.22670000,7240522.20000000
1787526000000,0.22680000,0.22770000,0.22500000,0.22700000,4656691.80000000
1787529600000,0.22700000,0.22720000,0.22110000,0.22430000,6479703.00000000
1787533200000,0.22430000,0.22450000,0.21820000,0.21830000,7068316.80000000
1787536800000,0.21830000,0.22180000,0.21770000,0.22050000,6865153.40000000
1787540400000,0.22040000,0.22080000,0.21700000,0.21810000,4808390.20000000
1787544000000,0.21810000,0.22090000,0.21810000,0.22000000,5189093.60000000
1787547600000,0.22000000,0.22190000,0.21850000,0.21990000,6385391.30000000
1787551200000,0.21980000,0.22070000,0.21800000,0.21970000,5179999.30000000
1787554800000,0.21980000,0.22230000,0.21870000,0.21910000,5037809.30000000
1787558400000,0.21920000,0.21990000,0.21670000,0.21890000,8064346.80000000
1787562000000,0.21880000,0.22050000,0.21870000,0.22000000,5898141.50000000
1787565600000,0.22000000,0.22150000,0.21810000,0.21880000,8053418.80000000
1787569200000,0.21880000,0.22420000,0.21730000,0.22330000,8768390.80000000
1787572800000,0.22340000,0.22650000,0.22040000,0.22630000,14707889.20000000
1787576400000,0.22640000,0.22750000,0.21930000,0.22160000,18751088.60000000
1787580000000,0.22160000,0.22570000,0.22120000,0.22380000,13025982.80000000
1787583600000,0.22370000,0.22670000,0.22020000,0.22130000,13377866.30000000
1787587200000,0.22150000,0.22500000,0.22090000,0.22190000,5884825.40000000
1787590800000,0.22200000,0.22250000,0.21710000,0.21870000,11678929.10000000
1787594400000,0.21880000,0.22110000,0.21880000,0.21980000,4676617.50000000
1787598000000,0.21980000,0.22050000,0.21780000,0.21890000,4627788.20000000
1787601600000,0.21890000,0.22030000,0.21760000,0.22000000,2773600.20000000
1787605200000,0.22010000,0.22160000,0.22000000,0.22150000,2188169.30000000
1787608800000,0.22140000,0.22160000,0.21990000,0.22000000,2247478.30000000
1787612400000,0.22010000,0.22190000,0.21890000,0.22150000,2587321.30000000
1787616000000,0.22140000,0.22550000,0.22080000,0.22520000,8881042.60000000
1787619600000,0.22520000,0.22590000,0.22290000,0.22420000,4873189.60000000
1787623200000,0.22410000,0.22890000,0.22310000,0.22650000,11212409.50000000
1787626800000,0.22660000,0.22850000,0.22480000,0.22580000,5846528.10000000
1787630400000,0.22580000,0.22730000,0.22470000,0.22550000,6931486.50000000
1787634000000,0.22560000,0.22840000,0.22500000,0.22690000,5012259.30000000
1787637600000,0.22700000,0.22750000,0.22260000,0.22350000,6041683.00000000
1787641200000,0.22350000,0.22560000,0.21880000,0.22090000,12307020.80000000
1787644800000,0.22090000,0.22280000,0.22050000,0.22100000,6022931.30000000
1787648400000,0.22110000,0.22200000,0.21750000,0.21840000,6428757.00000000
1787652000000,0.21840000,0.22000000,0.21740000,0.21950000,5706866.20000000
1787655600000,0.21950000,0.22010000,0.21800000,0.21860000,4098499.10000000
1787659200000,0.21860000,0.21870000,0.21580000,0.21810000,8889451.60000000
1787662800000,0.21810000,0.21840000,0.21140000,0.21460000,14246777.40000000
1787666400000,0.21470000,0.21720000,0.21400000,0.21600000,8534804.90000000
1787670000000,0.21610000,0.21630000,0.21400000,0.21580000,3981590.50000000
1787673600000,0.21590000,0.21640000,0.21440000,0.21560000,3518817.60000000
1787677200000,0.21550000,0.21560000,0.21290000,0.21520000,4467252.30000000
1787680800000,0.21510000,0.21590000,0.21480000,0.21520000,2189705.00000000
1787684400000,0.21510000,0.21530000,0.21300000,0.21430000,2964152.60000000
1787688000000,0.21440000,0.21450000,0.20920000,0.20950000,7562634.90000000
1787691600000,0.20950000,0.21040000,0.20630000,0.20980000,8489404.50000000
1787695200000,0.20990000,0.21230000,0.20980000,0.21190000,3054292.10000000
1787698800000,0.21180000,0.21250000,0.20830000,0.20910000,4070138.80000000
1787702400000,0.20910000,0.21080000,0.20780000,0.21040000,4952683.80000000
1787706000000,0.21040000,0.21140000,0.21000000,0.21070000,3313711.50000000
1787709600000,0.21080000,0.21310000,0.21010000,0.21210000,2496233.20000000
1787713200000,0.21210000,0.21270000,0.21080000,0.21140000,2441533.60000000
1787716800000,0.21140000,0.21180000,0.20980000,0.20980000,3652244.20000000
1787720400000,0.20990000,0.21130000,0.20870000,0.21080000,3062623.10000000
1787724000000,0.21070000,0.21160000,0.20980000,0.21080000,2356368.70000000
1787727600000,0.21080000,0.21150000,0.21000000,0.21030000,2878746.50000000
1787731200000,0.21020000,0.21190000,0.20970000,0.21030000,4379200.90000000
1787734800000,0.21040000,0.21090000,0.20750000,0.20890000,5198466.10000000
1787738400000,0.20890000,0.21220000,0.20850000,0.21190000,3828412.10000000
1787742000000,0.21190000,0.21240000,0.20960000,0.21040000,2596298.20000000
1787745600000,0.21050000,0.21220000,0.20830000,0.20980000,6654703.40000000
1787749200000,0.20980000,0.21020000,0.20700000,0.20880000,7424890.00000000
1787752800000,0.20870000,0.20980000,0.20440000,0.20480000,7965043.20000000
1787756400000,0.20480000,0.20570000,0.20260000,0.20470000,10590582.70000000
1787760000000,0.20480000,0.20540000,0.20250000,0.20370000,4858172.70000000
1787763600000,0.20370000,0.20700000,0.20350000,0.20550000,4935476.60000000
1787767200000,0.20540000,0.20670000,0.20470000,0.20630000,2053622.60000000
1787770800000,0.20630000,0.20670000,0.20520000,0.20600000,2018320.80000000
1787774400000,0.20600000,0.20650000,0.20400000,0.20590000,3132679.40000000
1787778000000,0.20600000,0.20900000,0.20570000,0.20890000,4560724.30000000
1787781600000,0.20880000,0.21160000,0.20840000,0.21030000,7197533.90000000
1787785200000,0.21020000,0.21300000,0.20990000,0.21240000,4516692.60000000
1787788800000,0.21240000,0.21240000,0.21060000,0.21080000,3544722.80000000
1787792400000,0.21080000,0.21190000,0.20970000,0.21090000,2518006.60000000
1787796000000,0.21080000,0.21160000,0.20850000,0.20910000,3019036.50000000
1787799600000,0.20900000,0.21000000,0.20810000,0.20920000,3333166.30000000
1787803200000,0.20920000,0.21060000,0.20840000,0.20900000,4988840.90000000
1787806800000,0.20910000,0.21000000,0.20760000,0.20960000,2836014.10000000
1787810400000,0.20970000,0.21080000,0.20840000,0.21070000,2269590.10000000
1787814000000,0.21070000,0.21170000,0.21010000,0.21120000,3559839.50000000
1787817600000,0.21120000,0.21590000,0.21110000,0.21470000,14310556.60000000
1787821200000,0.21470000,0.21680000,0.21370000,0.21480000,8257280.70000000
1787824800000,0.21480000,0.21620000,0.21080000,0.21300000,10402394.90000000
1787828400000,0.21300000,0.21390000,0.21060000,0.21160000,4121122.90000000
1787832000000,0.21150000,0.21220000,0.21050000,0.21160000,4555862.90000000
1787835600000,0.21160000,0.21330000,0.20980000,0.21330000,5090767.00000000
1787839200000,0.21330000,0.21710000,0.21270000,0.21490000,9769327.70000000
1787842800000,0.21490000,0.21640000,0.21320000,0.21460000,8068698.30000000
1787846400000,0.21460000,0.21750000,0.21380000,0.21570000,8700404.00000000
1787850000000,0.21570000,0.21750000,0.21470000,0.21570000,3910451.70000000
1787853600000,0.21570000,0.21620000,0.21240000,0.21420000,4841769.10000000
1787857200000,0.21420000,0.21530000,0.21360000,0.21370000,3206205.80000000
1787860800000,0.21380000,0.21510000,0.21290000,0.21400000,3829931.80000000
1787864400000,0.21400000,0.21460000,0.21290000,0.21410000,2137390.40000000
1787868000000,0.21420000,0.21540000,0.21400000,0.21440000,1627099.50000000
1787871600000,0.21430000,0.21480000,0.21350000,0.21380000,2910309.30000000
1787875200000,0.21380000,0.21510000,0.21290000,0.21440000,3696399.90000000
1787878800000,0.21440000,0.21800000,0.21410000,0.21450000,6383694.30000000
1787882400000,0.21450000,0.21460000,0.20830000,0.21000000,9093274.90000000
1787886000000,0.21010000,0.21060000,0.20850000,0.21020000,3786350.30000000
1787889600000,0.21020000,0.21100000,0.20870000,0.21020000,3038306.10000000
1787893200000,0.21010000,0.21050000,0.20900000,0.20970000,2771884.70000000
1787896800000,0.20980000,0.21140000,0.20970000,0.21110000,1490878.20000000
1787900400000,0.21120000,0.21120000,0.20860000,0.20940000,3289061.10000000
1787904000000,0.20950000,0.21030000,0.20880000,0.20900000,2617939.30000000
1787907600000,0.20910000,0.20950000,0.20770000,0.20790000,3129803.80000000
1787911200000,0.20780000,0.20930000,0.20610000,0.20920000,6131817.90000000
1787914800000,0.20930000,0.21020000,0.20890000,0.20930000,3342821.40000000
1787918400000,0.20920000,0.20940000,0.20750000,0.20830000,2749405.90000000
1787922000000,0.20830000,0.20870000,0.20680000,0.20770000,4100273.10000000
1787925600000,0.20770000,0.21140000,0.20380000,0.21080000,21317307.20000000
1787929200000,0.21080000,0.21160000,0.20370000,0.20450000,8297173.00000000
1787932800000,0.20450000,0.20510000,0.19940000,0.20320000,22598464.40000000
1787936400000,0.20320000,0.20370000,0.20220000,0.20300000,3401472.20000000
1787940000000,0.20310000,0.20320000,0.19960000,0.20120000,5071166.20000000
1787943600000,0.20130000,0.20280000,0.20130000,0.20190000,3219578.60000000
1787947200000,0.20190000,0.20250000,0.20110000,0.20170000,2978699.50000000
1787950800000,0.20170000,0.20230000,0.19990000,0.20030000,3138723.90000000
1787954400000,0.20030000,0.20250000,0.20010000,0.20240000,2471047.90000000
1787958000000,0.20250000,0.20320000,0.20210000,0.20310000,1659260.00000000
1787961600000,0.20310000,0.20350000,0.20250000,0.20270000,1891806.70000000
1787965200000,0.20270000,0.20290000,0.20200000,0.20250000,1384492.50000000
1787968800000,0.20250000,0.20250000,0.20130000,0.20180000,1546252.60000000
1787972400000,0.20180000,0.20200000,0.20070000,0.20080000,1951719.10000000
1787976000000,0.20080000,0.20140000,0.20060000,0.20120000,2586089.40000000
1787979600000,0.20120000,0.20190000,0.20100000,0.20140000,1911089.70000000
1787983200000,0.20140000,0.20140000,0.19970000,0.20040000,2402575.20000000
1787986800000,0.20040000,0.20080000,0.20000000,0.20040000,1256986.50000000
1787990400000,0.20030000,0.20030000,0.19890000,0.19940000,3343410.90000000
1787994000000,0.19950000,0.20040000,0.19910000,0.20000000,1673146.60000000
1787997600000,0.20010000,0.20060000,0.19940000,0.20020000,1435504.90000000
1788001200000,0.20010000,0.20050000,0.19950000,0.19980000,2855339.50000000
1788004800000,0.19990000,0.20080000,0.19980000,0.20010000,1404067.10000000
1788008400000,0.20010000,0.20050000,0.19970000,0.20040000,781841.60000000
1788012000000,0.20030000,0.20290000,0.20020000,0.20260000,3814361.80000000
1788015600000,0.20270000,0.20280000,0.20050000,0.20070000,2501298.80000000
1788019200000,0.20070000,0.20160000,0.20010000,0.20060000,3294765.60000000
1788022800000,0.20060000,0.20100000,0.19970000,0.20070000,1422565.50000000
1788026400000,0.20070000,0.20180000,0.20050000,0.20110000,1989485.50000000
1788030000000,0.20120000,0.20220000,0.20110000,0.20170000,1711998.20000000
1788033600000,0.20170000,0.20200000,0.20120000,0.20140000,1234928.40000000
1788037200000,0.20140000,0.20190000,0.20120000,0.20130000,1589539.70000000
1788040800000,0.20130000,0.20160000,0.20100000,0.20120000,1047582.60000000
1788044400000,0.20130000,0.20180000,0.20100000,0.20180000,1592406.80000000
1788048000000,0.20180000,0.20230000,0.20100000,0.20110000,2799557.50000000
1788051600000,0.20100000,0.20130000,0.20020000,0.20050000,2139023.00000000
1788055200000,0.20050000,0.20130000,0.20040000,0.20090000,1443037.10000000
1788058800000,0.20090000,0.20130000,0.20030000,0.20090000,1891047.70000000
1788062400000,0.20080000,0.20100000,0.19990000,0.20040000,2126688.10000000
1788066000000,0.20050000,0.20120000,0.20040000,0.20100000,1474294.60000000
1788069600000,0.20100000,0.20250000,0.20040000,0.20250000,2554185.70000000
1788073200000,0.20250000,0.20260000,0.20060000,0.20070000,2117499.30000000
1788076800000,0.20060000,0.20110000,0.20020000,0.20060000,1340295.50000000
1788080400000,0.20050000,0.20090000,0.20000000,0.20090000,1189700.60000000
1788084000000,0.20080000,0.20170000,0.20040000,0.20160000,1140531.90000000
1788087600000,0.20160000,0.20180000,0.20070000,0.20110000,1907416.10000000
1788091200000,0.20110000,0.20340000,0.20110000,0.20320000,4421483.10000000
1788094800000,0.20320000,0.20500000,0.20250000,0.20470000,5094947.20000000
1788098400000,0.20480000,0.20590000,0.20400000,0.20470000,5018997.60000000
1788102000000,0.20480000,0.20480000,0.20250000,0.20330000,2732224.40000000
1788105600000,0.20340000,0.20610000,0.20320000,0.20600000,7401622.50000000
1788109200000,0.20600000,0.20610000,0.20350000,0.20490000,5501474.50000000
1788112800000,0.20500000,0.20600000,0.20370000,0.20520000,3409457.10000000
1788116400000,0.20520000,0.20520000,0.20270000,0.20330000,3365162.00000000
1788120000000,0.20330000,0.20390000,0.20040000,0.20130000,4853535.20000000
1788123600000,0.20130000,0.20150000,0.19850000,0.20020000,10672616.20000000
1788127200000,0.20030000,0.20150000,0.19720000,0.19840000,7886140.20000000
1788130800000,0.19840000,0.19840000,0.18940000,0.19270000,28692647.20000000
1788134400000,0.19260000,0.19510000,0.19150000,0.19410000,8611901.70000000
1788138000000,0.19400000,0.19460000,0.19240000,0.19260000,4760799.10000000
1788141600000,0.19260000,0.19420000,0.19160000,0.19240000,3456640.80000000
1788145200000,0.19250000,0.19440000,0.19200000,0.19410000,2124655.50000000
1788148800000,0.19420000,0.19430000,0.19260000,0.19360000,2384750.60000000
1788152400000,0.19360000,0.19630000,0.19330000,0.19560000,4377746.80000000
1788156000000,0.19560000,0.19650000,0.19500000,0.19560000,4618513.90000000
1788159600000,0.19560000,0.19650000,0.19530000,0.19610000,3923434.10000000
1788163200000,0.19620000,0.19700000,0.19540000,0.19660000,3756353.90000000
1788166800000,0.19650000,0.19730000,0.19600000,0.19640000,3616424.10000000
1788170400000,0.19650000,0.19840000,0.19570000,0.19770000,4754684.20000000
1788174000000,0.19780000,0.19800000,0.19620000,0.19650000,2543285.00000000
1788177600000,0.19650000,0.19790000,0.19450000,0.19510000,4853011.30000000
1788181200000,0.19510000,0.19710000,0.19370000,0.19410000,5569812.90000000
1788184800000,0.19410000,0.19720000,0.19370000,0.19700000,5756800.60000000
1788188400000,0.19710000,0.19730000,0.19510000,0.19590000,3663682.60000000
1788192000000,0.19590000,0.19750000,0.19480000,0.19620000,3710336.20000000
1788195600000,0.19610000,0.19810000,0.19560000,0.19770000,4003851.70000000
1788199200000,0.19780000,0.20080000,0.19720000,0.20000000,6715092.70000000
1788202800000,0.19990000,0.20060000,0.19850000,0.19910000,3857783.60000000
1788206400000,0.19910000,0.20060000,0.19830000,0.19860000,3161432.30000000
1788210000000,0.19870000,0.20000000,0.19760000,0.19930000,4043788.90000000
1788213600000,0.19930000,0.19970000,0.19850000,0.19860000,1146124.30000000
1788217200000,0.19850000,0.19880000,0.19760000,0.19780000,2008501.10000000
1788220800000,0.19780000,0.20020000,0.19760000,0.19940000,3910403.20000000
1788224400000,0.19950000,0.20020000,0.19820000,0.19930000,2562496.30000000
1788228000000,0.19920000,0.20060000,0.19850000,0.20060000,3947501.20000000
1788231600000,0.20050000,0.20190000,0.19980000,0.20100000,4026093.90000000
1788235200000,0.20100000,0.20170000,0.20040000,0.20100000,3344334.80000000
1788238800000,0.20100000,0.20300000,0.20080000,0.20280000,4992218.00000000
1788242400000,0.20270000,0.20280000,0.20040000,0.20050000,3268537.50000000
1788246000000,0.20040000,0.20170000,0.19970000,0.20060000,3138323.10000000
1788249600000,0.20060000,0.20060000,0.19660000,0.19670000,6618523.70000000
1788253200000,0.19680000,0.19750000,0.19610000,0.19730000,3730012.90000000
1788256800000,0.19730000,0.20010000,0.19720000,0.19910000,3563890.60000000
1788260400000,0.19910000,0.20050000,0.19850000,0.19970000,3603491.30000000
1788264000000,0.19970000,0.19990000,0.19780000,0.19840000,3514631.10000000
1788267600000,0.19830000,0.19950000,0.19650000,0.19890000,6472479.20000000
1788271200000,0.19900000,0.20050000,0.19870000,0.19960000,6054593.00000000
1788274800000,0.19960000,0.20030000,0.19770000,0.19950000,3254066.00000000
1788278400000,0.19940000,0.19940000,0.19550000,0.19730000,4933179.10000000
1788282000000,0.19730000,0.19920000,0.19690000,0.19730000,4972380.40000000
1788285600000,0.19740000,0.19780000,0.19360000,0.19650000,7682128.80000000
1788289200000,0.19650000,0.19750000,0.19570000,0.19640000,4297685.70000000
1788292800000,0.19650000,0.19680000,0.19530000,0.19650000,3763040.50000000
1788296400000,0.19660000,0.19690000,0.19410000,0.19560000,4068805.90000000
1788300000000,0.19560000,0.19630000,0.19450000,0.19520000,3022575.20000000
1788303600000,0.19520000,0.19700000,0.19520000,0.19670000,2378297.80000000
1788307200000,0.19670000,0.19750000,0.19610000,0.19630000,2525239.00000000
1788310800000,0.19620000,0.19680000,0.19310000,0.19460000,5553072.40000000
1788314400000,0.19460000,0.19750000,0.19430000,0.19730000,3939096.90000000
1788318000000,0.19740000,0.19910000,0.19720000,0.19770000,2931557.60000000
1788321600000,0.19760000,0.19770000,0.19590000,0.19740000,4303291.00000000
1788325200000,0.19740000,0.19930000,0.19640000,0.19870000,3983735.10000000
1788328800000,0.19870000,0.19900000,0.19700000,0.19760000,2535115.50000000
1788332400000,0.19770000,0.19850000,0.19660000,0.19690000,2154358.00000000
1788336000000,0.19690000,0.19720000,0.19440000,0.19470000,3505347.50000000
1788339600000,0.19480000,0.19570000,0.19340000,0.19430000,6013306.30000000
1788343200000,0.19430000,0.19430000,0.19200000,0.19380000,7612340.70000000
1788346800000,0.19380000,0.19510000,0.19300000,0.19500000,2590270.60000000
1788350400000,0.19500000,0.19550000,0.19390000,0.19410000,4161818.70000000
1788354000000,0.19410000,0.19730000,0.19370000,0.19650000,6527359.30000000
1788357600000,0.19650000,0.19730000,0.19530000,0.19530000,3660183.10000000
1788361200000,0.19530000,0.19670000,0.19430000,0.19640000,4019423.60000000
1788364800000,0.19630000,0.19710000,0.19580000,0.19580000,3872397.70000000
1788368400000,0.19590000,0.19700000,0.19450000,0.19660000,3710436.00000000
1788372000000,0.19660000,0.19770000,0.19630000,0.19710000,3811635.20000000
1788375600000,0.19700000,0.19740000,0.19640000,0.19730000,2363782.90000000
1788379200000,0.19730000,0.19910000,0.19730000,0.19840000,6726513.40000000
1788382800000,0.19830000,0.19960000,0.19800000,0.19890000,3165376.30000000
1788386400000,0.19900000,0.19910000,0.19750000,0.19890000,3146392.40000000
1788390000000,0.19900000,0.20120000,0.19840000,0.20120000,4653270.70000000
1788393600000,0.20120000,0.20280000,0.20020000,0.20060000,6252445.70000000
1788397200000,0.20050000,0.20780000,0.19910000,0.20480000,19350927.40000000
1788400800000,0.20480000,0.20760000,0.20390000,0.20700000,7354801.70000000
1788404400000,0.20700000,0.20700000,0.20430000,0.20480000,3725805.80000000
1788408000000,0.20490000,0.20730000,0.20420000,0.20730000,4615008.20000000
1788411600000,0.20740000,0.20760000,0.20350000,0.20640000,5363475.20000000
1788415200000,0.20650000,0.20650000,0.20480000,0.20490000,3399851.10000000
1788418800000,0.20490000,0.20680000,0.20480000,0.20510000,6611049.40000000
1788422400000,0.20520000,0.20960000,0.20520000,0.20810000,10793616.60000000
1788426000000,0.20820000,0.20840000,0.20620000,0.20630000,5356943.60000000
1788429600000,0.20630000,0.20780000,0.20530000,0.20780000,7045275.90000000
1788433200000,0.20780000,0.20790000,0.20660000,0.20690000,6455054.40000000
1788436800000,0.20680000,0.20960000,0.20660000,0.20890000,8294267.40000000
1788440400000,0.20890000,0.21100000,0.20830000,0.21000000,10587409.40000000
1788444000000,0.21000000,0.21710000,0.20950000,0.21710000,21142531.00000000
1788447600000,0.21710000,0.22090000,0.21550000,0.22060000,23421245.30000000
1788451200000,0.22070000,0.22390000,0.21960000,0.22210000,22075668.70000000
1788454800000,0.22220000,0.22380000,0.22100000,0.22270000,9250598.30000000
1788458400000,0.22280000,0.22500000,0.22130000,0.22270000,12882554.40000000
1788462000000,0.22260000,0.22350000,0.22110000,0.22260000,5447463.60000000
1788465600000,0.22250000,0.22440000,0.22130000,0.22410000,5471905.10000000
1788469200000,0.22400000,0.22530000,0.22300000,0.22330000,6410316.50000000
1788472800000,0.22340000,0.22380000,0.21860000,0.22100000,12132699.20000000
1788476400000,0.22110000,0.22170000,0.22020000,0.22110000,5584961.40000000
1788480000000,0.22110000,0.22190000,0.21950000,0.21960000,8822589.10000000
1788483600000,0.21970000,0.22360000,0.21820000,0.22240000,13939355.60000000
1788487200000,0.22240000,0.22600000,0.22120000,0.22590000,9918300.60000000
1788490800000,0.22580000,0.22600000,0.22360000,0.22400000,8051361.90000000
1788494400000,0.22410000,0.22720000,0.22260000,0.22320000,10741136.50000000
1788498000000,0.22320000,0.22320000,0.22020000,0.22130000,8487703.60000000
1788501600000,0.22120000,0.22240000,0.22020000,0.22120000,4354898.70000000
1788505200000,0.22130000,0.22260000,0.21980000,0.22010000,6350414.00000000
1788508800000,0.22020000,0.22300000,0.21990000,0.22290000,6980514.60000000
1788512400000,0.22300000,0.22490000,0.22110000,0.22110000,10583654.20000000
1788516000000,0.22100000,0.22130000,0.21880000,0.22110000,7351282.00000000
1788519600000,0.22100000,0.22200000,0.22070000,0.22140000,4430509.90000000
1788523200000,0.22150000,0.22220000,0.21230000,0.21450000,38685183.60000000
1788526800000,0.21460000,0.21690000,0.21330000,0.21510000,12823493.40000000
1788530400000,0.21500000,0.21560000,0.20920000,0.21110000,15926192.90000000
1788534000000,0.21110000,0.21410000,0.21030000,0.21290000,11735326.00000000
1788537600000,0.21290000,0.21520000,0.21270000,0.21380000,7678307.10000000
1788541200000,0.21380000,0.21380000,0.21090000,0.21150000,5888247.30000000
1788544800000,0.21150000,0.21300000,0.21130000,0.21300000,4443599.90000000
1788548400000,0.21300000,0.21460000,0.21260000,0.21350000,4524210.70000000
1788552000000,0.21350000,0.21390000,0.21230000,0.21290000,3685262.70000000
1788555600000,0.21290000,0.21360000,0.21110000,0.21140000,5301085.70000000
1788559200000,0.21140000,0.21170000,0.20990000,0.20990000,5605551.90000000
1788562800000,0.21000000,0.21150000,0.20950000,0.21130000,3737124.80000000
1788566400000,0.21120000,0.21160000,0.21030000,0.21040000,3965154.20000000
1788570000000,0.21050000,0.21160000,0.21000000,0.21000000,4877106.70000000
1788573600000,0.21010000,0.21110000,0.20910000,0.21030000,6527436.40000000
1788577200000,0.21040000,0.21110000,0.21030000,0.21050000,5878909.10000000
1788580800000,0.21060000,0.21120000,0.21000000,0.21070000,4387666.80000000
1788584400000,0.21070000,0.21140000,0.21010000,0.21120000,6509421.20000000
1788588000000,0.21130000,0.21330000,0.21120000,0.21330000,7404048.70000000
1788591600000,0.21320000,0.21420000,0.21280000,0.21380000,6476642.40000000
1788595200000,0.21380000,0.21390000,0.21260000,0.21350000,5840722.30000000
1788598800000,0.21360000,0.21470000,0.21310000,0.21360000,4357295.90000000
1788602400000,0.21360000,0.21360000,0.21280000,0.21290000,3398985.40000000
1788606000000,0.21290000,0.21360000,0.21240000,0.21350000,4662136.70000000
1788609600000,0.21350000,0.21710000,0.21320000,0.21640000,9126429.70000000
1788613200000,0.21650000,0.21710000,0.21500000,0.21550000,8101484.60000000
1788616800000,0.21560000,0.21940000,0.21520000,0.21770000,8149350.50000000
1788620400000,0.21770000,0.21870000,0.21670000,0.21740000,7332426.70000000
1788624000000,0.21730000,0.21860000,0.21710000,0.21800000,6589536.10000000
1788627600000,0.21810000,0.22150000,0.21750000,0.22110000,7305588.20000000
1788631200000,0.22120000,0.22200000,0.21960000,0.22010000,9965181.30000000
1788634800000,0.22000000,0.22160000,0.21920000,0.21950000,6246309.30000000
1788638400000,0.21950000,0.22050000,0.21900000,0.21900000,6020692.60000000
1788642000000,0.21910000,0.22080000,0.21800000,0.22050000,9310525.00000000
1788645600000,0.22060000,0.22150000,0.21920000,0.21950000,6025343.70000000
1788649200000,0.21950000,0.21990000,0.21820000,0.21830000,4851693.40000000
1788652800000,0.21830000,0.21990000,0.21830000,0.21950000,4304414.70000000
1788656400000,0.21940000,0.22290000,0.21910000,0.22130000,11713770.60000000
1788660000000,0.22140000,0.22200000,0.22040000,0.22120000,4319305.70000000
1788663600000,0.22120000,0.22380000,0.22060000,0.22280000,4567857.20000000
1788667200000,0.22290000,0.22310000,0.22020000,0.22100000,4483060.30000000
1788670800000,0.22100000,0.22300000,0.22030000,0.22150000,5553575.60000000
1788674400000,0.22150000,0.22180000,0.22000000,0.22020000,2900269.70000000
1788678000000,0.22020000,0.22050000,0.21730000,0.21910000,7683262.20000000
1788681600000,0.21900000,0.21910000,0.21740000,0.21760000,5828517.20000000
1788685200000,0.21750000,0.22010000,0.21730000,0.21960000,6081231.40000000
1788688800000,0.21970000,0.21990000,0.21850000,0.21950000,3134669.60000000
1788692400000,0.21960000,0.22180000,0.21920000,0.22090000,10150770.00000000
1788696000000,0.22090000,0.22170000,0.22020000,0.22060000,5734884.20000000
1788699600000,0.22060000,0.22060000,0.21790000,0.21940000,7511753.70000000
1788703200000,0.21940000,0.21950000,0.21540000,0.21760000,11217488.80000000
1788706800000,0.21760000,0.21810000,0.21600000,0.21750000,3550437.20000000
1788710400000,0.21740000,0.21920000,0.21710000,0.21860000,2120333.80000000
1788714000000,0.21870000,0.21880000,0.21750000,0.21790000,2640347.60000000
1788717600000,0.21800000,0.22020000,0.21800000,0.22000000,5451730.60000000
1788721200000,0.21990000,0.22000000,0.21850000,0.21910000,3763888.60000000
1788724800000,0.21920000,0.22210000,0.21890000,0.22070000,3632231.90000000
1788728400000,0.22080000,0.22250000,0.22080000,0.22160000,3815318.70000000
1788732000000,0.22170000,0.22180000,0.21910000,0.22130000,5153154.50000000
1788735600000,0.22130000,0.22360000,0.22100000,0.22340000,4399706.40000000
1788739200000,0.22350000,0.22640000,0.22310000,0.22400000,12247792.00000000
1788742800000,0.22400000,0.22440000,0.22030000,0.22150000,10019991.20000000
1788746400000,0.22160000,0.22480000,0.22010000,0.22230000,9973907.70000000
1788750000000,0.22240000,0.22280000,0.21900000,0.21950000,8924165.30000000
1788753600000,0.21940000,0.21980000,0.21800000,0.21910000,5552467.70000000
1788757200000,0.21900000,0.22160000,0.21890000,0.21970000,5155227.10000000
1788760800000,0.21970000,0.22180000,0.21810000,0.21850000,7291071.40000000
1788764400000,0.21840000,0.21990000,0.21430000,0.21680000,11648685.70000000
1788768000000,0.21680000,0.21910000,0.21660000,0.21850000,5181503.00000000
1788771600000,0.21860000,0.21960000,0.21650000,0.21730000,5083999.10000000
1788775200000,0.21720000,0.21980000,0.21710000,0.21870000,6604228.50000000
1788778800000,0.21870000,0.22060000,0.21870000,0.21950000,4174619.40000000
1788782400000,0.21950000,0.22440000,0.21940000,0.22400000,8711778.30000000
1788786000000,0.22390000,0.22500000,0.22150000,0.22270000,13960554.70000000
1788789600000,0.22260000,0.22300000,0.21890000,0.22150000,11042327.60000000
1788793200000,0.22160000,0.22190000,0.21650000,0.21730000,12491158.50000000
1788796800000,0.21730000,0.22110000,0.21730000,0.22080000,6059975.30000000
1788800400000,0.22080000,0.22200000,0.21990000,0.22080000,3474450.10000000
1788804000000,0.22090000,0.22170000,0.21880000,0.21990000,3153495.00000000
1788807600000,0.21980000,0.22130000,0.21890000,0.22100000,3127565.50000000
1788811200000,0.22100000,0.22140000,0.21930000,0.22090000,4264867.70000000
1788814800000,0.22100000,0.22180000,0.21980000,0.22050000,2850149.60000000
1788818400000,0.22050000,0.22080000,0.21690000,0.21840000,8611871.60000000
1788822000000,0.21830000,0.22110000,0.21830000,0.22050000,4322176.20000000
1788825600000,0.22050000,0.22230000,0.21970000,0.22220000,4619257.80000000
1788829200000,0.22220000,0.22280000,0.22120000,0.22240000,4482913.10000000
1788832800000,0.22240000,0.22300000,0.21760000,0.21760000,6557024.50000000
1788836400000,0.21760000,0.21920000,0.21740000,0.21860000,6413461.70000000
1788840000000,0.21850000,0.21870000,0.21720000,0.21740000,3572836.00000000
1788843600000,0.21740000,0.21930000,0.21690000,0.21740000,6246949.50000000
1788847200000,0.21740000,0.21800000,0.21580000,0.21640000,7180418.00000000
1788850800000,0.21650000,0.21830000,0.21610000,0.21710000,3761547.50000000
1788854400000,0.21710000,0.21840000,0.21580000,0.21740000,4233232.00000000
1788858000000,0.21730000,0.22110000,0.21720000,0.22050000,10008764.70000000
1788861600000,0.22050000,0.22170000,0.21900000,0.21910000,8274021.00000000
1788865200000,0.21910000,0.21940000,0.21700000,0.21780000,7684374.70000000
1788868800000,0.21780000,0.21920000,0.21650000,0.21880000,5635052.10000000
1788872400000,0.21880000,0.22030000,0.21500000,0.21860000,9755193.80000000
1788876000000,0.21860000,0.22170000,0.21790000,0.22130000,12219086.20000000
1788879600000,0.22130000,0.23050000,0.22120000,0.22930000,39201690.20000000
1788883200000,0.22930000,0.23210000,0.22590000,0.22660000,25572688.70000000
1788886800000,0.22660000,0.22730000,0.22460000,0.22510000,4956843.00000000
