timestamp,open,high,low,close,volume
1772658000000,73014.09000000,73350.25000000,72890.00000000,73350.25000000,1.39618000
1772661600000,73355.24000000,73542.03000000,72636.05000000,72691.66000000,2.05433000
1772665200000,72726.03000000,72877.00000000,72339.57000000,72747.38000000,4.71661000
1772668800000,72701.61000000,73000.00000000,72565.61000000,72784.98000000,1.04248000
1772672400000,72750.47000000,73282.55000000,72411.02000000,72457.03000000,2.11395000
1772676000000,72591.43000000,72874.80000000,72348.07000000,72518.70000000,1.71123000
1772679600000,72521.11000000,72729.79000000,72369.41000000,72493.50000000,1.77263000
1772683200000,72532.00000000,73057.54000000,72452.54000000,72807.77000000,2.73085000
1772686800000,72826.36000000,72868.77000000,72263.36000000,72388.33000000,2.03052000
1772690400000,72367.10000000,72639.49000000,72052.78000000,72549.19000000,2.57481000
1772694000000,72567.26000000,72663.57000000,71812.23000000,72056.07000000,1.28967000
1772697600000,72067.61000000,72342.47000000,71765.53000000,72340.04000000,1.20219000
1772701200000,72388.10000000,72856.11000000,72388.10000000,72596.99000000,0.96133000
1772704800000,72625.43000000,73565.00000000,72565.72000000,73415.73000000,5.01367000
1772708400000,73402.09000000,73440.97000000,72809.61000000,72861.78000000,0.96301000
1772712000000,72932.20000000,73043.35000000,72722.09000000,72904.16000000,0.98881000
1772715600000,72916.17000000,72933.96000000,72207.86000000,72461.47000000,2.69313000
1772719200000,72490.46000000,72827.72000000,71975.06000000,72640.77000000,2.11653000
1772722800000,72701.32000000,72701.32000000,71192.90000000,71510.56000000,3.64289000
1772726400000,71574.74000000,71622.21000000,70800.00000000,71277.46000000,3.55750000
1772730000000,71337.00000000,71567.86000000,70644.77000000,70697.55000000,2.05038000
1772733600000,70678.34000000,71123.07000000,70678.34000000,71002.33000000,2.69933000
1772737200000,71012.12000000,71401.60000000,70871.42000000,70962.59000000,2.37127000
1772740800000,70961.42000000,71373.40000000,70857.15000000,71249.80000000,1.07833000
1772744400000,71272.25000000,71549.85000000,71032.14000000,71136.00000000,1.16552000
1772748000000,71166.34000000,71340.16000000,71076.28000000,71236.50000000,0.62569000
1772751600000,71216.38000000,71309.18000000,70778.40000000,70858.60000000,1.15299000
1772755200000,70894.73000000,71048.98000000,70842.94000000,70966.46000000,1.04871000
1772758800000,70959.23000000,71276.03000000,70408.42000000,71276.03000000,2.50205000
1772762400000,71256.20000000,71397.25000000,71040.17000000,71234.89000000,1.35073000
1772766000000,71255.58000000,71265.70000000,71000.00000000,71089.96000000,0.63743000
1772769600000,71060.73000000,71102.02000000,70286.61000000,70615.09000000,0.62252000
1772773200000,70587.92000000,70675.91000000,70122.07000000,70440.20000000,0.81788000
1772776800000,70444.27000000,70811.67000000,70281.19000000,70608.46000000,0.30157000
1772780400000,70656.82000000,71153.37000000,70495.58000000,71109.69000000,0.65541000
1772784000000,70984.63000000,70993.33000000,70774.39000000,70774.39000000,0.41845000
1772787600000,70799.92000000,70799.92000000,70349.00000000,70498.36000000,1.14784000
1772791200000,70568.86000000,70763.13000000,70526.04000000,70583.71000000,0.50240000
1772794800000,70471.49000000,70625.98000000,70200.00000000,70227.80000000,0.99000000
1772798400000,70207.68000000,70241.51000000,69677.71000000,69925.80000000,1.06256000
1772802000000,70024.80000000,70277.25000000,69247.89000000,69247.89000000,1.01912000
1772805600000,69219.44000000,69235.40000000,68189.23000000,68189.23000000,5.36330000
1772809200000,68416.08000000,69056.20000000,68310.21000000,68506.20000000,0.70222000
1772812800000,68517.11000000,68779.80000000,68260.14000000,68439.02000000,0.59127000
1772816400000,68519.45000000,68667.93000000,67763.00000000,68060.28000000,16.49756000
1772820000000,67945.02000000,68470.65000000,67945.02000000,68177.69000000,2.81802000
1772823600000,68270.82000000,68433.90000000,68008.70000000,68117.97000000,6.63981000
1772827200000,68173.84000000,68265.37000000,67799.56000000,68112.70000000,9.05043000
1772830800000,68116.40000000,68327.98000000,67936.91000000,68321.11000000,0.85611000
1772834400000,68283.93000000,68433.75000000,68248.14000000,68355.60000000,0.75228000
1772838000000,68287.97000000,68373.72000000,68118.25000000,68118.25000000,0.27240000
1772841600000,68127.77000000,68349.09000000,68121.41000000,68307.18000000,1.24411000
1772845200000,68252.63000000,68365.46000000,68183.41000000,68277.30000000,1.16498000
1772848800000,68227.48000000,68345.07000000,68067.71000000,68345.07000000,1.58568000
1772852400000,68370.40000000,68550.69000000,68126.44000000,68144.77000000,1.44229000
1772856000000,68111.81000000,68141.57000000,67854.00000000,68082.30000000,0.72980000
1772859600000,68065.28000000,68139.27000000,67931.56000000,68002.80000000,0.56796000
1772863200000,68008.00000000,68034.15000000,67640.86000000,67710.56000000,0.45750000
1772866800000,67695.70000000,67839.12000000,67481.80000000,67839.12000000,0.74718000
1772870400000,67850.10000000,68036.60000000,67790.60000000,67790.60000000,0.26583000
1772874000000,67817.04000000,68049.30000000,67817.04000000,68026.37000000,0.07207000
1772877600000,68010.86000000,68098.69000000,67914.63000000,67914.63000000,0.18296000
1772881200000,67909.28000000,68218.20000000,67889.26000000,68026.46000000,0.49352000
1772884800000,68015.63000000,68087.84000000,67914.43000000,67985.59000000,0.13267000
1772888400000,68005.55000000,68066.50000000,67914.73000000,67914.73000000,0.18746000
1772892000000,67906.89000000,68065.69000000,67611.52000000,68046.06000000,0.32774000
1772895600000,68005.05000000,68030.02000000,67804.06000000,67882.48000000,0.28585000
1772899200000,67868.65000000,67896.38000000,67760.22000000,67847.63000000,0.11976000
1772902800000,67816.51000000,67931.51000000,67766.92000000,67766.92000000,0.16150000
1772906400000,67755.44000000,67755.44000000,67500.00000000,67590.30000000,0.70040000
1772910000000,67550.24000000,67561.60000000,66933.55000000,67111.02000000,2.04468000
1772913600000,67110.99000000,67430.00000000,67110.99000000,67405.02000000,0.25597000
1772917200000,67422.40000000,67482.06000000,67275.03000000,67452.94000000,0.17743000
1772920800000,67450.91000000,67462.38000000,67128.05000000,67252.12000000,0.28789000
1772924400000,67306.20000000,67397.00000000,67189.49000000,67264.19000000,0.89178000
1772928000000,67289.13000000,67473.40000000,67170.75000000,67180.40000000,0.32038000
1772931600000,67195.51000000,67373.21000000,67107.11000000,67350.71000000,1.05333000
1772935200000,67271.91000000,67395.06000000,66863.64000000,66943.17000000,0.94145000
1772938800000,66918.59000000,67073.69000000,66918.59000000,67005.80000000,0.54569000
1772942400000,67017.59000000,67080.00000000,66581.67000000,66623.96000000,1.21606000
1772946000000,66653.21000000,67233.38000000,66653.21000000,67160.46000000,0.53150000
1772949600000,67191.88000000,67200.00000000,67054.57000000,67182.96000000,0.11364000
1772953200000,67175.37000000,67421.03000000,67165.65000000,67321.41000000,0.35266000
1772956800000,67276.85000000,67568.48000000,67183.48000000,67543.81000000,1.20501000
1772960400000,67526.88000000,67855.80000000,67513.53000000,67691.02000000,0.83619000
1772964000000,67751.65000000,68189.23000000,67751.65000000,67881.98000000,1.21068000
1772967600000,67698.13000000,67779.67000000,67435.90000000,67506.41000000,0.43635000
1772971200000,67498.53000000,67631.50000000,66904.75000000,67306.78000000,0.99272000
1772974800000,67357.77000000,67361.20000000,66821.04000000,67243.67000000,1.28726000
1772978400000,67256.84000000,67416.69000000,67100.00000000,67367.82000000,0.70303000
1772982000000,67345.96000000,67371.20000000,67091.36000000,67194.42000000,0.36588000
1772985600000,67173.30000000,67258.14000000,66800.00000000,66875.23000000,0.52789000
1772989200000,66876.56000000,67174.16000000,66819.24000000,66985.23000000,0.76703000
1772992800000,67050.10000000,67050.10000000,66763.61000000,66867.61000000,0.45372000
1772996400000,66789.14000000,67459.79000000,66789.14000000,67324.35000000,0.65123000
1773000000000,67279.17000000,67508.89000000,67073.92000000,67235.70000000,1.11744000
1773003600000,67239.19000000,67252.75000000,66738.60000000,66998.97000000,0.80971000
1773007200000,66988.91000000,66991.12000000,65627.02000000,66195.66000000,3.00735000
1773010800000,66248.58000000,66547.76000000,65936.13000000,66007.38000000,0.65297000
1773014400000,65992.98000000,66738.60000000,65889.08000000,66363.72000000,1.48839000
1773018000000,66358.39000000,66666.44000000,66196.49000000,66246.62000000,1.17998000
1773021600000,66153.73000000,66648.52000000,65971.12000000,66618.13000000,1.27000000
1773025200000,66608.88000000,67660.00000000,66608.88000000,67166.04000000,1.76786000
1773028800000,67209.45000000,67599.08000000,67117.00000000,67117.00000000,0.70043000
1773032400000,67144.37000000,68116.02000000,67141.60000000,67833.68000000,1.10246000
1773036000000,67912.15000000,67912.15000000,67270.30000000,67270.30000000,1.07785000
1773039600000,67237.47000000,67562.98000000,66904.75000000,67562.98000000,0.72678000
1773043200000,67562.97000000,67891.23000000,67463.28000000,67800.91000000,1.06161000
1773046800000,67790.25000000,68453.34000000,67605.64000000,67996.91000000,0.87357000
1773050400000,68020.04000000,68043.05000000,67563.78000000,67615.85000000,0.56447000
1773054000000,67677.80000000,67862.01000000,67350.81000000,67762.25000000,1.05329000
1773057600000,67779.73000000,68334.52000000,67754.50000000,68203.58000000,1.51857000
1773061200000,68183.51000000,69278.83000000,68165.66000000,69026.52000000,2.06426000
1773064800000,68997.74000000,69471.92000000,68724.94000000,69147.49000000,1.16877000
1773068400000,69218.44000000,69274.33000000,68747.97000000,69024.16000000,1.45629000
1773072000000,68851.03000000,69189.68000000,68680.34000000,68964.90000000,1.44354000
1773075600000,68993.90000000,69073.55000000,68258.50000000,68653.67000000,0.53944000
1773079200000,68579.80000000,68680.50000000,68240.84000000,68343.08000000,0.66470000
1773082800000,68461.89000000,69519.89000000,68425.48000000,69007.67000000,0.68162000
1773086400000,69006.03000000,69155.86000000,68768.40000000,69011.98000000,0.38473000
1773090000000,69084.75000000,69115.41000000,68680.34000000,68983.64000000,0.64693000
1773093600000,68959.94000000,69071.91000000,68603.66000000,68634.00000000,0.49124000
1773097200000,68638.98000000,68716.59000000,68374.92000000,68374.92000000,0.50715000
1773100800000,68404.53000000,69303.15000000,68404.53000000,69093.68000000,1.67259000
1773104400000,69107.30000000,69353.46000000,68797.69000000,69327.16000000,0.83008000
1773108000000,69279.25000000,70569.36000000,69132.34000000,70261.29000000,4.83738000
1773111600000,70249.66000000,70308.40000000,69408.43000000,69539.25000000,0.98900000
1773115200000,69453.26000000,70144.40000000,69453.26000000,70028.47000000,0.32724000
1773118800000,70057.47000000,70337.20000000,69924.48000000,69959.23000000,0.12558000
1773122400000,69941.06000000,70138.30000000,69759.49000000,69983.40000000,0.24350000
1773126000000,69938.89000000,70523.90000000,69839.76000000,70341.76000000,0.91286000
1773129600000,70495.00000000,71129.08000000,70414.20000000,70662.28000000,1.75226000
1773133200000,70676.65000000,71294.05000000,70676.65000000,71074.18000000,0.96519000
1773136800000,71029.05000000,71029.05000000,70656.00000000,70755.70000000,2.17772000
1773140400000,70722.70000000,70892.10000000,70572.09000000,70600.52000000,0.29258000
1773144000000,70614.29000000,70614.29000000,70332.60000000,70491.60000000,2.95005000
1773147600000,70525.60000000,70916.50000000,69759.49000000,69927.86000000,6.00736000
1773151200000,69943.43000000,71520.00000000,69292.31000000,71412.20000000,6.63439000
1773154800000,71474.22000000,71774.18000000,70923.51000000,71366.62000000,3.93586000
1773158400000,71333.30000000,71658.61000000,70968.80000000,71211.52000000,2.29854000
1773162000000,71266.33000000,71400.24000000,70559.67000000,70890.66000000,1.79763000
1773165600000,70854.03000000,70892.45000000,69945.35000000,69945.35000000,1.27483000
1773169200000,70055.24000000,70266.00000000,69759.49000000,70061.03000000,0.83237000
1773172800000,70024.36000000,70317.41000000,70015.37000000,70277.12000000,0.89677000
1773176400000,70236.36000000,70416.67000000,69559.98000000,69791.69000000,2.32814000
1773180000000,69828.28000000,69878.08000000,69471.79000000,69698.76000000,1.13613000
1773183600000,69778.52000000,69961.14000000,69728.11000000,69937.15000000,0.32827000
1773187200000,69900.70000000,70153.66000000,69779.66000000,70025.82000000,0.43087000
1773190800000,70071.95000000,70142.48000000,69893.23000000,70082.03000000,0.22726000
1773194400000,70059.06000000,70100.00000000,69662.56000000,69803.80000000,0.60944000
1773198000000,69864.58000000,69921.09000000,69500.42000000,69553.72000000,0.71190000
1773201600000,69568.90000000,70247.65000000,69535.97000000,70150.45000000,0.21527000
1773205200000,70164.40000000,70196.59000000,69441.45000000,69574.28000000,0.41039000
1773208800000,69512.71000000,69974.73000000,69512.71000000,69969.28000000,1.09452000
1773212400000,69975.12000000,70044.89000000,69550.39000000,69676.92000000,0.15122000
1773216000000,69737.08000000,69754.02000000,69517.60000000,69641.26000000,0.14412000
1773219600000,69607.85000000,69655.51000000,69408.43000000,69655.12000000,0.59372000
1773223200000,69452.67000000,69655.76000000,69421.00000000,69624.31000000,0.14081000
1773226800000,69563.03000000,69694.54000000,69171.45000000,69171.45000000,0.27769000
1773230400000,69185.70000000,69750.82000000,68976.27000000,69362.95000000,0.12569000
1773234000000,69364.28000000,71094.72000000,69294.89000000,70171.45000000,1.93824000
1773237600000,70229.86000000,70998.79000000,69995.85000000,70764.98000000,1.50110000
1773241200000,70617.78000000,70771.90000000,69716.43000000,70270.70000000,2.11920000
1773244800000,70325.57000000,70825.70000000,70249.95000000,70577.72000000,1.14187000
1773248400000,70637.09000000,71294.05000000,70499.98000000,70773.50000000,1.25912000
1773252000000,70877.28000000,70899.00000000,70439.81000000,70638.01000000,0.71397000
1773255600000,70500.00000000,70735.78000000,70373.78000000,70574.89000000,0.99447000
1773259200000,70610.21000000,70665.34000000,70426.57000000,70641.48000000,0.20936000
1773262800000,70712.75000000,70770.18000000,70521.36000000,70732.43000000,0.14816000
1773266400000,70708.25000000,70912.34000000,70247.65000000,70342.42000000,0.39790000
1773270000000,70424.41000000,70496.58000000,70153.66000000,70192.65000000,0.09486000
1773273600000,70207.97000000,70321.27000000,70170.23000000,70213.58000000,0.25460000
1773277200000,70214.96000000,70221.42000000,69771.01000000,69833.68000000,0.30952000
1773280800000,69833.76000000,69885.51000000,69247.24000000,69344.56000000,0.15135000
1773284400000,69284.17000000,69581.42000000,69258.06000000,69409.02000000,0.45059000
1773288000000,69458.70000000,69661.89000000,69303.09000000,69362.34000000,0.08996000
1773291600000,69347.33000000,69461.27000000,69222.50000000,69442.97000000,0.06911000
1773295200000,69437.92000000,69530.89000000,69400.74000000,69510.22000000,0.22487000
1773298800000,69503.98000000,69799.13000000,69451.97000000,69795.06000000,0.27348000
1773302400000,69858.10000000,70084.77000000,69773.78000000,69853.21000000,0.08497000
1773306000000,69830.46000000,70372.33000000,69606.68000000,69968.53000000,0.11932000
1773309600000,70051.50000000,70493.42000000,69917.28000000,70441.05000000,0.30760000
1773313200000,70491.23000000,70773.27000000,70328.53000000,70434.02000000,0.26842000
1773316800000,70421.68000000,70479.30000000,70311.52000000,70400.00000000,0.93751000
1773320400000,70384.76000000,70535.23000000,69717.06000000,69861.85000000,0.28961000
1773324000000,69988.79000000,70638.54000000,69404.59000000,69414.45000000,0.18946000
1773327600000,69588.97000000,70535.58000000,69548.09000000,70343.47000000,0.40102000
1773331200000,70322.55000000,70528.36000000,69962.67000000,70394.69000000,0.36080000
1773334800000,70366.82000000,70506.28000000,70056.30000000,70056.30000000,0.11451000
1773338400000,70225.00000000,70279.14000000,69830.27000000,69830.27000000,1.53464000
1773342000000,69800.67000000,70562.38000000,69779.75000000,70485.82000000,0.99776000
1773345600000,70490.55000000,70555.12000000,70169.71000000,70169.71000000,0.05725000
1773349200000,70211.34000000,70434.57000000,70192.62000000,70301.03000000,0.34284000
1773352800000,70305.64000000,70305.64000000,70040.72000000,70206.73000000,0.13162000
1773356400000,70265.30000000,70699.06000000,70205.91000000,70489.42000000,0.62540000
1773360000000,70457.74000000,71988.42000000,70434.09000000,71446.00000000,3.38246000
1773363600000,71457.10000000,71700.03000000,71362.41000000,71684.86000000,1.25233000
1773367200000,71631.71000000,71652.13000000,71057.34000000,71153.69000000,2.08952000
1773370800000,71171.56000000,71505.34000000,70961.47000000,71428.42000000,0.72175000
1773374400000,71401.37000000,71471.46000000,71252.91000000,71356.83000000,0.20577000
1773378000000,71352.48000000,71637.91000000,71254.18000000,71522.32000000,0.34597000
1773381600000,71505.75000000,71561.41000000,71212.50000000,71291.04000000,0.01157000
1773385200000,71344.87000000,71658.61000000,71261.51000000,71578.00000000,0.06225000
1773388800000,71649.97000000,72115.70000000,71486.72000000,71802.37000000,0.66541000
1773392400000,71861.79000000,72085.87000000,71610.60000000,72053.34000000,0.16853000
1773396000000,71990.85000000,72567.48000000,71990.85000000,72461.60000000,19.77966000
1773399600000,72480.70000000,72492.53000000,72225.00000000,72287.49000000,0.27270000
1773403200000,72229.87000000,72856.11000000,72229.87000000,72783.14000000,1.14692000
1773406800000,72730.20000000,73570.77000000,72660.54000000,73341.02000000,3.32214000
1773410400000,73522.00000000,73895.52000000,72350.36000000,72450.00000000,4.73706000
1773414000000,72465.97000000,72823.74000000,71750.00000000,71750.00000000,0.99021000
1773417600000,71911.10000000,72080.51000000,71181.57000000,72033.70000000,0.88060000
1773421200000,71909.42000000,72153.15000000,70900.60000000,70990.77000000,0.49302000
1773424800000,71087.58000000,71311.72000000,70879.23000000,71063.97000000,0.76647000
1773428400000,71063.50000000,71316.83000000,71027.81000000,71240.26000000,0.28340000
1773432000000,71172.84000000,71456.05000000,71172.84000000,71379.78000000,0.31875000
1773435600000,71369.38000000,71499.16000000,71083.80000000,71111.45000000,0.27521000
1773439200000,71122.14000000,71158.13000000,70564.50000000,70820.59000000,0.47407000
1773442800000,70795.20000000,70973.25000000,70730.86000000,70968.63000000,0.07078000
1773446400000,70877.84000000,70935.95000000,70577.52000000,70675.48000000,0.12304000
1773450000000,70615.41000000,70891.23000000,70496.18000000,70857.71000000,0.12631000
1773453600000,70834.50000000,70898.47000000,70749.53000000,70822.60000000,0.13702000
1773457200000,70836.37000000,71153.37000000,70836.27000000,71081.31000000,0.25065000
1773460800000,71094.86000000,71296.80000000,71069.73000000,71084.46000000,0.15043000
1773464400000,71077.11000000,71147.79000000,70961.43000000,71012.06000000,0.10379000
1773468000000,70977.30000000,70977.30000000,70355.00000000,70631.13000000,0.34217000
1773471600000,70682.61000000,70732.10000000,70507.57000000,70581.97000000,0.04751000
1773475200000,70666.46000000,70717.67000000,70558.35000000,70581.75000000,0.02462000
1773478800000,70619.27000000,70698.23000000,70517.76000000,70547.38000000,0.12729000
1773482400000,70542.92000000,70579.31000000,70438.83000000,70562.18000000,0.02321000
1773486000000,70613.09000000,70763.57000000,70613.09000000,70689.07000000,0.08639000
1773489600000,70780.31000000,70811.67000000,70617.96000000,70766.99000000,0.02858000
1773493200000,70753.55000000,70927.03000000,70745.00000000,70868.72000000,0.19988000
1773496800000,70900.02000000,70955.70000000,70595.52000000,70595.52000000,0.17596000
1773500400000,70615.97000000,70708.28000000,70500.00000000,70572.53000000,0.05931000
1773504000000,70563.11000000,70691.12000000,70509.88000000,70691.12000000,0.04450000
1773507600000,70690.78000000,70729.22000000,70615.59000000,70627.46000000,0.04485000
1773511200000,70596.05000000,70683.47000000,70581.38000000,70676.81000000,0.11722000
1773514800000,70672.90000000,70728.18000000,70625.40000000,70704.43000000,0.02496000
1773518400000,70710.00000000,70845.94000000,70636.86000000,70845.94000000,0.09594000
1773522000000,70791.00000000,70794.42000000,70674.22000000,70783.03000000,0.07017000
1773525600000,70765.59000000,70813.51000000,70699.85000000,70724.28000000,0.14398000
1773529200000,70806.08000000,71258.56000000,70799.63000000,71211.28000000,0.31890000
1773532800000,71188.82000000,71188.82000000,70909.77000000,70970.72000000,1.09921000
1773536400000,71000.00000000,71038.99000000,70893.99000000,71007.98000000,0.04412000
1773540000000,71096.86000000,71591.59000000,71096.86000000,71489.84000000,1.90315000
1773543600000,71513.11000000,71527.86000000,71296.08000000,71343.52000000,0.05774000
1773547200000,71339.25000000,71642.60000000,71339.25000000,71554.61000000,0.22390000
1773550800000,71541.76000000,71787.40000000,71491.94000000,71491.94000000,0.32662000
1773554400000,71489.32000000,71577.80000000,71432.39000000,71447.87000000,0.08074000
1773558000000,71461.90000000,71652.05000000,71415.82000000,71461.80000000,0.15491000
1773561600000,71519.06000000,71700.00000000,71475.64000000,71700.00000000,0.13210000
1773565200000,71729.50000000,71930.66000000,71729.50000000,71794.45000000,0.17412000
1773568800000,71831.20000000,71905.73000000,71751.52000000,71806.00000000,0.02464000
1773572400000,71793.97000000,71856.93000000,71693.44000000,71856.93000000,0.04695000
1773576000000,71838.08000000,71838.08000000,71598.79000000,71627.71000000,0.07294000
1773579600000,71662.90000000,71679.80000000,71300.00000000,71600.00000000,0.21467000
1773583200000,71578.69000000,71625.83000000,71376.90000000,71617.58000000,0.58229000
1773586800000,71611.95000000,71616.39000000,71443.98000000,71471.39000000,0.10154000
1773590400000,71472.31000000,71594.01000000,71339.43000000,71418.57000000,0.12278000
1773594000000,71423.46000000,71987.17000000,71419.03000000,71830.07000000,0.14031000
1773597600000,71790.30000000,71835.98000000,71301.64000000,71370.70000000,0.14514000
1773601200000,71414.35000000,71577.93000000,71356.47000000,71548.63000000,0.24623000
1773604800000,71535.15000000,71903.44000000,71430.82000000,71748.47000000,1.11908000
1773608400000,71713.54000000,72232.30000000,71640.32000000,72037.88000000,0.15760000
1773612000000,72061.30000000,73036.33000000,71750.00000000,72715.09000000,1.53818000
1773615600000,72756.96000000,73181.72000000,72427.89000000,72741.88000000,2.71531000
1773619200000,72879.10000000,73000.00000000,72488.38000000,72538.74000000,1.52701000
1773622800000,72600.15000000,72830.00000000,72307.49000000,72788.63000000,0.10068000
1773626400000,72741.44000000,72863.65000000,72360.32000000,72599.17000000,0.22419000
1773630000000,72490.07000000,74286.69000000,72474.40000000,73600.00000000,1.67677000
1773633600000,73634.06000000,74425.53000000,73600.08000000,73820.55000000,0.75981000
1773637200000,73800.01000000,74227.53000000,73682.46000000,74128.76000000,0.51044000
1773640800000,74000.00000000,74000.00000000,73621.92000000,73833.49000000,0.13638000
1773644400000,73670.52000000,73937.33000000,73417.09000000,73417.09000000,0.08256000
1773648000000,73651.98000000,73747.90000000,72895.55000000,73098.14000000,1.23615000
1773651600000,73115.76000000,73305.83000000,73115.76000000,73264.09000000,0.02829000
1773655200000,73264.12000000,73767.01000000,73264.12000000,73767.01000000,0.09353000
1773658800000,73799.83000000,73817.48000000,73532.16000000,73547.97000000,1.68099000
1773662400000,73569.70000000,74035.51000000,73468.14000000,73853.09000000,0.85624000
1773666000000,73875.76000000,74477.93000000,73800.00000000,74014.17000000,0.90569000
1773669600000,74077.74000000,74422.10000000,73024.87000000,73530.43000000,2.28699000
1773673200000,73615.11000000,74020.97000000,73203.48000000,73203.48000000,0.70371000
1773676800000,73266.86000000,73895.69000000,73241.19000000,73789.08000000,0.14268000
1773680400000,73786.28000000,74009.49000000,73737.13000000,73975.54000000,0.21409000
1773684000000,73949.05000000,74364.49000000,73943.89000000,73943.89000000,2.07190000
1773687600000,73866.67000000,74400.00000000,73820.55000000,73981.00000000,0.52240000
1773691200000,73995.22000000,74244.19000000,73904.30000000,74237.74000000,0.36389000
1773694800000,74181.67000000,74777.00000000,74181.67000000,74431.90000000,0.72002000
1773698400000,74414.45000000,74897.98000000,74412.79000000,74724.90000000,1.64059000
1773702000000,74724.90000000,74900.00000000,74300.00000000,74879.98000000,0.41512000
1773705600000,74821.70000000,75500.00000000,74686.84000000,75270.24000000,5.69878000
1773709200000,75369.00000000,76100.00000000,75132.14000000,75655.29000000,11.04008000
1773712800000,75654.23000000,75659.33000000,75121.09000000,75186.10000000,13.46538000
1773716400000,75252.00000000,75421.68000000,74285.71000000,74494.90000000,11.48608000
1773720000000,74514.52000000,74768.73000000,74045.00000000,74222.96000000,6.84749000
1773723600000,74186.08000000,74620.40000000,73806.90000000,74060.93000000,7.78270000
1773727200000,74030.61000000,74417.89000000,73893.67000000,74112.46000000,3.17080000
1773730800000,74100.34000000,74694.10000000,74100.34000000,74332.13000000,6.02643000
1773734400000,74331.95000000,74618.91000000,74164.57000000,74195.20000000,0.61106000
1773738000000,74204.79000000,74415.17000000,73846.55000000,73937.44000000,0.25772000
1773741600000,73926.32000000,73964.18000000,73586.60000000,73779.90000000,0.51680000
1773745200000,73750.58000000,74196.74000000,73691.77000000,74021.71000000,1.64911000
1773748800000,74018.15000000,74240.97000000,73681.79000000,73717.08000000,0.14556000
1773752400000,73721.33000000,74121.86000000,73555.00000000,73654.07000000,3.73223000
1773756000000,73646.37000000,74381.51000000,73555.00000000,74381.51000000,5.83364000
1773759600000,74416.34000000,74864.86000000,73700.00000000,73941.77000000,2.94063000
1773763200000,73926.92000000,74353.50000000,73903.44000000,74214.66000000,0.59252000
1773766800000,74266.10000000,74585.50000000,74075.99000000,74498.52000000,0.30362000
1773770400000,74491.14000000,74739.21000000,74343.71000000,74695.00000000,1.08651000
1773774000000,74688.59000000,74782.69000000,74496.64000000,74506.64000000,1.10908000
1773777600000,74504.05000000,74656.69000000,74386.04000000,74545.54000000,0.15310000
1773781200000,74515.85000000,74796.65000000,74449.75000000,74683.69000000,0.18076000
1773784800000,74653.49000000,74779.77000000,73951.76000000,74330.41000000,0.26079000
1773788400000,74311.65000000,74375.44000000,73897.96000000,73908.83000000,0.37736000
1773792000000,73928.58000000,74076.19000000,73568.01000000,73858.07000000,0.26672000
1773795600000,73853.94000000,74196.74000000,73844.72000000,74099.84000000,1.39028000
1773799200000,74114.84000000,74445.82000000,74090.62000000,74365.00000000,1.49458000
1773802800000,74354.42000000,74609.55000000,74279.86000000,74483.18000000,0.28914000
1773806400000,74462.45000000,74495.75000000,74157.80000000,74206.45000000,0.14689000
1773810000000,74169.99000000,74283.69000000,73855.06000000,73893.22000000,0.57423000
1773813600000,74006.66000000,74224.58000000,73989.81000000,74040.01000000,0.07203000
1773817200000,73958.89000000,73996.65000000,73600.40000000,73796.25000000,3.03134000
1773820800000,73933.03000000,74105.89000000,73877.95000000,74028.34000000,3.31023000
1773824400000,74042.79000000,74248.83000000,73920.73000000,74111.90000000,6.66459000
1773828000000,74186.57000000,74251.57000000,73808.00000000,73919.54000000,9.57709000
1773831600000,73897.54000000,73995.46000000,72721.74000000,72905.60000000,5.96614000
1773835200000,72902.37000000,72957.94000000,72290.00000000,72395.68000000,6.68186000
1773838800000,72267.12000000,72537.37000000,71966.97000000,72082.64000000,1.64970000
1773842400000,72107.52000000,72181.84000000,71150.00000000,71150.00000000,9.40694000
1773846000000,71135.88000000,71511.81000000,70852.87000000,71494.61000000,2.44550000
1773849600000,71442.95000000,71541.59000000,71063.01000000,71368.85000000,3.33546000
1773853200000,71348.80000000,71762.49000000,71209.50000000,71603.81000000,0.60694000
1773856800000,71636.20000000,71979.14000000,70956.01000000,71069.89000000,0.84200000
1773860400000,71114.40000000,71483.49000000,70955.97000000,71022.69000000,0.27125000
1773864000000,71033.39000000,71313.33000000,70500.01000000,71237.14000000,0.79677000
1773867600000,71257.37000000,71450.00000000,71159.37000000,71335.45000000,3.20800000
1773871200000,71206.63000000,71206.63000000,70979.30000000,71130.00000000,0.20204000
1773874800000,71148.22000000,71380.52000000,71088.60000000,71256.10000000,0.29150000
1773878400000,71206.97000000,71318.17000000,71000.00000000,71000.00000000,0.47720000
1773882000000,71060.98000000,71179.64000000,70987.65000000,71132.90000000,0.15028000
1773885600000,71105.59000000,71254.78000000,70927.31000000,71059.03000000,0.13958000
1773889200000,71091.16000000,71621.51000000,71082.83000000,71250.00000000,0.32680000
1773892800000,71181.57000000,71199.40000000,70646.87000000,70824.28000000,0.45941000
1773896400000,70841.21000000,70905.68000000,70672.92000000,70824.89000000,0.30575000
1773900000000,70843.01000000,70925.42000000,70555.00000000,70581.54000000,5.20859000
1773903600000,70601.88000000,70601.88000000,69669.00000000,70194.36000000,8.40290000
1773907200000,70258.08000000,70258.08000000,69935.67000000,69985.26000000,0.10836000
1773910800000,70040.00000000,70518.64000000,69994.81000000,70483.92000000,0.19885000
1773914400000,70468.14000000,70482.56000000,70148.14000000,70148.14000000,0.01264000
1773918000000,70144.33000000,70192.03000000,69927.98000000,69927.98000000,1.17281000
1773921600000,69914.46000000,69920.00000000,69147.69000000,69351.56000000,0.46200000
1773925200000,69251.07000000,70037.52000000,69105.00000000,69906.92000000,0.44107000
1773928800000,70010.38000000,70223.01000000,69111.28000000,69547.30000000,0.64780000
1773932400000,69511.04000000,69886.10000000,68791.95000000,69524.70000000,1.72355000
1773936000000,69401.20000000,69600.00000000,69242.15000000,69486.37000000,0.23686000
1773939600000,69427.49000000,69928.93000000,69131.81000000,69849.82000000,0.22090000
1773943200000,69811.69000000,70089.48000000,69626.65000000,69800.00000000,2.78513000
1773946800000,69818.81000000,70583.87000000,69818.81000000,70239.67000000,1.20236000
1773950400000,70249.37000000,70655.06000000,70224.55000000,70468.86000000,0.15027000
1773954000000,70499.78000000,70699.06000000,70389.08000000,70469.67000000,1.64602000
1773957600000,70458.39000000,70458.39000000,69974.73000000,70145.77000000,0.29331000
1773961200000,70219.14000000,70271.80000000,69745.43000000,69977.88000000,0.13862000
1773964800000,69934.16000000,70277.25000000,69862.75000000,70239.15000000,1.57785000
1773968400000,70204.02000000,70588.78000000,70204.02000000,70466.94000000,0.15683000
1773972000000,70359.09000000,70501.09000000,70089.14000000,70439.78000000,0.20535000
1773975600000,70410.32000000,70789.12000000,70408.05000000,70738.28000000,0.34392000
1773979200000,70778.95000000,70959.46000000,70583.37000000,70775.56000000,0.16554000
1773982800000,70755.95000000,70855.62000000,70554.06000000,70593.09000000,0.11947000
1773986400000,70562.03000000,70620.71000000,70391.96000000,70474.54000000,0.15665000
1773990000000,70463.11000000,70899.96000000,70202.43000000,70899.96000000,0.07661000
1773993600000,70818.92000000,71347.20000000,70818.92000000,71165.56000000,0.36062000
1773997200000,70991.96000000,70991.96000000,70464.67000000,70512.64000000,0.15544000
1774000800000,70573.32000000,70573.32000000,70244.89000000,70551.51000000,0.09215000
1774004400000,70695.22000000,70806.33000000,70344.78000000,70428.94000000,0.73973000
1774008000000,70490.87000000,70682.04000000,70277.25000000,70326.84000000,0.19401000
1774011600000,70344.98000000,70641.80000000,69799.13000000,69837.25000000,0.48543000
1774015200000,69772.73000000,70250.00000000,69616.08000000,69732.32000000,0.58556000
1774018800000,69787.37000000,69987.31000000,69500.00000000,69880.18000000,0.28416000
1774022400000,69847.41000000,70092.94000000,69625.23000000,69681.98000000,0.29560000
1774026000000,69918.63000000,69988.50000000,69408.43000000,69982.67000000,0.30001000
1774029600000,70016.80000000,70065.73000000,69506.00000000,69719.78000000,0.32760000
1774033200000,69834.79000000,70155.95000000,69707.35000000,70155.95000000,0.44242000
1774036800000,70112.93000000,70250.00000000,69759.49000000,70027.43000000,0.97943000
1774040400000,70053.15000000,70699.06000000,69963.64000000,70544.96000000,0.50650000
1774044000000,70554.96000000,70885.22000000,70540.78000000,70766.04000000,5.59530000
1774047600000,70737.17000000,70737.17000000,70393.20000000,70494.62000000,0.25004000
1774051200000,70549.42000000,70820.44000000,70464.81000000,70699.44000000,0.23137000
1774054800000,70703.39000000,70752.93000000,70465.28000000,70465.28000000,0.09205000
1774058400000,70436.31000000,70778.11000000,70436.31000000,70719.52000000,0.13566000
1774062000000,70706.73000000,70792.66000000,70650.75000000,70712.75000000,0.06213000
1774065600000,70679.85000000,70798.50000000,70641.63000000,70643.63000000,1.48853000
1774069200000,70659.88000000,70791.38000000,70629.86000000,70735.64000000,0.21156000
1774072800000,70718.91000000,70780.20000000,70718.91000000,70760.31000000,0.05978000
1774076400000,70778.25000000,70823.35000000,70695.21000000,70707.60000000,0.05452000
1774080000000,70718.65000000,70733.17000000,70500.62000000,70573.38000000,0.02275000
1774083600000,70577.18000000,70737.74000000,70577.18000000,70688.66000000,0.01517000
1774087200000,70674.96000000,70674.96000000,70607.71000000,70607.71000000,0.00787000
1774090800000,70616.19000000,70636.50000000,70563.93000000,70622.73000000,0.00951000
1774094400000,70687.80000000,70796.40000000,70678.70000000,70729.08000000,0.03523000
1774098000000,70747.99000000,70791.97000000,70716.73000000,70716.73000000,0.04573000
1774101600000,70809.03000000,71086.48000000,70633.77000000,70633.77000000,1.29308000
1774105200000,70639.70000000,70713.63000000,70466.94000000,70677.46000000,0.19082000
1774108800000,70677.14000000,70677.14000000,70258.18000000,70280.00000000,0.21867000
1774112400000,70294.36000000,70409.60000000,70233.72000000,70335.15000000,0.12415000
1774116000000,70332.33000000,70504.88000000,70313.17000000,70417.89000000,0.18692000
1774119600000,70428.53000000,70453.68000000,70327.37000000,70388.20000000,0.06563000
1774123200000,70403.18000000,70491.78000000,70353.35000000,70472.36000000,0.44562000
1774126800000,70454.13000000,70493.78000000,70275.73000000,70348.22000000,0.05709000
1774130400000,70356.85000000,70379.06000000,70265.07000000,70297.53000000,0.08096000
1774134000000,70252.00000000,70268.01000000,68571.95000000,68747.47000000,1.53028000
1774137600000,68803.76000000,69128.00000000,68330.43000000,68916.57000000,6.68245000
1774141200000,68993.65000000,69072.72000000,68822.34000000,68965.81000000,0.18569000
1774144800000,69000.00000000,69419.99000000,68962.97000000,69306.55000000,0.44112000
1774148400000,69294.29000000,69559.98000000,69120.75000000,69335.78000000,0.06814000
1774152000000,69368.44000000,69512.44000000,69238.16000000,69358.08000000,0.14233000
1774155600000,69320.44000000,69320.44000000,69158.66000000,69205.90000000,0.25795000
1774159200000,69158.66000000,69214.76000000,69109.77000000,69170.12000000,0.05542000
1774162800000,69164.23000000,69219.02000000,68910.64000000,68910.64000000,0.35067000
1774166400000,68900.00000000,68929.67000000,68585.80000000,68759.75000000,0.24754000
1774170000000,68859.64000000,68859.64000000,68606.90000000,68837.69000000,0.00964000
1774173600000,68841.63000000,68841.63000000,68598.99000000,68672.58000000,0.06910000
1774177200000,68619.65000000,68681.10000000,68136.17000000,68266.11000000,0.31361000
1774180800000,68293.80000000,68737.84000000,68204.70000000,68646.00000000,0.01569000
1774184400000,68751.08000000,68921.64000000,68562.23000000,68703.86000000,0.04397000
1774188000000,68751.75000000,68864.92000000,68598.92000000,68721.95000000,0.12437000
1774191600000,68772.58000000,69004.88000000,68748.22000000,68827.70000000,0.21993000
1774195200000,68861.86000000,68885.45000000,68736.92000000,68824.36000000,0.04759000
1774198800000,68819.54000000,68850.02000000,68665.78000000,68702.57000000,1.59901000
1774202400000,68633.98000000,68726.60000000,68379.53000000,68615.00000000,0.51767000
1774206000000,68615.00000000,68615.00000000,68187.50000000,68230.38000000,0.26819000
1774209600000,68324.90000000,68469.71000000,68100.00000000,68195.02000000,0.17895000
1774213200000,68191.23000000,68194.47000000,67377.05000000,67855.83000000,2.40208000
1774216800000,67888.27000000,68360.49000000,67614.23000000,68117.05000000,0.43526000
1774220400000,68335.75000000,68426.57000000,67850.46000000,67865.47000000,0.14315000
1774224000000,67973.97000000,68142.86000000,67462.39000000,67744.86000000,0.25694000
1774227600000,67624.75000000,68127.77000000,67571.43000000,67946.23000000,0.42636000
1774231200000,67890.28000000,68380.60000000,67863.05000000,68186.71000000,0.99240000
1774234800000,68357.45000000,68604.70000000,68074.15000000,68079.78000000,0.32300000
1774238400000,68138.58000000,68596.99000000,68095.67000000,68557.02000000,0.28588000
1774242000000,68556.13000000,68853.00000000,68556.13000000,68761.49000000,0.24654000
1774245600000,68745.42000000,68745.42000000,67707.42000000,67860.40000000,0.19040000
1774249200000,67863.80000000,68428.57000000,67559.75000000,68428.57000000,0.25034000
1774252800000,68438.60000000,68680.34000000,68433.84000000,68438.59000000,0.15071000
1774256400000,68322.64000000,68322.64000000,68033.47000000,68208.23000000,0.07505000
1774260000000,68362.82000000,68680.34000000,68358.69000000,68508.20000000,0.08287000
1774263600000,68664.42000000,71499.98000000,68528.82000000,70186.91000000,4.35532000
1774267200000,70157.94000000,70823.35000000,69720.61000000,70582.48000000,0.41977000
1774270800000,70816.83000000,71589.67000000,70641.30000000,71293.80000000,1.98427000
1774274400000,71471.68000000,71791.26000000,71149.82000000,71467.19000000,0.91238000
1774278000000,71487.67000000,71611.42000000,70119.61000000,70119.61000000,0.72214000
1774281600000,70139.78000000,70699.06000000,70099.95000000,70554.86000000,1.30388000
1774285200000,70597.77000000,71125.84000000,70397.55000000,71076.77000000,0.40072000
1774288800000,71090.46000000,71172.06000000,70910.69000000,71097.45000000,0.26759000
1774292400000,71093.47000000,71233.88000000,70668.85000000,70668.85000000,0.28469000
1774296000000,70689.77000000,70951.57000000,70589.83000000,70924.14000000,0.09924000
1774299600000,70980.78000000,71004.62000000,70835.25000000,70866.51000000,0.54068000
1774303200000,70816.73000000,70816.73000000,70538.70000000,70765.80000000,0.06342000
1774306800000,70809.59000000,71045.91000000,70411.03000000,70910.84000000,0.07548000
1774310400000,70905.56000000,71080.01000000,70466.94000000,70657.79000000,0.31161000
1774314000000,70706.18000000,70878.64000000,70327.60000000,70525.43000000,0.22480000
1774317600000,70509.66000000,70668.55000000,70425.19000000,70456.20000000,0.44553000
1774321200000,70436.68000000,70574.17000000,70424.90000000,70465.23000000,0.09630000
1774324800000,70550.46000000,70733.00000000,70276.81000000,70390.37000000,0.39505000
1774328400000,70371.54000000,70371.54000000,70136.36000000,70319.98000000,0.10506000
1774332000000,70264.06000000,70575.15000000,70264.06000000,70528.73000000,0.05190000
1774335600000,70497.28000000,71391.30000000,70497.28000000,71288.53000000,0.49396000
1774339200000,71285.09000000,71285.09000000,70905.01000000,70925.10000000,0.24549000
1774342800000,70977.50000000,71349.86000000,70863.21000000,71321.33000000,0.22480000
1774346400000,71295.35000000,71301.31000000,71119.09000000,71296.30000000,0.37896000
1774350000000,71250.71000000,71298.92000000,70967.68000000,71162.21000000,0.12476000
1774353600000,71168.88000000,71168.88000000,70880.89000000,70978.41000000,1.27421000
1774357200000,70991.40000000,71028.65000000,70000.00000000,70053.50000000,0.50877000
1774360800000,70145.84000000,70449.76000000,69555.83000000,69730.75000000,0.33581000
1774364400000,69897.72000000,70224.74000000,69833.33000000,69878.58000000,0.26363000
1774368000000,69847.00000000,69990.09000000,69365.55000000,69489.06000000,0.93566000
1774371600000,69449.94000000,69449.94000000,68939.16000000,69194.82000000,0.86539000
1774375200000,69218.04000000,69720.61000000,69186.20000000,69511.68000000,0.22916000
1774378800000,69485.57000000,69660.49000000,69286.85000000,69362.50000000,1.55745000
1774382400000,69364.99000000,70277.25000000,69311.14000000,70102.03000000,1.09688000
1774386000000,70104.90000000,70377.84000000,69950.95000000,70332.17000000,0.73926000
1774389600000,70298.63000000,70596.98000000,70130.82000000,70379.80000000,0.63184000
1774393200000,70315.31000000,70823.35000000,70292.46000000,70601.73000000,0.25813000
1774396800000,70585.02000000,71031.89000000,70502.53000000,70870.25000000,0.23308000
1774400400000,70851.29000000,70953.94000000,70652.97000000,70753.41000000,0.13664000
1774404000000,70609.12000000,70740.75000000,70522.70000000,70522.70000000,0.10743000
1774407600000,70534.73000000,70804.72000000,70416.68000000,70784.55000000,0.09537000
1774411200000,70727.29000000,70965.43000000,70689.00000000,70965.43000000,0.25242000
1774414800000,70961.84000000,71338.80000000,70956.78000000,71109.57000000,0.78435000
1774418400000,71140.41000000,71249.57000000,71026.02000000,71209.87000000,0.15334000
1774422000000,70981.53000000,71250.00000000,70922.62000000,70922.62000000,0.18319000
1774425600000,70953.68000000,71488.56000000,70816.47000000,71262.31000000,0.53750000
1774429200000,71255.39000000,71354.37000000,71119.95000000,71119.95000000,0.10959000
1774432800000,71370.67000000,71610.60000000,71340.91000000,71513.45000000,0.20290000
1774436400000,71500.00000000,72000.00000000,71491.01000000,71664.48000000,2.70887000
1774440000000,71711.87000000,71925.90000000,71135.88000000,71708.87000000,0.56899000
1774443600000,71761.69000000,71936.36000000,71541.59000000,71588.93000000,0.11466000
1774447200000,71572.07000000,71654.12000000,71241.59000000,71241.59000000,0.65118000
1774450800000,71251.03000000,71309.32000000,70603.72000000,70847.70000000,0.62067000
1774454400000,70814.35000000,71735.77000000,70814.35000000,71389.33000000,0.36967000
1774458000000,71298.85000000,71397.90000000,70740.40000000,70770.47000000,0.32999000
1774461600000,70820.00000000,71109.63000000,70734.26000000,70758.48000000,0.62705000
1774465200000,70810.92000000,71060.88000000,70770.87000000,70871.53000000,0.50854000
1774468800000,70850.75000000,71051.48000000,70668.62000000,71005.12000000,0.24507000
1774472400000,71021.95000000,71166.67000000,70960.84000000,71028.09000000,0.11860000
1774476000000,71074.29000000,71541.59000000,70960.98000000,71386.09000000,0.46946000
1774479600000,71397.61000000,71442.98000000,71215.04000000,71334.09000000,0.25059000
1774483200000,71354.83000000,71442.33000000,71124.98000000,71276.83000000,0.66646000
1774486800000,71322.81000000,71382.29000000,71195.17000000,71250.61000000,0.39296000
1774490400000,71247.02000000,71278.98000000,70666.97000000,70897.98000000,0.47732000
1774494000000,70877.54000000,70958.63000000,70727.61000000,70884.83000000,0.21525000
1774497600000,70891.84000000,70891.84000000,70736.81000000,70827.86000000,0.02952000
1774501200000,70783.66000000,70783.99000000,69974.73000000,69994.81000000,0.19082000
1774504800000,69985.01000000,70149.91000000,69863.00000000,70087.86000000,0.11045000
1774508400000,70096.37000000,70175.30000000,69840.94000000,70108.98000000,0.22490000
1774512000000,70137.75000000,70137.75000000,69872.92000000,70014.26000000,0.03250000
1774515600000,70115.12000000,70148.17000000,69416.60000000,69590.00000000,0.11044000
1774519200000,69551.73000000,69688.42000000,69506.43000000,69506.43000000,1.44252000
1774522800000,69527.01000000,69628.14000000,69219.87000000,69295.70000000,0.41406000
1774526400000,69261.29000000,69469.38000000,69251.43000000,69457.75000000,1.01781000
1774530000000,69423.18000000,69859.89000000,69342.86000000,69616.98000000,0.51813000
1774533600000,69681.02000000,69817.95000000,69229.70000000,69445.25000000,0.39994000
1774537200000,69503.73000000,69503.73000000,68800.00000000,69143.01000000,3.54606000
1774540800000,69024.21000000,69077.17000000,68874.37000000,68912.51000000,0.17412000
1774544400000,68945.77000000,69163.00000000,68333.00000000,68507.04000000,11.94075000
1774548000000,68449.01000000,68587.94000000,68176.03000000,68422.98000000,1.08492000
1774551600000,68498.98000000,68664.78000000,68366.42000000,68557.73000000,0.52607000
1774555200000,68559.56000000,69441.45000000,68460.00000000,68979.30000000,1.81229000
1774558800000,68940.52000000,69137.98000000,68869.38000000,68923.43000000,0.59140000
1774562400000,68914.49000000,68998.92000000,68615.60000000,68875.39000000,0.82653000
1774566000000,68942.82000000,69025.62000000,68601.42000000,68807.52000000,0.82126000
1774569600000,68811.34000000,68967.87000000,68550.00000000,68754.69000000,0.79285000
1774573200000,68789.62000000,69037.28000000,68700.93000000,69037.28000000,0.63249000
1774576800000,69051.31000000,69147.69000000,68874.91000000,68928.09000000,0.08294000
1774580400000,68892.66000000,68905.11000000,68687.28000000,68800.62000000,0.10782000
1774584000000,68769.17000000,68769.17000000,68330.43000000,68619.85000000,0.27270000
1774587600000,68574.19000000,68841.36000000,68561.35000000,68611.95000000,0.20443000
1774591200000,68649.88000000,68839.69000000,68623.70000000,68683.01000000,0.10922000
1774594800000,68678.45000000,68910.64000000,68470.65000000,68470.65000000,0.17766000
1774598400000,68606.11000000,68606.11000000,67625.44000000,67946.00000000,0.77025000
1774602000000,67925.43000000,67925.43000000,67599.08000000,67791.46000000,0.30543000
1774605600000,67698.86000000,67747.60000000,66361.00000000,66524.29000000,1.12023000
1774609200000,66451.85000000,66818.26000000,66289.87000000,66720.30000000,0.17819000
1774612800000,66730.00000000,66730.00000000,66451.72000000,66633.81000000,0.41499000
1774616400000,66639.22000000,66724.74000000,66015.57000000,66026.36000000,0.61451000
1774620000000,66150.90000000,66412.40000000,65756.67000000,66207.93000000,2.32039000
1774623600000,66217.93000000,66599.00000000,66003.38000000,66112.70000000,2.40754000
1774627200000,66084.41000000,66186.50000000,65801.67000000,65931.93000000,0.62389000
1774630800000,66001.19000000,66273.81000000,65631.50000000,65631.50000000,0.23015000
1774634400000,65668.51000000,65904.64000000,65575.53000000,65889.54000000,0.30020000
1774638000000,65766.09000000,66135.81000000,65712.34000000,66068.25000000,0.51434000
1774641600000,66030.64000000,66120.33000000,65832.51000000,66078.63000000,0.27587000
1774645200000,66041.03000000,66181.72000000,66041.03000000,66057.80000000,0.17773000
1774648800000,66067.63000000,66079.02000000,65927.91000000,66047.38000000,0.13394000
1774652400000,66052.53000000,66428.47000000,65993.90000000,66428.47000000,0.20181000
1774656000000,66397.35000000,66503.50000000,66291.03000000,66442.89000000,0.28237000
1774659600000,66396.00000000,66413.37000000,66071.43000000,66129.97000000,0.15131000
1774663200000,66193.75000000,66250.79000000,65942.22000000,66045.91000000,0.31852000
1774666800000,66118.52000000,66240.02000000,66095.57000000,66221.55000000,0.03475000
1774670400000,66175.42000000,66278.13000000,66115.67000000,66270.60000000,0.06068000
1774674000000,66300.57000000,66355.88000000,66221.53000000,66355.88000000,0.20565000
1774677600000,66336.86000000,66469.48000000,66336.86000000,66394.97000000,0.19145000
1774681200000,66427.60000000,66547.34000000,66385.07000000,66547.34000000,0.14997000
1774684800000,66522.21000000,66556.39000000,66396.19000000,66396.19000000,0.20603000
1774688400000,66355.59000000,66379.63000000,66257.29000000,66325.65000000,0.00542000
1774692000000,66300.33000000,66300.33000000,66165.23000000,66205.30000000,0.00433000
1774695600000,66262.39000000,66345.85000000,66217.07000000,66326.99000000,0.11825000
1774699200000,66347.40000000,66473.55000000,66312.15000000,66468.02000000,0.21631000
1774702800000,66461.75000000,67142.86000000,66394.08000000,66880.58000000,0.25125000
1774706400000,66820.41000000,66903.88000000,66689.79000000,66689.79000000,0.29391000
1774710000000,66763.29000000,67270.06000000,66716.13000000,66974.92000000,0.78041000
1774713600000,67033.07000000,67087.09000000,66916.53000000,66939.01000000,0.40550000
1774717200000,66938.59000000,66997.89000000,66652.90000000,66853.80000000,0.11341000
1774720800000,66873.66000000,66961.36000000,66857.99000000,66961.36000000,0.13317000
1774724400000,66900.69000000,66950.95000000,66828.15000000,66866.67000000,0.14131000
1774728000000,66991.80000000,67026.37000000,66920.25000000,66944.11000000,0.22562000
1774731600000,66936.70000000,66941.92000000,66651.73000000,66670.31000000,0.05863000
1774735200000,66656.48000000,66783.64000000,66619.99000000,66765.41000000,0.10145000
1774738800000,66757.13000000,66757.13000000,66300.79000000,66393.38000000,0.24085000
1774742400000,66392.25000000,66502.65000000,66317.70000000,66476.91000000,0.06388000
1774746000000,66490.32000000,66617.20000000,66466.79000000,66516.92000000,0.12133000
1774749600000,66556.73000000,66791.34000000,66556.73000000,66791.34000000,0.84224000
1774753200000,66820.12000000,67076.91000000,66760.87000000,66902.52000000,0.25352000
1774756800000,66943.44000000,66943.44000000,66750.00000000,66750.00000000,0.11106000
1774760400000,66737.68000000,66805.46000000,66546.97000000,66805.46000000,0.42504000
1774764000000,66845.91000000,66864.70000000,66651.64000000,66752.90000000,0.16318000
1774767600000,66702.65000000,66706.73000000,66564.13000000,66706.73000000,0.26541000
1774771200000,66676.11000000,66762.02000000,66625.61000000,66714.34000000,0.03093000
1774774800000,66685.66000000,66715.60000000,66562.05000000,66632.42000000,0.06791000
1774778400000,66569.70000000,66569.70000000,66430.94000000,66503.80000000,0.06533000
1774782000000,66560.28000000,66953.54000000,66560.28000000,66852.69000000,1.17144000
1774785600000,66848.58000000,66874.22000000,66748.88000000,66874.22000000,0.01656000
1774789200000,66863.52000000,66863.52000000,66534.91000000,66607.95000000,0.30362000
1774792800000,66589.97000000,66750.00000000,66497.98000000,66554.06000000,0.40972000
1774796400000,66722.99000000,66722.99000000,66362.25000000,66555.08000000,0.11131000
1774800000000,66525.49000000,66644.67000000,66452.11000000,66505.59000000,0.25185000
1774803600000,66507.76000000,66541.97000000,66196.15000000,66396.23000000,0.11290000
1774807200000,66407.66000000,66495.43000000,66359.16000000,66437.03000000,0.07445000
1774810800000,66417.32000000,66473.86000000,66323.60000000,66323.60000000,0.13152000
1774814400000,66387.16000000,66750.00000000,66387.16000000,66608.76000000,1.55897000
1774818000000,66663.72000000,66726.42000000,66548.65000000,66726.42000000,0.07006000
1774821600000,66590.50000000,66590.50000000,65019.11000000,65905.36000000,2.20455000
1774825200000,65887.81000000,66360.72000000,65816.45000000,66070.33000000,0.19441000
1774828800000,66059.67000000,67070.19000000,65813.42000000,66337.36000000,0.70836000
1774832400000,66336.96000000,66877.47000000,66330.81000000,66629.34000000,0.51879000
1774836000000,66751.11000000,67491.64000000,66624.50000000,67159.99000000,0.69457000
1774839600000,67137.77000000,67250.00000000,67000.00000000,67163.48000000,1.42116000
1774843200000,67175.90000000,67612.92000000,67175.90000000,67612.92000000,0.16135000
1774846800000,67640.86000000,67812.24000000,67446.98000000,67513.00000000,0.26374000
1774850400000,67519.08000000,67519.08000000,67279.20000000,67319.15000000,0.19320000
1774854000000,67264.80000000,67591.37000000,67262.58000000,67591.37000000,0.08910000
1774857600000,67650.39000000,67925.42000000,67650.39000000,67658.56000000,0.34666000
1774861200000,67639.11000000,67641.19000000,67500.27000000,67500.27000000,0.13675000
1774864800000,67470.48000000,67496.94000000,67375.11000000,67496.94000000,0.07897000
1774868400000,67501.71000000,67954.55000000,67501.71000000,67581.11000000,0.61304000
1774872000000,67697.41000000,67956.81000000,67680.73000000,67870.82000000,0.39544000
1774875600000,67912.76000000,68133.88000000,67493.54000000,67493.54000000,1.58164000
1774879200000,67615.59000000,67852.22000000,67105.24000000,67782.26000000,1.34475000
1774882800000,67886.65000000,67886.65000000,67418.20000000,67619.05000000,0.81540000
1774886400000,67647.25000000,67647.25000000,67250.00000000,67332.56000000,0.31182000
1774890000000,67407.75000000,67460.87000000,66697.19000000,66836.28000000,0.34194000
1774893600000,66847.59000000,66847.59000000,66551.45000000,66551.45000000,1.06834000
1774897200000,66647.62000000,66647.62000000,66276.98000000,66489.00000000,0.30054000
1774900800000,66551.97000000,66680.65000000,66547.75000000,66643.11000000,0.01272000
1774904400000,66662.97000000,66986.04000000,66607.88000000,66781.78000000,0.64076000
1774908000000,66864.23000000,66985.17000000,66716.89000000,66735.73000000,0.11975000
1774911600000,66791.53000000,66794.15000000,66430.94000000,66794.15000000,0.03991000
1774915200000,66794.14000000,67299.81000000,66559.34000000,67171.89000000,0.36098000
1774918800000,67257.25000000,68400.00000000,67077.66000000,68016.63000000,2.05036000
1774922400000,67909.19000000,68081.42000000,67799.56000000,68012.76000000,0.05438000
1774926000000,67927.78000000,68020.69000000,67668.11000000,67732.58000000,0.15611000
1774929600000,67757.01000000,67928.57000000,67522.82000000,67535.07000000,0.54687000
1774933200000,67514.65000000,67745.77000000,67409.07000000,67676.08000000,0.30128000
1774936800000,67679.43000000,67679.43000000,67344.94000000,67517.56000000,0.05509000
1774940400000,67499.36000000,67527.71000000,67101.17000000,67346.38000000,0.18773000
1774944000000,67437.48000000,67437.48000000,66676.97000000,66894.69000000,0.04932000
1774947600000,66700.10000000,66761.36000000,66000.00000000,66116.09000000,0.32302000
1774951200000,66183.38000000,66430.27000000,66183.38000000,66350.20000000,0.30745000
1774954800000,66368.47000000,66847.18000000,66256.03000000,66626.42000000,1.53524000
1774958400000,66741.92000000,66901.36000000,66559.26000000,66719.14000000,0.07809000
1774962000000,66697.88000000,67395.19000000,66697.88000000,67224.43000000,1.43217000
1774965600000,67293.67000000,67780.71000000,66454.39000000,66621.33000000,0.35011000
1774969200000,66671.25000000,67287.56000000,66632.97000000,66724.76000000,0.29335000
1774972800000,66788.64000000,68000.00000000,66788.64000000,67574.13000000,0.61832000
1774976400000,67685.95000000,68578.30000000,67473.01000000,67473.01000000,0.92037000
1774980000000,67574.60000000,67961.01000000,67574.60000000,67778.28000000,0.43545000
1774983600000,67859.95000000,68022.67000000,67761.98000000,67909.59000000,0.25724000
1774987200000,67910.39000000,68256.96000000,67899.00000000,68256.96000000,0.22204000
1774990800000,68258.88000000,68395.70000000,67933.73000000,68276.43000000,1.15539000
1774994400000,68309.39000000,68309.39000000,68022.56000000,68221.86000000,0.34580000
1774998000000,68141.91000000,68372.73000000,68112.90000000,68297.52000000,0.54918000
1775001600000,68245.47000000,68339.28000000,67871.27000000,68322.70000000,0.14721000
1775005200000,68366.65000000,68371.62000000,67766.42000000,67819.44000000,0.26644000
1775008800000,67834.75000000,67925.45000000,67599.08000000,67614.78000000,0.20692000
1775012400000,67729.20000000,68232.76000000,67729.20000000,68126.61000000,0.32008000
1775016000000,68198.92000000,68470.35000000,68054.51000000,68274.35000000,0.08362000
1775019600000,68254.22000000,68737.84000000,68172.51000000,68447.63000000,0.82664000
1775023200000,68462.47000000,69218.99000000,68462.47000000,69188.82000000,0.87417000
1775026800000,69138.36000000,69279.48000000,68680.34000000,68688.95000000,0.53148000
1775030400000,68731.85000000,68808.57000000,68470.65000000,68725.52000000,0.13551000
1775034000000,68689.23000000,68731.89000000,68433.00000000,68527.34000000,1.43803000
1775037600000,68640.00000000,68640.00000000,68486.16000000,68486.16000000,0.14532000
1775041200000,68611.19000000,68690.63000000,68530.84000000,68690.63000000,0.13190000
1775044800000,68680.36000000,68784.56000000,68263.77000000,68361.83000000,1.52541000
1775048400000,68397.16000000,68615.60000000,67954.55000000,68116.84000000,1.66917000
1775052000000,68110.53000000,68680.34000000,68110.53000000,68621.82000000,1.29074000
1775055600000,68657.44000000,68939.44000000,68499.94000000,68933.73000000,0.17569000
1775059200000,68890.18000000,68999.87000000,68631.28000000,68847.38000000,0.25376000
1775062800000,68826.27000000,69147.69000000,68250.26000000,68250.26000000,0.28041000
1775066400000,68210.72000000,68307.99000000,67954.55000000,68048.19000000,0.38772000
1775070000000,68062.98000000,68316.36000000,68042.62000000,68188.42000000,0.07052000
1775073600000,68165.12000000,68249.09000000,68043.19000000,68212.72000000,0.21442000
1775077200000,68196.82000000,68502.00000000,68188.29000000,68409.73000000,0.25673000
1775080800000,68344.14000000,68344.14000000,68071.40000000,68130.41000000,0.29507000
1775084400000,68142.33000000,68253.19000000,68014.67000000,68106.86000000,0.11560000
1775088000000,68114.37000000,68643.48000000,68065.69000000,68605.64000000,0.09568000
1775091600000,68502.24000000,68502.24000000,67095.73000000,67360.61000000,3.93013000
1775095200000,67362.94000000,67477.23000000,66656.90000000,66868.07000000,3.20658000
1775098800000,66859.46000000,67110.81000000,66525.25000000,66590.02000000,9.26835000
1775102400000,66563.75000000,66830.16000000,66258.81000000,66501.35000000,10.14790000
1775106000000,66364.60000000,66816.98000000,66324.62000000,66634.10000000,5.09561000
1775109600000,66641.10000000,66985.72000000,66567.33000000,66693.41000000,6.57904000
1775113200000,66681.00000000,67122.59000000,66571.99000000,66962.40000000,9.61112000
1775116800000,66960.00000000,67036.55000000,66317.25000000,66466.93000000,0.96783000
1775120400000,66469.40000000,66475.00000000,66354.02000000,66458.29000000,0.15059000
1775124000000,66457.33000000,66528.50000000,66250.00000000,66477.16000000,0.09352000
1775127600000,66486.48000000,66506.80000000,66191.40000000,66217.50000000,0.18227000
1775131200000,66201.43000000,66263.98000000,66000.00000000,66059.10000000,0.85779000
1775134800000,66079.60000000,66294.17000000,65722.83000000,66294.17000000,1.70539000
1775138400000,66269.88000000,67025.33000000,66199.46000000,66927.82000000,2.23547000
1775142000000,66826.69000000,66987.16000000,66651.00000000,66789.12000000,0.03751000
1775145600000,66835.86000000,67240.04000000,66835.86000000,67183.30000000,0.27912000
1775149200000,67079.98000000,67395.19000000,66681.04000000,66681.04000000,0.46291000
1775152800000,66697.79000000,67073.65000000,66639.41000000,66988.70000000,0.03428000
1775156400000,67009.61000000,67100.00000000,66892.00000000,66997.36000000,1.49334000
1775160000000,66830.96000000,67100.00000000,66830.96000000,67009.51000000,0.00698000
1775163600000,67025.55000000,67025.56000000,66766.78000000,66907.03000000,0.03144000
1775167200000,66951.09000000,67025.42000000,66852.62000000,67025.42000000,0.02558000
1775170800000,66987.87000000,67099.99000000,66851.04000000,66887.48000000,0.09022000
1775174400000,66960.28000000,67000.11000000,66723.67000000,66783.11000000,3.78421000
1775178000000,66783.11000000,67078.60000000,66526.60000000,66677.25000000,5.56192000
1775181600000,66649.75000000,66908.17000000,66302.08000000,66493.37000000,2.54950000
1775185200000,66553.11000000,66901.35000000,66505.68000000,66639.50000000,3.14172000
1775188800000,66602.42000000,66858.08000000,66524.63000000,66614.29000000,5.69515000
1775192400000,66627.98000000,66967.67000000,66444.14000000,66605.57000000,5.05341000
1775196000000,66622.22000000,66977.09000000,66580.96000000,66813.68000000,4.70016000
1775199600000,66804.59000000,67335.67000000,66776.43000000,67024.43000000,3.50301000
1775203200000,67043.46000000,67262.75000000,66739.77000000,66971.48000000,15.71721000
1775206800000,66945.77000000,66996.09000000,66617.21000000,66856.07000000,16.11855000
1775210400000,66791.12000000,66893.31000000,66667.60000000,66863.96000000,0.10209000
1775214000000,66908.84000000,67038.03000000,66836.30000000,67017.42000000,0.54871000
1775217600000,67029.03000000,67336.72000000,66724.76000000,66783.09000000,0.29123000
1775221200000,66689.66000000,66735.00000000,66540.66000000,66670.38000000,1.85700000
1775224800000,66676.45000000,66980.00000000,66663.03000000,66855.05000000,0.31696000
1775228400000,66920.80000000,67033.34000000,66827.44000000,66863.20000000,0.09368000
1775232000000,66840.39000000,67071.67000000,66840.39000000,67017.38000000,0.28213000
1775235600000,67013.00000000,67075.00000000,66797.57000000,66844.98000000,0.15749000
1775239200000,66861.13000000,66943.22000000,66793.14000000,66836.63000000,0.06105000
1775242800000,66832.18000000,66905.77000000,66779.97000000,66888.18000000,0.13737000
1775246400000,66888.10000000,66925.09000000,66841.96000000,66864.81000000,0.12976000
1775250000000,66859.16000000,66974.93000000,66842.02000000,66974.31000000,0.93574000
1775253600000,66937.41000000,66951.80000000,66844.62000000,66877.01000000,0.05552000
1775257200000,66903.73000000,66959.12000000,66825.26000000,66939.09000000,0.06578000
1775260800000,66951.36000000,66977.54000000,66877.49000000,66894.57000000,0.05420000
1775264400000,66904.51000000,66914.38000000,66668.32000000,66862.10000000,9.25638000
1775268000000,66845.46000000,66932.41000000,66638.02000000,66825.91000000,19.61830000
1775271600000,66847.56000000,66891.69000000,66666.94000000,66827.26000000,18.94491000
1775275200000,66839.78000000,66872.67000000,66625.78000000,66864.67000000,14.54664000
1775278800000,66862.71000000,66935.67000000,66799.60000000,66911.27000000,0.21160000
1775282400000,66931.72000000,67046.55000000,66908.62000000,67022.25000000,0.05056000
1775286000000,67039.36000000,67047.88000000,66951.13000000,67028.56000000,0.09084000
1775289600000,66996.90000000,67048.79000000,66996.90000000,67012.67000000,0.04656000
1775293200000,66981.15000000,67004.66000000,66958.92000000,66972.05000000,0.08774000
1775296800000,66972.05000000,67167.46000000,66946.54000000,67167.46000000,0.11396000
1775300400000,67167.46000000,67201.90000000,67103.67000000,67127.78000000,0.20999000
1775304000000,67179.38000000,67179.38000000,67048.68000000,67100.72000000,0.00761000
1775307600000,67105.75000000,67274.84000000,67083.81000000,67213.86000000,0.02872000
1775311200000,67222.48000000,67226.96000000,67072.46000000,67125.56000000,0.07516000
1775314800000,67217.50000000,67522.82000000,67190.26000000,67311.14000000,0.18345000
1775318400000,67404.75000000,67533.54000000,67326.56000000,67379.28000000,0.04167000
1775322000000,67330.00000000,67423.51000000,67289.51000000,67334.59000000,0.42832000
1775325600000,67345.47000000,67368.03000000,67277.84000000,67308.50000000,0.17837000
1775329200000,67358.57000000,67540.00000000,67314.60000000,67323.84000000,0.14311000
1775332800000,67294.02000000,67300.09000000,67217.39000000,67273.86000000,0.02354000
1775336400000,67294.80000000,67448.36000000,67237.51000000,67360.97000000,0.15622000
1775340000000,67355.44000000,67445.68000000,67355.44000000,67384.03000000,0.07267000
1775343600000,67398.51000000,67398.51000000,67249.09000000,67303.95000000,0.20767000
1775347200000,67306.28000000,67306.28000000,67185.94000000,67238.05000000,0.23511000
1775350800000,67237.95000000,67238.31000000,67069.90000000,67103.47000000,0.21382000
1775354400000,67086.58000000,67181.89000000,66967.61000000,67178.14000000,0.08152000
1775358000000,67178.14000000,67184.22000000,67124.38000000,67132.81000000,0.03472000
1775361600000,67147.68000000,67197.50000000,67063.48000000,67106.75000000,0.34998000
1775365200000,67105.07000000,67143.96000000,66944.78000000,66944.78000000,0.03117000
1775368800000,66938.80000000,66954.41000000,66642.35000000,66841.78000000,0.48738000
1775372400000,66814.27000000,66919.38000000,66729.16000000,66776.90000000,0.13765000
1775376000000,66827.19000000,66949.86000000,66827.19000000,66943.10000000,0.19546000
1775379600000,66976.36000000,67045.92000000,66915.37000000,67041.03000000,0.03454000
1775383200000,67001.17000000,67122.60000000,66970.35000000,67049.68000000,0.01518000
1775386800000,67079.26000000,67097.10000000,67003.65000000,67003.65000000,0.00094000
1775390400000,67001.17000000,67001.17000000,66683.92000000,66795.19000000,0.29042000
1775394000000,66793.03000000,66912.13000000,66711.78000000,66912.13000000,0.01914000
1775397600000,66898.08000000,66968.54000000,66850.39000000,66936.88000000,0.12358000
1775401200000,66926.33000000,67820.38000000,66869.91000000,67266.78000000,1.63664000
1775404800000,67329.06000000,67385.92000000,67207.02000000,67207.02000000,0.10942000
1775408400000,67220.62000000,67406.88000000,67191.35000000,67406.88000000,0.01033000
1775412000000,67329.57000000,67456.85000000,67294.92000000,67400.88000000,0.09564000
1775415600000,67393.07000000,67545.22000000,67321.52000000,67321.52000000,0.21823000
1775419200000,67363.83000000,67666.91000000,67360.30000000,67634.96000000,0.36898000
1775422800000,67633.82000000,67684.12000000,67458.60000000,67619.14000000,0.35368000
1775426400000,67578.58000000,68365.33000000,67363.98000000,68358.30000000,0.98227000
1775430000000,68392.39000000,69123.42000000,68307.65000000,69007.23000000,0.79951000
1775433600000,69047.20000000,69566.45000000,69047.20000000,69098.11000000,2.98331000
1775437200000,69125.53000000,69126.92000000,68785.58000000,68839.06000000,5.54955000
1775440800000,68839.83000000,69573.27000000,68839.83000000,69242.90000000,3.78428000
1775444400000,69223.17000000,69448.15000000,69078.85000000,69100.40000000,6.66425000
1775448000000,69182.20000000,69390.14000000,68994.84000000,69142.84000000,10.71455000
1775451600000,69212.21000000,69428.45000000,69097.16000000,69208.53000000,9.28415000
1775455200000,69224.68000000,69448.98000000,68834.00000000,68981.63000000,6.80824000
1775458800000,69013.80000000,69358.77000000,68842.20000000,69129.37000000,10.29934000
1775462400000,69170.60000000,69432.65000000,69088.55000000,69264.77000000,1.75074000
1775466000000,69237.33000000,70358.65000000,69234.10000000,69748.01000000,7.44858000
1775469600000,69805.10000000,70113.61000000,69711.17000000,69956.63000000,6.12201000
1775473200000,69768.07000000,69930.69000000,69543.00000000,69624.23000000,9.44955000
1775476800000,69629.64000000,69793.42000000,69339.87000000,69377.38000000,6.03298000
1775480400000,69417.70000000,69719.52000000,69257.32000000,69385.69000000,6.64674000
1775484000000,69422.60000000,69905.44000000,69211.05000000,69671.50000000,6.25399000
1775487600000,69640.11000000,70150.10000000,69593.69000000,69990.90000000,4.41450000
1775491200000,69995.82000000,70358.47000000,69820.00000000,69820.00000000,5.53137000
1775494800000,69825.03000000,69982.23000000,69303.91000000,69554.08000000,6.25045000
1775498400000,69605.21000000,70072.65000000,69518.15000000,69900.95000000,0.97021000
1775502000000,69909.89000000,70026.94000000,69604.64000000,69753.41000000,3.81431000
1775505600000,69707.50000000,70127.09000000,69614.22000000,69827.79000000,3.16180000
1775509200000,69835.72000000,69988.62000000,69459.45000000,69511.68000000,5.07936000
1775512800000,69515.39000000,69734.00000000,68818.21000000,68837.90000000,5.14261000
1775516400000,68816.59000000,68897.05000000,68332.71000000,68878.64000000,0.85272000
1775520000000,68828.55000000,69115.66000000,68742.03000000,68814.11000000,0.29118000
1775523600000,68692.64000000,69050.49000000,68378.87000000,68418.47000000,3.62595000
1775527200000,68437.55000000,68885.08000000,68303.50000000,68708.20000000,2.91049000
1775530800000,68698.20000000,69000.77000000,68643.00000000,68829.30000000,5.85695000
1775534400000,68829.30000000,68916.67000000,68583.33000000,68889.59000000,0.26360000
1775538000000,68841.70000000,68848.65000000,68629.98000000,68696.79000000,0.03561000
1775541600000,68633.51000000,68683.40000000,68470.65000000,68586.32000000,0.31383000
1775545200000,68585.60000000,68695.05000000,68516.51000000,68658.30000000,0.06877000
1775548800000,68644.90000000,69027.28000000,68632.95000000,68964.39000000,0.12607000
1775552400000,68971.50000000,69230.33000000,68951.77000000,69131.41000000,0.13610000
1775556000000,69119.00000000,69119.00000000,68215.11000000,68225.88000000,0.48923000
1775559600000,68227.80000000,68444.40000000,68088.52000000,68349.02000000,0.20921000
1775563200000,68350.15000000,68593.44000000,68167.32000000,68398.22000000,0.31671000
1775566800000,68407.69000000,68641.12000000,68239.30000000,68274.12000000,0.61829000
1775570400000,68234.04000000,68234.04000000,67776.82000000,67865.78000000,0.49316000
1775574000000,67861.62000000,68249.38000000,67755.50000000,68249.38000000,0.64700000
1775577600000,68172.33000000,68429.16000000,68095.09000000,68226.34000000,0.75485000
1775581200000,68258.47000000,68982.93000000,68200.26000000,68726.14000000,0.19249000
1775584800000,68711.07000000,68767.55000000,68385.07000000,68459.36000000,0.13402000
1775588400000,68414.65000000,69076.57000000,68361.54000000,69010.81000000,0.11047000
1775592000000,69035.82000000,69535.74000000,69035.82000000,69315.79000000,0.35191000
1775595600000,69326.08000000,70203.42000000,69326.08000000,69961.51000000,1.32265000
1775599200000,69938.89000000,71511.48000000,69938.89000000,71496.36000000,7.92533000
1775602800000,71511.47000000,72745.83000000,71202.15000000,71964.45000000,4.16686000
1775606400000,71956.27000000,72150.37000000,71549.85000000,71694.79000000,1.61961000
1775610000000,71712.81000000,71766.24000000,71301.91000000,71471.94000000,2.27162000
1775613600000,71498.03000000,71732.09000000,71276.19000000,71334.36000000,0.59863000
1775617200000,71374.92000000,71449.04000000,71281.52000000,71290.52000000,0.30193000
1775620800000,71311.00000000,71668.27000000,71311.00000000,71642.82000000,0.10092000
1775624400000,71598.52000000,71825.79000000,71573.87000000,71740.65000000,0.51030000
1775628000000,71721.68000000,71951.84000000,71595.26000000,71732.49000000,0.04510000
1775631600000,71716.42000000,71853.78000000,71617.65000000,71624.46000000,0.21130000
1775635200000,71654.27000000,71806.45000000,71654.27000000,71730.74000000,0.16232000
1775638800000,71841.64000000,71919.87000000,71633.78000000,71633.78000000,0.12128000
1775642400000,71714.60000000,71791.53000000,71486.30000000,71508.34000000,0.09324000
1775646000000,71570.45000000,71739.37000000,71510.28000000,71697.02000000,5.93110000
1775649600000,71729.83000000,72135.01000000,71629.99000000,72113.89000000,0.19110000
1775653200000,72106.74000000,72845.48000000,71533.69000000,71533.69000000,2.74534000
1775656800000,71626.59000000,71723.96000000,70723.97000000,70886.46000000,0.81556000
1775660400000,70904.59000000,71347.95000000,70851.22000000,71347.95000000,0.31742000
1775664000000,71305.01000000,71658.61000000,71214.60000000,71619.87000000,0.29920000
1775667600000,71636.17000000,71979.14000000,71500.73000000,71863.93000000,0.74362000
1775671200000,71839.11000000,71889.39000000,71056.92000000,71094.64000000,0.22680000
1775674800000,71046.53000000,71367.24000000,71007.69000000,71318.77000000,0.14424000
1775678400000,71353.09000000,71472.95000000,71283.00000000,71383.88000000,3.00510000
1775682000000,71372.08000000,71741.97000000,71333.80000000,71554.53000000,0.57560000
1775685600000,71535.23000000,71538.82000000,71100.34000000,71182.84000000,4.67171000
1775689200000,70997.23000000,71188.79000000,70922.10000000,71078.16000000,0.18557000
1775692800000,71028.70000000,71113.05000000,70671.29000000,70855.44000000,0.15557000
1775696400000,70873.85000000,70929.36000000,70491.91000000,70929.36000000,0.26466000
1775700000000,70972.87000000,71153.37000000,70836.81000000,71079.65000000,0.25748000
1775703600000,71060.29000000,71087.50000000,70880.59000000,71030.25000000,0.43948000
1775707200000,70999.88000000,71012.28000000,70769.52000000,70785.76000000,0.22246000
1775710800000,70766.51000000,71057.75000000,70715.06000000,70986.88000000,0.02995000
1775714400000,71017.72000000,71090.49000000,70868.69000000,70978.10000000,0.03026000
1775718000000,71040.44000000,71108.65000000,71000.50000000,71005.00000000,0.20732000
1775721600000,71010.94000000,71375.83000000,70900.45000000,71299.17000000,0.10740000
1775725200000,71163.83000000,71549.85000000,71150.96000000,71549.85000000,0.17618000
1775728800000,71537.45000000,71537.45000000,71291.44000000,71291.44000000,0.16422000
1775732400000,71329.08000000,71329.08000000,71064.69000000,71198.92000000,1.11114000
1775736000000,71197.09000000,71320.53000000,71101.34000000,71320.53000000,0.17876000
1775739600000,71306.10000000,71334.21000000,70673.36000000,70818.70000000,0.34271000
1775743200000,70802.85000000,71233.88000000,70550.00000000,71111.74000000,0.09088000
1775746800000,71143.45000000,72343.06000000,70963.61000000,72128.51000000,11.12174000
1775750400000,72291.83000000,72400.00000000,71743.75000000,72063.09000000,5.76250000
1775754000000,72091.03000000,72538.94000000,72091.03000000,72327.63000000,0.84022000
1775757600000,72315.06000000,72315.06000000,71763.32000000,71895.99000000,0.60908000
1775761200000,71858.70000000,72267.12000000,71812.83000000,72075.97000000,0.30517000
1775764800000,72144.64000000,72415.93000000,71995.97000000,72390.81000000,0.20141000
1775768400000,72384.25000000,72714.35000000,72164.14000000,72252.17000000,0.68887000
1775772000000,72286.51000000,73131.98000000,71979.15000000,71979.15000000,1.14879000
1775775600000,71953.81000000,72010.25000000,71610.60000000,71831.70000000,0.33575000
1775779200000,71795.56000000,72008.04000000,71645.47000000,71887.72000000,0.35312000
1775782800000,71953.85000000,72395.55000000,71665.73000000,72190.69000000,0.51694000
1775786400000,72151.42000000,72293.01000000,71944.14000000,71967.85000000,0.10312000
1775790000000,71949.39000000,72009.77000000,71846.29000000,71846.29000000,0.14602000
1775793600000,71915.79000000,72180.00000000,71831.14000000,72104.47000000,0.32625000
1775797200000,72132.90000000,72229.45000000,72031.33000000,72090.59000000,0.03740000
1775800800000,72114.28000000,72175.59000000,71811.63000000,71811.63000000,0.05132000
1775804400000,71811.61000000,71843.27000000,71451.38000000,71451.38000000,0.04277000
1775808000000,71455.37000000,71712.93000000,71455.37000000,71537.67000000,0.20342000
1775811600000,71664.65000000,71859.38000000,71664.65000000,71752.79000000,0.03498000
1775815200000,71750.84000000,71922.12000000,71715.46000000,71922.12000000,0.12704000
1775818800000,71921.07000000,72249.28000000,71907.93000000,72160.00000000,3.34403000
1775822400000,72131.23000000,72438.23000000,72022.70000000,72267.60000000,0.24687000
1775826000000,72245.55000000,72355.56000000,71930.35000000,72341.28000000,1.52025000
1775829600000,72302.30000000,73144.47000000,72302.30000000,72882.47000000,11.90537000
1775833200000,72890.40000000,73299.92000000,72375.65000000,72375.65000000,0.70032000
1775836800000,72448.22000000,73040.16000000,72448.22000000,72978.01000000,0.26458000
1775840400000,72942.11000000,73136.34000000,72820.11000000,73099.88000000,0.43776000
1775844000000,73109.52000000,73153.49000000,72930.07000000,73101.24000000,0.45089000
1775847600000,73134.59000000,73236.91000000,72900.00000000,73134.56000000,2.98353000
1775851200000,73225.23000000,73444.64000000,73079.74000000,73352.15000000,0.57005000
1775854800000,73348.79000000,73348.79000000,72900.00000000,73177.37000000,1.88579000
1775858400000,73187.23000000,73229.13000000,72748.19000000,72902.46000000,0.25113000
1775862000000,72871.22000000,72972.72000000,72796.02000000,72959.51000000,1.47840000
1775865600000,72914.22000000,72921.81000000,72795.03000000,72842.09000000,1.35571000
1775869200000,72835.64000000,73017.20000000,72684.59000000,72940.88000000,0.38635000
1775872800000,72980.17000000,73099.70000000,72922.30000000,72942.91000000,0.15680000
1775876400000,72993.22000000,73083.60000000,72853.31000000,72853.31000000,0.21445000
1775880000000,72845.70000000,72960.81000000,72709.16000000,72825.38000000,0.16328000
1775883600000,72823.11000000,72841.78000000,72771.75000000,72813.47000000,0.12057000
1775887200000,72735.75000000,72752.64000000,72632.63000000,72718.58000000,0.21941000
1775890800000,72779.53000000,72807.07000000,72676.11000000,72708.28000000,0.13032000
1775894400000,72735.27000000,72796.99000000,72661.36000000,72661.36000000,0.01567000
1775898000000,72657.57000000,72910.29000000,72647.15000000,72910.29000000,0.38523000
1775901600000,72918.83000000,72918.83000000,72777.78000000,72777.78000000,0.01142000
1775905200000,72828.02000000,72893.28000000,72812.07000000,72882.60000000,0.03586000
1775908800000,72919.01000000,72937.73000000,72855.49000000,72918.51000000,0.01290000
1775912400000,72880.62000000,72880.62000000,72533.90000000,72683.56000000,0.37016000
1775916000000,72628.75000000,72736.34000000,72628.75000000,72736.34000000,0.04096000
1775919600000,72720.55000000,72845.24000000,72672.67000000,72822.43000000,0.14422000
1775923200000,72847.56000000,73199.88000000,72838.24000000,73102.41000000,0.20607000
1775926800000,73027.03000000,73177.10000000,72960.25000000,73088.88000000,0.09491000
1775930400000,73073.93000000,73700.00000000,73051.51000000,73530.53000000,1.38376000
1775934000000,73606.34000000,73799.95000000,73506.54000000,73682.09000000,0.58570000
1775937600000,73686.49000000,73693.12000000,73240.51000000,73296.43000000,0.04133000
1775941200000,73312.83000000,73529.33000000,73286.47000000,73464.83000000,0.19116000
1775944800000,73399.71000000,73575.86000000,73285.60000000,73376.40000000,0.26138000
1775948400000,73340.62000000,73350.88000000,72942.28000000,73052.08000000,1.80043000
1775952000000,73026.13000000,73115.76000000,72800.02000000,73087.30000000,0.16815000
1775955600000,73096.62000000,73143.07000000,71317.23000000,71688.66000000,1.30072000
1775959200000,71630.27000000,71921.40000000,71397.79000000,71803.77000000,0.64372000
1775962800000,71854.40000000,71854.41000000,71600.00000000,71651.75000000,1.28325000
1775966400000,71602.52000000,71675.60000000,71443.28000000,71469.22000000,1.33277000
1775970000000,71469.22000000,71745.11000000,71458.10000000,71723.30000000,0.21677000
1775973600000,71714.63000000,71761.60000000,71654.67000000,71672.34000000,0.13170000
1775977200000,71646.09000000,71713.28000000,71579.43000000,71685.05000000,0.04384000
1775980800000,71714.20000000,71721.53000000,71545.89000000,71620.13000000,0.13035000
1775984400000,71620.13000000,71634.23000000,71501.20000000,71553.49000000,0.06210000
1775988000000,71522.53000000,71661.93000000,71470.00000000,71470.00000000,0.03727000
1775991600000,71432.80000000,71550.67000000,71430.98000000,71480.69000000,0.03645000
1775995200000,71455.47000000,71461.44000000,71101.52000000,71126.89000000,0.41465000
1775998800000,71058.65000000,71143.23000000,70893.02000000,70928.14000000,0.40915000
1776002400000,70882.24000000,71055.46000000,70714.29000000,70740.37000000,0.19402000
1776006000000,70770.78000000,70912.66000000,70615.56000000,70902.71000000,0.09607000
1776009600000,70872.69000000,70950.00000000,70830.71000000,70939.92000000,0.28900000
1776013200000,70932.39000000,71191.42000000,70932.39000000,71116.83000000,0.57780000
1776016800000,71114.63000000,71200.00000000,71063.04000000,71125.83000000,0.14332000
1776020400000,71142.23000000,71217.92000000,71079.23000000,71113.74000000,0.10173000
1776024000000,71064.16000000,71428.55000000,70958.38000000,71368.35000000,0.37449000
1776027600000,71354.07000000,71436.90000000,71195.62000000,71332.65000000,0.02381000
1776031200000,71360.35000000,71360.35000000,70537.99000000,70845.76000000,0.44494000
1776034800000,70903.63000000,70903.63000000,70590.75000000,70726.65000000,0.07149000
1776038400000,70693.47000000,71235.41000000,70625.21000000,71157.95000000,1.61355000
1776042000000,71164.46000000,71219.59000000,70985.51000000,71200.55000000,0.16975000
1776045600000,71232.57000000,71268.37000000,71012.11000000,71044.83000000,0.03702000
1776049200000,71057.86000000,71164.23000000,70912.34000000,70991.06000000,0.08786000
1776052800000,71000.79000000,71141.26000000,70867.29000000,70953.80000000,0.09530000
1776056400000,70891.56000000,70920.66000000,70698.91000000,70862.42000000,0.06175000
1776060000000,70928.70000000,71119.96000000,70928.70000000,71061.81000000,0.14845000
1776063600000,71045.76000000,71045.76000000,70698.91000000,70830.61000000,0.01814000
1776067200000,70846.09000000,70846.09000000,70534.21000000,70763.46000000,0.60355000
1776070800000,70746.96000000,70861.39000000,70699.36000000,70812.56000000,0.04365000
1776074400000,70723.30000000,70841.49000000,70709.54000000,70709.54000000,0.01902000
1776078000000,70765.56000000,70982.32000000,70765.56000000,70930.03000000,0.03737000
1776081600000,70915.69000000,71181.57000000,70761.74000000,71181.57000000,0.70788000
1776085200000,71089.63000000,71753.50000000,70832.50000000,71675.58000000,1.58965000
1776088800000,71687.59000000,72392.01000000,71479.80000000,72392.01000000,11.39503000
1776092400000,72392.01000000,72468.19000000,71651.28000000,71859.49000000,0.64280000
1776096000000,71869.36000000,72422.99000000,71716.14000000,72210.22000000,1.46644000
1776099600000,72233.47000000,72609.19000000,72105.39000000,72105.39000000,2.08918000
1776103200000,72154.93000000,72448.26000000,72070.77000000,72425.18000000,2.78089000
1776106800000,72389.45000000,73469.09000000,72315.13000000,73340.07000000,11.53492000
1776110400000,73305.42000000,73360.05000000,73031.33000000,73173.99000000,0.41856000
1776114000000,73159.06000000,73331.66000000,73086.10000000,73220.37000000,2.51941000
1776117600000,73263.23000000,74701.84000000,73246.01000000,74674.23000000,5.10657000
1776121200000,74615.63000000,74892.00000000,74464.73000000,74496.70000000,2.61730000
1776124800000,74421.25000000,74519.79000000,74123.44000000,74144.67000000,5.27077000
1776128400000,74178.70000000,74377.65000000,74012.65000000,74352.64000000,0.52296000
1776132000000,74356.30000000,74546.40000000,74298.90000000,74324.39000000,0.57506000
1776135600000,74314.71000000,74454.99000000,74276.55000000,74448.88000000,0.25421000
1776139200000,74400.60000000,74505.21000000,74335.50000000,74358.54000000,0.03539000
1776142800000,74377.63000000,74428.55000000,74188.36000000,74217.97000000,0.14360000
1776146400000,74253.55000000,74532.52000000,74253.55000000,74532.52000000,0.03060000
1776150000000,74517.95000000,74900.00000000,74427.62000000,74530.38000000,0.84003000
1776153600000,74542.61000000,74891.72000000,74483.00000000,74661.00000000,0.40932000
1776157200000,74747.59000000,74825.98000000,74450.00000000,74533.09000000,0.31884000
1776160800000,74507.51000000,74587.37000000,74351.41000000,74419.33000000,0.35792000
1776164400000,74315.10000000,74450.88000000,74307.11000000,74395.36000000,0.13547000
1776168000000,74374.81000000,74456.85000000,74297.09000000,74456.85000000,1.48970000
1776171600000,74509.36000000,75555.83000000,74508.90000000,75555.83000000,6.85702000
1776175200000,75550.43000000,76039.16000000,75057.20000000,75057.20000000,0.69925000
1776178800000,74966.50000000,75427.95000000,74594.99000000,75324.43000000,1.40695000
1776182400000,75331.57000000,75705.74000000,74514.30000000,74585.69000000,0.95283000
1776186000000,74663.90000000,74865.34000000,74278.77000000,74759.55000000,0.55448000
1776189600000,74769.00000000,74822.57000000,73847.99000000,74106.17000000,10.23672000
1776193200000,74088.02000000,74388.83000000,73945.38000000,74210.86000000,1.40139000
1776196800000,74253.30000000,74416.34000000,74026.89000000,74026.89000000,0.36073000
1776200400000,74113.57000000,74285.66000000,73968.14000000,74285.66000000,0.48596000
1776204000000,74232.49000000,74373.25000000,73847.99000000,74061.28000000,0.72053000
1776207600000,74038.39000000,74228.25000000,74038.39000000,74158.73000000,0.53419000
1776211200000,74151.75000000,74689.14000000,74136.87000000,74577.76000000,0.86376000
1776214800000,74564.03000000,74769.01000000,74496.81000000,74620.50000000,0.30376000
1776218400000,74633.31000000,74647.91000000,74184.72000000,74356.31000000,0.76356000
1776222000000,74333.99000000,74373.81000000,74214.20000000,74354.48000000,0.10793000
1776225600000,74321.77000000,74436.89000000,74284.01000000,74361.11000000,0.32956000
1776229200000,74384.32000000,74421.62000000,73893.17000000,74035.52000000,0.67834000
1776232800000,74017.58000000,74025.25000000,73855.24000000,73870.60000000,0.16690000
1776236400000,73926.89000000,74022.05000000,73550.50000000,73776.00000000,0.97473000
1776240000000,73720.28000000,74166.67000000,73720.28000000,74166.67000000,0.13285000
1776243600000,74118.94000000,74173.13000000,73931.47000000,73945.51000000,0.06079000
1776247200000,74006.54000000,74239.34000000,73816.57000000,73943.31000000,1.34646000
1776250800000,73923.57000000,74198.72000000,73897.49000000,74183.68000000,0.80443000
1776254400000,74172.29000000,74461.11000000,74070.80000000,74300.49000000,1.70788000
1776258000000,74287.64000000,74427.22000000,73833.33000000,74112.64000000,0.93694000
1776261600000,74060.50000000,74500.00000000,73873.99000000,74165.11000000,1.02658000
1776265200000,74155.14000000,74304.74000000,73604.14000000,73848.40000000,0.68955000
1776268800000,73791.91000000,74166.67000000,73791.91000000,73954.70000000,2.69458000
1776272400000,73962.86000000,74195.56000000,73924.42000000,74146.32000000,0.39954000
1776276000000,74108.05000000,74393.62000000,74107.83000000,74393.62000000,1.81411000
1776279600000,74387.40000000,75263.91000000,74386.61000000,75000.00000000,3.18277000
1776283200000,75042.38000000,75042.38000000,74558.20000000,74839.50000000,2.28457000
1776286800000,74851.75000000,74851.75000000,74562.23000000,74738.48000000,0.13799000
1776290400000,74748.80000000,75400.00000000,74748.80000000,74971.12000000,1.72182000
1776294000000,74894.53000000,74931.96000000,74598.64000000,74806.49000000,0.65338000
1776297600000,74821.00000000,74861.21000000,74488.12000000,74812.93000000,0.34943000
1776301200000,74774.99000000,74774.99000000,74476.20000000,74637.57000000,0.26650000
1776304800000,74668.25000000,75254.27000000,74668.25000000,74918.89000000,0.42625000
1776308400000,74891.08000000,75101.44000000,74649.99000000,74876.92000000,10.31289000
1776312000000,74851.90000000,75154.60000000,74698.40000000,74916.30000000,0.69071000
1776315600000,74940.68000000,75122.67000000,74889.30000000,75066.56000000,0.24826000
1776319200000,75096.89000000,75096.89000000,74829.00000000,75005.70000000,0.18731000
1776322800000,75063.13000000,75089.52000000,74635.90000000,74676.70000000,1.07705000
1776326400000,74736.40000000,74736.40000000,74514.33000000,74691.47000000,0.36636000
1776330000000,74655.72000000,74869.44000000,74596.92000000,74596.92000000,0.07169000
1776333600000,74610.46000000,74610.46000000,74285.71000000,74318.34000000,0.37147000
1776337200000,74325.06000000,74559.58000000,74269.80000000,74559.58000000,2.31231000
1776340800000,74578.77000000,74833.33000000,74572.00000000,74608.23000000,1.20762000
1776344400000,74586.88000000,75000.00000000,73322.57000000,73786.10000000,1.40747000
1776348000000,73805.99000000,74166.67000000,73450.00000000,73869.60000000,0.75614000
1776351600000,73975.54000000,74890.15000000,73925.80000000,74731.95000000,1.73731000
1776355200000,74711.50000000,74943.76000000,74082.52000000,74197.40000000,1.92842000
1776358800000,74188.81000000,74416.34000000,73931.77000000,74185.25000000,0.51720000
1776362400000,74407.45000000,75064.74000000,74252.82000000,74993.75000000,0.52035000
1776366000000,75071.14000000,75401.00000000,74766.03000000,75398.41000000,3.18311000
1776369600000,75397.87000000,75507.54000000,75028.62000000,75214.22000000,1.68040000
1776373200000,75238.28000000,75283.57000000,74833.33000000,74934.97000000,0.31672000
1776376800000,75006.54000000,75114.40000000,74872.88000000,74872.88000000,1.37840000
1776380400000,74851.04000000,75162.50000000,74831.50000000,75099.58000000,0.33107000
1776384000000,75122.22000000,75150.10000000,74864.70000000,74935.80000000,0.67286000
1776387600000,74944.76000000,75021.45000000,74577.61000000,74737.44000000,0.44971000
1776391200000,74721.40000000,74792.92000000,74573.63000000,74706.54000000,0.12435000
1776394800000,74703.28000000,74809.99000000,74585.70000000,74629.44000000,0.07475000
1776398400000,74642.16000000,74834.10000000,74634.62000000,74757.48000000,0.12155000
1776402000000,74806.29000000,74811.20000000,74568.28000000,74651.91000000,0.24675000
1776405600000,74636.11000000,74922.90000000,74616.91000000,74922.90000000,0.06330000
1776409200000,74949.56000000,75094.36000000,74949.56000000,75033.69000000,0.26578000
1776412800000,75046.60000000,75867.73000000,75046.60000000,75779.71000000,0.38785000
1776416400000,75762.10000000,76360.05000000,75518.57000000,75775.61000000,2.07638000
1776420000000,75746.00000000,75830.10000000,75064.74000000,75254.19000000,3.17833000
1776423600000,75249.60000000,75578.98000000,75249.30000000,75578.98000000,1.26046000
1776427200000,75590.08000000,76242.54000000,75590.08000000,76234.30000000,2.13224000
1776430800000,76232.24000000,77401.14000000,76100.89000000,77401.14000000,16.96850000
1776434400000,77391.91000000,78042.87000000,77029.17000000,77973.75000000,6.63980000
1776438000000,77853.47000000,77974.32000000,77478.29000000,77782.40000000,1.28713000
1776441600000,77743.54000000,78304.82000000,77743.54000000,77836.75000000,1.57296000
1776445200000,77812.11000000,77908.33000000,77142.86000000,77516.41000000,1.36973000
1776448800000,77527.79000000,77527.79000000,77061.43000000,77154.13000000,0.78451000
1776452400000,77185.29000000,77446.86000000,77029.17000000,77410.64000000,0.45589000
1776456000000,77449.05000000,77590.00000000,77194.99000000,77355.66000000,0.34193000
1776459600000,77348.88000000,77485.51000000,77289.90000000,77443.97000000,1.51862000
1776463200000,77420.23000000,77522.63000000,77250.00000000,77291.24000000,0.82324000
1776466800000,77305.37000000,77306.39000000,76921.16000000,77097.65000000,0.22136000
1776470400000,77054.77000000,77244.45000000,77003.51000000,77169.65000000,0.29242000
1776474000000,77190.16000000,77342.40000000,77125.13000000,77226.93000000,0.22982000
1776477600000,77146.19000000,77381.47000000,77146.19000000,77301.03000000,0.08303000
1776481200000,77298.08000000,77298.08000000,76985.12000000,76999.47000000,1.26822000
1776484800000,76994.39000000,77170.25000000,76897.67000000,77170.25000000,0.29260000
1776488400000,77162.67000000,77251.62000000,77116.42000000,77132.29000000,0.16818000
1776492000000,77141.42000000,77225.05000000,77075.70000000,77116.29000000,0.06319000
1776495600000,77118.83000000,77142.56000000,76903.97000000,76903.97000000,0.94213000
1776499200000,77006.29000000,77037.84000000,76538.06000000,76754.51000000,0.17827000
1776502800000,76593.22000000,76670.10000000,76460.05000000,76618.40000000,0.12141000
1776506400000,76492.80000000,76492.80000000,76166.16000000,76168.41000000,0.16549000
1776510000000,76199.28000000,76199.28000000,75789.68000000,76062.32000000,0.92028000
1776513600000,76058.52000000,76273.99000000,76058.52000000,76235.83000000,0.15223000
1776517200000,76203.96000000,76210.91000000,75894.52000000,76145.16000000,0.07699000
1776520800000,76153.66000000,76298.74000000,76095.96000000,76228.90000000,0.15114000
1776524400000,76229.84000000,76347.63000000,76027.71000000,76196.72000000,0.14279000
1776528000000,76128.95000000,76225.23000000,75714.29000000,75894.08000000,0.34857000
1776531600000,75912.39000000,75946.03000000,75826.05000000,75883.92000000,0.23995000
1776535200000,75749.72000000,75857.49000000,75437.68000000,75623.32000000,1.02115000
1776538800000,75649.71000000,75795.88000000,75597.81000000,75657.64000000,0.05504000
1776542400000,75624.00000000,75776.65000000,75624.00000000,75735.75000000,0.17363000
1776546000000,75798.77000000,75831.00000000,75697.86000000,75754.78000000,0.09147000
1776549600000,75809.52000000,75862.63000000,75623.66000000,75824.03000000,0.47647000
1776553200000,75825.80000000,75866.93000000,75714.23000000,75714.23000000,0.12810000
1776556800000,75752.54000000,75826.91000000,75578.40000000,75663.99000000,0.02790000
1776560400000,75796.70000000,75796.70000000,75500.00000000,75626.95000000,0.20651000
1776564000000,75620.37000000,75692.00000000,75419.25000000,75592.63000000,0.07725000
1776567600000,75497.21000000,75625.72000000,75375.80000000,75600.01000000,0.11912000
1776571200000,75577.07000000,75767.21000000,75523.01000000,75677.25000000,0.08327000
1776574800000,75688.59000000,75691.49000000,75550.38000000,75603.69000000,0.09693000
1776578400000,75489.66000000,75489.66000000,75360.03000000,75396.84000000,0.13895000
1776582000000,75410.54000000,75410.54000000,74958.56000000,75171.71000000,0.06100000
1776585600000,75200.00000000,75274.42000000,75195.48000000,75274.42000000,0.03084000
1776589200000,75244.95000000,75244.95000000,74956.98000000,74956.98000000,0.10817000
1776592800000,75094.31000000,75115.98000000,75006.52000000,75062.84000000,0.02930000
1776596400000,75213.17000000,75587.02000000,75213.17000000,75587.02000000,0.49658000
1776600000000,75624.07000000,75673.96000000,75488.09000000,75507.48000000,0.09142000
1776603600000,75629.20000000,76197.96000000,75629.20000000,75885.58000000,0.42144000
1776607200000,75990.94000000,76146.89000000,75707.54000000,76081.82000000,0.57773000
1776610800000,76038.26000000,76159.02000000,75427.95000000,75711.81000000,0.08030000
1776614400000,75859.21000000,75859.21000000,75375.80000000,75379.65000000,0.04866000
1776618000000,75327.19000000,75330.89000000,74668.47000000,74805.84000000,0.23064000
1776621600000,74797.11000000,74891.76000000,74671.60000000,74789.58000000,0.26097000
1776625200000,74962.54000000,75025.92000000,74923.16000000,74971.03000000,0.09684000
1776628800000,74848.55000000,74874.32000000,74488.12000000,74641.48000000,0.31941000
1776632400000,74692.65000000,74789.44000000,74405.00000000,74438.95000000,0.30949000
1776636000000,74408.09000000,74408.09000000,73772.07000000,74054.25000000,1.04080000
1776639600000,74042.92000000,74042.92000000,73756.70000000,73793.74000000,0.40603000
1776643200000,73756.70000000,74364.04000000,73740.31000000,74289.56000000,1.89084000
1776646800000,74300.90000000,74731.34000000,74215.18000000,74603.29000000,0.34124000
1776650400000,74554.97000000,74564.42000000,74312.22000000,74437.10000000,0.43641000
1776654000000,74421.01000000,74656.55000000,74382.43000000,74648.68000000,0.80198000
1776657600000,74644.57000000,74644.57000000,74462.74000000,74538.30000000,0.12760000
1776661200000,74575.64000000,74575.64000000,74115.74000000,74304.13000000,0.10607000
1776664800000,74291.56000000,74880.64000000,74291.56000000,74741.36000000,0.04428000
1776668400000,74847.87000000,75555.84000000,74666.95000000,74818.98000000,0.95259000
1776672000000,74834.20000000,74963.34000000,74698.66000000,74700.00000000,0.18193000
1776675600000,74852.00000000,75184.77000000,74852.00000000,75061.76000000,0.02020000
1776679200000,75073.43000000,75401.45000000,75073.43000000,75160.14000000,0.78002000
1776682800000,75004.89000000,75274.95000000,75004.89000000,75155.48000000,0.10134000
1776686400000,75188.27000000,75624.07000000,75074.28000000,75262.67000000,1.74458000
1776690000000,75274.51000000,75413.37000000,74891.88000000,75230.50000000,1.73332000
1776693600000,75228.77000000,75719.28000000,74938.71000000,75035.09000000,1.32215000
1776697200000,75077.19000000,75756.10000000,74737.65000000,75696.79000000,0.27436000
1776700800000,75703.86000000,75703.86000000,75311.39000000,75322.40000000,0.13367000
1776704400000,75339.25000000,75984.26000000,75316.71000000,75911.04000000,0.80024000
1776708000000,75955.36000000,76472.97000000,75930.98000000,76456.53000000,0.51487000
1776711600000,76399.52000000,76491.44000000,76169.42000000,76325.00000000,0.23432000
1776715200000,76226.83000000,76538.06000000,76150.00000000,76294.13000000,0.31732000
1776718800000,76295.41000000,76373.58000000,75809.00000000,75985.54000000,0.31981000
1776722400000,75981.92000000,76142.16000000,75912.67000000,75967.97000000,0.07965000
1776726000000,75948.15000000,75948.15000000,75636.11000000,75853.48000000,0.09127000
1776729600000,75844.93000000,76094.69000000,75722.13000000,76094.69000000,0.35415000
1776733200000,76058.90000000,76268.81000000,75870.86000000,75888.18000000,0.04837000
1776736800000,75823.99000000,75823.99000000,75555.84000000,75604.19000000,0.26708000
1776740400000,75565.56000000,75703.54000000,75500.00000000,75692.36000000,0.13456000
1776744000000,75711.93000000,75808.20000000,75609.45000000,75808.20000000,0.41148000
1776747600000,75813.69000000,75976.69000000,75785.66000000,75824.91000000,0.01362000
1776751200000,75784.47000000,76132.20000000,75706.54000000,76022.38000000,0.02931000
1776754800000,75957.01000000,76291.38000000,75889.79000000,76102.27000000,0.19418000
1776758400000,76138.27000000,76925.97000000,76104.39000000,76467.17000000,1.44269000
1776762000000,76498.39000000,76565.91000000,76188.70000000,76390.24000000,0.39578000
1776765600000,76403.29000000,76884.33000000,76399.41000000,76752.92000000,1.66624000
1776769200000,76746.79000000,76746.79000000,76253.94000000,76488.59000000,0.38182000
1776772800000,76476.69000000,76518.79000000,75718.61000000,76028.57000000,0.43449000
1776776400000,76033.97000000,76172.00000000,75732.52000000,75934.82000000,0.74231000
1776780000000,75917.44000000,76592.57000000,75624.08000000,75778.82000000,0.80890000
1776783600000,75721.10000000,75960.58000000,75468.37000000,75721.17000000,0.24463000
1776787200000,75850.94000000,76176.45000000,75732.84000000,75732.84000000,0.07154000
1776790800000,75778.42000000,75884.77000000,75071.17000000,75553.39000000,0.77628000
1776794400000,75511.06000000,75647.49000000,75294.77000000,75590.72000000,0.24537000
1776798000000,75614.86000000,75900.00000000,74828.70000000,75037.24000000,0.49437000
1776801600000,75020.30000000,75847.42000000,74961.72000000,75728.08000000,0.58839000
1776805200000,75734.23000000,75775.24000000,75499.32000000,75566.80000000,0.08529000
1776808800000,75550.50000000,75630.98000000,75318.42000000,75630.17000000,0.11144000
1776812400000,75620.93000000,76423.66000000,75620.93000000,76305.28000000,0.30116000
1776816000000,76373.03000000,76430.17000000,76228.23000000,76303.10000000,0.12023000
1776819600000,76333.55000000,76400.20000000,76141.92000000,76272.67000000,0.22466000
1776823200000,76311.54000000,77627.68000000,76239.92000000,77607.14000000,2.38121000
1776826800000,77643.60000000,77702.11000000,77399.05000000,77547.31000000,0.51985000
1776830400000,77542.04000000,77688.05000000,77379.23000000,77491.70000000,0.46763000
1776834000000,77489.85000000,78432.34000000,77459.52000000,77986.77000000,2.28101000
1776837600000,77971.70000000,78040.66000000,77903.02000000,77987.77000000,0.02353000
1776841200000,78015.83000000,78119.80000000,77832.00000000,78017.79000000,0.30109000
1776844800000,78052.28000000,78193.88000000,77913.03000000,78068.19000000,0.10700000
1776848400000,78054.97000000,78193.47000000,77954.99000000,77983.16000000,0.04901000
1776852000000,77971.70000000,78178.49000000,77962.11000000,78178.49000000,0.11811000
1776855600000,78192.75000000,78378.33000000,78077.70000000,78277.69000000,1.30395000
1776859200000,78296.77000000,78490.12000000,78152.41000000,78238.16000000,0.31039000
1776862800000,78210.17000000,78835.61000000,78177.51000000,78835.61000000,0.75423000
1776866400000,78835.63000000,79156.65000000,78607.97000000,79072.01000000,1.03808000
1776870000000,79033.58000000,79382.76000000,78837.22000000,79304.77000000,1.19628000
1776873600000,79304.77000000,79452.89000000,78649.01000000,78733.77000000,1.21757000
1776877200000,78792.84000000,79047.27000000,78728.24000000,78934.47000000,0.64359000
1776880800000,78932.99000000,79156.15000000,78850.28000000,79008.53000000,0.11225000
1776884400000,78966.66000000,79071.88000000,78738.67000000,78934.47000000,0.43420000
1776888000000,78878.80000000,78897.14000000,78438.37000000,78450.87000000,0.56955000
1776891600000,78478.04000000,78830.50000000,78454.67000000,78817.73000000,0.64915000
1776895200000,78798.26000000,78834.29000000,78478.52000000,78634.24000000,0.39552000
1776898800000,78616.20000000,78616.20000000,78172.17000000,78208.89000000,0.20278000
1776902400000,78193.38000000,78571.20000000,77598.30000000,78410.53000000,0.36532000
1776906000000,78410.17000000,78428.64000000,78080.75000000,78381.16000000,0.14123000
1776909600000,78365.12000000,78365.12000000,77778.11000000,77981.33000000,0.57278000
1776913200000,77945.10000000,78019.55000000,77493.13000000,77721.09000000,0.25014000
1776916800000,77697.10000000,77935.29000000,77694.83000000,77935.29000000,0.25107000
1776920400000,77936.30000000,78111.16000000,77750.01000000,78017.32000000,0.23375000
1776924000000,78097.76000000,78325.60000000,78097.76000000,78181.23000000,0.24957000
1776927600000,78246.50000000,78246.50000000,77982.91000000,78052.52000000,0.04951000
1776931200000,78031.73000000,78146.52000000,77736.82000000,77860.44000000,1.02243000
1776934800000,77837.16000000,77852.21000000,77397.60000000,77618.89000000,0.87773000
1776938400000,77660.99000000,77660.99000000,77199.49000000,77401.61000000,0.33996000
1776942000000,77491.91000000,77733.90000000,77394.35000000,77724.02000000,0.10053000
1776945600000,77739.46000000,77858.20000000,77540.20000000,77781.08000000,0.40564000
1776949200000,77889.71000000,77895.64000000,77419.19000000,77518.68000000,0.35441000
1776952800000,77491.89000000,78207.98000000,77431.32000000,78207.98000000,0.10394000
1776956400000,78186.77000000,78651.80000000,78023.32000000,78324.63000000,0.37116000
1776960000000,78412.08000000,78500.00000000,78022.72000000,78075.59000000,3.03176000
1776963600000,78073.90000000,78073.90000000,76965.05000000,77788.81000000,0.51735000
1776967200000,77787.10000000,78117.69000000,77692.29000000,77700.13000000,0.13946000
1776970800000,77742.39000000,77882.04000000,77608.33000000,77744.80000000,0.09684000
1776974400000,77705.93000000,77995.86000000,77677.72000000,77875.72000000,0.28562000
1776978000000,77867.30000000,78041.46000000,77813.52000000,77952.08000000,0.18123000
1776981600000,78013.02000000,78314.78000000,78002.27000000,78213.21000000,0.12838000
1776985200000,78227.84000000,78299.30000000,78034.25000000,78254.34000000,0.09141000
1776988800000,78265.13000000,78478.22000000,78163.72000000,78353.89000000,0.15235000
1776992400000,78419.93000000,78461.81000000,77955.96000000,78461.81000000,0.26894000
1776996000000,78430.34000000,78563.95000000,78080.75000000,78151.72000000,0.24065000
1776999600000,78167.18000000,78178.74000000,77555.95000000,77744.57000000,0.29803000
1777003200000,77712.87000000,77832.54000000,77500.00000000,77714.05000000,0.05361000
1777006800000,77676.36000000,78011.37000000,77475.17000000,78011.37000000,0.17061000
1777010400000,77921.57000000,77955.99000000,77794.49000000,77860.69000000,0.06614000
1777014000000,77788.90000000,77842.77000000,77607.04000000,77626.07000000,0.09333000
1777017600000,77634.50000000,77973.75000000,77632.46000000,77834.36000000,0.41469000
1777021200000,77697.77000000,77697.77000000,77431.12000000,77524.85000000,0.19615000
1777024800000,77524.01000000,77769.86000000,77455.05000000,77769.86000000,0.26593000
1777028400000,77762.32000000,78358.72000000,77762.32000000,78228.01000000,0.26013000
1777032000000,78242.73000000,78347.31000000,78092.23000000,78131.61000000,0.37517000
1777035600000,78350.00000000,78434.72000000,77926.42000000,78088.80000000,0.08946000
1777039200000,78030.90000000,78051.31000000,77692.29000000,78002.90000000,0.16018000
1777042800000,78003.22000000,78251.59000000,77628.68000000,77987.95000000,0.13964000
1777046400000,78064.41000000,78064.41000000,77592.54000000,77738.80000000,0.27719000
1777050000000,77750.77000000,77803.49000000,77500.00000000,77724.85000000,0.27356000
1777053600000,77650.89000000,77696.62000000,77375.17000000,77588.72000000,0.48657000
1777057200000,77700.00000000,77759.94000000,77569.29000000,77629.40000000,0.04496000
1777060800000,77609.30000000,77750.24000000,77500.00000000,77750.24000000,0.66286000
1777064400000,77723.94000000,77723.94000000,77535.35000000,77575.77000000,0.13486000
1777068000000,77540.91000000,77606.83000000,77234.23000000,77341.53000000,0.22180000
1777071600000,77354.31000000,77451.24000000,77329.23000000,77438.57000000,0.13522000
1777075200000,77411.22000000,77471.49000000,77296.54000000,77471.49000000,0.19889000
1777078800000,77483.20000000,77588.82000000,77433.67000000,77560.92000000,0.13214000
1777082400000,77555.05000000,77644.20000000,77477.45000000,77614.84000000,0.08519000
1777086000000,77637.56000000,77693.09000000,77550.18000000,77682.37000000,0.03256000
1777089600000,77668.37000000,77699.98000000,77523.38000000,77628.40000000,0.12531000
1777093200000,77599.27000000,77599.27000000,77500.00000000,77502.63000000,0.01948000
1777096800000,77555.64000000,77555.64000000,77482.18000000,77514.39000000,0.01890000
1777100400000,77474.11000000,77572.14000000,77442.47000000,77525.71000000,0.00834000
1777104000000,77564.47000000,77638.07000000,77564.47000000,77638.07000000,0.00572000
1777107600000,77638.07000000,77757.90000000,77594.38000000,77757.90000000,0.14886000
1777111200000,77758.27000000,77870.13000000,77755.68000000,77835.53000000,0.02742000
1777114800000,77771.07000000,77771.07000000,77630.93000000,77673.32000000,0.05623000
1777118400000,77665.63000000,77668.74000000,77537.05000000,77578.81000000,0.01461000
1777122000000,77575.03000000,77695.00000000,77575.03000000,77695.00000000,0.05078000
1777125600000,77695.00000000,77745.17000000,77628.43000000,77668.85000000,1.06273000
1777129200000,77648.87000000,77721.40000000,77321.82000000,77321.82000000,0.05340000
1777132800000,77324.77000000,77460.15000000,77165.67000000,77387.18000000,0.14183000
1777136400000,77387.18000000,77412.97000000,77250.43000000,77250.43000000,0.20666000
1777140000000,77239.16000000,77402.18000000,77239.16000000,77309.26000000,0.03678000
1777143600000,77301.99000000,77341.54000000,77212.04000000,77311.22000000,0.05685000
1777147200000,77345.03000000,77474.53000000,77339.76000000,77474.53000000,0.16370000
1777150800000,77509.99000000,77528.88000000,77449.69000000,77516.77000000,0.11244000
1777154400000,77516.07000000,77629.17000000,77481.08000000,77540.76000000,1.53755000
1777158000000,77563.04000000,77626.42000000,77549.87000000,77610.68000000,0.13065000
1777161600000,77631.64000000,77631.64000000,77424.50000000,77514.73000000,0.18515000
1777165200000,77506.19000000,77555.00000000,77438.08000000,77438.08000000,0.07490000
1777168800000,77465.21000000,77587.77000000,77462.39000000,77523.20000000,0.06719000
1777172400000,77500.15000000,77554.46000000,77340.15000000,77390.17000000,0.10505000
1777176000000,77392.50000000,77800.08000000,77392.50000000,77784.91000000,0.07092000
1777179600000,77704.11000000,78175.08000000,77704.11000000,78033.54000000,0.37896000
1777183200000,78040.60000000,78058.70000000,77949.00000000,77999.09000000,0.02994000
1777186800000,78000.32000000,78106.39000000,78000.06000000,78106.39000000,0.07180000
1777190400000,78102.51000000,78200.00000000,78040.76000000,78044.66000000,0.00505000
1777194000000,78032.20000000,78061.81000000,77932.15000000,78013.37000000,0.00659000
1777197600000,77976.77000000,78055.52000000,77976.77000000,77993.75000000,0.03805000
1777201200000,78018.45000000,78150.66000000,78018.45000000,78102.16000000,0.03653000
1777204800000,78133.23000000,78133.23000000,77820.10000000,77850.11000000,0.11585000
1777208400000,77827.61000000,77986.56000000,77790.24000000,77956.71000000,0.01953000
1777212000000,77939.34000000,78176.07000000,77886.04000000,78100.18000000,2.17768000
1777215600000,78118.43000000,78118.43000000,77986.50000000,78009.55000000,0.14851000
1777219200000,78038.57000000,78105.53000000,77938.71000000,77945.88000000,0.03116000
1777222800000,77916.45000000,78036.25000000,77836.32000000,78036.25000000,0.19096000
1777226400000,78036.25000000,78329.02000000,78024.56000000,78275.00000000,1.48342000
1777230000000,78297.95000000,78478.22000000,78052.73000000,78271.69000000,0.52832000
1777233600000,78233.30000000,78360.28000000,78163.08000000,78203.13000000,0.16059000
1777237200000,78224.23000000,78920.00000000,77866.33000000,78352.64000000,0.97984000
1777240800000,78372.47000000,78830.94000000,77980.00000000,78357.04000000,0.46574000
1777244400000,78281.20000000,78881.30000000,78059.75000000,78626.16000000,0.20168000
1777248000000,78658.01000000,79338.93000000,78414.70000000,79261.83000000,1.30682000
1777251600000,79304.77000000,79448.45000000,78764.64000000,79239.10000000,0.60343000
1777255200000,79215.91000000,79242.43000000,79037.03000000,79139.25000000,0.51309000
1777258800000,79187.02000000,79271.48000000,79082.59000000,79089.79000000,0.17573000
1777262400000,79089.79000000,79151.86000000,78895.67000000,78910.50000000,0.52089000
1777266000000,78863.51000000,78865.30000000,77587.27000000,77820.25000000,0.89984000
1777269600000,77763.79000000,77872.59000000,77487.01000000,77700.05000000,0.28993000
1777273200000,77682.62000000,77720.90000000,77614.17000000,77693.10000000,0.02835000
1777276800000,77578.25000000,77824.85000000,77578.25000000,77816.69000000,1.51774000
1777280400000,77819.16000000,77948.21000000,77714.23000000,77948.21000000,0.52431000
1777284000000,77907.69000000,77907.69000000,77781.91000000,77890.12000000,0.01550000
1777287600000,77858.16000000,77887.88000000,77752.35000000,77837.73000000,0.05366000
1777291200000,77838.10000000,77864.08000000,77672.31000000,77674.50000000,0.13628000
1777294800000,77702.15000000,77869.88000000,77617.13000000,77753.20000000,0.12747000
1777298400000,77826.16000000,78237.39000000,77681.27000000,77800.08000000,0.14731000
1777302000000,77809.05000000,77840.73000000,76583.72000000,76771.37000000,2.80964000
1777305600000,76734.26000000,76832.93000000,76595.14000000,76614.89000000,3.81199000
1777309200000,76661.22000000,76926.56000000,76648.12000000,76712.53000000,0.22443000
1777312800000,76714.66000000,76887.32000000,76679.90000000,76887.32000000,0.44251000
1777316400000,76863.77000000,76897.12000000,76491.06000000,76853.03000000,0.41077000
1777320000000,76858.80000000,77041.72000000,76849.63000000,76992.00000000,0.38173000
1777323600000,76926.27000000,76997.94000000,76801.39000000,76814.68000000,0.35153000
1777327200000,76772.38000000,77069.02000000,76761.58000000,77069.02000000,0.24444000
1777330800000,77096.13000000,77503.72000000,77011.64000000,77373.70000000,2.24500000
1777334400000,77326.95000000,77479.58000000,77204.03000000,77374.99000000,0.54868000
1777338000000,77369.20000000,77390.34000000,77055.55000000,77101.57000000,0.05116000
1777341600000,77075.49000000,77193.45000000,76703.80000000,76822.61000000,0.04416000
1777345200000,76884.67000000,76884.67000000,76688.81000000,76826.97000000,0.08811000
1777348800000,76827.11000000,76933.34000000,76700.00000000,76930.15000000,0.13469000
1777352400000,76937.30000000,77105.69000000,76834.40000000,76936.92000000,0.18564000
1777356000000,76938.78000000,77039.19000000,76637.71000000,76722.77000000,0.04485000
1777359600000,76677.07000000,76921.14000000,76442.60000000,76921.14000000,0.07247000
1777363200000,76900.92000000,76964.86000000,76754.42000000,76835.08000000,0.12273000
1777366800000,76874.60000000,76874.60000000,76538.46000000,76624.76000000,0.01802000
1777370400000,76528.28000000,76641.71000000,76500.00000000,76628.87000000,0.01432000
1777374000000,76630.44000000,76630.44000000,76157.67000000,76162.09000000,0.37801000
1777377600000,76269.21000000,76404.78000000,76191.46000000,76361.62000000,0.24666000
1777381200000,76380.75000000,76390.98000000,75984.45000000,76230.05000000,0.54181000
1777384800000,76203.08000000,76203.08000000,75674.97000000,75935.89000000,0.52100000
1777388400000,75941.06000000,76075.66000000,75902.31000000,76039.77000000,0.06321000
1777392000000,76078.56000000,76176.05000000,75906.40000000,76145.16000000,0.26892000
1777395600000,76134.11000000,76220.00000000,75946.78000000,76199.99000000,0.22381000
1777399200000,76193.68000000,76251.00000000,76141.15000000,76210.21000000,0.22297000
1777402800000,76246.54000000,76354.82000000,76070.00000000,76348.24000000,0.07149000
1777406400000,76331.45000000,76475.98000000,76331.45000000,76475.98000000,0.17943000
1777410000000,76478.79000000,76492.24000000,76302.21000000,76426.94000000,0.11347000
1777413600000,76402.18000000,76462.70000000,76225.00000000,76238.73000000,0.32775000
1777417200000,76255.14000000,76356.90000000,76219.99000000,76332.32000000,0.18459000
1777420800000,76350.43000000,76538.46000000,76277.44000000,76521.31000000,0.13823000
1777424400000,76534.89000000,76642.70000000,76220.00000000,76551.79000000,0.17308000
1777428000000,76580.66000000,76646.75000000,76435.56000000,76480.36000000,0.12740000
1777431600000,76580.28000000,77110.01000000,76527.80000000,76984.91000000,0.58750000
1777435200000,76990.00000000,77427.69000000,76921.85000000,77263.08000000,0.38912000
1777438800000,77281.58000000,77335.23000000,77213.79000000,77273.14000000,0.14375000
1777442400000,77285.19000000,77285.19000000,76949.49000000,77000.65000000,0.47249000
1777446000000,77053.11000000,77144.39000000,77022.40000000,77030.00000000,0.02189000
1777449600000,77078.31000000,77078.31000000,77001.59000000,77053.27000000,0.00950000
1777453200000,77045.34000000,77778.11000000,76979.88000000,77720.25000000,0.06875000
1777456800000,77702.31000000,77857.10000000,77576.53000000,77614.60000000,0.18608000
1777460400000,77628.23000000,77682.98000000,77481.00000000,77602.18000000,0.19338000
1777464000000,77554.06000000,77554.06000000,76998.39000000,77147.75000000,0.96733000
1777467600000,77129.87000000,77220.25000000,76480.00000000,76794.00000000,0.29032000
1777471200000,76764.55000000,76797.28000000,76437.77000000,76569.30000000,0.35437000
1777474800000,76582.27000000,76582.27000000,75726.48000000,75907.64000000,0.53386000
1777478400000,75926.02000000,76093.20000000,75710.25000000,75768.92000000,0.68676000
1777482000000,75818.56000000,76157.67000000,75816.36000000,76157.67000000,0.41075000
1777485600000,76167.40000000,76220.00000000,74916.16000000,75507.54000000,2.16428000
1777489200000,75526.69000000,75607.30000000,75314.24000000,75487.54000000,0.24754000
1777492800000,75582.29000000,75818.11000000,75523.30000000,75714.17000000,0.10833000
1777496400000,75689.92000000,76046.95000000,75614.08000000,75939.62000000,0.29550000
1777500000000,75942.06000000,75998.34000000,75823.01000000,75944.34000000,0.28390000
1777503600000,75932.96000000,76005.00000000,75710.25000000,75792.81000000,0.08859000
1777507200000,75800.33000000,76322.46000000,75665.56000000,76261.25000000,1.16837000
1777510800000,76256.42000000,76447.74000000,76178.05000000,76284.61000000,0.19904000
1777514400000,76240.48000000,76341.87000000,75494.51000000,75719.65000000,0.25730000
1777518000000,75702.78000000,75968.49000000,75702.78000000,75968.49000000,0.01818000
1777521600000,75931.97000000,75943.13000000,75422.99000000,75530.91000000,0.09155000
1777525200000,75506.88000000,75757.24000000,75316.36000000,75616.04000000,0.13814000
1777528800000,75610.20000000,75860.16000000,75568.31000000,75761.17000000,0.04107000
1777532400000,75766.56000000,76170.47000000,75697.14000000,76116.36000000,0.20242000
1777536000000,76172.57000000,76193.51000000,76062.30000000,76062.30000000,0.06915000
1777539600000,76071.05000000,76339.83000000,76030.68000000,76171.64000000,0.03736000
1777543200000,76112.52000000,76126.28000000,76030.97000000,76030.97000000,0.01077000
1777546800000,76047.69000000,76205.77000000,75893.10000000,76070.89000000,0.06592000
1777550400000,76071.90000000,76420.25000000,76071.90000000,76323.27000000,0.17545000
1777554000000,76322.71000000,76641.13000000,76172.57000000,76438.61000000,0.38873000
1777557600000,76432.54000000,76611.64000000,76122.50000000,76385.82000000,2.56196000
1777561200000,76319.27000000,76637.71000000,76172.57000000,76506.44000000,0.24517000
1777564800000,76484.49000000,76484.49000000,76250.89000000,76263.97000000,0.03573000
1777568400000,76266.64000000,76336.55000000,76113.02000000,76281.98000000,0.39102000
1777572000000,76257.92000000,76443.43000000,76238.87000000,76358.63000000,0.08433000
1777575600000,76353.58000000,76517.07000000,76341.58000000,76422.39000000,0.33389000
1777579200000,76428.70000000,76564.47000000,76352.16000000,76532.94000000,0.11732000
1777582800000,76498.70000000,76533.14000000,76274.62000000,76277.90000000,0.14714000
1777586400000,76249.45000000,76459.59000000,76222.67000000,76222.67000000,1.29929000
1777590000000,76243.11000000,76385.23000000,76240.44000000,76327.21000000,0.15877000
1777593600000,76354.39000000,76600.00000000,76354.39000000,76412.50000000,0.04919000
1777597200000,76472.18000000,76761.31000000,76468.39000000,76688.72000000,0.20683000
1777600800000,76704.74000000,76723.18000000,76527.82000000,76527.82000000,0.16028000
1777604400000,76611.62000000,77393.41000000,76553.22000000,77107.34000000,1.69911000
1777608000000,77165.60000000,77213.68000000,76905.61000000,77034.57000000,1.47547000
1777611600000,77053.67000000,77210.89000000,77039.81000000,77187.81000000,0.22576000
1777615200000,77166.01000000,77180.53000000,76875.01000000,77106.35000000,0.15992000
1777618800000,77036.84000000,77116.47000000,76985.59000000,77116.47000000,0.14511000
1777622400000,77128.69000000,77479.82000000,77056.68000000,77383.95000000,0.15789000
1777626000000,77362.65000000,77372.16000000,77211.42000000,77250.95000000,0.04471000
1777629600000,77229.82000000,77406.68000000,77155.93000000,77326.98000000,0.11745000
1777633200000,77291.46000000,77581.68000000,77274.95000000,77465.08000000,1.13426000
1777636800000,77471.90000000,78143.64000000,77426.22000000,77970.00000000,1.95930000
1777640400000,78025.30000000,78920.70000000,78025.30000000,78712.30000000,3.36528000
1777644000000,78711.94000000,78871.35000000,78050.25000000,78335.83000000,1.12744000
1777647600000,78319.56000000,78714.85000000,78214.85000000,78469.00000000,0.47557000
1777651200000,78514.85000000,78699.49000000,78212.71000000,78260.94000000,0.13865000
1777654800000,78289.39000000,78586.55000000,78149.08000000,78538.70000000,1.35531000
1777658400000,78586.19000000,78632.60000000,78427.25000000,78427.25000000,0.24819000
1777662000000,78452.99000000,78530.00000000,78309.57000000,78428.65000000,0.31455000
1777665600000,78431.69000000,78431.69000000,77775.72000000,77899.75000000,0.58081000
1777669200000,77890.30000000,78205.52000000,77890.30000000,78188.04000000,0.52079000
1777672800000,78226.59000000,78419.31000000,78155.76000000,78171.68000000,0.55410000
1777676400000,78150.44000000,78235.09000000,78041.65000000,78235.09000000,0.08640000
1777680000000,78235.09000000,78399.97000000,78204.06000000,78351.72000000,0.12064000
1777683600000,78314.33000000,78447.09000000,78299.11000000,78325.43000000,0.17595000
1777687200000,78343.14000000,78498.95000000,78292.91000000,78357.90000000,0.05535000
1777690800000,78375.46000000,78502.95000000,78251.09000000,78458.46000000,0.45240000
1777694400000,78406.86000000,78443.76000000,78125.12000000,78192.90000000,0.30244000
1777698000000,78179.46000000,78229.96000000,78043.73000000,78208.71000000,0.13687000
1777701600000,78202.87000000,78330.28000000,78153.93000000,78330.28000000,0.01989000
1777705200000,78350.24000000,78362.98000000,78210.64000000,78224.96000000,0.04664000
1777708800000,78209.79000000,78336.22000000,78171.50000000,78336.22000000,0.01356000
1777712400000,78310.25000000,78347.28000000,78309.37000000,78333.03000000,0.00610000
1777716000000,78296.41000000,78317.23000000,78235.28000000,78274.38000000,0.01245000
1777719600000,78200.03000000,78206.61000000,78127.85000000,78129.19000000,0.04358000
1777723200000,78135.06000000,78235.65000000,78122.94000000,78224.87000000,0.34137000
1777726800000,78245.59000000,78429.13000000,78145.69000000,78359.39000000,1.14300000
1777730400000,78371.08000000,78471.15000000,78321.96000000,78437.11000000,0.17307000
1777734000000,78439.09000000,78471.15000000,78386.19000000,78456.49000000,0.13631000
1777737600000,78471.15000000,78575.07000000,78429.16000000,78479.48000000,0.17533000
1777741200000,78467.14000000,78495.83000000,78404.97000000,78404.97000000,0.12289000
1777744800000,78384.42000000,78453.82000000,78334.41000000,78453.82000000,0.05077000
1777748400000,78471.21000000,78503.97000000,78446.58000000,78465.79000000,0.03535000
1777752000000,78478.72000000,78479.16000000,78411.23000000,78462.53000000,0.17980000
1777755600000,78496.53000000,79143.40000000,78456.11000000,78729.50000000,0.42741000
1777759200000,78741.86000000,78884.89000000,78652.45000000,78848.80000000,0.33095000
1777762800000,78821.32000000,78835.35000000,78652.24000000,78674.91000000,0.24109000
1777766400000,78702.31000000,78732.69000000,78500.00000000,78546.31000000,0.04002000
1777770000000,78520.99000000,78525.81000000,78175.08000000,78269.20000000,0.10330000
1777773600000,78248.10000000,78295.02000000,78098.10000000,78180.03000000,0.32990000
1777777200000,78154.82000000,78203.80000000,78120.00000000,78203.80000000,0.28564000
1777780800000,78193.27000000,78232.48000000,78107.16000000,78163.78000000,0.08761000
1777784400000,78185.81000000,78253.03000000,78185.81000000,78239.33000000,0.00688000
1777788000000,78207.46000000,78302.40000000,78090.04000000,78302.40000000,0.36058000
1777791600000,78294.77000000,78424.63000000,78294.77000000,78350.50000000,0.02403000
1777795200000,78387.81000000,78488.51000000,78387.81000000,78414.97000000,0.06797000
1777798800000,78367.99000000,78622.10000000,78367.99000000,78538.87000000,0.01287000
1777802400000,78527.18000000,78527.18000000,78441.30000000,78441.30000000,0.02988000
1777806000000,78392.16000000,78817.62000000,78392.16000000,78728.78000000,0.23309000
1777809600000,78695.64000000,78860.94000000,78678.59000000,78754.99000000,0.17498000
1777813200000,78732.53000000,78781.29000000,78610.29000000,78674.95000000,0.06325000
1777816800000,78714.00000000,78795.09000000,78649.78000000,78772.29000000,0.43772000
1777820400000,78737.01000000,78810.44000000,78656.95000000,78657.02000000,0.13009000
1777824000000,78681.31000000,78747.57000000,78630.75000000,78706.00000000,0.10327000
1777827600000,78618.99000000,78815.49000000,78591.94000000,78726.50000000,0.19386000
1777831200000,78726.34000000,78784.87000000,78647.34000000,78761.54000000,0.06027000
1777834800000,78747.22000000,78843.99000000,78672.36000000,78790.38000000,0.42815000
1777838400000,78750.46000000,79253.60000000,78728.51000000,78930.06000000,1.56607000
1777842000000,78904.69000000,79064.20000000,78644.04000000,78840.59000000,0.36597000
1777845600000,78865.10000000,79427.87000000,78849.37000000,79190.01000000,1.04425000
1777849200000,79190.00000000,79269.00000000,78510.85000000,78565.73000000,2.75526000
1777852800000,78500.00000000,78569.72000000,78311.31000000,78569.72000000,0.32152000
1777856400000,78505.30000000,79828.27000000,78414.89000000,79737.45000000,0.85498000
1777860000000,79773.97000000,80393.77000000,79563.30000000,80193.48000000,4.35909000
1777863600000,80188.11000000,80468.10000000,79920.01000000,80300.38000000,1.42886000
1777867200000,80322.86000000,80633.10000000,80267.54000000,80311.72000000,1.88546000
1777870800000,80386.40000000,80392.49000000,79971.30000000,80047.47000000,0.14976000
1777874400000,80036.69000000,80036.69000000,79500.00000000,79886.16000000,0.24690000
1777878000000,79851.15000000,79957.90000000,79803.59000000,79803.59000000,0.08507000
1777881600000,79716.66000000,79779.91000000,79607.29000000,79720.29000000,0.07665000
1777885200000,79680.43000000,79935.29000000,79680.43000000,79854.21000000,0.02298000
1777888800000,79720.29000000,79720.29000000,78230.48000000,78915.38000000,1.47801000
1777892400000,78949.50000000,79121.66000000,78705.14000000,78836.44000000,1.77429000
1777896000000,78787.22000000,79006.37000000,78723.34000000,78855.67000000,0.10781000
1777899600000,78766.25000000,79128.19000000,78622.22000000,78802.87000000,0.29374000
1777903200000,78806.86000000,80529.97000000,78526.86000000,80256.85000000,0.64795000
1777906800000,80244.30000000,80358.04000000,79358.13000000,80034.51000000,3.96623000
1777910400000,80024.90000000,80361.85000000,79625.81000000,80005.72000000,2.41187000
1777914000000,80047.95000000,80739.02000000,80032.26000000,80367.86000000,11.48220000
1777917600000,80343.75000000,80450.99000000,80052.39000000,80118.97000000,1.85701000
1777921200000,80121.29000000,80121.29000000,79831.70000000,80088.58000000,0.80176000
1777924800000,80009.83000000,80135.50000000,79907.30000000,79956.10000000,0.85286000
1777928400000,80002.99000000,80384.31000000,79969.37000000,80294.98000000,0.30229000
1777932000000,80335.72000000,80405.48000000,80088.99000000,80092.54000000,0.37604000
1777935600000,80058.29000000,80058.29000000,79749.15000000,79858.72000000,0.55333000
1777939200000,79856.96000000,80183.43000000,79798.03000000,80154.50000000,0.45635000
1777942800000,80165.92000000,80388.59000000,80070.34000000,80340.06000000,0.05735000
1777946400000,80337.01000000,80875.88000000,80337.01000000,80528.42000000,1.05810000
1777950000000,80562.99000000,81079.47000000,80485.39000000,80903.04000000,0.52175000
1777953600000,80877.19000000,80978.99000000,80736.52000000,80924.48000000,0.27181000
1777957200000,80897.25000000,81297.97000000,80842.53000000,80981.06000000,0.92858000
1777960800000,81000.19000000,81002.61000000,80816.13000000,80912.45000000,0.21549000
1777964400000,80965.91000000,81133.10000000,80831.75000000,80831.75000000,2.26768000
1777968000000,80851.51000000,80902.50000000,80728.11000000,80782.80000000,0.06688000
1777971600000,80739.22000000,80739.22000000,80576.26000000,80585.03000000,0.08989000
1777975200000,80540.91000000,80785.96000000,80540.91000000,80751.61000000,0.18532000
1777978800000,80805.70000000,81086.00000000,80805.70000000,80973.67000000,1.65685000
1777982400000,81005.92000000,81304.37000000,80994.90000000,81275.63000000,2.69877000
1777986000000,81304.37000000,81682.29000000,81230.31000000,81234.58000000,0.72594000
1777989600000,81238.51000000,81489.38000000,80974.34000000,81356.04000000,0.37895000
1777993200000,81318.70000000,81665.97000000,81274.64000000,81553.38000000,2.05041000
1777996800000,81553.38000000,81593.49000000,81079.03000000,81246.19000000,0.33735000
1778000400000,81268.33000000,81444.42000000,81200.00000000,81251.37000000,0.57795000
1778004000000,81292.81000000,81571.84000000,81292.81000000,81515.39000000,0.34467000
1778007600000,81489.29000000,81682.28000000,81407.58000000,81576.46000000,0.73793000
1778011200000,81588.19000000,81760.03000000,81519.78000000,81636.71000000,0.89541000
1778014800000,81654.84000000,81770.35000000,81294.61000000,81439.77000000,0.12579000
1778018400000,81477.49000000,81600.61000000,80843.97000000,81126.83000000,0.60950000
1778022000000,81095.53000000,81231.63000000,80813.62000000,80933.10000000,1.28582000
1778025600000,80870.12000000,81241.08000000,80767.49000000,81028.89000000,1.26522000
1778029200000,81036.92000000,81512.86000000,81016.49000000,81411.69000000,2.48120000
1778032800000,81429.50000000,81429.50000000,81061.87000000,81353.11000000,1.06920000
1778036400000,81367.22000000,81729.56000000,81367.22000000,81579.54000000,2.87712000
1778040000000,81588.47000000,81613.51000000,81249.47000000,81321.56000000,4.19884000
1778043600000,81323.53000000,81335.94000000,81074.22000000,81276.48000000,5.54670000
1778047200000,81320.26000000,81500.99000000,81118.25000000,81482.63000000,7.02422000
1778050800000,81482.63000000,81583.99000000,81200.44000000,81339.39000000,5.70806000
1778054400000,81326.70000000,81966.70000000,81326.70000000,81942.75000000,1.32768000
1778058000000,81884.15000000,82047.48000000,81679.13000000,81974.49000000,11.91494000
1778061600000,82000.38000000,82352.85000000,81933.80000000,82276.00000000,3.23827000
1778065200000,82268.06000000,82807.00000000,82268.06000000,82516.83000000,1.15510000
1778068800000,82508.30000000,82529.89000000,81844.05000000,82209.72000000,5.61706000
1778072400000,82194.79000000,82202.38000000,81613.80000000,81681.84000000,2.52799000
1778076000000,81638.90000000,81954.07000000,81152.85000000,81528.12000000,3.03723000
1778079600000,81551.29000000,81808.85000000,81305.20000000,81698.05000000,8.24141000
1778083200000,81731.46000000,81866.17000000,81448.10000000,81622.78000000,2.77362000
1778086800000,81629.20000000,81689.27000000,81400.77000000,81503.21000000,4.98874000
1778090400000,81466.04000000,81570.93000000,81297.81000000,81354.30000000,3.73199000
1778094000000,81353.09000000,81509.31000000,81205.31000000,81502.40000000,2.30273000
1778097600000,81459.94000000,81668.64000000,81323.88000000,81399.78000000,1.94834000
1778101200000,81442.35000000,81620.13000000,81322.49000000,81509.73000000,1.51492000
1778104800000,81503.19000000,81520.88000000,81256.14000000,81353.20000000,0.46691000
1778108400000,81346.82000000,81444.85000000,81008.73000000,81444.83000000,0.51469000
1778112000000,81434.94000000,81494.32000000,80985.16000000,80985.16000000,2.55121000
1778115600000,81012.22000000,81299.58000000,80865.31000000,81187.20000000,0.36525000
1778119200000,81161.96000000,81161.96000000,80887.02000000,81129.43000000,0.60528000
1778122800000,81085.80000000,81111.54000000,80841.11000000,80841.11000000,0.31552000
1778126400000,80855.19000000,80991.49000000,80750.10000000,80987.18000000,0.34744000
1778130000000,80987.18000000,81158.50000000,80987.18000000,81050.02000000,0.93506000
1778133600000,81052.85000000,81428.56000000,80873.70000000,81428.56000000,0.34076000
1778137200000,81428.57000000,81696.49000000,81399.47000000,81502.36000000,0.41800000
1778140800000,81498.17000000,81589.69000000,81216.29000000,81216.29000000,0.23239000
1778144400000,81200.66000000,81212.19000000,80877.22000000,80946.98000000,0.32964000
1778148000000,80906.33000000,80997.76000000,80589.08000000,80858.39000000,1.33191000
1778151600000,80858.39000000,81043.38000000,80823.67000000,80892.20000000,0.29265000
1778155200000,80835.37000000,81158.51000000,80835.36000000,81158.51000000,0.53995000
1778158800000,81085.75000000,81144.19000000,80259.59000000,80583.05000000,1.46634000
1778162400000,80472.44000000,80672.52000000,80053.67000000,80219.03000000,0.74380000
1778166000000,80162.69000000,80273.93000000,79731.14000000,79863.12000000,1.37742000
1778169600000,79851.42000000,80004.52000000,79700.00000000,79793.36000000,9.92659000
1778173200000,79808.27000000,80120.21000000,79500.01000000,80107.75000000,0.38052000
1778176800000,80112.28000000,80283.00000000,80043.76000000,80218.12000000,0.31494000
1778180400000,80180.02000000,80218.00000000,79961.22000000,80116.11000000,3.70851000
1778184000000,80168.36000000,80361.85000000,79868.68000000,79868.68000000,1.65983000
1778187600000,79897.01000000,79937.53000000,79652.45000000,79776.21000000,0.42581000
1778191200000,79741.75000000,79974.20000000,79625.18000000,79940.78000000,0.46929000
1778194800000,79919.77000000,80070.98000000,79883.90000000,80034.95000000,0.33351000
1778198400000,80038.55000000,80134.49000000,79736.66000000,79763.69000000,0.14140000
1778202000000,79883.20000000,79906.79000000,79603.70000000,79752.80000000,0.42038000
1778205600000,79708.00000000,79708.00000000,79358.13000000,79572.14000000,1.94985000
1778209200000,79488.70000000,79640.53000000,79244.31000000,79579.66000000,0.36645000
1778212800000,79579.66000000,79731.14000000,79554.68000000,79649.56000000,0.27015000
1778216400000,79659.26000000,79755.98000000,79603.99000000,79603.99000000,0.09585000
1778220000000,79584.39000000,79669.69000000,79413.30000000,79485.65000000,0.04006000
1778223600000,79509.51000000,79731.13000000,79308.46000000,79718.80000000,0.06043000
1778227200000,79695.85000000,79983.33000000,79665.39000000,79929.66000000,0.03020000
1778230800000,79858.60000000,80038.73000000,79780.83000000,79890.10000000,0.11317000
1778234400000,79914.43000000,80238.05000000,79791.65000000,80227.37000000,0.04326000
1778238000000,80242.41000000,80312.96000000,80179.71000000,80179.71000000,0.04566000
1778241600000,80258.77000000,80466.11000000,80000.00000000,80000.00000000,0.13380000
1778245200000,80030.08000000,80112.56000000,79566.09000000,79638.90000000,0.93857000
1778248800000,79662.49000000,80416.65000000,79662.49000000,80127.84000000,2.63241000
1778252400000,80195.53000000,80199.30000000,79640.53000000,80124.99000000,0.82730000
1778256000000,80182.97000000,80182.97000000,79780.36000000,79841.65000000,1.35193000
1778259600000,79867.27000000,80251.62000000,79756.28000000,80023.91000000,1.27784000
1778263200000,80135.31000000,80281.98000000,80083.14000000,80083.14000000,0.29436000
1778266800000,80046.84000000,80149.58000000,79974.20000000,80129.64000000,0.10825000
1778270400000,80167.39000000,80273.57000000,80073.63000000,80122.98000000,2.31637000
1778274000000,80122.98000000,80245.00000000,80112.26000000,80245.00000000,0.45487000
1778277600000,80250.04000000,80411.52000000,80250.04000000,80289.92000000,0.17001000
1778281200000,80279.08000000,80305.64000000,80113.25000000,80205.47000000,0.93721000
1778284800000,80180.30000000,80247.88000000,80125.36000000,80247.88000000,0.18725000
1778288400000,80236.00000000,80426.48000000,80233.62000000,80337.54000000,1.54772000
1778292000000,80353.85000000,80462.54000000,80077.20000000,80418.17000000,3.90018000
1778295600000,80412.13000000,80532.40000000,80274.30000000,80404.90000000,0.52005000
1778299200000,80400.30000000,80635.44000000,80384.96000000,80400.58000000,0.08463000
1778302800000,80395.87000000,80483.42000000,80360.51000000,80403.51000000,0.01970000
1778306400000,80426.28000000,80436.40000000,80204.27000000,80221.68000000,0.02379000
1778310000000,80272.21000000,80296.41000000,80158.26000000,80224.27000000,0.04202000
1778313600000,80224.27000000,80454.32000000,80000.00000000,80390.77000000,2.50764000
1778317200000,80386.21000000,80415.01000000,80207.50000000,80229.40000000,0.03098000
1778320800000,80217.60000000,80347.09000000,80182.92000000,80256.60000000,0.04863000
1778324400000,80260.70000000,80379.93000000,80259.80000000,80348.61000000,0.02566000
1778328000000,80345.20000000,80412.66000000,80277.28000000,80392.76000000,0.26099000
1778331600000,80407.56000000,80424.23000000,80296.78000000,80398.49000000,0.05618000
1778335200000,80401.61000000,80425.46000000,80219.70000000,80299.09000000,0.42568000
1778338800000,80335.54000000,80578.75000000,80250.88000000,80530.27000000,0.31622000
1778342400000,80526.50000000,80755.85000000,80485.83000000,80628.17000000,2.48938000
1778346000000,80641.58000000,80908.73000000,80638.95000000,80823.56000000,2.54581000
1778349600000,80823.56000000,81069.59000000,80789.44000000,80901.03000000,0.69708000
1778353200000,80920.49000000,80966.30000000,80814.77000000,80909.60000000,2.30982000
1778356800000,80951.80000000,80951.80000000,80761.08000000,80789.97000000,0.07655000
1778360400000,80821.70000000,80884.17000000,80762.00000000,80805.79000000,0.37094000
1778364000000,80792.00000000,80808.02000000,80689.33000000,80760.60000000,0.24600000
1778367600000,80807.04000000,80814.90000000,80654.44000000,80697.78000000,0.06480000
1778371200000,80698.89000000,80783.45000000,80629.13000000,80660.89000000,0.34334000
1778374800000,80670.00000000,80675.44000000,80574.28000000,80675.44000000,0.28052000
1778378400000,80673.41000000,80783.84000000,80609.63000000,80757.66000000,0.04052000
1778382000000,80761.21000000,80878.24000000,79537.17000000,80806.56000000,2.89422000
1778385600000,80775.36000000,80826.53000000,80718.38000000,80792.53000000,0.12648000
1778389200000,80754.15000000,80820.68000000,80707.97000000,80731.80000000,0.03099000
1778392800000,80727.52000000,80762.83000000,80654.00000000,80748.29000000,0.06801000
1778396400000,80756.99000000,80821.82000000,80751.06000000,80752.55000000,0.01585000
1778400000000,80736.49000000,80919.19000000,80704.67000000,80919.19000000,0.00891000
1778403600000,80909.19000000,80909.19000000,80752.47000000,80752.47000000,0.00733000
1778407200000,80800.10000000,80878.64000000,80722.59000000,80878.64000000,0.01124000
1778410800000,80884.46000000,80959.03000000,80770.92000000,80846.90000000,2.25721000
1778414400000,80839.30000000,80947.93000000,80800.95000000,80911.83000000,0.14433000
1778418000000,80920.79000000,80989.89000000,80889.69000000,80943.25000000,0.05794000
1778421600000,80983.38000000,80998.68000000,80803.22000000,80938.14000000,0.20226000
1778425200000,80993.52000000,81428.57000000,80940.39000000,81387.75000000,0.66965000
1778428800000,81428.57000000,81486.63000000,81191.12000000,81385.48000000,2.43348000
1778432400000,81361.02000000,81562.50000000,81243.69000000,81464.96000000,0.95047000
1778436000000,81439.70000000,81482.44000000,81226.52000000,81282.49000000,1.49943000
1778439600000,81218.78000000,81492.09000000,81144.72000000,81445.00000000,0.09340000
1778443200000,81430.40000000,81452.10000000,80292.99000000,80707.83000000,0.19731000
1778446800000,80718.59000000,80938.39000000,80580.00000000,80777.04000000,0.27054000
1778450400000,80691.50000000,82145.94000000,80691.50000000,82061.15000000,4.70360000
1778454000000,82054.80000000,82447.41000000,82003.03000000,82154.40000000,8.74379000
1778457600000,82262.15000000,82288.40000000,81299.64000000,81476.02000000,2.69043000
1778461200000,81483.44000000,81730.36000000,81301.91000000,81486.59000000,0.73350000
1778464800000,81558.91000000,81558.91000000,81158.51000000,81200.00000000,0.73100000
1778468400000,81159.75000000,81159.75000000,80548.13000000,80723.15000000,0.53369000
1778472000000,80703.81000000,80876.03000000,80662.47000000,80876.03000000,0.21851000
1778475600000,80823.32000000,80989.86000000,80779.65000000,80837.60000000,0.16458000
1778479200000,80836.71000000,81025.93000000,80789.53000000,80857.95000000,1.41695000
1778482800000,80805.53000000,80835.67000000,80707.83000000,80800.71000000,0.08569000
1778486400000,80779.77000000,80852.59000000,80650.00000000,80843.61000000,0.03868000
1778490000000,80855.80000000,80999.10000000,80855.80000000,80937.75000000,0.00499000
1778493600000,80963.01000000,81192.71000000,80963.01000000,81023.69000000,0.17470000
1778497200000,80989.78000000,81192.72000000,80984.00000000,81182.24000000,0.03737000
1778500800000,81192.72000000,81342.30000000,81029.81000000,81085.64000000,1.53764000
1778504400000,81084.22000000,81338.02000000,80775.50000000,81037.59000000,0.42169000
1778508000000,81069.55000000,81252.99000000,80489.51000000,80990.83000000,0.87723000
1778511600000,80943.63000000,81447.10000000,80852.14000000,81438.09000000,0.07836000
1778515200000,81420.30000000,81895.82000000,81377.13000000,81590.57000000,0.58179000
1778518800000,81591.78000000,82059.79000000,81374.58000000,81936.41000000,0.44482000
1778522400000,81945.83000000,82118.28000000,81878.57000000,81976.76000000,2.67929000
1778526000000,81863.55000000,82093.91000000,81773.91000000,81955.09000000,2.95751000
1778529600000,82015.06000000,82093.72000000,81791.84000000,81854.53000000,0.17277000
1778533200000,81851.03000000,81893.11000000,81606.87000000,81805.66000000,0.14157000
1778536800000,81831.50000000,81985.43000000,81759.61000000,81855.56000000,0.25438000
1778540400000,81822.57000000,81840.38000000,81609.11000000,81774.05000000,0.09420000
1778544000000,81730.00000000,81801.36000000,81497.11000000,81556.29000000,0.11820000
1778547600000,81558.58000000,81631.37000000,80707.92000000,81207.00000000,0.56901000
1778551200000,81244.14000000,81340.28000000,81115.42000000,81229.15000000,0.21617000
1778554800000,81298.63000000,81298.63000000,81047.74000000,81059.76000000,0.09364000
1778558400000,81038.39000000,81301.93000000,81016.63000000,81236.46000000,0.27773000
1778562000000,81235.51000000,81301.93000000,81203.52000000,81240.00000000,0.09476000
1778565600000,81269.07000000,81304.76000000,81034.22000000,81060.63000000,0.02864000
1778569200000,81024.28000000,81149.65000000,80842.35000000,80967.10000000,1.85839000
1778572800000,80860.70000000,80966.69000000,80772.94000000,80950.49000000,0.12632000
1778576400000,80843.52000000,80954.27000000,80728.18000000,80842.94000000,0.03127000
1778580000000,80804.61000000,80844.28000000,80625.00000000,80664.54000000,0.17836000
1778583600000,80684.53000000,80760.28000000,80516.86000000,80759.46000000,0.11518000
1778587200000,80793.00000000,81011.21000000,80651.00000000,80907.47000000,1.36109000
1778590800000,80923.89000000,80944.27000000,80418.07000000,80418.07000000,0.42765000
1778594400000,80411.68000000,80847.61000000,80382.20000000,80551.77000000,1.34283000
1778598000000,80522.01000000,80655.09000000,80191.37000000,80375.85000000,0.33004000
1778601600000,80272.28000000,80426.47000000,79865.30000000,79998.43000000,3.37921000
1778605200000,80024.02000000,80555.99000000,79945.89000000,80529.01000000,2.15099000
1778608800000,80520.44000000,80742.70000000,80474.00000000,80681.94000000,0.16844000
1778612400000,80691.68000000,80878.24000000,80691.68000000,80827.75000000,0.10164000
1778616000000,80827.75000000,80899.82000000,80634.00000000,80697.33000000,0.11497000
1778619600000,80737.75000000,80741.86000000,80507.59000000,80593.97000000,0.21473000
1778623200000,80616.02000000,80781.80000000,80611.89000000,80648.73000000,0.25015000
1778626800000,80704.09000000,80711.79000000,80464.20000000,80483.20000000,0.18749000
1778630400000,80490.16000000,80780.23000000,80462.54000000,80726.22000000,0.19724000
1778634000000,80715.43000000,81170.40000000,80693.11000000,81021.42000000,3.58027000
1778637600000,81013.60000000,81270.23000000,80865.25000000,81041.60000000,10.66943000
1778641200000,81047.73000000,81299.99000000,80980.41000000,81208.97000000,5.58164000
1778644800000,81273.63000000,81273.63000000,81006.89000000,81241.89000000,15.39055000
1778648400000,81238.55000000,81242.45000000,80966.56000000,80991.96000000,6.34325000
1778652000000,81027.03000000,81160.81000000,80936.61000000,80969.35000000,5.80606000
1778655600000,81007.60000000,81037.03000000,80865.25000000,81011.55000000,4.90100000
1778659200000,81033.00000000,81200.66000000,80796.00000000,81156.47000000,7.37669000
1778662800000,81180.24000000,81309.42000000,81120.15000000,81248.67000000,2.32882000
1778666400000,81284.00000000,81284.00000000,80815.62000000,80837.07000000,7.98682000
1778670000000,80802.47000000,80802.47000000,80522.92000000,80522.92000000,3.87813000
1778673600000,80494.16000000,80602.62000000,79848.75000000,80177.24000000,4.54514000
1778677200000,80202.24000000,80336.96000000,79577.57000000,79613.55000000,1.90361000
1778680800000,79585.64000000,79842.26000000,79500.00000000,79778.47000000,0.94605000
1778684400000,79844.36000000,79865.72000000,78831.90000000,78834.30000000,2.39661000
1778688000000,78843.19000000,79221.77000000,78776.88000000,79074.10000000,1.21467000
1778691600000,79213.22000000,79537.17000000,79180.15000000,79537.17000000,1.07519000
1778695200000,79515.45000000,79822.62000000,79515.45000000,79643.72000000,7.51503000
1778698800000,79629.55000000,79647.37000000,79455.34000000,79643.15000000,2.48971000
1778702400000,79652.81000000,79748.13000000,79636.55000000,79708.84000000,2.71089000
1778706000000,79711.71000000,79719.22000000,79385.23000000,79390.60000000,3.23383000
1778709600000,79391.19000000,79478.11000000,79245.79000000,79444.04000000,0.67023000
1778713200000,79426.17000000,79488.82000000,79266.11000000,79329.71000000,0.80714000
1778716800000,79335.34000000,79688.69000000,79335.34000000,79597.03000000,0.72172000
1778720400000,79578.29000000,79679.90000000,79433.20000000,79632.92000000,0.40892000
1778724000000,79607.27000000,79669.45000000,79244.33000000,79359.62000000,0.29102000
1778727600000,79364.47000000,79457.48000000,78954.14000000,79031.64000000,4.47772000
1778731200000,79029.52000000,79463.21000000,79013.00000000,79450.27000000,0.41111000
1778734800000,79432.42000000,79979.48000000,79409.17000000,79822.66000000,0.13805000
1778738400000,79830.28000000,79945.59000000,79790.17000000,79822.93000000,0.00569000
1778742000000,79851.75000000,79933.24000000,79731.14000000,79854.00000000,0.01758000
1778745600000,79743.75000000,79945.59000000,79674.27000000,79829.69000000,0.39343000
1778749200000,79875.12000000,79875.12000000,79811.45000000,79811.45000000,0.00461000
1778752800000,79633.56000000,79722.15000000,79430.02000000,79596.60000000,1.16379000
1778756400000,79596.60000000,79612.46000000,79245.79000000,79270.44000000,0.28446000
1778760000000,79306.60000000,79784.66000000,79302.34000000,79784.66000000,1.35055000
1778763600000,79735.89000000,80038.66000000,79712.16000000,79712.16000000,5.29486000
1778767200000,79622.39000000,81010.05000000,79581.27000000,80940.49000000,2.20025000
1778770800000,81038.50000000,81320.27000000,80827.98000000,81307.30000000,6.57908000
1778774400000,81340.00000000,81835.71000000,81127.04000000,81835.71000000,7.46079000
1778778000000,81880.79000000,82030.33000000,81328.17000000,81677.89000000,9.90038000
1778781600000,81706.15000000,81966.74000000,81461.09000000,81566.86000000,3.27716000
1778785200000,81574.62000000,81697.71000000,81343.42000000,81432.49000000,2.68085000
1778788800000,81487.87000000,81607.31000000,81172.77000000,81388.36000000,0.86658000
1778792400000,81412.78000000,81510.14000000,81282.21000000,81394.10000000,0.78847000
1778796000000,81363.94000000,81558.43000000,81337.14000000,81428.53000000,0.06565000
1778799600000,81431.41000000,81431.41000000,81069.81000000,81077.62000000,0.88311000
1778803200000,81106.40000000,81658.81000000,81078.18000000,81496.98000000,3.25137000
1778806800000,81544.01000000,81721.21000000,81127.04000000,81177.23000000,7.11813000
1778810400000,81114.19000000,81350.41000000,80776.68000000,81337.16000000,9.73990000
1778814000000,81342.23000000,81351.86000000,80953.87000000,81108.63000000,0.18948000
1778817600000,81070.97000000,81104.60000000,80728.18000000,80728.18000000,0.73686000
1778821200000,80713.59000000,80867.41000000,80313.77000000,80364.88000000,0.45538000
1778824800000,80327.28000000,80633.00000000,80320.41000000,80596.18000000,0.16245000
1778828400000,80606.70000000,80967.07000000,80586.53000000,80838.13000000,0.11692000
1778832000000,80807.32000000,80807.32000000,80462.54000000,80627.28000000,0.45041000
1778835600000,80581.25000000,80633.16000000,80377.17000000,80464.28000000,0.05040000
1778839200000,80450.16000000,80736.82000000,80446.24000000,80715.62000000,0.31152000
1778842800000,80742.66000000,80742.66000000,80599.00000000,80678.73000000,0.05549000
1778846400000,80546.64000000,80607.81000000,80332.99000000,80366.38000000,1.43500000
1778850000000,80313.77000000,80313.77000000,78700.00000000,78799.68000000,6.14307000
1778853600000,78700.00000000,79358.25000000,78670.40000000,79257.54000000,2.70792000
1778857200000,79173.58000000,79337.16000000,79033.99000000,79202.32000000,0.87193000
1778860800000,79144.78000000,79376.07000000,79131.39000000,79313.65000000,1.11222000
1778864400000,79272.02000000,79481.73000000,79240.89000000,79463.00000000,0.36357000
1778868000000,79488.82000000,79546.52000000,79198.47000000,79293.89000000,0.42165000
1778871600000,79226.56000000,79229.98000000,79085.85000000,79172.99000000,0.30945000
1778875200000,79203.24000000,79208.99000000,79033.99000000,79102.76000000,0.36334000
1778878800000,79120.50000000,79201.95000000,78965.94000000,78965.94000000,0.52028000
1778882400000,79020.34000000,79135.34000000,79020.34000000,79123.58000000,0.28742000
1778886000000,79103.37000000,79144.70000000,79085.58000000,79112.25000000,0.20507000
1778889600000,79094.24000000,79236.97000000,79090.00000000,79106.30000000,0.48942000
1778893200000,79120.90000000,79162.05000000,79021.89000000,79160.00000000,0.82277000
1778896800000,79173.47000000,79195.16000000,79086.74000000,79109.47000000,0.21256000
1778900400000,79148.89000000,79195.15000000,79078.94000000,79118.88000000,0.10326000
1778904000000,79084.80000000,79117.45000000,78876.56000000,78995.75000000,0.17959000
1778907600000,79033.82000000,79038.87000000,78972.31000000,78992.61000000,0.21303000
1778911200000,79021.90000000,79031.93000000,78478.22000000,78645.74000000,1.18545000
1778914800000,78649.95000000,78649.95000000,78100.39000000,78356.82000000,2.29165000
1778918400000,78378.60000000,78519.82000000,78366.53000000,78387.72000000,0.63371000
1778922000000,78399.29000000,78406.06000000,77912.38000000,78085.60000000,5.63259000
1778925600000,78028.61000000,78028.61000000,77634.48000000,77945.51000000,3.11209000
1778929200000,78028.61000000,78190.74000000,78021.27000000,78165.49000000,2.39446000
1778932800000,78096.08000000,78122.65000000,77967.42000000,78030.48000000,2.38762000
1778936400000,78011.56000000,78011.56000000,77864.99000000,77989.49000000,1.40599000
1778940000000,78010.93000000,78329.03000000,77917.15000000,78143.30000000,2.80904000
1778943600000,78157.25000000,78246.47000000,78085.81000000,78230.57000000,5.04972000
1778947200000,78230.57000000,78359.28000000,78192.79000000,78193.82000000,12.61585000
1778950800000,78193.83000000,78305.19000000,78193.83000000,78219.75000000,0.15136000
1778954400000,78229.09000000,78302.00000000,78155.53000000,78246.24000000,0.55111000
1778958000000,78241.37000000,78313.28000000,78184.68000000,78263.39000000,0.52660000
1778961600000,78279.38000000,78329.73000000,78226.36000000,78259.84000000,0.07416000
1778965200000,78259.45000000,78298.92000000,78222.01000000,78283.95000000,0.31564000
1778968800000,78243.34000000,78264.38000000,78186.92000000,78205.53000000,0.06729000
1778972400000,78200.09000000,78243.98000000,78154.97000000,78154.97000000,0.02087000
1778976000000,78210.51000000,78244.07000000,77840.14000000,77840.14000000,0.12116000
1778979600000,77968.69000000,78109.39000000,77750.00000000,77750.00000000,0.24767000
1778983200000,77785.88000000,77937.79000000,77756.88000000,77894.74000000,0.21729000
1778986800000,77929.79000000,78085.35000000,77929.79000000,78010.38000000,0.24860000
1778990400000,78067.18000000,78213.24000000,78048.32000000,78151.57000000,0.65743000
1778994000000,78163.32000000,78310.00000000,78160.06000000,78171.89000000,0.08306000
1778997600000,78167.52000000,78199.50000000,78049.29000000,78073.29000000,0.09017000
1779001200000,78123.88000000,78207.97000000,78089.04000000,78180.55000000,0.16004000
1779004800000,78188.55000000,78188.55000000,78042.24000000,78093.99000000,0.05032000
1779008400000,78116.05000000,78253.91000000,78102.12000000,78247.65000000,0.07327000
1779012000000,78251.32000000,78575.36000000,78251.32000000,78457.21000000,2.88583000
1779015600000,78457.21000000,78463.00000000,78311.41000000,78398.00000000,3.89510000
1779019200000,78424.26000000,78529.82000000,78376.60000000,78376.67000000,2.69150000
1779022800000,78343.41000000,78345.22000000,78205.00000000,78217.01000000,2.62569000
1779026400000,78209.84000000,78209.84000000,77896.05000000,78074.46000000,2.26449000
1779030000000,78057.28000000,78133.58000000,77960.42000000,78052.68000000,0.30713000
1779033600000,78084.46000000,78174.00000000,78044.47000000,78065.39000000,0.13547000
1779037200000,77984.52000000,78093.94000000,77898.93000000,78093.94000000,0.25323000
1779040800000,78062.57000000,78278.65000000,78055.27000000,78260.46000000,2.53519000
1779044400000,78278.64000000,78473.17000000,78225.03000000,78396.02000000,3.79451000
1779048000000,78414.23000000,78415.95000000,78258.54000000,78278.15000000,0.18021000
1779051600000,78277.37000000,78474.50000000,78246.20000000,78384.81000000,5.50261000
1779055200000,78384.81000000,78417.41000000,77850.00000000,77997.27000000,0.25991000
1779058800000,77992.43000000,77999.52000000,76750.23000000,77436.87000000,10.57173000
1779062400000,77451.16000000,77451.16000000,76913.85000000,77197.79000000,6.85659000
1779066000000,77197.79000000,77268.10000000,76777.35000000,77133.20000000,15.26193000
1779069600000,77123.78000000,77244.82000000,76733.99000000,76823.43000000,5.19985000
1779073200000,76851.90000000,77015.74000000,76820.18000000,76909.62000000,5.30282000
1779076800000,76928.47000000,77050.15000000,76798.19000000,77050.15000000,8.03889000
1779080400000,77058.32000000,77079.32000000,76893.11000000,76945.61000000,0.30219000
1779084000000,76925.56000000,76947.01000000,76608.00000000,76925.25000000,0.59918000
1779087600000,76994.22000000,77072.13000000,76821.20000000,77067.72000000,0.26251000
1779091200000,77102.27000000,77165.13000000,76896.24000000,77035.34000000,0.14736000
1779094800000,76989.15000000,76990.05000000,76895.02000000,76914.83000000,0.23763000
1779098400000,76879.80000000,76879.80000000,76740.91000000,76800.33000000,0.14236000
1779102000000,76727.89000000,77407.25000000,76700.00000000,77268.19000000,3.88290000
1779105600000,77300.92000000,77778.11000000,77297.97000000,77637.43000000,0.32559000
1779109200000,77654.27000000,77659.83000000,76718.39000000,76944.27000000,2.18885000
1779112800000,76871.34000000,76961.44000000,76256.13000000,76401.07000000,1.30651000
1779116400000,76360.84000000,76431.39000000,76067.00000000,76411.18000000,0.67645000
1779120000000,76348.04000000,76642.34000000,76235.96000000,76440.06000000,0.67223000
1779123600000,76409.79000000,76750.57000000,76409.79000000,76750.57000000,0.14563000
1779127200000,76686.96000000,76686.96000000,76172.57000000,76281.86000000,0.53548000
1779130800000,76270.49000000,76977.02000000,76270.49000000,76887.84000000,0.91453000
1779134400000,76965.11000000,77165.67000000,76899.41000000,76939.84000000,4.62848000
1779138000000,76902.33000000,77179.97000000,76832.83000000,77105.27000000,5.24005000
1779141600000,77132.35000000,77219.87000000,76932.48000000,77007.73000000,2.89077000
1779145200000,77073.23000000,77147.35000000,76990.56000000,77006.42000000,0.11651000
1779148800000,77006.42000000,77367.62000000,76967.27000000,77149.18000000,5.17282000
1779152400000,77105.69000000,77129.87000000,76661.89000000,76661.89000000,0.31082000
1779156000000,76661.89000000,76950.00000000,76500.00000000,76621.35000000,0.05728000
1779159600000,76595.47000000,76843.70000000,76595.47000000,76790.67000000,0.02628000
1779163200000,76766.96000000,76949.62000000,76692.15000000,76901.58000000,0.08891000
1779166800000,76938.89000000,77000.00000000,76651.58000000,76928.61000000,0.06509000
1779170400000,76977.51000000,77101.26000000,76937.68000000,77042.22000000,0.13625000
1779174000000,77032.90000000,77282.81000000,76986.13000000,77218.91000000,0.03324000
1779177600000,77255.76000000,77282.81000000,76967.03000000,77059.53000000,0.02641000
1779181200000,77051.77000000,77054.45000000,76743.27000000,76777.64000000,0.05434000
1779184800000,76806.79000000,77098.04000000,76724.68000000,77049.26000000,0.03803000
1779188400000,77052.72000000,77069.63000000,76670.49000000,76726.62000000,1.30709000
1779192000000,76689.86000000,76985.67000000,76681.25000000,76985.67000000,1.38456000
1779195600000,76934.53000000,77050.15000000,76594.69000000,76884.55000000,1.26267000
1779199200000,76859.12000000,77007.39000000,76153.56000000,76404.78000000,2.90931000
1779202800000,76401.11000000,76684.58000000,76370.04000000,76481.58000000,0.52203000
1779206400000,76513.07000000,76898.91000000,76439.89000000,76898.91000000,2.28641000
1779210000000,76898.91000000,77005.34000000,76722.25000000,76818.75000000,8.70349000
1779213600000,76852.75000000,76949.87000000,76785.37000000,76821.62000000,0.49367000
1779217200000,76851.01000000,77066.30000000,76805.80000000,76880.00000000,2.55859000
1779220800000,76833.91000000,77044.41000000,76833.91000000,77031.06000000,0.11745000
1779224400000,77005.73000000,77045.17000000,76972.84000000,77009.99000000,0.56870000
1779228000000,77009.99000000,77009.99000000,76656.12000000,76734.91000000,2.28110000
1779231600000,76726.93000000,76976.92000000,76709.85000000,76833.85000000,0.04517000
1779235200000,76901.97000000,76901.97000000,76527.01000000,76756.39000000,2.79416000
1779238800000,76804.25000000,76919.92000000,76567.52000000,76826.97000000,0.33552000
1779242400000,76784.33000000,76908.65000000,76637.71000000,76710.88000000,0.05403000
1779246000000,76683.10000000,76822.70000000,76587.95000000,76740.99000000,0.11125000
1779249600000,76804.52000000,76823.64000000,76741.78000000,76761.63000000,0.16994000
1779253200000,76759.60000000,77302.97000000,76758.93000000,77183.49000000,0.69840000
1779256800000,77231.85000000,77435.80000000,77218.14000000,77422.78000000,0.36925000
1779260400000,77419.57000000,77486.66000000,77278.80000000,77278.80000000,0.97345000
1779264000000,77299.39000000,77628.97000000,77266.14000000,77479.28000000,0.09056000
1779267600000,77469.70000000,77541.55000000,77419.07000000,77465.39000000,0.58068000
1779271200000,77465.39000000,77664.93000000,77465.39000000,77512.13000000,0.08819000
1779274800000,77567.60000000,77567.60000000,77375.78000000,77409.68000000,0.03261000
1779278400000,77488.61000000,77726.37000000,77389.39000000,77631.63000000,0.32297000
1779282000000,77614.25000000,77614.25000000,77000.00000000,77132.50000000,4.65685000
1779285600000,77256.04000000,77555.95000000,76876.27000000,77460.77000000,6.72077000
1779289200000,77462.03000000,77835.07000000,77307.75000000,77432.58000000,1.48704000
1779292800000,77467.47000000,77567.67000000,77025.07000000,77356.97000000,1.07717000
1779296400000,77340.47000000,77705.84000000,77250.52000000,77565.74000000,0.68543000
1779300000000,77567.00000000,77610.69000000,77390.40000000,77466.29000000,0.70905000
1779303600000,77408.08000000,77705.84000000,77373.53000000,77665.58000000,0.43915000
1779307200000,77682.09000000,77750.00000000,77486.66000000,77708.54000000,0.35526000
1779310800000,77709.58000000,77750.00000000,77488.26000000,77488.26000000,2.60745000
1779314400000,77486.66000000,77510.99000000,77231.19000000,77510.99000000,2.93252000
1779318000000,77518.92000000,77576.52000000,77409.56000000,77542.46000000,0.31776000
1779321600000,77575.77000000,78068.62000000,77554.46000000,77940.50000000,1.91185000
1779325200000,77963.11000000,78157.45000000,77812.53000000,77837.34000000,0.56652000
1779328800000,77856.43000000,78096.60000000,77843.25000000,77969.64000000,3.14718000
1779332400000,77971.31000000,78090.95000000,77925.44000000,78090.95000000,0.27402000
1779336000000,78076.97000000,78160.84000000,77965.77000000,78044.71000000,2.09376000
1779339600000,78017.56000000,78136.50000000,77782.75000000,77810.95000000,0.31557000
1779343200000,77821.14000000,77878.75000000,77555.95000000,77630.81000000,0.24756000
1779346800000,77614.34000000,77905.21000000,77515.46000000,77905.21000000,0.25311000
1779350400000,77902.39000000,78175.08000000,77902.39000000,77936.14000000,2.67234000
1779354000000,77913.56000000,77953.47000000,77653.22000000,77653.22000000,1.71999000
1779357600000,77652.14000000,77683.80000000,77179.75000000,77244.26000000,0.37651000
1779361200000,77218.95000000,77371.21000000,77143.50000000,77185.28000000,0.44082000
1779364800000,77236.22000000,77350.64000000,77105.69000000,77295.36000000,0.24236000
1779368400000,77287.80000000,77365.61000000,76750.00000000,77108.39000000,0.86281000
1779372000000,77151.80000000,77233.05000000,76794.40000000,76982.02000000,0.42886000
1779375600000,76996.38000000,77377.59000000,76923.47000000,77271.73000000,0.23445000
1779379200000,77294.08000000,77333.86000000,77046.29000000,77120.36000000,0.71204000
1779382800000,77268.10000000,78075.26000000,77188.99000000,78005.11000000,3.54089000
1779386400000,77900.34000000,77908.50000000,77268.10000000,77382.86000000,3.04451000
1779390000000,77395.67000000,77778.11000000,77376.45000000,77750.42000000,0.51370000
1779393600000,77703.07000000,77809.03000000,77661.02000000,77707.15000000,1.38037000
1779397200000,77729.44000000,77813.03000000,77678.11000000,77702.09000000,0.38412000
1779400800000,77645.64000000,77756.56000000,77560.19000000,77626.77000000,3.46290000
1779404400000,77623.44000000,77729.07000000,77556.12000000,77609.93000000,0.15721000
1779408000000,77638.44000000,77646.66000000,77375.20000000,77424.77000000,0.68324000
1779411600000,77355.92000000,77645.68000000,77317.95000000,77598.28000000,0.16124000
1779415200000,77661.55000000,77737.78000000,77615.78000000,77641.94000000,0.11530000
1779418800000,77712.63000000,77818.19000000,77686.56000000,77782.10000000,0.17787000
1779422400000,77790.72000000,77891.23000000,77638.22000000,77646.14000000,4.60088000
1779426000000,77653.50000000,77725.36000000,77486.66000000,77486.66000000,0.55396000
1779429600000,77470.92000000,77495.84000000,77393.66000000,77412.02000000,0.07692000
1779433200000,77417.91000000,77533.42000000,77295.94000000,77430.48000000,0.50427000
1779436800000,77449.79000000,77539.54000000,77239.26000000,77309.25000000,2.77925000
1779440400000,77243.90000000,77363.84000000,77243.90000000,77363.84000000,0.00557000
1779444000000,77324.34000000,77361.42000000,77276.08000000,77319.07000000,0.03513000
1779447600000,77334.03000000,77419.87000000,77187.92000000,77410.08000000,0.31360000
1779451200000,77436.78000000,77574.97000000,77405.05000000,77503.74000000,2.29201000
1779454800000,77540.35000000,77560.36000000,77154.70000000,77267.63000000,2.20812000
1779458400000,77262.90000000,77262.90000000,76743.00000000,76777.05000000,4.79545000
1779462000000,76763.28000000,76996.74000000,76592.57000000,76823.75000000,4.91864000
1779465600000,76805.16000000,76997.17000000,76764.99000000,76974.10000000,5.07944000
1779469200000,76965.41000000,77098.16000000,76751.14000000,76751.14000000,5.80770000
1779472800000,76751.16000000,76923.40000000,76127.47000000,76552.57000000,3.63613000
1779476400000,76545.14000000,76586.79000000,75701.10000000,75861.38000000,12.19919000
1779480000000,75861.38000000,76103.49000000,75836.86000000,75998.88000000,3.49474000
1779483600000,75999.61000000,76075.27000000,75957.85000000,75970.42000000,2.87159000
1779487200000,75972.90000000,75983.53000000,75547.21000000,75730.25000000,3.24772000
1779490800000,75752.64000000,75866.18000000,75354.82000000,75555.70000000,0.47713000
1779494400000,75543.03000000,75607.07000000,75239.33000000,75386.21000000,0.86223000
1779498000000,75397.69000000,75510.47000000,75397.69000000,75481.56000000,0.27085000
1779501600000,75508.36000000,75547.20000000,75454.36000000,75547.20000000,0.31696000
1779505200000,75602.52000000,75666.42000000,75581.75000000,75646.71000000,0.22002000
1779508800000,75646.71000000,75651.67000000,75518.63000000,75537.99000000,0.13172000
1779512400000,75543.52000000,75554.89000000,75477.40000000,75477.40000000,0.04235000
1779516000000,75465.35000000,75501.67000000,75393.25000000,75399.67000000,2.71043000
1779519600000,75403.58000000,75432.83000000,74320.00000000,74585.23000000,2.13130000
1779523200000,74620.31000000,74738.44000000,74364.94000000,74658.76000000,1.08555000
1779526800000,74647.39000000,74763.00000000,74642.39000000,74763.00000000,1.23143000
1779530400000,74685.35000000,74771.54000000,74685.35000000,74738.53000000,0.08474000
1779534000000,74701.20000000,74843.87000000,74701.20000000,74815.35000000,1.18559000
1779537600000,74809.99000000,74809.99000000,74679.00000000,74752.35000000,0.44510000
1779541200000,74864.86000000,75249.67000000,74864.86000000,75203.34000000,0.59971000
1779544800000,75218.42000000,75674.80000000,75102.80000000,75538.19000000,5.94484000
1779548400000,75557.68000000,75665.41000000,75451.26000000,75504.58000000,0.72001000
1779552000000,75537.00000000,75610.97000000,75440.03000000,75487.25000000,0.03928000
1779555600000,75534.75000000,75534.75000000,75407.78000000,75499.88000000,0.24807000
1779559200000,75499.89000000,75960.58000000,75477.62000000,75833.75000000,8.32572000
1779562800000,75838.14000000,75985.00000000,75786.73000000,75964.64000000,0.28464000
1779566400000,76000.00000000,77275.18000000,75986.83000000,77275.18000000,8.91406000
1779570000000,77279.00000000,77393.40000000,76532.11000000,76735.65000000,0.53917000
1779573600000,76832.82000000,76881.89000000,76405.66000000,76603.88000000,0.20200000
1779577200000,76547.75000000,76799.96000000,76547.75000000,76772.08000000,0.33583000
1779580800000,76775.63000000,76923.64000000,76633.14000000,76849.47000000,2.78222000
1779584400000,76842.49000000,76937.89000000,76772.14000000,76871.19000000,2.99734000
1779588000000,76891.11000000,76911.06000000,76713.28000000,76837.97000000,0.09471000
1779591600000,76832.11000000,76995.10000000,76770.00000000,76770.00000000,0.10509000
1779595200000,76812.04000000,76848.58000000,76729.65000000,76791.84000000,0.08619000
1779598800000,76789.77000000,76848.58000000,76668.71000000,76841.79000000,2.73677000
1779602400000,76831.42000000,77051.49000000,76644.62000000,77001.33000000,2.76062000
1779606000000,76991.48000000,77030.97000000,76801.43000000,76801.43000000,0.52323000
1779609600000,76814.80000000,76832.37000000,76748.26000000,76822.67000000,0.03790000
1779613200000,76831.36000000,77032.11000000,76831.36000000,77032.11000000,0.11974000
1779616800000,77032.11000000,77516.96000000,76937.44000000,77200.61000000,5.82992000
1779620400000,77261.75000000,77341.86000000,77216.12000000,77310.29000000,5.13629000
1779624000000,77291.18000000,77308.07000000,77055.69000000,77114.07000000,0.64172000
1779627600000,77109.68000000,77125.88000000,76565.43000000,76805.97000000,2.88628000
1779631200000,76821.35000000,76824.99000000,76188.19000000,76453.99000000,6.96183000
1779634800000,76464.90000000,76548.46000000,76341.54000000,76394.04000000,1.44347000
1779638400000,76388.66000000,76724.68000000,76369.39000000,76684.80000000,4.20618000
1779642000000,76693.40000000,76777.35000000,76598.13000000,76699.22000000,9.86448000
1779645600000,76709.52000000,76792.79000000,76614.01000000,76627.28000000,0.14000000
1779649200000,76735.89000000,76780.91000000,76623.36000000,76780.91000000,0.01825000
1779652800000,76793.61000000,76793.61000000,76617.55000000,76641.86000000,0.02951000
1779656400000,76671.06000000,76746.32000000,76103.72000000,76145.55000000,0.71604000
1779660000000,76181.89000000,76992.42000000,76176.13000000,76802.00000000,0.16442000
1779663600000,76835.80000000,77205.18000000,76835.80000000,77098.76000000,2.83955000
1779667200000,77127.41000000,77284.06000000,77104.35000000,77133.14000000,2.86718000
1779670800000,77153.23000000,77254.54000000,76906.95000000,76909.56000000,5.69172000
1779674400000,77020.39000000,77445.91000000,77020.39000000,77101.45000000,0.93345000
1779678000000,77168.22000000,77168.22000000,76999.82000000,77039.89000000,0.10027000
1779681600000,77030.58000000,77425.95000000,76984.64000000,77382.10000000,0.30822000
1779685200000,77360.29000000,77501.20000000,77314.42000000,77390.03000000,0.91583000
1779688800000,77413.92000000,77621.14000000,77241.57000000,77396.53000000,0.66143000
1779692400000,77448.92000000,77494.06000000,77200.98000000,77376.24000000,0.20451000
1779696000000,77421.38000000,77464.63000000,77291.92000000,77441.61000000,0.11174000
1779699600000,77486.63000000,77674.00000000,77422.87000000,77616.60000000,6.12650000
1779703200000,77573.49000000,77698.62000000,77513.49000000,77552.87000000,0.07048000
1779706800000,77486.81000000,77524.83000000,77328.41000000,77368.43000000,0.25218000
1779710400000,77364.95000000,77431.27000000,77300.94000000,77390.09000000,2.82701000
1779714000000,77390.09000000,77449.58000000,77301.41000000,77337.30000000,2.88115000
1779717600000,77337.30000000,77749.59000000,77308.33000000,77729.55000000,0.39862000
1779721200000,77743.25000000,77875.41000000,77576.53000000,77651.10000000,3.36539000
1779724800000,77641.00000000,77827.60000000,77520.15000000,77743.80000000,0.20391000
1779728400000,77740.11000000,77792.73000000,77551.68000000,77566.10000000,0.44759000
1779732000000,77553.94000000,77655.42000000,77553.94000000,77576.97000000,0.11183000
1779735600000,77540.88000000,77540.88000000,77362.52000000,77442.09000000,0.24541000
1779739200000,77413.57000000,77500.35000000,77246.16000000,77296.27000000,2.93101000
1779742800000,77318.82000000,77380.46000000,77286.10000000,77345.66000000,0.13051000
1779746400000,77382.68000000,77436.46000000,77050.00000000,77126.91000000,0.11454000
1779750000000,77093.00000000,77347.56000000,77093.00000000,77347.56000000,0.04682000
1779753600000,77299.39000000,77310.50000000,76563.06000000,76822.77000000,2.99627000
1779757200000,76794.36000000,76890.86000000,76585.97000000,76749.30000000,0.57651000
1779760800000,76701.32000000,76815.18000000,76508.57000000,76617.63000000,1.46887000
1779764400000,76646.77000000,76692.19000000,76458.84000000,76660.10000000,0.13995000
1779768000000,76641.96000000,76794.65000000,76627.39000000,76751.84000000,0.31246000
1779771600000,76720.91000000,76965.45000000,76714.59000000,76896.20000000,0.19732000
1779775200000,76907.50000000,77029.17000000,76813.70000000,76926.36000000,0.04692000
1779778800000,76931.08000000,76931.08000000,76607.64000000,76738.19000000,0.04560000
1779782400000,76726.94000000,76835.80000000,76684.61000000,76719.73000000,0.23302000
1779786000000,76717.65000000,76795.23000000,76656.27000000,76656.27000000,0.00797000
1779789600000,76653.79000000,77613.96000000,76600.00000000,77439.65000000,0.21235000
1779793200000,77433.70000000,77491.66000000,77189.13000000,77236.38000000,3.90316000
1779796800000,77199.82000000,77227.29000000,76890.91000000,77086.40000000,0.14431000
1779800400000,77115.25000000,77445.91000000,76718.39000000,77218.08000000,5.76008000
1779804000000,77226.21000000,78064.22000000,76748.25000000,76913.02000000,3.64588000
1779807600000,76913.02000000,76999.88000000,76270.88000000,76533.91000000,6.10324000
1779811200000,76537.75000000,76686.14000000,76250.00000000,76531.71000000,1.31736000
1779814800000,76540.12000000,76642.06000000,75858.04000000,75963.00000000,1.07714000
1779818400000,75954.64000000,76243.40000000,75807.28000000,75840.73000000,0.40550000
1779822000000,75832.71000000,76101.77000000,75813.82000000,76027.27000000,1.57393000
1779825600000,76068.47000000,76192.91000000,76000.47000000,76094.79000000,0.50673000
1779829200000,76123.95000000,76129.38000000,75877.96000000,75877.96000000,0.51971000
1779832800000,75906.98000000,75991.89000000,75692.44000000,75731.23000000,0.58630000
1779836400000,75866.87000000,75969.62000000,75842.37000000,75924.57000000,0.35957000
1779840000000,75976.17000000,76092.34000000,75893.25000000,76092.34000000,0.10995000
1779843600000,76092.34000000,76092.34000000,75854.53000000,75880.72000000,0.15828000
1779847200000,75886.86000000,75894.81000000,75696.64000000,75849.72000000,0.51921000
1779850800000,75892.26000000,75976.17000000,75645.26000000,75677.30000000,0.04673000
1779854400000,75665.38000000,75711.27000000,75328.59000000,75585.99000000,1.68629000
1779858000000,75633.71000000,75710.25000000,75609.20000000,75699.35000000,1.24208000
1779861600000,75731.14000000,75872.51000000,75704.72000000,75872.51000000,0.02359000
1779865200000,75869.78000000,75969.62000000,75793.64000000,75969.62000000,0.11339000
1779868800000,75974.33000000,76050.64000000,75863.05000000,75866.26000000,0.02871000
1779872400000,75880.54000000,75939.49000000,75710.69000000,75906.14000000,0.00735000
1779876000000,75899.40000000,76007.89000000,75878.44000000,75945.09000000,2.82215000
1779879600000,75967.77000000,76030.38000000,75767.36000000,75784.89000000,0.18678000
1779883200000,75767.14000000,76150.08000000,75598.63000000,75687.68000000,0.27208000
1779886800000,75744.67000000,75744.67000000,74884.80000000,74983.45000000,0.89057000
1779890400000,75116.12000000,75250.74000000,74779.16000000,75062.48000000,0.47045000
1779894000000,75036.30000000,75499.92000000,74994.53000000,75284.04000000,4.35406000
1779897600000,75342.60000000,75351.65000000,75003.00000000,75297.33000000,4.45500000
1779901200000,75301.58000000,75347.34000000,74704.15000000,74844.89000000,4.17930000
1779904800000,74874.45000000,75022.03000000,74681.82000000,75020.24000000,4.12820000
1779908400000,75040.50000000,75262.70000000,74962.98000000,75077.26000000,2.35464000
1779912000000,75061.98000000,75424.20000000,75061.98000000,75286.07000000,0.41599000
1779915600000,75256.98000000,75256.98000000,74337.57000000,74337.57000000,0.73333000
1779919200000,74422.69000000,74719.22000000,74287.62000000,74427.17000000,0.50754000
1779922800000,74402.89000000,74541.34000000,74251.16000000,74467.65000000,0.65405000
1779926400000,74447.63000000,74578.36000000,74388.24000000,74578.36000000,0.38101000
1779930000000,74581.30000000,74592.59000000,74186.18000000,74300.62000000,3.06409000
1779933600000,74365.36000000,74382.20000000,74140.54000000,74316.57000000,1.10789000
1779937200000,74296.71000000,74355.76000000,73086.86000000,73268.00000000,5.91913000
1779940800000,73266.04000000,73266.04000000,72769.33000000,73174.84000000,5.94753000
1779944400000,73174.84000000,73199.52000000,72959.29000000,72978.52000000,0.37733000
1779948000000,72975.03000000,73215.66000000,72792.26000000,73195.48000000,0.33839000
1779951600000,73205.65000000,73505.97000000,73165.68000000,73461.46000000,0.13540000
1779955200000,73435.23000000,73435.23000000,73239.82000000,73340.51000000,0.06605000
1779958800000,73348.18000000,73525.26000000,73315.51000000,73520.32000000,0.01360000
1779962400000,73541.80000000,73600.07000000,73391.72000000,73454.91000000,0.20148000
1779966000000,73409.24000000,73515.16000000,73359.34000000,73493.84000000,0.04068000
1779969600000,73514.73000000,73572.85000000,73269.06000000,73531.69000000,0.12043000
1779973200000,73560.16000000,73560.16000000,72794.39000000,72999.86000000,0.92761000
1779976800000,73011.49000000,73512.90000000,72609.20000000,73030.76000000,0.71473000
1779980400000,73010.69000000,73147.69000000,72731.53000000,72904.89000000,0.50664000
1779984000000,72893.72000000,73424.51000000,72763.71000000,73409.91000000,1.31275000
1779987600000,73437.75000000,73716.51000000,73304.28000000,73510.53000000,1.31977000
1779991200000,73617.97000000,73731.29000000,73574.28000000,73716.26000000,6.97490000
1779994800000,73623.77000000,73623.77000000,73378.53000000,73378.53000000,0.54544000
1779998400000,73443.53000000,73685.78000000,73275.55000000,73596.97000000,0.38886000
1780002000000,73607.84000000,73896.39000000,73553.23000000,73833.64000000,0.16282000
1780005600000,73887.07000000,73941.20000000,73476.31000000,73476.31000000,0.29549000
1780009200000,73513.05000000,73680.02000000,73513.05000000,73622.27000000,2.89647000
1780012800000,73682.44000000,73872.40000000,73657.99000000,73721.83000000,0.14099000
1780016400000,73771.50000000,73838.25000000,73475.64000000,73574.56000000,0.42389000
1780020000000,73585.61000000,73643.92000000,73185.92000000,73219.70000000,1.61859000
1780023600000,73252.94000000,73461.01000000,73252.94000000,73314.67000000,0.08605000
1780027200000,73311.44000000,73500.00000000,73230.63000000,73500.00000000,0.02855000
1780030800000,73513.61000000,73701.47000000,73501.14000000,73687.96000000,0.17813000
1780034400000,73718.50000000,73927.83000000,73679.91000000,73794.67000000,0.13961000
1780038000000,73789.50000000,73833.11000000,73398.52000000,73497.64000000,2.83406000
1780041600000,73645.49000000,73813.89000000,73645.49000000,73654.43000000,0.05183000
1780045200000,73660.31000000,73888.86000000,73660.31000000,73749.61000000,2.83075000
1780048800000,73749.61000000,73752.39000000,73593.29000000,73635.87000000,1.45404000
1780052400000,73636.12000000,73676.51000000,73407.39000000,73461.71000000,0.08039000
1780056000000,73463.07000000,73463.07000000,73230.63000000,73309.37000000,2.89641000
1780059600000,73294.19000000,73294.80000000,72940.00000000,73186.73000000,0.28384000
1780063200000,73164.51000000,73205.44000000,72533.90000000,73122.11000000,1.32960000
1780066800000,73102.16000000,74200.00000000,73038.79000000,73825.11000000,3.66157000
1780070400000,73837.36000000,74105.25000000,73583.30000000,74081.51000000,3.41150000
1780074000000,74107.08000000,74368.12000000,73921.20000000,73993.12000000,3.60571000
1780077600000,73974.89000000,74069.31000000,73217.20000000,73358.95000000,7.09735000
1780081200000,73381.23000000,73715.88000000,73255.76000000,73513.41000000,0.41565000
1780084800000,73538.52000000,73754.46000000,73536.39000000,73680.73000000,0.61398000
1780088400000,73680.73000000,73829.72000000,73429.56000000,73436.14000000,7.21976000
1780092000000,73439.23000000,73571.67000000,73386.17000000,73489.22000000,0.32038000
1780095600000,73465.44000000,73496.07000000,73345.89000000,73481.41000000,1.48032000
1780099200000,73490.03000000,73569.79000000,73414.47000000,73526.60000000,1.50412000
1780102800000,73538.61000000,73664.28000000,73483.34000000,73664.28000000,3.07856000
1780106400000,73664.29000000,73791.22000000,73606.09000000,73787.31000000,0.14603000
1780110000000,73787.30000000,73800.00000000,73531.05000000,73533.27000000,2.94874000
1780113600000,73532.26000000,73568.20000000,73230.63000000,73366.23000000,0.33707000
1780117200000,73393.73000000,73643.53000000,73370.36000000,73628.57000000,3.13935000
1780120800000,73627.30000000,73696.28000000,73542.91000000,73568.55000000,0.37090000
1780124400000,73581.71000000,73599.41000000,73497.45000000,73540.97000000,0.35157000
1780128000000,73556.63000000,73565.55000000,73523.46000000,73523.46000000,0.07876000
1780131600000,73522.41000000,73607.64000000,73522.40000000,73600.18000000,2.78575000
1780135200000,73607.57000000,73665.86000000,73590.86000000,73632.28000000,0.15490000
1780138800000,73653.21000000,73653.21000000,73578.12000000,73601.30000000,0.09524000
1780142400000,73609.21000000,73709.00000000,73591.25000000,73673.06000000,0.84270000
1780146000000,73709.00000000,73819.47000000,73701.35000000,73803.72000000,0.27218000
1780149600000,73835.39000000,74088.32000000,73826.42000000,73952.16000000,7.77518000
1780153200000,73950.70000000,74039.86000000,73854.28000000,73936.00000000,4.10501000
1780156800000,73933.03000000,73988.59000000,73880.24000000,73946.61000000,1.48918000
1780160400000,73940.99000000,74031.16000000,73830.75000000,74019.86000000,1.59326000
1780164000000,74030.16000000,74224.30000000,73814.51000000,74038.23000000,6.97588000
1780167600000,74050.39000000,74224.30000000,73819.24000000,74005.52000000,6.90293000
1780171200000,74015.09000000,74113.36000000,73930.31000000,73968.50000000,2.74766000
1780174800000,73992.19000000,74048.89000000,73936.20000000,73957.36000000,0.17957000
1780178400000,73980.54000000,73980.54000000,73805.80000000,73897.77000000,0.19995000
1780182000000,73897.78000000,73993.37000000,73612.67000000,73850.05000000,2.98496000
1780185600000,73878.76000000,74047.89000000,73854.37000000,74047.89000000,5.41894000
1780189200000,74045.17000000,74404.68000000,73793.72000000,74051.30000000,8.44792000
1780192800000,74049.60000000,74263.43000000,73910.55000000,74093.76000000,0.52554000
1780196400000,74110.96000000,74239.08000000,74076.83000000,74177.04000000,0.09068000
1780200000000,74159.67000000,74229.28000000,74135.32000000,74195.96000000,0.06883000
1780203600000,74205.83000000,74219.98000000,74058.14000000,74058.14000000,1.72689000
1780207200000,74027.27000000,74107.77000000,74023.24000000,74073.99000000,0.01669000
1780210800000,74057.96000000,74057.96000000,73851.96000000,73897.22000000,0.06157000
1780214400000,73910.04000000,73990.32000000,73868.03000000,73977.72000000,0.04655000
1780218000000,73956.75000000,74022.61000000,73848.47000000,73848.47000000,0.01478000
1780221600000,73852.21000000,73868.61000000,73749.95000000,73850.36000000,1.69041000
1780225200000,73885.39000000,73987.58000000,73885.39000000,73984.95000000,0.40595000
1780228800000,73942.15000000,73980.82000000,73888.82000000,73919.67000000,0.20635000
1780232400000,73924.91000000,74009.82000000,73845.10000000,73877.17000000,0.11520000
1780236000000,73880.07000000,73880.07000000,73516.67000000,73604.51000000,0.66388000
1780239600000,73602.05000000,73767.73000000,73602.05000000,73663.00000000,0.03481000
1780243200000,73655.64000000,73737.84000000,73381.32000000,73547.03000000,1.19001000
1780246800000,73561.50000000,73739.38000000,73476.71000000,73704.36000000,0.20877000
1780250400000,73709.39000000,73710.57000000,73600.00000000,73606.09000000,0.03297000
1780254000000,73603.46000000,73638.31000000,73475.09000000,73542.69000000,0.02583000
1780257600000,73586.55000000,73764.38000000,73586.55000000,73727.77000000,0.09217000
1780261200000,73763.09000000,73916.93000000,73615.34000000,73883.41000000,0.05294000
1780264800000,73889.03000000,74008.38000000,73697.36000000,73960.50000000,0.20511000
1780268400000,74002.77000000,74179.35000000,73516.67000000,73672.19000000,0.30501000
1780272000000,73689.31000000,74082.52000000,73689.31000000,73910.00000000,0.20000000
1780275600000,73903.14000000,73903.14000000,73300.00000000,73300.00000000,0.18049000
1780279200000,73293.68000000,73853.81000000,73250.64000000,73804.89000000,0.22899000
1780282800000,73839.11000000,74000.00000000,73749.19000000,73769.91000000,0.11824000
1780286400000,73777.24000000,73847.73000000,73412.53000000,73565.68000000,0.07701000
1780290000000,73521.12000000,73542.05000000,73327.39000000,73361.74000000,0.14325000
1780293600000,73368.63000000,73368.63000000,72990.00000000,73143.55000000,0.06180000
1780297200000,73134.15000000,73212.29000000,72698.32000000,72833.67000000,0.34689000
1780300800000,72828.38000000,72932.12000000,72640.00000000,72908.28000000,0.35858000
1780304400000,72921.50000000,73082.00000000,72800.00000000,72878.75000000,2.35131000
1780308000000,72858.30000000,72911.53000000,72573.41000000,72750.34000000,0.29363000
1780311600000,72742.31000000,72772.39000000,72300.15000000,72478.30000000,0.55175000
1780315200000,72495.49000000,72605.94000000,71888.71000000,72222.19000000,1.15211000
1780318800000,72222.61000000,72234.66000000,71409.09000000,71717.05000000,10.70805000
1780322400000,71691.12000000,71892.12000000,71420.00000000,71539.23000000,2.54605000
1780326000000,71565.01000000,71673.21000000,71069.89000000,71087.93000000,4.02277000
1780329600000,71104.00000000,71587.23000000,70698.91000000,71568.63000000,3.16273000
1780333200000,71576.43000000,71784.59000000,71481.39000000,71670.21000000,3.46559000
1780336800000,71631.64000000,71701.75000000,71400.00000000,71511.20000000,0.84538000
1780340400000,71513.68000000,71672.06000000,71404.67000000,71576.25000000,1.37590000
1780344000000,71567.31000000,71700.36000000,71455.49000000,71455.49000000,0.95876000
1780347600000,71455.49000000,71461.62000000,70946.92000000,71047.14000000,0.56359000
1780351200000,70974.16000000,71443.68000000,70853.65000000,71424.77000000,0.82144000
1780354800000,71415.56000000,71572.25000000,71235.81000000,71419.55000000,0.94227000
1780358400000,71423.27000000,71423.27000000,71111.40000000,71290.78000000,0.30422000
1780362000000,71300.00000000,71384.39000000,70644.77000000,70644.77000000,2.00859000
1780365600000,70656.80000000,70847.15000000,70100.00000000,70689.31000000,11.60316000
1780369200000,70872.91000000,71035.69000000,70844.41000000,70935.28000000,0.67165000
1780372800000,70984.62000000,71050.90000000,70708.03000000,70810.19000000,4.11133000
1780376400000,70805.31000000,70844.07000000,70272.75000000,70272.75000000,0.83532000
1780380000000,70273.77000000,70448.23000000,69974.82000000,70013.82000000,0.98686000
1780383600000,70113.08000000,70255.34000000,69762.39000000,70120.64000000,0.53128000
1780387200000,70102.08000000,70131.59000000,69765.78000000,69787.22000000,0.27897000
1780390800000,69812.96000000,69818.20000000,69375.00000000,69413.96000000,0.30321000
1780394400000,69432.00000000,69729.01000000,69432.00000000,69681.00000000,0.07509000
1780398000000,69659.27000000,69659.27000000,69417.13000000,69496.08000000,0.20666000
1780401600000,69450.01000000,69520.81000000,69000.00000000,69000.00000000,7.77630000
1780405200000,69000.00000000,69174.69000000,68761.50000000,68761.50000000,6.48490000
1780408800000,68810.40000000,68810.40000000,67650.87000000,68003.62000000,8.56641000
1780412400000,67997.18000000,68060.62000000,67100.07000000,67310.19000000,2.42655000
1780416000000,67263.33000000,68126.70000000,67247.08000000,67420.00000000,8.68248000
1780419600000,67425.66000000,67832.24000000,67395.19000000,67468.06000000,2.14964000
1780423200000,67508.13000000,67647.57000000,67145.33000000,67343.95000000,1.18935000
1780426800000,67410.50000000,67473.74000000,66435.12000000,67282.87000000,1.71440000
1780430400000,67300.63000000,67663.66000000,66934.99000000,67580.26000000,7.18905000
1780434000000,67608.89000000,68056.87000000,67415.61000000,67578.96000000,20.39427000
1780437600000,67580.25000000,67580.25000000,66200.00000000,66398.95000000,14.14589000
1780441200000,66392.31000000,66845.65000000,66221.08000000,66764.81000000,4.58632000
1780444800000,66749.69000000,67147.08000000,66689.90000000,66945.39000000,5.20971000
1780448400000,66957.30000000,67053.01000000,66491.24000000,66915.87000000,0.87073000
1780452000000,66918.47000000,66918.47000000,66593.67000000,66593.67000000,0.66426000
1780455600000,66618.55000000,66643.91000000,65467.58000000,65827.38000000,7.94713000
1780459200000,65861.80000000,66605.51000000,65861.80000000,66453.15000000,0.45171000
1780462800000,66561.64000000,67373.48000000,66492.48000000,67349.27000000,1.95916000
1780466400000,67353.64000000,67500.00000000,66979.45000000,66979.45000000,0.81915000
1780470000000,66970.56000000,67329.93000000,66889.15000000,67228.09000000,1.49798000
1780473600000,67233.48000000,67249.83000000,66988.50000000,67039.20000000,0.17475000
1780477200000,67033.76000000,67343.36000000,66682.42000000,67112.00000000,2.54152000
1780480800000,67090.71000000,67457.72000000,67073.96000000,67288.24000000,0.42436000
1780484400000,67339.33000000,67373.01000000,67075.87000000,67075.87000000,1.54921000
1780488000000,67053.00000000,67139.78000000,66816.87000000,67086.01000000,1.27166000
1780491600000,67119.12000000,67258.22000000,66653.09000000,66883.88000000,4.59469000
1780495200000,66883.88000000,66971.27000000,66667.13000000,66826.43000000,0.27893000
1780498800000,66864.63000000,66878.59000000,66100.00000000,66100.00000000,2.54173000
1780502400000,66113.92000000,66341.20000000,65575.53000000,66063.00000000,3.50404000
1780506000000,66067.93000000,66176.12000000,65721.31000000,65980.25000000,5.29798000
1780509600000,66068.60000000,66119.37000000,65762.23000000,66049.57000000,0.81610000
1780513200000,66027.72000000,66055.03000000,65278.61000000,65492.64000000,6.25434000
1780516800000,65463.43000000,65604.45000000,64758.21000000,65010.30000000,5.02871000
1780520400000,65009.75000000,65858.53000000,65002.59000000,65763.69000000,7.26837000
1780524000000,65791.92000000,65812.54000000,64796.86000000,64922.05000000,3.76772000
1780527600000,64962.83000000,64962.83000000,64106.48000000,64151.82000000,5.44634000
1780531200000,64119.11000000,64416.20000000,62867.74000000,63310.66000000,12.19026000
1780534800000,63358.87000000,63500.14000000,62105.26000000,62242.64000000,7.55562000
1780538400000,62218.63000000,63630.60000000,61392.86000000,63213.62000000,12.80384000
1780542000000,63268.65000000,64530.64000000,63266.08000000,64371.57000000,2.11100000
1780545600000,64372.28000000,64747.52000000,64299.00000000,64412.13000000,1.25705000
1780549200000,64406.49000000,64406.49000000,63671.97000000,63973.74000000,0.73652000
1780552800000,63919.65000000,64472.05000000,63881.48000000,64032.68000000,1.71086000
1780556400000,64055.11000000,64065.07000000,63512.89000000,63664.35000000,2.58427000
1780560000000,63616.11000000,63821.03000000,63285.20000000,63710.28000000,0.86031000
1780563600000,63618.27000000,63618.27000000,62726.82000000,63225.41000000,3.80875000
1780567200000,63195.18000000,63195.18000000,62298.13000000,62409.42000000,5.86207000
1780570800000,62469.19000000,62816.96000000,62241.69000000,62559.18000000,5.80254000
1780574400000,62559.19000000,63933.50000000,62434.65000000,63778.56000000,1.29882000
1780578000000,63681.22000000,64261.80000000,63103.16000000,64205.19000000,2.39707000
1780581600000,64245.85000000,64481.93000000,63819.61000000,63965.06000000,3.66922000
1780585200000,63925.04000000,64397.26000000,63721.60000000,63954.14000000,1.88224000
1780588800000,63849.93000000,63897.65000000,63481.78000000,63591.84000000,0.60453000
1780592400000,63545.22000000,63710.28000000,62966.48000000,63542.70000000,1.59478000
1780596000000,63558.09000000,64127.43000000,63206.44000000,63821.85000000,6.23168000
1780599600000,63821.60000000,64141.83000000,63524.71000000,63634.70000000,4.78368000
1780603200000,63605.04000000,63654.03000000,63209.51000000,63581.83000000,1.13757000
1780606800000,63624.05000000,63862.67000000,63135.13000000,63304.89000000,4.03019000
1780610400000,63225.00000000,63764.83000000,63216.82000000,63725.92000000,5.86581000
1780614000000,63758.34000000,63919.09000000,63398.30000000,63892.97000000,2.90288000
1780617600000,63842.16000000,63971.29000000,63399.51000000,63402.69000000,1.27871000
1780621200000,63426.12000000,63551.58000000,63079.34000000,63365.99000000,2.86246000
1780624800000,63371.73000000,63427.85000000,62600.89000000,62637.57000000,3.90806000
1780628400000,62611.81000000,62898.60000000,62346.20000000,62723.99000000,1.38869000
1780632000000,62742.47000000,63627.01000000,62480.15000000,63619.40000000,1.74957000
1780635600000,63619.40000000,63697.84000000,62276.78000000,62313.33000000,2.25805000
1780639200000,62276.77000000,62613.17000000,61145.12000000,61951.63000000,12.08301000
1780642800000,61997.79000000,63007.38000000,61448.67000000,63007.38000000,7.86504000
1780646400000,63103.16000000,63109.65000000,62352.68000000,62382.72000000,4.77489000
1780650000000,62644.60000000,63263.30000000,62578.02000000,62852.84000000,4.74178000
1780653600000,62862.11000000,62862.11000000,62408.32000000,62497.02000000,7.41576000
1780657200000,62549.13000000,62633.66000000,61980.80000000,61980.80000000,1.76960000
1780660800000,61968.33000000,62472.22000000,61654.45000000,61965.64000000,6.81789000
1780664400000,62003.66000000,62283.81000000,60755.56000000,60755.56000000,10.93861000
1780668000000,60738.11000000,61174.89000000,60358.58000000,60888.73000000,14.07506000
1780671600000,60906.96000000,61110.57000000,60082.00000000,60487.63000000,10.26693000
1780675200000,60448.02000000,61505.86000000,59802.18000000,61430.43000000,21.35504000
1780678800000,61460.58000000,61485.30000000,60680.56000000,60800.34000000,6.61399000
1780682400000,60823.78000000,60910.55000000,59154.72000000,59427.66000000,26.25501000
1780686000000,59200.00000000,60444.10000000,59137.18000000,60374.39000000,8.75425000
1780689600000,60324.56000000,61715.37000000,59957.31000000,61666.25000000,3.31201000
1780693200000,61631.14000000,61980.80000000,61485.30000000,61665.97000000,1.18909000
1780696800000,61626.13000000,61937.97000000,61238.19000000,61563.66000000,1.60924000
1780700400000,61631.22000000,61742.44000000,60558.12000000,61106.88000000,2.70179000
1780704000000,61110.57000000,61510.96000000,61110.57000000,61307.95000000,3.46286000
1780707600000,61298.54000000,61384.63000000,60975.21000000,61064.07000000,0.75839000
1780711200000,61057.12000000,61176.26000000,60711.76000000,61000.00000000,0.50367000
1780714800000,60920.59000000,60939.83000000,60515.32000000,60665.12000000,0.97470000
1780718400000,60690.94000000,60804.18000000,59500.00000000,60053.47000000,3.50231000
1780722000000,60090.88000000,61052.63000000,59604.95000000,60958.49000000,5.40316000
1780725600000,60966.04000000,61253.31000000,60722.33000000,60749.91000000,8.07316000
1780729200000,60783.22000000,61208.47000000,60739.67000000,61014.19000000,0.68810000
1780732800000,60984.29000000,61479.20000000,60891.21000000,61263.62000000,1.93394000
1780736400000,61249.99000000,61325.01000000,60909.68000000,60993.63000000,0.58946000
1780740000000,60983.72000000,60983.72000000,60069.54000000,60604.68000000,18.74938000
1780743600000,60601.08000000,60982.45000000,60569.97000000,60800.02000000,0.65138000
1780747200000,60814.99000000,61182.78000000,60660.30000000,61017.51000000,1.24534000
1780750800000,61019.51000000,61078.26000000,60708.72000000,60803.12000000,0.39543000
1780754400000,60815.36000000,60991.72000000,60797.51000000,60800.61000000,0.89517000
1780758000000,60872.28000000,60922.29000000,60402.68000000,60814.40000000,1.11919000
1780761600000,60721.56000000,60933.02000000,60505.55000000,60728.26000000,1.57460000
1780765200000,60822.16000000,60827.53000000,60533.38000000,60573.82000000,0.63668000
1780768800000,60604.15000000,60722.33000000,60411.19000000,60657.83000000,0.27859000
1780772400000,60614.30000000,60774.99000000,60540.26000000,60674.07000000,0.20802000
1780776000000,60627.19000000,60748.01000000,60540.26000000,60714.76000000,0.60251000
1780779600000,60706.88000000,61002.91000000,60706.88000000,60761.55000000,0.11718000
1780783200000,60744.18000000,60811.87000000,60439.81000000,60547.32000000,0.52435000
1780786800000,60579.85000000,60919.11000000,60562.98000000,60908.45000000,0.71386000
1780790400000,60865.45000000,60977.59000000,60765.04000000,60771.97000000,0.38668000
1780794000000,60789.79000000,61636.92000000,60760.30000000,61518.87000000,0.51074000
1780797600000,61468.96000000,61549.60000000,61197.45000000,61515.06000000,3.52145000
1780801200000,61478.70000000,61752.36000000,61440.65000000,61653.74000000,4.23000000
1780804800000,61685.23000000,61883.45000000,61511.20000000,61876.22000000,0.16796000
1780808400000,61842.07000000,62159.23000000,61650.00000000,61737.53000000,2.04300000
1780812000000,61672.52000000,62250.23000000,61624.12000000,62094.62000000,1.31959000
1780815600000,62059.00000000,62400.00000000,62024.34000000,62400.00000000,0.97023000
1780819200000,62390.05000000,62919.58000000,62280.20000000,62832.79000000,1.25295000
1780822800000,62822.37000000,62887.84000000,62422.49000000,62564.87000000,0.45852000
1780826400000,62481.36000000,62569.23000000,62317.58000000,62317.58000000,0.17193000
1780830000000,62380.11000000,62733.00000000,62380.11000000,62626.23000000,4.81935000
1780833600000,62629.38000000,62637.75000000,61599.47000000,61907.89000000,2.25048000
1780837200000,61834.83000000,61850.00000000,61663.04000000,61761.49000000,0.67891000
1780840800000,61711.72000000,62295.26000000,61711.72000000,61781.48000000,0.34173000
1780844400000,61879.02000000,62163.29000000,61689.78000000,62062.71000000,7.48861000
1780848000000,62091.63000000,62317.27000000,61970.42000000,62051.61000000,4.96054000
1780851600000,62062.26000000,62318.70000000,62057.41000000,62159.63000000,5.06026000
1780855200000,62216.26000000,62307.37000000,62030.92000000,62030.92000000,0.95912000
1780858800000,62037.01000000,62039.24000000,61199.43000000,61292.03000000,6.77590000
1780862400000,61312.21000000,61950.29000000,61286.21000000,61929.38000000,0.43231000
1780866000000,61867.78000000,61995.26000000,61676.94000000,61772.82000000,4.48454000
1780869600000,61794.98000000,64210.49000000,61772.12000000,62864.46000000,11.78973000
1780873200000,62858.59000000,63393.75000000,62812.18000000,63303.49000000,9.59736000
1780876800000,63303.49000000,63822.48000000,63148.47000000,63638.16000000,7.30836000
1780880400000,63620.51000000,63634.26000000,62731.23000000,63180.52000000,1.91890000
1780884000000,63236.56000000,63239.90000000,62955.33000000,63108.26000000,0.51793000
1780887600000,63138.86000000,63424.00000000,62983.85000000,63140.84000000,0.19916000
1780891200000,63165.49000000,63165.49000000,62638.40000000,62714.18000000,4.37004000
1780894800000,62768.63000000,62832.42000000,62434.41000000,62726.18000000,1.13004000
1780898400000,62768.64000000,63150.20000000,62768.64000000,63008.13000000,0.10326000
1780902000000,62994.81000000,63344.10000000,62854.41000000,63335.64000000,0.10060000
1780905600000,63260.57000000,63260.57000000,62994.75000000,63119.84000000,0.08800000
1780909200000,63127.29000000,63561.85000000,63127.29000000,63491.19000000,4.38673000
1780912800000,63521.11000000,63539.78000000,63098.58000000,63147.55000000,5.48480000
1780916400000,63150.50000000,63862.67000000,63068.02000000,63465.86000000,8.84181000
1780920000000,63489.05000000,63903.81000000,62715.41000000,63843.44000000,3.62695000
1780923600000,63880.87000000,63930.74000000,63393.75000000,63776.04000000,0.54784000
1780927200000,63790.26000000,64076.04000000,63587.46000000,63969.56000000,2.96872000
1780930800000,63956.48000000,64210.53000000,63757.33000000,63817.94000000,4.65926000
1780934400000,63703.49000000,64040.92000000,63480.00000000,63509.50000000,8.68654000
1780938000000,63509.50000000,63638.82000000,63300.00000000,63532.85000000,12.58829000
1780941600000,63525.64000000,63690.57000000,63351.12000000,63483.97000000,1.44947000
1780945200000,63448.74000000,63582.20000000,63357.28000000,63368.06000000,0.36386000
1780948800000,63410.01000000,63471.46000000,63193.72000000,63470.13000000,0.42461000
1780952400000,63459.93000000,63850.66000000,63459.93000000,63777.80000000,3.56958000
1780956000000,63650.60000000,63674.65000000,63216.55000000,63410.85000000,0.84547000
1780959600000,63442.57000000,63614.09000000,62957.99000000,63107.85000000,0.80336000
1780963200000,63072.57000000,63178.00000000,62430.66000000,62548.97000000,3.89365000
1780966800000,62581.32000000,62866.37000000,62553.98000000,62767.10000000,0.79567000
1780970400000,62792.10000000,62856.12000000,62543.75000000,62841.92000000,0.17949000
1780974000000,62875.64000000,62975.64000000,62704.62000000,62881.29000000,0.26177000
1780977600000,62874.84000000,63398.14000000,62739.74000000,63272.54000000,2.01148000
1780981200000,63225.56000000,63506.75000000,63116.02000000,63341.88000000,0.32192000
1780984800000,63319.72000000,63476.89000000,63236.42000000,63289.11000000,0.29480000
1780988400000,63367.57000000,63453.20000000,62911.18000000,63180.19000000,3.82566000
1780992000000,63204.24000000,63204.24000000,62793.19000000,62862.58000000,1.12004000
1780995600000,62857.77000000,62893.19000000,62588.89000000,62684.01000000,0.23652000
1780999200000,62753.37000000,62839.46000000,62630.92000000,62775.34000000,0.55995000
1781002800000,62790.90000000,62792.29000000,62494.04000000,62731.66000000,0.43154000
1781006400000,62712.70000000,62878.51000000,62434.41000000,62643.86000000,7.40792000
1781010000000,62630.63000000,62748.19000000,62151.44000000,62358.47000000,4.13493000
1781013600000,62306.66000000,62371.65000000,61168.95000000,61471.23000000,9.08582000
1781017200000,61476.85000000,61712.82000000,61066.92000000,61069.67000000,1.40483000
1781020800000,61113.05000000,61459.66000000,60794.57000000,61407.80000000,4.75025000
1781024400000,61405.72000000,61875.43000000,61405.72000000,61701.98000000,8.96478000
1781028000000,61722.26000000,61943.45000000,61628.03000000,61799.31000000,3.87959000
1781031600000,61779.58000000,62082.44000000,61743.73000000,62082.44000000,0.48613000
1781035200000,62094.05000000,62270.76000000,61925.83000000,62093.39000000,2.80504000
1781038800000,62110.82000000,62149.84000000,61701.78000000,61781.76000000,2.67576000
1781042400000,61757.55000000,61939.65000000,61666.11000000,61698.56000000,0.24132000
1781046000000,61740.03000000,61866.81000000,61563.00000000,61712.86000000,0.27814000
1781049600000,61715.85000000,61891.12000000,61469.54000000,61869.99000000,0.35493000
1781053200000,61910.12000000,61953.73000000,61590.49000000,61684.97000000,7.16966000
1781056800000,61789.50000000,61791.69000000,61247.52000000,61297.19000000,0.33708000
1781060400000,61310.53000000,61567.70000000,61307.93000000,61567.04000000,1.32511000
1781064000000,61537.27000000,61554.92000000,61200.00000000,61252.86000000,0.40139000
1781067600000,61313.64000000,61384.27000000,61076.72000000,61351.00000000,0.66692000
1781071200000,61342.17000000,61517.10000000,61205.23000000,61469.36000000,0.10146000
1781074800000,61469.06000000,61773.28000000,61469.06000000,61688.67000000,0.08394000
1781078400000,61639.86000000,61711.64000000,61177.22000000,61246.99000000,0.15917000
1781082000000,61286.40000000,61404.52000000,60795.01000000,61338.15000000,0.89058000
1781085600000,61338.15000000,61427.26000000,61160.35000000,61375.31000000,0.09198000
1781089200000,61389.83000000,61401.06000000,60879.31000000,61037.19000000,0.24471000
1781092800000,61011.12000000,61956.09000000,60976.25000000,61581.61000000,7.44510000
1781096400000,61550.08000000,62447.70000000,61445.34000000,62103.79000000,5.45239000
1781100000000,62072.45000000,62223.95000000,61834.19000000,62149.93000000,1.71895000
1781103600000,62193.82000000,62850.00000000,61862.34000000,62620.06000000,6.55676000
1781107200000,62616.40000000,62616.40000000,61939.65000000,62198.64000000,2.89744000
1781110800000,62254.95000000,62362.73000000,61666.10000000,61948.82000000,5.28280000
1781114400000,61975.41000000,62149.78000000,61654.45000000,61865.57000000,4.93087000
1781118000000,61893.82000000,62039.22000000,61696.80000000,62000.33000000,0.60148000
1781121600000,61938.95000000,61938.95000000,61693.82000000,61801.54000000,0.40697000
1781125200000,61797.17000000,61797.17000000,61201.13000000,61320.76000000,1.63250000
1781128800000,61288.81000000,61559.45000000,61132.58000000,61396.53000000,8.48404000
1781132400000,61348.80000000,61593.54000000,61182.39000000,61519.30000000,0.26526000
1781136000000,61526.15000000,61973.90000000,61526.15000000,61807.60000000,4.36633000
1781139600000,61825.71000000,62386.57000000,61825.71000000,62226.60000000,5.26192000
1781143200000,62210.67000000,62311.32000000,61953.19000000,62158.06000000,0.50457000
1781146800000,62151.31000000,62823.68000000,62039.56000000,62710.96000000,4.03039000
1781150400000,62675.27000000,62866.69000000,62567.44000000,62742.19000000,0.22772000
1781154000000,62676.30000000,62733.32000000,62570.44000000,62609.83000000,0.47781000
1781157600000,62636.14000000,62999.90000000,62570.44000000,62794.75000000,0.76677000
1781161200000,62771.73000000,62804.02000000,62617.93000000,62712.29000000,0.50644000
1781164800000,62779.23000000,63015.73000000,62749.18000000,62935.77000000,0.29636000
1781168400000,62954.80000000,62957.73000000,62808.49000000,62957.73000000,0.07399000
1781172000000,62941.55000000,63175.99000000,62824.41000000,63161.77000000,0.73029000
1781175600000,63148.23000000,63263.87000000,63087.11000000,63119.17000000,0.41453000
1781179200000,63121.19000000,63175.49000000,62560.30000000,63025.59000000,2.63397000
1781182800000,63000.99000000,63250.58000000,62676.10000000,63058.46000000,2.82468000
1781186400000,63060.16000000,63088.66000000,62732.37000000,62751.59000000,2.13631000
1781190000000,62726.80000000,62871.18000000,62534.97000000,62737.78000000,0.74070000
1781193600000,62775.62000000,62826.69000000,62554.14000000,62589.10000000,0.72980000
1781197200000,62584.26000000,63639.58000000,62360.87000000,63639.58000000,6.44842000
1781200800000,63647.74000000,63777.92000000,63346.16000000,63465.56000000,8.67416000
1781204400000,63437.27000000,63908.87000000,63405.31000000,63610.56000000,2.13225000
1781208000000,63614.69000000,63662.63000000,63275.66000000,63406.39000000,0.62913000
1781211600000,63397.99000000,63580.23000000,63397.99000000,63479.45000000,0.42720000
1781215200000,63548.63000000,63648.58000000,63491.90000000,63559.26000000,0.18839000
1781218800000,63495.09000000,63681.74000000,63352.57000000,63603.92000000,0.38791000
1781222400000,63600.19000000,63803.33000000,63558.09000000,63641.54000000,3.87152000
1781226000000,63640.94000000,63640.94000000,63305.28000000,63413.13000000,3.69038000
1781229600000,63456.78000000,63774.75000000,63456.78000000,63619.27000000,0.59284000
1781233200000,63651.07000000,63651.07000000,63389.57000000,63516.58000000,0.13764000
1781236800000,63523.78000000,63834.02000000,63443.65000000,63700.96000000,3.79927000
1781240400000,63669.40000000,63669.40000000,63313.50000000,63375.57000000,4.54342000
1781244000000,63347.50000000,63395.91000000,62870.00000000,62980.80000000,0.35568000
1781247600000,63062.77000000,63185.32000000,62990.98000000,63142.53000000,0.34743000
1781251200000,63185.33000000,63633.25000000,63185.33000000,63457.19000000,3.47743000
1781254800000,63471.53000000,63955.68000000,63471.53000000,63815.96000000,0.22964000
1781258400000,63757.33000000,63779.18000000,63631.54000000,63702.28000000,0.63557000
1781262000000,63700.31000000,63888.33000000,61999.99000000,63779.33000000,10.48994000
1781265600000,63760.62000000,63769.24000000,63389.57000000,63453.31000000,0.74575000
1781269200000,63461.06000000,63494.81000000,63046.24000000,63228.45000000,0.91231000
1781272800000,63222.52000000,63985.06000000,63204.21000000,63970.35000000,8.79766000
1781276400000,63995.00000000,64386.53000000,63561.85000000,63561.85000000,3.34468000
1781280000000,63589.39000000,64002.93000000,63510.45000000,63973.39000000,1.38980000
1781283600000,64003.46000000,64075.72000000,63770.20000000,63830.06000000,0.46019000
1781287200000,63869.41000000,63942.30000000,63676.77000000,63700.00000000,1.38156000
1781290800000,63700.02000000,63772.53000000,63601.35000000,63601.35000000,0.29855000
1781294400000,63611.43000000,63692.24000000,63406.75000000,63465.42000000,7.54059000
1781298000000,63460.03000000,63628.24000000,63458.59000000,63505.26000000,0.48187000
1781301600000,63474.77000000,63628.25000000,63474.77000000,63520.84000000,0.30300000
1781305200000,63460.06000000,63586.66000000,63434.33000000,63586.66000000,0.63974000
1781308800000,63577.39000000,63625.00000000,63512.76000000,63625.00000000,3.60734000
1781312400000,63612.04000000,63858.31000000,63612.04000000,63810.74000000,7.32690000
1781316000000,63832.60000000,63832.60000000,63478.30000000,63652.55000000,3.99978000
1781319600000,63643.26000000,63727.61000000,63451.30000000,63560.22000000,0.28541000
1781323200000,63545.66000000,63655.02000000,63502.66000000,63560.77000000,0.21358000
1781326800000,63541.29000000,63595.59000000,63520.74000000,63595.59000000,0.26443000
1781330400000,63592.42000000,63744.74000000,63592.42000000,63744.74000000,0.08962000
1781334000000,63703.38000000,63878.83000000,63692.60000000,63810.46000000,0.37345000
1781337600000,63832.47000000,63885.44000000,63770.36000000,63821.54000000,0.27411000
1781341200000,63821.55000000,63825.42000000,63743.45000000,63743.45000000,0.07480000
1781344800000,63756.64000000,63883.56000000,63756.64000000,63817.39000000,0.07414000
1781348400000,63913.11000000,63970.34000000,63899.21000000,63953.80000000,0.03195000
1781352000000,63964.13000000,64300.64000000,63924.68000000,64138.40000000,3.66322000
1781355600000,64117.65000000,64241.02000000,64066.85000000,64090.58000000,0.63432000
1781359200000,64145.38000000,64237.53000000,64112.72000000,64218.65000000,0.37654000
1781362800000,64229.43000000,64357.51000000,64190.35000000,64292.46000000,4.03347000
1781366400000,64253.59000000,64267.73000000,63868.51000000,64042.42000000,5.71790000
1781370000000,64052.40000000,64115.91000000,63957.93000000,63976.50000000,0.47776000
1781373600000,63991.54000000,64272.05000000,63991.54000000,64144.82000000,0.23211000
1781377200000,64165.51000000,64320.66000000,64159.19000000,64320.66000000,4.07142000
1781380800000,64295.41000000,64295.41000000,64233.77000000,64274.92000000,2.06639000
1781384400000,64290.01000000,64751.35000000,64222.86000000,64456.00000000,4.71630000
1781388000000,64456.00000000,64569.54000000,64371.69000000,64467.01000000,4.51089000
1781391600000,64465.17000000,64589.40000000,64393.86000000,64440.92000000,0.49014000
1781395200000,64457.26000000,64577.86000000,64377.01000000,64552.92000000,0.71994000
1781398800000,64564.65000000,64710.77000000,64515.36000000,64578.34000000,6.89891000
1781402400000,64574.93000000,64636.57000000,64486.33000000,64501.16000000,0.08969000
1781406000000,64493.54000000,64543.93000000,64479.84000000,64495.34000000,0.27385000
1781409600000,64550.00000000,64550.00000000,64333.46000000,64345.81000000,0.42066000
1781413200000,64356.68000000,64416.56000000,64318.16000000,64370.89000000,0.17583000
1781416800000,64431.98000000,64466.72000000,64251.20000000,64261.02000000,0.30571000
1781420400000,64284.40000000,64427.99000000,64245.85000000,64427.99000000,0.12630000
1781424000000,64424.34000000,64515.05000000,64397.04000000,64470.22000000,0.03069000
1781427600000,64443.34000000,64612.02000000,64339.07000000,64612.02000000,0.03466000
1781431200000,64577.34000000,64654.57000000,64537.99000000,64540.87000000,0.34760000
1781434800000,64512.02000000,64644.44000000,64480.93000000,64602.26000000,0.17465000
1781438400000,64549.25000000,64549.25000000,64312.97000000,64315.12000000,3.34770000
1781442000000,64396.00000000,64396.00000000,64258.40000000,64330.10000000,1.80551000
1781445600000,64276.81000000,64336.89000000,63874.35000000,63977.15000000,3.47680000
1781449200000,63977.44000000,64144.52000000,63977.44000000,64032.74000000,0.79741000
1781452800000,64054.23000000,64202.05000000,63942.51000000,63946.27000000,0.49208000
1781456400000,63942.00000000,64025.82000000,63705.69000000,63705.69000000,0.38168000
1781460000000,63743.91000000,63805.19000000,63688.72000000,63802.81000000,0.09052000
1781463600000,63817.17000000,63844.91000000,63752.01000000,63803.87000000,0.08515000
1781467200000,63837.94000000,64080.13000000,63788.56000000,64039.21000000,0.37885000
1781470800000,64026.81000000,65638.74000000,64026.81000000,65314.87000000,7.83875000
1781474400000,65318.15000000,65635.46000000,64965.98000000,65376.42000000,9.44300000
1781478000000,65400.96000000,65794.09000000,65275.64000000,65759.69000000,1.90956000
1781481600000,65769.47000000,65873.58000000,65507.11000000,65627.86000000,3.75032000
1781485200000,65621.28000000,65707.01000000,65396.35000000,65492.17000000,3.76789000
1781488800000,65470.58000000,65735.90000000,65438.80000000,65449.67000000,0.65065000
1781492400000,65448.17000000,65980.77000000,65434.96000000,65903.03000000,0.96539000
1781496000000,65892.57000000,65907.28000000,65644.48000000,65665.46000000,0.67920000
1781499600000,65651.43000000,65874.35000000,65636.62000000,65873.68000000,0.10173000
1781503200000,65818.80000000,65977.99000000,65778.11000000,65844.99000000,0.20587000
1781506800000,65777.65000000,65998.81000000,65645.20000000,65645.20000000,0.11388000
1781510400000,65680.99000000,65799.35000000,65628.34000000,65684.70000000,0.14360000
1781514000000,65700.08000000,65779.58000000,65528.27000000,65604.15000000,0.07355000
1781517600000,65629.25000000,65947.60000000,65629.25000000,65904.23000000,0.83213000
1781521200000,65922.01000000,66365.27000000,65878.44000000,66239.32000000,8.76531000
1781524800000,66239.32000000,66590.42000000,66188.17000000,66590.00000000,2.20534000
1781528400000,66557.71000000,66937.36000000,66437.07000000,66451.47000000,2.41499000
1781532000000,66420.79000000,66691.41000000,66316.04000000,66615.45000000,1.73376000
1781535600000,66591.20000000,67276.27000000,66591.20000000,67276.27000000,1.86386000
1781539200000,67200.52000000,67275.69000000,67106.50000000,67191.18000000,1.47588000
1781542800000,67080.68000000,67084.27000000,66701.49000000,66868.70000000,3.89541000
1781546400000,66824.26000000,66926.31000000,66720.89000000,66842.46000000,0.65234000
1781550000000,66791.57000000,66898.88000000,66382.84000000,66582.77000000,1.29305000
1781553600000,66553.76000000,66650.12000000,66510.29000000,66510.29000000,0.28589000
1781557200000,66520.44000000,66547.70000000,66354.09000000,66388.44000000,6.04375000
1781560800000,66454.89000000,66467.87000000,66105.55000000,66216.50000000,0.15616000
1781564400000,66205.70000000,66359.15000000,66138.65000000,66325.90000000,0.23627000
1781568000000,66307.51000000,66456.03000000,66264.29000000,66267.15000000,0.39206000
1781571600000,66271.45000000,66407.11000000,66271.45000000,66348.00000000,0.59702000
1781575200000,66310.69000000,66357.98000000,65688.02000000,65746.95000000,2.81181000
1781578800000,65732.88000000,66163.54000000,65659.42000000,66163.54000000,5.65705000
1781582400000,66163.22000000,66297.72000000,65780.76000000,65860.50000000,7.42706000
1781586000000,65952.59000000,66123.49000000,65929.82000000,66079.45000000,1.13092000
1781589600000,66095.63000000,66544.68000000,66095.63000000,66457.87000000,3.49054000
1781593200000,66382.65000000,66479.64000000,66294.67000000,66368.87000000,0.22945000
1781596800000,66381.63000000,66982.41000000,66381.63000000,66961.57000000,4.16347000
1781600400000,66827.97000000,66918.01000000,66491.30000000,66534.62000000,0.37426000
1781604000000,66535.33000000,66766.20000000,66524.70000000,66525.50000000,0.06750000
1781607600000,66510.41000000,66581.58000000,66363.32000000,66486.92000000,0.06100000
1781611200000,66494.00000000,66815.07000000,66392.06000000,66433.71000000,0.44399000
1781614800000,66443.15000000,66472.13000000,65940.80000000,66093.63000000,2.82086000
1781618400000,66140.80000000,66311.64000000,65396.62000000,65641.57000000,8.96110000
1781622000000,65681.49000000,65988.99000000,65637.12000000,65891.35000000,5.62995000
1781625600000,65868.28000000,65947.71000000,65695.73000000,65759.55000000,0.21086000
1781629200000,65776.91000000,66021.67000000,65712.09000000,65984.94000000,2.82421000
1781632800000,65959.19000000,66226.34000000,65801.68000000,65843.34000000,0.72834000
1781636400000,65844.88000000,65844.88000000,65547.52000000,65656.25000000,1.53199000
1781640000000,65621.62000000,65877.58000000,65613.95000000,65857.78000000,0.23414000
1781643600000,65883.40000000,65932.89000000,65659.16000000,65770.45000000,0.16305000
1781647200000,65716.97000000,65867.06000000,65692.39000000,65739.77000000,0.10460000
1781650800000,65787.24000000,65834.26000000,65640.90000000,65672.74000000,0.24725000
1781654400000,65716.73000000,65834.84000000,65688.37000000,65753.29000000,0.70841000
1781658000000,65723.12000000,65934.47000000,65474.36000000,65927.93000000,2.26033000
1781661600000,65941.82000000,66169.00000000,65791.63000000,65907.30000000,2.41396000
1781665200000,65900.12000000,65901.37000000,65721.91000000,65831.76000000,1.04215000
1781668800000,65877.37000000,66057.98000000,65790.94000000,65895.62000000,0.19974000
1781672400000,65887.94000000,65960.36000000,65758.95000000,65832.96000000,0.29408000
1781676000000,65817.79000000,65904.53000000,65593.33000000,65628.80000000,0.63492000
1781679600000,65605.75000000,65708.38000000,65263.16000000,65521.84000000,0.33961000
1781683200000,65539.53000000,65539.53000000,64863.63000000,65000.32000000,2.05308000
1781686800000,64943.65000000,65081.27000000,64847.02000000,64869.44000000,0.15643000
1781690400000,64972.66000000,64976.94000000,64786.92000000,64790.92000000,1.18065000
1781694000000,64757.44000000,64865.28000000,64557.89000000,64832.22000000,3.36133000
1781697600000,64769.61000000,65066.43000000,64604.99000000,65043.08000000,1.56402000
1781701200000,65043.09000000,65368.08000000,64849.74000000,65284.29000000,3.55453000
1781704800000,65218.42000000,65461.34000000,64847.81000000,65131.88000000,0.95882000
1781708400000,65145.81000000,65843.00000000,65004.22000000,65771.07000000,7.81263000
1781712000000,65771.07000000,66437.50000000,65771.07000000,65864.63000000,2.60707000
1781715600000,65884.92000000,66191.58000000,65818.44000000,66061.65000000,3.00934000
1781719200000,66086.78000000,66086.78000000,64827.84000000,65512.10000000,5.92068000
1781722800000,65531.67000000,65632.60000000,64017.00000000,64303.29000000,6.07096000
1781726400000,64293.02000000,64477.64000000,64199.71000000,64428.24000000,1.99227000
1781730000000,64432.02000000,64444.89000000,64146.78000000,64247.99000000,0.43649000
1781733600000,64248.97000000,64410.33000000,63971.29000000,64295.03000000,0.13440000
1781737200000,64306.05000000,64521.28000000,64285.26000000,64453.17000000,0.07108000
1781740800000,64506.84000000,64691.42000000,64474.32000000,64477.06000000,0.41208000
1781744400000,64505.34000000,64794.75000000,64486.78000000,64566.00000000,0.48410000
1781748000000,64570.60000000,64774.12000000,64508.62000000,64707.75000000,0.33284000
1781751600000,64623.28000000,64631.26000000,64281.88000000,64299.08000000,0.61171000
1781755200000,64290.88000000,64290.88000000,63837.56000000,63957.54000000,1.98482000
1781758800000,63849.64000000,64014.84000000,63739.74000000,63989.74000000,0.43695000
1781762400000,63966.67000000,64118.08000000,63859.60000000,64092.32000000,0.30124000
1781766000000,64100.65000000,64486.08000000,64014.55000000,64486.08000000,0.36649000
1781769600000,64458.59000000,64631.32000000,64382.18000000,64407.93000000,0.08766000
1781773200000,64374.68000000,64476.14000000,64225.54000000,64225.54000000,0.19459000
1781776800000,64173.61000000,64173.61000000,63929.20000000,64169.67000000,0.20033000
1781780400000,64153.26000000,64204.52000000,63886.76000000,63967.84000000,0.32019000
1781784000000,63979.48000000,64383.04000000,63939.92000000,64314.12000000,0.33419000
1781787600000,64377.57000000,64440.36000000,63812.79000000,63966.44000000,0.70941000
1781791200000,63967.70000000,64207.73000000,63600.02000000,63789.25000000,0.91187000
1781794800000,63809.05000000,63809.05000000,62298.99000000,62374.77000000,6.01151000
1781798400000,62358.24000000,62810.09000000,62358.24000000,62678.94000000,0.78783000
1781802000000,62649.82000000,62741.11000000,62276.78000000,62611.49000000,0.54360000
1781805600000,62620.79000000,62964.32000000,62593.85000000,62703.90000000,0.39741000
1781809200000,62704.97000000,63014.68000000,62636.82000000,62944.18000000,1.54314000
1781812800000,62964.36000000,63218.75000000,62964.36000000,63122.32000000,0.48641000
1781816400000,63092.62000000,63118.83000000,62876.98000000,62949.69000000,1.36905000
1781820000000,62964.19000000,62964.19000000,62756.76000000,62875.88000000,0.18804000
1781823600000,62876.65000000,62984.56000000,62769.16000000,62984.56000000,0.22264000
1781827200000,62950.26000000,63081.08000000,62863.68000000,62975.36000000,0.04937000
1781830800000,63026.38000000,63093.61000000,62858.23000000,63025.59000000,1.64953000
1781834400000,63032.08000000,63056.47000000,62904.78000000,63029.31000000,0.35851000
1781838000000,63029.20000000,63029.20000000,62393.77000000,62774.62000000,2.27272000
1781841600000,62759.04000000,62877.39000000,62442.96000000,62442.96000000,0.81464000
1781845200000,62467.25000000,62751.01000000,62467.25000000,62741.83000000,0.05437000
1781848800000,62747.54000000,62911.19000000,62725.97000000,62897.35000000,0.07606000
1781852400000,62897.64000000,62900.36000000,62511.22000000,62616.26000000,0.23932000
1781856000000,62615.64000000,62785.33000000,62549.92000000,62577.30000000,0.17996000
1781859600000,62628.81000000,62628.81000000,62345.20000000,62405.79000000,0.25370000
1781863200000,62384.07000000,62567.89000000,62384.07000000,62539.72000000,0.13450000
1781866800000,62557.19000000,62676.67000000,62461.65000000,62628.10000000,1.25260000
1781870400000,62635.79000000,62858.63000000,62327.51000000,62827.96000000,1.57501000
1781874000000,62826.25000000,63434.16000000,62714.10000000,63221.50000000,11.60227000
1781877600000,63218.44000000,63418.22000000,63023.94000000,63205.83000000,1.15879000
1781881200000,63207.80000000,63270.95000000,63039.96000000,63215.91000000,0.24355000
1781884800000,63206.54000000,63385.60000000,62951.96000000,62968.95000000,6.62195000
1781888400000,62969.02000000,63228.67000000,62876.39000000,63216.78000000,3.65517000
1781892000000,63197.63000000,63318.18000000,62988.05000000,63115.74000000,7.23110000
1781895600000,63106.32000000,63118.43000000,62949.01000000,63008.38000000,0.37924000
1781899200000,63034.73000000,63271.43000000,62982.70000000,63226.60000000,0.70284000
1781902800000,63235.09000000,63290.36000000,63061.10000000,63065.73000000,0.76512000
1781906400000,63069.30000000,63374.99000000,63051.39000000,63318.64000000,3.83261000
1781910000000,63340.14000000,63644.55000000,63286.60000000,63535.89000000,3.67724000
1781913600000,63568.52000000,63859.76000000,63479.18000000,63561.44000000,1.97475000
1781917200000,63538.09000000,63624.14000000,63404.51000000,63569.17000000,2.03205000
1781920800000,63569.17000000,63569.17000000,63348.09000000,63366.04000000,2.22586000
1781924400000,63326.83000000,63503.64000000,63326.83000000,63447.73000000,0.02145000
1781928000000,63469.85000000,63612.94000000,63418.24000000,63587.27000000,0.02537000
1781931600000,63566.86000000,63872.35000000,63566.86000000,63677.20000000,1.35651000
1781935200000,63679.47000000,63750.81000000,63661.74000000,63745.59000000,0.05635000
1781938800000,63745.91000000,63796.06000000,63627.35000000,63716.96000000,1.09606000
1781942400000,63615.33000000,63649.22000000,63417.82000000,63417.82000000,0.06148000
1781946000000,63447.66000000,63760.00000000,63439.72000000,63758.27000000,0.10396000
1781949600000,63747.38000000,63763.51000000,63633.85000000,63669.31000000,0.01277000
1781953200000,63708.17000000,63784.14000000,63654.80000000,63687.97000000,0.33133000
1781956800000,63684.01000000,63793.29000000,63584.05000000,63585.33000000,0.07500000
1781960400000,63667.20000000,63667.20000000,63306.32000000,63397.14000000,0.09139000
1781964000000,63308.79000000,64123.00000000,63169.84000000,63925.21000000,1.69494000
1781967600000,63902.97000000,64372.74000000,63850.00000000,64142.86000000,1.69919000
1781971200000,64117.34000000,64117.34000000,63930.00000000,64019.38000000,0.98248000
1781974800000,64013.46000000,64013.46000000,63771.88000000,63860.57000000,1.16545000
1781978400000,63857.80000000,63900.00000000,63805.00000000,63805.00000000,0.32608000
1781982000000,63839.93000000,63945.99000000,63836.78000000,63936.22000000,0.15291000
1781985600000,63959.99000000,63978.45000000,63858.01000000,63930.43000000,0.12507000
1781989200000,63956.10000000,64078.45000000,63930.00000000,64035.72000000,1.47971000
1781992800000,63984.17000000,64338.24000000,63984.17000000,64301.78000000,0.58483000
1781996400000,64271.60000000,64328.75000000,64250.00000000,64312.80000000,0.09031000
1782000000000,64288.54000000,64312.80000000,64250.00000000,64282.73000000,1.67391000
1782003600000,64285.84000000,64312.80000000,64225.02000000,64266.02000000,0.23606000
1782007200000,64236.87000000,64281.66000000,64224.00000000,64261.67000000,0.18830000
1782010800000,64253.63000000,64469.29000000,64233.91000000,64438.31000000,0.07492000
1782014400000,64400.10000000,64555.75000000,64273.05000000,64273.05000000,0.08884000
1782018000000,64285.83000000,64351.16000000,64225.00000000,64256.48000000,0.01797000
1782021600000,64265.78000000,64323.21000000,64200.00000000,64290.74000000,0.22354000
1782025200000,64309.76000000,64309.76000000,64176.00000000,64187.77000000,0.03786000
1782028800000,64214.66000000,64214.66000000,63875.01000000,63982.76000000,0.18364000
1782032400000,64017.65000000,64253.35000000,63962.19000000,64208.20000000,0.58920000
1782036000000,64214.48000000,64392.34000000,64209.30000000,64353.27000000,0.05274000
1782039600000,64381.20000000,64456.79000000,64117.89000000,64117.89000000,0.39093000
1782043200000,64171.36000000,64200.25000000,63965.18000000,64200.25000000,0.13378000
1782046800000,64138.84000000,64169.11000000,64027.54000000,64115.91000000,0.11889000
1782050400000,64132.50000000,64146.51000000,64014.16000000,64142.02000000,0.21104000
1782054000000,64161.19000000,64312.96000000,64110.69000000,64256.11000000,0.33211000
1782057600000,64228.00000000,64259.00000000,64054.27000000,64152.34000000,0.10316000
1782061200000,64174.18000000,64214.70000000,64072.05000000,64177.06000000,0.04581000
1782064800000,64161.15000000,64224.11000000,63965.74000000,64166.39000000,0.05344000
1782068400000,64224.08000000,64275.00000000,64176.45000000,64233.64000000,0.14992000
1782072000000,64228.09000000,64228.09000000,63725.20000000,63852.65000000,0.23187000
1782075600000,63839.27000000,63942.00000000,63531.97000000,63797.23000000,1.54793000
1782079200000,63757.35000000,63854.24000000,63596.33000000,63810.30000000,0.22806000
1782082800000,63717.95000000,63795.63000000,63286.14000000,63308.83000000,0.73429000
1782086400000,63436.51000000,64102.84000000,63386.48000000,63866.18000000,0.88341000
1782090000000,63930.34000000,64799.65000000,63857.12000000,64577.23000000,2.20652000
1782093600000,64611.60000000,64626.27000000,64240.99000000,64265.78000000,0.22842000
1782097200000,64225.54000000,64423.34000000,63925.87000000,63932.67000000,0.79402000
1782100800000,63981.72000000,64103.35000000,63872.71000000,64103.34000000,0.18387000
1782104400000,64096.85000000,64318.16000000,64086.44000000,64239.61000000,0.21587000
1782108000000,64247.29000000,64307.67000000,63950.64000000,64022.74000000,0.33568000
1782111600000,63991.31000000,64377.60000000,63987.29000000,64207.66000000,0.24961000
1782115200000,64178.07000000,64312.96000000,64050.38000000,64151.39000000,0.30008000
1782118800000,64162.83000000,64219.87000000,64070.39000000,64135.57000000,0.04372000
1782122400000,64134.89000000,64274.96000000,64103.93000000,64132.80000000,0.11473000
1782126000000,64140.43000000,64786.24000000,64121.30000000,64684.40000000,0.58857000
1782129600000,64648.10000000,65204.92000000,64588.32000000,65147.97000000,4.38474000
1782133200000,65158.04000000,65574.22000000,64943.83000000,65521.85000000,4.28102000
1782136800000,65574.24000000,65582.13000000,64862.51000000,64956.69000000,0.46579000
1782140400000,65043.57000000,65123.14000000,64741.15000000,64824.35000000,0.67022000
1782144000000,64855.59000000,64855.59000000,64521.67000000,64758.90000000,0.95234000
1782147600000,64725.81000000,64726.69000000,64402.39000000,64600.00000000,0.81090000
1782151200000,64605.69000000,64725.02000000,64318.16000000,64360.81000000,0.36604000
1782154800000,64332.61000000,64489.11000000,64300.01000000,64489.11000000,0.94615000
1782158400000,64473.88000000,64661.45000000,64365.52000000,64422.14000000,0.14574000
1782162000000,64437.54000000,64476.45000000,64173.61000000,64283.53000000,0.29089000
1782165600000,64339.81000000,64385.08000000,63818.28000000,63936.61000000,0.37192000
1782169200000,63947.49000000,64042.98000000,63907.90000000,64018.92000000,0.29361000
1782172800000,64019.00000000,64131.57000000,63857.30000000,64113.93000000,1.04706000
1782176400000,64150.19000000,64247.00000000,63913.95000000,64176.10000000,0.33661000
1782180000000,64182.74000000,64250.79000000,64090.55000000,64208.49000000,1.17195000
1782183600000,64166.75000000,64166.75000000,63977.27000000,64067.06000000,0.05258000
1782187200000,64072.77000000,64096.99000000,63612.07000000,63612.07000000,0.40182000
1782190800000,63635.07000000,63736.81000000,63352.13000000,63384.14000000,0.57909000
1782194400000,63394.75000000,63394.75000000,62578.60000000,62948.84000000,1.29499000
1782198000000,62907.06000000,63080.91000000,62881.26000000,62923.01000000,0.42108000
1782201600000,62883.12000000,62911.31000000,61950.00000000,62380.57000000,2.94737000
1782205200000,62404.64000000,62510.63000000,62353.99000000,62374.70000000,0.14184000
1782208800000,62398.22000000,62567.28000000,62240.74000000,62319.76000000,0.23385000
1782212400000,62391.10000000,62623.36000000,62322.28000000,62504.61000000,0.60502000
1782216000000,62497.47000000,62555.41000000,62221.85000000,62258.30000000,0.31811000
1782219600000,62260.66000000,62528.76000000,61976.71000000,62459.09000000,0.90748000
1782223200000,62484.59000000,62835.78000000,62442.96000000,62448.88000000,0.89800000
1782226800000,62459.63000000,62502.66000000,62230.15000000,62466.76000000,0.32538000
1782230400000,62479.44000000,62838.60000000,62421.14000000,62547.95000000,0.51980000
1782234000000,62552.54000000,62685.70000000,62321.62000000,62363.06000000,0.42267000
1782237600000,62378.24000000,62457.88000000,62109.57000000,62229.71000000,0.42714000
1782241200000,62260.64000000,62450.00000000,62230.83000000,62414.18000000,0.99175000
1782244800000,62420.19000000,62506.31000000,62386.95000000,62462.62000000,0.24578000
1782248400000,62497.05000000,62656.83000000,62474.34000000,62592.46000000,0.15323000
1782252000000,62590.89000000,62763.29000000,62517.05000000,62579.20000000,0.33090000
1782255600000,62582.74000000,62763.29000000,62500.79000000,62747.40000000,0.32637000
1782259200000,62748.30000000,63020.21000000,62729.65000000,62995.32000000,0.97743000
1782262800000,63016.81000000,63093.37000000,62821.71000000,62967.00000000,0.10460000
1782266400000,62900.00000000,62900.00000000,62640.47000000,62693.31000000,0.09587000
1782270000000,62658.13000000,62820.64000000,62472.26000000,62744.23000000,0.59821000
1782273600000,62714.69000000,62790.77000000,62536.34000000,62775.44000000,0.13717000
1782277200000,62750.57000000,63050.00000000,62708.48000000,62886.50000000,0.74385000
1782280800000,62854.75000000,62912.51000000,62740.59000000,62740.59000000,0.24888000
1782284400000,62746.34000000,62841.04000000,62623.36000000,62678.17000000,0.21292000
1782288000000,62651.41000000,62798.77000000,62616.06000000,62796.49000000,0.08330000
1782291600000,62796.49000000,62796.49000000,62644.33000000,62687.45000000,0.04609000
1782295200000,62637.91000000,62645.01000000,62434.41000000,62455.80000000,0.43221000
1782298800000,62441.49000000,63182.13000000,62326.63000000,62893.42000000,7.70656000
1782302400000,62921.82000000,62963.73000000,62612.65000000,62612.65000000,1.57492000
1782306000000,62592.34000000,62592.34000000,61290.98000000,61327.54000000,5.77696000
1782309600000,61319.17000000,61462.81000000,60908.73000000,61097.76000000,1.54498000
1782313200000,61105.03000000,61113.28000000,60253.29000000,60286.77000000,4.95011000
1782316800000,60340.87000000,60652.42000000,59668.17000000,59889.60000000,7.04809000
1782320400000,59835.44000000,60039.14000000,59123.66000000,59428.00000000,3.59374000
1782324000000,59412.21000000,59983.49000000,59349.59000000,59588.68000000,4.94253000
1782327600000,59637.96000000,59945.92000000,59485.20000000,59925.91000000,2.57554000
1782331200000,59882.61000000,61192.72000000,59882.61000000,60986.31000000,0.98629000
1782334800000,60986.31000000,61130.58000000,60698.20000000,61107.65000000,0.72923000
1782338400000,61161.10000000,61253.31000000,60807.26000000,60807.26000000,0.63195000
1782342000000,60861.42000000,61061.55000000,60861.42000000,61061.55000000,0.31764000
1782345600000,61077.45000000,61137.57000000,60748.77000000,60775.12000000,0.95108000
1782349200000,60830.27000000,60959.55000000,60748.77000000,60894.06000000,0.21842000
1782352800000,60906.33000000,60931.41000000,60690.95000000,60738.42000000,0.17356000
1782356400000,60822.63000000,60900.61000000,60693.07000000,60889.67000000,0.24231000
1782360000000,60895.03000000,61382.03000000,60807.26000000,61374.62000000,0.19014000
1782363600000,61404.52000000,61760.76000000,61404.52000000,61646.75000000,0.80363000
1782367200000,61655.18000000,61832.32000000,61635.02000000,61778.60000000,0.33336000
1782370800000,61762.09000000,61939.65000000,61689.06000000,61869.65000000,0.08093000
1782374400000,61794.87000000,61806.21000000,61690.52000000,61690.52000000,0.05791000
1782378000000,61717.07000000,61777.86000000,61617.03000000,61724.84000000,0.09091000
1782381600000,61680.99000000,61715.81000000,61281.31000000,61281.31000000,0.28066000
1782385200000,61307.35000000,61486.52000000,60999.62000000,61281.06000000,10.76728000
1782388800000,61284.33000000,61716.41000000,61092.98000000,61205.37000000,0.64758000
1782392400000,61274.13000000,61345.25000000,58150.00000000,58256.13000000,8.19277000
1782396000000,58315.16000000,60467.78000000,58315.16000000,59503.56000000,10.76506000
1782399600000,59460.46000000,59656.25000000,58882.40000000,59565.55000000,20.05904000
1782403200000,59565.00000000,60144.68000000,59047.76000000,59323.83000000,12.55291000
1782406800000,59326.61000000,59711.11000000,59145.84000000,59654.41000000,4.99577000
1782410400000,59680.76000000,59741.28000000,59358.98000000,59501.96000000,2.99556000
1782414000000,59509.98000000,59509.98000000,59191.64000000,59330.61000000,1.07317000
1782417600000,59323.21000000,59736.97000000,59312.56000000,59405.42000000,6.87227000
1782421200000,59468.21000000,60238.95000000,59466.98000000,60202.80000000,8.25154000
1782424800000,60202.80000000,60202.80000000,59681.11000000,59841.20000000,14.58836000
1782428400000,59910.99000000,60175.10000000,59690.22000000,59690.22000000,4.07554000
1782432000000,59805.82000000,59886.33000000,59643.48000000,59669.68000000,1.76337000
1782435600000,59671.28000000,59765.31000000,59245.83000000,59416.32000000,0.70345000
1782439200000,59425.54000000,59425.54000000,58386.32000000,58552.91000000,9.82608000
1782442800000,58570.52000000,60111.00000000,58372.73000000,59978.65000000,1.69214000
1782446400000,60074.60000000,60202.89000000,59852.11000000,59904.25000000,0.64064000
1782450000000,59916.00000000,60020.44000000,59778.36000000,59932.00000000,0.38026000
1782453600000,59888.83000000,60402.11000000,59706.93000000,60331.43000000,0.97983000
1782457200000,60316.30000000,60740.71000000,60288.41000000,60526.17000000,0.86964000
1782460800000,60559.81000000,60559.81000000,60166.48000000,60231.14000000,0.41622000
1782464400000,60226.30000000,60226.30000000,59628.88000000,59731.26000000,0.40923000
1782468000000,59741.17000000,59798.32000000,59285.19000000,59285.19000000,0.71054000
1782471600000,59393.86000000,59516.81000000,59296.18000000,59350.64000000,0.19062000
1782475200000,59378.26000000,59920.07000000,58998.39000000,59231.68000000,1.28700000
1782478800000,59240.17000000,60176.12000000,58539.06000000,60161.84000000,9.24695000
1782482400000,60164.85000000,60273.41000000,59375.90000000,59683.59000000,5.35775000
1782486000000,59606.48000000,60492.96000000,59606.48000000,60336.01000000,4.61540000
1782489600000,60340.58000000,60547.17000000,59986.73000000,60044.29000000,0.69798000
1782493200000,60032.08000000,60284.46000000,59967.46000000,60063.10000000,4.14720000
1782496800000,60035.54000000,60141.92000000,59567.46000000,59667.46000000,0.75597000
1782500400000,59678.21000000,60106.67000000,59670.34000000,59761.60000000,0.60159000
1782504000000,59794.97000000,59975.70000000,59607.82000000,59720.67000000,3.91826000
1782507600000,59709.80000000,60165.60000000,59682.41000000,59972.25000000,3.53140000
1782511200000,59910.58000000,60095.07000000,59781.28000000,60062.75000000,0.24338000
1782514800000,60062.60000000,60109.66000000,59940.80000000,60096.02000000,0.08352000
1782518400000,60127.68000000,60178.12000000,59913.05000000,60049.02000000,0.64236000
1782522000000,60031.59000000,60031.59000000,59949.04000000,59962.44000000,0.18403000
1782525600000,59949.49000000,60382.61000000,59941.93000000,60314.90000000,7.14308000
1782529200000,60283.53000000,60394.99000000,60173.78000000,60321.85000000,0.23309000
1782532800000,60321.85000000,60482.40000000,60238.94000000,60238.94000000,8.73814000
1782536400000,60252.02000000,60286.76000000,60150.40000000,60275.52000000,0.23710000
1782540000000,60240.21000000,60546.01000000,60134.50000000,60368.08000000,6.94512000
1782543600000,60376.02000000,60566.92000000,60294.12000000,60544.65000000,0.14321000
1782547200000,60541.01000000,60541.01000000,60416.00000000,60454.67000000,0.20325000
1782550800000,60497.06000000,60497.06000000,60311.68000000,60416.20000000,0.02571000
1782554400000,60435.68000000,60460.30000000,60329.70000000,60382.12000000,0.61043000
1782558000000,60441.62000000,60447.49000000,60191.41000000,60363.31000000,3.66994000
1782561600000,60348.59000000,60465.07000000,60282.35000000,60416.61000000,4.08891000
1782565200000,60436.65000000,60634.70000000,60393.26000000,60582.45000000,0.14444000
1782568800000,60518.61000000,60717.34000000,60518.61000000,60637.27000000,0.15227000
1782572400000,60599.06000000,60914.55000000,60599.06000000,60840.98000000,1.22780000
1782576000000,60836.68000000,60848.96000000,60689.82000000,60812.57000000,0.19463000
1782579600000,60804.12000000,60804.12000000,60437.67000000,60527.67000000,4.53998000
1782583200000,60525.98000000,60567.99000000,60456.18000000,60543.13000000,0.11953000
1782586800000,60598.24000000,60600.54000000,60095.81000000,60177.02000000,0.48273000
1782590400000,60226.56000000,60300.99000000,60219.96000000,60258.52000000,0.16990000
1782594000000,60286.31000000,60477.88000000,60144.09000000,60186.01000000,0.19251000
1782597600000,60201.89000000,60249.57000000,59871.78000000,60223.89000000,0.47859000
1782601200000,60239.25000000,60298.28000000,59976.29000000,60034.55000000,0.22388000
1782604800000,60065.00000000,60197.46000000,60031.59000000,60184.41000000,0.09709000
1782608400000,60150.64000000,60261.07000000,60000.00000000,60219.26000000,7.37775000
1782612000000,60226.33000000,60342.79000000,60057.71000000,60165.81000000,0.51957000
1782615600000,60185.22000000,60281.19000000,60165.68000000,60165.68000000,0.09339000
1782619200000,60209.16000000,60233.39000000,60127.62000000,60147.65000000,0.08453000
1782622800000,60129.00000000,60143.69000000,59786.33000000,59987.74000000,3.73250000
1782626400000,60009.68000000,60020.27000000,59827.52000000,60004.05000000,3.45256000
1782630000000,60024.91000000,60233.34000000,60024.91000000,60201.93000000,0.04769000
1782633600000,60239.74000000,60520.37000000,60177.43000000,60432.77000000,0.03299000
1782637200000,60296.00000000,60446.74000000,60281.65000000,60281.65000000,0.04966000
1782640800000,60256.06000000,60269.38000000,60075.00000000,60194.16000000,0.18190000
1782644400000,60178.84000000,60362.95000000,60129.57000000,60362.95000000,0.27796000
1782648000000,60332.87000000,60437.67000000,60211.31000000,60275.62000000,0.07435000
1782651600000,60213.16000000,60230.32000000,59994.38000000,60114.50000000,0.91267000
1782655200000,60084.69000000,60208.51000000,60043.17000000,60092.59000000,0.06403000
1782658800000,60037.22000000,60097.48000000,59816.48000000,59866.71000000,1.04241000
1782662400000,59905.98000000,59945.00000000,59581.37000000,59695.13000000,0.60592000
1782666000000,59684.05000000,59837.16000000,59362.16000000,59578.48000000,7.28400000
1782669600000,59594.82000000,59695.71000000,59500.42000000,59596.10000000,0.25882000
1782673200000,59625.56000000,59658.45000000,59264.90000000,59480.42000000,3.74224000
1782676800000,59489.82000000,59737.04000000,59489.82000000,59643.07000000,0.42682000
1782680400000,59663.21000000,59764.64000000,59356.18000000,59408.51000000,3.71434000
1782684000000,59458.51000000,59894.48000000,58938.36000000,59066.34000000,7.55284000
1782687600000,59013.85000000,59835.77000000,59013.85000000,59523.42000000,0.69584000
1782691200000,59582.85000000,59643.48000000,59030.00000000,59643.48000000,1.19044000
1782694800000,59671.06000000,59689.11000000,59220.42000000,59474.14000000,0.48902000
1782698400000,59389.45000000,59800.00000000,58922.52000000,59752.88000000,2.84790000
1782702000000,59773.36000000,60219.65000000,59773.36000000,60053.83000000,2.14552000
1782705600000,60068.53000000,60068.53000000,59786.33000000,59828.64000000,0.25996000
1782709200000,59856.78000000,60075.00000000,59400.00000000,60075.00000000,0.50445000
1782712800000,60095.32000000,60347.41000000,60058.77000000,60089.80000000,0.24739000
1782716400000,60054.00000000,60174.38000000,59951.06000000,60113.72000000,0.08368000
1782720000000,60031.15000000,60080.21000000,59779.13000000,59835.13000000,0.34822000
1782723600000,59841.53000000,60084.83000000,59813.72000000,60043.43000000,0.12264000
1782727200000,60075.00000000,60304.43000000,60075.00000000,60096.68000000,0.60920000
1782730800000,60087.09000000,60150.11000000,59826.17000000,59951.06000000,0.54724000
1782734400000,59967.42000000,60767.22000000,59591.56000000,59977.32000000,1.85918000
1782738000000,59972.81000000,60332.35000000,59355.47000000,59563.49000000,1.62588000
1782741600000,59557.84000000,59668.15000000,59023.26000000,59426.24000000,1.65626000
1782745200000,59417.22000000,59939.60000000,59108.05000000,59912.73000000,1.31840000
1782748800000,59810.90000000,59994.38000000,59591.10000000,59865.65000000,0.30626000
1782752400000,59910.05000000,60672.38000000,59910.05000000,60390.32000000,1.00821000
1782756000000,60383.33000000,60524.01000000,60184.29000000,60262.60000000,0.61979000
1782759600000,60280.65000000,60551.74000000,60154.39000000,60440.48000000,1.49918000
1782763200000,60422.92000000,60527.56000000,60298.91000000,60298.91000000,1.57804000
1782766800000,60289.47000000,60570.00000000,60260.45000000,60510.38000000,0.51162000
1782770400000,60476.76000000,60496.45000000,60352.80000000,60368.74000000,0.52613000
1782774000000,60361.87000000,60374.45000000,60208.50000000,60253.78000000,0.30335000
1782777600000,60222.39000000,60248.10000000,59692.60000000,59841.27000000,6.81918000
1782781200000,59848.94000000,60044.23000000,59776.80000000,59926.53000000,1.09400000
1782784800000,59940.29000000,60023.03000000,59761.15000000,60007.82000000,0.24297000
1782788400000,59947.31000000,60009.62000000,59599.27000000,59615.10000000,0.23370000
1782792000000,59622.94000000,59705.67000000,59438.97000000,59496.44000000,0.70740000
1782795600000,59498.34000000,59652.06000000,59370.91000000,59652.06000000,0.16853000
1782799200000,59652.07000000,59693.71000000,59528.77000000,59562.99000000,0.13790000
1782802800000,59627.42000000,59627.42000000,59454.20000000,59530.02000000,0.35906000
1782806400000,59540.66000000,59555.23000000,59200.77000000,59281.19000000,0.17154000
1782810000000,59304.21000000,59410.93000000,59258.44000000,59387.08000000,0.61493000
1782813600000,59391.45000000,59400.88000000,59301.03000000,59350.50000000,0.17556000
1782817200000,59342.36000000,59403.05000000,59135.51000000,59186.46000000,5.38787000
1782820800000,59167.17000000,59167.17000000,58406.52000000,58406.52000000,2.90411000
1782824400000,58416.29000000,58762.25000000,58280.00000000,58681.65000000,4.63318000
1782828000000,58730.31000000,59245.83000000,58452.99000000,58500.00000000,3.32097000
1782831600000,58484.90000000,58801.37000000,58206.63000000,58373.05000000,1.00188000
1782835200000,58366.89000000,58599.49000000,58227.64000000,58477.96000000,1.39897000
1782838800000,58477.96000000,58627.34000000,58320.98000000,58413.31000000,0.19994000
1782842400000,58416.29000000,58675.76000000,58341.31000000,58675.76000000,4.77672000
1782846000000,58674.93000000,58845.19000000,58588.16000000,58805.50000000,1.42525000
1782849600000,58762.25000000,58869.56000000,58675.76000000,58762.04000000,0.56254000
1782853200000,58732.60000000,58742.58000000,58528.23000000,58633.72000000,0.21407000
1782856800000,58675.76000000,58762.25000000,58507.73000000,58602.20000000,0.31709000
1782860400000,58613.68000000,58672.13000000,58582.39000000,58632.52000000,0.18655000
1782864000000,58631.51000000,58745.82000000,58355.37000000,58570.24000000,0.35866000
1782867600000,58580.35000000,59100.00000000,57800.00000000,58780.56000000,6.56315000
1782871200000,58775.11000000,59177.06000000,58624.27000000,59108.21000000,5.14528000
1782874800000,59064.96000000,59304.32000000,58868.77000000,59187.89000000,4.70349000
1782878400000,59163.77000000,59443.38000000,59069.07000000,59327.54000000,1.11479000
1782882000000,59324.43000000,59369.91000000,59132.52000000,59139.39000000,0.85510000
1782885600000,59151.45000000,59156.41000000,58543.30000000,58733.63000000,0.59537000
1782889200000,58753.73000000,58773.18000000,58617.42000000,58750.89000000,1.05143000
1782892800000,58755.17000000,58952.07000000,58486.04000000,58952.07000000,0.43451000
1782896400000,58952.14000000,59064.96000000,58856.69000000,58935.23000000,0.19898000
1782900000000,58923.94000000,58923.94000000,58632.53000000,58650.00000000,0.47311000
1782903600000,58655.61000000,58752.82000000,58529.00000000,58563.61000000,0.82754000
1782907200000,58632.52000000,58640.22000000,58330.14000000,58566.97000000,6.99376000
1782910800000,58544.67000000,59492.46000000,58544.67000000,59492.46000000,3.73836000
1782914400000,59454.16000000,60075.00000000,59228.74000000,59516.96000000,17.69606000
1782918000000,59540.66000000,60515.31000000,59519.88000000,60157.22000000,4.84016000
1782921600000,60151.23000000,60256.05000000,59868.54000000,59887.49000000,3.64425000
1782925200000,59901.61000000,60235.95000000,59799.80000000,60184.75000000,0.57472000
1782928800000,60180.87000000,60283.49000000,60034.38000000,60158.21000000,0.61418000
1782932400000,60189.32000000,60319.06000000,60031.13000000,60031.13000000,0.25755000
1782936000000,60044.65000000,60189.32000000,59852.47000000,60118.16000000,7.97377000
1782939600000,60128.72000000,60859.60000000,60128.72000000,60815.70000000,3.39626000
1782943200000,60824.66000000,61321.46000000,60354.06000000,60490.86000000,7.41181000
1782946800000,60461.78000000,60461.78000000,60000.00000000,60033.87000000,5.58283000
1782950400000,60016.35000000,60016.35000000,59593.67000000,59704.00000000,0.98774000
1782954000000,59755.09000000,60308.22000000,59726.68000000,60171.72000000,0.66538000
1782957600000,60188.61000000,60480.00000000,60037.18000000,60442.68000000,0.83744000
1782961200000,60430.61000000,61110.55000000,60341.78000000,61054.21000000,0.89960000
1782964800000,61013.13000000,61031.80000000,60739.15000000,60794.75000000,0.43356000
1782968400000,60791.25000000,60866.35000000,60485.82000000,60535.28000000,4.59276000
1782972000000,60503.68000000,60628.12000000,60267.68000000,60275.81000000,0.42670000
1782975600000,60257.20000000,60298.47000000,60117.97000000,60129.92000000,0.33331000
1782979200000,60133.46000000,60535.40000000,60133.46000000,60508.87000000,0.28104000
1782982800000,60508.89000000,61422.60000000,60385.74000000,61190.43000000,11.77339000
1782986400000,61183.95000000,61326.05000000,61060.19000000,61260.18000000,1.13073000
1782990000000,61227.19000000,61379.03000000,61132.50000000,61376.60000000,2.21222000
1782993600000,61356.93000000,61608.72000000,61169.58000000,61551.40000000,4.12753000
1782997200000,61551.42000000,62034.69000000,61519.73000000,61937.75000000,9.79192000
1783000800000,61919.10000000,62199.02000000,61418.15000000,61659.63000000,7.70525000
1783004400000,61686.69000000,61832.62000000,61443.41000000,61616.39000000,1.17336000
1783008000000,61623.42000000,61773.26000000,61160.84000000,61675.69000000,0.67566000
1783011600000,61667.81000000,61939.53000000,61620.23000000,61665.42000000,4.12905000
1783015200000,61691.34000000,61860.31000000,61685.14000000,61747.65000000,0.47425000
1783018800000,61737.77000000,61742.74000000,61443.41000000,61443.41000000,2.16099000
1783022400000,61486.66000000,61588.52000000,61349.94000000,61588.52000000,2.46487000
1783026000000,61573.17000000,61616.39000000,61509.88000000,61581.56000000,1.65429000
1783029600000,61573.15000000,61573.15000000,61437.75000000,61529.90000000,0.07652000
1783033200000,61486.66000000,61585.76000000,61352.98000000,61557.61000000,0.77272000
1783036800000,61573.15000000,61573.15000000,61270.44000000,61313.71000000,1.33013000
1783040400000,61318.10000000,61728.20000000,61313.68000000,61601.24000000,0.42213000
1783044000000,61612.28000000,61650.31000000,61313.68000000,61453.07000000,0.09355000
1783047600000,61443.41000000,61586.08000000,61332.31000000,61444.55000000,0.12290000
1783051200000,61455.53000000,61534.00000000,61349.95000000,61454.30000000,0.72401000
1783054800000,61443.41000000,61786.88000000,61443.41000000,61708.13000000,0.23417000
1783058400000,61707.44000000,61833.78000000,61616.39000000,61735.85000000,0.17631000
1783062000000,61710.91000000,61978.67000000,61685.67000000,61758.44000000,7.70355000
1783065600000,61766.84000000,61889.68000000,61575.95000000,61575.95000000,0.21970000
1783069200000,61573.15000000,61755.59000000,61554.45000000,61746.13000000,0.02210000
1783072800000,61735.76000000,62048.82000000,61679.02000000,61919.10000000,3.78679000
1783076400000,61892.64000000,62088.70000000,61860.32000000,62032.18000000,3.75293000
1783080000000,62016.18000000,62182.63000000,61908.20000000,61962.51000000,0.22374000
1783083600000,61985.00000000,62269.81000000,61962.35000000,62131.17000000,1.12854000
1783087200000,62114.02000000,62245.30000000,61714.09000000,62168.41000000,1.63274000
1783090800000,62182.98000000,62383.02000000,61832.62000000,61919.16000000,1.34313000
1783094400000,61923.47000000,62096.96000000,61916.38000000,62092.08000000,0.39772000
1783098000000,62135.33000000,62301.06000000,62135.33000000,62178.57000000,4.90393000
1783101600000,62202.32000000,62256.46000000,62120.94000000,62212.13000000,3.64072000
1783105200000,62212.17000000,62308.29000000,62157.89000000,62225.31000000,0.50556000
1783108800000,62225.69000000,62892.64000000,62196.83000000,62740.75000000,10.38242000
1783112400000,62783.99000000,62956.97000000,62522.73000000,62740.76000000,1.35066000
1783116000000,62740.75000000,62740.75000000,62525.66000000,62598.84000000,0.18881000
1783119600000,62569.10000000,62704.37000000,62536.45000000,62607.32000000,0.13918000
1783123200000,62603.20000000,62931.21000000,62594.01000000,62776.06000000,2.23604000
1783126800000,62776.05000000,62776.05000000,62423.27000000,62481.28000000,4.10594000
1783130400000,62485.13000000,62567.49000000,62452.88000000,62538.96000000,3.59026000
1783134000000,62527.84000000,62740.73000000,62501.47000000,62653.39000000,0.20781000
1783137600000,62642.84000000,62740.74000000,62617.76000000,62657.15000000,0.40939000
1783141200000,62697.49000000,62697.49000000,62471.83000000,62471.83000000,0.20647000
1783144800000,62473.88000000,62527.00000000,62344.72000000,62507.11000000,0.41620000
1783148400000,62505.69000000,62611.02000000,62486.13000000,62582.79000000,0.06696000
1783152000000,62596.76000000,62640.81000000,62533.92000000,62611.02000000,0.18089000
1783155600000,62572.52000000,62572.52000000,62448.78000000,62508.91000000,0.08050000
1783159200000,62496.67000000,62543.97000000,62479.23000000,62524.53000000,0.03114000
1783162800000,62499.44000000,62545.98000000,62478.58000000,62505.64000000,0.19817000
1783166400000,62505.64000000,62680.85000000,62505.64000000,62673.12000000,0.86835000
1783170000000,62659.08000000,62758.07000000,62550.85000000,62588.57000000,1.95266000
1783173600000,62599.68000000,62721.70000000,62599.68000000,62673.69000000,0.04563000
1783177200000,62697.50000000,63043.46000000,62697.50000000,62928.67000000,2.04284000
1783180800000,62913.73000000,62966.47000000,62751.51000000,62913.73000000,4.87124000
1783184400000,62870.48000000,63418.94000000,62819.40000000,63293.58000000,15.73125000
1783188000000,63287.57000000,63349.24000000,63115.00000000,63164.09000000,10.04970000
1783191600000,63159.29000000,63449.91000000,63118.89000000,63308.58000000,5.14607000
1783195200000,63302.93000000,63387.10000000,63164.74000000,63238.64000000,0.79963000
1783198800000,63235.99000000,63453.49000000,63216.44000000,63321.93000000,0.94820000
1783202400000,63317.52000000,63317.52000000,63180.00000000,63197.91000000,0.81967000
1783206000000,63180.00000000,63229.38000000,62940.17000000,63173.19000000,8.35844000
1783209600000,63137.87000000,63137.87000000,62926.80000000,62987.82000000,7.41807000
1783213200000,62989.09000000,63026.68000000,62800.01000000,62870.48000000,4.64591000
1783216800000,62913.73000000,62917.74000000,62613.89000000,62699.02000000,0.36711000
1783220400000,62697.50000000,62778.73000000,62689.37000000,62777.00000000,0.27798000
1783224000000,62780.64000000,62959.69000000,62708.83000000,62833.46000000,0.04942000
1783227600000,62827.24000000,62827.24000000,62686.00000000,62758.86000000,0.54682000
1783231200000,62740.75000000,62826.31000000,62672.60000000,62788.84000000,0.02638000
1783234800000,62805.55000000,63042.82000000,62729.54000000,63042.82000000,0.16206000
1783238400000,63043.46000000,63086.70000000,62909.42000000,62923.52000000,0.18062000
1783242000000,62913.73000000,62919.56000000,62481.28000000,62611.02000000,1.71280000
1783245600000,62586.91000000,62740.75000000,62567.77000000,62740.75000000,0.38970000
1783249200000,62745.10000000,62783.99000000,62625.00000000,62681.34000000,0.04730000
1783252800000,62654.26000000,62763.34000000,62596.77000000,62740.75000000,0.39559000
1783256400000,62741.67000000,62819.40000000,62659.14000000,62791.81000000,0.64233000
1783260000000,62798.95000000,62828.88000000,62682.92000000,62815.68000000,0.05789000
1783263600000,62808.01000000,62945.71000000,62683.72000000,62740.75000000,3.87867000
1783267200000,62731.07000000,62766.48000000,62572.50000000,62630.04000000,5.23071000
1783270800000,62644.76000000,62783.99000000,62600.87000000,62631.64000000,0.26375000
1783274400000,62631.83000000,62848.97000000,62631.83000000,62827.24000000,0.28356000
1783278000000,62783.99000000,62864.26000000,62740.75000000,62784.00000000,0.94131000
1783281600000,62784.00000000,62848.70000000,62719.18000000,62731.66000000,6.71536000
1783285200000,62697.50000000,63219.40000000,62554.05000000,63117.47000000,6.31671000
1783288800000,63086.71000000,63943.64000000,63003.17000000,63745.74000000,4.46246000
1783292400000,63760.18000000,63999.96000000,63580.56000000,63637.54000000,2.74368000
1783296000000,63648.89000000,63773.61000000,63376.64000000,63773.61000000,8.26148000
1783299600000,63762.42000000,63917.19000000,63562.40000000,63581.73000000,2.85569000
1783303200000,63602.46000000,63669.37000000,63380.40000000,63453.59000000,4.02814000
1783306800000,63475.90000000,63475.90000000,63173.19000000,63274.02000000,0.51697000
1783310400000,63286.19000000,63384.43000000,63214.67000000,63259.68000000,0.37374000
1783314000000,63241.39000000,63251.84000000,62953.80000000,63128.94000000,0.45866000
1783317600000,63115.80000000,63152.52000000,62985.76000000,62985.76000000,0.89678000
1783321200000,62968.26000000,63117.12000000,62890.62000000,63090.98000000,0.19954000
1783324800000,63117.47000000,63216.44000000,62868.78000000,62890.79000000,1.00158000
1783328400000,62890.53000000,62890.53000000,62644.25000000,62672.06000000,0.84260000
1783332000000,62666.46000000,63038.38000000,62666.46000000,62870.48000000,3.79202000
1783335600000,62842.99000000,62981.06000000,62522.73000000,62522.73000000,0.36265000
1783339200000,62500.00000000,62500.00000000,61672.30000000,61746.13000000,9.35241000
1783342800000,61714.10000000,62022.72000000,61322.37000000,61776.99000000,3.10425000
1783346400000,61789.37000000,62394.79000000,61724.33000000,62029.24000000,1.15181000
1783350000000,62048.83000000,63535.97000000,62048.83000000,63519.15000000,10.85134000
1783353600000,63541.60000000,63852.76000000,63409.80000000,63711.14000000,0.75689000
1783357200000,63735.37000000,63925.87000000,63576.67000000,63576.67000000,1.36909000
1783360800000,63581.71000000,63868.85000000,63576.91000000,63705.29000000,3.86217000
1783364400000,63700.44000000,63868.85000000,63662.78000000,63717.86000000,3.82117000
1783368000000,63735.37000000,63877.59000000,63588.77000000,63835.54000000,0.27489000
1783371600000,63830.12000000,64649.50000000,63821.86000000,64476.37000000,13.16854000
1783375200000,64491.82000000,64491.82000000,64167.82000000,64215.51000000,1.60046000
1783378800000,64229.52000000,64335.96000000,64033.63000000,64033.63000000,1.34242000
1783382400000,64038.09000000,64310.19000000,64012.79000000,64206.66000000,0.52968000
1783386000000,64171.91000000,64171.91000000,63777.00000000,63831.96000000,0.46646000
1783389600000,63843.19000000,63904.95000000,63302.93000000,63312.60000000,3.27628000
1783393200000,63346.17000000,63402.96000000,63157.89000000,63173.19000000,0.22090000
1783396800000,63165.99000000,63267.04000000,63072.55000000,63106.86000000,0.18274000
1783400400000,63110.84000000,63279.99000000,62827.24000000,63136.34000000,0.28677000
1783404000000,63133.60000000,63393.75000000,63027.00000000,63355.58000000,0.33479000
1783407600000,63346.17000000,63444.98000000,63068.55000000,63068.55000000,0.11664000
1783411200000,63086.70000000,63157.83000000,62998.54000000,63097.87000000,0.15933000
1783414800000,63100.77000000,63335.12000000,63058.54000000,63259.68000000,3.76707000
1783418400000,63290.75000000,63447.72000000,63232.79000000,63259.68000000,0.13679000
1783422000000,63273.60000000,63456.47000000,63122.24000000,63401.34000000,0.29315000
1783425600000,63416.96000000,63852.76000000,63416.96000000,63483.77000000,0.83772000
1783429200000,63467.75000000,63467.75000000,63000.00000000,63070.95000000,5.98811000
1783432800000,63054.90000000,63626.71000000,62700.00000000,63595.58000000,6.11167000
1783436400000,63569.32000000,64081.33000000,63389.42000000,63929.05000000,17.64934000
1783440000000,63951.60000000,64227.32000000,63768.00000000,63994.84000000,9.26788000
1783443600000,63988.63000000,64220.75000000,63899.05000000,64182.71000000,0.19575000
1783447200000,64167.82000000,64167.82000000,63683.73000000,63683.73000000,4.85090000
1783450800000,63683.62000000,63877.70000000,63393.75000000,63780.54000000,0.73355000
1783454400000,63821.86000000,63890.86000000,63623.68000000,63682.89000000,1.35211000
1783458000000,63717.86000000,63848.87000000,63334.61000000,63383.83000000,4.44952000
1783461600000,63415.87000000,63642.50000000,63202.80000000,63551.98000000,6.14931000
1783465200000,63562.39000000,63717.72000000,63331.78000000,63339.51000000,0.20499000
1783468800000,63369.55000000,63742.15000000,63335.62000000,63614.98000000,4.52860000
1783472400000,63605.64000000,63642.50000000,62913.91000000,63010.57000000,5.39837000
1783476000000,63030.95000000,63061.71000000,62575.27000000,62989.90000000,5.45984000
1783479600000,62993.25000000,63093.36000000,62738.85000000,62763.24000000,1.07421000
1783483200000,62776.51000000,62909.77000000,62690.44000000,62738.98000000,0.62640000
1783486800000,62794.02000000,62854.79000000,62575.27000000,62629.47000000,0.23165000
1783490400000,62626.95000000,62745.08000000,62474.26000000,62622.25000000,0.49517000
1783494000000,62644.07000000,62894.57000000,62546.23000000,62894.57000000,0.18859000
1783497600000,62885.27000000,62919.61000000,61863.51000000,62014.99000000,0.73799000
1783501200000,62006.83000000,62169.30000000,61756.26000000,62059.41000000,4.12331000
1783504800000,62076.48000000,62178.57000000,61832.37000000,62142.47000000,4.01984000
1783508400000,62181.15000000,62366.33000000,62080.35000000,62314.85000000,0.72270000
1783512000000,62309.66000000,62422.23000000,61971.18000000,61971.18000000,0.42966000
1783515600000,61969.98000000,62057.90000000,61659.63000000,61930.21000000,1.08435000
1783519200000,61962.35000000,62153.86000000,61735.63000000,61933.58000000,0.93397000
1783522800000,61920.23000000,61920.23000000,61551.24000000,61668.56000000,4.16061000
1783526400000,61704.53000000,62135.33000000,61694.09000000,62118.38000000,3.88705000
1783530000000,62105.81000000,62380.48000000,62038.16000000,62099.45000000,3.95130000
1783533600000,62113.54000000,62321.32000000,62048.83000000,62188.29000000,0.35054000
1783537200000,62248.44000000,62265.06000000,62080.35000000,62265.06000000,0.24514000
1783540800000,62265.06000000,62295.66000000,62062.46000000,62106.42000000,3.86897000
1783544400000,62113.57000000,62227.46000000,61971.18000000,62227.46000000,0.52226000
1783548000000,62218.00000000,62343.01000000,62218.00000000,62324.42000000,0.28313000
1783551600000,62307.55000000,62332.68000000,62186.68000000,62303.49000000,3.56710000
1783555200000,62298.84000000,62304.08000000,62092.94000000,62108.94000000,0.14931000
1783558800000,62123.01000000,62623.36000000,61869.00000000,61904.66000000,1.73592000
1783562400000,61904.52000000,62112.19000000,61712.05000000,61787.15000000,6.26720000
1783566000000,61781.81000000,62029.00000000,61747.66000000,61978.70000000,0.26580000
1783569600000,62006.92000000,62451.91000000,61985.51000000,62451.91000000,4.37902000
1783573200000,62458.00000000,62608.92000000,62260.00000000,62564.62000000,4.43801000
1783576800000,62590.00000000,62975.70000000,62481.91000000,62954.50000000,0.84179000
1783580400000,62954.69000000,63250.00000000,62804.02000000,62986.77000000,2.16563000
1783584000000,62968.26000000,63084.99000000,62871.20000000,62885.91000000,0.19789000
1783587600000,62904.34000000,62986.00000000,62806.59000000,62953.00000000,0.37174000
1783591200000,62944.33000000,63042.81000000,62702.12000000,62731.74000000,0.27989000
1783594800000,62781.89000000,62815.52000000,62588.28000000,62787.44000000,0.44139000
1783598400000,62789.79000000,62952.99000000,62471.84000000,62661.13000000,4.43318000
1783602000000,62670.89000000,63227.80000000,62528.67000000,63032.37000000,0.92307000
1783605600000,63055.01000000,63118.00000000,62675.23000000,63019.00000000,0.71312000
1783609200000,63038.39000000,63247.06000000,62848.97000000,62860.14000000,1.30905000
1783612800000,62878.69000000,62996.39000000,62575.27000000,62690.64000000,1.80700000
1783616400000,62735.24000000,63174.57000000,62670.89000000,63085.57000000,1.27587000
1783620000000,63182.25000000,63481.78000000,63079.35000000,63199.79000000,6.55743000
1783623600000,63213.70000000,63349.00000000,63144.36000000,63261.09000000,4.56404000
1783627200000,63267.51000000,63325.64000000,63192.21000000,63310.28000000,1.63358000
1783630800000,63331.61000000,63382.34000000,63190.00000000,63258.72000000,1.69811000
1783634400000,63272.95000000,63388.67000000,63238.25000000,63238.25000000,1.02685000
1783638000000,63224.69000000,63325.73000000,63068.60000000,63290.95000000,2.34166000
1783641600000,63231.72000000,63233.11000000,62953.00000000,63112.59000000,0.24285000
1783645200000,63117.47000000,63938.75000000,62960.38000000,63712.00000000,4.71682000
1783648800000,63745.90000000,64042.00000000,63712.00000000,63977.95000000,5.34960000
1783652400000,63969.68000000,64031.51000000,63844.00000000,63912.02000000,1.21612000
1783656000000,63981.49000000,64163.38000000,63871.26000000,64035.16000000,0.26524000
1783659600000,64020.20000000,64198.50000000,63966.88000000,64089.66000000,0.14094000
1783663200000,64106.17000000,64109.87000000,63846.03000000,63863.70000000,3.68545000
1783666800000,63868.70000000,64005.58000000,63826.08000000,63981.18000000,0.17544000
1783670400000,63987.40000000,64372.00000000,63987.25000000,64247.89000000,0.56304000
1783674000000,64235.71000000,64490.93000000,64148.51000000,64388.44000000,4.10980000
1783677600000,64370.96000000,64490.93000000,64307.85000000,64415.67000000,7.42865000
1783681200000,64415.67000000,64478.89000000,64360.74000000,64408.60000000,0.11724000
1783684800000,64433.14000000,64603.00000000,64274.90000000,64297.87000000,4.97121000
1783688400000,64317.84000000,64699.98000000,64150.46000000,64526.15000000,3.72080000
1783692000000,64478.31000000,64499.63000000,63817.50000000,63909.57000000,6.00853000
1783695600000,63927.84000000,64186.97000000,63908.07000000,64015.43000000,1.06082000
1783699200000,64051.07000000,64209.26000000,63844.00000000,64130.63000000,4.17742000
1783702800000,64132.31000000,64138.15000000,63816.13000000,63817.50000000,0.38671000
1783706400000,63817.50000000,64008.99000000,63745.00000000,63797.41000000,3.92420000
1783710000000,63802.70000000,64052.48000000,63786.70000000,63929.19000000,3.85345000
1783713600000,63911.47000000,63918.66000000,63679.00000000,63856.80000000,3.64995000
1783717200000,63853.36000000,64097.34000000,63851.25000000,64015.57000000,3.66623000
1783720800000,64018.02000000,64171.21000000,63979.00000000,64125.12000000,0.66709000
1783724400000,64113.15000000,64193.09000000,64024.14000000,64169.35000000,0.95091000
1783728000000,64139.58000000,64159.88000000,64037.24000000,64126.69000000,0.38828000
1783731600000,64119.99000000,64318.05000000,64008.91000000,64020.20000000,1.16855000
1783735200000,64008.91000000,64167.87000000,63990.00000000,64167.87000000,0.12729000
1783738800000,64168.90000000,64206.99000000,64096.01000000,64185.88000000,0.74077000
1783742400000,64146.42000000,64206.99000000,64099.88000000,64158.59000000,0.12272000
1783746000000,64133.67000000,64207.00000000,64114.43000000,64184.35000000,3.78249000
1783749600000,64152.83000000,64265.98000000,64125.24000000,64237.61000000,1.14905000
1783753200000,64218.28000000,64234.97000000,64171.91000000,64171.91000000,0.72544000
1783756800000,64170.57000000,64296.20000000,64169.59000000,64267.48000000,1.03174000
1783760400000,64272.75000000,64280.86000000,64165.44000000,64172.78000000,0.08730000
1783764000000,64188.75000000,64196.52000000,64147.29000000,64179.72000000,0.21192000
1783767600000,64179.73000000,64225.56000000,64175.02000000,64207.81000000,0.09836000
1783771200000,64207.82000000,64239.77000000,64134.89000000,64134.89000000,0.03287000
1783774800000,64203.01000000,64263.54000000,64179.09000000,64255.55000000,0.16088000
1783778400000,64243.15000000,64500.00000000,64243.15000000,64339.01000000,4.83706000
1783782000000,64366.95000000,64475.71000000,63813.14000000,64177.80000000,7.69442000
1783785600000,64188.07000000,64263.66000000,64113.67000000,64172.78000000,0.12860000
1783789200000,64186.58000000,64409.75000000,64186.58000000,64312.78000000,3.51516000
1783792800000,64300.45000000,64390.77000000,64285.33000000,64330.11000000,0.63316000
1783796400000,64323.98000000,64347.09000000,64215.53000000,64294.21000000,0.33192000
1783800000000,64291.30000000,64443.00000000,64288.91000000,64386.24000000,0.28314000
1783803600000,64382.62000000,64422.73000000,64336.06000000,64336.48000000,0.49037000
1783807200000,64361.83000000,64405.63000000,64141.90000000,64215.47000000,0.24529000
1783810800000,64203.76000000,64228.45000000,63829.60000000,63844.00000000,2.76633000
1783814400000,63830.00000000,63922.82000000,63717.73000000,63830.87000000,5.90160000
1783818000000,63843.17000000,64175.88000000,63843.17000000,64128.20000000,5.51200000
1783821600000,64078.98000000,64132.66000000,64042.01000000,64097.95000000,0.09526000
1783825200000,64089.16000000,64213.35000000,64062.86000000,64209.84000000,0.02886000
1783828800000,64213.35000000,64234.62000000,63956.89000000,64023.74000000,0.06104000
1783832400000,64012.66000000,64035.66000000,63912.55000000,63994.22000000,0.26644000
1783836000000,63968.79000000,63968.79000000,63646.00000000,63763.46000000,4.08404000
1783839600000,63772.91000000,63901.25000000,63772.91000000,63882.05000000,0.14106000
1783843200000,63910.00000000,64103.17000000,63910.00000000,63979.00000000,0.13941000
1783846800000,63987.26000000,64009.00000000,63781.47000000,63998.00000000,0.04087000
1783850400000,63908.40000000,63908.40000000,63857.29000000,63861.87000000,0.03985000
1783854000000,63896.49000000,64025.58000000,63853.42000000,64014.58000000,0.02215000
1783857600000,63983.21000000,64124.25000000,63968.89000000,64035.84000000,3.75368000
1783861200000,64028.64000000,64093.85000000,64016.78000000,64024.61000000,0.02937000
1783864800000,64019.18000000,64284.74000000,63983.21000000,64201.08000000,0.23166000
1783868400000,64207.30000000,64256.29000000,64145.53000000,64159.73000000,0.34513000
1783872000000,64178.63000000,64180.05000000,64075.00000000,64148.33000000,0.31080000
1783875600000,64155.28000000,64178.95000000,64021.08000000,64084.91000000,0.25982000
1783879200000,64084.91000000,64152.97000000,64020.72000000,64152.97000000,0.09011000
1783882800000,64145.09000000,64243.84000000,64145.09000000,64243.84000000,0.09308000
1783886400000,64232.21000000,64240.42000000,64177.04000000,64196.05000000,0.03471000
1783890000000,64208.84000000,64228.24000000,63894.21000000,63894.21000000,0.19485000
1783893600000,63896.50000000,63899.08000000,63678.38000000,63899.08000000,7.57444000
1783897200000,63890.00000000,63890.00000000,63726.64000000,63786.02000000,0.12434000
1783900800000,63755.30000000,64394.06000000,63591.33000000,64031.84000000,1.04480000
1783904400000,64052.73000000,64052.73000000,63393.40000000,63393.40000000,14.64502000
1783908000000,63411.46000000,63520.08000000,63250.00000000,63379.93000000,13.36026000
1783911600000,63354.71000000,63354.71000000,62736.28000000,62829.50000000,7.41931000
1783915200000,62791.13000000,62905.59000000,62648.16000000,62670.96000000,0.64036000
1783918800000,62690.46000000,62907.34000000,62500.00000000,62780.87000000,0.75605000
1783922400000,62831.81000000,62858.40000000,62733.40000000,62789.52000000,2.05827000
1783926000000,62789.52000000,63059.04000000,62766.88000000,63011.61000000,11.53248000
1783929600000,62992.22000000,63296.77000000,62965.65000000,63193.07000000,0.55897000
1783933200000,63181.02000000,63193.65000000,63095.71000000,63114.59000000,0.02292000
1783936800000,63111.84000000,63144.64000000,62910.48000000,62910.48000000,0.16310000
1783940400000,62910.66000000,63138.28000000,62910.66000000,62920.00000000,0.07217000
1783944000000,62887.00000000,62909.65000000,62575.27000000,62583.70000000,5.94097000
1783947600000,62620.52000000,62763.29000000,62175.17000000,62320.33000000,5.41467000
1783951200000,62301.93000000,62763.29000000,62114.09000000,62763.29000000,11.39782000
1783954800000,62788.00000000,62973.69000000,62567.14000000,62610.89000000,4.13520000
1783958400000,62600.17000000,62600.29000000,62227.00000000,62258.04000000,3.87213000
1783962000000,62288.08000000,62370.74000000,61903.72000000,61903.72000000,9.69783000
1783965600000,61922.73000000,62064.78000000,61819.42000000,62036.63000000,2.51771000
1783969200000,62038.47000000,62260.00000000,61987.82000000,62260.00000000,4.11810000
1783972800000,62261.67000000,62316.37000000,62057.36000000,62194.00000000,3.66657000
1783976400000,62209.30000000,62209.30000000,61910.37000000,62096.97000000,0.30704000
1783980000000,62094.27000000,62230.91000000,61925.88000000,61925.88000000,14.65094000
1783983600000,61921.56000000,62338.89000000,61895.80000000,62338.89000000,3.66275000
1783987200000,62343.01000000,62680.48000000,62300.35000000,62560.92000000,0.63435000
1783990800000,62540.59000000,62638.08000000,62464.47000000,62546.46000000,7.57891000
1783994400000,62496.37000000,62637.76000000,62339.97000000,62571.48000000,0.84676000
1783998000000,62575.09000000,62620.40000000,62331.32000000,62557.00000000,0.07582000
1784001600000,62580.66000000,62763.29000000,62548.25000000,62754.41000000,0.92834000
1784005200000,62740.17000000,62856.59000000,62709.88000000,62730.33000000,0.12902000
1784008800000,62729.86000000,62771.74000000,62578.18000000,62606.04000000,0.10690000
1784012400000,62604.84000000,62660.12000000,62524.00000000,62529.31000000,0.33415000
1784016000000,62517.76000000,62788.00000000,62465.12000000,62690.94000000,3.91106000
1784019600000,62681.31000000,62747.07000000,62545.79000000,62623.53000000,0.09042000
1784023200000,62639.61000000,62887.00000000,62639.61000000,62835.60000000,0.13332000
1784026800000,62778.81000000,62919.99000000,62725.25000000,62867.06000000,2.05509000
1784030400000,62845.97000000,63971.28000000,62783.80000000,63920.57000000,2.63538000
1784034000000,63969.74000000,64173.60000000,63707.97000000,63829.43000000,1.29528000
1784037600000,63823.89000000,64327.15000000,63585.01000000,64316.66000000,10.08018000
1784041200000,64302.87000000,64961.77000000,64196.58000000,64748.17000000,13.33524000
1784044800000,64765.45000000,64885.34000000,64606.47000000,64735.75000000,1.16441000
1784048400000,64702.41000000,64702.41000000,64318.16000000,64642.80000000,5.48830000
1784052000000,64628.19000000,64636.00000000,64481.65000000,64560.61000000,0.55499000
1784055600000,64589.86000000,64696.49000000,64492.47000000,64571.36000000,1.36991000
1784059200000,64522.76000000,64564.06000000,64416.97000000,64564.06000000,3.93402000
1784062800000,64585.36000000,64880.11000000,64527.25000000,64654.55000000,1.83076000
1784066400000,64659.89000000,65092.52000000,64516.69000000,64866.16000000,3.12903000
1784070000000,64854.24000000,65032.00000000,64782.64000000,65032.00000000,0.90785000
1784073600000,65050.00000000,65050.00000000,64759.79000000,64842.86000000,10.62258000
1784077200000,64842.86000000,64856.65000000,64655.58000000,64655.58000000,11.16750000
1784080800000,64674.80000000,64748.44000000,64488.46000000,64504.91000000,15.28979000
1784084400000,64496.68000000,64835.89000000,64496.68000000,64811.45000000,0.97181000
1784088000000,64796.11000000,64867.00000000,64723.49000000,64756.52000000,0.02887000
1784091600000,64741.33000000,64963.06000000,64614.08000000,64963.06000000,0.11145000
1784095200000,64934.79000000,65250.00000000,64825.55000000,64825.55000000,1.82010000
1784098800000,64788.74000000,64873.82000000,64500.00000000,64561.04000000,0.74021000
1784102400000,64575.71000000,64774.95000000,64575.71000000,64774.95000000,0.11974000
1784106000000,64775.01000000,64916.78000000,64671.09000000,64671.09000000,0.37326000
1784109600000,64655.91000000,64850.62000000,64636.00000000,64656.79000000,0.40022000
1784113200000,64632.63000000,64760.08000000,64632.63000000,64742.09000000,0.25544000
1784116800000,64743.08000000,65250.00000000,64618.35000000,65153.62000000,3.77219000
1784120400000,65163.98000000,65559.60000000,64891.99000000,65092.42000000,3.23010000
1784124000000,65131.00000000,65520.97000000,65093.25000000,65389.77000000,2.42785000
1784127600000,65360.71000000,65574.84000000,65276.21000000,65417.49000000,0.41980000
1784131200000,65425.20000000,65461.04000000,64788.38000000,65118.18000000,6.35874000
1784134800000,65128.26000000,65177.42000000,64984.34000000,65059.31000000,3.87716000
1784138400000,65073.43000000,65148.02000000,64867.01000000,64867.01000000,4.28200000
1784142000000,64872.17000000,64985.85000000,64756.37000000,64983.08000000,0.33873000
1784145600000,64992.19000000,65040.56000000,64900.62000000,64973.16000000,4.71399000
1784149200000,64990.65000000,65010.81000000,64800.00000000,64819.22000000,9.36535000
1784152800000,64828.29000000,64969.67000000,64774.29000000,64864.21000000,0.44187000
1784156400000,64864.99000000,64929.77000000,64721.28000000,64772.49000000,3.75284000
1784160000000,64763.10000000,64837.96000000,64396.01000000,64583.11000000,8.09012000
1784163600000,64594.09000000,64821.15000000,64383.91000000,64731.04000000,2.24807000
1784167200000,64719.96000000,64734.27000000,64584.26000000,64634.51000000,0.41554000
1784170800000,64639.54000000,64746.77000000,64573.82000000,64619.95000000,0.34066000
1784174400000,64633.67000000,64683.41000000,64551.35000000,64632.18000000,0.98270000
1784178000000,64651.96000000,64975.00000000,64631.02000000,64922.63000000,1.29780000
1784181600000,64936.71000000,64955.34000000,64636.00000000,64769.09000000,1.00273000
1784185200000,64742.26000000,64775.71000000,64103.17000000,64195.00000000,0.67050000
1784188800000,64220.95000000,64339.00000000,63834.30000000,64105.90000000,9.85864000
1784192400000,64171.13000000,64171.13000000,64035.00000000,64076.07000000,0.27688000
1784196000000,64096.54000000,64270.88000000,64092.62000000,64221.47000000,0.39675000
1784199600000,64198.94000000,64255.28000000,64106.85000000,64249.34000000,0.09686000
1784203200000,64183.91000000,64202.88000000,63862.67000000,63988.32000000,0.11225000
1784206800000,63965.81000000,64448.00000000,63965.81000000,64376.50000000,0.72390000
1784210400000,64376.50000000,64853.91000000,64350.63000000,64550.19000000,2.38428000
1784214000000,64551.77000000,64881.05000000,64303.28000000,64704.70000000,5.92098000
1784217600000,64707.70000000,64707.70000000,64357.69000000,64491.38000000,3.81587000
1784221200000,64465.10000000,64465.10000000,64009.62000000,64057.53000000,13.67432000
1784224800000,64071.36000000,64338.99000000,64062.78000000,64263.67000000,1.03410000
1784228400000,64249.62000000,64303.40000000,64143.31000000,64266.26000000,0.17084000
1784232000000,64246.09000000,64246.86000000,64126.66000000,64134.67000000,0.07126000
1784235600000,64115.46000000,64249.13000000,64115.46000000,64145.45000000,0.34028000
1784239200000,64149.04000000,64241.76000000,63964.10000000,63964.10000000,0.43204000
1784242800000,63956.13000000,63995.74000000,63746.69000000,63833.67000000,4.56432000
1784246400000,63810.46000000,63882.35000000,63622.40000000,63872.95000000,1.93207000
1784250000000,63884.08000000,64049.02000000,63481.78000000,63542.37000000,8.17674000
1784253600000,63573.59000000,63653.44000000,63389.87000000,63500.87000000,1.06842000
1784257200000,63485.24000000,63706.78000000,63485.24000000,63572.04000000,0.98049000
1784260800000,63519.89000000,63584.42000000,63342.36000000,63512.10000000,0.35821000
1784264400000,63464.60000000,63464.60000000,62826.66000000,62880.44000000,1.27076000
1784268000000,62812.91000000,63005.58000000,62696.96000000,62944.17000000,0.90281000
1784271600000,62938.51000000,62971.45000000,62822.87000000,62842.54000000,0.50434000
1784275200000,62804.91000000,62920.00000000,62674.35000000,62920.00000000,0.40725000
1784278800000,62915.14000000,63062.05000000,62889.36000000,62990.73000000,3.57459000
1784282400000,63004.07000000,63198.31000000,63004.07000000,63194.24000000,0.12635000
1784286000000,63168.82000000,63363.18000000,63062.40000000,63328.18000000,0.21220000
1784289600000,63328.10000000,63332.59000000,63083.16000000,63083.89000000,3.31840000
1784293200000,63078.04000000,63175.46000000,62545.36000000,63129.28000000,1.29689000
1784296800000,63166.54000000,63522.62000000,63055.19000000,63201.73000000,7.52494000
1784300400000,63166.03000000,63420.78000000,62863.47000000,63420.78000000,4.97695000
1784304000000,63448.00000000,63705.05000000,63310.17000000,63589.25000000,3.88437000
1784307600000,63596.04000000,64225.44000000,63596.04000000,64073.73000000,4.25366000
1784311200000,64066.68000000,64372.00000000,63920.58000000,64262.03000000,3.89390000
1784314800000,64248.12000000,64264.24000000,63987.30000000,64148.15000000,0.44243000
1784318400000,64113.96000000,64204.00000000,63976.00000000,64140.65000000,0.09705000
1784322000000,64160.94000000,64207.00000000,64073.98000000,64086.42000000,6.33909000
1784325600000,64113.10000000,64142.47000000,63932.37000000,63992.62000000,1.10665000
1784329200000,63931.78000000,64011.34000000,63895.81000000,63953.71000000,3.62603000
1784332800000,63934.41000000,64017.48000000,63896.90000000,63897.53000000,0.08914000
1784336400000,63890.94000000,63982.74000000,63890.94000000,63977.66000000,3.17727000
1784340000000,63959.09000000,64029.03000000,63939.71000000,63966.61000000,0.38247000
1784343600000,63961.06000000,64011.97000000,63937.49000000,64011.97000000,3.37757000
1784347200000,64027.69000000,64027.69000000,63947.56000000,63969.24000000,0.15165000
1784350800000,63977.32000000,63987.53000000,63915.87000000,63949.66000000,0.20046000
1784354400000,63972.55000000,64016.11000000,63959.56000000,63977.20000000,0.19977000
1784358000000,63977.30000000,64032.40000000,63977.30000000,64022.96000000,0.04333000
1784361600000,64026.61000000,64026.61000000,63966.12000000,64013.19000000,0.00446000
1784365200000,63988.19000000,63988.19000000,63923.70000000,63982.73000000,0.18954000
1784368800000,64001.77000000,64014.52000000,63989.99000000,64003.72000000,0.35507000
1784372400000,64024.90000000,64085.07000000,64020.45000000,64069.13000000,0.37880000
1784376000000,64108.00000000,64240.00000000,64072.89000000,64230.11000000,0.44802000
1784379600000,64202.44000000,64202.44000000,63972.87000000,64104.87000000,0.11089000
1784383200000,64108.00000000,64194.23000000,64102.98000000,64122.01000000,0.10764000
1784386800000,64136.91000000,64168.23000000,64039.40000000,64115.07000000,0.69207000
1784390400000,64128.50000000,64314.69000000,64112.34000000,64283.90000000,0.14647000
1784394000000,64302.81000000,64482.65000000,64284.01000000,64482.65000000,1.13673000
1784397600000,64482.65000000,64654.41000000,64469.37000000,64530.60000000,1.16611000
1784401200000,64515.84000000,64586.07000000,64479.94000000,64565.30000000,0.08244000
1784404800000,64556.44000000,64731.60000000,64517.66000000,64672.92000000,0.26632000
1784408400000,64689.77000000,64836.20000000,64624.28000000,64752.50000000,0.71259000
1784412000000,64736.98000000,64853.19000000,64720.47000000,64820.69000000,0.13841000
1784415600000,64804.10000000,64853.64000000,64720.77000000,64839.54000000,0.18104000
1784419200000,64850.70000000,64891.97000000,64768.73000000,64772.36000000,3.33615000
1784422800000,64785.55000000,64785.55000000,64766.80000000,64772.55000000,0.26278000
1784426400000,64768.44000000,64963.06000000,64710.48000000,64822.33000000,0.13942000
1784430000000,64798.45000000,64799.77000000,64636.00000000,64713.91000000,0.13783000
1784433600000,64696.40000000,64768.00000000,64631.99000000,64711.56000000,0.04386000
1784437200000,64752.09000000,64808.65000000,64685.44000000,64728.84000000,0.06013000
1784440800000,64705.39000000,64739.50000000,64705.39000000,64725.06000000,0.05595000
1784444400000,64726.22000000,64780.83000000,64688.66000000,64688.66000000,0.02536000
1784448000000,64723.69000000,64734.73000000,64638.17000000,64732.25000000,0.23067000
1784451600000,64705.16000000,64705.16000000,64524.80000000,64524.80000000,0.08681000
1784455200000,64504.00000000,64692.99000000,64490.94000000,64673.41000000,0.03674000
1784458800000,64584.06000000,64643.65000000,64446.52000000,64446.52000000,1.44882000
1784462400000,64460.90000000,64460.90000000,64276.83000000,64455.03000000,0.13851000
1784466000000,64428.01000000,64503.99000000,64308.52000000,64477.91000000,0.16103000
1784469600000,64482.99000000,64664.58000000,64439.52000000,64610.79000000,0.34820000
1784473200000,64597.80000000,64610.78000000,64500.00000000,64568.53000000,0.15633000
1784476800000,64571.25000000,64648.43000000,64520.00000000,64545.73000000,0.22702000
1784480400000,64560.97000000,64755.65000000,64417.67000000,64565.83000000,4.11878000
1784484000000,64544.07000000,64561.40000000,64308.90000000,64400.41000000,9.86850000
1784487600000,64400.41000000,64465.60000000,64351.16000000,64446.09000000,2.08877000
1784491200000,64465.91000000,64536.82000000,64465.91000000,64523.74000000,0.04068000
1784494800000,64523.75000000,64555.83000000,64358.11000000,64400.92000000,3.69321000
1784498400000,64390.02000000,64899.98000000,64359.91000000,64689.90000000,5.20377000
1784502000000,64664.00000000,64765.93000000,64575.25000000,64704.25000000,0.15088000
1784505600000,64650.00000000,65091.31000000,64467.94000000,64577.02000000,2.86429000
1784509200000,64567.83000000,65017.28000000,64530.00000000,64635.12000000,2.17547000
1784512800000,64631.77000000,64934.96000000,64603.00000000,64844.56000000,0.13305000
1784516400000,64844.59000000,64924.22000000,64658.99000000,64877.56000000,0.18598000
1784520000000,64810.38000000,64811.66000000,64531.44000000,64555.00000000,0.52854000
1784523600000,64555.00000000,64555.00000000,64072.80000000,64125.08000000,0.93415000
1784527200000,64108.00000000,64210.25000000,63776.23000000,63926.61000000,3.07105000
1784530800000,63943.00000000,64287.66000000,63921.68000000,64259.57000000,0.26043000
1784534400000,64275.52000000,64349.14000000,63886.17000000,64035.29000000,1.10251000
1784538000000,64048.58000000,64287.52000000,64020.42000000,64212.71000000,0.21482000
1784541600000,64210.11000000,64408.95000000,64210.11000000,64302.11000000,0.09667000
1784545200000,64334.32000000,65063.54000000,64285.96000000,65038.20000000,8.71388000
1784548800000,64965.88000000,64995.38000000,64605.56000000,64636.00000000,2.10441000
1784552400000,64674.05000000,64767.99000000,64235.88000000,64304.18000000,0.66487000
1784556000000,64342.77000000,64555.11000000,64103.17000000,64414.66000000,1.21813000
1784559600000,64424.43000000,65653.05000000,64424.43000000,65592.35000000,2.94451000
1784563200000,65626.32000000,65632.14000000,65346.92000000,65482.94000000,4.11898000
1784566800000,65511.44000000,65640.42000000,65349.66000000,65591.99000000,1.70831000
1784570400000,65611.43000000,65793.20000000,65204.02000000,65204.02000000,1.13187000
1784574000000,65259.71000000,65259.71000000,65050.00000000,65149.73000000,6.88974000
1784577600000,65099.40000000,65424.50000000,65057.73000000,65368.62000000,1.72577000
1784581200000,65335.38000000,65452.69000000,65278.21000000,65305.71000000,4.09710000
1784584800000,65274.66000000,65274.66000000,65103.86000000,65137.15000000,4.17808000
1784588400000,65141.61000000,65270.42000000,65135.06000000,65261.05000000,0.12084000
1784592000000,65249.18000000,65588.07000000,65150.92000000,65559.26000000,5.77257000
1784595600000,65553.03000000,65631.16000000,65232.12000000,65242.30000000,0.60059000
1784599200000,65237.02000000,65494.70000000,65175.12000000,65413.42000000,0.20660000
1784602800000,65420.72000000,65594.75000000,65420.72000000,65575.50000000,0.45103000
1784606400000,65542.05000000,65706.62000000,65487.34000000,65532.23000000,1.06700000
1784610000000,65517.29000000,65921.50000000,65517.29000000,65756.40000000,4.22026000
1784613600000,65760.24000000,65992.84000000,65651.74000000,65931.56000000,3.66722000
1784617200000,65950.05000000,66239.00000000,65883.47000000,66198.75000000,0.57373000
1784620800000,66195.42000000,66347.67000000,66142.65000000,66263.79000000,1.85673000
1784624400000,66200.51000000,66355.88000000,66165.96000000,66283.87000000,4.72177000
1784628000000,66295.46000000,66409.50000000,66190.86000000,66200.07000000,1.39385000
1784631600000,66190.26000000,66351.98000000,66173.84000000,66329.16000000,3.63673000
1784635200000,66352.00000000,66630.02000000,66263.14000000,66559.35000000,1.62017000
1784638800000,66564.05000000,66806.11000000,66352.00000000,66777.41000000,5.17288000
1784642400000,66777.68000000,66959.24000000,66667.68000000,66861.53000000,1.43594000
1784646000000,66822.37000000,66827.05000000,66517.65000000,66697.33000000,1.11940000
1784649600000,66677.76000000,66739.32000000,66479.28000000,66554.97000000,7.74851000
1784653200000,66554.33000000,66582.38000000,66000.00000000,66196.29000000,3.54871000
1784656800000,66219.61000000,66352.00000000,66117.76000000,66302.62000000,6.79258000
1784660400000,66326.45000000,66488.90000000,66261.56000000,66427.80000000,0.85928000
1784664000000,66451.24000000,66504.46000000,66358.05000000,66401.61000000,0.17359000
1784667600000,66358.48000000,66409.74000000,66307.69000000,66360.23000000,0.15719000
1784671200000,66364.75000000,66367.55000000,66208.70000000,66304.39000000,3.55819000
1784674800000,66283.78000000,66562.09000000,66247.24000000,66559.92000000,2.36707000
1784678400000,66569.69000000,66720.07000000,66549.96000000,66657.87000000,1.78819000
1784682000000,66634.07000000,66634.07000000,66300.00000000,66393.38000000,0.17041000
1784685600000,66424.70000000,66505.54000000,66305.64000000,66310.46000000,0.12634000
1784689200000,66319.36000000,66366.27000000,66174.88000000,66188.54000000,0.92719000
1784692800000,66319.00000000,66425.12000000,66319.00000000,66387.28000000,0.48589000
1784696400000,66365.57000000,66365.57000000,65863.20000000,65980.68000000,4.51679000
1784700000000,66004.85000000,66004.85000000,65841.99000000,65938.80000000,0.33100000
1784703600000,65933.98000000,65957.90000000,65706.62000000,65848.14000000,0.57103000
1784707200000,65864.32000000,66153.85000000,65864.32000000,65991.79000000,0.61305000
1784710800000,66002.07000000,66055.00000000,65852.00000000,65941.22000000,0.02642000
1784714400000,65911.73000000,66113.97000000,65911.73000000,66086.05000000,0.05793000
1784718000000,66033.76000000,66101.52000000,65925.00000000,66033.22000000,2.54799000
1784721600000,66012.97000000,66012.97000000,65560.00000000,65653.67000000,1.62539000
1784725200000,65636.24000000,65974.83000000,65567.78000000,65934.34000000,0.87022000
1784728800000,65951.86000000,66227.01000000,65603.45000000,65729.81000000,0.56409000
1784732400000,65824.00000000,66119.56000000,65812.96000000,66019.92000000,4.30496000
1784736000000,66035.96000000,66377.89000000,65901.71000000,66219.08000000,4.34660000
1784739600000,66228.16000000,66267.59000000,65956.00000000,66055.27000000,0.91052000
1784743200000,66029.39000000,66072.97000000,65733.52000000,65894.00000000,2.59964000
1784746800000,65864.35000000,65954.17000000,65692.33000000,65928.75000000,0.80015000
1784750400000,65922.36000000,65956.00000000,65857.33000000,65926.26000000,0.21539000
1784754000000,65923.05000000,66132.09000000,65913.41000000,66046.89000000,0.38233000
1784757600000,66052.07000000,66052.07000000,65939.45000000,66044.37000000,3.25326000
1784761200000,66047.51000000,66129.70000000,65877.38000000,66086.59000000,4.02568000
1784764800000,66090.92000000,66297.41000000,66055.38000000,66063.13000000,1.63546000
1784768400000,66055.00000000,66187.00000000,65751.53000000,65816.49000000,0.70871000
1784772000000,65821.03000000,65840.11000000,65668.37000000,65813.92000000,0.31086000
1784775600000,65789.23000000,65800.60000000,65600.00000000,65654.17000000,0.95889000
1784779200000,65656.77000000,65726.51000000,65598.45000000,65606.45000000,1.18253000
1784782800000,65608.24000000,65801.87000000,65590.00000000,65683.00000000,0.07603000
1784786400000,65691.57000000,65792.56000000,65677.79000000,65792.56000000,0.02611000
1784790000000,65748.53000000,65748.53000000,65361.43000000,65451.27000000,0.26251000
1784793600000,65441.93000000,65654.94000000,65441.25000000,65654.94000000,0.29425000
1784797200000,65623.15000000,65740.52000000,65623.15000000,65630.69000000,0.18039000
1784800800000,65643.90000000,65788.99000000,65599.00000000,65731.48000000,0.07767000
1784804400000,65739.90000000,65739.90000000,65547.25000000,65594.93000000,0.57472000
1784808000000,65563.79000000,65574.96000000,64988.95000000,65143.84000000,3.48554000
1784811600000,65164.62000000,65191.01000000,64872.12000000,64903.73000000,1.38726000
1784815200000,64900.01000000,65214.10000000,64842.10000000,64912.27000000,3.35720000
1784818800000,64901.80000000,65000.00000000,64735.00000000,64958.99000000,0.48636000
1784822400000,64952.17000000,64957.76000000,64706.68000000,64766.48000000,0.27363000
1784826000000,64743.91000000,64888.51000000,64677.78000000,64677.78000000,0.26695000
1784829600000,64672.14000000,64939.61000000,64672.14000000,64861.59000000,0.11337000
1784833200000,64885.20000000,64914.00000000,64696.05000000,64870.89000000,0.25451000
1784836800000,64855.28000000,65177.34000000,64838.42000000,65146.26000000,3.27137000
1784840400000,65183.00000000,65198.84000000,65020.94000000,65145.52000000,0.12081000
1784844000000,65155.08000000,65212.99000000,65003.86000000,65189.01000000,0.62916000
1784847600000,65196.48000000,65213.00000000,65050.00000000,65096.15000000,0.48803000
1784851200000,65098.24000000,65106.08000000,64773.68000000,64962.22000000,2.45034000
1784854800000,64972.61000000,65142.90000000,64955.97000000,65089.72000000,0.15435000
1784858400000,65122.57000000,65169.48000000,64942.75000000,65123.78000000,0.06955000
1784862000000,65129.29000000,65458.08000000,65093.85000000,65458.08000000,3.13801000
1784865600000,65459.70000000,65459.70000000,65278.71000000,65290.46000000,1.04004000
1784869200000,65311.35000000,65372.09000000,65263.00000000,65309.40000000,1.02731000
1784872800000,65332.17000000,65502.00000000,65289.18000000,65488.42000000,0.33766000
1784876400000,65477.09000000,65792.99000000,65384.62000000,65497.71000000,0.57494000
1784880000000,65503.22000000,65503.22000000,65307.49000000,65307.49000000,3.06290000
1784883600000,65302.14000000,65302.14000000,64956.14000000,65096.29000000,0.41157000
1784887200000,65105.50000000,65133.44000000,64917.24000000,64917.24000000,0.38476000
1784890800000,64929.18000000,65076.92000000,64867.00000000,65076.92000000,0.22728000
1784894400000,65045.74000000,65115.24000000,64786.13000000,64786.13000000,0.35907000
1784898000000,64773.67000000,64773.67000000,63935.85000000,64143.70000000,2.19491000
1784901600000,64149.67000000,64193.04000000,63734.76000000,64052.34000000,4.16634000
1784905200000,64031.09000000,64305.22000000,63882.04000000,64118.48000000,5.40494000
1784908800000,64094.93000000,64185.26000000,63880.12000000,63995.41000000,2.20075000
1784912400000,63965.81000000,64181.00000000,63912.55000000,64180.70000000,0.42082000
1784916000000,64188.26000000,64276.56000000,64126.65000000,64272.08000000,1.34062000
1784919600000,64279.82000000,64279.82000000,64146.96000000,64209.48000000,0.13793000
1784923200000,64217.55000000,64269.56000000,64131.85000000,64164.24000000,3.17088000
1784926800000,64174.41000000,64208.31000000,64127.10000000,64134.90000000,0.26930000
1784930400000,64137.61000000,64205.19000000,64123.25000000,64173.29000000,0.19038000
1784934000000,64169.28000000,64175.00000000,64138.20000000,64156.90000000,0.14674000
1784937600000,64142.54000000,64173.01000000,64053.35000000,64067.02000000,0.50112000
1784941200000,64066.95000000,64139.65000000,64002.39000000,64120.80000000,0.15616000
1784944800000,64068.72000000,64092.12000000,64017.79000000,64033.70000000,1.12735000
1784948400000,64031.12000000,64085.85000000,64019.17000000,64083.74000000,0.05020000
1784952000000,64105.06000000,64186.77000000,64100.63000000,64152.13000000,0.02677000
1784955600000,64178.31000000,64188.16000000,64000.00000000,64016.37000000,0.05852000
1784959200000,64028.46000000,64059.30000000,63968.76000000,63979.35000000,0.03012000
1784962800000,64009.90000000,64042.84000000,64000.42000000,64021.99000000,0.07367000
1784966400000,64002.70000000,64015.22000000,63813.18000000,63870.63000000,3.23572000
1784970000000,63875.98000000,63984.13000000,63826.82000000,63984.13000000,6.30455000
1784973600000,64012.07000000,64043.11000000,63994.17000000,64043.11000000,0.17343000
1784977200000,64052.73000000,64087.43000000,64050.98000000,64062.22000000,0.02563000
1784980800000,64061.37000000,64118.50000000,64040.83000000,64118.50000000,3.08785000
1784984400000,64113.89000000,64255.68000000,64112.09000000,64173.70000000,3.29229000
1784988000000,64183.65000000,64213.13000000,64133.58000000,64213.13000000,0.09006000
1784991600000,64194.13000000,64283.26000000,64183.26000000,64195.84000000,0.53169000
1784995200000,64193.49000000,64246.12000000,64129.90000000,64212.73000000,0.11439000
1784998800000,64212.73000000,64349.14000000,64212.73000000,64265.56000000,0.19856000
1785002400000,64260.00000000,64444.87000000,64260.00000000,64425.56000000,4.53771000
1785006000000,64406.01000000,64451.75000000,64399.40000000,64405.43000000,3.14004000
1785009600000,64374.67000000,64394.64000000,64319.17000000,64341.68000000,3.06414000
1785013200000,64335.91000000,64399.42000000,64270.00000000,64349.28000000,0.63149000
1785016800000,64349.28000000,64424.26000000,64349.28000000,64420.00000000,0.23307000
1785020400000,64412.17000000,64424.48000000,64362.82000000,64362.82000000,0.18673000
1785024000000,64355.98000000,64490.94000000,64349.28000000,64490.94000000,0.47322000
1785027600000,64500.00000000,64535.93000000,64465.65000000,64492.73000000,1.48560000
1785031200000,64471.62000000,64526.39000000,64430.33000000,64526.39000000,0.06354000
1785034800000,64538.83000000,64575.09000000,64490.55000000,64539.42000000,0.07123000
1785038400000,64550.59000000,64596.41000000,64498.86000000,64559.09000000,0.07544000
1785042000000,64530.01000000,64530.01000000,64427.95000000,64453.73000000,0.01648000
1785045600000,64431.18000000,64463.45000000,64303.81000000,64463.45000000,1.29017000
1785049200000,64444.59000000,64467.86000000,64345.95000000,64375.12000000,0.02469000
1785052800000,64383.17000000,64471.00000000,64360.62000000,64471.00000000,0.01665000
1785056400000,64487.79000000,64555.40000000,64487.79000000,64543.74000000,0.07144000
1785060000000,64520.08000000,64567.66000000,64503.26000000,64536.12000000,0.17065000
1785063600000,64508.56000000,64532.73000000,64497.12000000,64513.33000000,0.01179000
1785067200000,64511.45000000,64666.23000000,64463.28000000,64477.79000000,0.05548000
1785070800000,64430.36000000,64575.15000000,64418.75000000,64528.16000000,0.07186000
1785074400000,64564.92000000,64761.15000000,64563.85000000,64704.38000000,0.14182000
1785078000000,64710.12000000,64813.21000000,64689.53000000,64771.66000000,3.41069000
1785081600000,64774.37000000,64928.50000000,64696.91000000,64735.00000000,0.37776000
1785085200000,64727.21000000,64778.34000000,64671.04000000,64698.81000000,0.08271000
1785088800000,64698.79000000,64765.58000000,64674.16000000,64736.91000000,0.96564000
1785092400000,64742.10000000,64750.00000000,64678.99000000,64703.13000000,0.04540000
1785096000000,64703.13000000,64703.13000000,64638.12000000,64653.30000000,0.05948000
1785099600000,64668.00000000,64912.33000000,64657.07000000,64862.16000000,0.08512000
1785103200000,64902.42000000,65497.19000000,64901.80000000,65406.99000000,1.25084000
1785106800000,65425.00000000,65560.00000000,65284.71000000,65354.23000000,3.28513000
1785110400000,65408.73000000,65408.73000000,65048.35000000,65100.89000000,1.04809000
1785114000000,65132.46000000,65218.09000000,64927.00000000,65203.94000000,0.29010000
1785117600000,65211.34000000,65270.21000000,65144.72000000,65187.46000000,0.02385000
1785121200000,65175.83000000,65355.78000000,65173.11000000,65270.04000000,0.18019000
1785124800000,65307.34000000,65475.21000000,65251.12000000,65284.82000000,0.13851000
1785128400000,65290.70000000,65476.71000000,65290.70000000,65475.40000000,0.16424000
1785132000000,65466.94000000,65733.13000000,65414.51000000,65432.92000000,0.23985000
1785135600000,65400.05000000,65443.02000000,65233.52000000,65285.59000000,0.28425000
1785139200000,65228.55000000,65266.63000000,65138.78000000,65177.70000000,0.31857000
1785142800000,65131.00000000,65317.64000000,65101.84000000,65272.76000000,0.03929000
1785146400000,65242.06000000,65415.36000000,65242.06000000,65327.06000000,3.02751000
1785150000000,65331.03000000,65331.03000000,65109.73000000,65109.73000000,0.04851000
1785153600000,65109.17000000,65248.43000000,64848.69000000,65072.35000000,0.17382000
1785157200000,65076.26000000,65706.61000000,64916.83000000,65203.03000000,0.91925000
1785160800000,65221.44000000,65426.03000000,64468.15000000,64675.31000000,2.95340000
1785164400000,64688.77000000,64783.64000000,64436.09000000,64558.39000000,1.36352000
1785168000000,64561.56000000,64972.76000000,64527.30000000,64925.56000000,2.92157000
1785171600000,64904.62000000,65083.00000000,64793.37000000,65029.20000000,1.66032000
1785175200000,65021.42000000,65053.46000000,64749.59000000,64880.97000000,1.02177000
1785178800000,64884.96000000,65082.38000000,64807.37000000,64975.07000000,0.47020000
1785182400000,65043.57000000,65054.53000000,64908.62000000,64964.50000000,0.27021000
1785186000000,64955.50000000,64958.32000000,64800.78000000,64844.55000000,0.10388000
1785189600000,64785.41000000,64785.41000000,63800.00000000,63800.00000000,8.93232000
1785193200000,63800.00000000,63934.37000000,63618.37000000,63759.28000000,2.02916000
1785196800000,63760.17000000,63811.00000000,63490.58000000,63549.99000000,0.79956000
1785200400000,63494.33000000,63533.67000000,63070.02000000,63225.05000000,8.57257000
1785204000000,63208.75000000,63300.00000000,63133.63000000,63207.04000000,0.67667000
1785207600000,63189.57000000,63379.84000000,63175.49000000,63295.83000000,3.95209000
1785211200000,63339.91000000,63362.35000000,63230.90000000,63311.40000000,0.28018000
1785214800000,63344.72000000,63601.58000000,63344.14000000,63484.96000000,0.33036000
1785218400000,63455.94000000,63647.13000000,63412.31000000,63626.94000000,0.10069000
1785222000000,63638.84000000,63651.76000000,63467.81000000,63517.84000000,2.77414000
1785225600000,63481.84000000,63528.32000000,63425.70000000,63502.38000000,0.15453000
1785229200000,63416.31000000,63571.69000000,63372.88000000,63372.88000000,0.09929000
1785232800000,63377.33000000,63554.89000000,63311.16000000,63479.58000000,0.17268000
1785236400000,63486.67000000,63580.00000000,63351.32000000,63460.72000000,0.81187000
1785240000000,63460.72000000,63550.69000000,63377.96000000,63549.21000000,0.19960000
1785243600000,63546.66000000,63592.37000000,62755.00000000,63089.78000000,2.31573000
1785247200000,63106.51000000,63533.17000000,62983.45000000,63402.55000000,1.96566000
1785250800000,63418.84000000,64012.34000000,63283.00000000,63916.86000000,2.36386000
1785254400000,63929.50000000,64100.00000000,63779.14000000,64035.80000000,1.54529000
1785258000000,64036.70000000,64036.70000000,63507.63000000,63638.76000000,1.62062000
1785261600000,63693.61000000,63830.25000000,63678.32000000,63741.39000000,0.33728000
1785265200000,63751.76000000,63865.00000000,63700.00000000,63865.00000000,0.75129000
1785268800000,63887.86000000,64003.74000000,63881.66000000,63922.75000000,3.56232000
1785272400000,63954.97000000,64049.30000000,63893.45000000,63962.42000000,0.29662000
1785276000000,63975.61000000,64011.02000000,63766.20000000,63798.52000000,2.85093000
1785279600000,63774.68000000,63942.42000000,63560.82000000,63938.65000000,0.87504000
1785283200000,63943.00000000,64187.21000000,63893.00000000,63953.83000000,5.65214000
1785286800000,63950.00000000,63988.67000000,63672.44000000,63710.52000000,2.04972000
1785290400000,63685.81000000,64108.00000000,63680.89000000,63960.87000000,5.76722000
1785294000000,63983.29000000,63993.79000000,63717.73000000,63754.86000000,0.29910000
1785297600000,63755.83000000,63943.00000000,63592.57000000,63943.00000000,0.11869000
1785301200000,63976.00000000,64070.00000000,63890.97000000,64064.79000000,0.87135000
1785304800000,64056.49000000,64457.03000000,64025.86000000,64433.20000000,1.43578000
1785308400000,64441.44000000,64557.94000000,64403.99000000,64557.94000000,3.36284000
1785312000000,64554.83000000,64582.27000000,64274.76000000,64415.76000000,3.13120000
1785315600000,64416.42000000,64733.89000000,64399.34000000,64716.84000000,0.19666000
1785319200000,64696.32000000,64705.66000000,64407.89000000,64483.69000000,2.76361000
1785322800000,64475.94000000,64573.00000000,64441.11000000,64482.68000000,2.83485000
1785326400000,64501.98000000,64501.98000000,64235.67000000,64285.28000000,0.27418000
1785330000000,64270.87000000,64665.80000000,64149.31000000,64665.80000000,3.20133000
1785333600000,64678.91000000,64710.42000000,64062.50000000,64101.22000000,2.92686000
1785337200000,64112.22000000,64190.33000000,63900.00000000,63977.93000000,0.75446000
1785340800000,63973.80000000,64153.18000000,63679.00000000,63804.05000000,2.15978000
1785344400000,63817.63000000,64280.41000000,63712.00000000,64280.41000000,0.21630000
1785348000000,64282.29000000,64654.92000000,63780.61000000,64478.21000000,7.43154000
1785351600000,64505.33000000,64587.88000000,63543.40000000,63598.99000000,1.50209000
1785355200000,63591.39000000,63716.16000000,63392.39000000,63492.12000000,4.47142000
1785358800000,63470.29000000,63844.00000000,63283.00000000,63835.77000000,9.80271000
1785362400000,63850.00000000,64111.41000000,63850.00000000,63929.60000000,0.41056000
1785366000000,63929.60000000,64067.62000000,63893.89000000,63981.89000000,0.09569000
1785369600000,64003.40000000,64107.99000000,63607.87000000,63652.04000000,3.23954000
1785373200000,63715.87000000,64370.87000000,63688.91000000,64252.29000000,3.77109000
1785376800000,64309.46000000,64403.98000000,64170.03000000,64170.03000000,0.69206000
1785380400000,64186.37000000,64286.38000000,64151.04000000,64172.40000000,0.08623000
1785384000000,64147.68000000,64154.45000000,64056.53000000,64056.53000000,0.31743000
1785387600000,64026.19000000,64149.24000000,63900.21000000,64028.70000000,0.08739000
1785391200000,64027.48000000,64083.45000000,63969.23000000,63994.72000000,0.22402000
1785394800000,64076.92000000,64140.04000000,63944.13000000,64005.92000000,0.32350000
1785398400000,64016.54000000,64339.00000000,63997.42000000,64308.68000000,0.92645000
1785402000000,64311.18000000,64628.21000000,64284.54000000,64563.93000000,6.53370000
1785405600000,64596.45000000,64635.76000000,64567.06000000,64577.30000000,0.22402000
1785409200000,64547.54000000,64863.63000000,64547.54000000,64829.57000000,3.43212000
1785412800000,64793.84000000,65004.03000000,64793.84000000,64908.55000000,2.84273000
1785416400000,64950.74000000,65182.22000000,64719.24000000,65042.61000000,5.79559000
1785420000000,65014.51000000,65043.27000000,64627.10000000,64687.22000000,3.50427000
1785423600000,64645.53000000,64868.37000000,64612.60000000,64733.03000000,0.31579000
1785427200000,64736.53000000,64947.04000000,64736.53000000,64840.30000000,3.27332000
1785430800000,64820.11000000,64982.71000000,64768.01000000,64868.43000000,2.45430000
1785434400000,64874.53000000,64874.53000000,64689.91000000,64689.91000000,0.40201000
1785438000000,64689.91000000,64894.88000000,64689.91000000,64816.29000000,2.99954000
1785441600000,64810.14000000,64932.94000000,64768.00000000,64775.34000000,0.30525000
1785445200000,64780.17000000,64805.31000000,64706.54000000,64739.09000000,0.75902000
1785448800000,64701.96000000,65000.00000000,64659.88000000,64837.80000000,2.07381000
1785452400000,64849.92000000,65053.62000000,64735.00000000,64786.73000000,1.11152000
1785456000000,64842.53000000,64888.45000000,64694.68000000,64711.82000000,5.58134000
1785459600000,64795.87000000,65399.05000000,64504.00000000,64569.41000000,4.39225000
1785463200000,64512.70000000,64603.00000000,64226.05000000,64281.07000000,2.01737000
1785466800000,64255.00000000,64439.01000000,64198.50000000,64369.77000000,3.17335000
1785470400000,64349.61000000,64442.79000000,64293.25000000,64314.40000000,0.06837000
1785474000000,64331.81000000,64423.49000000,64288.71000000,64361.57000000,0.18837000
1785477600000,64348.38000000,64495.85000000,64206.43000000,64251.13000000,0.11034000
1785481200000,64216.13000000,64216.13000000,63892.08000000,63978.82000000,0.35454000
1785484800000,63942.56000000,63976.56000000,63818.39000000,63844.97000000,0.20688000
1785488400000,63831.60000000,63846.31000000,63640.53000000,63701.65000000,2.83795000
1785492000000,63700.17000000,63943.00000000,63641.13000000,63936.51000000,3.22466000
1785495600000,63943.00000000,64006.21000000,63810.87000000,63817.58000000,2.96844000
1785499200000,63789.79000000,63789.79000000,63640.13000000,63764.81000000,0.10139000
1785502800000,63775.97000000,63836.66000000,63232.61000000,63272.19000000,0.87977000
1785506400000,63273.65000000,63291.77000000,62480.81000000,62731.11000000,12.29968000
1785510000000,62628.13000000,62764.25000000,62500.00000000,62730.25000000,1.05159000
1785513600000,62718.13000000,62924.08000000,62718.13000000,62878.49000000,1.66385000
1785517200000,62869.55000000,63284.85000000,62811.15000000,63238.97000000,4.54361000
1785520800000,63232.68000000,63256.25000000,62963.76000000,63101.78000000,5.22006000
1785524400000,63117.60000000,63146.56000000,62956.10000000,62969.95000000,0.43133000
1785528000000,62962.75000000,63030.95000000,62946.08000000,62965.40000000,0.38558000
1785531600000,62936.66000000,63047.30000000,62852.31000000,62948.68000000,2.91322000
1785535200000,62945.68000000,63017.34000000,62887.00000000,62930.08000000,0.31570000
1785538800000,62937.44000000,63009.20000000,62868.96000000,62868.96000000,0.29760000
1785542400000,62892.47000000,63020.13000000,62892.47000000,62930.43000000,0.36252000
1785546000000,62934.50000000,62984.31000000,62932.87000000,62965.55000000,0.14053000
1785549600000,62978.32000000,63099.75000000,62978.32000000,63066.57000000,0.40823000
1785553200000,63061.28000000,63061.28000000,62976.32000000,63006.54000000,0.17652000
1785556800000,63000.37000000,63103.50000000,63000.26000000,63101.07000000,0.16263000
1785560400000,63107.24000000,63118.88000000,63008.36000000,63009.71000000,0.31796000
1785564000000,63033.52000000,63081.06000000,62995.81000000,63081.05000000,0.08516000
1785567600000,63081.05000000,63113.43000000,63036.70000000,63059.03000000,0.10651000
1785571200000,63066.33000000,63148.44000000,63066.33000000,63148.44000000,0.06827000
1785574800000,63141.42000000,63141.42000000,63048.42000000,63071.40000000,0.07929000
1785578400000,63069.14000000,63109.62000000,62996.13000000,63050.59000000,0.16732000
1785582000000,63044.38000000,63091.94000000,63042.54000000,63080.63000000,0.02649000
1785585600000,63102.23000000,63122.95000000,63092.97000000,63104.80000000,0.36104000
1785589200000,63101.98000000,63101.98000000,63012.62000000,63070.30000000,3.13061000
1785592800000,63072.47000000,63116.50000000,63070.84000000,63099.70000000,0.11021000
1785596400000,63123.00000000,63123.50000000,63009.14000000,63009.14000000,0.21703000
1785600000000,63009.14000000,63021.11000000,62887.00000000,62918.81000000,0.47096000
1785603600000,62933.25000000,62983.49000000,62674.93000000,62712.45000000,0.31363000
1785607200000,62693.85000000,62734.98000000,62263.77000000,62556.38000000,7.15526000
1785610800000,62600.46000000,62624.02000000,62454.43000000,62536.91000000,0.58227000
1785614400000,62490.05000000,62662.46000000,62490.05000000,62662.46000000,0.33927000
1785618000000,62703.40000000,62827.34000000,62703.40000000,62818.24000000,0.45395000
1785621600000,62815.45000000,62869.56000000,62795.48000000,62835.54000000,0.11738000
1785625200000,62835.54000000,62855.59000000,62774.11000000,62821.06000000,0.30281000
1785628800000,62887.00000000,62968.66000000,62798.67000000,62838.73000000,1.15118000
1785632400000,62846.06000000,63069.56000000,62846.06000000,62994.13000000,1.03049000
1785636000000,62968.34000000,63540.80000000,62968.34000000,63449.67000000,2.36741000
1785639600000,63425.65000000,63533.81000000,63395.37000000,63443.43000000,1.13008000
1785643200000,63467.23000000,63601.58000000,63467.23000000,63601.58000000,0.27748000
1785646800000,63601.58000000,63606.54000000,63414.94000000,63415.39000000,0.26445000
1785650400000,63453.71000000,63499.00000000,63443.86000000,63484.38000000,0.09235000
1785654000000,63486.93000000,63537.49000000,63479.92000000,63482.96000000,0.04595000
1785657600000,63490.66000000,63522.24000000,63184.00000000,63184.00000000,0.12481000
1785661200000,63191.91000000,63304.84000000,63089.79000000,63265.10000000,0.26882000
1785664800000,63245.90000000,63259.06000000,63138.19000000,63200.52000000,0.13131000
1785668400000,63197.52000000,63197.52000000,62983.46000000,62983.46000000,0.17420000
1785672000000,63039.61000000,63218.34000000,63039.61000000,63117.06000000,0.24720000
1785675600000,63122.77000000,63141.58000000,63014.05000000,63118.81000000,0.10910000
1785679200000,63116.05000000,63152.48000000,63058.12000000,63067.41000000,0.27799000
1785682800000,63071.78000000,63167.08000000,63051.72000000,63124.33000000,0.24488000
1785686400000,63120.21000000,63232.26000000,63069.40000000,63193.00000000,0.14813000
1785690000000,63180.33000000,63334.67000000,63153.45000000,63304.10000000,0.57446000
1785693600000,63328.01000000,63593.44000000,63292.98000000,63380.44000000,0.33108000
1785697200000,63380.44000000,63478.55000000,63326.36000000,63454.82000000,0.09061000
1785700800000,63458.31000000,63496.52000000,63402.35000000,63494.92000000,0.12707000
1785704400000,63525.02000000,63777.74000000,63502.99000000,63580.00000000,0.49089000
1785708000000,63602.12000000,63787.01000000,63379.18000000,63422.66000000,0.52014000
1785711600000,63415.01000000,63580.00000000,63344.37000000,63540.39000000,0.33587000
1785715200000,63557.74000000,63557.74000000,63250.00000000,63318.17000000,0.29283000
1785718800000,63267.07000000,63336.16000000,63121.73000000,63208.29000000,0.84248000
1785722400000,63199.93000000,63289.09000000,63092.65000000,63140.97000000,0.13664000
1785726000000,63127.93000000,63153.68000000,62800.00000000,62939.04000000,0.20311000
1785729600000,62858.56000000,62995.33000000,62774.17000000,62781.07000000,0.44094000
1785733200000,62790.00000000,62864.92000000,62749.61000000,62799.70000000,1.63020000
1785736800000,62825.70000000,62860.78000000,62620.49000000,62620.49000000,0.09856000
1785740400000,62620.49000000,62694.38000000,62569.75000000,62572.77000000,1.12137000
1785744000000,62623.69000000,62623.69000000,62309.13000000,62524.00000000,1.29325000
1785747600000,62536.63000000,62839.29000000,62527.81000000,62839.29000000,2.82806000
1785751200000,62843.74000000,62866.02000000,62622.81000000,62737.38000000,3.37630000
1785754800000,62745.44000000,62767.40000000,62562.94000000,62587.33000000,0.31858000
1785758400000,62560.82000000,62788.00000000,62467.73000000,62702.53000000,0.19339000
1785762000000,62716.27000000,63369.69000000,62575.00000000,63369.69000000,0.81985000
1785765600000,63341.28000000,63980.37000000,63147.62000000,63975.04000000,0.92419000
1785769200000,63947.07000000,63947.07000000,63657.65000000,63657.65000000,0.73641000
1785772800000,63708.89000000,63909.50000000,63692.72000000,63780.98000000,0.46487000
1785776400000,63779.99000000,64050.40000000,63732.85000000,63887.13000000,0.43203000
1785780000000,63911.40000000,63987.63000000,63810.81000000,63917.80000000,3.73522000
1785783600000,63879.39000000,64054.19000000,63865.34000000,63873.80000000,0.93048000
1785787200000,63844.00000000,64001.19000000,63774.08000000,63799.08000000,0.21985000
1785790800000,63758.77000000,63758.77000000,63557.54000000,63557.54000000,0.25112000
1785794400000,63600.01000000,63658.61000000,63389.06000000,63623.93000000,0.74798000
1785798000000,63574.66000000,63626.37000000,63464.58000000,63514.37000000,1.03569000
1785801600000,63538.69000000,63576.66000000,63331.22000000,63354.45000000,0.20673000
1785805200000,63358.38000000,63900.42000000,63358.38000000,63839.72000000,3.21766000
1785808800000,63842.16000000,63943.00000000,63697.78000000,63813.98000000,3.22773000
1785812400000,63816.53000000,63844.00000000,63636.35000000,63825.25000000,3.10225000
1785816000000,63803.58000000,64230.20000000,63755.75000000,64056.27000000,1.16939000
1785819600000,64023.70000000,64023.70000000,63811.00000000,63813.24000000,3.04553000
1785823200000,63782.35000000,63855.14000000,63669.02000000,63669.02000000,0.20790000
1785826800000,63653.14000000,63737.49000000,63519.81000000,63707.93000000,0.41106000
1785830400000,63731.21000000,63733.47000000,63572.45000000,63596.52000000,0.11851000
1785834000000,63578.82000000,63604.11000000,63526.70000000,63590.91000000,0.21729000
1785837600000,63601.59000000,63819.57000000,63446.68000000,63726.62000000,0.33572000
1785841200000,63762.03000000,63933.50000000,63726.62000000,63926.78000000,0.03367000
1785844800000,63897.32000000,64035.10000000,63802.75000000,63964.84000000,0.17186000
1785848400000,63877.34000000,64079.46000000,63679.00000000,63713.92000000,0.71479000
1785852000000,63646.20000000,64176.79000000,63614.52000000,64176.79000000,0.65283000
1785855600000,64144.03000000,64216.38000000,63837.19000000,64131.01000000,3.94230000
1785859200000,64117.76000000,64117.76000000,63923.07000000,63952.02000000,0.79943000
1785862800000,63963.47000000,64183.49000000,63892.24000000,63982.46000000,0.35304000
1785866400000,64004.15000000,64390.22000000,64004.15000000,64299.84000000,0.43867000
1785870000000,64298.03000000,64404.00000000,64238.82000000,64240.01000000,1.85211000
1785873600000,64237.52000000,64421.31000000,64007.04000000,64340.88000000,0.99402000
1785877200000,64340.08000000,64340.08000000,64176.54000000,64191.30000000,0.38509000
1785880800000,64158.90000000,64296.87000000,64145.61000000,64240.92000000,0.40805000
1785884400000,64241.01000000,64528.37000000,64087.43000000,64098.98000000,2.54039000
1785888000000,64100.21000000,64158.83000000,63982.97000000,63997.41000000,0.19980000
1785891600000,63999.99000000,64325.63000000,63968.39000000,64315.85000000,1.54750000
1785895200000,64338.99000000,64490.94000000,64338.99000000,64361.32000000,1.25785000
1785898800000,64417.64000000,64445.63000000,64075.00000000,64175.17000000,0.11325000
1785902400000,64187.41000000,64213.93000000,64098.59000000,64177.17000000,0.23730000
1785906000000,64165.18000000,64520.00000000,64165.18000000,64331.60000000,0.56116000
1785909600000,64319.62000000,64354.22000000,64250.00000000,64250.00000000,1.25017000
1785913200000,64240.00000000,64263.81000000,64005.14000000,64144.27000000,0.65376000
1785916800000,64182.80000000,64257.37000000,64116.50000000,64140.00000000,1.17871000
1785920400000,64114.05000000,64195.74000000,64108.00000000,64148.82000000,0.04958000
1785924000000,64150.05000000,64247.78000000,64030.05000000,64059.75000000,0.19791000
1785927600000,64072.87000000,64142.12000000,64053.57000000,64080.07000000,0.07693000
1785931200000,64083.84000000,64566.62000000,64076.71000000,64378.76000000,1.51438000
1785934800000,64319.99000000,64381.19000000,63906.74000000,64381.19000000,1.93642000
1785938400000,64402.44000000,64567.88000000,64306.08000000,64514.72000000,0.40896000
1785942000000,64489.86000000,64735.00000000,64395.50000000,64401.93000000,4.47982000
1785945600000,64391.88000000,64761.08000000,64391.88000000,64662.00000000,3.47310000
1785949200000,64672.23000000,64778.30000000,64560.48000000,64778.30000000,4.20448000
1785952800000,64763.04000000,64836.21000000,64679.85000000,64773.59000000,4.06324000
1785956400000,64789.71000000,64925.69000000,64789.71000000,64855.82000000,1.48190000
1785960000000,64861.54000000,65009.01000000,64807.57000000,64842.53000000,1.21532000
1785963600000,64827.51000000,64827.51000000,64677.81000000,64743.04000000,1.12004000
1785967200000,64754.50000000,64777.50000000,64628.31000000,64638.32000000,0.66517000
1785970800000,64616.40000000,64744.64000000,64594.85000000,64656.16000000,0.33101000
1785974400000,64668.84000000,64706.63000000,64574.33000000,64681.75000000,0.66951000
1785978000000,64633.66000000,64662.30000000,64504.00000000,64583.94000000,3.09175000
1785981600000,64583.95000000,64636.00000000,64440.44000000,64583.09000000,10.31729000
1785985200000,64573.59000000,64575.83000000,64496.12000000,64528.83000000,1.57806000
1785988800000,64521.77000000,64724.05000000,64508.11000000,64724.05000000,0.26158000
1785992400000,64735.00000000,64999.00000000,64735.00000000,64908.41000000,1.11102000
1785996000000,64901.89000000,64901.89000000,64741.60000000,64847.58000000,0.14432000
1785999600000,64850.08000000,64959.87000000,64778.90000000,64814.48000000,0.14110000
1786003200000,64817.97000000,65000.00000000,64758.07000000,64963.71000000,1.18393000
1786006800000,64916.85000000,64917.56000000,64635.92000000,64683.84000000,0.18083000
1786010400000,64674.24000000,64689.85000000,64590.00000000,64613.86000000,0.11853000
1786014000000,64621.82000000,64646.96000000,64499.06000000,64623.41000000,6.71072000
1786017600000,64624.14000000,64631.50000000,64418.38000000,64432.73000000,5.93450000
1786021200000,64400.02000000,64529.63000000,64169.65000000,64454.72000000,41.91177000
1786024800000,64432.38000000,64833.45000000,64358.60000000,64803.80000000,14.35435000
1786028400000,64772.64000000,64979.13000000,64618.26000000,64630.44000000,14.21156000
1786032000000,64636.60000000,64770.79000000,64596.33000000,64751.58000000,2.99047000
1786035600000,64754.04000000,64839.19000000,64553.82000000,64626.40000000,3.07765000
1786039200000,64606.57000000,64616.30000000,64387.48000000,64420.10000000,3.04262000
1786042800000,64420.10000000,64481.29000000,64360.95000000,64453.85000000,1.26225000
1786046400000,64453.85000000,64534.19000000,64434.56000000,64435.09000000,1.51373000
1786050000000,64449.80000000,64505.45000000,64399.47000000,64438.05000000,0.97092000
1786053600000,64448.13000000,64452.86000000,64333.33000000,64347.34000000,0.16634000
1786057200000,64349.22000000,64368.04000000,64200.01000000,64318.65000000,0.30466000
1786060800000,64315.46000000,64414.26000000,64228.76000000,64311.68000000,0.22884000
1786064400000,64323.62000000,64471.00000000,64301.58000000,64415.59000000,3.16036000
1786068000000,64415.39000000,64553.90000000,64268.58000000,64427.06000000,5.13759000
1786071600000,64399.99000000,64400.09000000,64278.19000000,64297.23000000,0.10189000
1786075200000,64283.18000000,64348.10000000,64171.16000000,64250.09000000,0.14890000
1786078800000,64259.04000000,64397.65000000,64174.25000000,64360.39000000,0.18338000
1786082400000,64335.55000000,64451.21000000,64285.17000000,64326.77000000,0.39952000
1786086000000,64298.27000000,64436.07000000,64270.75000000,64324.42000000,0.33073000
1786089600000,64323.96000000,64650.07000000,64323.96000000,64594.21000000,0.22220000
1786093200000,64666.25000000,64949.99000000,64666.25000000,64820.04000000,0.82022000
1786096800000,64845.70000000,64897.66000000,64824.82000000,64894.99000000,0.06510000
1786100400000,64918.96000000,65195.40000000,64918.96000000,65023.55000000,3.39032000
1786104000000,65032.01000000,65381.64000000,64999.00000000,65268.62000000,5.17799000
1786107600000,65286.77000000,65328.25000000,64999.00000000,64999.00000000,1.39353000
1786111200000,64966.87000000,65262.99000000,64795.26000000,64963.34000000,0.78140000
1786114800000,64954.15000000,65108.37000000,64889.94000000,64930.06000000,0.45570000
1786118400000,64919.22000000,65045.64000000,64829.73000000,64840.21000000,0.35157000
1786122000000,64816.67000000,64819.41000000,64510.68000000,64745.29000000,5.86195000
1786125600000,64768.00000000,64882.68000000,64670.80000000,64719.16000000,0.42106000
1786129200000,64748.23000000,65022.07000000,64748.23000000,64970.60000000,0.56519000
1786132800000,64970.61000000,65032.00000000,64950.30000000,64974.63000000,3.13653000
1786136400000,64974.63000000,65094.67000000,64940.86000000,64940.86000000,0.38698000
1786140000000,64935.62000000,64951.81000000,64852.97000000,64881.70000000,1.89703000
1786143600000,64886.65000000,64918.18000000,64876.10000000,64915.74000000,0.08048000
1786147200000,64915.76000000,64947.87000000,64824.84000000,64919.99000000,1.22378000
1786150800000,64925.74000000,64966.92000000,64908.06000000,64917.94000000,0.11080000
1786154400000,64905.26000000,64953.42000000,64896.18000000,64919.01000000,0.08443000
1786158000000,64919.02000000,65065.23000000,64919.00000000,65026.25000000,0.22152000
1786161600000,65060.64000000,65060.64000000,64969.04000000,65028.94000000,0.11924000
1786165200000,65009.96000000,65022.21000000,64983.22000000,64989.25000000,0.42749000
1786168800000,64998.23000000,65013.84000000,64944.64000000,65006.65000000,0.23856000
1786172400000,65007.02000000,65007.02000000,64957.42000000,64957.49000000,0.09194000
1786176000000,64957.42000000,65006.04000000,64957.42000000,64989.86000000,0.04745000
1786179600000,64992.39000000,65047.99000000,64992.39000000,64998.12000000,0.04724000
1786183200000,64997.96000000,65032.18000000,64991.83000000,65010.99000000,0.12620000
1786186800000,65010.97000000,65021.63000000,64958.27000000,64968.51000000,0.09582000
1786190400000,64968.28000000,65025.69000000,64922.09000000,65002.33000000,0.20539000
1786194000000,65002.57000000,65021.38000000,64994.58000000,65016.34000000,0.15441000
1786197600000,65016.76000000,65185.07000000,65014.65000000,65157.66000000,0.39493000
1786201200000,65130.10000000,65143.76000000,65063.41000000,65098.48000000,0.31593000
1786204800000,65089.29000000,65101.30000000,65055.96000000,65057.20000000,0.21456000
1786208400000,65090.84000000,65142.25000000,65084.31000000,65127.24000000,0.05711000
1786212000000,65118.72000000,65125.72000000,65031.38000000,65057.75000000,0.20366000
1786215600000,65040.93000000,65074.16000000,65004.39000000,65066.72000000,0.39597000
1786219200000,65073.05000000,65088.55000000,65056.39000000,65077.60000000,0.13208000
1786222800000,65088.40000000,65088.40000000,65011.34000000,65011.34000000,0.22585000
1786226400000,65018.40000000,65019.99000000,64946.17000000,64946.17000000,0.14997000
1786230000000,64953.51000000,64975.60000000,64937.28000000,64974.91000000,0.26531000
1786233600000,64960.57000000,64983.62000000,64953.77000000,64976.94000000,0.03326000
1786237200000,64976.55000000,64997.26000000,64844.27000000,64864.12000000,3.45174000
1786240800000,64847.93000000,64862.02000000,64782.41000000,64818.27000000,0.81300000
1786244400000,64817.83000000,64817.83000000,64735.00000000,64795.05000000,0.09986000
1786248000000,64784.01000000,64828.33000000,64783.85000000,64783.85000000,4.39681000
1786251600000,64783.85000000,64787.92000000,64782.60000000,64787.92000000,0.11358000
1786255200000,64803.83000000,64866.39000000,64796.58000000,64853.15000000,0.04850000
1786258800000,64849.92000000,64855.38000000,64822.48000000,64822.48000000,0.06882000
1786262400000,64866.99000000,64926.00000000,64804.11000000,64824.38000000,0.26978000
1786266000000,64821.31000000,64874.41000000,64809.59000000,64874.41000000,0.05663000
1786269600000,64901.80000000,64966.74000000,64901.80000000,64966.44000000,0.12947000
1786273200000,64967.05000000,64998.65000000,64944.46000000,64944.46000000,0.01329000
1786276800000,64944.46000000,64950.94000000,64916.58000000,64950.75000000,0.08207000
1786280400000,64974.55000000,65233.52000000,64974.55000000,65220.77000000,0.18089000
1786284000000,65213.75000000,65273.52000000,65158.93000000,65273.52000000,1.01536000
1786287600000,65271.47000000,65271.76000000,65220.39000000,65231.10000000,0.13779000
1786291200000,65233.78000000,65268.33000000,65191.61000000,65234.01000000,0.24679000
1786294800000,65240.27000000,65240.27000000,65188.86000000,65188.86000000,0.32465000
1786298400000,65200.53000000,65219.91000000,65193.90000000,65199.72000000,0.06701000
1786302000000,65203.93000000,65204.81000000,65180.68000000,65191.29000000,0.50909000
1786305600000,65185.30000000,65185.42000000,65073.85000000,65141.13000000,0.15344000
1786309200000,65141.13000000,65234.56000000,65121.67000000,65215.19000000,0.35580000
1786312800000,65217.50000000,65459.30000000,64984.71000000,65087.01000000,0.81539000
1786316400000,65058.47000000,65095.36000000,64836.74000000,64894.15000000,0.41870000
1786320000000,64882.76000000,65300.00000000,64836.21000000,64963.42000000,1.15882000
1786323600000,65014.30000000,65361.40000000,64920.37000000,65197.55000000,0.31432000
1786327200000,65196.16000000,65196.16000000,64915.77000000,65094.34000000,0.20642000
1786330800000,65096.20000000,65161.17000000,64920.37000000,64982.44000000,0.22587000
1786334400000,64968.59000000,65087.84000000,64942.20000000,65026.31000000,0.31131000
1786338000000,65006.04000000,65135.52000000,64996.14000000,65135.52000000,0.27600000
1786341600000,65154.82000000,65322.29000000,65154.07000000,65315.51000000,4.58200000
1786345200000,65269.94000000,65355.78000000,65211.77000000,65213.90000000,1.02337000
1786348800000,65271.75000000,65314.40000000,65210.23000000,65229.70000000,0.60270000
1786352400000,65217.48000000,65220.01000000,64965.17000000,64969.14000000,0.24417000
1786356000000,65020.74000000,65055.64000000,65017.59000000,65033.63000000,0.08039000
1786359600000,64998.91000000,65127.58000000,64997.88000000,65127.58000000,0.13087000
1786363200000,65127.57000000,65221.81000000,64857.39000000,64861.68000000,3.20439000
1786366800000,64881.41000000,64939.07000000,64519.54000000,64559.79000000,3.49632000
1786370400000,64558.77000000,64867.00000000,64558.77000000,64624.22000000,1.65985000
1786374000000,64620.23000000,64706.08000000,64221.08000000,64293.21000000,6.67864000
1786377600000,64268.08000000,64359.87000000,63844.00000000,63897.58000000,9.58334000
1786381200000,63905.39000000,64014.61000000,63834.01000000,63936.62000000,3.49210000
1786384800000,63981.74000000,64019.79000000,63817.76000000,63902.29000000,0.67846000
1786388400000,63902.30000000,64088.47000000,63902.30000000,64024.18000000,0.56182000
1786392000000,64033.48000000,64196.76000000,64033.48000000,64160.67000000,0.24021000
1786395600000,64154.55000000,64154.55000000,63977.98000000,63992.49000000,0.20453000
1786399200000,63976.00000000,64059.97000000,63937.19000000,64010.19000000,0.43994000
1786402800000,64009.99000000,64010.00000000,63924.63000000,63968.95000000,0.74484000
1786406400000,63961.14000000,64051.92000000,63903.75000000,64048.87000000,3.76531000
1786410000000,64037.08000000,64078.74000000,63990.00000000,64068.74000000,7.66045000
1786413600000,64061.76000000,64095.45000000,64036.77000000,64043.34000000,0.31023000
1786417200000,64071.39000000,64155.02000000,64063.22000000,64131.91000000,0.64964000
1786420800000,64152.48000000,64159.70000000,64039.96000000,64041.78000000,0.07040000
1786424400000,64026.76000000,64057.03000000,63973.35000000,64011.45000000,0.54999000
1786428000000,64003.70000000,64047.24000000,63875.99000000,63965.55000000,0.33872000
1786431600000,63964.23000000,64106.78000000,63934.79000000,64054.21000000,0.35600000
1786435200000,64080.68000000,64152.86000000,64052.73000000,64145.73000000,0.07867000
1786438800000,64166.67000000,64305.99000000,64122.41000000,64305.99000000,0.09819000
1786442400000,64300.22000000,64316.08000000,64226.08000000,64233.94000000,0.27525000
1786446000000,64265.84000000,64387.27000000,64265.84000000,64370.89000000,2.92159000
1786449600000,64387.13000000,64500.00000000,64306.18000000,64337.00000000,3.82551000
1786453200000,64332.56000000,64368.21000000,64053.05000000,64184.35000000,0.22987000
1786456800000,64208.48000000,64249.54000000,63728.52000000,63728.52000000,0.79087000
1786460400000,63751.43000000,63848.32000000,63447.23000000,63620.00000000,3.93565000
1786464000000,63620.00000000,63643.30000000,63496.24000000,63511.21000000,2.89932000
1786467600000,63524.30000000,63610.00000000,63464.86000000,63610.00000000,1.05725000
1786471200000,63604.17000000,63604.17000000,63268.94000000,63385.11000000,3.39387000
1786474800000,63376.31000000,63521.20000000,63248.73000000,63521.20000000,5.01317000
1786478400000,63529.23000000,63739.64000000,63523.91000000,63739.64000000,2.67849000
1786482000000,63731.33000000,63752.35000000,63618.45000000,63675.08000000,1.52942000
1786485600000,63675.08000000,63752.92000000,63624.02000000,63654.92000000,0.43240000
1786489200000,63656.12000000,63656.12000000,63537.55000000,63604.72000000,1.54326000
1786492800000,63594.31000000,63739.67000000,63538.91000000,63739.67000000,3.69493000
1786496400000,63767.37000000,63852.76000000,63700.00000000,63809.40000000,0.87151000
1786500000000,63833.06000000,63893.39000000,63757.93000000,63761.64000000,1.19961000
1786503600000,63756.47000000,63836.08000000,63711.48000000,63831.71000000,0.29077000
1786507200000,63835.94000000,63872.57000000,63742.32000000,63770.03000000,0.36041000
1786510800000,63741.84000000,63865.92000000,63734.27000000,63865.92000000,0.24301000
1786514400000,63790.61000000,63790.61000000,63596.32000000,63693.08000000,0.22865000
1786518000000,63726.25000000,63800.86000000,63689.22000000,63782.68000000,0.03074000
1786521600000,63833.33000000,63841.11000000,63780.45000000,63787.67000000,0.00927000
1786525200000,63786.06000000,64101.92000000,63786.06000000,64064.43000000,5.56211000
1786528800000,64103.17000000,64202.76000000,64070.52000000,64150.00000000,1.78588000
1786532400000,64150.00000000,64234.55000000,64122.69000000,64234.55000000,1.06002000
1786536000000,64234.56000000,64450.00000000,64000.00000000,64108.90000000,8.87858000
1786539600000,64148.17000000,64148.17000000,63852.76000000,63852.76000000,1.49612000
1786543200000,63802.48000000,63887.86000000,63400.70000000,63400.70000000,0.85341000
1786546800000,63375.00000000,63566.60000000,63334.61000000,63506.50000000,1.20557000
1786550400000,63473.39000000,63563.06000000,63373.02000000,63486.33000000,6.07176000
1786554000000,63484.35000000,63549.97000000,63422.74000000,63467.27000000,0.43652000
1786557600000,63460.06000000,63516.12000000,63375.65000000,63384.76000000,1.22324000
1786561200000,63397.84000000,63445.46000000,63327.18000000,63410.18000000,0.77978000
1786564800000,63420.54000000,63599.32000000,63417.78000000,63588.63000000,3.81046000
1786568400000,63603.59000000,63634.91000000,63447.16000000,63460.77000000,3.07233000
1786572000000,63468.51000000,63501.72000000,63380.00000000,63431.12000000,0.24208000
1786575600000,63420.74000000,63475.32000000,63380.00000000,63445.79000000,0.68840000
1786579200000,63468.39000000,63699.99000000,63468.23000000,63587.21000000,3.70623000
1786582800000,63561.89000000,63627.01000000,63398.46000000,63468.36000000,1.17027000
1786586400000,63480.26000000,63587.90000000,63410.97000000,63568.46000000,0.19716000
1786590000000,63535.30000000,63675.95000000,63519.25000000,63654.13000000,0.35978000
1786593600000,63650.23000000,63757.41000000,63602.73000000,63699.39000000,0.07772000
1786597200000,63710.13000000,63978.16000000,63710.13000000,63885.00000000,0.19314000
1786600800000,63886.24000000,63925.51000000,63781.90000000,63925.51000000,5.16286000
1786604400000,63943.05000000,63943.64000000,63851.55000000,63851.55000000,1.77509000
1786608000000,63850.00000000,63916.00000000,63761.87000000,63761.87000000,1.28160000
1786611600000,63750.00000000,63764.14000000,63597.77000000,63764.14000000,1.39764000
1786615200000,63784.09000000,63784.09000000,63595.70000000,63641.08000000,0.34720000
1786618800000,63656.72000000,63656.99000000,63375.00000000,63489.51000000,0.56385000
1786622400000,63478.00000000,63709.01000000,63450.02000000,63709.01000000,1.14691000
1786626000000,63725.00000000,63849.17000000,63609.45000000,63735.90000000,1.26220000
1786629600000,63725.85000000,64000.00000000,63695.95000000,63876.78000000,4.42155000
1786633200000,63873.88000000,63941.05000000,63450.00000000,63450.00000000,9.24157000
1786636800000,63406.05000000,63565.63000000,62852.04000000,63091.67000000,10.44901000
1786640400000,63095.34000000,63306.51000000,63077.78000000,63149.99000000,6.31549000
1786644000000,63142.06000000,63374.19000000,63120.03000000,63309.57000000,3.62295000
1786647600000,63315.47000000,63513.55000000,63309.57000000,63404.35000000,3.03768000
1786651200000,63417.38000000,63477.42000000,63373.98000000,63415.01000000,6.38805000
1786654800000,63405.65000000,63502.04000000,63396.45000000,63478.85000000,5.33512000
1786658400000,63478.85000000,63648.30000000,63478.85000000,63532.31000000,18.60043000
1786662000000,63532.33000000,63532.33000000,63407.07000000,63484.39000000,5.29775000
1786665600000,63490.55000000,63553.97000000,63412.26000000,63529.40000000,15.48581000
1786669200000,63529.40000000,63578.18000000,63470.03000000,63557.14000000,2.71787000
1786672800000,63562.09000000,63563.50000000,63467.90000000,63467.90000000,2.71937000
1786676400000,63473.29000000,63573.34000000,63315.42000000,63315.42000000,1.06983000
1786680000000,63292.87000000,63479.09000000,63292.87000000,63374.37000000,0.19296000
1786683600000,63367.43000000,63396.64000000,63288.86000000,63382.80000000,0.73857000
1786687200000,63368.23000000,63376.07000000,62969.13000000,62969.13000000,4.14267000
1786690800000,63033.84000000,63110.97000000,62953.80000000,62953.80000000,0.30714000
1786694400000,62937.89000000,62946.11000000,62717.07000000,62828.68000000,0.14723000
1786698000000,62918.44000000,62918.44000000,62748.42000000,62811.76000000,2.66460000
1786701600000,62760.27000000,62937.54000000,62760.27000000,62814.00000000,0.89469000
1786705200000,62814.00000000,62928.45000000,62814.00000000,62867.64000000,0.88175000
1786708800000,62895.81000000,62912.52000000,62730.22000000,62750.09000000,1.23378000
1786712400000,62731.82000000,62820.41000000,62613.10000000,62649.04000000,0.53889000
1786716000000,62661.57000000,62799.98000000,62541.43000000,62619.05000000,0.36208000
1786719600000,62629.49000000,63069.83000000,62617.87000000,63000.96000000,1.94163000
1786723200000,62988.63000000,63214.98000000,62977.68000000,63139.43000000,10.46784000
1786726800000,63156.88000000,63240.03000000,63010.38000000,63010.38000000,0.63128000
1786730400000,62985.06000000,63081.88000000,62882.74000000,62917.16000000,0.49699000
1786734000000,62879.96000000,62984.58000000,62831.42000000,62958.44000000,0.10247000
1786737600000,62967.94000000,63025.78000000,62893.65000000,62903.80000000,0.22766000
1786741200000,62923.07000000,62933.24000000,62874.55000000,62920.01000000,0.05807000
1786744800000,62942.67000000,62953.73000000,62804.80000000,62890.81000000,0.46915000
1786748400000,62887.12000000,63061.08000000,62871.85000000,63042.94000000,0.24908000
1786752000000,63037.45000000,63038.98000000,62991.84000000,63016.17000000,0.15104000
1786755600000,63005.21000000,63043.31000000,62988.13000000,63025.57000000,0.36375000
1786759200000,63044.80000000,63131.00000000,63035.76000000,63129.78000000,5.63824000
1786762800000,63139.30000000,63151.07000000,63055.60000000,63072.45000000,2.61567000
1786766400000,63066.45000000,63148.04000000,63066.44000000,63128.42000000,3.32897000
1786770000000,63125.76000000,63157.54000000,63040.46000000,63066.68000000,0.17413000
1786773600000,63085.57000000,63085.57000000,63031.40000000,63083.99000000,0.07879000
1786777200000,63114.74000000,63134.31000000,63071.07000000,63072.93000000,0.28020000
1786780800000,63083.64000000,63083.64000000,62936.69000000,62936.69000000,0.04578000
1786784400000,62925.25000000,63041.91000000,62922.37000000,63034.65000000,0.01798000
1786788000000,63027.04000000,63049.18000000,62994.54000000,63046.13000000,0.08086000
1786791600000,63044.11000000,63052.52000000,63024.94000000,63037.73000000,0.02637000
1786795200000,63014.58000000,63039.97000000,62947.10000000,63039.97000000,0.72043000
1786798800000,63046.61000000,63085.18000000,63024.01000000,63056.70000000,1.51094000
1786802400000,63044.57000000,63053.14000000,63010.01000000,63044.70000000,0.12893000
1786806000000,63044.08000000,63128.80000000,63032.29000000,63098.43000000,0.20332000
1786809600000,63102.00000000,63108.45000000,63076.28000000,63090.51000000,0.20252000
1786813200000,63099.90000000,63105.14000000,63062.25000000,63062.25000000,2.22802000
1786816800000,63066.90000000,63111.67000000,63041.01000000,63057.97000000,0.17226000
1786820400000,63055.74000000,63119.85000000,63055.73000000,63115.77000000,0.60549000
1786824000000,63115.28000000,63118.00000000,63070.24000000,63099.01000000,0.19729000
1786827600000,63102.00000000,63159.22000000,63100.50000000,63159.22000000,0.17477000
1786831200000,63158.25000000,63169.20000000,63129.07000000,63138.85000000,2.79467000
1786834800000,63129.67000000,63144.41000000,63081.59000000,63081.59000000,0.83168000
1786838400000,63081.59000000,63085.04000000,63057.26000000,63067.59000000,2.68781000
1786842000000,63079.03000000,63079.03000000,63014.18000000,63067.03000000,0.24234000
1786845600000,63089.70000000,63146.71000000,63028.75000000,63113.12000000,0.07264000
1786849200000,63120.95000000,63128.24000000,63116.49000000,63128.24000000,0.01650000
1786852800000,63124.49000000,63148.20000000,63116.65000000,63116.65000000,0.05251000
1786856400000,63072.45000000,63093.48000000,63031.00000000,63058.69000000,0.13423000
1786860000000,63072.07000000,63078.85000000,63037.97000000,63067.58000000,0.12079000
1786863600000,63066.80000000,63066.80000000,63053.05000000,63058.65000000,0.00863000
1786867200000,63062.44000000,63074.81000000,63062.44000000,63072.19000000,0.01542000
1786870800000,63072.19000000,63075.81000000,62995.47000000,62995.47000000,0.04713000
1786874400000,62981.93000000,63010.10000000,62968.02000000,63003.01000000,0.01919000
1786878000000,63010.00000000,63010.01000000,62978.29000000,63004.44000000,0.09244000
1786881600000,63009.72000000,63026.98000000,62990.27000000,63019.43000000,0.05656000
1786885200000,63019.41000000,63065.62000000,63019.40000000,63064.75000000,0.05648000
1786888800000,63064.17000000,63101.30000000,63059.22000000,63097.85000000,0.07709000
1786892400000,63112.86000000,63138.95000000,63099.93000000,63137.95000000,0.61839000
1786896000000,63138.81000000,63348.18000000,63138.81000000,63273.19000000,2.83006000
1786899600000,63262.81000000,63276.28000000,63085.05000000,63166.03000000,3.38604000
1786903200000,63161.98000000,63173.65000000,63121.76000000,63137.69000000,0.04858000
1786906800000,63147.67000000,63229.81000000,63105.74000000,63106.74000000,0.05970000
1786910400000,63116.01000000,63137.48000000,63040.00000000,63061.75000000,0.51032000
1786914000000,63062.19000000,63067.29000000,62774.86000000,62926.37000000,3.26481000
1786917600000,62848.74000000,62927.74000000,62718.12000000,62895.48000000,1.16617000
1786921200000,62939.25000000,62962.46000000,62826.66000000,62888.60000000,0.19295000
1786924800000,62904.59000000,62959.28000000,62751.32000000,62942.80000000,0.52764000
1786928400000,62930.00000000,63239.64000000,62930.00000000,63111.95000000,0.74861000
1786932000000,63103.20000000,63489.69000000,63053.45000000,63396.13000000,0.90097000
1786935600000,63411.07000000,63517.57000000,63344.83000000,63427.35000000,0.39925000
1786939200000,63452.03000000,63579.89000000,63452.03000000,63535.10000000,0.42942000
1786942800000,63521.93000000,63589.28000000,63441.33000000,63521.18000000,0.33769000
1786946400000,63500.55000000,63715.23000000,63500.54000000,63627.77000000,0.28872000
1786950000000,63600.58000000,63600.58000000,63518.21000000,63518.21000000,0.54640000
1786953600000,63498.52000000,63498.53000000,63348.39000000,63366.12000000,0.19168000
1786957200000,63381.47000000,63416.73000000,63292.88000000,63292.88000000,0.05718000
1786960800000,63327.24000000,63661.34000000,63293.19000000,63661.34000000,0.79012000
1786964400000,63672.17000000,63768.30000000,63595.05000000,63635.96000000,0.07698000
1786968000000,63623.76000000,63674.22000000,63533.06000000,63548.27000000,0.57764000
1786971600000,63551.92000000,63790.21000000,63449.00000000,63672.70000000,1.53962000
1786975200000,63672.70000000,63887.86000000,63592.87000000,63887.86000000,0.37917000
1786978800000,63889.88000000,64227.48000000,63819.37000000,64150.03000000,2.04970000
1786982400000,64216.51000000,64216.51000000,64057.65000000,64111.25000000,0.68607000
1786986000000,64119.39000000,64425.32000000,64007.83000000,64333.60000000,3.35343000
1786989600000,64332.36000000,64600.00000000,64283.12000000,64430.02000000,1.24606000
1786993200000,64422.77000000,64422.77000000,64305.97000000,64310.81000000,0.31501000
1786996800000,64311.20000000,64403.96000000,64272.60000000,64399.12000000,0.17764000
1787000400000,64398.28000000,64427.55000000,64317.95000000,64386.42000000,0.23854000
1787004000000,64396.68000000,64405.79000000,64283.69000000,64291.61000000,0.20406000
1787007600000,64291.66000000,64571.79000000,64291.66000000,64505.48000000,2.88421000
1787011200000,64543.44000000,64569.82000000,64360.22000000,64360.22000000,0.12330000
1787014800000,64319.92000000,64358.47000000,64162.64000000,64196.64000000,0.27556000
1787018400000,64215.14000000,64276.00000000,64052.89000000,64063.82000000,2.02819000
1787022000000,64126.37000000,64176.12000000,64042.69000000,64173.89000000,0.35120000
1787025600000,64184.49000000,64227.84000000,64093.40000000,64210.70000000,0.21822000
1787029200000,64194.23000000,64262.59000000,64147.86000000,64246.54000000,0.51613000
1787032800000,64211.42000000,64451.64000000,64171.10000000,64309.98000000,0.34084000
1787036400000,64323.23000000,64346.92000000,64186.46000000,64191.24000000,0.04836000
1787040000000,64194.41000000,64324.37000000,64109.39000000,64277.02000000,0.12442000
1787043600000,64273.13000000,64273.13000000,64138.94000000,64175.43000000,0.05664000
1787047200000,64167.23000000,64211.51000000,64142.26000000,64204.85000000,0.24892000
1787050800000,64203.50000000,64401.14000000,64203.50000000,64346.65000000,2.97117000
1787054400000,64352.91000000,64353.87000000,64227.68000000,64227.68000000,0.25278000
1787058000000,64209.72000000,64258.29000000,64059.21000000,64228.49000000,3.67997000
1787061600000,64228.82000000,65036.99000000,64228.82000000,64743.39000000,4.57363000
1787065200000,64750.27000000,64875.88000000,64666.76000000,64856.86000000,0.28247000
1787068800000,64891.98000000,64892.92000000,64689.90000000,64831.77000000,1.90886000
1787072400000,64825.45000000,64826.56000000,64677.34000000,64677.34000000,0.26732000
1787076000000,64667.73000000,64826.44000000,64657.90000000,64776.67000000,0.19363000
1787079600000,64778.01000000,64793.23000000,64653.25000000,64654.31000000,3.18325000
1787083200000,64649.93000000,64651.00000000,64577.26000000,64616.01000000,0.17878000
1787086800000,64583.88000000,64655.15000000,64577.26000000,64602.37000000,0.55040000
1787090400000,64580.58000000,64655.10000000,64569.25000000,64612.34000000,0.26875000
1787094000000,64634.92000000,64785.09000000,64634.92000000,64753.60000000,3.14037000
1787097600000,64738.75000000,64738.76000000,64513.86000000,64514.80000000,0.23590000
1787101200000,64492.05000000,64539.17000000,64400.00000000,64400.01000000,4.23918000
1787104800000,64400.00000000,64422.75000000,64349.17000000,64353.09000000,0.27247000
1787108400000,64355.79000000,64406.53000000,64278.38000000,64361.30000000,2.00427000
1787112000000,64335.01000000,64387.35000000,64296.94000000,64308.88000000,0.55100000
1787115600000,64315.93000000,64376.20000000,64249.37000000,64249.37000000,0.14099000
1787119200000,64236.27000000,64334.32000000,64190.75000000,64332.54000000,0.08802000
1787122800000,64322.85000000,64400.20000000,64276.90000000,64329.23000000,0.21870000
1787126400000,64297.29000000,64513.10000000,64271.09000000,64419.00000000,0.09148000
1787130000000,64419.00000000,64448.75000000,64366.50000000,64380.20000000,0.03719000
1787133600000,64433.60000000,64434.89000000,64383.68000000,64423.74000000,0.14037000
1787137200000,64446.65000000,64528.59000000,64446.65000000,64489.84000000,0.12930000
1787140800000,64493.96000000,64997.32000000,64481.87000000,64850.20000000,2.03386000
1787144400000,64861.32000000,65210.11000000,64789.48000000,65018.28000000,1.70595000
1787148000000,65059.57000000,65979.42000000,65030.69000000,65931.39000000,7.95071000
1787151600000,65938.69000000,69570.47000000,65890.24000000,68551.03000000,34.40538000
1787155200000,68562.43000000,68963.23000000,68425.50000000,68497.86000000,19.75755000
1787158800000,68493.18000000,68526.70000000,67848.85000000,68187.39000000,8.04013000
1787162400000,68187.39000000,68444.43000000,68042.42000000,68376.87000000,3.39557000
1787166000000,68397.33000000,68470.66000000,68108.45000000,68415.59000000,1.52327000
1787169600000,68422.82000000,69570.46000000,68405.78000000,69067.89000000,5.13630000
1787173200000,69047.35000000,70004.66000000,68995.62000000,69722.55000000,25.80417000
1787176800000,69737.89000000,69804.95000000,68997.86000000,69275.34000000,1.50816000
1787180400000,69289.99000000,69449.08000000,69194.14000000,69327.55000000,0.89266000
1787184000000,69333.16000000,69773.23000000,69333.16000000,69408.47000000,3.68405000
1787187600000,69390.27000000,69877.37000000,69288.27000000,69719.99000000,1.69458000
1787191200000,69713.02000000,69789.12000000,69274.51000000,69318.61000000,4.68954000
1787194800000,69274.49000000,69351.13000000,68926.70000000,69196.08000000,3.47655000
1787198400000,69170.53000000,69586.44000000,69161.92000000,69514.29000000,2.94684000
1787202000000,69514.25000000,69652.89000000,69370.31000000,69410.74000000,0.20757000
1787205600000,69400.52000000,69910.86000000,69356.00000000,69851.22000000,0.58615000
1787209200000,69843.89000000,70007.59000000,69519.07000000,69817.91000000,0.81788000
1787212800000,69843.87000000,71803.38000000,69782.85000000,71586.40000000,12.59792000
1787216400000,71585.53000000,72055.55000000,71518.54000000,71745.52000000,5.41441000
1787220000000,71807.74000000,72492.59000000,71712.12000000,71987.44000000,6.63211000
1787223600000,71972.24000000,72296.25000000,71834.47000000,71915.91000000,2.02251000
1787227200000,71936.68000000,71984.10000000,71509.18000000,71944.24000000,2.49290000
1787230800000,71967.84000000,72087.93000000,71168.10000000,71665.16000000,3.44686000
1787234400000,71692.75000000,71974.68000000,71386.43000000,71816.97000000,3.79658000
1787238000000,71815.34000000,72824.96000000,71815.34000000,72456.52000000,10.67252000
1787241600000,72458.22000000,72891.09000000,72218.28000000,72857.50000000,4.49594000
1787245200000,72834.12000000,72953.95000000,72555.83000000,72745.04000000,10.47601000
1787248800000,72734.12000000,72809.14000000,72400.34000000,72463.32000000,1.80150000
1787252400000,72399.64000000,72766.39000000,72346.93000000,72659.95000000,7.58014000
1787256000000,72658.89000000,73032.28000000,72602.79000000,72680.35000000,7.65892000
1787259600000,72676.00000000,72838.95000000,72574.42000000,72741.82000000,1.22986000
1787263200000,72740.13000000,72858.42000000,72490.27000000,72669.99000000,1.55179000
1787266800000,72669.04000000,73383.64000000,72657.32000000,73028.52000000,5.41593000
1787270400000,73075.09000000,73995.55000000,73075.09000000,73714.71000000,11.14864000
1787274000000,73687.99000000,75782.72000000,73681.57000000,75148.36000000,22.57894000
1787277600000,75129.80000000,75198.62000000,74400.00000000,74444.98000000,11.03186000
1787281200000,74410.47000000,74880.41000000,74231.76000000,74575.57000000,4.22434000
1787284800000,74607.19000000,75039.00000000,74584.86000000,75015.46000000,0.85617000
1787288400000,75000.00000000,75483.27000000,74933.86000000,75463.61000000,9.45439000
1787292000000,75439.44000000,75720.07000000,75117.38000000,75627.09000000,9.26631000
1787295600000,75638.21000000,76900.00000000,75638.21000000,76296.95000000,12.78528000
1787299200000,76350.66000000,79472.42000000,76262.45000000,79218.71000000,37.13106000
1787302800000,79221.23000000,79350.05000000,77275.19000000,77911.26000000,8.95577000
1787306400000,77890.05000000,78240.97000000,77639.12000000,77802.39000000,3.48326000
1787310000000,77767.03000000,77837.07000000,76404.32000000,76694.34000000,6.79968000
1787313600000,76733.59000000,77481.83000000,76538.06000000,77206.01000000,3.45518000
1787317200000,77234.36000000,77670.35000000,76260.61000000,77272.48000000,14.51176000
1787320800000,77267.76000000,77440.49000000,76550.00000000,77385.42000000,9.15333000
1787324400000,77405.80000000,77863.89000000,77178.92000000,77205.31000000,8.11594000
1787328000000,77230.85000000,77528.65000000,76800.00000000,77506.07000000,3.28485000
1787331600000,77472.82000000,77727.33000000,77192.26000000,77397.89000000,4.48339000
1787335200000,77396.68000000,77555.28000000,76651.54000000,77101.52000000,4.53351000
1787338800000,77147.57000000,77331.98000000,76857.71000000,77022.76000000,3.15072000
1787342400000,77012.83000000,77523.39000000,76881.26000000,77511.09000000,5.94787000
1787346000000,77496.21000000,78670.81000000,77383.11000000,78508.89000000,9.12575000
1787349600000,78500.49000000,78770.18000000,78100.27000000,78452.92000000,8.71465000
1787353200000,78459.25000000,78719.59000000,78128.40000000,78329.48000000,1.57294000
1787356800000,78329.47000000,78500.47000000,77698.69000000,77941.96000000,3.87447000
1787360400000,77945.61000000,78218.75000000,77821.48000000,77847.59000000,4.04210000
1787364000000,77835.39000000,78557.28000000,77798.62000000,78470.00000000,4.51073000
1787367600000,78467.50000000,78817.40000000,78375.03000000,78416.84000000,1.51059000
1787371200000,78413.97000000,78798.50000000,78202.40000000,78488.70000000,1.96295000
1787374800000,78451.65000000,78572.72000000,76525.86000000,77399.16000000,7.57713000
1787378400000,77440.91000000,77552.77000000,77043.87000000,77461.98000000,1.58960000
1787382000000,77483.14000000,77639.74000000,77229.20000000,77366.81000000,0.95005000
1787385600000,77296.83000000,77420.56000000,77063.73000000,77205.09000000,2.80346000
1787389200000,77208.18000000,77370.70000000,76850.01000000,77065.81000000,1.04338000
1787392800000,77014.50000000,77199.11000000,76546.47000000,76979.92000000,2.42304000
1787396400000,76995.03000000,77200.11000000,76823.08000000,77129.92000000,0.74241000
1787400000000,77124.77000000,77372.36000000,77085.03000000,77307.71000000,0.75815000
1787403600000,77301.75000000,77369.20000000,77109.59000000,77286.22000000,0.46755000
1787407200000,77306.64000000,77313.31000000,76934.74000000,77000.87000000,0.76133000
1787410800000,77016.34000000,77103.30000000,76894.69000000,76977.70000000,0.69770000
1787414400000,76981.37000000,77530.64000000,76956.61000000,77295.19000000,3.95155000
1787418000000,77300.38000000,77362.44000000,77081.59000000,77299.05000000,0.77196000
1787421600000,77285.55000000,77359.20000000,77150.00000000,77238.06000000,4.60662000
1787425200000,77250.54000000,77462.78000000,77204.79000000,77450.00000000,0.82562000
1787428800000,77409.50000000,77448.63000000,77274.10000000,77274.10000000,0.49571000
1787432400000,77268.08000000,77268.08000000,76857.88000000,76875.96000000,1.90766000
1787436000000,76847.79000000,77156.25000000,76792.10000000,76991.09000000,1.34737000
1787439600000,77001.32000000,77136.77000000,76907.63000000,77082.81000000,0.22577000
1787443200000,77096.45000000,77363.22000000,77054.89000000,77336.92000000,2.10356000
1787446800000,77294.14000000,77407.82000000,77165.75000000,77205.47000000,1.30694000
1787450400000,77197.17000000,77203.10000000,77047.21000000,77158.70000000,0.43641000
1787454000000,77069.89000000,77120.73000000,76850.00000000,76920.02000000,1.18232000
1787457600000,76919.94000000,77027.60000000,76500.01000000,76636.65000000,2.73518000
1787461200000,76605.49000000,76723.57000000,75576.70000000,76100.22000000,8.92517000
1787464800000,76059.97000000,76349.10000000,75887.40000000,76089.21000000,4.05899000
1787468400000,76094.12000000,76336.69000000,75950.00000000,75979.70000000,0.70079000
1787472000000,75998.67000000,76635.23000000,75956.21000000,76478.13000000,2.21709000
1787475600000,76463.25000000,76644.48000000,76463.25000000,76557.56000000,3.75964000
1787479200000,76544.50000000,76914.98000000,76544.50000000,76782.94000000,3.76233000
1787482800000,76816.39000000,77384.24000000,76738.92000000,77314.34000000,2.63113000
1787486400000,77307.87000000,77307.87000000,77015.96000000,77226.97000000,2.21688000
1787490000000,77213.83000000,77762.22000000,77203.80000000,77476.47000000,5.33991000
1787493600000,77490.97000000,77631.18000000,76789.82000000,77191.35000000,7.05673000
1787497200000,77191.34000000,77320.80000000,76934.53000000,77163.47000000,1.52628000
1787500800000,77190.73000000,77470.75000000,77190.73000000,77418.17000000,0.53528000
1787504400000,77426.66000000,77439.39000000,77153.47000000,77184.36000000,2.65601000
1787508000000,77179.39000000,77401.72000000,77110.86000000,77313.01000000,1.48955000
1787511600000,77359.17000000,77477.38000000,77260.01000000,77359.22000000,0.75059000
1787515200000,77319.92000000,77446.83000000,77196.28000000,77403.45000000,1.43328000
1787518800000,77391.01000000,78039.02000000,77391.01000000,77826.81000000,12.43978000
1787522400000,77850.00000000,77969.11000000,77570.98000000,77608.50000000,5.68911000
1787526000000,77604.38000000,77819.41000000,77304.03000000,77727.00000000,4.20559000
1787529600000,77746.17000000,77751.87000000,77164.14000000,77658.31000000,5.05634000
1787533200000,77681.00000000,77709.75000000,76917.87000000,76917.88000000,3.73948000
1787536800000,76955.78000000,77548.62000000,76875.15000000,77424.01000000,2.57926000
1787540400000,77486.55000000,77537.49000000,76936.31000000,76940.09000000,1.82908000
1787544000000,76932.61000000,77250.09000000,76684.89000000,76903.48000000,2.54503000
1787547600000,76903.47000000,77228.12000000,76839.70000000,77150.19000000,1.11371000
1787551200000,77160.02000000,77520.26000000,77066.27000000,77488.11000000,1.26210000
1787554800000,77459.36000000,77789.89000000,77292.26000000,77292.26000000,1.61034000
1787558400000,77310.09000000,77389.65000000,76838.23000000,77015.56000000,1.10665000
1787562000000,77044.82000000,77586.08000000,77015.55000000,77546.09000000,1.40805000
1787565600000,77535.83000000,78011.37000000,77534.09000000,77607.88000000,5.30638000
1787569200000,77630.00000000,78602.47000000,77462.30000000,78456.37000000,12.33660000
1787572800000,78415.42000000,79314.12000000,77972.10000000,79154.99000000,7.10732000
1787576400000,79155.00000000,79399.72000000,77897.89000000,78584.25000000,10.26124000
1787580000000,78632.89000000,79807.78000000,78595.92000000,79477.69000000,16.76474000
1787583600000,79523.42000000,79975.00000000,78881.30000000,79091.26000000,10.18154000
1787587200000,79094.31000000,79858.63000000,78907.94000000,79059.61000000,4.13559000
1787590800000,79046.89000000,79193.86000000,78483.72000000,78768.74000000,10.82934000
1787594400000,78778.45000000,79075.48000000,78733.87000000,78908.62000000,5.22376000
1787598000000,78948.28000000,79114.27000000,78594.97000000,78723.62000000,5.14948000
1787601600000,78765.90000000,78995.50000000,78571.93000000,78913.54000000,4.56466000
1787605200000,78935.75000000,79045.97000000,78862.59000000,78986.74000000,3.48148000
1787608800000,78926.91000000,78951.67000000,78730.38000000,78739.74000000,1.48569000
1787612400000,78758.89000000,78999.99000000,78658.20000000,78979.64000000,1.41446000
1787616000000,78980.57000000,79870.17000000,78736.72000000,79748.08000000,7.81027000
1787619600000,79723.19000000,79986.98000000,79489.94000000,79795.67000000,3.61678000
1787623200000,79829.27000000,81261.27000000,79736.95000000,80661.66000000,25.18195000
1787626800000,80658.15000000,80955.19000000,80300.25000000,80498.99000000,8.96306000
1787630400000,80489.15000000,80590.76000000,80149.59000000,80354.07000000,4.78860000
1787634000000,80405.00000000,80819.95000000,80340.53000000,80733.79000000,19.78168000
1787637600000,80718.30000000,80909.54000000,80428.32000000,80454.61000000,2.26842000
1787641200000,80654.43000000,80796.17000000,79381.75000000,79731.89000000,4.85554000
1787644800000,79704.64000000,80223.31000000,79646.61000000,79930.56000000,3.18265000
1787648400000,79915.00000000,79936.23000000,78905.17000000,79172.17000000,11.93597000
1787652000000,79189.91000000,79456.98000000,79020.54000000,79350.94000000,4.48200000
1787655600000,79327.72000000,79449.21000000,79048.51000000,79104.56000000,0.39573000
1787659200000,79135.27000000,79160.09000000,78630.66000000,78998.59000000,2.10034000
1787662800000,78986.27000000,79205.52000000,78141.03000000,78633.25000000,4.10767000
1787666400000,78619.69000000,79372.39000000,78531.75000000,79233.03000000,4.07997000
1787670000000,79202.73000000,79500.00000000,79049.42000000,79500.00000000,14.48307000
1787673600000,79482.62000000,79556.78000000,79060.97000000,79151.70000000,6.77900000
1787677200000,79153.40000000,79249.64000000,78760.92000000,79249.64000000,4.78676000
1787680800000,79215.83000000,79335.61000000,79081.64000000,79150.11000000,4.48212000
1787684400000,79155.98000000,79224.24000000,78738.50000000,78934.68000000,1.70989000
1787688000000,78928.34000000,78970.34000000,78179.84000000,78179.84000000,1.53802000
1787691600000,78180.37000000,78652.90000000,77874.27000000,78589.58000000,10.12594000
1787695200000,78575.81000000,78992.51000000,78575.81000000,78880.89000000,1.45627000
1787698800000,78897.95000000,78967.43000000,78397.36000000,78572.17000000,2.46852000
1787702400000,78562.19000000,78706.34000000,78307.95000000,78638.20000000,2.04610000
1787706000000,78628.67000000,78951.76000000,78617.65000000,78769.73000000,0.90765000
1787709600000,78825.31000000,79235.91000000,78747.50000000,79102.68000000,1.02896000
1787713200000,79104.73000000,79181.90000000,78967.70000000,79085.26000000,0.57517000
1787716800000,79079.64000000,79154.71000000,78803.94000000,78844.70000000,0.51036000
1787720400000,78837.69000000,79115.43000000,78654.39000000,79002.14000000,0.45757000
1787724000000,79131.50000000,79173.50000000,78813.07000000,78945.55000000,0.18830000
1787727600000,78939.52000000,79082.95000000,78871.36000000,78920.17000000,0.12127000
1787731200000,78915.87000000,79113.80000000,78601.94000000,78697.07000000,0.32665000
1787734800000,78703.26000000,78878.34000000,78258.47000000,78438.84000000,4.63662000
1787738400000,78386.77000000,78862.32000000,78307.65000000,78720.46000000,3.35348000
1787742000000,78703.34000000,78751.16000000,78329.03000000,78482.46000000,3.26362000
1787745600000,78516.67000000,78681.39000000,78000.00000000,78340.14000000,3.46358000
1787749200000,78366.83000000,78535.88000000,77936.11000000,78446.07000000,1.66185000
1787752800000,78440.82000000,78601.32000000,77786.38000000,77804.11000000,5.88004000
1787756400000,77778.11000000,78146.13000000,77626.56000000,77985.33000000,9.60634000
1787760000000,78012.25000000,78151.75000000,77876.97000000,77988.12000000,0.40950000
1787763600000,77994.57000000,78602.88000000,77994.57000000,78434.14000000,1.93625000
1787767200000,78418.81000000,78642.59000000,78289.97000000,78477.54000000,1.97269000
1787770800000,78502.30000000,78564.78000000,78321.83000000,78462.47000000,0.64393000
1787774400000,78484.34000000,78528.98000000,78194.12000000,78437.41000000,0.54049000
1787778000000,78437.41000000,78829.68000000,78398.25000000,78733.70000000,1.96092000
1787781600000,78720.19000000,78970.50000000,78570.59000000,78703.88000000,3.51050000
1787785200000,78688.96000000,79151.14000000,78671.33000000,79033.17000000,2.49801000
1787788800000,78980.28000000,79005.01000000,78702.52000000,78702.52000000,1.94878000
1787792400000,78693.56000000,79008.23000000,78600.00000000,78896.89000000,0.61804000
1787796000000,78910.70000000,78967.09000000,78709.86000000,78727.06000000,0.25310000
1787799600000,78727.06000000,78977.05000000,78643.00000000,78822.67000000,2.49861000
1787803200000,78842.22000000,78885.28000000,78692.84000000,78748.71000000,0.40108000
1787806800000,78773.67000000,78921.26000000,78620.13000000,78884.85000000,0.27557000
1787810400000,78895.71000000,78895.71000000,78618.10000000,78824.34000000,0.25570000
1787814000000,78773.29000000,79081.36000000,78773.29000000,79053.19000000,1.14006000
1787817600000,79104.71000000,80017.24000000,79045.23000000,79753.48000000,2.11495000
1787821200000,79752.44000000,80500.00000000,79675.82000000,79966.10000000,2.22521000
1787824800000,79934.55000000,80161.81000000,79374.39000000,79575.78000000,0.99944000
1787828400000,79619.33000000,79754.81000000,79186.17000000,79476.50000000,2.45993000
1787832000000,79515.75000000,79568.67000000,79265.10000000,79281.81000000,3.51095000
1787835600000,79300.97000000,79551.70000000,78934.58000000,79534.49000000,1.73670000
1787839200000,79533.03000000,80385.93000000,79367.45000000,80227.53000000,6.63790000
1787842800000,80224.51000000,80781.72000000,80114.32000000,80309.90000000,3.77622000
1787846400000,80348.52000000,80622.70000000,80207.39000000,80398.75000000,1.49630000
1787850000000,80381.10000000,80814.57000000,80270.77000000,80474.44000000,3.97489000
1787853600000,80438.08000000,80438.08000000,79800.00000000,80148.00000000,1.52140000
1787857200000,80170.09000000,80298.58000000,79921.00000000,79921.00000000,1.53301000
1787860800000,79929.35000000,80112.92000000,79900.00000000,80095.21000000,2.02314000
1787864400000,80114.00000000,80208.06000000,79995.28000000,80193.77000000,0.84576000
1787868000000,80236.42000000,80435.11000000,80166.07000000,80317.03000000,1.52331000
1787871600000,80296.25000000,80403.19000000,80171.17000000,80253.37000000,1.55448000
1787875200000,80272.15000000,80687.32000000,80160.61000000,80557.95000000,1.83364000
1787878800000,80598.00000000,81439.52000000,80451.66000000,80493.03000000,3.61240000
1787882400000,80493.41000000,80493.41000000,79764.12000000,79936.13000000,11.67830000
1787886000000,79919.90000000,80037.20000000,79786.19000000,79829.70000000,0.34174000
1787889600000,79834.93000000,79971.69000000,79611.06000000,79642.24000000,0.48711000
1787893200000,79649.40000000,79878.27000000,79570.32000000,79686.78000000,0.29987000
1787896800000,79689.08000000,80000.00000000,79689.08000000,79911.84000000,0.07017000
1787900400000,79909.02000000,79909.02000000,79598.83000000,79653.00000000,1.26216000
1787904000000,79664.41000000,79842.00000000,79500.00000000,79509.27000000,0.32127000
1787907600000,79492.09000000,79492.09000000,79271.58000000,79291.35000000,3.29350000
1787911200000,79300.59000000,79559.45000000,79030.49000000,79555.48000000,1.01651000
1787914800000,79572.86000000,79749.24000000,79572.86000000,79593.43000000,0.11297000
1787918400000,79584.55000000,79728.47000000,79303.63000000,79373.08000000,0.68476000
1787922000000,79440.00000000,79537.28000000,79058.39000000,79383.25000000,3.14630000
1787925600000,79302.73000000,79706.11000000,78425.29000000,79528.37000000,3.28673000
1787929200000,79567.38000000,79821.99000000,78329.04000000,78356.83000000,4.11875000
1787932800000,78329.03000000,78381.78000000,76900.01000000,77811.08000000,10.26649000
1787936400000,77809.01000000,78112.86000000,77679.75000000,77883.54000000,3.20731000
1787940000000,77934.49000000,77934.54000000,77274.97000000,77536.16000000,2.00687000
1787943600000,77560.86000000,77779.76000000,77386.09000000,77554.49000000,1.59171000
1787947200000,77537.07000000,77597.92000000,77321.00000000,77395.95000000,4.51259000
1787950800000,77415.50000000,77524.03000000,77263.37000000,77280.41000000,0.44386000
1787954400000,77369.97000000,77759.20000000,77348.57000000,77755.54000000,0.39683000
1787958000000,77741.77000000,77828.90000000,77637.86000000,77828.90000000,0.63101000
1787961600000,77816.12000000,77940.95000000,77730.18000000,77732.98000000,3.01136000
1787965200000,77719.39000000,77849.34000000,77656.75000000,77802.43000000,0.36123000
1787968800000,77799.86000000,77829.67000000,77580.76000000,77670.13000000,2.68304000
1787972400000,77714.09000000,77721.45000000,77510.19000000,77510.19000000,0.57552000
1787976000000,77511.54000000,77664.25000000,77511.54000000,77651.54000000,0.20479000
1787979600000,77622.53000000,77713.65000000,77597.50000000,77633.74000000,0.41034000
1787983200000,77637.61000000,77637.61000000,77378.80000000,77439.39000000,0.28930000
1787986800000,77505.68000000,77665.00000000,77460.96000000,77651.55000000,0.12821000
1787990400000,77622.87000000,77622.87000000,77489.71000000,77598.46000000,0.24889000
1787994000000,77653.15000000,77706.51000000,77577.47000000,77672.81000000,0.13151000
1787997600000,77544.27000000,77725.88000000,77534.27000000,77639.67000000,0.15327000
1788001200000,77639.66000000,77727.53000000,77563.37000000,77584.53000000,0.12919000
1788004800000,77587.91000000,77661.59000000,77511.12000000,77583.20000000,0.25571000
1788008400000,77591.09000000,77704.57000000,77569.40000000,77704.23000000,0.26848000
1788012000000,77696.24000000,78136.20000000,77664.89000000,77996.61000000,0.80764000
1788015600000,77973.38000000,77973.38000000,77812.02000000,77832.10000000,0.59501000
1788019200000,77888.07000000,78112.84000000,77871.17000000,78031.37000000,0.94956000
1788022800000,78032.56000000,78102.48000000,77925.22000000,78094.91000000,1.11955000
1788026400000,78095.47000000,78248.56000000,78027.09000000,78152.12000000,1.36567000
1788030000000,78169.17000000,78329.02000000,78152.25000000,78166.16000000,1.40614000
1788033600000,78185.60000000,78275.00000000,78116.42000000,78124.67000000,1.10061000
1788037200000,78121.77000000,78183.19000000,78059.66000000,78161.64000000,0.77498000
1788040800000,78173.32000000,78216.33000000,78085.85000000,78216.33000000,0.46554000
1788044400000,78230.98000000,78270.49000000,78196.20000000,78243.96000000,0.64694000
1788048000000,78226.74000000,78308.52000000,78152.69000000,78185.39000000,0.53967000
1788051600000,78175.55000000,78175.55000000,77996.75000000,78084.15000000,0.45249000
1788055200000,78086.73000000,78171.05000000,78014.99000000,78130.17000000,0.20453000
1788058800000,78100.11000000,78208.41000000,78056.58000000,78143.19000000,0.38648000
1788062400000,78143.19000000,78206.28000000,78000.00000000,78082.70000000,0.23973000
1788066000000,78117.59000000,78225.35000000,78117.58000000,78134.47000000,0.17097000
1788069600000,78118.18000000,78299.61000000,78114.05000000,78280.47000000,0.23099000
1788073200000,78280.27000000,78280.27000000,78135.33000000,78156.45000000,0.24085000
1788076800000,78112.31000000,78184.61000000,78040.90000000,78076.57000000,0.11018000
1788080400000,78083.58000000,78085.87000000,78000.01000000,78013.38000000,0.19549000
1788084000000,78000.01000000,78147.14000000,77969.35000000,78146.27000000,0.22565000
1788087600000,78149.36000000,78231.45000000,78134.96000000,78161.73000000,1.11481000
1788091200000,78177.38000000,78833.75000000,78177.38000000,78757.55000000,2.26743000
1788094800000,78773.52000000,78955.43000000,78598.91000000,78869.49000000,2.85873000
1788098400000,78869.36000000,78943.75000000,78725.50000000,78793.35000000,0.44878000
1788102000000,78790.66000000,78897.47000000,78641.02000000,78824.88000000,1.40810000
1788105600000,78845.15000000,79393.00000000,78756.60000000,79317.30000000,3.42908000
1788109200000,79343.28000000,79343.28000000,78787.54000000,79004.53000000,1.31400000
1788112800000,79021.98000000,79167.36000000,78802.89000000,79038.17000000,2.01891000
1788116400000,79009.47000000,79034.41000000,78734.69000000,78858.48000000,2.37862000
1788120000000,78860.00000000,78912.67000000,78451.24000000,78607.09000000,1.03987000
1788123600000,78524.15000000,78715.96000000,78254.42000000,78633.74000000,0.98036000
1788127200000,78649.40000000,78789.12000000,78305.14000000,78439.48000000,0.77094000
1788130800000,78347.31000000,78418.24000000,77048.44000000,77697.33000000,5.13514000
1788134400000,77697.33000000,78165.58000000,77420.60000000,77932.54000000,6.80966000
1788138000000,77939.02000000,77983.75000000,77568.12000000,77642.25000000,1.42546000
1788141600000,77612.16000000,77972.90000000,77405.32000000,77456.40000000,0.55906000
1788145200000,77479.74000000,77820.59000000,77454.79000000,77817.12000000,0.68978000
1788181200000,78598.25000000,78598.25000000,77610.44000000,77862.87000000,0.76345000
1788184800000,77860.31000000,78645.14000000,77825.54000000,78600.47000000,0.48887000
1788188400000,78589.02000000,78751.44000000,78236.02000000,78569.40000000,0.64045000
1788192000000,78574.99000000,78857.19000000,78532.87000000,78642.36000000,0.71322000
1788195600000,78643.60000000,78980.15000000,78534.98000000,78919.97000000,0.50320000
1788199200000,78859.80000000,79174.88000000,78818.39000000,79020.56000000,1.69389000
1788202800000,79066.15000000,79227.00000000,78862.03000000,78901.09000000,3.87754000
1788206400000,78912.89000000,79168.51000000,78805.37000000,78863.15000000,1.10115000
1788210000000,78866.56000000,79055.53000000,78755.39000000,78951.17000000,0.26873000
1788213600000,78953.13000000,78995.30000000,78581.53000000,78601.20000000,0.64234000
1788217200000,78561.03000000,78583.58000000,78414.13000000,78570.75000000,0.74350000
1788220800000,78582.78000000,78873.07000000,78578.15000000,78629.63000000,0.57483000
1788224400000,78655.86000000,78789.93000000,78408.61000000,78427.36000000,0.25266000
1788228000000,78375.00000000,78459.31000000,78213.05000000,78438.05000000,0.58766000
1788231600000,78454.80000000,78850.66000000,78404.71000000,78676.96000000,0.71737000
1788235200000,78700.34000000,78895.32000000,78678.18000000,78692.10000000,0.20601000
1788238800000,78744.54000000,79228.24000000,78744.54000000,79170.41000000,0.40462000
1788242400000,79183.64000000,79183.64000000,78800.00000000,78800.00000000,0.32352000
1788246000000,78757.98000000,78800.79000000,78497.55000000,78619.22000000,0.47782000
1788249600000,78630.26000000,78630.27000000,77818.72000000,77876.13000000,0.44421000
1788253200000,77876.97000000,78018.20000000,77801.18000000,77899.48000000,0.12581000
1788256800000,77972.56000000,78161.52000000,77757.88000000,77994.96000000,0.24089000
1788260400000,78010.35000000,78212.00000000,77899.45000000,78072.37000000,3.62390000
1788264000000,78078.12000000,78151.00000000,77755.70000000,78047.45000000,1.93552000
1788267600000,77997.78000000,78195.72000000,77532.68000000,78003.93000000,2.84464000
1788271200000,78054.33000000,78433.38000000,78054.33000000,78156.98000000,2.10138000
1788274800000,78153.15000000,78153.15000000,77741.59000000,77930.27000000,0.49899000
1788278400000,77905.77000000,77952.62000000,77335.55000000,77600.09000000,3.95949000
1788282000000,77577.82000000,77676.19000000,77268.32000000,77268.32000000,1.42663000
1788285600000,77286.10000000,77303.58000000,76422.15000000,77143.54000000,8.48672000
1788289200000,77145.65000000,77458.11000000,77141.21000000,77251.49000000,1.91849000
1788292800000,77322.52000000,77464.24000000,77246.53000000,77463.94000000,0.44515000
1788296400000,77457.51000000,77499.99000000,76927.39000000,77242.72000000,0.60495000
1788300000000,77176.93000000,77335.33000000,77024.91000000,77276.91000000,0.46837000
1788303600000,77240.04000000,77604.76000000,77232.97000000,77446.95000000,0.81194000
1788307200000,77438.99000000,77511.55000000,77157.89000000,77205.10000000,0.11733000
1788310800000,77215.70000000,77369.89000000,76737.64000000,77029.52000000,0.46059000
1788314400000,77037.21000000,77318.83000000,76983.88000000,77254.27000000,0.55152000
1788318000000,77323.90000000,77778.10000000,77323.90000000,77512.83000000,1.01093000
1788321600000,77546.80000000,77604.39000000,77287.98000000,77565.87000000,0.25819000
1788325200000,77486.19000000,77752.72000000,77441.44000000,77644.97000000,1.19826000
1788328800000,77684.83000000,77720.66000000,77456.62000000,77529.58000000,0.75220000
1788332400000,77627.17000000,77752.72000000,77475.39000000,77479.70000000,0.21774000
1788336000000,77508.72000000,77531.62000000,76762.17000000,76862.59000000,1.62361000
1788339600000,76866.17000000,77050.42000000,76500.01000000,76705.31000000,3.52772000
1788343200000,76763.29000000,76772.37000000,76282.72000000,76601.96000000,0.95848000
1788346800000,76696.57000000,76832.20000000,76427.63000000,76832.20000000,0.82311000
1788350400000,76819.40000000,77034.93000000,76622.83000000,76622.83000000,0.36269000
1788354000000,76654.51000000,77427.48000000,76624.32000000,77134.47000000,1.00326000
1788357600000,77132.15000000,77475.16000000,77038.09000000,77063.38000000,0.40658000
1788361200000,76996.40000000,77362.34000000,76745.46000000,77258.63000000,0.81711000
1788364800000,77236.27000000,77568.12000000,77176.32000000,77176.32000000,0.71777000
1788368400000,77232.13000000,77410.95000000,76984.69000000,77393.79000000,1.08111000
1788372000000,77336.51000000,77500.00000000,77317.76000000,77341.90000000,1.42389000
1788375600000,77377.25000000,77401.78000000,77142.38000000,77272.41000000,0.24001000
1788379200000,77359.45000000,77500.00000000,77210.81000000,77407.53000000,0.37970000
1788382800000,77322.71000000,77391.87000000,77242.52000000,77327.74000000,0.13546000
1788386400000,77278.42000000,77278.42000000,77026.69000000,77050.16000000,3.10496000
1788390000000,77050.16000000,77228.49000000,77031.08000000,77168.07000000,0.38514000
1788393600000,77347.29000000,77375.00000000,76996.97000000,77095.56000000,0.67988000
1788397200000,77074.89000000,77548.75000000,77000.45000000,77399.45000000,1.92968000
1788400800000,77352.47000000,77880.25000000,77253.42000000,77800.32000000,4.06922000
1788404400000,77822.63000000,77866.24000000,77648.95000000,77728.76000000,0.58008000
1788408000000,77725.75000000,77811.53000000,77560.00000000,77765.83000000,0.41383000
1788411600000,77774.32000000,77827.75000000,77111.03000000,77784.04000000,1.55582000
1788415200000,77820.21000000,77826.83000000,77710.21000000,77807.78000000,2.39482000
1788418800000,77826.88000000,78142.20000000,77604.56000000,77679.16000000,6.77343000
1788422400000,77751.63000000,78059.71000000,77751.63000000,77818.24000000,4.85177000
1788426000000,77811.30000000,77971.85000000,77642.70000000,77642.70000000,0.10004000
1788429600000,77600.02000000,77745.72000000,77520.27000000,77726.78000000,0.96935000
1788433200000,77741.61000000,77966.29000000,77695.68000000,77966.29000000,2.60189000
1788436800000,77940.98000000,78766.97000000,77902.89000000,78666.79000000,2.84665000
1788440400000,78670.00000000,78974.61000000,78479.09000000,78798.21000000,1.00198000
1788444000000,78792.31000000,80523.71000000,78690.11000000,80523.71000000,4.37452000
1788447600000,80550.00000000,81359.01000000,80375.89000000,81342.73000000,4.90053000
1788451200000,81342.73000000,81342.73000000,80613.88000000,80976.00000000,7.65340000
1788454800000,80954.22000000,81178.65000000,80908.49000000,81006.75000000,1.74024000
1788458400000,81047.65000000,81323.86000000,80916.81000000,81248.33000000,1.42462000
1788462000000,81230.00000000,81773.47000000,81198.28000000,81761.44000000,3.95313000
1788465600000,81759.13000000,81770.40000000,81395.82000000,81451.00000000,4.19547000
1788469200000,81451.00000000,82268.12000000,81321.46000000,81586.97000000,3.97373000
1788472800000,81541.22000000,81559.90000000,80904.46000000,81123.07000000,8.52336000
1788476400000,81123.07000000,81320.46000000,81079.86000000,81281.98000000,1.10452000
1788480000000,81271.07000000,81422.96000000,80957.27000000,80960.00000000,2.23994000
1788483600000,80959.99000000,81090.18000000,80764.18000000,81001.00000000,4.99435000
1788487200000,80897.18000000,80904.89000000,80676.13000000,80789.09000000,1.77509000
1788490800000,80826.65000000,80997.61000000,80805.16000000,80882.63000000,0.88119000
1788494400000,80852.08000000,81276.26000000,80822.83000000,81097.58000000,0.62298000
1788498000000,80992.59000000,81124.60000000,80867.22000000,80979.92000000,4.96922000
1788501600000,80961.47000000,81084.10000000,80595.21000000,80771.59000000,0.89528000
1788505200000,80815.80000000,80957.22000000,80695.69000000,80695.69000000,3.53996000
1788508800000,80637.39000000,81222.99000000,80556.81000000,81135.16000000,1.73695000
1788512400000,81135.17000000,81297.38000000,80963.64000000,81064.12000000,3.23238000
1788516000000,81030.63000000,81164.60000000,80838.88000000,81164.60000000,2.24491000
1788519600000,81188.27000000,81395.09000000,81083.19000000,81265.08000000,0.47084000
1788523200000,81244.19000000,81344.70000000,79200.36000000,79476.73000000,13.68892000
1788526800000,79425.69000000,79706.66000000,79004.05000000,79475.13000000,10.17218000
1788530400000,79461.15000000,79539.77000000,78661.09000000,78955.58000000,11.12174000
1788534000000,78917.59000000,79543.59000000,78840.97000000,79422.49000000,11.54765000
1788537600000,79424.66000000,79850.00000000,79398.17000000,79749.91000000,3.13802000
1788541200000,79740.45000000,79740.45000000,79438.06000000,79472.67000000,5.11248000
1788544800000,79458.94000000,79647.94000000,79451.56000000,79605.15000000,3.57975000
1788548400000,79723.91000000,79812.08000000,79642.44000000,79810.75000000,1.70266000
1788552000000,79779.37000000,79850.00000000,79726.75000000,79726.75000000,0.25092000
