timestamp,open,high,low,close,volume
1757354400000,4.03200000,4.05600000,4.02600000,4.05400000,171349.42000000
1757358000000,4.05400000,4.05600000,4.01500000,4.02400000,239084.23000000
1757361600000,4.02400000,4.03100000,4.00300000,4.01600000,193293.05000000
1757365200000,4.01500000,4.06500000,4.00800000,4.05800000,223828.16000000
1757368800000,4.05800000,4.07100000,4.04700000,4.04700000,152366.87000000
1757372400000,4.04800000,4.06200000,4.03100000,4.04500000,319979.63000000
1757376000000,4.04500000,4.08600000,4.04400000,4.08300000,426802.77000000
1757379600000,4.08200000,4.10000000,4.04900000,4.05700000,457555.94000000
1757383200000,4.05700000,4.06300000,4.02000000,4.02900000,321147.60000000
1757386800000,4.02800000,4.04800000,4.00400000,4.04500000,361631.03000000
1757390400000,4.04400000,4.05800000,4.03000000,4.05200000,213561.79000000
1757394000000,4.05200000,4.05700000,4.03100000,4.05700000,163405.17000000
1757397600000,4.05600000,4.12700000,4.05100000,4.11100000,651110.77000000
1757401200000,4.11100000,4.17400000,4.10800000,4.12500000,955675.63000000
1757404800000,4.12600000,4.14700000,4.11900000,4.13500000,299260.50000000
1757408400000,4.13500000,4.15200000,4.12600000,4.14000000,355008.32000000
1757412000000,4.14100000,4.16200000,4.12700000,4.15100000,295353.73000000
1757415600000,4.15100000,4.18200000,4.14400000,4.14900000,340018.84000000
1757419200000,4.14800000,4.18000000,4.13400000,4.13600000,396562.19000000
1757422800000,4.13600000,4.17900000,4.11500000,4.17200000,468354.44000000
1757426400000,4.17300000,4.18200000,4.06300000,4.11000000,1411421.70000000
1757430000000,4.10800000,4.11700000,4.04800000,4.06900000,675131.62000000
1757433600000,4.07000000,4.08200000,4.03000000,4.04600000,404517.70000000
1757437200000,4.04700000,4.07900000,4.04600000,4.05800000,195510.47000000
1757440800000,4.05800000,4.08500000,4.05400000,4.08300000,111094.52000000
1757444400000,4.08400000,4.11500000,4.07800000,4.10600000,195185.86000000
1757448000000,4.10600000,4.12700000,4.08800000,4.12600000,155319.90000000
1757451600000,4.12600000,4.14100000,4.10000000,4.10300000,274011.99000000
1757455200000,4.10300000,4.14200000,4.09600000,4.14100000,144303.85000000
1757458800000,4.14200000,4.14500000,4.12000000,4.14000000,201420.76000000
1757462400000,4.13900000,4.14800000,4.09800000,4.10300000,300189.29000000
1757466000000,4.10300000,4.15400000,4.09800000,4.12700000,235597.19000000
1757469600000,4.12800000,4.14400000,4.12000000,4.13600000,502905.59000000
1757473200000,4.13600000,4.13900000,4.11900000,4.13400000,195774.26000000
1757476800000,4.13400000,4.13400000,4.10200000,4.12100000,120701.44000000
1757480400000,4.12000000,4.12000000,4.07400000,4.09200000,478349.84000000
1757484000000,4.09100000,4.11500000,4.08100000,4.10500000,147666.80000000
1757487600000,4.10400000,4.12300000,4.10000000,4.11600000,266696.68000000
1757491200000,4.11600000,4.12600000,4.08400000,4.08700000,221364.92000000
1757494800000,4.08700000,4.09600000,4.07000000,4.09200000,152828.55000000
1757498400000,4.09200000,4.09900000,4.05400000,4.05700000,634350.86000000
1757502000000,4.05700000,4.08700000,4.05500000,4.08200000,339316.83000000
1757505600000,4.08200000,4.17400000,4.07700000,4.17300000,844046.67000000
1757509200000,4.17300000,4.20900000,4.14800000,4.18600000,764185.25000000
1757512800000,4.18700000,4.20400000,4.15700000,4.16500000,392992.02000000
1757516400000,4.16500000,4.18400000,4.15600000,4.17300000,364771.64000000
1757520000000,4.17400000,4.19500000,4.14600000,4.19400000,292160.16000000
1757523600000,4.19500000,4.19800000,4.16100000,4.19100000,349070.65000000
1757527200000,4.19000000,4.20000000,4.16900000,4.19500000,360120.90000000
1757530800000,4.19400000,4.19600000,4.14400000,4.16100000,250858.06000000
1757534400000,4.16200000,4.19000000,4.15900000,4.17100000,120199.71000000
1757538000000,4.17200000,4.19700000,4.17000000,4.19600000,109673.76000000
1757541600000,4.19600000,4.22700000,4.19100000,4.20300000,347286.38000000
1757545200000,4.20400000,4.21700000,4.19100000,4.21600000,380602.40000000
1757548800000,4.21600000,4.24400000,4.19700000,4.24200000,318029.84000000
1757552400000,4.24100000,4.25000000,4.22400000,4.23900000,265077.91000000
1757556000000,4.24000000,4.25800000,4.21000000,4.21200000,368515.51000000
1757559600000,4.21300000,4.24800000,4.21000000,4.24200000,163795.50000000
1757563200000,4.24200000,4.24400000,4.22000000,4.22500000,130356.62000000
1757566800000,4.22400000,4.22400000,4.19500000,4.21900000,260616.98000000
1757570400000,4.21900000,4.23200000,4.20700000,4.22500000,165260.57000000
1757574000000,4.22500000,4.23200000,4.21000000,4.22700000,174732.72000000
1757577600000,4.22500000,4.22800000,4.20200000,4.20600000,144777.45000000
1757581200000,4.20600000,4.20600000,4.17300000,4.18700000,446171.46000000
1757584800000,4.18700000,4.21200000,4.18400000,4.20500000,349140.67000000
1757588400000,4.20600000,4.21800000,4.18700000,4.19200000,142373.00000000
1757592000000,4.19300000,4.24400000,4.11900000,4.19000000,1403333.46000000
1757595600000,4.19100000,4.20500000,4.14300000,4.20500000,363960.70000000
1757599200000,4.20600000,4.20700000,4.15000000,4.18200000,327212.03000000
1757602800000,4.18100000,4.18400000,4.15700000,4.16200000,137441.69000000
1757606400000,4.16200000,4.19200000,4.16000000,4.18100000,256179.28000000
1757610000000,4.18100000,4.19700000,4.16800000,4.19000000,142433.18000000
1757613600000,4.19000000,4.19000000,4.17300000,4.18700000,99204.60000000
1757617200000,4.18600000,4.23100000,4.18500000,4.21200000,297355.54000000
1757620800000,4.21200000,4.22500000,4.20300000,4.21800000,133553.50000000
1757624400000,4.21800000,4.23800000,4.21600000,4.23300000,358996.65000000
1757628000000,4.23400000,4.25100000,4.22900000,4.23800000,185416.05000000
1757631600000,4.23700000,4.26000000,4.23300000,4.24200000,302327.93000000
1757635200000,4.24200000,4.28100000,4.22800000,4.26500000,355970.25000000
1757638800000,4.26500000,4.27600000,4.24100000,4.24500000,255205.88000000
1757642400000,4.24600000,4.25700000,4.21800000,4.22800000,206145.01000000
1757646000000,4.22700000,4.23200000,4.20100000,4.21900000,259869.62000000
1757649600000,4.21800000,4.22700000,4.20600000,4.22200000,209433.68000000
1757653200000,4.22200000,4.25100000,4.21500000,4.25000000,246830.07000000
1757656800000,4.25000000,4.27100000,4.24800000,4.25400000,246075.72000000
1757660400000,4.25400000,4.26100000,4.23000000,4.23200000,229896.07000000
1757664000000,4.23200000,4.23200000,4.20500000,4.21400000,182515.66000000
1757667600000,4.21500000,4.22000000,4.18500000,4.19500000,279428.01000000
1757671200000,4.19500000,4.20300000,4.17400000,4.19900000,126528.59000000
1757674800000,4.19800000,4.20700000,4.17000000,4.17500000,154290.71000000
1757678400000,4.17500000,4.19900000,4.15300000,4.19600000,519290.14000000
1757682000000,4.19600000,4.22500000,4.19000000,4.22100000,289419.11000000
1757685600000,4.22100000,4.24700000,4.20900000,4.21900000,437371.79000000
1757689200000,4.22000000,4.22100000,4.18800000,4.19700000,143893.66000000
1757692800000,4.19700000,4.23300000,4.19500000,4.21900000,206851.96000000
1757696400000,4.22000000,4.26600000,4.21300000,4.25200000,318615.12000000
1757700000000,4.25100000,4.29200000,4.24400000,4.29100000,527398.36000000
1757703600000,4.29200000,4.29600000,4.27300000,4.29200000,264003.51000000
1757707200000,4.29200000,4.29500000,4.24900000,4.27000000,510970.27000000
1757710800000,4.27000000,4.27800000,4.25700000,4.27300000,227340.55000000
1757714400000,4.27400000,4.32000000,4.27400000,4.31500000,509245.42000000
1757718000000,4.31600000,4.32200000,4.30800000,4.31900000,204613.59000000
1757721600000,4.31900000,4.34200000,4.30500000,4.33900000,264898.65000000
1757725200000,4.33800000,4.35400000,4.31300000,4.31500000,308881.57000000
1757728800000,4.31400000,4.34400000,4.30300000,4.33900000,253298.09000000
1757732400000,4.33900000,4.38200000,4.33900000,4.37900000,373895.95000000
1757736000000,4.37800000,4.39900000,4.36300000,4.38800000,328796.66000000
1757739600000,4.38800000,4.41700000,4.36000000,4.41600000,471205.88000000
1757743200000,4.41500000,4.50300000,4.41100000,4.45000000,1075345.58000000
1757746800000,4.45000000,4.48900000,4.42900000,4.45700000,531636.32000000
1757750400000,4.45700000,4.52900000,4.45300000,4.50300000,557995.23000000
1757754000000,4.50300000,4.52000000,4.49300000,4.51500000,484386.90000000
1757757600000,4.51400000,4.59500000,4.50300000,4.57400000,863399.61000000
1757761200000,4.57300000,4.58600000,4.50800000,4.58400000,683188.38000000
1757764800000,4.58500000,4.62600000,4.55400000,4.61500000,879451.49000000
1757768400000,4.61400000,4.62200000,4.48500000,4.53900000,990071.44000000
1757772000000,4.53800000,4.57600000,4.49100000,4.53300000,748315.64000000
1757775600000,4.53200000,4.55400000,4.49300000,4.51100000,503342.41000000
1757779200000,4.51200000,4.54200000,4.44300000,4.46600000,805569.91000000
1757782800000,4.46700000,4.49500000,4.41700000,4.48600000,672325.95000000
1757786400000,4.48500000,4.48700000,4.45400000,4.47400000,196769.69000000
1757790000000,4.47400000,4.47600000,4.45400000,4.46400000,132336.12000000
1757793600000,4.46500000,4.49700000,4.46100000,4.48500000,180326.78000000
1757797200000,4.48400000,4.51700000,4.48400000,4.49200000,156281.78000000
1757800800000,4.49200000,4.51500000,4.48300000,4.49200000,150302.33000000
1757804400000,4.49200000,4.50900000,4.48800000,4.49200000,191281.14000000
1757808000000,4.49200000,4.49800000,4.43700000,4.44900000,299659.69000000
1757811600000,4.44700000,4.46000000,4.40500000,4.45800000,361523.33000000
1757815200000,4.45700000,4.48500000,4.44000000,4.45200000,293277.85000000
1757818800000,4.45200000,4.45400000,4.39600000,4.39900000,318888.01000000
1757822400000,4.39900000,4.41300000,4.36300000,4.39700000,526052.12000000
1757826000000,4.39800000,4.44100000,4.39400000,4.44100000,205744.28000000
1757829600000,4.44100000,4.44600000,4.40700000,4.41900000,181080.67000000
1757833200000,4.41800000,4.44100000,4.40500000,4.41900000,153783.54000000
1757836800000,4.41900000,4.44000000,4.40000000,4.42200000,160410.08000000
1757840400000,4.42200000,4.46800000,4.40700000,4.45400000,224114.78000000
1757844000000,4.45400000,4.46500000,4.43400000,4.44700000,93993.39000000
1757847600000,4.44800000,4.45300000,4.36700000,4.37300000,453879.97000000
1757851200000,4.37400000,4.39600000,4.32800000,4.34800000,578204.42000000
1757854800000,4.34700000,4.36400000,4.30600000,4.32900000,396405.54000000
1757858400000,4.32900000,4.35900000,4.28000000,4.31600000,587862.27000000
1757862000000,4.31600000,4.33600000,4.28400000,4.32700000,246071.10000000
1757865600000,4.32700000,4.36500000,4.32200000,4.34500000,188080.28000000
1757869200000,4.34400000,4.37700000,4.33000000,4.36200000,178600.76000000
1757872800000,4.36100000,4.36300000,4.32900000,4.33200000,86448.42000000
1757876400000,4.33200000,4.34900000,4.31600000,4.33000000,132035.89000000
1757880000000,4.33000000,4.35000000,4.32600000,4.33000000,135454.85000000
1757883600000,4.33100000,4.36200000,4.30900000,4.34900000,144231.76000000
1757887200000,4.35000000,4.37200000,4.33100000,4.36400000,103895.92000000
1757890800000,4.36400000,4.36500000,4.30800000,4.31600000,123204.87000000
1757894400000,4.31600000,4.36100000,4.31400000,4.34300000,152787.13000000
1757898000000,4.34200000,4.35100000,4.28600000,4.33000000,303473.19000000
1757901600000,4.33000000,4.36700000,4.32600000,4.33400000,192792.54000000
1757905200000,4.33400000,4.37800000,4.33100000,4.36800000,203114.83000000
1757908800000,4.36800000,4.38600000,4.35200000,4.36300000,211283.05000000
1757912400000,4.36300000,4.40200000,4.35600000,4.40000000,193676.55000000
1757916000000,4.39900000,4.40500000,4.30400000,4.31800000,449164.87000000
1757919600000,4.31700000,4.35000000,4.23800000,4.25100000,747277.24000000
1757923200000,4.25000000,4.25100000,4.13600000,4.14500000,1365657.79000000
1757926800000,4.14600000,4.20300000,4.13900000,4.19400000,435211.14000000
1757930400000,4.19400000,4.20900000,4.15300000,4.20100000,306111.97000000
1757934000000,4.20000000,4.21100000,4.17400000,4.19000000,175670.99000000
1757937600000,4.19000000,4.20500000,4.15900000,4.16400000,211810.33000000
1757941200000,4.16400000,4.20500000,4.15700000,4.18500000,393408.09000000
1757944800000,4.18600000,4.18700000,4.14500000,4.15000000,350389.64000000
1757948400000,4.15100000,4.16500000,4.11600000,4.14400000,346158.76000000
1757952000000,4.14300000,4.15000000,4.10400000,4.11500000,597056.56000000
1757955600000,4.11400000,4.14700000,4.10700000,4.14600000,268415.30000000
1757959200000,4.14500000,4.15000000,4.11700000,4.14400000,229863.12000000
1757962800000,4.14300000,4.16200000,4.12500000,4.14400000,196783.68000000
1757966400000,4.14300000,4.16900000,4.14000000,4.16500000,115112.41000000
1757970000000,4.16500000,4.17800000,4.15400000,4.17100000,129626.55000000
1757973600000,4.17200000,4.17800000,4.14700000,4.15300000,137809.39000000
1757977200000,4.15300000,4.16200000,4.13700000,4.15100000,190773.73000000
1757980800000,4.15100000,4.15100000,4.12100000,4.13700000,162482.11000000
1757984400000,4.13700000,4.16400000,4.12500000,4.12600000,195691.97000000
1757988000000,4.12700000,4.14800000,4.12300000,4.12300000,143518.57000000
1757991600000,4.12300000,4.16200000,4.12200000,4.15400000,484484.35000000
1757995200000,4.15500000,4.16200000,4.10900000,4.15100000,558801.54000000
1757998800000,4.15100000,4.20700000,4.14900000,4.20600000,345457.27000000
1758002400000,4.20700000,4.20900000,4.13600000,4.15500000,655407.09000000
1758006000000,4.15400000,4.17500000,4.14600000,4.16900000,192277.27000000
1758009600000,4.17000000,4.22300000,4.16900000,4.22100000,534152.39000000
1758013200000,4.22100000,4.25400000,4.21100000,4.24400000,622708.27000000
1758016800000,4.24400000,4.25000000,4.21400000,4.21600000,335395.76000000
1758020400000,4.21500000,4.22300000,4.19500000,4.20900000,220132.60000000
1758024000000,4.21000000,4.22300000,4.20200000,4.20800000,168006.06000000
1758027600000,4.20900000,4.24600000,4.16700000,4.20300000,585368.02000000
1758031200000,4.20400000,4.20500000,4.15100000,4.18300000,331959.95000000
1758034800000,4.18400000,4.23100000,4.16400000,4.22800000,361125.83000000
1758038400000,4.22800000,4.23300000,4.19300000,4.21500000,226593.97000000
1758042000000,4.21500000,4.28600000,4.21400000,4.26500000,399444.05000000
1758045600000,4.26600000,4.28400000,4.25200000,4.26500000,212464.21000000
1758049200000,4.26600000,4.27900000,4.25300000,4.27500000,146052.22000000
1758052800000,4.27600000,4.28700000,4.25700000,4.26300000,214530.11000000
1758056400000,4.26300000,4.28600000,4.26100000,4.28300000,113164.03000000
1758060000000,4.28500000,4.29500000,4.27200000,4.27700000,171516.90000000
1758063600000,4.27700000,4.27700000,4.24500000,4.25300000,128512.21000000
1758067200000,4.25400000,4.25700000,4.23700000,4.24300000,224709.04000000
1758070800000,4.24300000,4.25300000,4.22400000,4.23600000,106157.39000000
1758074400000,4.23600000,4.26400000,4.22700000,4.24600000,320428.23000000
1758078000000,4.24500000,4.25400000,4.21000000,4.21300000,195795.75000000
1758081600000,4.21300000,4.22500000,4.17700000,4.18700000,201478.44000000
1758085200000,4.18700000,4.21000000,4.17300000,4.20900000,367069.11000000
1758088800000,4.21000000,4.23300000,4.19800000,4.23000000,326581.12000000
1758092400000,4.23000000,4.24200000,4.22200000,4.22900000,242140.14000000
1758096000000,4.23000000,4.23000000,4.18000000,4.18900000,317808.18000000
1758099600000,4.18900000,4.19400000,4.17500000,4.17800000,136007.77000000
1758103200000,4.17700000,4.18600000,4.15900000,4.17100000,184458.56000000
1758106800000,4.17000000,4.19200000,4.16700000,4.18000000,98465.38000000
1758110400000,4.18100000,4.19900000,4.17000000,4.19000000,128408.31000000
1758114000000,4.19000000,4.20200000,4.17400000,4.18800000,217065.13000000
1758117600000,4.18800000,4.19800000,4.16000000,4.16100000,311128.25000000
1758121200000,4.16100000,4.17500000,4.15300000,4.16800000,229449.94000000
1758124800000,4.16700000,4.19400000,4.13600000,4.19100000,273064.43000000
1758128400000,4.19100000,4.23400000,4.15000000,4.15700000,404941.59000000
1758132000000,4.15700000,4.24700000,4.15000000,4.17900000,1320349.34000000
1758135600000,4.17900000,4.28300000,4.17800000,4.28300000,466632.92000000
1758139200000,4.28300000,4.33900000,4.24300000,4.25000000,483653.60000000
1758142800000,4.25000000,4.31800000,4.22400000,4.31500000,354273.99000000
1758146400000,4.31500000,4.42500000,4.31500000,4.40800000,653118.08000000
1758150000000,4.40900000,4.43200000,4.38800000,4.40300000,598231.72000000
1758153600000,4.40300000,4.42400000,4.37300000,4.38200000,387463.10000000
1758157200000,4.38300000,4.47000000,4.37600000,4.44600000,514119.35000000
1758160800000,4.44700000,4.45400000,4.41400000,4.45200000,264839.89000000
1758164400000,4.45300000,4.49000000,4.44400000,4.47600000,385376.07000000
1758168000000,4.47600000,4.48800000,4.46000000,4.47800000,305028.39000000
1758171600000,4.47700000,4.49700000,4.44900000,4.45700000,421275.07000000
1758175200000,4.45800000,4.47600000,4.41800000,4.45800000,671304.84000000
1758178800000,4.45800000,4.51800000,4.44400000,4.49000000,528422.70000000
1758182400000,4.48900000,4.52500000,4.47600000,4.51500000,450643.11000000
1758186000000,4.51400000,4.54900000,4.49900000,4.53800000,399053.93000000
1758189600000,4.53800000,4.57200000,4.51100000,4.54000000,686579.34000000
1758193200000,4.54100000,4.55200000,4.51500000,4.52700000,355985.22000000
1758196800000,4.52600000,4.54400000,4.51300000,4.54000000,401497.79000000
1758200400000,4.54000000,4.58000000,4.52500000,4.57300000,468168.09000000
1758204000000,4.57200000,4.57700000,4.53800000,4.56600000,621887.51000000
1758207600000,4.56600000,4.56800000,4.54000000,4.54900000,455455.70000000
1758211200000,4.54900000,4.56600000,4.54400000,4.55200000,313201.54000000
1758214800000,4.55200000,4.59300000,4.54300000,4.58600000,315716.27000000
1758218400000,4.58500000,4.59500000,4.55700000,4.58900000,409764.04000000
1758222000000,4.58900000,4.59400000,4.52600000,4.56200000,444550.98000000
1758225600000,4.56100000,4.57500000,4.54900000,4.57000000,311176.53000000
1758229200000,4.57100000,4.57300000,4.54400000,4.54900000,198697.20000000
1758232800000,4.54900000,4.56600000,4.53300000,4.54400000,273966.51000000
1758236400000,4.54400000,4.54900000,4.51200000,4.53300000,405762.98000000
1758240000000,4.53300000,4.80800000,4.53300000,4.80100000,1940685.86000000
1758243600000,4.80000000,4.88200000,4.70400000,4.72200000,2082595.64000000
1758247200000,4.72200000,4.74200000,4.64100000,4.68300000,1147174.69000000
1758250800000,4.68400000,4.71100000,4.61400000,4.63100000,863553.28000000
1758254400000,4.63100000,4.67300000,4.56800000,4.66300000,777105.35000000
1758258000000,4.66400000,4.67500000,4.61500000,4.65200000,447453.97000000
1758261600000,4.65200000,4.65500000,4.57700000,4.58200000,503384.14000000
1758265200000,4.58300000,4.62600000,4.57100000,4.60400000,347841.00000000
1758268800000,4.60300000,4.64000000,4.59000000,4.59300000,359456.78000000
1758272400000,4.59400000,4.63000000,4.53000000,4.55100000,696063.21000000
1758276000000,4.55100000,4.56700000,4.53200000,4.55300000,515717.62000000
1758279600000,4.55200000,4.55400000,4.45900000,4.49400000,1072403.91000000
1758283200000,4.49400000,4.52800000,4.48200000,4.48700000,507563.74000000
1758286800000,4.48700000,4.54200000,4.48100000,4.52100000,432800.97000000
1758290400000,4.52200000,4.52900000,4.46800000,4.48700000,446538.12000000
1758294000000,4.48700000,4.49600000,4.41200000,4.44300000,1186919.77000000
1758297600000,4.44200000,4.45900000,4.42300000,4.44800000,287418.58000000
1758301200000,4.44900000,4.45100000,4.37400000,4.37700000,482196.94000000
1758304800000,4.37700000,4.41800000,4.35300000,4.39800000,734731.11000000
1758308400000,4.39800000,4.42200000,4.38400000,4.38900000,182735.91000000
1758312000000,4.38900000,4.41000000,4.38100000,4.39000000,244384.71000000
1758315600000,4.39000000,4.41500000,4.37700000,4.41200000,212377.53000000
1758319200000,4.41200000,4.41900000,4.39100000,4.39100000,169373.37000000
1758322800000,4.39100000,4.39300000,4.31800000,4.35900000,499024.74000000
1758326400000,4.35800000,4.38800000,4.34100000,4.38700000,323392.10000000
1758330000000,4.38700000,4.38800000,4.35100000,4.36000000,283891.79000000
1758333600000,4.36000000,4.36300000,4.28900000,4.33700000,1014989.24000000
1758337200000,4.33700000,4.34000000,4.31100000,4.33500000,210347.00000000
1758340800000,4.33400000,4.35300000,4.32200000,4.34300000,200704.52000000
1758344400000,4.34300000,4.38000000,4.33400000,4.37400000,210578.52000000
1758348000000,4.37500000,4.39900000,4.35300000,4.39800000,242413.30000000
1758351600000,4.39800000,4.41600000,4.38500000,4.41600000,224292.55000000
1758355200000,4.41600000,4.41600000,4.35800000,4.36100000,224886.24000000
1758358800000,4.36200000,4.37300000,4.33500000,4.34600000,245084.37000000
1758362400000,4.34500000,4.36500000,4.33600000,4.33700000,204324.67000000
1758366000000,4.33700000,4.36300000,4.33300000,4.35900000,226408.65000000
1758369600000,4.35900000,4.36600000,4.34200000,4.35500000,144604.46000000
1758373200000,4.35400000,4.35400000,4.32500000,4.34200000,281556.76000000
1758376800000,4.34200000,4.40400000,4.32200000,4.40100000,444517.67000000
1758380400000,4.40100000,4.46300000,4.39000000,4.40300000,738346.08000000
1758384000000,4.40400000,4.42000000,4.37700000,4.41900000,193603.07000000
1758387600000,4.42000000,4.42100000,4.38500000,4.40100000,186315.24000000
1758391200000,4.40000000,4.40000000,4.35400000,4.36200000,312250.01000000
1758394800000,4.36200000,4.37300000,4.34400000,4.35700000,142960.83000000
1758398400000,4.35600000,4.38500000,4.34900000,4.38200000,125881.71000000
1758402000000,4.38200000,4.39400000,4.36100000,4.36500000,199654.51000000
1758405600000,4.36600000,4.36900000,4.34700000,4.36700000,114583.51000000
1758409200000,4.36600000,4.36700000,4.34100000,4.35600000,150969.39000000
1758412800000,4.35600000,4.37400000,4.34100000,4.36800000,134925.34000000
1758416400000,4.36800000,4.36900000,4.32600000,4.33200000,176071.38000000
1758420000000,4.33200000,4.35800000,4.32000000,4.35200000,245569.84000000
1758423600000,4.35200000,4.36000000,4.34700000,4.35700000,136471.71000000
1758427200000,4.35700000,4.36000000,4.33200000,4.34200000,207161.55000000
1758430800000,4.34200000,4.37300000,4.33400000,4.37200000,115949.29000000
1758434400000,4.37300000,4.38700000,4.36800000,4.37000000,233025.23000000
1758438000000,4.36900000,4.38300000,4.35800000,4.36800000,159553.62000000
1758441600000,4.36900000,4.37900000,4.34900000,4.35000000,136727.58000000
1758445200000,4.35100000,4.35600000,4.28500000,4.32200000,560756.80000000
1758448800000,4.32100000,4.32600000,4.29300000,4.29400000,255128.07000000
1758452400000,4.29500000,4.32300000,4.29000000,4.30600000,150993.52000000
1758456000000,4.30600000,4.34000000,4.30300000,4.31900000,175793.17000000
1758459600000,4.31800000,4.33400000,4.30900000,4.32500000,117986.94000000
1758463200000,4.32400000,4.32800000,4.30000000,4.30100000,153041.79000000
1758466800000,4.30100000,4.31300000,4.27300000,4.28300000,223267.88000000
1758470400000,4.28200000,4.29100000,4.24700000,4.26800000,297474.78000000
1758474000000,4.26700000,4.28500000,4.23600000,4.28300000,209324.30000000
1758477600000,4.28400000,4.30000000,4.27500000,4.30000000,109432.21000000
1758481200000,4.30000000,4.30100000,4.26300000,4.28900000,135741.74000000
1758484800000,4.29000000,4.29100000,4.26200000,4.26500000,150039.42000000
1758488400000,4.26500000,4.29100000,4.26200000,4.27700000,120143.14000000
1758492000000,4.27700000,4.29200000,4.25300000,4.28700000,139304.67000000
1758495600000,4.28700000,4.28900000,4.25600000,4.26200000,142277.23000000
1758499200000,4.26100000,4.27900000,4.15800000,4.17600000,1037594.13000000
1758502800000,4.17500000,4.21200000,4.15900000,4.17900000,589855.40000000
1758506400000,4.17900000,4.19600000,4.08400000,4.12100000,873948.52000000
1758510000000,4.12200000,4.15100000,4.12200000,4.13600000,252957.66000000
1758513600000,4.13600000,4.15000000,4.12400000,4.13100000,162522.78000000
1758517200000,4.13000000,4.13800000,4.04600000,4.05100000,446089.73000000
1758520800000,4.05100000,4.05400000,3.82100000,4.00800000,3847273.37000000
1758524400000,4.00700000,4.01400000,3.97300000,3.97900000,732923.83000000
1758528000000,3.97900000,4.00100000,3.93600000,3.98100000,725267.01000000
1758531600000,3.98200000,3.98300000,3.94000000,3.94600000,577194.65000000
1758535200000,3.94600000,4.00000000,3.93800000,3.99800000,521023.36000000
1758538800000,3.99700000,4.00200000,3.96800000,3.97500000,449630.80000000
1758542400000,3.97600000,4.00200000,3.96500000,3.99300000,326356.56000000
1758546000000,3.99200000,4.02400000,3.97400000,4.02400000,490814.71000000
1758549600000,4.02300000,4.02700000,3.98000000,3.99000000,521861.36000000
1758553200000,3.98900000,3.99800000,3.97000000,3.97700000,328376.01000000
1758556800000,3.97700000,3.99800000,3.96400000,3.97500000,243329.42000000
1758560400000,3.97500000,3.99200000,3.95600000,3.98500000,150236.56000000
1758564000000,3.98500000,3.99300000,3.96300000,3.96400000,214971.02000000
1758567600000,3.96400000,3.97000000,3.92900000,3.94700000,384503.83000000
1758571200000,3.94600000,3.99600000,3.94100000,3.99400000,315218.84000000
1758574800000,3.99300000,4.03600000,3.98600000,4.03300000,197053.68000000
1758578400000,4.03200000,4.03200000,4.00900000,4.01700000,150344.20000000
1758582000000,4.01700000,4.03900000,4.01000000,4.03700000,145449.34000000
1758585600000,4.03700000,4.05900000,4.01600000,4.01800000,263133.78000000
1758589200000,4.01800000,4.02100000,3.98200000,3.98500000,262903.36000000
1758592800000,3.98400000,3.99900000,3.95400000,3.95700000,301355.25000000
1758596400000,3.95600000,4.03300000,3.93800000,4.02000000,452499.97000000
1758600000000,4.02000000,4.04400000,3.98800000,4.00100000,231603.83000000
1758603600000,4.00000000,4.02200000,3.98700000,3.99600000,171125.26000000
1758607200000,3.99500000,4.03900000,3.98500000,4.02900000,288740.59000000
1758610800000,4.02900000,4.04600000,4.01300000,4.01500000,283577.60000000
1758614400000,4.01600000,4.04400000,4.00900000,4.03300000,278261.56000000
1758618000000,4.03300000,4.04400000,3.99900000,4.00900000,237505.81000000
1758621600000,4.00800000,4.03400000,4.00300000,4.02800000,309921.40000000
1758625200000,4.02700000,4.03000000,4.00200000,4.02100000,182801.46000000
1758628800000,4.02000000,4.04300000,4.01300000,4.03300000,257897.70000000
1758632400000,4.03300000,4.04400000,4.01000000,4.02100000,149954.89000000
1758636000000,4.02100000,4.05200000,4.01000000,4.01300000,360780.89000000
1758639600000,4.01200000,4.04800000,3.99600000,4.03300000,313291.96000000
1758643200000,4.03300000,4.05400000,4.00200000,4.03900000,241699.15000000
1758646800000,4.04000000,4.04100000,3.97700000,3.98500000,285779.67000000
1758650400000,3.98500000,3.99900000,3.96100000,3.96900000,194617.42000000
1758654000000,3.97000000,4.00300000,3.96000000,3.96700000,139676.80000000
1758657600000,3.96600000,3.99500000,3.95900000,3.99500000,149472.11000000
1758661200000,3.99400000,4.01600000,3.97600000,4.00700000,102722.20000000
1758664800000,4.00700000,4.01300000,3.98500000,3.99300000,75805.85000000
1758668400000,3.99300000,4.00200000,3.96400000,3.96600000,229504.64000000
1758672000000,3.96500000,4.00500000,3.95800000,3.97800000,221117.21000000
1758675600000,3.97800000,4.02100000,3.97000000,4.01900000,201030.56000000
1758679200000,4.01900000,4.02200000,3.98300000,4.00200000,141381.87000000
1758682800000,4.00100000,4.00600000,3.93300000,3.94100000,388583.02000000
1758686400000,3.94100000,4.00200000,3.88900000,3.97300000,597321.72000000
1758690000000,3.97300000,4.03500000,3.97100000,4.03400000,293197.74000000
1758693600000,4.03400000,4.04500000,4.01600000,4.03700000,744046.74000000
1758697200000,4.03700000,4.04000000,4.01500000,4.03300000,190946.84000000
1758700800000,4.03300000,4.04300000,4.02600000,4.03800000,138840.12000000
1758704400000,4.03800000,4.05400000,4.02700000,4.04200000,228544.23000000
1758708000000,4.04200000,4.05900000,4.03700000,4.05300000,205220.02000000
1758711600000,4.05300000,4.08600000,4.05100000,4.06800000,272970.93000000
1758715200000,4.06700000,4.07600000,4.05100000,4.06200000,201557.39000000
1758718800000,4.06200000,4.08100000,4.05300000,4.05400000,345750.99000000
1758722400000,4.05500000,4.11500000,4.05200000,4.09500000,320832.07000000
1758726000000,4.09400000,4.10000000,4.05900000,4.06400000,396807.49000000
1758729600000,4.06300000,4.07200000,4.04600000,4.06300000,221851.11000000
1758733200000,4.06300000,4.07000000,4.04600000,4.05300000,248552.79000000
1758736800000,4.05300000,4.06000000,4.03300000,4.04300000,192774.85000000
1758740400000,4.04200000,4.05000000,4.02000000,4.04000000,189719.46000000
1758744000000,4.04000000,4.05200000,4.01200000,4.03200000,134365.75000000
1758747600000,4.03100000,4.04100000,3.98800000,3.99800000,142634.04000000
1758751200000,3.99800000,4.01900000,3.99400000,4.00400000,114618.94000000
1758754800000,4.00300000,4.01200000,3.97700000,3.99200000,179319.45000000
1758758400000,3.99200000,4.00500000,3.95600000,3.96900000,271175.56000000
1758762000000,3.96800000,3.98000000,3.94400000,3.95500000,395709.04000000
1758765600000,3.95500000,4.00300000,3.93600000,3.98300000,435765.92000000
1758769200000,3.98300000,3.98500000,3.92800000,3.95400000,368879.92000000
1758772800000,3.95300000,3.96500000,3.87000000,3.90200000,659269.71000000
1758776400000,3.90100000,3.95400000,3.88600000,3.93900000,230667.97000000
1758780000000,3.93900000,3.94400000,3.90200000,3.90800000,311621.43000000
1758783600000,3.90800000,3.93700000,3.89400000,3.90700000,472625.44000000
1758787200000,3.90700000,3.92900000,3.89000000,3.92000000,896921.95000000
1758790800000,3.92000000,3.95800000,3.90800000,3.91000000,582309.99000000
1758794400000,3.91100000,3.94300000,3.90800000,3.91800000,110159.83000000
1758798000000,3.91800000,3.92900000,3.89100000,3.90300000,240647.55000000
1758801600000,3.90300000,3.92200000,3.82200000,3.90200000,1578784.97000000
1758805200000,3.90100000,3.96500000,3.87800000,3.91900000,914925.13000000
1758808800000,3.91900000,3.99100000,3.91900000,3.95300000,649945.17000000
1758812400000,3.95200000,3.95900000,3.91300000,3.93500000,303178.41000000
1758816000000,3.93400000,3.94000000,3.86500000,3.87300000,369102.25000000
1758819600000,3.87300000,3.87800000,3.77600000,3.79400000,1081465.45000000
1758823200000,3.79400000,3.89700000,3.77500000,3.89300000,654030.02000000
1758826800000,3.89300000,3.91000000,3.85300000,3.86000000,285043.62000000
1758830400000,3.86100000,3.87100000,3.81400000,3.82300000,241166.77000000
1758834000000,3.82200000,3.86500000,3.80700000,3.84700000,238638.05000000
1758837600000,3.84700000,3.87000000,3.81500000,3.82900000,210525.82000000
1758841200000,3.82900000,3.85100000,3.77100000,3.80400000,385033.21000000
1758844800000,3.80400000,3.85600000,3.79400000,3.84900000,273646.44000000
1758848400000,3.84900000,3.86300000,3.83100000,3.84400000,236843.66000000
1758852000000,3.84300000,3.86100000,3.82100000,3.82900000,131086.11000000
1758855600000,3.82900000,3.84000000,3.80900000,3.83500000,111344.79000000
1758859200000,3.83600000,3.85200000,3.82200000,3.83200000,310979.41000000
1758862800000,3.83200000,3.86100000,3.81500000,3.82500000,230761.20000000
1758866400000,3.82500000,3.85000000,3.80300000,3.81700000,282404.03000000
1758870000000,3.81700000,3.84400000,3.80100000,3.83500000,226837.90000000
1758873600000,3.83500000,3.85300000,3.83000000,3.83700000,129389.89000000
1758877200000,3.83700000,3.84800000,3.80400000,3.82100000,146982.68000000
1758880800000,3.82000000,3.82200000,3.78000000,3.79700000,343569.01000000
1758884400000,3.79600000,3.83100000,3.77600000,3.82100000,250759.26000000
1758888000000,3.82100000,3.88200000,3.78500000,3.86300000,616405.54000000
1758891600000,3.86300000,3.90200000,3.85000000,3.88900000,504758.24000000
1758895200000,3.89000000,3.90200000,3.85200000,3.86500000,264952.19000000
1758898800000,3.86500000,3.90800000,3.86300000,3.90100000,228837.18000000
1758902400000,3.90000000,3.94500000,3.89700000,3.93400000,331934.50000000
1758906000000,3.93300000,3.96900000,3.92700000,3.95600000,316816.00000000
1758909600000,3.95600000,3.97000000,3.94200000,3.95200000,233509.16000000
1758913200000,3.95100000,3.95400000,3.90200000,3.92000000,315277.32000000
1758916800000,3.92100000,3.93700000,3.91000000,3.91600000,278739.97000000
1758920400000,3.91500000,3.93000000,3.90600000,3.92600000,135166.40000000
1758924000000,3.92700000,3.94000000,3.92100000,3.92100000,88250.70000000
1758927600000,3.92100000,3.92700000,3.91000000,3.92400000,118340.28000000
1758931200000,3.92400000,3.92700000,3.91000000,3.92200000,128807.04000000
1758934800000,3.92100000,3.92400000,3.90000000,3.90900000,97758.32000000
1758938400000,3.90900000,3.91300000,3.90100000,3.90200000,95879.94000000
1758942000000,3.90200000,3.92300000,3.90200000,3.90900000,82483.35000000
1758945600000,3.90800000,3.92100000,3.90000000,3.90400000,248342.66000000
1758949200000,3.90400000,3.90500000,3.88100000,3.89900000,235774.10000000
1758952800000,3.89800000,3.89800000,3.88300000,3.89400000,84994.86000000
1758956400000,3.89400000,3.90100000,3.87500000,3.88600000,135502.45000000
1758960000000,3.88700000,3.88700000,3.86000000,3.86300000,150732.56000000
1758963600000,3.86300000,3.87800000,3.85100000,3.87600000,163611.60000000
1758967200000,3.87500000,3.89600000,3.86700000,3.88200000,156987.74000000
1758970800000,3.88300000,3.88600000,3.87500000,3.87800000,52047.52000000
1758974400000,3.87900000,3.89500000,3.86800000,3.89100000,117143.36000000
1758978000000,3.89100000,3.89400000,3.88100000,3.88500000,79102.63000000
1758981600000,3.88500000,3.89000000,3.87400000,3.87900000,78564.19000000
1758985200000,3.87900000,3.90100000,3.85900000,3.89600000,150917.86000000
1758988800000,3.89700000,3.89900000,3.87600000,3.88100000,82935.38000000
1758992400000,3.88100000,3.88100000,3.85300000,3.87000000,214998.31000000
1758996000000,3.86900000,3.87400000,3.85300000,3.87300000,52177.07000000
1758999600000,3.87300000,3.88100000,3.86400000,3.87700000,82283.93000000
1759003200000,3.87700000,3.88400000,3.86800000,3.87500000,64389.92000000
1759006800000,3.87600000,3.89600000,3.87100000,3.89200000,59102.37000000
1759010400000,3.89200000,3.91700000,3.89100000,3.89900000,104225.45000000
1759014000000,3.90000000,3.90800000,3.88600000,3.88900000,69950.88000000
1759017600000,3.88900000,3.89100000,3.85800000,3.86000000,135056.77000000
1759021200000,3.86100000,3.86300000,3.82400000,3.83100000,161898.01000000
1759024800000,3.83100000,3.84400000,3.82500000,3.83400000,59265.59000000
1759028400000,3.83400000,3.84200000,3.82100000,3.83600000,97017.50000000
1759032000000,3.83600000,3.83600000,3.82100000,3.82900000,79666.90000000
1759035600000,3.82900000,3.83900000,3.81700000,3.82700000,69456.53000000
1759039200000,3.82700000,3.83000000,3.80500000,3.82000000,194261.37000000
1759042800000,3.82000000,3.83300000,3.81000000,3.82900000,179494.07000000
1759046400000,3.82800000,3.83500000,3.80500000,3.81100000,349667.08000000
1759050000000,3.81000000,3.81800000,3.79700000,3.80600000,135932.36000000
1759053600000,3.80500000,3.82200000,3.79200000,3.82100000,135780.89000000
1759057200000,3.82100000,3.82200000,3.80000000,3.81200000,136018.92000000
1759060800000,3.81200000,3.81600000,3.79700000,3.80900000,109193.26000000
1759064400000,3.81000000,3.86800000,3.80800000,3.86300000,444001.10000000
1759068000000,3.86300000,3.87000000,3.85200000,3.86600000,197107.47000000
1759071600000,3.86600000,3.87300000,3.85600000,3.86600000,111873.43000000
1759075200000,3.86600000,3.89500000,3.86600000,3.88200000,218285.31000000
1759078800000,3.88100000,3.89500000,3.87100000,3.88700000,164007.85000000
1759082400000,3.88800000,3.90900000,3.88300000,3.90700000,161228.73000000
1759086000000,3.90800000,3.91200000,3.88500000,3.90100000,138433.37000000
1759089600000,3.90100000,3.94100000,3.89600000,3.93500000,213847.33000000
1759093200000,3.93500000,3.96400000,3.93500000,3.96200000,171385.41000000
1759096800000,3.96200000,4.03000000,3.96200000,4.00300000,536338.45000000
1759100400000,4.00300000,4.01000000,3.98800000,3.99700000,252147.32000000
1759104000000,3.99700000,4.00900000,3.98000000,3.98800000,264652.81000000
1759107600000,3.98900000,3.99700000,3.96400000,3.96500000,247258.44000000
1759111200000,3.96500000,3.99200000,3.96000000,3.98300000,170651.85000000
1759114800000,3.98300000,3.98900000,3.96800000,3.98700000,144161.13000000
1759118400000,3.98800000,3.98900000,3.96600000,3.98000000,129248.89000000
1759122000000,3.98000000,3.98200000,3.94700000,3.96500000,192663.70000000
1759125600000,3.96500000,3.96700000,3.93800000,3.94000000,182627.32000000
1759129200000,3.94000000,3.95200000,3.92400000,3.94200000,153678.92000000
1759132800000,3.94200000,3.99500000,3.93100000,3.99100000,493722.38000000
1759136400000,3.99100000,4.00700000,3.96500000,3.97200000,407087.31000000
1759140000000,3.97200000,3.98700000,3.94500000,3.95000000,238727.27000000
1759143600000,3.95000000,3.95200000,3.91600000,3.93500000,305182.03000000
1759147200000,3.93400000,3.94900000,3.89800000,3.90500000,219349.13000000
1759150800000,3.90400000,3.95800000,3.85800000,3.94400000,943569.85000000
1759154400000,3.94400000,4.00200000,3.94000000,3.98600000,488116.91000000
1759158000000,3.98700000,4.00200000,3.95300000,3.95700000,262941.96000000
1759161600000,3.95800000,3.98100000,3.93300000,3.93600000,165372.92000000
1759165200000,3.93600000,3.96200000,3.91700000,3.95700000,229633.93000000
1759168800000,3.95700000,3.96100000,3.93700000,3.95200000,108843.46000000
1759172400000,3.95300000,3.98000000,3.94400000,3.97600000,128538.07000000
1759176000000,3.97500000,4.02300000,3.97400000,4.01800000,187931.98000000
1759179600000,4.01900000,4.02200000,3.99600000,3.99900000,119068.03000000
1759183200000,3.99900000,4.01200000,3.98500000,3.99500000,173310.32000000
1759186800000,3.99500000,3.99500000,3.97800000,3.98000000,156138.02000000
1759190400000,3.98000000,3.99200000,3.94900000,3.95300000,238164.63000000
1759194000000,3.95300000,3.97300000,3.92800000,3.94200000,164784.58000000
1759197600000,3.94200000,3.95400000,3.92700000,3.93200000,210528.99000000
1759201200000,3.93200000,3.95300000,3.92900000,3.93400000,122177.15000000
1759204800000,3.93300000,3.94100000,3.92300000,3.92400000,103172.77000000
1759208400000,3.92400000,3.93700000,3.91500000,3.92900000,112759.70000000
1759212000000,3.92900000,3.94200000,3.92000000,3.92300000,185467.34000000
1759215600000,3.92300000,3.93400000,3.89600000,3.90300000,211458.61000000
1759219200000,3.90300000,3.90600000,3.88600000,3.88600000,117101.58000000
1759222800000,3.88600000,3.89100000,3.86100000,3.86500000,167974.20000000
1759226400000,3.86500000,3.88600000,3.86100000,3.87700000,134880.43000000
1759230000000,3.87700000,3.90600000,3.86100000,3.90400000,177400.97000000
1759233600000,3.90300000,3.90300000,3.87600000,3.87600000,94482.53000000
1759237200000,3.87600000,3.90800000,3.86300000,3.88200000,131281.92000000
1759240800000,3.88200000,3.89000000,3.85500000,3.87900000,162303.74000000
1759244400000,3.87800000,3.87900000,3.81000000,3.83800000,423166.56000000
1759248000000,3.83700000,3.83800000,3.80800000,3.82200000,173874.73000000
1759251600000,3.82200000,3.84000000,3.81200000,3.81500000,199174.89000000
1759255200000,3.81600000,3.85700000,3.80800000,3.84900000,182276.89000000
1759258800000,3.84900000,3.90700000,3.84100000,3.90000000,190781.32000000
1759262400000,3.89900000,3.92900000,3.89300000,3.92500000,132421.12000000
1759266000000,3.92500000,3.93400000,3.90200000,3.90300000,261428.07000000
1759269600000,3.90300000,3.92700000,3.88800000,3.89100000,198967.45000000
1759273200000,3.89200000,3.90900000,3.88000000,3.90900000,123627.82000000
1759276800000,3.90900000,3.92100000,3.88300000,3.90300000,127113.54000000
1759280400000,3.90300000,3.93900000,3.89700000,3.93700000,94349.55000000
1759284000000,3.93800000,3.94000000,3.91300000,3.91500000,82883.85000000
1759287600000,3.91500000,3.92500000,3.88900000,3.89100000,121010.90000000
1759291200000,3.89100000,3.93000000,3.88900000,3.91200000,77907.64000000
1759294800000,3.91200000,3.93600000,3.91200000,3.92500000,90032.32000000
1759298400000,3.92400000,3.92600000,3.89200000,3.89600000,101343.08000000
1759302000000,3.89500000,3.92300000,3.89200000,3.91400000,66836.98000000
1759305600000,3.91400000,4.08200000,3.91100000,4.07500000,1091680.72000000
1759309200000,4.07600000,4.11000000,4.07100000,4.10800000,698780.60000000
1759312800000,4.10700000,4.11000000,4.07300000,4.08000000,313159.20000000
1759316400000,4.08000000,4.10000000,4.07500000,4.08000000,327267.48000000
1759320000000,4.08000000,4.08800000,4.04400000,4.04600000,459332.58000000
1759323600000,4.04600000,4.07000000,4.04200000,4.05200000,147400.64000000
1759327200000,4.05200000,4.08700000,4.04300000,4.06700000,573533.33000000
1759330800000,4.06800000,4.08500000,4.05100000,4.07400000,249850.78000000
1759334400000,4.07400000,4.08500000,4.05100000,4.06100000,220739.55000000
1759338000000,4.06100000,4.07500000,4.04800000,4.05700000,162616.57000000
1759341600000,4.05600000,4.10600000,4.05600000,4.09900000,265758.78000000
1759345200000,4.10000000,4.12200000,4.09500000,4.11100000,285603.62000000
1759348800000,4.11100000,4.11800000,4.09600000,4.10700000,193786.12000000
1759352400000,4.10700000,4.10700000,4.08500000,4.09300000,190233.68000000
1759356000000,4.09400000,4.11200000,4.08500000,4.10100000,112598.70000000
1759359600000,4.10100000,4.12600000,4.09300000,4.12600000,193466.62000000
1759363200000,4.12600000,4.14400000,4.10300000,4.10400000,433775.77000000
1759366800000,4.10400000,4.16200000,4.10000000,4.16100000,178501.27000000
1759370400000,4.16100000,4.18500000,4.14000000,4.17900000,276437.79000000
1759374000000,4.17900000,4.18500000,4.16800000,4.17400000,176189.55000000
1759377600000,4.17300000,4.19700000,4.15800000,4.19500000,229643.02000000
1759381200000,4.19500000,4.21200000,4.18000000,4.19800000,364358.34000000
1759384800000,4.19900000,4.25400000,4.19900000,4.22500000,668040.17000000
1759388400000,4.22500000,4.23700000,4.19100000,4.19500000,580371.42000000
1759392000000,4.19500000,4.20400000,4.17900000,4.19600000,191277.59000000
1759395600000,4.19500000,4.21500000,4.18400000,4.20900000,204866.98000000
1759399200000,4.20900000,4.24700000,4.20400000,4.24100000,342566.63000000
1759402800000,4.24200000,4.26800000,4.23500000,4.25300000,267360.74000000
1759406400000,4.25400000,4.28500000,4.24700000,4.27400000,269639.75000000
1759410000000,4.27400000,4.31700000,4.24000000,4.27800000,577041.58000000
1759413600000,4.27800000,4.28200000,4.18400000,4.20800000,663331.42000000
1759417200000,4.20900000,4.24200000,4.16500000,4.24100000,595125.65000000
1759420800000,4.24100000,4.28000000,4.23000000,4.26600000,542996.52000000
1759424400000,4.26700000,4.31000000,4.25400000,4.29600000,322975.09000000
1759428000000,4.29600000,4.34000000,4.29600000,4.31500000,319604.81000000
1759431600000,4.31500000,4.33400000,4.30700000,4.31700000,242761.28000000
1759435200000,4.31800000,4.32700000,4.29000000,4.31600000,278594.67000000
1759438800000,4.31600000,4.33000000,4.30000000,4.30000000,257491.96000000
1759442400000,4.30100000,4.31900000,4.29200000,4.29700000,182404.83000000
1759446000000,4.29800000,4.31100000,4.28300000,4.30600000,241240.38000000
1759449600000,4.30700000,4.31200000,4.24500000,4.25300000,470061.40000000
1759453200000,4.25400000,4.26800000,4.22200000,4.23000000,283982.15000000
1759456800000,4.22900000,4.25600000,4.22400000,4.24000000,184327.49000000
1759460400000,4.24000000,4.28000000,4.23500000,4.24100000,204113.47000000
1759464000000,4.24200000,4.28300000,4.23700000,4.26600000,201242.34000000
1759467600000,4.26600000,4.26900000,4.21700000,4.23100000,157000.22000000
1759471200000,4.23000000,4.24600000,4.19100000,4.21200000,305413.88000000
1759474800000,4.21200000,4.21500000,4.18800000,4.20500000,231881.11000000
1759478400000,4.20400000,4.23400000,4.17900000,4.22600000,490769.39000000
1759482000000,4.22500000,4.23800000,4.20300000,4.23200000,393322.81000000
1759485600000,4.23100000,4.24900000,4.21800000,4.23600000,183845.75000000
1759489200000,4.23600000,4.24000000,4.21400000,4.22700000,159654.93000000
1759492800000,4.22800000,4.24200000,4.21600000,4.23700000,124218.11000000
1759496400000,4.23700000,4.27900000,4.20100000,4.26100000,320975.34000000
1759500000000,4.26000000,4.27400000,4.20200000,4.26200000,255890.42000000
1759503600000,4.26100000,4.32300000,4.24800000,4.31900000,385847.74000000
1759507200000,4.32000000,4.38400000,4.30800000,4.31400000,804531.20000000
1759510800000,4.31400000,4.31800000,4.24000000,4.26200000,726708.23000000
1759514400000,4.26300000,4.31900000,4.23900000,4.31800000,374286.56000000
1759518000000,4.31800000,4.34700000,4.30300000,4.31700000,283901.95000000
1759521600000,4.31700000,4.33700000,4.29600000,4.33400000,144022.03000000
1759525200000,4.33500000,4.34200000,4.31600000,4.32900000,113373.19000000
1759528800000,4.33000000,4.34600000,4.33000000,4.33500000,115196.15000000
1759532400000,4.33600000,4.33600000,4.31600000,4.32000000,106801.37000000
1759536000000,4.32100000,4.32900000,4.29500000,4.32000000,184655.86000000
1759539600000,4.31900000,4.32000000,4.26700000,4.27700000,299997.74000000
1759543200000,4.27700000,4.29200000,4.25500000,4.28900000,183755.22000000
1759546800000,4.28900000,4.29300000,4.25100000,4.27000000,216609.56000000
1759550400000,4.27000000,4.27900000,4.24700000,4.26300000,169498.51000000
1759554000000,4.26300000,4.29800000,4.25800000,4.28900000,176513.55000000
1759557600000,4.28900000,4.31000000,4.27700000,4.29500000,167820.82000000
1759561200000,4.29500000,4.29500000,4.26800000,4.27800000,123849.43000000
1759564800000,4.27800000,4.28400000,4.22800000,4.23400000,335767.82000000
1759568400000,4.23400000,4.25200000,4.20700000,4.21100000,246498.04000000
1759572000000,4.21000000,4.23100000,4.19400000,4.20100000,216200.16000000
1759575600000,4.20100000,4.21700000,4.19100000,4.20600000,132264.35000000
1759579200000,4.20600000,4.22200000,4.19500000,4.19800000,119454.02000000
1759582800000,4.19700000,4.24800000,4.19400000,4.22200000,211531.68000000
1759586400000,4.22200000,4.23300000,4.17900000,4.17900000,206379.25000000
1759590000000,4.17900000,4.19300000,4.14000000,4.15200000,505233.52000000
1759593600000,4.15200000,4.17400000,4.13500000,4.16900000,163207.77000000
1759597200000,4.16900000,4.18300000,4.15800000,4.17200000,115382.98000000
1759600800000,4.17200000,4.17800000,4.15400000,4.15800000,59619.32000000
1759604400000,4.15800000,4.17900000,4.15600000,4.17400000,373472.41000000
1759608000000,4.17500000,4.19100000,4.17000000,4.17000000,97160.19000000
1759611600000,4.17000000,4.19500000,4.16800000,4.18400000,69525.35000000
1759615200000,4.18300000,4.21000000,4.17500000,4.19800000,309229.74000000
1759618800000,4.19900000,4.20500000,4.18700000,4.18700000,145601.39000000
1759622400000,4.18900000,4.21000000,4.16600000,4.16900000,113482.71000000
1759626000000,4.16900000,4.19900000,4.16900000,4.19500000,227844.05000000
1759629600000,4.19500000,4.26800000,4.18700000,4.26500000,288629.24000000
1759633200000,4.26400000,4.27700000,4.24400000,4.24900000,230226.14000000
1759636800000,4.24800000,4.30400000,4.23900000,4.29000000,364926.80000000
1759640400000,4.29100000,4.31500000,4.28200000,4.30900000,296423.77000000
1759644000000,4.30900000,4.30900000,4.27700000,4.28100000,157311.88000000
1759647600000,4.28200000,4.35600000,4.28200000,4.35600000,341481.43000000
1759651200000,4.35700000,4.37500000,4.31200000,4.32300000,301519.95000000
1759654800000,4.32400000,4.32700000,4.27300000,4.27600000,413030.48000000
1759658400000,4.27600000,4.28500000,4.24700000,4.26000000,305002.29000000
1759662000000,4.26000000,4.26800000,4.22900000,4.26400000,257452.89000000
1759665600000,4.26300000,4.26300000,4.22800000,4.22900000,151750.00000000
1759669200000,4.22900000,4.25800000,4.22800000,4.24500000,124961.77000000
1759672800000,4.24500000,4.26600000,4.21300000,4.23000000,185088.07000000
1759676400000,4.22900000,4.25300000,4.22500000,4.24200000,101237.84000000
1759680000000,4.24200000,4.25400000,4.20200000,4.23900000,232132.60000000
1759683600000,4.24000000,4.24700000,4.16100000,4.17500000,411385.26000000
1759687200000,4.17500000,4.19500000,4.16100000,4.18600000,196069.86000000
1759690800000,4.18500000,4.18500000,4.07700000,4.09900000,988551.15000000
1759694400000,4.09900000,4.13400000,4.07800000,4.11900000,301905.85000000
1759698000000,4.11800000,4.13300000,4.11100000,4.12800000,148351.55000000
1759701600000,4.12800000,4.14600000,4.11700000,4.14000000,157680.61000000
1759705200000,4.14000000,4.14800000,4.13100000,4.13400000,79660.57000000
1759708800000,4.13400000,4.18200000,4.10900000,4.12500000,443344.08000000
1759712400000,4.12400000,4.17100000,4.11100000,4.14800000,224129.32000000
1759716000000,4.14700000,4.17500000,4.12700000,4.16000000,179442.24000000
1759719600000,4.16000000,4.16800000,4.15000000,4.15900000,106257.31000000
1759723200000,4.15800000,4.16900000,4.14100000,4.14600000,114516.24000000
1759726800000,4.14500000,4.17100000,4.13600000,4.16700000,130368.49000000
1759730400000,4.16800000,4.19800000,4.16300000,4.18000000,237375.18000000
1759734000000,4.18000000,4.19300000,4.14700000,4.16300000,180606.62000000
1759737600000,4.16400000,4.19400000,4.16400000,4.18400000,293984.62000000
1759741200000,4.18500000,4.19900000,4.16200000,4.19400000,852448.35000000
1759744800000,4.19400000,4.22000000,4.18300000,4.22000000,396153.78000000
1759748400000,4.21900000,4.23800000,4.20500000,4.21700000,235721.40000000
1759752000000,4.21800000,4.26100000,4.21500000,4.25900000,347794.05000000
1759755600000,4.25900000,4.43900000,4.25900000,4.39100000,1440071.64000000
1759759200000,4.39100000,4.41100000,4.34800000,4.36500000,1129505.56000000
1759762800000,4.36500000,4.41300000,4.36500000,4.37800000,504513.67000000
1759766400000,4.37800000,4.39300000,4.34800000,4.36800000,430996.81000000
1759770000000,4.36800000,4.39900000,4.35700000,4.38300000,294234.48000000
1759773600000,4.38300000,4.39500000,4.36800000,4.39100000,324005.01000000
1759777200000,4.39100000,4.40700000,4.37600000,4.38900000,222170.13000000
1759780800000,4.38900000,4.39900000,4.37200000,4.37900000,280431.75000000
1759784400000,4.38000000,4.39800000,4.35200000,4.38900000,288099.29000000
1759788000000,4.38800000,4.40900000,4.38100000,4.39500000,291931.46000000
1759791600000,4.39500000,4.40400000,4.37900000,4.39800000,306004.00000000
1759795200000,4.39900000,4.41400000,4.37500000,4.41000000,262126.15000000
1759798800000,4.41000000,4.43400000,4.38700000,4.39800000,372713.11000000
1759802400000,4.39900000,4.40400000,4.37100000,4.37400000,166664.19000000
1759806000000,4.37400000,4.39100000,4.36100000,4.36600000,184244.20000000
1759809600000,4.36600000,4.38800000,4.32900000,4.38000000,328074.35000000
1759813200000,4.38000000,4.38200000,4.35800000,4.36100000,165155.97000000
1759816800000,4.36100000,4.36500000,4.29200000,4.29200000,383298.22000000
1759820400000,4.29300000,4.31600000,4.28000000,4.29100000,239722.65000000
1759824000000,4.29200000,4.30500000,4.24900000,4.29600000,437653.83000000
1759827600000,4.29700000,4.31700000,4.29300000,4.30300000,170327.40000000
1759831200000,4.30300000,4.33500000,4.28900000,4.32200000,182252.41000000
1759834800000,4.32100000,4.33700000,4.31200000,4.32900000,204826.00000000
1759838400000,4.33000000,4.36200000,4.31800000,4.36000000,238774.05000000
1759842000000,4.36100000,4.36500000,4.26900000,4.31300000,514494.99000000
1759845600000,4.31200000,4.31800000,4.20800000,4.20900000,843819.18000000
1759849200000,4.20900000,4.22400000,4.12700000,4.15500000,2021876.98000000
1759852800000,4.15500000,4.20300000,4.10600000,4.18100000,687466.79000000
1759856400000,4.18200000,4.19400000,4.15000000,4.15300000,232287.22000000
1759860000000,4.15400000,4.16600000,4.13900000,4.14100000,266284.14000000
1759863600000,4.14200000,4.16600000,4.13100000,4.14200000,204100.70000000
1759867200000,4.14200000,4.19000000,4.13800000,4.16900000,131461.91000000
1759870800000,4.16900000,4.18700000,4.15000000,4.16000000,156002.37000000
1759874400000,4.16000000,4.18000000,4.15000000,4.16600000,57541.17000000
1759878000000,4.16700000,4.16800000,4.13100000,4.13900000,157188.88000000
1759881600000,4.13900000,4.18600000,4.13300000,4.17100000,216041.21000000
1759885200000,4.17100000,4.18400000,4.15700000,4.17000000,159387.64000000
1759888800000,4.17000000,4.17800000,4.14600000,4.15100000,130446.31000000
1759892400000,4.15100000,4.15100000,4.08500000,4.10100000,464154.17000000
1759896000000,4.10100000,4.12100000,4.06300000,4.11100000,407842.27000000
1759899600000,4.11200000,4.12100000,4.07700000,4.10600000,843639.32000000
1759903200000,4.10600000,4.13300000,4.09700000,4.12900000,193828.08000000
1759906800000,4.13000000,4.15700000,4.12300000,4.15400000,159516.40000000
1759910400000,4.15500000,4.16600000,4.10900000,4.14500000,952887.44000000
1759914000000,4.14500000,4.15000000,4.12300000,4.13200000,204598.48000000
1759917600000,4.13300000,4.17800000,4.13200000,4.17700000,189970.39000000
1759921200000,4.17700000,4.18500000,4.14700000,4.15300000,175311.08000000
1759924800000,4.15300000,4.16600000,4.13900000,4.14400000,232485.28000000
1759928400000,4.14300000,4.15800000,4.11300000,4.15400000,303762.99000000
1759932000000,4.15400000,4.19900000,4.12200000,4.13100000,360097.79000000
1759935600000,4.13200000,4.16000000,4.12900000,4.13700000,146439.85000000
1759939200000,4.13700000,4.17600000,4.12800000,4.17400000,151173.37000000
1759942800000,4.17400000,4.24100000,4.17000000,4.23100000,420665.74000000
1759946400000,4.23200000,4.23900000,4.20300000,4.22100000,209747.52000000
1759950000000,4.22000000,4.23400000,4.19500000,4.21900000,711038.21000000
1759953600000,4.22000000,4.22800000,4.19100000,4.19400000,137905.01000000
1759957200000,4.19500000,4.22300000,4.19300000,4.20800000,86157.36000000
1759960800000,4.20800000,4.22400000,4.20300000,4.20300000,70283.88000000
1759964400000,4.20300000,4.21000000,4.18800000,4.19400000,120803.56000000
1759968000000,4.19400000,4.19800000,4.16900000,4.17000000,200475.51000000
1759971600000,4.17000000,4.17200000,4.12800000,4.14300000,207195.55000000
1759975200000,4.14200000,4.14300000,4.06500000,4.07600000,339477.96000000
1759978800000,4.07600000,4.11900000,4.07600000,4.11000000,398218.51000000
1759982400000,4.11000000,4.12600000,4.10000000,4.12400000,159244.67000000
1759986000000,4.12500000,4.13000000,4.09200000,4.10600000,238497.27000000
1759989600000,4.10600000,4.10700000,4.08100000,4.08800000,314118.88000000
1759993200000,4.08800000,4.09500000,4.05400000,4.05600000,342132.86000000
1759996800000,4.05700000,4.06100000,3.98200000,3.98700000,889074.67000000
1760000400000,3.98700000,4.02700000,3.98700000,4.02000000,557709.24000000
1760004000000,4.02000000,4.04000000,4.00500000,4.03000000,761804.67000000
1760007600000,4.02900000,4.05200000,4.02700000,4.03700000,227032.96000000
1760011200000,4.03700000,4.07900000,4.03200000,4.07000000,386515.71000000
1760014800000,4.07000000,4.07400000,4.01200000,4.01400000,295436.60000000
1760018400000,4.01400000,4.04200000,3.98000000,4.01700000,518689.56000000
1760022000000,4.01700000,4.03400000,3.98500000,4.00400000,209735.57000000
1760025600000,4.00500000,4.01900000,3.96200000,3.97400000,256511.67000000
1760029200000,3.97400000,4.03800000,3.97000000,4.03500000,173684.74000000
1760032800000,4.03400000,4.04000000,4.01800000,4.01800000,160996.91000000
1760036400000,4.01700000,4.04400000,4.01600000,4.03500000,115758.45000000
1760040000000,4.03600000,4.05200000,4.02500000,4.03900000,90282.39000000
1760043600000,4.03800000,4.05100000,4.03000000,4.04900000,120230.06000000
1760047200000,4.05000000,4.10200000,4.04400000,4.08300000,180765.71000000
1760050800000,4.08300000,4.08700000,4.03900000,4.07500000,276180.16000000
1760054400000,4.07400000,4.09500000,4.07300000,4.08100000,108249.21000000
1760058000000,4.08200000,4.09300000,4.07000000,4.08300000,113091.08000000
1760061600000,4.08200000,4.08700000,4.06000000,4.07000000,207507.20000000
1760065200000,4.07000000,4.15000000,4.05000000,4.11400000,320745.71000000
1760068800000,4.11300000,4.13200000,4.09200000,4.11100000,258227.06000000
1760072400000,4.11100000,4.14900000,4.08300000,4.14600000,224924.44000000
1760076000000,4.14700000,4.15100000,4.08900000,4.10000000,399337.70000000
1760079600000,4.09900000,4.10200000,4.07300000,4.08200000,540937.79000000
1760083200000,4.08200000,4.10600000,4.06200000,4.10500000,316995.83000000
1760086800000,4.10400000,4.14600000,4.09500000,4.10600000,356823.78000000
1760090400000,4.10600000,4.14500000,4.10200000,4.13900000,229783.82000000
1760094000000,4.13900000,4.18800000,4.13100000,4.17700000,503006.31000000
1760097600000,4.17700000,4.24000000,4.17100000,4.23400000,495206.56000000
1760101200000,4.23300000,4.29100000,4.22800000,4.24400000,1146161.14000000
1760104800000,4.24500000,4.26900000,4.17700000,4.19600000,810587.63000000
1760108400000,4.19500000,4.20200000,4.01200000,4.05800000,2346571.74000000
1760112000000,4.05800000,4.08800000,4.02100000,4.02600000,731345.41000000
1760115600000,4.02500000,4.03900000,3.98100000,3.99600000,1011030.59000000
1760119200000,3.99600000,4.02200000,3.97100000,3.97800000,428399.15000000
1760122800000,3.97800000,3.98700000,3.87600000,3.92900000,1276571.20000000
1760126400000,3.92900000,3.96800000,3.66700000,3.70200000,2827056.29000000
1760130000000,3.70300000,3.75300000,0.63300000,2.88600000,15172837.32300000
1760133600000,2.88700000,3.00000000,2.45200000,2.87800000,13687698.71000000
1760137200000,2.87800000,3.09500000,2.80000000,2.94600000,7172439.16000000
1760140800000,2.94500000,3.01100000,2.87300000,2.95000000,4309523.00000000
1760144400000,2.94900000,2.97000000,2.88700000,2.90900000,2418143.31000000
1760148000000,2.90900000,3.19300000,2.90600000,3.15000000,4587912.27000000
1760151600000,3.15000000,3.15700000,3.04900000,3.12300000,4020622.67000000
1760155200000,3.12300000,3.20000000,3.10000000,3.18100000,1791187.58000000
1760158800000,3.18100000,3.18900000,3.09900000,3.13100000,994342.19000000
1760162400000,3.13200000,3.21000000,3.12000000,3.16200000,1276453.52000000
1760166000000,3.16200000,3.21200000,3.14400000,3.19500000,912250.56000000
1760169600000,3.19500000,3.29000000,3.16500000,3.28100000,983733.99000000
1760173200000,3.28100000,3.30600000,3.24000000,3.25900000,1988635.17000000
1760176800000,3.26000000,3.31700000,3.25500000,3.26000000,825040.41000000
1760180400000,3.26000000,3.26300000,3.19400000,3.22300000,705086.86000000
1760184000000,3.22300000,3.22300000,3.12200000,3.14400000,1182934.38000000
1760187600000,3.14400000,3.15000000,3.07700000,3.13800000,977100.85000000
1760191200000,3.13800000,3.14700000,3.09900000,3.13000000,526310.17000000
1760194800000,3.13000000,3.15800000,3.12600000,3.14400000,618230.60000000
1760198400000,3.14400000,3.16700000,3.11400000,3.12600000,492580.60000000
1760202000000,3.12700000,3.15400000,3.12000000,3.14800000,318855.42000000
1760205600000,3.14700000,3.14700000,3.12200000,3.12800000,267272.15000000
1760209200000,3.12700000,3.13100000,2.98400000,3.01500000,1321953.54000000
1760212800000,3.01600000,3.02300000,2.92100000,2.95700000,1421966.27000000
1760216400000,2.95700000,3.01200000,2.90100000,3.00100000,1053393.88000000
1760220000000,3.00100000,3.02500000,2.98700000,3.00700000,419922.94000000
1760223600000,3.00800000,3.01300000,2.99200000,2.99700000,260054.26000000
1760227200000,2.99700000,3.00200000,2.93700000,2.94200000,564846.71000000
1760230800000,2.94300000,2.98200000,2.92400000,2.92800000,506428.93000000
1760234400000,2.92800000,2.96500000,2.90700000,2.93900000,897117.88000000
1760238000000,2.93800000,3.00200000,2.93300000,2.97700000,667646.60000000
1760241600000,2.97700000,3.03700000,2.97600000,3.01900000,432028.09000000
1760245200000,3.01900000,3.03200000,3.00500000,3.02100000,186969.84000000
1760248800000,3.02100000,3.06000000,3.01700000,3.03400000,384598.58000000
1760252400000,3.03400000,3.04100000,3.01500000,3.02000000,652909.82000000
1760256000000,3.01900000,3.03800000,2.99700000,2.99900000,373373.77000000
1760259600000,2.99900000,3.01900000,2.96200000,3.01600000,533921.18000000
1760263200000,3.01600000,3.03100000,3.00000000,3.00900000,325965.27000000
1760266800000,3.01000000,3.03800000,3.00900000,3.02300000,290955.53000000
1760270400000,3.02300000,3.05800000,3.02200000,3.04000000,348813.53000000
1760274000000,3.03900000,3.05200000,2.98500000,3.00600000,546927.62000000
1760277600000,3.00500000,3.14800000,3.00300000,3.10500000,1050933.04000000
1760281200000,3.10600000,3.21000000,3.10000000,3.20200000,1601845.21000000
1760284800000,3.20200000,3.28900000,3.20200000,3.24600000,1326214.75000000
1760288400000,3.24700000,3.28200000,3.23100000,3.26000000,640023.82000000
1760292000000,3.26100000,3.27800000,3.20900000,3.23000000,459131.84000000
1760295600000,3.23000000,3.28200000,3.22700000,3.27900000,285790.18000000
1760299200000,3.27900000,3.30700000,3.26000000,3.27000000,485524.43000000
1760302800000,3.26900000,3.28900000,3.19500000,3.24700000,584947.32000000
1760306400000,3.24700000,3.27200000,3.22400000,3.24800000,357999.94000000
1760310000000,3.24700000,3.24800000,3.21200000,3.24100000,307118.76000000
1760313600000,3.24100000,3.26600000,3.19700000,3.21500000,461996.67000000
1760317200000,3.21500000,3.25100000,3.19400000,3.25100000,319606.43000000
1760320800000,3.25100000,3.26100000,3.21500000,3.24000000,348550.12000000
1760324400000,3.24000000,3.25000000,3.22100000,3.22300000,329288.43000000
1760328000000,3.22400000,3.24300000,3.20000000,3.23900000,246545.31000000
1760331600000,3.23900000,3.24400000,3.21800000,3.23300000,196145.94000000
1760335200000,3.23200000,3.28600000,3.21100000,3.27700000,344484.52000000
1760338800000,3.27600000,3.32800000,3.27200000,3.29500000,681683.13000000
1760342400000,3.29500000,3.35200000,3.28700000,3.34000000,626708.36000000
1760346000000,3.34000000,3.35700000,3.31200000,3.35500000,532001.13000000
1760349600000,3.35600000,3.36500000,3.32300000,3.34200000,386145.82000000
1760353200000,3.34200000,3.35600000,3.22000000,3.27300000,1503647.48000000
1760356800000,3.27300000,3.30600000,3.24500000,3.25600000,671091.42000000
1760360400000,3.25400000,3.35000000,3.23800000,3.33600000,1641653.70000000
1760364000000,3.33500000,3.34700000,3.25900000,3.27400000,833233.38000000
1760367600000,3.27400000,3.33500000,3.27300000,3.31900000,456658.40000000
1760371200000,3.32000000,3.34000000,3.28600000,3.31800000,549153.62000000
1760374800000,3.31900000,3.37700000,3.30700000,3.37100000,611972.01000000
1760378400000,3.37100000,3.40000000,3.35300000,3.36300000,540532.05000000
1760382000000,3.36200000,3.41100000,3.35800000,3.39700000,521075.18000000
1760385600000,3.39600000,3.42300000,3.37700000,3.42000000,397388.32000000
1760389200000,3.41900000,3.44800000,3.40000000,3.40700000,926521.71000000
1760392800000,3.40600000,3.42400000,3.39500000,3.40600000,324426.15000000
1760396400000,3.40500000,3.41000000,3.36700000,3.37400000,558476.46000000
1760400000000,3.37500000,3.39900000,3.35900000,3.38600000,292944.80000000
1760403600000,3.38600000,3.38600000,3.34800000,3.35800000,199478.31000000
1760407200000,3.35800000,3.36000000,3.31200000,3.31600000,248537.72000000
1760410800000,3.31700000,3.31800000,3.29000000,3.30000000,331169.40000000
1760414400000,3.30100000,3.31300000,3.23600000,3.25300000,492177.06000000
1760418000000,3.25300000,3.27900000,3.19700000,3.21700000,677456.57000000
1760421600000,3.21700000,3.23800000,3.07200000,3.13300000,1771739.74000000
1760425200000,3.13400000,3.15700000,3.09900000,3.11600000,1040952.67000000
1760428800000,3.11500000,3.16700000,3.09100000,3.14500000,606965.88000000
1760432400000,3.14400000,3.17300000,3.14200000,3.15600000,297253.31000000
1760436000000,3.15500000,3.15500000,3.07400000,3.11600000,737874.76000000
1760439600000,3.11700000,3.16400000,3.11500000,3.13900000,670754.94000000
1760443200000,3.14000000,3.14300000,3.09100000,3.09700000,492692.29000000
1760446800000,3.09800000,3.15100000,3.06600000,3.13400000,1117959.96000000
1760450400000,3.13300000,3.19500000,3.12000000,3.16000000,547959.46000000
1760454000000,3.16000000,3.24000000,3.14400000,3.23800000,490070.84000000
1760457600000,3.23800000,3.28300000,3.21100000,3.22800000,651232.69000000
1760461200000,3.22800000,3.26400000,3.18500000,3.23900000,454516.26000000
1760464800000,3.24000000,3.27900000,3.23900000,3.25300000,405041.02000000
1760468400000,3.25400000,3.28200000,3.19000000,3.23600000,887687.21000000
1760472000000,3.23500000,3.25000000,3.21000000,3.24200000,277670.37000000
1760475600000,3.24200000,3.24900000,3.21500000,3.24500000,126598.99000000
1760479200000,3.24600000,3.26700000,3.23300000,3.24600000,154425.02000000
1760482800000,3.24500000,3.26100000,3.24400000,3.24800000,106268.73000000
1760486400000,3.24800000,3.25400000,3.21800000,3.24000000,113990.47000000
1760490000000,3.23900000,3.24200000,3.20900000,3.22900000,161033.20000000
1760493600000,3.22900000,3.26600000,3.22300000,3.24400000,221533.78000000
1760497200000,3.24400000,3.25000000,3.20100000,3.22300000,199613.82000000
1760500800000,3.22400000,3.25900000,3.20700000,3.25400000,130286.56000000
1760504400000,3.25500000,3.27600000,3.24700000,3.25700000,174316.98000000
1760508000000,3.25700000,3.27400000,3.23200000,3.27300000,256915.14000000
1760511600000,3.27300000,3.28600000,3.26100000,3.27900000,204280.42000000
1760515200000,3.27900000,3.34100000,3.27300000,3.30100000,428670.13000000
1760518800000,3.30000000,3.30900000,3.25700000,3.26800000,274886.68000000
1760522400000,3.26700000,3.27800000,3.23600000,3.24800000,221338.50000000
1760526000000,3.24700000,3.25700000,3.21500000,3.22400000,353936.23000000
1760529600000,3.22400000,3.23800000,3.18100000,3.20100000,454031.54000000
1760533200000,3.20000000,3.21200000,3.12000000,3.18500000,684192.06000000
1760536800000,3.18500000,3.22300000,3.14300000,3.16500000,481674.19000000
1760540400000,3.16500000,3.19000000,3.12500000,3.14500000,482702.81000000
1760544000000,3.14600000,3.16800000,3.12800000,3.15100000,339666.62000000
1760547600000,3.15100000,3.16500000,3.12200000,3.16400000,311211.45000000
1760551200000,3.16400000,3.18800000,3.15000000,3.18400000,340134.70000000
1760554800000,3.18300000,3.18400000,3.13400000,3.14800000,301846.70000000
1760558400000,3.14900000,3.16800000,3.08900000,3.12400000,782671.73000000
1760562000000,3.12400000,3.15600000,3.09800000,3.12500000,491195.76000000
1760565600000,3.12400000,3.15000000,3.11700000,3.12600000,268479.78000000
1760569200000,3.12600000,3.14400000,3.11400000,3.13700000,349659.30000000
1760572800000,3.13700000,3.15100000,3.12400000,3.12700000,283315.74000000
1760576400000,3.12700000,3.17000000,3.12400000,3.16600000,287473.92000000
1760580000000,3.16600000,3.17700000,3.13200000,3.14500000,278469.38000000
1760583600000,3.14500000,3.15100000,3.11900000,3.12300000,232432.36000000
1760587200000,3.12300000,3.15100000,3.11600000,3.12600000,181121.93000000
1760590800000,3.12700000,3.15300000,3.11500000,3.13500000,174094.14000000
1760594400000,3.13500000,3.17700000,3.13400000,3.17100000,310823.73000000
1760598000000,3.17100000,3.17300000,3.13500000,3.14900000,402315.64000000
1760601600000,3.14900000,3.15100000,3.11800000,3.13400000,363381.93000000
1760605200000,3.13300000,3.17900000,3.04700000,3.16100000,1160477.27000000
1760608800000,3.16000000,3.20000000,3.15700000,3.17500000,417405.68000000
1760612400000,3.17500000,3.18800000,3.15600000,3.18300000,305344.44000000
1760616000000,3.18400000,3.20800000,3.17400000,3.17900000,312145.85000000
1760619600000,3.17900000,3.19100000,3.14400000,3.15300000,520148.39000000
1760623200000,3.15300000,3.18100000,3.10300000,3.14100000,827757.04000000
1760626800000,3.14200000,3.15300000,3.04400000,3.06000000,1199713.28000000
1760630400000,3.05900000,3.12900000,3.02200000,3.12800000,1046568.59000000
1760634000000,3.12700000,3.12700000,3.06700000,3.07300000,436985.86000000
1760637600000,3.07400000,3.07700000,3.03700000,3.06500000,512290.26000000
1760641200000,3.06600000,3.07100000,2.99300000,3.02100000,713397.23000000
1760644800000,3.02200000,3.03100000,2.97000000,2.98800000,629590.13000000
1760648400000,2.99000000,3.03500000,2.98500000,3.03200000,491915.46000000
1760652000000,3.03300000,3.03900000,2.98900000,2.98900000,385287.12000000
1760655600000,2.98900000,3.02300000,2.98400000,3.01600000,211644.86000000
1760659200000,3.01700000,3.04100000,3.01300000,3.03800000,344737.97000000
1760662800000,3.03800000,3.06100000,3.01900000,3.03100000,222086.58000000
1760666400000,3.03200000,3.04100000,3.00800000,3.03200000,146015.01000000
1760670000000,3.03100000,3.04600000,3.03000000,3.04400000,210551.28000000
1760673600000,3.04400000,3.04700000,3.02800000,3.03200000,222037.07000000
1760677200000,3.03300000,3.03600000,3.00200000,3.01100000,248269.29000000
1760680800000,3.01100000,3.01700000,2.89300000,2.90400000,1259996.86000000
1760684400000,2.90400000,2.91300000,2.81100000,2.82100000,1741392.35000000
1760688000000,2.82100000,2.84100000,2.77200000,2.80000000,1553739.34000000
1760691600000,2.80000000,2.89500000,2.79300000,2.84200000,649256.16000000
1760695200000,2.84300000,2.86100000,2.79700000,2.84700000,913405.01000000
1760698800000,2.84800000,2.93800000,2.84400000,2.91000000,1319857.84000000
1760702400000,2.91000000,2.92600000,2.88900000,2.89100000,618247.06000000
1760706000000,2.89200000,2.93100000,2.86400000,2.91200000,817302.60000000
1760709600000,2.91100000,2.92100000,2.85600000,2.88100000,823209.86000000
1760713200000,2.88100000,2.92400000,2.86600000,2.92300000,769411.11000000
1760716800000,2.92300000,2.96000000,2.89200000,2.90100000,769949.08000000
1760720400000,2.90100000,2.92100000,2.89300000,2.91500000,359982.53000000
1760724000000,2.91600000,2.93300000,2.90300000,2.91100000,254134.75000000
1760727600000,2.91100000,2.92200000,2.89100000,2.90400000,198152.37000000
1760731200000,2.90500000,2.93500000,2.89800000,2.92600000,167222.70000000
1760734800000,2.92600000,2.94800000,2.92400000,2.93900000,206479.04000000
1760738400000,2.93900000,2.94400000,2.90500000,2.90800000,302926.27000000
1760742000000,2.90800000,2.90800000,2.88500000,2.89200000,216772.53000000
1760745600000,2.89200000,2.91700000,2.88900000,2.91200000,194905.06000000
1760749200000,2.91300000,2.94200000,2.91100000,2.94000000,161488.74000000
1760752800000,2.94000000,2.94700000,2.91300000,2.92100000,243821.69000000
1760756400000,2.92100000,2.94100000,2.92100000,2.93600000,105531.54000000
1760760000000,2.93500000,2.93500000,2.90300000,2.90400000,134596.76000000
1760763600000,2.90400000,2.92400000,2.89900000,2.92200000,150041.22000000
1760767200000,2.92300000,2.93500000,2.91200000,2.93000000,278254.22000000
1760770800000,2.93100000,2.97100000,2.91700000,2.92400000,361124.78000000
1760774400000,2.92500000,2.93500000,2.91600000,2.91700000,154976.66000000
1760778000000,2.91800000,2.93700000,2.91400000,2.93400000,182553.38000000
1760781600000,2.93500000,2.94500000,2.92200000,2.93600000,115032.87000000
1760785200000,2.93700000,2.94900000,2.93100000,2.94500000,192836.00000000
1760788800000,2.94500000,2.95600000,2.93400000,2.93400000,113948.70000000
1760792400000,2.93500000,2.93600000,2.90700000,2.91400000,146981.96000000
1760796000000,2.91400000,2.93400000,2.90000000,2.92700000,188386.09000000
1760799600000,2.92600000,2.93500000,2.90900000,2.92300000,131958.22000000
1760803200000,2.92200000,2.92600000,2.89400000,2.90900000,199678.28000000
1760806800000,2.90900000,2.94000000,2.89900000,2.93400000,207833.00000000
1760810400000,2.93500000,2.94000000,2.92500000,2.93000000,65253.31000000
1760814000000,2.92900000,2.93700000,2.92300000,2.93500000,97885.13000000
1760817600000,2.93500000,2.94700000,2.92800000,2.93000000,151063.91000000
1760821200000,2.93000000,2.94100000,2.91900000,2.93800000,172778.59000000
1760824800000,2.93800000,2.94400000,2.92900000,2.93100000,89950.11000000
1760828400000,2.93200000,2.93400000,2.92600000,2.93200000,71794.36000000
1760832000000,2.93300000,2.93700000,2.90500000,2.91400000,152260.30000000
1760835600000,2.91500000,2.93100000,2.90400000,2.92600000,219307.84000000
1760839200000,2.92700000,2.93000000,2.90700000,2.91300000,210805.71000000
1760842800000,2.91200000,2.94200000,2.90700000,2.93600000,155511.09000000
1760846400000,2.93600000,2.93900000,2.91700000,2.92200000,178110.14000000
1760850000000,2.92300000,2.93400000,2.91300000,2.92000000,95189.09000000
1760853600000,2.92000000,2.92400000,2.90000000,2.90700000,124281.96000000
1760857200000,2.90800000,2.91800000,2.90400000,2.91600000,73677.62000000
1760860800000,2.91600000,2.94900000,2.89600000,2.90100000,521589.41000000
1760864400000,2.90100000,2.96500000,2.88600000,2.94300000,647298.03000000
1760868000000,2.94300000,2.99600000,2.93400000,2.99300000,466512.96000000
1760871600000,2.99200000,3.02100000,2.97900000,2.98400000,490622.36000000
1760875200000,2.98300000,2.98800000,2.96400000,2.97700000,165585.30000000
1760878800000,2.97700000,3.03800000,2.97000000,3.03100000,383780.42000000
1760882400000,3.03100000,3.04400000,3.01200000,3.03800000,416533.57000000
1760886000000,3.03700000,3.04100000,3.02400000,3.03000000,188511.71000000
1760889600000,3.03000000,3.04200000,3.01300000,3.03100000,247535.42000000
1760893200000,3.03100000,3.05700000,3.02000000,3.02300000,405004.44000000
1760896800000,3.02300000,3.03200000,3.01800000,3.02800000,169437.34000000
1760900400000,3.02900000,3.02900000,3.01200000,3.02600000,146548.92000000
1760904000000,3.02500000,3.03700000,3.01900000,3.03500000,119497.01000000
1760907600000,3.03600000,3.03700000,3.01300000,3.02500000,134331.95000000
1760911200000,3.02500000,3.03800000,3.02300000,3.02900000,101297.02000000
1760914800000,3.02900000,3.02900000,3.00300000,3.00900000,172106.32000000
1760918400000,3.00900000,3.00900000,2.94900000,2.98300000,540346.39000000
1760922000000,2.98400000,2.99400000,2.97000000,2.97900000,277013.12000000
1760925600000,2.97800000,3.00000000,2.96300000,2.99100000,164635.18000000
1760929200000,2.99100000,3.07000000,2.98400000,3.06100000,250927.24000000
1760932800000,3.06200000,3.07600000,3.05100000,3.06700000,262694.15000000
1760936400000,3.06600000,3.09000000,3.05500000,3.08500000,256005.65000000
1760940000000,3.08500000,3.12300000,3.08000000,3.10800000,435421.53000000
1760943600000,3.10800000,3.11800000,3.08100000,3.09300000,402504.49000000
1760947200000,3.09300000,3.10300000,3.07400000,3.08200000,245652.27000000
1760950800000,3.08200000,3.09000000,3.07000000,3.08900000,225329.83000000
1760954400000,3.08900000,3.11300000,3.08200000,3.09200000,328153.25000000
1760958000000,3.09100000,3.09400000,3.07600000,3.09300000,434200.67000000
1760961600000,3.09300000,3.10200000,3.08500000,3.09200000,159816.85000000
1760965200000,3.09200000,3.11500000,3.07900000,3.11400000,198302.43000000
1760968800000,3.11500000,3.12400000,3.08800000,3.12100000,261808.11000000
1760972400000,3.12200000,3.13200000,3.08700000,3.08700000,376754.26000000
1760976000000,3.08700000,3.08700000,3.03300000,3.06600000,736354.72000000
1760979600000,3.06500000,3.08100000,3.04500000,3.06700000,260239.03000000
1760983200000,3.06700000,3.08800000,3.06100000,3.08600000,207445.39000000
1760986800000,3.08600000,3.11000000,3.07300000,3.09900000,222938.66000000
1760990400000,3.09900000,3.10800000,3.09100000,3.10500000,150920.37000000
1760994000000,3.10500000,3.11500000,3.07600000,3.08200000,163158.86000000
1760997600000,3.08100000,3.09500000,3.07300000,3.09300000,49158.25000000
1761001200000,3.09200000,3.09500000,3.08300000,3.08600000,128930.68000000
1761004800000,3.08500000,3.09000000,3.07500000,3.07900000,65056.54000000
1761008400000,3.07900000,3.08000000,3.04800000,3.05900000,200286.69000000
1761012000000,3.05900000,3.06000000,3.03700000,3.03900000,223676.48000000
1761015600000,3.04000000,3.04700000,3.01900000,3.02500000,113156.34000000
1761019200000,3.02500000,3.02600000,2.95400000,2.96000000,470161.57000000
1761022800000,2.96000000,2.97800000,2.95000000,2.96400000,303281.98000000
1761026400000,2.96500000,2.99000000,2.95900000,2.98400000,164519.63000000
1761030000000,2.98400000,3.00000000,2.97600000,2.99400000,142989.43000000
1761033600000,2.99300000,2.99300000,2.96100000,2.97300000,359344.20000000
1761037200000,2.97200000,2.98000000,2.96500000,2.97400000,219172.42000000
1761040800000,2.97300000,3.01300000,2.97000000,3.00100000,184995.56000000
1761044400000,3.00000000,3.01100000,2.99000000,3.00400000,124298.36000000
1761048000000,3.00400000,3.03600000,2.99500000,3.00900000,169401.88000000
1761051600000,3.01000000,3.02500000,2.98800000,3.00300000,307128.70000000
1761055200000,3.00500000,3.13500000,3.00300000,3.13000000,822745.39000000
1761058800000,3.13100000,3.18400000,3.11300000,3.17200000,815890.09000000
1761062400000,3.17200000,3.19000000,3.12500000,3.13300000,1466381.85000000
1761066000000,3.13400000,3.15900000,3.11000000,3.14000000,622909.64000000
1761069600000,3.14100000,3.15100000,3.12100000,3.13500000,268419.66000000
1761073200000,3.13500000,3.14400000,3.12600000,3.13200000,162980.13000000
1761076800000,3.13200000,3.13600000,3.08900000,3.09900000,403441.88000000
1761080400000,3.09900000,3.11900000,3.06000000,3.09800000,307652.19000000
1761084000000,3.09700000,3.10000000,3.03000000,3.04300000,411865.16000000
1761087600000,3.04300000,3.05000000,2.99700000,3.00600000,387910.39000000
1761091200000,3.00500000,3.02300000,2.98200000,3.00100000,243763.63000000
1761094800000,3.00100000,3.02500000,3.00100000,3.01800000,208369.58000000
1761098400000,3.01900000,3.02800000,3.01400000,3.01500000,93417.00000000
1761102000000,3.01500000,3.01500000,2.99400000,3.00900000,160996.63000000
1761105600000,3.00900000,3.02700000,3.00800000,3.02400000,122649.80000000
1761109200000,3.02200000,3.02700000,2.97000000,2.99300000,361314.81000000
1761112800000,2.99200000,2.99300000,2.97500000,2.97500000,238067.97000000
1761116400000,2.97500000,2.99300000,2.96200000,2.98700000,238771.91000000
1761120000000,2.98500000,2.98800000,2.97200000,2.97800000,151603.57000000
1761123600000,2.97700000,2.98100000,2.95100000,2.96100000,269497.67000000
1761127200000,2.96000000,2.97200000,2.95000000,2.95300000,186239.83000000
1761130800000,2.95300000,2.99300000,2.92100000,2.97600000,493972.38000000
1761134400000,2.97500000,3.00300000,2.96800000,2.99100000,277862.96000000
1761138000000,2.99300000,3.02800000,2.97800000,3.02200000,435749.54000000
1761141600000,3.02100000,3.02500000,2.95300000,3.00900000,609817.82000000
1761145200000,3.00900000,3.02100000,2.96400000,2.99000000,415643.92000000
1761148800000,2.98900000,2.99900000,2.95500000,2.97400000,486690.98000000
1761152400000,2.97500000,2.98200000,2.94200000,2.94900000,207354.78000000
1761156000000,2.94900000,2.95900000,2.92900000,2.94400000,172441.33000000
1761159600000,2.94400000,2.97300000,2.92000000,2.94500000,272646.38000000
1761163200000,2.94600000,2.95300000,2.91400000,2.92000000,282751.74000000
1761166800000,2.91900000,2.91900000,2.83400000,2.87100000,1189726.26000000
1761170400000,2.87000000,2.88900000,2.85400000,2.86800000,322616.39000000
1761174000000,2.86700000,2.92400000,2.86700000,2.91800000,237754.24000000
1761177600000,2.91900000,2.93300000,2.91200000,2.92800000,187079.05000000
1761181200000,2.92800000,2.94700000,2.92700000,2.93100000,242565.58000000
1761184800000,2.93000000,2.93600000,2.92600000,2.93100000,53143.34000000
1761188400000,2.93100000,2.94000000,2.91800000,2.92000000,530173.16000000
1761192000000,2.92100000,2.93600000,2.91500000,2.92600000,94985.13000000
1761195600000,2.92600000,2.93400000,2.91400000,2.93000000,298411.28000000
1761199200000,2.93000000,2.97900000,2.92600000,2.97800000,302979.99000000
1761202800000,2.97800000,2.97800000,2.95600000,2.96700000,161649.68000000
1761206400000,2.96800000,2.98700000,2.96700000,2.97700000,146935.56000000
1761210000000,2.97800000,2.97900000,2.96600000,2.97200000,102844.77000000
1761213600000,2.97300000,2.98400000,2.97000000,2.97300000,177490.52000000
1761217200000,2.97300000,2.98200000,2.95700000,2.96200000,158612.78000000
1761220800000,2.96200000,2.96200000,2.93400000,2.96000000,286042.04000000
1761224400000,2.96000000,2.98800000,2.94400000,2.97600000,229461.79000000
1761228000000,2.97600000,2.97900000,2.94400000,2.96600000,262581.01000000
1761231600000,2.96700000,3.00800000,2.96100000,2.99600000,294997.81000000
1761235200000,2.99500000,3.02400000,2.98900000,3.02000000,360594.62000000
1761238800000,3.02000000,3.03600000,2.99100000,3.03000000,354762.45000000
1761242400000,3.03100000,3.03500000,2.99400000,2.99900000,209504.90000000
1761246000000,2.99800000,3.00100000,2.98400000,2.99500000,110190.19000000
1761249600000,2.99600000,2.99600000,2.95600000,2.97000000,226555.61000000
1761253200000,2.96900000,2.98000000,2.96400000,2.96700000,151238.47000000
1761256800000,2.96700000,2.99000000,2.96600000,2.98700000,185427.46000000
1761260400000,2.98700000,3.00600000,2.98400000,3.00200000,116543.68000000
1761264000000,3.00300000,3.01100000,2.99400000,3.00500000,134266.00000000
1761267600000,3.00600000,3.01000000,2.99200000,3.00100000,72139.54000000
1761271200000,3.00100000,3.00900000,2.99400000,3.00500000,180192.55000000
1761274800000,3.00400000,3.00500000,2.99600000,3.00500000,149256.98000000
1761278400000,3.00400000,3.05900000,3.00000000,3.05100000,403953.34000000
1761282000000,3.05100000,3.06000000,3.04100000,3.05500000,176725.35000000
1761285600000,3.05500000,3.06500000,3.04500000,3.06200000,328963.43000000
1761289200000,3.06200000,3.06600000,3.03600000,3.05200000,210093.27000000
1761292800000,3.05300000,3.07600000,3.04300000,3.06800000,198534.66000000
1761296400000,3.06800000,3.06900000,3.05900000,3.06200000,119171.12000000
1761300000000,3.06200000,3.06400000,3.04400000,3.04500000,162203.86000000
1761303600000,3.04600000,3.05900000,3.02400000,3.05900000,179631.44000000
1761307200000,3.05900000,3.12500000,3.05500000,3.07700000,596990.21000000
1761310800000,3.07800000,3.08800000,3.04400000,3.07500000,257791.64000000
1761314400000,3.07400000,3.07400000,3.02200000,3.04000000,392648.69000000
1761318000000,3.03900000,3.05300000,3.01900000,3.03000000,323728.57000000
1761321600000,3.03000000,3.03700000,3.01300000,3.02800000,148183.71000000
1761325200000,3.02800000,3.04500000,3.02600000,3.03100000,87915.10000000
1761328800000,3.03100000,3.05300000,3.02900000,3.05100000,74226.32000000
1761332400000,3.05100000,3.07600000,3.05000000,3.07000000,209164.88000000
1761336000000,3.07000000,3.08400000,3.06800000,3.07900000,79876.90000000
1761339600000,3.08000000,3.09100000,3.07400000,3.08900000,155736.78000000
1761343200000,3.08900000,3.09300000,3.07800000,3.08700000,96657.50000000
1761346800000,3.08600000,3.08600000,3.07400000,3.07800000,64219.24000000
1761350400000,3.07900000,3.08100000,3.06300000,3.06700000,85586.90000000
1761354000000,3.06700000,3.08100000,3.06200000,3.07100000,108231.26000000
1761357600000,3.07100000,3.07600000,3.05800000,3.06600000,79443.43000000
1761361200000,3.06600000,3.06700000,3.05100000,3.05300000,59374.21000000
1761364800000,3.05200000,3.06500000,3.05200000,3.05600000,71775.24000000
1761368400000,3.05600000,3.05600000,3.04400000,3.05200000,128862.82000000
1761372000000,3.05300000,3.05700000,3.04100000,3.04200000,91038.47000000
1761375600000,3.04300000,3.06300000,3.04100000,3.04600000,88347.55000000
1761379200000,3.04700000,3.05800000,3.04500000,3.05400000,85521.29000000
1761382800000,3.05500000,3.05500000,3.03700000,3.03900000,113627.78000000
1761386400000,3.03900000,3.04300000,3.02700000,3.03700000,43429.27000000
1761390000000,3.03700000,3.04900000,3.03300000,3.04700000,52885.00000000
1761393600000,3.04700000,3.07600000,3.04500000,3.06300000,203425.61000000
1761397200000,3.06200000,3.06400000,3.04900000,3.05700000,71845.35000000
1761400800000,3.05800000,3.07700000,3.05500000,3.07600000,132738.37000000
1761404400000,3.07500000,3.07700000,3.05900000,3.06500000,84591.25000000
1761408000000,3.06500000,3.06900000,3.05700000,3.06400000,72585.16000000
1761411600000,3.06300000,3.07600000,3.06000000,3.06400000,130049.34000000
1761415200000,3.06400000,3.09100000,3.05900000,3.08600000,142494.31000000
1761418800000,3.08500000,3.09200000,3.07900000,3.09200000,48775.54000000
1761422400000,3.09200000,3.09600000,3.08100000,3.08900000,82057.22000000
1761426000000,3.08800000,3.09400000,3.07900000,3.08800000,89569.96000000
1761429600000,3.08800000,3.10600000,3.08100000,3.10000000,82494.93000000
1761433200000,3.10100000,3.10100000,3.08800000,3.09000000,62045.65000000
1761436800000,3.09100000,3.10000000,3.07600000,3.09200000,112852.12000000
1761440400000,3.09300000,3.09600000,3.06600000,3.07400000,102261.87000000
1761444000000,3.07300000,3.07900000,3.06300000,3.06800000,84746.15000000
1761447600000,3.06800000,3.07400000,3.05900000,3.06500000,70391.85000000
1761451200000,3.06500000,3.09000000,3.06100000,3.08500000,65698.94000000
1761454800000,3.08600000,3.09400000,3.08000000,3.09000000,50994.53000000
1761458400000,3.09000000,3.09400000,3.08300000,3.09200000,32836.60000000
1761462000000,3.09200000,3.10000000,3.08600000,3.09900000,49848.02000000
1761465600000,3.10000000,3.11300000,3.09700000,3.10900000,81414.91000000
1761469200000,3.10900000,3.14700000,3.10200000,3.13700000,218669.98000000
1761472800000,3.13600000,3.13700000,3.10900000,3.11200000,166707.40000000
1761476400000,3.11200000,3.15000000,3.10300000,3.14300000,344336.47000000
1761480000000,3.14300000,3.16000000,3.13900000,3.15600000,296432.27000000
1761483600000,3.15600000,3.18600000,3.14800000,3.17900000,248999.72000000
1761487200000,3.17900000,3.18500000,3.16600000,3.17400000,212026.94000000
1761490800000,3.17500000,3.18200000,3.16300000,3.18000000,165554.13000000
1761494400000,3.18000000,3.18200000,3.15700000,3.16200000,192145.13000000
1761498000000,3.16200000,3.17300000,3.15600000,3.16800000,106572.38000000
1761501600000,3.16800000,3.18200000,3.16800000,3.17300000,210399.73000000
1761505200000,3.17400000,3.17800000,3.16700000,3.17500000,96079.98000000
1761508800000,3.17600000,3.17600000,3.15600000,3.16400000,91361.29000000
1761512400000,3.16400000,3.17800000,3.14600000,3.17200000,120465.99000000
1761516000000,3.17300000,3.23900000,3.17300000,3.21400000,459451.06000000
1761519600000,3.21400000,3.22000000,3.19300000,3.19500000,218370.08000000
1761523200000,3.19500000,3.21400000,3.18600000,3.20600000,178118.41000000
1761526800000,3.20500000,3.23000000,3.19600000,3.22400000,194020.17000000
1761530400000,3.22300000,3.23200000,3.20300000,3.21300000,257738.74000000
1761534000000,3.21300000,3.22500000,3.20100000,3.20800000,155395.56000000
1761537600000,3.20700000,3.21900000,3.19900000,3.21600000,94415.53000000
1761541200000,3.21600000,3.24700000,3.21400000,3.22300000,252921.94000000
1761544800000,3.22200000,3.24100000,3.20800000,3.23200000,149343.26000000
1761548400000,3.23100000,3.24300000,3.18400000,3.20200000,272326.74000000
1761552000000,3.20200000,3.21100000,3.16300000,3.17700000,491205.47000000
1761555600000,3.17600000,3.17800000,3.14700000,3.15700000,319673.47000000
1761559200000,3.15600000,3.17100000,3.15200000,3.16000000,225008.00000000
1761562800000,3.16100000,3.17400000,3.14200000,3.17400000,229523.36000000
1761566400000,3.17400000,3.17700000,3.14500000,3.14600000,128323.62000000
1761570000000,3.14500000,3.16400000,3.11900000,3.15700000,303104.01000000
1761573600000,3.15700000,3.16300000,3.12600000,3.13500000,243410.73000000
1761577200000,3.13400000,3.16200000,3.13400000,3.15200000,177843.51000000
1761580800000,3.15300000,3.20200000,3.15300000,3.19800000,264954.41000000
1761584400000,3.19800000,3.21600000,3.18900000,3.20700000,217537.69000000
1761588000000,3.20700000,3.21400000,3.19100000,3.19500000,118678.19000000
1761591600000,3.19500000,3.19600000,3.17000000,3.17300000,250781.90000000
1761595200000,3.17300000,3.17400000,3.14800000,3.15000000,212530.01000000
1761598800000,3.14900000,3.16800000,3.13800000,3.14900000,167186.33000000
1761602400000,3.15000000,3.16600000,3.13300000,3.13600000,82035.02000000
1761606000000,3.13500000,3.14500000,3.12100000,3.13900000,99459.74000000
1761609600000,3.13800000,3.15500000,3.12800000,3.14100000,114596.51000000
1761613200000,3.14200000,3.16400000,3.14200000,3.15200000,87422.02000000
1761616800000,3.15200000,3.16100000,3.11200000,3.13600000,170899.94000000
1761620400000,3.13600000,3.14800000,3.11300000,3.12500000,213407.44000000
1761624000000,3.12500000,3.14900000,3.11600000,3.14200000,124904.02000000
1761627600000,3.14200000,3.15200000,3.10200000,3.10600000,344224.06000000
1761631200000,3.10700000,3.17000000,3.09700000,3.16700000,663036.66000000
1761634800000,3.16700000,3.17900000,3.13500000,3.14000000,228669.10000000
1761638400000,3.14100000,3.15600000,3.13100000,3.14500000,139709.96000000
1761642000000,3.14400000,3.15000000,3.12400000,3.14000000,94606.58000000
1761645600000,3.14000000,3.14100000,3.12600000,3.13400000,106792.82000000
1761649200000,3.13400000,3.15000000,3.12900000,3.13300000,188146.91000000
1761652800000,3.13300000,3.16600000,3.13000000,3.16400000,124372.22000000
1761656400000,3.16500000,3.19200000,3.16500000,3.17900000,339089.76000000
1761660000000,3.18000000,3.19500000,3.09200000,3.14900000,582487.99000000
1761663600000,3.15000000,3.16400000,3.12400000,3.13600000,187274.28000000
1761667200000,3.13700000,3.16900000,3.12600000,3.15900000,216774.45000000
1761670800000,3.15900000,3.16700000,3.14600000,3.15800000,107845.99000000
1761674400000,3.15800000,3.16500000,3.12900000,3.13800000,93261.88000000
1761678000000,3.13900000,3.14300000,3.07100000,3.08700000,365154.29000000
1761681600000,3.08600000,3.08800000,3.01400000,3.03100000,767096.69000000
1761685200000,3.03000000,3.04800000,2.99200000,3.03200000,498983.96000000
1761688800000,3.03100000,3.06000000,3.02100000,3.05800000,200957.89000000
1761692400000,3.05700000,3.06000000,3.04000000,3.05100000,117639.17000000
1761696000000,3.05000000,3.06400000,3.04100000,3.04400000,140647.91000000
1761699600000,3.04400000,3.07000000,3.03800000,3.05600000,80052.87000000
1761703200000,3.05600000,3.06300000,3.04800000,3.05900000,91236.68000000
1761706800000,3.05900000,3.06000000,3.04300000,3.05200000,90359.52000000
1761710400000,3.05200000,3.07500000,3.04900000,3.06600000,76717.72000000
1761714000000,3.06700000,3.07600000,3.06100000,3.06800000,105144.75000000
1761717600000,3.06700000,3.08200000,3.05900000,3.08000000,100870.16000000
1761721200000,3.08000000,3.08800000,3.06700000,3.08000000,155736.45000000
1761724800000,3.08000000,3.08000000,3.05000000,3.05400000,104656.02000000
1761728400000,3.05400000,3.06500000,3.04700000,3.06100000,88180.49000000
1761732000000,3.06200000,3.10000000,3.05900000,3.08400000,156535.59000000
1761735600000,3.08400000,3.10900000,3.08000000,3.10500000,125109.09000000
1761739200000,3.10400000,3.11300000,3.10200000,3.10500000,102822.10000000
1761742800000,3.10500000,3.13200000,3.10300000,3.10900000,198975.60000000
1761746400000,3.10900000,3.11400000,3.08500000,3.10200000,203526.34000000
1761750000000,3.10200000,3.11000000,3.04700000,3.06300000,321641.56000000
1761753600000,3.06200000,3.09300000,3.04600000,3.07200000,256270.37000000
1761757200000,3.07300000,3.17100000,3.07300000,3.17100000,346716.75000000
1761760800000,3.17100000,3.17500000,3.02300000,3.12800000,1597171.45000000
1761764400000,3.12800000,3.17000000,3.11300000,3.14300000,413735.93000000
1761768000000,3.14300000,3.17700000,3.12400000,3.15600000,321977.84000000
1761771600000,3.15600000,3.16200000,3.14000000,3.14600000,113983.83000000
1761775200000,3.14500000,3.14900000,3.12400000,3.12700000,111760.77000000
1761778800000,3.12700000,3.12800000,3.06700000,3.07900000,322647.91000000
1761782400000,3.08000000,3.10700000,3.06200000,3.10400000,161276.32000000
1761786000000,3.10300000,3.11200000,3.08300000,3.09800000,125302.53000000
1761789600000,3.09800000,3.11800000,3.09100000,3.11100000,73264.69000000
1761793200000,3.11200000,3.11200000,3.08000000,3.08700000,266999.33000000
1761796800000,3.08700000,3.08700000,2.96600000,3.00200000,1148258.11000000
1761800400000,3.00300000,3.06000000,2.99500000,3.05500000,502779.89000000
1761804000000,3.05500000,3.07700000,3.03300000,3.06300000,216642.36000000
1761807600000,3.06300000,3.10000000,3.05900000,3.09100000,161381.08000000
1761811200000,3.09100000,3.09100000,3.02900000,3.03500000,449338.88000000
1761814800000,3.03400000,3.03800000,3.01000000,3.01600000,345038.56000000
1761818400000,3.01600000,3.02900000,3.00100000,3.01000000,134754.06000000
1761822000000,3.01000000,3.01800000,2.99300000,2.99500000,107485.83000000
1761825600000,2.99500000,3.00100000,2.91000000,2.93800000,1415394.43000000
1761829200000,2.93800000,2.93900000,2.85700000,2.87600000,1407028.40000000
1761832800000,2.87600000,2.90300000,2.87200000,2.88800000,360154.66000000
1761836400000,2.88700000,2.89300000,2.85100000,2.86300000,406812.08000000
1761840000000,2.86200000,2.88000000,2.84400000,2.87300000,449696.01000000
1761843600000,2.87400000,2.87400000,2.80000000,2.84000000,937266.07000000
1761847200000,2.84100000,2.84700000,2.80400000,2.81300000,260043.62000000
1761850800000,2.81300000,2.82300000,2.78000000,2.79800000,761643.02000000
1761854400000,2.79800000,2.83800000,2.78900000,2.83100000,440118.45000000
1761858000000,2.83100000,2.84700000,2.81900000,2.84000000,265373.93000000
1761861600000,2.84000000,2.85200000,2.83200000,2.85100000,246225.47000000
1761865200000,2.85200000,2.87600000,2.84000000,2.87100000,297711.15000000
1761868800000,2.87100000,2.90300000,2.86600000,2.89600000,266554.70000000
1761872400000,2.89600000,2.91500000,2.89000000,2.91400000,215957.99000000
1761876000000,2.91400000,2.91400000,2.88000000,2.89400000,513207.44000000
1761879600000,2.89400000,2.90500000,2.88500000,2.89500000,197245.81000000
1761883200000,2.89600000,2.92500000,2.89500000,2.92200000,266380.95000000
1761886800000,2.92100000,2.92100000,2.90600000,2.90900000,113014.94000000
1761890400000,2.90800000,2.91500000,2.89000000,2.89300000,156919.93000000
1761894000000,2.89400000,2.90200000,2.88600000,2.89500000,117284.13000000
1761897600000,2.89600000,2.90600000,2.88300000,2.90200000,186772.07000000
1761901200000,2.90200000,2.90800000,2.89000000,2.89500000,73681.01000000
1761904800000,2.89500000,2.90000000,2.86800000,2.87800000,298359.47000000
1761908400000,2.87700000,2.91300000,2.87000000,2.91100000,210453.40000000
1761912000000,2.91100000,2.92400000,2.88800000,2.88900000,261707.73000000
1761915600000,2.89000000,2.91300000,2.88100000,2.90600000,317084.90000000
1761919200000,2.90700000,2.91600000,2.88900000,2.91100000,434612.97000000
1761922800000,2.91000000,2.92500000,2.89400000,2.90100000,256143.36000000
1761926400000,2.90000000,2.90600000,2.84200000,2.84600000,284169.83000000
1761930000000,2.84600000,2.85800000,2.82700000,2.84400000,318474.64000000
1761933600000,2.84300000,2.87300000,2.83500000,2.86300000,233369.16000000
1761937200000,2.86300000,2.90900000,2.84600000,2.89600000,302817.91000000
1761940800000,2.89500000,2.89800000,2.86700000,2.87100000,239200.48000000
1761944400000,2.87000000,2.87900000,2.86100000,2.87200000,102607.88000000
1761948000000,2.87300000,2.88500000,2.87200000,2.87700000,62713.93000000
1761951600000,2.87600000,2.88600000,2.87400000,2.88200000,69033.80000000
1761955200000,2.88200000,2.88700000,2.86700000,2.88600000,194150.83000000
1761958800000,2.88600000,2.89500000,2.87900000,2.87900000,144081.82000000
1761962400000,2.87800000,2.89600000,2.86500000,2.89500000,142741.36000000
1761966000000,2.89600000,2.91400000,2.89500000,2.91100000,184438.19000000
1761969600000,2.91100000,2.91700000,2.89400000,2.89800000,273318.64000000
1761973200000,2.89800000,2.90200000,2.88100000,2.88300000,119538.55000000
1761976800000,2.88400000,2.89400000,2.87600000,2.89300000,94611.01000000
1761980400000,2.89300000,2.90700000,2.88600000,2.90300000,402287.74000000
1761984000000,2.90300000,2.92400000,2.90200000,2.92200000,252190.11000000
1761987600000,2.92300000,2.93100000,2.90600000,2.91300000,151979.55000000
1761991200000,2.91300000,2.93800000,2.91300000,2.93000000,331779.23000000
1761994800000,2.93000000,2.94500000,2.93000000,2.94200000,157753.50000000
1761998400000,2.94200000,2.95200000,2.93600000,2.93900000,118528.19000000
1762002000000,2.94000000,2.95600000,2.92500000,2.94200000,266763.24000000
1762005600000,2.94100000,2.94700000,2.90600000,2.92300000,266391.97000000
1762009200000,2.92300000,2.95200000,2.92100000,2.95000000,189158.94000000
1762012800000,2.95000000,2.96800000,2.94500000,2.95900000,231083.20000000
1762016400000,2.95900000,2.96400000,2.95200000,2.95600000,143033.13000000
1762020000000,2.95500000,2.95900000,2.94300000,2.95400000,69128.92000000
1762023600000,2.95300000,2.95300000,2.94100000,2.94900000,76872.75000000
1762027200000,2.95000000,2.96500000,2.95000000,2.95900000,102536.87000000
1762030800000,2.95900000,2.96300000,2.92800000,2.93200000,71763.45000000
1762034400000,2.93200000,2.95600000,2.93200000,2.95300000,134036.47000000
1762038000000,2.95300000,2.97400000,2.94900000,2.97100000,99765.52000000
1762041600000,2.97100000,2.97100000,2.95400000,2.95500000,142885.80000000
1762045200000,2.95500000,2.96500000,2.94600000,2.95900000,125065.08000000
1762048800000,2.95900000,2.96900000,2.95000000,2.95700000,91666.15000000
1762052400000,2.95700000,2.96300000,2.94800000,2.95100000,54330.36000000
1762056000000,2.95200000,2.98900000,2.94900000,2.98500000,128939.15000000
1762059600000,2.98400000,3.00100000,2.97500000,3.00000000,132088.53000000
1762063200000,3.00000000,3.00800000,2.99100000,3.00200000,137503.56000000
1762066800000,3.00200000,3.01600000,2.99400000,3.00900000,123331.66000000
1762070400000,3.00900000,3.01200000,2.98800000,2.99400000,117304.05000000
1762074000000,2.99500000,3.01300000,2.98500000,2.98900000,129175.09000000
1762077600000,2.98900000,2.99700000,2.96100000,2.96900000,190655.60000000
1762081200000,2.96900000,3.00200000,2.96800000,3.00000000,128788.04000000
1762084800000,3.00100000,3.00200000,2.97900000,2.98400000,194373.74000000
1762088400000,2.98300000,2.98400000,2.95500000,2.96600000,221307.41000000
1762092000000,2.96600000,2.97200000,2.90300000,2.91700000,409040.09000000
1762095600000,2.91700000,2.93400000,2.90100000,2.90800000,312815.00000000
1762099200000,2.90700000,2.91900000,2.86600000,2.91900000,474265.79000000
1762102800000,2.92000000,2.92500000,2.90800000,2.92400000,460321.27000000
1762106400000,2.92400000,2.92500000,2.90400000,2.90600000,127822.65000000
1762110000000,2.90700000,2.91100000,2.88700000,2.90400000,93695.38000000
1762113600000,2.90300000,2.91900000,2.89600000,2.91300000,143635.61000000
1762117200000,2.91300000,2.92900000,2.90900000,2.91900000,74284.44000000
1762120800000,2.91900000,2.93000000,2.90800000,2.92200000,76913.79000000
1762124400000,2.92300000,2.99200000,2.92300000,2.98500000,276112.90000000
1762128000000,2.98500000,2.99300000,2.93200000,2.93300000,304369.43000000
1762131600000,2.93200000,2.94000000,2.90100000,2.90900000,202889.22000000
1762135200000,2.90900000,2.91000000,2.86000000,2.87900000,392422.41000000
1762138800000,2.87800000,2.88300000,2.78000000,2.78900000,847587.46000000
1762142400000,2.78900000,2.80400000,2.76000000,2.80400000,523275.28000000
1762146000000,2.80400000,2.82500000,2.77700000,2.77900000,370026.04000000
1762149600000,2.77800000,2.78800000,2.72500000,2.75900000,543274.40000000
1762153200000,2.75800000,2.78200000,2.74000000,2.76800000,334074.44000000
1762156800000,2.76800000,2.78200000,2.74900000,2.77400000,303702.33000000
1762160400000,2.77400000,2.80400000,2.75300000,2.75500000,812004.87000000
1762164000000,2.75600000,2.77500000,2.72200000,2.73200000,340236.89000000
1762167600000,2.73300000,2.77600000,2.73300000,2.76200000,273303.41000000
1762171200000,2.76100000,2.78300000,2.75500000,2.75700000,273156.31000000
1762174800000,2.75700000,2.77900000,2.74400000,2.76400000,333472.98000000
1762178400000,2.76500000,2.79400000,2.75100000,2.77600000,241276.02000000
1762182000000,2.77600000,2.78100000,2.50000000,2.58400000,3921840.39000000
1762185600000,2.58400000,2.64200000,2.56300000,2.62100000,1152307.35000000
1762189200000,2.62100000,2.66900000,2.61600000,2.65700000,512815.61000000
1762192800000,2.65600000,2.65600000,2.60300000,2.60500000,354280.96000000
1762196400000,2.60500000,2.61700000,2.57600000,2.57900000,401749.85000000
1762200000000,2.58000000,2.58400000,2.52200000,2.53600000,730717.54000000
1762203600000,2.53600000,2.57700000,2.52100000,2.57200000,554707.69000000
1762207200000,2.57200000,2.58300000,2.53300000,2.56500000,356219.59000000
1762210800000,2.56400000,2.58700000,2.54100000,2.58500000,297538.51000000
1762214400000,2.58500000,2.62900000,2.56600000,2.61300000,380122.21000000
1762218000000,2.61400000,2.63100000,2.60200000,2.62000000,395168.08000000
1762221600000,2.61900000,2.63000000,2.61200000,2.62000000,221646.43000000
1762225200000,2.62100000,2.65400000,2.61600000,2.65100000,188072.12000000
1762228800000,2.65100000,2.66200000,2.63600000,2.63700000,242335.41000000
1762232400000,2.63700000,2.63900000,2.50600000,2.51200000,1231949.26000000
1762236000000,2.51100000,2.59900000,2.51000000,2.55800000,849535.58000000
1762239600000,2.55700000,2.56600000,2.51800000,2.53300000,495168.73000000
1762243200000,2.53300000,2.58700000,2.51900000,2.56800000,533103.74000000
1762246800000,2.56800000,2.60200000,2.55900000,2.59900000,460962.17000000
1762250400000,2.59900000,2.61000000,2.59000000,2.60800000,303771.51000000
1762254000000,2.60900000,2.63800000,2.60400000,2.61100000,307100.00000000
1762257600000,2.61000000,2.61100000,2.57300000,2.58200000,258216.74000000
1762261200000,2.58100000,2.59200000,2.56000000,2.57900000,423998.03000000
1762264800000,2.57800000,2.64700000,2.55800000,2.63200000,594482.41000000
1762268400000,2.63200000,2.65300000,2.59200000,2.60100000,491816.99000000
1762272000000,2.60000000,2.62000000,2.54400000,2.55100000,538421.36000000
1762275600000,2.55100000,2.56000000,2.46700000,2.53000000,1278736.00000000
1762279200000,2.52900000,2.53100000,2.41800000,2.49900000,1534129.17000000
1762282800000,2.49900000,2.52000000,2.45300000,2.45700000,502545.00000000
1762286400000,2.45800000,2.48200000,2.34300000,2.44800000,2204952.22000000
1762290000000,2.44900000,2.46100000,2.34300000,2.44500000,1838839.24000000
1762293600000,2.44500000,2.52000000,2.43100000,2.50700000,839640.27000000
1762297200000,2.50800000,2.52700000,2.50100000,2.50800000,515118.78000000
1762300800000,2.50800000,2.51900000,2.46400000,2.48000000,313012.67000000
1762304400000,2.48000000,2.48200000,2.38400000,2.47200000,598811.97000000
1762308000000,2.47200000,2.56000000,2.47200000,2.55600000,524495.45000000
1762311600000,2.55600000,2.57600000,2.54300000,2.56900000,274227.18000000
1762315200000,2.56800000,2.58000000,2.55000000,2.56400000,161919.50000000
1762318800000,2.56500000,2.58300000,2.56000000,2.56600000,219983.96000000
1762322400000,2.56600000,2.57700000,2.54700000,2.57600000,189365.34000000
1762326000000,2.57700000,2.59300000,2.55000000,2.58900000,614060.44000000
1762329600000,2.58900000,2.59200000,2.53600000,2.55400000,412766.56000000
1762333200000,2.55400000,2.57900000,2.54900000,2.56900000,216806.73000000
1762336800000,2.56900000,2.57300000,2.53600000,2.53900000,300583.54000000
1762340400000,2.53800000,2.61000000,2.53700000,2.60800000,505810.64000000
1762344000000,2.60700000,2.62000000,2.59300000,2.60400000,304258.49000000
1762347600000,2.60300000,2.62900000,2.58800000,2.61500000,224218.95000000
1762351200000,2.61500000,2.62100000,2.57600000,2.60400000,526024.02000000
1762354800000,2.60400000,2.63600000,2.59600000,2.63300000,540153.65000000
1762358400000,2.63400000,2.64000000,2.60000000,2.63600000,360817.89000000
1762362000000,2.63700000,2.64500000,2.62200000,2.63800000,258803.56000000
1762365600000,2.63700000,2.65500000,2.63200000,2.63900000,241186.60000000
1762369200000,2.64000000,2.64700000,2.62500000,2.64300000,561222.05000000
1762372800000,2.64300000,2.66900000,2.64000000,2.65500000,601404.47000000
1762376400000,2.65500000,2.65600000,2.63600000,2.65400000,253557.03000000
1762380000000,2.65500000,2.68500000,2.64200000,2.66900000,442791.51000000
1762383600000,2.67000000,2.67700000,2.66200000,2.67200000,224095.80000000
1762387200000,2.67100000,2.68100000,2.64800000,2.65800000,516400.53000000
1762390800000,2.65700000,2.65700000,2.61600000,2.64400000,298200.82000000
1762394400000,2.64300000,2.68300000,2.61800000,2.66700000,479283.63000000
1762398000000,2.66800000,2.67500000,2.65800000,2.65900000,197248.55000000
1762401600000,2.65900000,2.66700000,2.64800000,2.66200000,153870.02000000
1762405200000,2.66300000,2.66300000,2.60900000,2.61400000,239616.39000000
1762408800000,2.61500000,2.62800000,2.60900000,2.60900000,188182.42000000
1762412400000,2.60800000,2.62500000,2.59500000,2.60400000,230320.89000000
1762416000000,2.60300000,2.61900000,2.59600000,2.60700000,186860.50000000
1762419600000,2.60700000,2.61800000,2.59500000,2.60100000,138604.78000000
1762423200000,2.60200000,2.61300000,2.58500000,2.60800000,404775.92000000
1762426800000,2.60700000,2.62000000,2.59300000,2.61500000,120125.40000000
1762430400000,2.61500000,2.62000000,2.57200000,2.57900000,349275.39000000
1762434000000,2.57900000,2.63700000,2.57600000,2.62700000,361304.95000000
1762437600000,2.62700000,2.65100000,2.58500000,2.62800000,724812.38000000
1762441200000,2.62900000,2.64300000,2.55900000,2.57600000,1040223.07000000
1762444800000,2.57600000,2.59400000,2.52700000,2.56900000,669559.68000000
1762448400000,2.56900000,2.61100000,2.55900000,2.60700000,320023.77000000
1762452000000,2.60600000,2.64900000,2.57700000,2.63000000,409287.57000000
1762455600000,2.62900000,2.66200000,2.62400000,2.65800000,598101.28000000
1762459200000,2.65900000,2.67100000,2.62400000,2.64900000,560173.11000000
1762462800000,2.64800000,2.65700000,2.62600000,2.64300000,410100.04000000
1762466400000,2.64300000,2.67300000,2.63600000,2.67100000,304715.94000000
1762470000000,2.67000000,2.67100000,2.63300000,2.66900000,381119.56000000
1762473600000,2.66900000,2.80300000,2.66400000,2.79100000,2599373.01000000
1762477200000,2.79200000,2.86400000,2.73800000,2.77400000,2003872.06000000
1762480800000,2.77300000,2.78700000,2.72300000,2.78500000,898414.75000000
1762484400000,2.78500000,2.82100000,2.77800000,2.79700000,748619.55000000
1762488000000,2.79700000,2.81600000,2.74300000,2.76200000,717256.58000000
1762491600000,2.76200000,2.83200000,2.76100000,2.83000000,589096.02000000
1762495200000,2.82900000,2.86100000,2.80100000,2.80700000,642387.81000000
1762498800000,2.80600000,2.85700000,2.78700000,2.85300000,520878.03000000
1762502400000,2.85400000,2.85700000,2.82700000,2.83600000,602880.41000000
1762506000000,2.83600000,2.84400000,2.77700000,2.83000000,740903.57000000
1762509600000,2.83100000,2.85800000,2.80600000,2.82000000,772436.47000000
1762513200000,2.81900000,2.81900000,2.74500000,2.78600000,978872.80000000
1762516800000,2.78500000,2.79200000,2.70600000,2.73600000,688562.17000000
1762520400000,2.73600000,2.78600000,2.72200000,2.77000000,493212.45000000
1762524000000,2.76900000,2.83300000,2.72600000,2.82300000,1100508.71000000
1762527600000,2.82300000,2.91000000,2.78700000,2.89200000,1491289.84000000
1762531200000,2.89200000,3.15700000,2.88100000,3.10900000,4235137.92000000
1762534800000,3.10900000,3.21000000,3.08100000,3.20400000,3132646.27000000
1762538400000,3.20300000,3.34000000,3.18300000,3.25000000,3286048.95000000
1762542000000,3.25100000,3.29100000,3.22100000,3.26400000,1079954.20000000
1762545600000,3.26300000,3.29000000,3.19300000,3.20500000,995399.65000000
1762549200000,3.20500000,3.27800000,3.19800000,3.26400000,684816.61000000
1762552800000,3.26400000,3.28000000,3.22700000,3.26800000,590132.96000000
1762556400000,3.26800000,3.29700000,3.21200000,3.25400000,1130598.25000000
1762560000000,3.25400000,3.31300000,3.19300000,3.19700000,1314904.13000000
1762563600000,3.19800000,3.41000000,3.19100000,3.38300000,2349962.07000000
1762567200000,3.38400000,3.53300000,3.38000000,3.44200000,3834115.41000000
1762570800000,3.44200000,3.47000000,3.36900000,3.37100000,1249261.94000000
1762574400000,3.37200000,3.44000000,3.37000000,3.42200000,606193.14000000
1762578000000,3.42100000,3.46000000,3.30800000,3.33100000,2231152.62000000
1762581600000,3.33100000,3.35100000,3.26100000,3.28700000,1365199.05000000
1762585200000,3.28700000,3.29500000,3.22200000,3.25600000,712895.03000000
1762588800000,3.25600000,3.31800000,3.23200000,3.29700000,696128.00000000
1762592400000,3.29700000,3.29700000,3.21600000,3.22600000,667911.58000000
1762596000000,3.22600000,3.24500000,3.20900000,3.24100000,488379.63000000
1762599600000,3.24000000,3.28700000,3.23500000,3.27700000,759003.07000000
1762603200000,3.27700000,3.28600000,3.24200000,3.28200000,520719.02000000
1762606800000,3.28200000,3.29100000,3.23000000,3.23300000,545749.91000000
1762610400000,3.23300000,3.26000000,3.15500000,3.18900000,1634150.82000000
1762614000000,3.18900000,3.20000000,3.11700000,3.12600000,766006.32000000
1762617600000,3.12600000,3.17100000,3.08600000,3.15300000,916840.48000000
1762621200000,3.15400000,3.22900000,3.14800000,3.20700000,550568.48000000
1762624800000,3.20800000,3.23100000,3.19300000,3.20900000,483841.52000000
1762628400000,3.20900000,3.21100000,3.14100000,3.16200000,348871.03000000
1762632000000,3.16300000,3.22800000,3.14800000,3.20000000,598156.11000000
1762635600000,3.19900000,3.20700000,3.17900000,3.20200000,148321.28000000
1762639200000,3.20200000,3.23100000,3.19900000,3.22000000,347541.80000000
1762642800000,3.22000000,3.25600000,3.21600000,3.25200000,195550.50000000
1762646400000,3.25200000,3.30000000,3.22400000,3.25500000,812058.51000000
1762650000000,3.25500000,3.31000000,3.25100000,3.27300000,620100.69000000
1762653600000,3.27300000,3.28100000,3.18300000,3.19700000,808423.66000000
1762657200000,3.19600000,3.21200000,3.12500000,3.13200000,1393659.70000000
1762660800000,3.13200000,3.16900000,3.11300000,3.11600000,552587.47000000
1762664400000,3.11600000,3.11600000,3.08500000,3.10500000,445081.55000000
1762668000000,3.10500000,3.14200000,3.08900000,3.13800000,257390.72000000
1762671600000,3.13800000,3.16400000,3.12900000,3.14600000,264031.54000000
1762675200000,3.14600000,3.14600000,3.10700000,3.11500000,240513.13000000
1762678800000,3.11600000,3.13500000,3.06400000,3.07000000,452868.29000000
1762682400000,3.07000000,3.08500000,3.03700000,3.08400000,670242.92000000
1762686000000,3.08400000,3.17300000,3.08300000,3.14600000,623184.33000000
1762689600000,3.14600000,3.16700000,3.12800000,3.14100000,436857.55000000
1762693200000,3.14100000,3.22000000,3.12900000,3.19600000,754060.06000000
1762696800000,3.19500000,3.24600000,3.17100000,3.20600000,792411.33000000
1762700400000,3.20600000,3.26500000,3.20100000,3.23900000,622298.82000000
1762704000000,3.23900000,3.25300000,3.19400000,3.21800000,717270.86000000
1762707600000,3.21800000,3.21900000,3.16300000,3.17600000,489816.37000000
1762711200000,3.17700000,3.24500000,3.15900000,3.23700000,440165.77000000
1762714800000,3.23600000,3.23900000,3.20400000,3.22600000,337788.87000000
1762718400000,3.22600000,3.22600000,3.18300000,3.19200000,268374.59000000
1762722000000,3.19200000,3.20700000,3.18400000,3.19100000,193134.59000000
1762725600000,3.19200000,3.23100000,3.17900000,3.21900000,267443.45000000
1762729200000,3.22000000,3.25000000,3.20100000,3.23200000,487861.63000000
1762732800000,3.23200000,3.27300000,3.20200000,3.24000000,723625.16000000
1762736400000,3.23900000,3.26700000,3.21000000,3.21500000,493942.02000000
1762740000000,3.21500000,3.23700000,3.20100000,3.22700000,205690.28000000
1762743600000,3.22800000,3.27200000,3.22800000,3.25800000,383334.31000000
1762747200000,3.25700000,3.26500000,3.21900000,3.23500000,281144.50000000
1762750800000,3.23600000,3.25100000,3.21500000,3.24400000,274767.76000000
1762754400000,3.24500000,3.28100000,3.23600000,3.25900000,973850.57000000
1762758000000,3.25900000,3.26800000,3.24000000,3.25900000,283784.51000000
1762761600000,3.26000000,3.26300000,3.20900000,3.22900000,333286.57000000
1762765200000,3.23000000,3.27500000,3.19300000,3.26800000,1225320.37000000
1762768800000,3.26800000,3.27800000,3.21600000,3.22700000,236579.34000000
1762772400000,3.22700000,3.26500000,3.22500000,3.25500000,384118.69000000
1762776000000,3.25500000,3.27400000,3.22800000,3.23800000,398881.83000000
1762779600000,3.23700000,3.31600000,3.23700000,3.28400000,487324.59000000
1762783200000,3.28400000,3.29200000,3.16400000,3.19000000,1285780.47000000
1762786800000,3.18900000,3.24200000,3.15900000,3.17100000,1393940.60000000
1762790400000,3.17000000,3.18600000,3.12500000,3.14500000,2169889.15000000
1762794000000,3.14600000,3.20900000,3.14400000,3.19700000,443339.24000000
1762797600000,3.19600000,3.22300000,3.18600000,3.19100000,195417.60000000
1762801200000,3.19100000,3.25400000,3.18400000,3.22400000,271757.40000000
1762804800000,3.22400000,3.26300000,3.22400000,3.24300000,319895.20000000
1762808400000,3.24300000,3.24400000,3.20300000,3.23700000,491172.62000000
1762812000000,3.23800000,3.30600000,3.19400000,3.29500000,430442.96000000
1762815600000,3.29500000,3.30000000,3.25300000,3.26600000,283541.65000000
1762819200000,3.26700000,3.27900000,3.21700000,3.24900000,360897.70000000
1762822800000,3.24800000,3.38700000,3.24800000,3.26100000,1487810.56000000
1762826400000,3.26100000,3.34000000,3.24700000,3.30900000,655562.92000000
1762830000000,3.30800000,3.33000000,3.29600000,3.31500000,310571.79000000
1762833600000,3.31400000,3.32500000,3.25000000,3.25400000,423739.20000000
1762837200000,3.25400000,3.25400000,3.19800000,3.20900000,340654.95000000
1762840800000,3.20800000,3.22400000,3.19100000,3.20600000,254633.83000000
1762844400000,3.20500000,3.20600000,3.14600000,3.14800000,724320.19000000
1762848000000,3.14800000,3.17600000,3.13800000,3.16300000,364262.43000000
1762851600000,3.16300000,3.18900000,3.15000000,3.15100000,278289.14000000
1762855200000,3.15000000,3.17100000,3.14800000,3.16100000,175174.97000000
1762858800000,3.16200000,3.20000000,3.15500000,3.16700000,1557987.00000000
1762862400000,3.16700000,3.19000000,3.15500000,3.17500000,324234.86000000
1762866000000,3.17600000,3.21000000,3.16500000,3.16800000,337816.00000000
1762869600000,3.16900000,3.22000000,3.15300000,3.21500000,337324.22000000
1762873200000,3.21500000,3.21500000,3.17700000,3.18800000,401489.10000000
1762876800000,3.18800000,3.21800000,3.17500000,3.19800000,408193.19000000
1762880400000,3.19800000,3.22400000,3.16900000,3.19600000,299226.82000000
1762884000000,3.19600000,3.20600000,3.15500000,3.16500000,183371.35000000
1762887600000,3.16400000,3.16400000,3.12100000,3.12700000,317462.05000000
1762891200000,3.12700000,3.13500000,3.07900000,3.09100000,579250.81000000
1762894800000,3.09100000,3.11500000,3.06400000,3.07500000,294827.98000000
1762898400000,3.07500000,3.12100000,3.05500000,3.11300000,191976.90000000
1762902000000,3.11300000,3.11300000,3.04100000,3.05400000,693923.69000000
1762905600000,3.05500000,3.08000000,3.03700000,3.04000000,230128.35000000
1762909200000,3.03900000,3.08800000,3.03700000,3.07000000,248799.71000000
1762912800000,3.06900000,3.08300000,3.03900000,3.06700000,235906.51000000
1762916400000,3.06800000,3.09300000,3.06300000,3.08700000,150169.89000000
1762920000000,3.08800000,3.09400000,3.06400000,3.08700000,302595.58000000
1762923600000,3.08700000,3.10000000,3.07700000,3.08600000,109872.49000000
1762927200000,3.08500000,3.10400000,3.07900000,3.08100000,112258.53000000
1762930800000,3.08000000,3.08800000,3.05500000,3.05900000,129166.97000000
1762934400000,3.05900000,3.12800000,3.05900000,3.11200000,334950.51000000
1762938000000,3.11300000,3.14600000,3.10900000,3.13200000,232042.72000000
1762941600000,3.13200000,3.14000000,3.10600000,3.11000000,705405.29000000
1762945200000,3.11000000,3.11800000,3.08400000,3.09100000,731643.37000000
1762948800000,3.09200000,3.11100000,3.07200000,3.08400000,696552.98000000
1762952400000,3.08500000,3.11900000,3.07100000,3.11800000,432697.29000000
1762956000000,3.11700000,3.12300000,3.01100000,3.05400000,731901.59000000
1762959600000,3.05300000,3.07500000,2.94600000,2.96400000,1151984.16000000
1762963200000,2.96300000,2.97200000,2.89500000,2.90700000,926401.51000000
1762966800000,2.90700000,2.95300000,2.88800000,2.94000000,540673.15000000
1762970400000,2.94100000,2.94600000,2.91200000,2.91200000,274194.30000000
1762974000000,2.91200000,2.91700000,2.87600000,2.90100000,418937.53000000
1762977600000,2.90200000,2.94000000,2.89400000,2.92600000,185598.65000000
1762981200000,2.92700000,2.93900000,2.92200000,2.93100000,155936.49000000
1762984800000,2.93100000,2.94000000,2.91400000,2.93800000,105450.01000000
1762988400000,2.93700000,2.93700000,2.91500000,2.92700000,210323.10000000
1762992000000,2.92800000,2.94800000,2.91700000,2.93000000,134687.33000000
1762995600000,2.92900000,2.97700000,2.92800000,2.96200000,306035.13000000
1762999200000,2.96200000,2.97200000,2.94600000,2.95200000,106521.41000000
1763002800000,2.95200000,3.01000000,2.91200000,2.98800000,254557.32000000
1763006400000,2.98900000,3.01000000,2.96900000,2.99800000,246962.74000000
1763010000000,2.99700000,3.03400000,2.97800000,3.02500000,210727.71000000
1763013600000,3.02500000,3.04500000,3.01600000,3.02400000,154523.43000000
1763017200000,3.02300000,3.02500000,2.97200000,2.97800000,374048.62000000
1763020800000,2.97900000,3.00400000,2.97100000,2.98900000,301589.25000000
1763024400000,2.99000000,2.99400000,2.95400000,2.96900000,234235.93000000
1763028000000,2.97000000,3.00100000,2.97000000,2.97800000,187712.78000000
1763031600000,2.97900000,3.01000000,2.97800000,2.99900000,185703.59000000
1763035200000,3.00000000,3.00800000,2.98900000,3.00600000,193696.12000000
1763038800000,3.00600000,3.01200000,2.97400000,2.99100000,243920.03000000
1763042400000,2.99200000,3.04500000,2.95800000,3.02500000,570722.11000000
1763046000000,3.02500000,3.03800000,2.93400000,2.97200000,536471.94000000
1763049600000,2.97100000,2.98300000,2.91000000,2.91600000,399672.47000000
1763053200000,2.91600000,2.93400000,2.85700000,2.86000000,518272.96000000
1763056800000,2.86100000,2.86400000,2.79200000,2.82600000,1776633.35000000
1763060400000,2.82600000,2.85100000,2.77600000,2.79300000,608696.53000000
1763064000000,2.79300000,2.81500000,2.76500000,2.79100000,484851.50000000
1763067600000,2.79100000,2.80400000,2.76300000,2.78600000,230817.12000000
1763071200000,2.78500000,2.85700000,2.78000000,2.85100000,320218.19000000
1763074800000,2.85100000,2.87800000,2.83800000,2.85300000,232981.59000000
1763078400000,2.85300000,2.88300000,2.82900000,2.84200000,312206.62000000
1763082000000,2.84300000,2.86300000,2.83100000,2.83600000,189301.47000000
1763085600000,2.83700000,2.86900000,2.83600000,2.85500000,200753.02000000
1763089200000,2.85500000,2.87200000,2.83800000,2.85500000,420851.13000000
1763092800000,2.85600000,2.85600000,2.74900000,2.82400000,794215.69000000
1763096400000,2.82400000,2.88600000,2.82300000,2.88300000,460962.66000000
1763100000000,2.88300000,2.91800000,2.83900000,2.91600000,529998.07000000
1763103600000,2.91500000,2.92100000,2.88100000,2.89100000,385439.46000000
1763107200000,2.89100000,2.89700000,2.85400000,2.86500000,322599.93000000
1763110800000,2.86600000,2.87300000,2.81800000,2.82800000,460845.19000000
1763114400000,2.82800000,2.86600000,2.82800000,2.86400000,226453.26000000
1763118000000,2.86300000,2.86300000,2.82200000,2.83500000,374463.38000000
1763121600000,2.83500000,2.84000000,2.76400000,2.83100000,838125.28000000
1763125200000,2.83200000,2.84900000,2.80200000,2.83200000,401204.49000000
1763128800000,2.83100000,2.88800000,2.79800000,2.86600000,738647.11000000
1763132400000,2.86500000,2.89700000,2.84300000,2.85800000,351725.62000000
1763136000000,2.85900000,2.89300000,2.84700000,2.88100000,363727.63000000
1763139600000,2.88100000,2.89300000,2.84100000,2.85500000,234704.60000000
1763143200000,2.85400000,2.88700000,2.84500000,2.85100000,334450.84000000
1763146800000,2.85000000,2.89600000,2.84500000,2.88400000,264533.32000000
1763150400000,2.88500000,2.88800000,2.79400000,2.81200000,285856.69000000
1763154000000,2.81300000,2.86200000,2.79900000,2.85900000,1062285.18000000
1763157600000,2.86000000,2.89000000,2.84000000,2.85300000,528508.06000000
1763161200000,2.85300000,2.85300000,2.77400000,2.81500000,608115.89000000
1763164800000,2.81500000,2.85400000,2.81300000,2.84700000,150439.50000000
1763168400000,2.84700000,2.88200000,2.83200000,2.87300000,171093.79000000
1763172000000,2.87400000,2.89100000,2.86200000,2.89000000,134806.61000000
1763175600000,2.89100000,2.90700000,2.88100000,2.88400000,235773.19000000
1763179200000,2.88500000,2.90000000,2.87300000,2.87600000,121212.10000000
1763182800000,2.87600000,2.90500000,2.87200000,2.90200000,158970.26000000
1763186400000,2.90200000,2.94900000,2.89700000,2.92800000,553498.95000000
1763190000000,2.92700000,2.92800000,2.90800000,2.91500000,91760.24000000
1763193600000,2.91600000,2.91700000,2.85900000,2.86600000,272915.88000000
1763197200000,2.86500000,2.89400000,2.85800000,2.86700000,180241.26000000
1763200800000,2.86700000,2.89000000,2.85600000,2.89000000,110123.57000000
1763204400000,2.89000000,2.89700000,2.84900000,2.85700000,396914.59000000
1763208000000,2.85700000,2.89900000,2.84900000,2.89500000,135980.03000000
1763211600000,2.89500000,2.93000000,2.89100000,2.91000000,257459.39000000
1763215200000,2.91000000,2.91000000,2.87200000,2.87700000,220845.00000000
1763218800000,2.87700000,2.88300000,2.86600000,2.86900000,151457.74000000
1763222400000,2.86800000,2.87200000,2.84100000,2.87200000,461041.14000000
1763226000000,2.87200000,2.89100000,2.86100000,2.88300000,154064.09000000
1763229600000,2.88400000,2.89200000,2.86700000,2.87200000,98429.73000000
1763233200000,2.87200000,2.87500000,2.85900000,2.86400000,76754.64000000
1763236800000,2.86400000,2.86900000,2.84100000,2.84200000,178030.00000000
1763240400000,2.84100000,2.86200000,2.82000000,2.82500000,246727.74000000
1763244000000,2.82500000,2.85300000,2.82200000,2.85100000,151669.98000000
1763247600000,2.85000000,2.85100000,2.83000000,2.83200000,128863.23000000
1763251200000,2.83200000,2.83800000,2.80300000,2.82400000,227987.56000000
1763254800000,2.82300000,2.83000000,2.78400000,2.81700000,245689.62000000
1763258400000,2.81600000,2.86400000,2.80900000,2.86000000,165410.67000000
1763262000000,2.86000000,2.87800000,2.85300000,2.87100000,84361.00000000
1763265600000,2.87100000,2.87500000,2.85100000,2.86200000,84458.86000000
1763269200000,2.86100000,2.88300000,2.86100000,2.86400000,73685.99000000
1763272800000,2.86400000,2.87800000,2.85700000,2.85900000,136849.58000000
1763276400000,2.85900000,2.87700000,2.85400000,2.87700000,131664.57000000
1763280000000,2.87800000,2.88100000,2.85500000,2.86700000,99509.14000000
1763283600000,2.86800000,2.89500000,2.85900000,2.89500000,147573.48000000
1763287200000,2.89500000,2.89900000,2.88400000,2.89100000,150669.22000000
1763290800000,2.89100000,2.89600000,2.82000000,2.82600000,279119.69000000
1763294400000,2.82600000,2.84400000,2.81000000,2.83400000,238676.38000000
1763298000000,2.83400000,2.84300000,2.79400000,2.80800000,330575.22000000
1763301600000,2.80800000,2.83400000,2.80200000,2.82800000,166622.04000000
1763305200000,2.82800000,2.83200000,2.76900000,2.77500000,324688.71000000
1763308800000,2.77500000,2.79300000,2.71800000,2.73100000,504087.81000000
1763312400000,2.73000000,2.74200000,2.69500000,2.73200000,728950.87000000
1763316000000,2.73200000,2.79600000,2.72300000,2.73300000,521914.30000000
1763319600000,2.73200000,2.77600000,2.73200000,2.74000000,245451.24000000
1763323200000,2.74000000,2.77200000,2.73600000,2.74900000,99849.42000000
1763326800000,2.74800000,2.75200000,2.71500000,2.74700000,199003.69000000
1763330400000,2.74800000,2.78600000,2.72100000,2.77300000,253060.72000000
1763334000000,2.77400000,2.80400000,2.72100000,2.78400000,332881.94000000
1763337600000,2.78500000,2.83900000,2.77300000,2.82900000,383020.28000000
1763341200000,2.83000000,2.83000000,2.79200000,2.79800000,192579.04000000
1763344800000,2.79900000,2.82000000,2.79100000,2.81700000,160119.04000000
1763348400000,2.81800000,2.84300000,2.81700000,2.82400000,413696.80000000
1763352000000,2.82400000,2.83500000,2.81200000,2.81500000,148563.66000000
1763355600000,2.81500000,2.82100000,2.80800000,2.81400000,128030.55000000
1763359200000,2.81400000,2.83500000,2.80600000,2.83500000,121068.92000000
1763362800000,2.83600000,2.84300000,2.82700000,2.83400000,150170.64000000
1763366400000,2.83400000,2.84000000,2.82400000,2.82600000,108258.96000000
1763370000000,2.82600000,2.84000000,2.81300000,2.81400000,788713.70000000
1763373600000,2.81500000,2.82600000,2.81000000,2.81300000,184575.29000000
1763377200000,2.81200000,2.84400000,2.80900000,2.83100000,203610.48000000
1763380800000,2.83100000,2.83300000,2.81800000,2.82500000,183458.67000000
1763384400000,2.82500000,2.82900000,2.73900000,2.75900000,427125.33000000
1763388000000,2.75900000,2.86700000,2.74600000,2.81100000,942510.95000000
1763391600000,2.81100000,2.82500000,2.76300000,2.77400000,463767.69000000
1763395200000,2.77400000,2.79500000,2.71700000,2.79500000,478783.04000000
1763398800000,2.79400000,2.79800000,2.71200000,2.71900000,271530.28000000
1763402400000,2.72000000,2.74400000,2.67200000,2.69500000,713859.99000000
1763406000000,2.69400000,2.70600000,2.64100000,2.65200000,607964.73000000
1763409600000,2.65200000,2.67300000,2.62700000,2.66000000,482890.86000000
1763413200000,2.66000000,2.68000000,2.63000000,2.65600000,298212.08000000
1763416800000,2.65700000,2.68300000,2.64500000,2.66800000,221279.10000000
1763420400000,2.66900000,2.67000000,2.64800000,2.66600000,185444.59000000
1763424000000,2.66600000,2.68200000,2.61700000,2.67800000,606080.86000000
1763427600000,2.67800000,2.69700000,2.67200000,2.68600000,188979.50000000
1763431200000,2.68700000,2.73600000,2.65600000,2.69100000,682255.40000000
1763434800000,2.69100000,2.74800000,2.65900000,2.73700000,627626.26000000
1763438400000,2.73800000,2.75500000,2.70300000,2.75000000,458138.87000000
1763442000000,2.75000000,2.76400000,2.72700000,2.73500000,183879.07000000
1763445600000,2.73500000,2.74000000,2.70800000,2.71300000,153382.26000000
1763449200000,2.71300000,2.73400000,2.70000000,2.72500000,340344.44000000
1763452800000,2.72500000,2.75600000,2.72300000,2.74500000,308766.65000000
1763456400000,2.74400000,2.75200000,2.71600000,2.72500000,1039244.14000000
1763460000000,2.72500000,2.73200000,2.70800000,2.72900000,206537.52000000
1763463600000,2.72800000,2.72900000,2.70500000,2.71200000,230561.67000000
1763467200000,2.71300000,2.72300000,2.69300000,2.71500000,231230.73000000
1763470800000,2.71400000,2.71500000,2.68600000,2.70700000,149579.94000000
1763474400000,2.70700000,2.74800000,2.69700000,2.70200000,365129.09000000
1763478000000,2.70100000,2.77000000,2.68900000,2.75000000,443984.42000000
1763481600000,2.74900000,2.80200000,2.74000000,2.78700000,345262.90000000
1763485200000,2.78800000,2.79400000,2.76100000,2.77100000,212321.26000000
1763488800000,2.77100000,2.80200000,2.76900000,2.78300000,203202.55000000
1763492400000,2.78200000,2.80000000,2.77200000,2.78100000,231942.44000000
1763496000000,2.78200000,2.78700000,2.76400000,2.76400000,89569.87000000
1763499600000,2.76400000,2.77000000,2.73300000,2.73500000,141125.58000000
1763503200000,2.73500000,2.77800000,2.73500000,2.77000000,140399.54000000
1763506800000,2.76900000,2.77200000,2.74900000,2.75500000,76267.32000000
1763510400000,2.75500000,2.75600000,2.71800000,2.74900000,178900.37000000
1763514000000,2.75000000,2.76400000,2.73400000,2.74800000,209960.02000000
1763517600000,2.74900000,2.76700000,2.74300000,2.75100000,83315.64000000
1763521200000,2.75000000,2.75500000,2.71000000,2.71700000,177263.91000000
1763524800000,2.71600000,2.72300000,2.70200000,2.70300000,145677.51000000
1763528400000,2.70200000,2.70500000,2.64200000,2.66100000,468875.39000000
1763532000000,2.66100000,2.68900000,2.65400000,2.68700000,192735.32000000
1763535600000,2.68700000,2.71200000,2.68100000,2.70800000,206355.48000000
1763539200000,2.70800000,2.72400000,2.70100000,2.70300000,149189.30000000
1763542800000,2.70300000,2.71600000,2.69100000,2.71300000,221671.92000000
1763546400000,2.71300000,2.73100000,2.70800000,2.71500000,182193.14000000
1763550000000,2.71500000,2.72200000,2.70300000,2.70500000,122547.55000000
1763553600000,2.70400000,2.73000000,2.69900000,2.73000000,297464.77000000
1763557200000,2.73000000,2.73300000,2.69700000,2.69800000,175044.30000000
1763560800000,2.69800000,2.70600000,2.67100000,2.70100000,415255.20000000
1763564400000,2.70200000,2.73800000,2.64100000,2.64600000,489382.03000000
1763568000000,2.64500000,2.66600000,2.60500000,2.61600000,384548.02000000
1763571600000,2.61600000,2.62800000,2.57000000,2.61200000,447588.70000000
1763575200000,2.61100000,2.62100000,2.56900000,2.59000000,422258.77000000
1763578800000,2.59100000,2.60800000,2.58000000,2.59400000,285783.24000000
1763582400000,2.59400000,2.63600000,2.58500000,2.63200000,252850.77000000
1763586000000,2.63300000,2.68700000,2.62500000,2.68100000,491504.26000000
1763589600000,2.68000000,2.68100000,2.65400000,2.66400000,161604.89000000
1763593200000,2.66300000,2.70100000,2.66300000,2.69200000,224499.53000000
1763596800000,2.69300000,2.69400000,2.67100000,2.67400000,337179.17000000
1763600400000,2.67500000,2.69700000,2.67100000,2.69300000,194788.95000000
1763604000000,2.69200000,2.70900000,2.69000000,2.70700000,278711.60000000
1763607600000,2.70600000,2.71400000,2.70000000,2.70500000,77198.05000000
1763611200000,2.70500000,2.73600000,2.69800000,2.73500000,228256.56000000
1763614800000,2.73500000,2.74300000,2.72000000,2.72300000,224388.82000000
1763618400000,2.72300000,2.72700000,2.71000000,2.72200000,172769.31000000
1763622000000,2.72200000,2.74500000,2.71600000,2.74100000,218283.24000000
1763625600000,2.74100000,2.75200000,2.73600000,2.75100000,165193.90000000
1763629200000,2.75100000,2.77000000,2.74700000,2.75900000,325433.17000000
1763632800000,2.75900000,2.76300000,2.73800000,2.75700000,176091.96000000
1763636400000,2.75700000,2.76600000,2.74600000,2.75700000,130292.21000000
1763640000000,2.75700000,2.80000000,2.75200000,2.79900000,262156.81000000
1763643600000,2.80000000,2.82000000,2.78000000,2.78500000,403647.47000000
1763647200000,2.78400000,2.80900000,2.74800000,2.79000000,383175.80000000
1763650800000,2.79000000,2.79100000,2.72200000,2.72600000,334848.95000000
1763654400000,2.72500000,2.72700000,2.58300000,2.59700000,1359527.92000000
1763658000000,2.59700000,2.61000000,2.54400000,2.55600000,951521.47000000
1763661600000,2.55600000,2.57900000,2.52300000,2.52800000,688102.96000000
1763665200000,2.52800000,2.55900000,2.50300000,2.55400000,818197.67000000
1763668800000,2.55400000,2.56000000,2.52300000,2.54000000,341164.45000000
1763672400000,2.54000000,2.59300000,2.53900000,2.57600000,278761.84000000
1763676000000,2.57600000,2.62000000,2.57200000,2.59500000,294091.94000000
1763679600000,2.59500000,2.59900000,2.53600000,2.54300000,383093.65000000
1763683200000,2.54300000,2.57600000,2.53800000,2.57100000,190375.56000000
1763686800000,2.57100000,2.59300000,2.55900000,2.57500000,133119.63000000
1763690400000,2.57500000,2.57600000,2.51300000,2.51900000,353683.47000000
1763694000000,2.51900000,2.56300000,2.51900000,2.53800000,221413.66000000
1763697600000,2.53800000,2.54300000,2.50100000,2.53900000,233063.44000000
1763701200000,2.53800000,2.54700000,2.51600000,2.52200000,167898.81000000
1763704800000,2.52300000,2.52800000,2.50300000,2.51200000,186954.05000000
1763708400000,2.51200000,2.52100000,2.25200000,2.40300000,2429168.15000000
1763712000000,2.40200000,2.44600000,2.39100000,2.42300000,621123.59000000
1763715600000,2.42300000,2.44100000,2.35800000,2.36400000,952027.07000000
1763719200000,2.36400000,2.40200000,2.35200000,2.37600000,602453.43000000
1763722800000,2.37600000,2.39600000,2.33800000,2.34500000,458237.36000000
1763726400000,2.34600000,2.40400000,2.29500000,2.38200000,1165074.35000000
1763730000000,2.38100000,2.41700000,2.37200000,2.40300000,559738.23000000
1763733600000,2.40200000,2.43300000,2.37500000,2.41400000,720867.80000000
1763737200000,2.41500000,2.42100000,2.34800000,2.35700000,568793.06000000
1763740800000,2.35800000,2.41400000,2.32700000,2.41300000,637105.17000000
1763744400000,2.41200000,2.43500000,2.40100000,2.40400000,338157.58000000
1763748000000,2.40500000,2.42700000,2.35500000,2.40800000,336073.43000000
1763751600000,2.40800000,2.41400000,2.37000000,2.37700000,168432.57000000
1763755200000,2.37600000,2.37700000,2.32200000,2.34200000,477958.25000000
1763758800000,2.34200000,2.38500000,2.32700000,2.37300000,319739.64000000
1763762400000,2.37400000,2.37900000,2.29500000,2.29600000,372090.99000000
1763766000000,2.29600000,2.35600000,2.27300000,2.34800000,406975.24000000
1763769600000,2.34800000,2.35600000,2.31800000,2.33600000,259954.68000000
1763773200000,2.33700000,2.35700000,2.33600000,2.35500000,116930.26000000
1763776800000,2.35600000,2.35700000,2.31500000,2.32800000,163972.71000000
1763780400000,2.32800000,2.34200000,2.31600000,2.32300000,170498.52000000
1763784000000,2.32500000,2.32500000,2.27000000,2.30200000,386561.95000000
1763787600000,2.30300000,2.30700000,2.26400000,2.28700000,295988.96000000
1763791200000,2.28700000,2.31700000,2.26600000,2.31600000,285843.92000000
1763794800000,2.31600000,2.32300000,2.29600000,2.31300000,267485.52000000
1763798400000,2.31200000,2.31500000,2.27400000,2.27800000,273969.59000000
1763802000000,2.27800000,2.31900000,2.27700000,2.30600000,251279.60000000
1763805600000,2.30600000,2.31700000,2.28700000,2.29700000,116672.36000000
1763809200000,2.29700000,2.32100000,2.29100000,2.31600000,146654.63000000
1763812800000,2.31500000,2.31500000,2.28000000,2.28800000,177637.53000000
1763816400000,2.28800000,2.29200000,2.25700000,2.27100000,370240.49000000
1763820000000,2.27100000,2.31400000,2.27000000,2.30700000,290120.29000000
1763823600000,2.30600000,2.31000000,2.27600000,2.28800000,304106.86000000
1763827200000,2.28800000,2.31600000,2.28000000,2.30800000,293884.75000000
1763830800000,2.30800000,2.30900000,2.28700000,2.29200000,190253.28000000
1763834400000,2.29200000,2.30300000,2.28300000,2.29900000,175881.66000000
1763838000000,2.29900000,2.30700000,2.28500000,2.29200000,125348.13000000
1763841600000,2.29200000,2.30900000,2.28100000,2.29000000,249627.06000000
1763845200000,2.29000000,2.30900000,2.28800000,2.30700000,150012.14000000
1763848800000,2.30700000,2.34400000,2.29600000,2.33300000,277998.61000000
1763852400000,2.33300000,2.33600000,2.30600000,2.31100000,139278.28000000
1763856000000,2.31100000,2.32700000,2.30400000,2.31000000,159900.66000000
1763859600000,2.31000000,2.35000000,2.31000000,2.34100000,298082.57000000
1763863200000,2.34100000,2.35800000,2.33500000,2.34500000,227004.67000000
1763866800000,2.34600000,2.34900000,2.33100000,2.34400000,109913.25000000
1763870400000,2.34400000,2.37000000,2.34200000,2.35500000,366303.05000000
1763874000000,2.35500000,2.35900000,2.34500000,2.35400000,205749.41000000
1763877600000,2.35400000,2.36200000,2.34200000,2.35000000,183781.29000000
1763881200000,2.35000000,2.35100000,2.32300000,2.34100000,199937.53000000
1763884800000,2.34100000,2.35100000,2.34100000,2.34900000,114864.84000000
1763888400000,2.35000000,2.35900000,2.34700000,2.34800000,104328.28000000
1763892000000,2.34800000,2.34900000,2.33400000,2.34300000,101808.20000000
1763895600000,2.34200000,2.34200000,2.31800000,2.33700000,173665.13000000
1763899200000,2.33700000,2.35900000,2.33600000,2.34300000,191425.00000000
1763902800000,2.34400000,2.34900000,2.33100000,2.34300000,160107.08000000
1763906400000,2.34400000,2.35600000,2.31300000,2.31500000,240920.17000000
1763910000000,2.31500000,2.33300000,2.30800000,2.32700000,247930.34000000
1763913600000,2.32700000,2.33200000,2.29700000,2.29800000,189420.40000000
1763917200000,2.29900000,2.30300000,2.27500000,2.28400000,382869.37000000
1763920800000,2.28400000,2.30800000,2.28300000,2.29400000,183798.64000000
1763924400000,2.29400000,2.32200000,2.29100000,2.30800000,135796.91000000
1763928000000,2.30900000,2.31200000,2.29800000,2.30200000,187145.35000000
1763931600000,2.30300000,2.32700000,2.29100000,2.32200000,130070.47000000
1763935200000,2.32200000,2.32400000,2.30100000,2.31100000,91914.62000000
1763938800000,2.31200000,2.31700000,2.24800000,2.25800000,541730.49000000
1763942400000,2.25800000,2.29700000,2.24400000,2.28200000,365329.08000000
1763946000000,2.28300000,2.29100000,2.26500000,2.28900000,548440.74000000
1763949600000,2.28900000,2.33900000,2.28400000,2.31500000,377275.35000000
1763953200000,2.31600000,2.33200000,2.30200000,2.31500000,163288.72000000
1763956800000,2.31500000,2.32600000,2.27500000,2.27700000,474182.07000000
1763960400000,2.27600000,2.33200000,2.27300000,2.30100000,301397.35000000
1763964000000,2.30200000,2.30500000,2.27300000,2.28800000,266792.98000000
1763967600000,2.28800000,2.30000000,2.27500000,2.28500000,123543.10000000
1763971200000,2.28500000,2.29900000,2.27700000,2.29300000,222171.68000000
1763974800000,2.29300000,2.29400000,2.24200000,2.24900000,310557.20000000
1763978400000,2.24800000,2.26200000,2.24600000,2.25800000,141580.49000000
1763982000000,2.25800000,2.28100000,2.25100000,2.27700000,177949.01000000
1763985600000,2.27800000,2.28100000,2.25300000,2.26000000,183024.35000000
1763989200000,2.26000000,2.29700000,2.25600000,2.27800000,294380.60000000
1763992800000,2.27700000,2.31100000,2.24900000,2.29200000,488059.44000000
1763996400000,2.29300000,2.31200000,2.27000000,2.30100000,380096.75000000
1764000000000,2.30000000,2.32000000,2.30000000,2.30500000,238268.02000000
1764003600000,2.30600000,2.36200000,2.30300000,2.35800000,664483.60000000
1764007200000,2.35900000,2.37100000,2.34500000,2.35500000,414547.86000000
1764010800000,2.35500000,2.36900000,2.35200000,2.35900000,258330.87000000
1764014400000,2.35900000,2.39700000,2.35900000,2.38600000,421997.16000000
1764018000000,2.38500000,2.39100000,2.36000000,2.36300000,440401.20000000
1764021600000,2.36300000,2.37800000,2.35300000,2.36200000,161397.27000000
1764025200000,2.36200000,2.36400000,2.33700000,2.34000000,139896.56000000
1764028800000,2.34000000,2.34600000,2.33000000,2.34100000,175343.47000000
1764032400000,2.34200000,2.34900000,2.32500000,2.32500000,118067.02000000
1764036000000,2.32500000,2.32900000,2.30500000,2.32500000,241191.39000000
1764039600000,2.32500000,2.33300000,2.31000000,2.31400000,180063.88000000
1764043200000,2.31300000,2.33000000,2.31000000,2.32700000,208285.21000000
1764046800000,2.32700000,2.32700000,2.30600000,2.31200000,161473.45000000
1764050400000,2.31100000,2.31100000,2.28300000,2.29100000,221354.99000000
1764054000000,2.29200000,2.29900000,2.26500000,2.26600000,312307.26000000
1764057600000,2.26700000,2.27900000,2.25500000,2.25700000,328661.65000000
1764061200000,2.25800000,2.27300000,2.24500000,2.27300000,294708.89000000
1764064800000,2.27200000,2.27500000,2.26100000,2.27300000,197078.74000000
1764068400000,2.27200000,2.27300000,2.25300000,2.25500000,189684.67000000
1764072000000,2.25600000,2.28000000,2.25300000,2.26500000,333589.61000000
1764075600000,2.26500000,2.27500000,2.21900000,2.23900000,601031.48000000
1764079200000,2.23900000,2.24100000,2.18400000,2.20500000,781426.51000000
1764082800000,2.20500000,2.23800000,2.17600000,2.22300000,541364.66000000
1764086400000,2.22300000,2.25900000,2.21900000,2.25400000,320322.39000000
1764090000000,2.25400000,2.28900000,2.24900000,2.26800000,531499.66000000
1764093600000,2.26800000,2.28800000,2.26400000,2.26600000,304243.45000000
1764097200000,2.26600000,2.27300000,2.23300000,2.26400000,299283.68000000
1764100800000,2.26300000,2.28900000,2.26000000,2.28100000,235247.42000000
1764104400000,2.28100000,2.29000000,2.27500000,2.27800000,145861.07000000
1764108000000,2.27700000,2.30300000,2.24800000,2.29500000,248107.45000000
1764111600000,2.29500000,2.31600000,2.28800000,2.29600000,232325.95000000
1764115200000,2.29600000,2.30400000,2.28800000,2.29000000,137417.80000000
1764118800000,2.29000000,2.30900000,2.28200000,2.29200000,136477.37000000
1764122400000,2.29300000,2.29800000,2.28600000,2.28700000,154044.65000000
1764126000000,2.28700000,2.29300000,2.26600000,2.26800000,118924.06000000
1764129600000,2.26900000,2.27500000,2.26300000,2.26700000,87705.01000000
1764133200000,2.26600000,2.29500000,2.26500000,2.29100000,98454.94000000
1764136800000,2.29000000,2.30300000,2.28200000,2.30000000,121475.02000000
1764140400000,2.29900000,2.31600000,2.29700000,2.31300000,492898.93000000
1764144000000,2.31200000,2.31800000,2.29100000,2.29100000,191400.77000000
1764147600000,2.29200000,2.29300000,2.25900000,2.26800000,448122.51000000
1764151200000,2.26900000,2.27500000,2.25600000,2.27100000,147204.91000000
1764154800000,2.27100000,2.27200000,2.25600000,2.26200000,103665.26000000
1764158400000,2.26100000,2.26500000,2.24000000,2.25400000,252066.25000000
1764162000000,2.25400000,2.27200000,2.25300000,2.26900000,140041.12000000
1764165600000,2.26900000,2.29300000,2.26000000,2.26400000,284223.53000000
1764169200000,2.26400000,2.27800000,2.24700000,2.26100000,336516.05000000
1764172800000,2.26100000,2.29800000,2.26100000,2.28300000,302120.26000000
1764176400000,2.28300000,2.35400000,2.27300000,2.35100000,706763.74000000
1764180000000,2.35100000,2.37000000,2.34000000,2.36900000,571761.19000000
1764183600000,2.36800000,2.36900000,2.35500000,2.36100000,265798.38000000
1764187200000,2.36200000,2.36300000,2.34300000,2.35400000,227673.85000000
1764190800000,2.35400000,2.37100000,2.34300000,2.36000000,113956.71000000
1764194400000,2.36000000,2.36600000,2.34900000,2.35200000,126238.86000000
1764198000000,2.35100000,2.35500000,2.33900000,2.34400000,82377.30000000
1764201600000,2.34400000,2.34900000,2.33000000,2.33900000,209564.08000000
1764205200000,2.33900000,2.35500000,2.33500000,2.34800000,114695.87000000
1764208800000,2.34700000,2.36000000,2.33800000,2.34000000,244344.36000000
1764212400000,2.34000000,2.34200000,2.31600000,2.31700000,164106.27000000
1764216000000,2.31600000,2.33300000,2.31600000,2.32900000,116442.06000000
1764219600000,2.32800000,2.33300000,2.31500000,2.32000000,222436.07000000
1764223200000,2.31900000,2.34200000,2.31800000,2.33800000,111792.19000000
1764226800000,2.33800000,2.33800000,2.32600000,2.32900000,92294.45000000
1764230400000,2.32900000,2.34300000,2.31700000,2.34100000,133608.93000000
1764234000000,2.34100000,2.35300000,2.33500000,2.33500000,97796.31000000
1764237600000,2.33500000,2.33800000,2.32400000,2.33700000,167530.02000000
1764241200000,2.33700000,2.34100000,2.32700000,2.32900000,62572.11000000
1764244800000,2.32900000,2.33200000,2.30800000,2.31200000,135968.00000000
1764248400000,2.31100000,2.32800000,2.31100000,2.32300000,117557.07000000
1764252000000,2.32300000,2.33500000,2.31800000,2.33400000,116079.78000000
1764255600000,2.33500000,2.35100000,2.32200000,2.34800000,323503.01000000
1764259200000,2.34800000,2.37500000,2.34500000,2.37200000,290297.91000000
1764262800000,2.37200000,2.37800000,2.36400000,2.37100000,211021.95000000
1764266400000,2.37200000,2.38500000,2.36400000,2.38000000,132938.08000000
1764270000000,2.37900000,2.38100000,2.36600000,2.38000000,118781.49000000
1764273600000,2.38000000,2.38300000,2.37100000,2.37700000,105744.69000000
1764277200000,2.37700000,2.39000000,2.37200000,2.37600000,247466.55000000
1764280800000,2.37600000,2.37800000,2.33500000,2.34200000,311295.84000000
1764284400000,2.34200000,2.34900000,2.33000000,2.33700000,196399.53000000
1764288000000,2.33600000,2.34600000,2.33200000,2.33900000,115148.93000000
1764291600000,2.33900000,2.33900000,2.30300000,2.30500000,408668.77000000
1764295200000,2.30600000,2.31600000,2.29300000,2.31300000,250749.58000000
1764298800000,2.31200000,2.32100000,2.31000000,2.31700000,148769.80000000
1764302400000,2.31800000,2.32500000,2.31100000,2.31100000,91379.52000000
1764306000000,2.31100000,2.32100000,2.30500000,2.31900000,96065.01000000
1764309600000,2.31900000,2.32000000,2.30100000,2.30800000,69122.64000000
1764313200000,2.30700000,2.32500000,2.30600000,2.31700000,157807.13000000
1764316800000,2.31900000,2.37500000,2.31800000,2.37100000,388468.69000000
1764320400000,2.37200000,2.37600000,2.34600000,2.34800000,199364.49000000
1764324000000,2.34800000,2.34900000,2.34100000,2.34500000,119447.64000000
1764327600000,2.34500000,2.34500000,2.30500000,2.32100000,188159.14000000
1764331200000,2.32000000,2.32600000,2.31500000,2.32000000,91410.15000000
1764334800000,2.32000000,2.35500000,2.31100000,2.34300000,182389.67000000
1764338400000,2.34200000,2.35500000,2.32300000,2.33400000,296907.97000000
1764342000000,2.33500000,2.36500000,2.32800000,2.35100000,237806.30000000
1764345600000,2.35200000,2.35200000,2.30000000,2.30300000,304284.04000000
1764349200000,2.30200000,2.30600000,2.27400000,2.28500000,433557.39000000
1764352800000,2.28500000,2.29800000,2.26000000,2.28900000,396945.46000000
1764356400000,2.28900000,2.30500000,2.28500000,2.30000000,193686.21000000
1764360000000,2.29900000,2.30200000,2.28600000,2.29600000,219310.74000000
1764363600000,2.29600000,2.30100000,2.28200000,2.28200000,123647.48000000
1764367200000,2.28200000,2.30100000,2.27700000,2.29800000,154111.43000000
1764370800000,2.29900000,2.30200000,2.28300000,2.28400000,49732.38000000
1764374400000,2.28400000,2.29000000,2.28000000,2.28900000,93964.62000000
1764378000000,2.28800000,2.29800000,2.28300000,2.28600000,80383.47000000
1764381600000,2.28500000,2.29100000,2.27400000,2.28000000,76699.42000000
1764385200000,2.28000000,2.28700000,2.27400000,2.27500000,62476.00000000
1764388800000,2.27500000,2.29100000,2.27100000,2.29000000,75477.07000000
1764392400000,2.28900000,2.29000000,2.27900000,2.28000000,55660.74000000
1764396000000,2.28000000,2.28700000,2.25900000,2.27000000,163373.63000000
1764399600000,2.26900000,2.27600000,2.26600000,2.26900000,55233.50000000
1764403200000,2.26800000,2.27200000,2.26300000,2.26700000,55169.30000000
1764406800000,2.26700000,2.27400000,2.26500000,2.26900000,37239.71000000
1764410400000,2.26900000,2.27500000,2.25400000,2.27500000,169686.00000000
1764414000000,2.27400000,2.28000000,2.27200000,2.27800000,91115.98000000
1764417600000,2.27700000,2.28000000,2.26100000,2.26100000,100978.75000000
1764421200000,2.26000000,2.27000000,2.26000000,2.26500000,64610.69000000
1764424800000,2.26400000,2.26500000,2.24800000,2.25600000,233158.81000000
1764428400000,2.25700000,2.27600000,2.25700000,2.27100000,107629.49000000
1764432000000,2.27100000,2.27200000,2.25800000,2.26500000,89973.61000000
1764435600000,2.26600000,2.26700000,2.23700000,2.23900000,185817.31000000
1764439200000,2.23900000,2.25000000,2.22700000,2.24600000,233201.35000000
1764442800000,2.24600000,2.24900000,2.23900000,2.24200000,68901.41000000
1764446400000,2.24300000,2.25800000,2.23700000,2.25600000,304256.61000000
1764450000000,2.25700000,2.26300000,2.24500000,2.26200000,190901.25000000
1764453600000,2.26100000,2.26200000,2.25100000,2.25400000,31973.75000000
1764457200000,2.25300000,2.26300000,2.24600000,2.25900000,72678.01000000
1764460800000,2.25800000,2.26700000,2.25500000,2.25700000,44635.89000000
1764464400000,2.25600000,2.26700000,2.25400000,2.25900000,47975.07000000
1764468000000,2.25900000,2.27100000,2.25900000,2.26200000,58822.40000000
1764471600000,2.26200000,2.27200000,2.24400000,2.27200000,80036.27000000
1764475200000,2.27200000,2.27400000,2.25900000,2.26000000,50942.60000000
1764478800000,2.25900000,2.26000000,2.24900000,2.25600000,55326.01000000
1764482400000,2.25600000,2.26900000,2.25000000,2.26200000,48810.11000000
1764486000000,2.26100000,2.26700000,2.26000000,2.26700000,44741.31000000
1764489600000,2.26600000,2.27600000,2.25700000,2.26700000,122415.54000000
1764493200000,2.26700000,2.27400000,2.26300000,2.27100000,60157.93000000
1764496800000,2.27200000,2.27300000,2.26300000,2.26500000,63846.95000000
1764500400000,2.26500000,2.27200000,2.25400000,2.25500000,75423.00000000
1764504000000,2.25600000,2.27500000,2.24800000,2.27100000,112334.16000000
1764507600000,2.27100000,2.29300000,2.26800000,2.28800000,273716.65000000
1764511200000,2.28700000,2.28900000,2.26500000,2.26800000,116941.27000000
1764514800000,2.26800000,2.26900000,2.25500000,2.26100000,116170.68000000
1764518400000,2.26100000,2.28800000,2.25900000,2.28600000,111078.93000000
1764522000000,2.28500000,2.28500000,2.27000000,2.27900000,113473.97000000
1764525600000,2.27800000,2.28100000,2.27000000,2.27900000,62973.95000000
1764529200000,2.27900000,2.28100000,2.26700000,2.26900000,53850.72000000
1764532800000,2.27000000,2.28000000,2.25900000,2.26600000,59038.51000000
1764536400000,2.26500000,2.26700000,2.25100000,2.26300000,115370.92000000
1764540000000,2.26300000,2.27500000,2.25500000,2.26800000,86623.47000000
1764543600000,2.26700000,2.26700000,2.20400000,2.21000000,297574.66000000
1764547200000,2.20900000,2.20900000,2.05000000,2.05500000,2600815.24000000
1764550800000,2.05400000,2.09700000,2.04600000,2.07600000,808299.45000000
1764554400000,2.07600000,2.08800000,2.06300000,2.06500000,436656.69000000
1764558000000,2.06500000,2.06500000,2.04500000,2.04900000,514006.66000000
1764561600000,2.04900000,2.05300000,2.00700000,2.00900000,992238.37000000
1764565200000,2.01000000,2.03800000,2.00900000,2.02700000,419858.32000000
1764568800000,2.02700000,2.03500000,2.01600000,2.01900000,277247.75000000
1764572400000,2.01900000,2.03900000,2.01300000,2.03800000,362326.27000000
1764576000000,2.03800000,2.05400000,2.03600000,2.04900000,295012.38000000
1764579600000,2.04800000,2.05600000,2.03900000,2.04700000,394036.31000000
1764583200000,2.04700000,2.05700000,2.04600000,2.05000000,186196.39000000
1764586800000,2.04900000,2.05200000,2.03200000,2.03700000,188859.39000000
1764590400000,2.03800000,2.04100000,2.00000000,2.03000000,615169.12000000
1764594000000,2.03000000,2.04200000,2.01800000,2.02600000,410153.86000000
1764597600000,2.02600000,2.05000000,2.02100000,2.02500000,364872.21000000
1764601200000,2.02600000,2.02800000,1.96100000,1.99700000,1279263.46000000
1764604800000,1.99700000,2.00300000,1.97800000,1.98600000,456489.11000000
1764608400000,1.98600000,2.00300000,1.98200000,1.98700000,202889.62000000
1764612000000,1.98800000,2.01000000,1.98700000,2.00400000,362704.50000000
1764615600000,2.00400000,2.00400000,1.98800000,1.99500000,363846.58000000
1764619200000,1.99500000,2.02700000,1.99500000,2.01900000,435410.91000000
1764622800000,2.01800000,2.04000000,2.01700000,2.03200000,419164.92000000
1764626400000,2.03200000,2.04600000,2.02900000,2.03300000,205023.99000000
1764630000000,2.03500000,2.05000000,2.03500000,2.04200000,224871.91000000
1764633600000,2.04200000,2.04900000,2.03600000,2.04200000,100386.71000000
1764637200000,2.04200000,2.06500000,2.03700000,2.03800000,192252.22000000
1764640800000,2.03700000,2.04800000,2.03300000,2.04100000,144340.18000000
1764644400000,2.04200000,2.05900000,2.03300000,2.05600000,117408.98000000
1764648000000,2.05600000,2.06100000,2.04900000,2.05000000,153144.82000000
1764651600000,2.05000000,2.05800000,2.04800000,2.05700000,123909.67000000
1764655200000,2.05700000,2.07500000,2.05400000,2.07300000,165204.82000000
1764658800000,2.07300000,2.07400000,2.06400000,2.06700000,103140.23000000
1764662400000,2.06800000,2.06900000,2.04400000,2.05100000,171341.83000000
1764666000000,2.05100000,2.06500000,2.05000000,2.06100000,101493.52000000
1764669600000,2.06000000,2.09100000,2.06000000,2.08200000,154937.36000000
1764673200000,2.08200000,2.12300000,2.07900000,2.09500000,604976.32000000
1764676800000,2.09600000,2.09800000,2.08000000,2.08500000,164970.42000000
1764680400000,2.08600000,2.11500000,2.07900000,2.11100000,311986.56000000
1764684000000,2.11100000,2.14500000,2.11000000,2.14500000,527038.04000000
1764687600000,2.14500000,2.25200000,2.14400000,2.24400000,1137898.83000000
1764691200000,2.24500000,2.28300000,2.24400000,2.27700000,1207053.12000000
1764694800000,2.27800000,2.28600000,2.24700000,2.24800000,514029.34000000
1764698400000,2.24800000,2.26200000,2.24000000,2.24300000,315218.60000000
1764702000000,2.24400000,2.25000000,2.23100000,2.23400000,233093.10000000
1764705600000,2.23400000,2.26400000,2.22300000,2.26200000,1175997.64000000
1764709200000,2.26300000,2.26400000,2.24600000,2.25500000,161856.54000000
1764712800000,2.25500000,2.26600000,2.25400000,2.26400000,237400.82000000
1764716400000,2.26300000,2.26500000,2.24400000,2.24900000,127787.40000000
1764720000000,2.25000000,2.26800000,2.24600000,2.26500000,190433.82000000
1764723600000,2.26400000,2.27700000,2.26000000,2.27400000,164160.45000000
1764727200000,2.27300000,2.30400000,2.27200000,2.28900000,325318.66000000
1764730800000,2.28800000,2.29800000,2.28500000,2.29100000,129028.12000000
1764734400000,2.29100000,2.31900000,2.28900000,2.31900000,232438.43000000
1764738000000,2.31800000,2.33100000,2.31100000,2.31500000,411680.76000000
1764741600000,2.31500000,2.32900000,2.29500000,2.30400000,299267.89000000
1764745200000,2.30400000,2.30400000,2.29000000,2.29200000,329049.41000000
1764748800000,2.29300000,2.30900000,2.29000000,2.30700000,349256.02000000
1764752400000,2.30700000,2.31100000,2.29400000,2.31000000,131995.49000000
1764756000000,2.31100000,2.31200000,2.29000000,2.29100000,150910.60000000
1764759600000,2.29200000,2.30100000,2.28600000,2.29600000,146966.02000000
1764763200000,2.29700000,2.30100000,2.27500000,2.27900000,370423.75000000
1764766800000,2.27900000,2.29500000,2.27800000,2.28600000,410031.58000000
1764770400000,2.28700000,2.31300000,2.24100000,2.28300000,882982.77000000
1764774000000,2.28300000,2.30700000,2.28000000,2.30100000,398190.40000000
1764777600000,2.30200000,2.30700000,2.28400000,2.29600000,214109.22000000
1764781200000,2.29500000,2.33700000,2.29500000,2.33100000,450519.34000000
1764784800000,2.32900000,2.33500000,2.30500000,2.31000000,157435.98000000
1764788400000,2.31000000,2.32700000,2.30900000,2.32700000,111865.74000000
1764792000000,2.32700000,2.34200000,2.31800000,2.32900000,183871.39000000
1764795600000,2.32900000,2.36100000,2.32700000,2.36000000,248809.39000000
1764799200000,2.36000000,2.38800000,2.34500000,2.38500000,856886.73000000
1764802800000,2.38600000,2.40000000,2.36200000,2.36600000,549771.12000000
1764806400000,2.36500000,2.37100000,2.34200000,2.34700000,303830.10000000
1764810000000,2.34800000,2.37600000,2.34300000,2.35000000,431753.81000000
1764813600000,2.35000000,2.36100000,2.34700000,2.36000000,175800.60000000
1764817200000,2.35900000,2.36500000,2.34000000,2.34100000,137921.96000000
1764820800000,2.34100000,2.34600000,2.33300000,2.34200000,272370.61000000
1764824400000,2.34200000,2.34400000,2.32900000,2.34100000,193194.23000000
1764828000000,2.34100000,2.35300000,2.33700000,2.35000000,136790.62000000
1764831600000,2.34900000,2.35000000,2.32700000,2.33900000,204701.75000000
1764835200000,2.33900000,2.34700000,2.33300000,2.33700000,104192.24000000
1764838800000,2.33800000,2.35300000,2.33700000,2.33800000,143097.55000000
1764842400000,2.33800000,2.34000000,2.32500000,2.32600000,197697.67000000
1764846000000,2.32700000,2.32900000,2.31900000,2.32600000,309840.96000000
1764849600000,2.32700000,2.33300000,2.31600000,2.32200000,266171.76000000
1764853200000,2.32200000,2.33200000,2.31700000,2.31700000,443200.41000000
1764856800000,2.31800000,2.33800000,2.30400000,2.31000000,588573.07000000
1764860400000,2.31000000,2.33800000,2.30900000,2.32900000,811885.94000000
1764864000000,2.32900000,2.34400000,2.31200000,2.31400000,357016.45000000
1764867600000,2.31400000,2.31600000,2.29000000,2.30900000,223702.86000000
1764871200000,2.31000000,2.31500000,2.28600000,2.29100000,263505.99000000
1764874800000,2.29200000,2.29600000,2.24500000,2.29100000,536770.42000000
1764878400000,2.29100000,2.30300000,2.27700000,2.29800000,85303.86000000
1764882000000,2.29700000,2.30100000,2.27600000,2.27900000,92667.00000000
1764885600000,2.27900000,2.29100000,2.27700000,2.28600000,116703.02000000
1764889200000,2.28600000,2.28700000,2.27200000,2.27200000,73827.96000000
1764892800000,2.27200000,2.29000000,2.27200000,2.27800000,78312.82000000
1764896400000,2.27700000,2.29100000,2.27600000,2.28500000,85700.36000000
1764900000000,2.28400000,2.30800000,2.27900000,2.29900000,136637.28000000
1764903600000,2.30000000,2.30100000,2.28300000,2.28700000,109862.65000000
1764907200000,2.28700000,2.29300000,2.25400000,2.26600000,368306.01000000
1764910800000,2.26500000,2.27000000,2.25800000,2.26500000,76434.27000000
1764914400000,2.26500000,2.27700000,2.26500000,2.27400000,127822.19000000
1764918000000,2.27400000,2.28700000,2.27100000,2.28200000,120046.07000000
1764921600000,2.28200000,2.28400000,2.26400000,2.26900000,128430.93000000
1764925200000,2.26900000,2.27000000,2.23500000,2.24100000,243363.80000000
1764928800000,2.24000000,2.25700000,2.23800000,2.24700000,114033.56000000
1764932400000,2.24700000,2.25200000,2.22400000,2.23600000,188457.76000000
1764936000000,2.23400000,2.24200000,2.23000000,2.23600000,157278.95000000
1764939600000,2.23600000,2.24400000,2.20900000,2.21700000,320943.02000000
1764943200000,2.21600000,2.22400000,2.18400000,2.19100000,435712.16000000
1764946800000,2.19100000,2.24200000,2.19100000,2.20900000,681385.74000000
1764950400000,2.20800000,2.20900000,2.11300000,2.13600000,1190762.04000000
1764954000000,2.13500000,2.14500000,2.11000000,2.12900000,660415.27000000
1764957600000,2.12800000,2.14100000,2.09400000,2.09400000,409744.17000000
1764961200000,2.09500000,2.13200000,2.08400000,2.12300000,277453.79000000
1764964800000,2.12400000,2.12400000,2.10400000,2.11000000,105625.02000000
1764968400000,2.11100000,2.12500000,2.10900000,2.11900000,142160.82000000
1764972000000,2.11900000,2.12600000,2.10900000,2.11800000,111947.81000000
1764975600000,2.11800000,2.13200000,2.10500000,2.12500000,122967.24000000
1764979200000,2.12500000,2.12600000,2.10800000,2.12500000,109299.79000000
1764982800000,2.12400000,2.12800000,2.11000000,2.11200000,87969.90000000
1764986400000,2.11200000,2.12000000,2.10500000,2.11900000,89451.08000000
1764990000000,2.12000000,2.12800000,2.11500000,2.12200000,96752.07000000
1764993600000,2.12200000,2.12200000,2.10600000,2.10900000,90609.74000000
1764997200000,2.10900000,2.11200000,2.10500000,2.10800000,73444.04000000
1765000800000,2.10800000,2.11500000,2.10300000,2.10500000,118113.09000000
1765004400000,2.10400000,2.11200000,2.10000000,2.10500000,132856.68000000
1765008000000,2.10600000,2.10700000,2.08700000,2.08900000,154791.17000000
1765011600000,2.08800000,2.10500000,2.08700000,2.10200000,132264.84000000
1765015200000,2.10100000,2.10500000,2.09400000,2.09800000,141428.55000000
1765018800000,2.09700000,2.11100000,2.09500000,2.10700000,148850.00000000
1765022400000,2.10700000,2.11000000,2.10100000,2.10400000,104604.53000000
1765026000000,2.10300000,2.11700000,2.10100000,2.11200000,104283.41000000
1765029600000,2.11200000,2.14200000,2.10800000,2.13400000,453983.34000000
1765033200000,2.13400000,2.13500000,2.11500000,2.11900000,242831.49000000
1765036800000,2.11900000,2.14600000,2.11900000,2.13600000,186322.60000000
1765040400000,2.13600000,2.15300000,2.13400000,2.15200000,216532.05000000
1765044000000,2.15200000,2.16400000,2.14600000,2.15300000,167127.73000000
1765047600000,2.15300000,2.15500000,2.12400000,2.13100000,243619.09000000
1765051200000,2.13100000,2.14000000,2.12800000,2.13900000,131036.42000000
1765054800000,2.13800000,2.15100000,2.13600000,2.14000000,194005.64000000
1765058400000,2.14000000,2.14700000,2.13000000,2.13100000,128800.84000000
1765062000000,2.13200000,2.13700000,2.11800000,2.12800000,137382.69000000
1765065600000,2.12800000,2.14400000,2.12500000,2.13500000,214198.21000000
1765069200000,2.13400000,2.13600000,2.12800000,2.12900000,114830.53000000
1765072800000,2.13000000,2.14300000,2.12900000,2.14100000,80316.87000000
1765076400000,2.14000000,2.14200000,2.13500000,2.14200000,53075.74000000
1765080000000,2.14100000,2.14500000,2.12800000,2.13000000,81987.70000000
1765083600000,2.13100000,2.14800000,2.12900000,2.14200000,127119.29000000
1765087200000,2.14200000,2.15600000,2.14200000,2.15400000,79870.99000000
1765090800000,2.15400000,2.15400000,2.12600000,2.12900000,94602.36000000
1765094400000,2.12900000,2.13200000,2.11700000,2.12000000,115382.91000000
1765098000000,2.12100000,2.12400000,2.10000000,2.10000000,260910.28000000
1765101600000,2.10000000,2.10800000,2.08600000,2.08900000,300928.29000000
1765105200000,2.08900000,2.10000000,2.08800000,2.09300000,108981.98000000
1765108800000,2.09300000,2.11200000,2.09000000,2.10600000,170723.67000000
1765112400000,2.10600000,2.11000000,2.08200000,2.09200000,277663.06000000
1765116000000,2.09100000,2.09400000,2.04000000,2.05500000,680649.82000000
1765119600000,2.05400000,2.12000000,2.05200000,2.11800000,494181.77000000
1765123200000,2.11800000,2.11800000,2.09500000,2.11500000,295151.42000000
1765126800000,2.11500000,2.16000000,2.10100000,2.14500000,1078985.12000000
1765130400000,2.14500000,2.15300000,2.13900000,2.14400000,344084.12000000
1765134000000,2.14400000,2.14900000,2.13500000,2.14100000,219688.03000000
1765137600000,2.14100000,2.15000000,2.13900000,2.14800000,102473.19000000
1765141200000,2.14700000,2.14700000,2.09400000,2.10500000,237052.56000000
1765144800000,2.10400000,2.10400000,2.05400000,2.08100000,536742.52000000
1765148400000,2.08100000,2.09600000,2.06900000,2.09400000,115811.85000000
1765152000000,2.09400000,2.10400000,2.08400000,2.09000000,88369.36000000
1765155600000,2.09000000,2.14000000,2.08800000,2.11200000,190386.52000000
1765159200000,2.11200000,2.12900000,2.11000000,2.12400000,157279.70000000
1765162800000,2.12500000,2.13000000,2.11600000,2.12000000,130353.14000000
1765166400000,2.12000000,2.13900000,2.12000000,2.12700000,724411.62000000
1765170000000,2.12600000,2.13000000,2.11600000,2.12600000,511822.26000000
1765173600000,2.12600000,2.14700000,2.12300000,2.14000000,309702.13000000
1765177200000,2.14100000,2.14800000,2.13400000,2.13700000,208384.26000000
1765180800000,2.13700000,2.15500000,2.13200000,2.15400000,245649.15000000
1765184400000,2.15300000,2.17900000,2.15300000,2.15600000,461053.88000000
1765188000000,2.15600000,2.15800000,2.14900000,2.15300000,187202.57000000
1765191600000,2.15200000,2.15300000,2.12600000,2.13100000,248110.66000000
1765195200000,2.13100000,2.13200000,2.11700000,2.12900000,214975.22000000
1765198800000,2.12900000,2.14300000,2.12900000,2.13500000,188372.06000000
1765202400000,2.13500000,2.16900000,2.13400000,2.14300000,640107.02000000
1765206000000,2.14400000,2.15300000,2.11900000,2.13200000,515939.46000000
1765209600000,2.13200000,2.15500000,2.11900000,2.13700000,242584.21000000
1765213200000,2.13700000,2.14900000,2.12100000,2.14500000,221481.80000000
1765216800000,2.14400000,2.15100000,2.11200000,2.12200000,244624.24000000
1765220400000,2.12200000,2.13300000,2.11000000,2.12400000,551441.43000000
1765224000000,2.12400000,2.14600000,2.12400000,2.14200000,1221852.51000000
1765227600000,2.14200000,2.15500000,2.13800000,2.15300000,237678.33000000
1765231200000,2.15400000,2.15500000,2.13000000,2.13700000,161891.78000000
1765234800000,2.13800000,2.14200000,2.12200000,2.12900000,79085.42000000
1765238400000,2.13000000,2.13900000,2.12300000,2.12600000,85331.76000000
1765242000000,2.12700000,2.13200000,2.10500000,2.10700000,185397.90000000
1765245600000,2.10700000,2.11900000,2.10500000,2.10700000,147032.50000000
1765249200000,2.10700000,2.13000000,2.09500000,2.12700000,396814.78000000
1765252800000,2.12800000,2.13200000,2.10300000,2.10600000,208051.92000000
1765256400000,2.10500000,2.11100000,2.09300000,2.09900000,155750.03000000
1765260000000,2.09900000,2.10600000,2.08900000,2.10300000,254210.02000000
1765263600000,2.10400000,2.12000000,2.10100000,2.11700000,122647.18000000
1765267200000,2.11600000,2.12000000,2.10700000,2.11000000,96300.14000000
1765270800000,2.10900000,2.11200000,2.09500000,2.10000000,111320.72000000
1765274400000,2.10000000,2.10800000,2.09000000,2.10200000,121816.95000000
1765278000000,2.10200000,2.11000000,2.10000000,2.10900000,100443.44000000
1765281600000,2.10900000,2.12900000,2.10700000,2.12400000,141756.87000000
1765285200000,2.12500000,2.13600000,2.11600000,2.12200000,231809.91000000
1765288800000,2.12300000,2.13200000,2.10500000,2.11800000,341318.17000000
1765292400000,2.11900000,2.22000000,2.11600000,2.21800000,1307173.25000000
1765296000000,2.21900000,2.39300000,2.21900000,2.33700000,3070940.05000000
1765299600000,2.33700000,2.37800000,2.31400000,2.32800000,1432716.20000000
1765303200000,2.32900000,2.35500000,2.32000000,2.32900000,561439.72000000
1765306800000,2.32900000,2.33500000,2.30500000,2.31300000,436506.22000000
1765310400000,2.31200000,2.32200000,2.27700000,2.29100000,562489.84000000
1765314000000,2.29000000,2.29800000,2.25900000,2.27600000,305865.89000000
1765317600000,2.27600000,2.30300000,2.27600000,2.29100000,207188.84000000
1765321200000,2.29100000,2.30000000,2.28100000,2.29300000,99889.69000000
1765324800000,2.29200000,2.29700000,2.25800000,2.25900000,245201.10000000
1765328400000,2.25900000,2.26500000,2.24400000,2.25400000,179332.44000000
1765332000000,2.25300000,2.25600000,2.24000000,2.24900000,155629.90000000
1765335600000,2.24800000,2.25200000,2.23500000,2.24500000,81480.91000000
1765339200000,2.24600000,2.25000000,2.23100000,2.23300000,113697.62000000
1765342800000,2.23300000,2.24500000,2.22700000,2.23200000,93641.43000000
1765346400000,2.23100000,2.23200000,2.22200000,2.22900000,103540.55000000
1765350000000,2.22800000,2.22800000,2.20400000,2.22200000,167746.91000000
1765353600000,2.22200000,2.22600000,2.21200000,2.21800000,104959.12000000
1765357200000,2.21700000,2.24500000,2.20400000,2.22600000,386459.19000000
1765360800000,2.22600000,2.24900000,2.19000000,2.19900000,454670.37000000
1765364400000,2.19800000,2.20300000,2.19000000,2.20100000,171186.55000000
1765368000000,2.20100000,2.20800000,2.19000000,2.20100000,207663.94000000
1765371600000,2.20100000,2.21500000,2.20000000,2.20700000,179099.50000000
1765375200000,2.20700000,2.20900000,2.19000000,2.20000000,287358.62000000
1765378800000,2.19800000,2.21500000,2.19600000,2.20200000,338917.36000000
1765382400000,2.20300000,2.23100000,2.19800000,2.22200000,128251.14000000
1765386000000,2.22200000,2.24300000,2.22100000,2.23100000,197705.48000000
1765389600000,2.23100000,2.27000000,2.22500000,2.24100000,235174.77000000
1765393200000,2.24100000,2.28000000,2.21700000,2.26600000,1126677.95000000
1765396800000,2.26800000,2.31600000,2.23500000,2.24200000,1005757.54000000
1765400400000,2.24200000,2.25900000,2.21400000,2.21700000,357385.93000000
1765404000000,2.21600000,2.22800000,2.18300000,2.21800000,412334.27000000
1765407600000,2.21800000,2.22100000,2.18800000,2.19000000,128526.55000000
1765411200000,2.19000000,2.19300000,2.13500000,2.13900000,468758.40000000
1765414800000,2.13900000,2.13900000,2.09800000,2.09800000,535608.12000000
1765418400000,2.09800000,2.09800000,2.06500000,2.08400000,639171.48000000
1765422000000,2.08300000,2.08300000,2.05500000,2.06100000,469714.99000000
1765425600000,2.06100000,2.08100000,2.05100000,2.07600000,757848.82000000
1765429200000,2.07600000,2.08100000,2.06700000,2.07700000,271045.52000000
1765432800000,2.07700000,2.08700000,2.06800000,2.07900000,256889.73000000
1765436400000,2.07800000,2.07800000,2.06500000,2.06800000,225513.79000000
1765440000000,2.06800000,2.06800000,2.04800000,2.06000000,431599.87000000
1765443600000,2.06000000,2.06500000,2.04500000,2.04800000,363962.11000000
1765447200000,2.04800000,2.05000000,2.03600000,2.04600000,373429.29000000
1765450800000,2.04600000,2.04900000,2.03900000,2.04300000,300126.47000000
1765454400000,2.04300000,2.04600000,2.03600000,2.04200000,299099.32000000
1765458000000,2.04100000,2.05400000,2.04000000,2.05000000,398347.36000000
1765461600000,2.05100000,2.05700000,2.02000000,2.03400000,805019.35000000
1765465200000,2.03300000,2.05000000,2.01600000,2.02700000,671228.85000000
1765468800000,2.02700000,2.04100000,2.01000000,2.02000000,462456.83000000
1765472400000,2.02000000,2.03200000,2.01200000,2.01400000,401549.11000000
1765476000000,2.01400000,2.05000000,2.00800000,2.02600000,881178.24000000
1765479600000,2.02700000,2.06000000,2.02300000,2.03200000,684725.30000000
1765483200000,2.03100000,2.05800000,2.02600000,2.05600000,542503.35000000
1765486800000,2.05600000,2.09300000,2.05200000,2.07600000,787751.40000000
1765490400000,2.07700000,2.08400000,2.05200000,2.06900000,437561.96000000
1765494000000,2.06900000,2.07400000,2.05600000,2.06600000,167874.38000000
1765497600000,2.06600000,2.07000000,2.02800000,2.03100000,287497.41000000
1765501200000,2.03100000,2.06300000,2.03000000,2.05100000,277319.83000000
1765504800000,2.05100000,2.07900000,2.04700000,2.07500000,253462.29000000
1765508400000,2.07600000,2.08200000,2.05900000,2.06600000,180853.81000000
1765512000000,2.06500000,2.06700000,2.05400000,2.05600000,130868.66000000
1765515600000,2.05500000,2.07700000,2.05100000,2.07700000,166844.45000000
1765519200000,2.07600000,2.09600000,2.06400000,2.06700000,301735.70000000
1765522800000,2.06700000,2.06800000,2.05700000,2.05800000,175998.00000000
1765526400000,2.05800000,2.06000000,2.03800000,2.04400000,285110.49000000
1765530000000,2.04400000,2.04700000,2.02600000,2.04500000,455170.84000000
1765533600000,2.04400000,2.06000000,2.04000000,2.04500000,310127.98000000
1765537200000,2.04500000,2.05200000,2.03700000,2.04700000,180548.43000000
1765540800000,2.04700000,2.06000000,2.04200000,2.06000000,167097.95000000
1765544400000,2.05900000,2.06600000,2.05400000,2.06400000,250795.83000000
1765548000000,2.06400000,2.06900000,2.04900000,2.06300000,292251.75000000
1765551600000,2.06100000,2.06100000,1.95300000,1.96900000,1969054.85000000
1765555200000,1.96900000,1.97700000,1.94500000,1.95800000,1037956.86000000
1765558800000,1.95800000,1.98700000,1.95600000,1.97100000,436311.45000000
1765562400000,1.97200000,2.00900000,1.96800000,1.99100000,462924.13000000
1765566000000,1.99100000,1.99100000,1.97800000,1.98600000,179433.84000000
1765569600000,1.98600000,1.99500000,1.97800000,1.99100000,328065.21000000
1765573200000,1.99100000,2.01000000,1.99100000,2.00100000,194111.10000000
1765576800000,2.00100000,2.01700000,2.00000000,2.01200000,179062.03000000
1765580400000,2.01300000,2.01700000,2.00900000,2.01200000,88480.77000000
1765584000000,2.01200000,2.02400000,2.00800000,2.01900000,166088.83000000
1765587600000,2.01900000,2.02200000,2.01400000,2.02000000,56687.47000000
1765591200000,2.01900000,2.02800000,2.01900000,2.02300000,62760.95000000
1765594800000,2.02300000,2.04000000,2.02100000,2.03100000,136615.60000000
1765598400000,2.03100000,2.04000000,2.02700000,2.03400000,219081.70000000
1765602000000,2.03400000,2.03900000,2.02900000,2.03400000,115406.77000000
1765605600000,2.03300000,2.03300000,2.02400000,2.02800000,64030.87000000
1765609200000,2.02700000,2.04100000,2.02700000,2.03900000,183840.10000000
1765612800000,2.03900000,2.05100000,2.03600000,2.04000000,148881.27000000
1765616400000,2.04000000,2.04400000,2.03500000,2.03800000,60020.24000000
1765620000000,2.03800000,2.05600000,2.03700000,2.05100000,149536.20000000
1765623600000,2.05100000,2.05300000,2.03700000,2.03800000,108830.16000000
1765627200000,2.03800000,2.04900000,2.03700000,2.04300000,118947.12000000
1765630800000,2.04400000,2.04800000,2.03900000,2.03900000,76448.92000000
1765634400000,2.04000000,2.04300000,2.02800000,2.03300000,214092.04000000
1765638000000,2.03400000,2.04600000,2.03300000,2.04600000,150631.74000000
1765641600000,2.04500000,2.05800000,2.04300000,2.04700000,270431.05000000
1765645200000,2.04600000,2.04800000,2.03300000,2.03400000,107663.42000000
1765648800000,2.03300000,2.03500000,2.02800000,2.03100000,109127.42000000
1765652400000,2.03100000,2.04100000,2.03100000,2.04000000,46536.49000000
1765656000000,2.04000000,2.04400000,2.03600000,2.04000000,59613.91000000
1765659600000,2.04100000,2.04100000,2.02300000,2.03900000,69562.08000000
1765663200000,2.03900000,2.04200000,2.02700000,2.03600000,76124.42000000
1765666800000,2.03600000,2.04100000,2.03200000,2.03800000,87801.26000000
1765670400000,2.03700000,2.04100000,2.03000000,2.03500000,113516.72000000
1765674000000,2.03600000,2.04200000,2.03200000,2.03500000,73771.63000000
1765677600000,2.03500000,2.04600000,2.03400000,2.04000000,76717.14000000
1765681200000,2.03900000,2.04200000,2.02600000,2.02800000,153927.21000000
1765684800000,2.02700000,2.03300000,2.01900000,2.02100000,217073.68000000
1765688400000,2.02000000,2.02000000,2.00200000,2.01000000,355762.44000000
1765692000000,2.01000000,2.01000000,2.00000000,2.00600000,112989.30000000
1765695600000,2.00700000,2.01300000,2.00500000,2.01000000,90923.28000000
1765699200000,2.00900000,2.01700000,2.00600000,2.00700000,164448.75000000
1765702800000,2.00700000,2.01000000,2.00400000,2.00500000,115833.73000000
1765706400000,2.00500000,2.01000000,1.98600000,1.99600000,715041.19000000
1765710000000,1.99500000,1.99700000,1.96200000,1.98500000,349401.00000000
1765713600000,1.98400000,1.99100000,1.97600000,1.98900000,179162.86000000
1765717200000,1.98800000,1.98800000,1.97300000,1.98400000,310073.61000000
1765720800000,1.98500000,1.98800000,1.96200000,1.97000000,301111.70000000
1765724400000,1.96900000,1.97500000,1.96200000,1.97400000,178163.85000000
1765728000000,1.97400000,1.99100000,1.97100000,1.98000000,211715.26000000
1765731600000,1.97900000,1.98300000,1.94700000,1.95100000,503846.90000000
1765735200000,1.95000000,1.97400000,1.94800000,1.97300000,287600.81000000
1765738800000,1.97400000,1.97500000,1.95300000,1.96300000,135488.75000000
1765742400000,1.96200000,1.97200000,1.95000000,1.96000000,300375.97000000
1765746000000,1.96100000,1.96800000,1.94900000,1.95300000,153854.22000000
1765749600000,1.95400000,1.96300000,1.93900000,1.95600000,291955.51000000
1765753200000,1.95700000,1.96600000,1.93200000,1.95200000,285371.47000000
1765756800000,1.95300000,1.97200000,1.95200000,1.96500000,240489.59000000
1765760400000,1.96500000,1.99500000,1.96300000,1.98800000,200572.58000000
1765764000000,1.98900000,2.01000000,1.98500000,1.98500000,239229.05000000
1765767600000,1.98500000,1.99400000,1.98200000,1.98800000,140718.40000000
1765771200000,1.98900000,2.00200000,1.98900000,2.00000000,148862.73000000
1765774800000,2.00000000,2.00700000,1.99600000,2.00300000,103355.25000000
1765778400000,2.00300000,2.01000000,1.99700000,2.00100000,193318.75000000
1765782000000,2.00100000,2.00500000,1.98700000,1.99300000,143524.97000000
1765785600000,1.99400000,2.00200000,1.99100000,1.99400000,111680.11000000
1765789200000,1.99400000,2.00300000,1.99300000,2.00000000,75154.52000000
1765792800000,2.00000000,2.00800000,1.99300000,1.99700000,147040.23000000
1765796400000,1.99700000,2.00100000,1.99000000,1.99500000,247513.53000000
1765800000000,1.99500000,2.00800000,1.99000000,2.00700000,195017.42000000
1765803600000,2.00700000,2.00700000,1.98500000,1.99300000,291364.86000000
1765807200000,1.99300000,2.00700000,1.94100000,1.95700000,620905.84000000
1765810800000,1.95600000,1.95600000,1.87200000,1.88600000,1970094.19000000
1765814400000,1.88500000,1.89200000,1.85200000,1.86800000,713705.97000000
1765818000000,1.86700000,1.87200000,1.84900000,1.85200000,451822.93000000
1765821600000,1.85200000,1.86600000,1.82900000,1.86400000,501988.84000000
1765825200000,1.86500000,1.88700000,1.86400000,1.87500000,522641.33000000
1765828800000,1.87400000,1.87800000,1.85700000,1.86500000,274105.89000000
1765832400000,1.86500000,1.88900000,1.86200000,1.88700000,153676.30000000
1765836000000,1.88800000,1.89500000,1.87900000,1.89400000,140685.51000000
1765839600000,1.89500000,1.90500000,1.89300000,1.90200000,209551.88000000
1765843200000,1.90200000,1.90500000,1.88000000,1.88100000,266007.58000000
1765846800000,1.88100000,1.89500000,1.88000000,1.89100000,179745.44000000
1765850400000,1.89100000,1.90000000,1.88200000,1.89100000,166901.50000000
1765854000000,1.89100000,1.89500000,1.87500000,1.89200000,202029.39000000
1765857600000,1.89200000,1.89400000,1.86200000,1.88400000,311889.41000000
1765861200000,1.88400000,1.89100000,1.88200000,1.88500000,108250.51000000
1765864800000,1.88500000,1.90300000,1.88400000,1.90100000,100612.62000000
1765868400000,1.90100000,1.90100000,1.87300000,1.87800000,212363.44000000
1765872000000,1.87900000,1.89700000,1.87800000,1.89000000,158378.41000000
1765875600000,1.89100000,1.89300000,1.88300000,1.88800000,123506.46000000
1765879200000,1.88700000,1.94300000,1.88400000,1.92100000,401492.20000000
1765882800000,1.92100000,1.93100000,1.91500000,1.92500000,242962.84000000
1765886400000,1.92500000,1.92700000,1.91400000,1.91900000,159204.23000000
1765890000000,1.91900000,1.93600000,1.88500000,1.88500000,628284.91000000
1765893600000,1.88600000,1.91700000,1.87400000,1.90100000,660198.37000000
1765897200000,1.90200000,1.92600000,1.88600000,1.92000000,411136.62000000
1765900800000,1.92000000,1.92400000,1.89800000,1.90700000,202694.13000000
1765904400000,1.90700000,1.91500000,1.89200000,1.89200000,118328.23000000
1765908000000,1.89400000,1.91900000,1.88900000,1.91000000,186575.09000000
1765911600000,1.91000000,1.91300000,1.89100000,1.90700000,155779.36000000
1765915200000,1.90600000,1.91100000,1.90100000,1.90100000,117547.33000000
1765918800000,1.90100000,1.90900000,1.89600000,1.90100000,140849.97000000
1765922400000,1.90200000,1.90600000,1.89700000,1.90000000,179312.67000000
1765926000000,1.90000000,1.90000000,1.89000000,1.89800000,89068.58000000
1765929600000,1.89800000,1.89800000,1.88600000,1.88900000,89344.59000000
1765933200000,1.89000000,1.90900000,1.89000000,1.89200000,84826.35000000
1765936800000,1.89300000,1.90100000,1.88200000,1.89700000,98398.55000000
1765940400000,1.89700000,1.90200000,1.88700000,1.88900000,62424.11000000
1765944000000,1.88800000,1.89200000,1.86000000,1.87100000,832842.29000000
1765947600000,1.87100000,1.87800000,1.86100000,1.87500000,152877.68000000
1765951200000,1.87500000,1.88500000,1.87300000,1.87500000,146529.46000000
1765954800000,1.87600000,1.88800000,1.87300000,1.87700000,308569.82000000
1765958400000,1.87700000,1.87700000,1.86400000,1.86500000,119258.91000000
1765962000000,1.86600000,1.87100000,1.85700000,1.86300000,136144.37000000
1765965600000,1.86300000,1.87200000,1.85600000,1.86400000,227645.36000000
1765969200000,1.86400000,1.87800000,1.86200000,1.86800000,467397.43000000
1765972800000,1.86800000,1.87800000,1.86500000,1.87300000,298585.19000000
1765976400000,1.87300000,1.89400000,1.86600000,1.89200000,350811.43000000
1765980000000,1.89200000,1.93000000,1.86100000,1.93000000,844945.34000000
1765983600000,1.93000000,1.95500000,1.86300000,1.87000000,1628931.49000000
1765987200000,1.87000000,1.88700000,1.81400000,1.83600000,1090436.43000000
1765990800000,1.83600000,1.84500000,1.81500000,1.81800000,470348.75000000
1765994400000,1.81900000,1.83500000,1.79700000,1.80400000,528757.47000000
1765998000000,1.80500000,1.81800000,1.79000000,1.81600000,800055.26000000
1766001600000,1.81700000,1.83000000,1.80700000,1.81200000,257835.21000000
1766005200000,1.81100000,1.81800000,1.79500000,1.79900000,195532.65000000
1766008800000,1.80000000,1.82000000,1.79200000,1.81700000,194316.32000000
1766012400000,1.81600000,1.81600000,1.80400000,1.81600000,240382.07000000
1766016000000,1.81500000,1.81800000,1.80700000,1.81100000,99404.93000000
1766019600000,1.81100000,1.81200000,1.79100000,1.79600000,263312.28000000
1766023200000,1.79700000,1.81700000,1.79200000,1.80600000,171144.71000000
1766026800000,1.80600000,1.80700000,1.78000000,1.79200000,253779.68000000
1766030400000,1.79200000,1.80000000,1.79000000,1.79400000,113029.83000000
1766034000000,1.79300000,1.79400000,1.77100000,1.77600000,235364.16000000
1766037600000,1.77600000,1.78800000,1.77300000,1.78600000,284831.31000000
1766041200000,1.78700000,1.79500000,1.78500000,1.79000000,347371.63000000
1766044800000,1.79000000,1.80700000,1.78800000,1.80300000,394129.59000000
1766048400000,1.80300000,1.81100000,1.79600000,1.80300000,527987.08000000
1766052000000,1.80300000,1.80800000,1.80000000,1.80500000,227047.19000000
1766055600000,1.80500000,1.80900000,1.79700000,1.80700000,262274.18000000
1766059200000,1.80800000,1.81700000,1.80100000,1.81400000,254367.54000000
1766062800000,1.81500000,1.87500000,1.81400000,1.87400000,1282499.97000000
1766066400000,1.87400000,1.88900000,1.83500000,1.85100000,785280.58000000
1766070000000,1.85100000,1.88200000,1.83900000,1.86100000,380372.05000000
1766073600000,1.86200000,1.86300000,1.84500000,1.85500000,197629.32000000
1766077200000,1.85400000,1.85400000,1.75800000,1.79700000,1248524.22000000
1766080800000,1.79700000,1.81400000,1.76500000,1.77000000,452798.83000000
1766084400000,1.76900000,1.77400000,1.72200000,1.72700000,877928.93000000
1766088000000,1.72700000,1.75200000,1.72600000,1.73600000,402093.83000000
1766091600000,1.73600000,1.77500000,1.73600000,1.77400000,299266.25000000
1766095200000,1.77400000,1.78100000,1.76600000,1.76800000,191332.46000000
1766098800000,1.76900000,1.76900000,1.75600000,1.75900000,101568.98000000
1766102400000,1.76000000,1.76800000,1.75200000,1.76000000,148865.14000000
1766106000000,1.76000000,1.76000000,1.73900000,1.74800000,202276.43000000
1766109600000,1.74700000,1.75300000,1.74000000,1.74000000,610257.81000000
1766113200000,1.74000000,1.80300000,1.73800000,1.78400000,858343.06000000
1766116800000,1.78500000,1.79400000,1.78100000,1.78500000,277366.72000000
1766120400000,1.78500000,1.78500000,1.77300000,1.77500000,186095.12000000
1766124000000,1.77600000,1.78300000,1.76900000,1.78100000,227872.98000000
1766127600000,1.78100000,1.81000000,1.78000000,1.79700000,587800.39000000
1766131200000,1.79700000,1.80900000,1.78900000,1.80600000,256553.64000000
1766134800000,1.80600000,1.80700000,1.79100000,1.80000000,158269.88000000
1766138400000,1.80000000,1.80300000,1.79400000,1.80000000,162922.24000000
1766142000000,1.79900000,1.81000000,1.79600000,1.80800000,127329.84000000
1766145600000,1.80800000,1.81500000,1.79800000,1.81000000,121764.49000000
1766149200000,1.81000000,1.82100000,1.80900000,1.81400000,197637.22000000
1766152800000,1.81400000,1.84400000,1.80500000,1.83300000,565932.59000000
1766156400000,1.83300000,1.86700000,1.82400000,1.83500000,838780.54000000
1766160000000,1.83400000,1.87500000,1.83200000,1.85100000,510044.52000000
1766163600000,1.85200000,1.87000000,1.82000000,1.82200000,555422.34000000
1766167200000,1.82200000,1.84200000,1.81800000,1.83800000,320153.73000000
1766170800000,1.83900000,1.87800000,1.83800000,1.86900000,448858.80000000
1766174400000,1.86900000,1.88000000,1.86300000,1.87200000,256641.82000000
1766178000000,1.87100000,1.87100000,1.85100000,1.85200000,147830.06000000
1766181600000,1.85200000,1.86600000,1.85100000,1.86000000,130439.88000000
1766185200000,1.86000000,1.86100000,1.84900000,1.84900000,164146.45000000
1766188800000,1.84900000,1.85100000,1.83900000,1.84300000,180216.69000000
1766192400000,1.84200000,1.84800000,1.83500000,1.83800000,100455.59000000
1766196000000,1.83800000,1.84000000,1.83100000,1.83300000,133911.91000000
1766199600000,1.83400000,1.84800000,1.83200000,1.84100000,87465.58000000
1766203200000,1.84200000,1.84300000,1.82900000,1.83000000,152517.86000000
1766206800000,1.83100000,1.84200000,1.83000000,1.83500000,92818.78000000
1766210400000,1.83500000,1.84100000,1.83400000,1.83800000,44808.57000000
1766214000000,1.83800000,1.85700000,1.83500000,1.85700000,204358.51000000
1766217600000,1.85600000,1.86900000,1.85400000,1.85700000,171751.93000000
1766221200000,1.85700000,1.86700000,1.85600000,1.86000000,119290.20000000
1766224800000,1.86000000,1.86400000,1.84800000,1.85100000,111699.34000000
1766228400000,1.85100000,1.86300000,1.84700000,1.86300000,105130.83000000
1766232000000,1.86200000,1.86200000,1.84500000,1.84800000,126398.07000000
1766235600000,1.84800000,1.85200000,1.83400000,1.84100000,207104.59000000
1766239200000,1.84200000,1.84200000,1.82900000,1.84000000,140300.89000000
1766242800000,1.84000000,1.84000000,1.82800000,1.83200000,168474.64000000
1766246400000,1.83300000,1.83700000,1.82700000,1.82900000,120645.90000000
1766250000000,1.83000000,1.83800000,1.82900000,1.82900000,101569.11000000
1766253600000,1.83000000,1.83900000,1.82700000,1.83500000,123246.02000000
1766257200000,1.83500000,1.83900000,1.83200000,1.83400000,58518.22000000
1766260800000,1.83400000,1.83500000,1.83000000,1.83300000,52857.81000000
1766264400000,1.83300000,1.84100000,1.83200000,1.83300000,77202.24000000
1766268000000,1.83400000,1.84000000,1.82800000,1.83600000,65422.06000000
1766271600000,1.83700000,1.83900000,1.83000000,1.83200000,56483.16000000
1766275200000,1.83200000,1.83700000,1.82800000,1.83100000,82506.54000000
1766278800000,1.83100000,1.83100000,1.81200000,1.81200000,214378.19000000
1766282400000,1.81200000,1.81800000,1.80000000,1.80300000,190317.28000000
1766286000000,1.80300000,1.81600000,1.80300000,1.81000000,59575.13000000
1766289600000,1.81000000,1.81300000,1.80500000,1.80700000,62034.96000000
1766293200000,1.80700000,1.81600000,1.80500000,1.81100000,58571.20000000
1766296800000,1.81000000,1.82400000,1.81000000,1.82200000,323414.11000000
1766300400000,1.82100000,1.83100000,1.82100000,1.83100000,138830.09000000
1766304000000,1.83100000,1.84300000,1.82500000,1.84100000,181800.12000000
1766307600000,1.84100000,1.85200000,1.83500000,1.84500000,195502.27000000
1766311200000,1.84500000,1.84800000,1.82700000,1.83000000,92611.98000000
1766314800000,1.82900000,1.83400000,1.82600000,1.82600000,62101.15000000
1766318400000,1.82600000,1.83100000,1.80900000,1.81400000,174333.01000000
1766322000000,1.81400000,1.81400000,1.75100000,1.75500000,954413.78000000
1766325600000,1.75500000,1.77500000,1.75100000,1.76700000,245163.46000000
1766329200000,1.76600000,1.77400000,1.75500000,1.76900000,233017.22000000
1766332800000,1.76900000,1.78100000,1.76100000,1.78100000,140615.54000000
1766336400000,1.78200000,1.79100000,1.77700000,1.77900000,135347.31000000
1766340000000,1.77800000,1.78300000,1.76500000,1.78200000,119477.91000000
1766343600000,1.78200000,1.79600000,1.77800000,1.79300000,142426.86000000
1766347200000,1.79400000,1.79400000,1.78200000,1.78200000,46244.05000000
1766350800000,1.78200000,1.78500000,1.76700000,1.76800000,152717.28000000
1766354400000,1.76800000,1.79300000,1.76600000,1.79300000,89021.26000000
1766358000000,1.79300000,1.81200000,1.79000000,1.80200000,232266.21000000
1766361600000,1.80300000,1.84400000,1.80300000,1.80900000,504330.47000000
1766365200000,1.80800000,1.82700000,1.80300000,1.80700000,154049.96000000
1766368800000,1.80600000,1.80600000,1.77700000,1.80500000,256319.71000000
1766372400000,1.80500000,1.82100000,1.79900000,1.81300000,158700.40000000
1766376000000,1.81400000,1.82300000,1.81200000,1.81800000,124293.18000000
1766379600000,1.81900000,1.82200000,1.80700000,1.80900000,66690.59000000
1766383200000,1.80900000,1.81800000,1.80600000,1.81100000,102576.88000000
1766386800000,1.81000000,1.82000000,1.80800000,1.81300000,127491.15000000
1766390400000,1.81300000,1.83500000,1.81000000,1.81400000,202757.02000000
1766394000000,1.81400000,1.82200000,1.81200000,1.81700000,94482.14000000
1766397600000,1.81700000,1.82600000,1.81200000,1.81700000,200200.73000000
1766401200000,1.81800000,1.82900000,1.81200000,1.82300000,161705.94000000
1766404800000,1.82300000,1.84100000,1.82200000,1.82800000,342776.46000000
1766408400000,1.82800000,1.83200000,1.81900000,1.83100000,105081.05000000
1766412000000,1.83100000,1.84800000,1.82300000,1.84100000,373847.34000000
1766415600000,1.84100000,1.85400000,1.81400000,1.83500000,399256.71000000
1766419200000,1.83600000,1.85000000,1.83100000,1.83300000,225529.06000000
1766422800000,1.83300000,1.83300000,1.81400000,1.81600000,554405.48000000
1766426400000,1.81600000,1.82000000,1.79800000,1.80300000,749299.06000000
1766430000000,1.80200000,1.80200000,1.76500000,1.76800000,932683.91000000
1766433600000,1.76800000,1.78200000,1.75700000,1.76800000,327868.59000000
1766437200000,1.76700000,1.77900000,1.76700000,1.76900000,349158.20000000
1766440800000,1.76800000,1.79300000,1.76200000,1.78900000,171941.01000000
1766444400000,1.78900000,1.78900000,1.77700000,1.78400000,175753.96000000
1766448000000,1.78400000,1.80200000,1.78100000,1.79600000,137982.53000000
1766451600000,1.79600000,1.80000000,1.78200000,1.78900000,136182.25000000
1766455200000,1.78800000,1.79500000,1.77100000,1.77200000,200997.16000000
1766458800000,1.77200000,1.78100000,1.76300000,1.77600000,137006.36000000
1766462400000,1.77500000,1.78000000,1.76900000,1.76900000,88773.79000000
1766466000000,1.76900000,1.77400000,1.75800000,1.77000000,144183.85000000
1766469600000,1.76900000,1.77300000,1.75400000,1.75800000,130060.39000000
1766473200000,1.75800000,1.76500000,1.75400000,1.76000000,111384.88000000
1766476800000,1.76100000,1.76700000,1.75800000,1.76100000,176902.12000000
1766480400000,1.76100000,1.76700000,1.75600000,1.76200000,152769.55000000
1766484000000,1.76200000,1.77600000,1.76100000,1.77200000,102173.57000000
1766487600000,1.77300000,1.77900000,1.77100000,1.77500000,142067.79000000
1766491200000,1.77500000,1.77500000,1.75800000,1.76100000,169621.95000000
1766494800000,1.76100000,1.76500000,1.73600000,1.74800000,671817.64000000
1766498400000,1.74800000,1.75900000,1.72800000,1.74100000,436755.08000000
1766502000000,1.74000000,1.75500000,1.73500000,1.74800000,308403.44000000
1766505600000,1.74800000,1.77000000,1.74200000,1.76600000,347172.80000000
1766509200000,1.76600000,1.77400000,1.73800000,1.74000000,187225.89000000
1766512800000,1.73900000,1.77500000,1.73900000,1.77200000,290510.99000000
1766516400000,1.77300000,1.77600000,1.75500000,1.76000000,868165.22000000
1766520000000,1.76000000,1.78800000,1.75500000,1.76900000,350445.81000000
1766523600000,1.77000000,1.77200000,1.76500000,1.76700000,94631.00000000
1766527200000,1.76700000,1.77000000,1.75400000,1.76400000,162423.96000000
1766530800000,1.76300000,1.76700000,1.75600000,1.76500000,181502.17000000
1766534400000,1.76400000,1.77300000,1.76100000,1.76900000,221752.06000000
1766538000000,1.77000000,1.77600000,1.75600000,1.76000000,81528.06000000
1766541600000,1.76000000,1.76000000,1.73300000,1.73800000,220682.27000000
1766545200000,1.73700000,1.75200000,1.73000000,1.75000000,173217.26000000
1766548800000,1.74900000,1.75800000,1.73500000,1.73600000,145595.16000000
1766552400000,1.73500000,1.73900000,1.71600000,1.72700000,347667.08000000
1766556000000,1.72700000,1.73200000,1.71900000,1.72900000,149132.20000000
1766559600000,1.72900000,1.73400000,1.72300000,1.72400000,150656.11000000
1766563200000,1.72400000,1.72900000,1.71500000,1.72000000,196632.19000000
1766566800000,1.72100000,1.73000000,1.72100000,1.72200000,145943.60000000
1766570400000,1.72300000,1.73100000,1.72300000,1.72400000,178553.79000000
1766574000000,1.72400000,1.73500000,1.72400000,1.72800000,114470.34000000
1766577600000,1.72800000,1.73900000,1.72600000,1.73700000,144016.12000000
1766581200000,1.73800000,1.73800000,1.72300000,1.72900000,202451.36000000
1766584800000,1.72900000,1.73800000,1.70600000,1.72400000,339896.49000000
1766588400000,1.72300000,1.73600000,1.71300000,1.73200000,277977.73000000
1766592000000,1.73200000,1.74500000,1.72000000,1.73300000,321753.77000000
1766595600000,1.73400000,1.73700000,1.71900000,1.72100000,183301.58000000
1766599200000,1.72100000,1.72700000,1.71700000,1.72200000,153689.06000000
1766602800000,1.72100000,1.73100000,1.71600000,1.73000000,157608.83000000
1766606400000,1.73000000,1.73800000,1.72900000,1.72900000,162521.21000000
1766610000000,1.73000000,1.73400000,1.72600000,1.73200000,105706.88000000
1766613600000,1.73100000,1.74700000,1.73000000,1.74300000,118718.76000000
1766617200000,1.74300000,1.74500000,1.73200000,1.73800000,91425.45000000
1766620800000,1.73800000,1.74500000,1.73200000,1.73300000,90438.24000000
1766624400000,1.73300000,1.74600000,1.73300000,1.74100000,93141.30000000
1766628000000,1.74200000,1.75200000,1.73700000,1.75000000,143129.52000000
1766631600000,1.75100000,1.75300000,1.74300000,1.74500000,228901.33000000
1766635200000,1.74500000,1.74700000,1.74100000,1.74500000,103856.21000000
1766638800000,1.74400000,1.74500000,1.73900000,1.73900000,85319.50000000
1766642400000,1.74000000,1.74400000,1.73700000,1.74200000,89947.08000000
1766646000000,1.74200000,1.74300000,1.73600000,1.73700000,84518.58000000
1766649600000,1.73700000,1.74300000,1.73300000,1.73500000,201079.17000000
1766653200000,1.73600000,1.73700000,1.73000000,1.73100000,183251.14000000
1766656800000,1.73000000,1.73000000,1.70400000,1.70600000,398776.38000000
1766660400000,1.70600000,1.71700000,1.70400000,1.71200000,272264.16000000
1766664000000,1.71200000,1.72000000,1.71000000,1.72000000,184407.87000000
1766667600000,1.72000000,1.72500000,1.71500000,1.72100000,129601.50000000
1766671200000,1.72000000,1.72100000,1.70400000,1.70900000,318223.59000000
1766674800000,1.71000000,1.73800000,1.70600000,1.73300000,452170.05000000
1766678400000,1.73400000,1.73900000,1.72700000,1.73300000,339664.21000000
1766682000000,1.73400000,1.73700000,1.72900000,1.73000000,161720.44000000
1766685600000,1.73000000,1.73600000,1.72900000,1.73200000,233635.81000000
1766689200000,1.73200000,1.73600000,1.73000000,1.73500000,99035.79000000
1766692800000,1.73500000,1.73500000,1.72900000,1.73400000,111807.38000000
1766696400000,1.73400000,1.73500000,1.73200000,1.73400000,42532.40000000
1766700000000,1.73400000,1.73500000,1.70900000,1.72000000,186468.86000000
1766703600000,1.71900000,1.71900000,1.67800000,1.68500000,681542.13000000
1766707200000,1.68500000,1.68900000,1.65300000,1.66200000,896535.78000000
1766710800000,1.66100000,1.69100000,1.66000000,1.68800000,299708.48000000
1766714400000,1.68800000,1.75300000,1.68800000,1.74300000,1108692.19000000
1766718000000,1.74400000,1.74800000,1.73100000,1.73800000,603318.20000000
1766721600000,1.73900000,1.74300000,1.72700000,1.73700000,259308.72000000
1766725200000,1.73800000,1.74300000,1.73100000,1.73500000,255792.12000000
1766728800000,1.73500000,1.74400000,1.73000000,1.73300000,309288.19000000
1766732400000,1.73200000,1.74100000,1.71300000,1.71800000,212795.81000000
1766736000000,1.71700000,1.72500000,1.70900000,1.71600000,155067.47000000
1766739600000,1.71500000,1.72000000,1.71000000,1.72000000,253934.17000000
1766743200000,1.72000000,1.72100000,1.71100000,1.71900000,138748.28000000
1766746800000,1.71800000,1.71900000,1.70400000,1.71300000,308843.32000000
1766750400000,1.71300000,1.72600000,1.71300000,1.72500000,183683.85000000
1766754000000,1.72500000,1.73300000,1.72100000,1.73000000,136241.74000000
1766757600000,1.73000000,1.73200000,1.69500000,1.70300000,663680.88000000
1766761200000,1.70100000,1.71200000,1.68400000,1.70700000,483386.64000000
1766764800000,1.70700000,1.71200000,1.69300000,1.69400000,193355.01000000
1766768400000,1.69500000,1.71400000,1.69400000,1.70500000,131826.39000000
1766772000000,1.70600000,1.71300000,1.70500000,1.70900000,95493.64000000
1766775600000,1.70800000,1.72300000,1.70800000,1.72000000,129691.20000000
1766779200000,1.72000000,1.73300000,1.71700000,1.72600000,138953.80000000
1766782800000,1.72700000,1.72900000,1.72000000,1.72100000,199341.49000000
1766786400000,1.72100000,1.73000000,1.72000000,1.73000000,78527.42000000
1766790000000,1.72900000,1.73000000,1.72200000,1.72300000,73759.01000000
1766793600000,1.72400000,1.73100000,1.72300000,1.72800000,102793.40000000
1766797200000,1.72900000,1.73800000,1.72300000,1.73800000,165497.71000000
1766800800000,1.73700000,1.75000000,1.73500000,1.74600000,390889.00000000
1766804400000,1.74500000,1.77400000,1.74500000,1.76400000,385930.55000000
1766808000000,1.76400000,1.76500000,1.74600000,1.74700000,243876.95000000
1766811600000,1.74700000,1.75600000,1.74700000,1.75600000,247262.68000000
1766815200000,1.75600000,1.75800000,1.75100000,1.75400000,141457.28000000
1766818800000,1.75300000,1.75900000,1.75000000,1.75200000,220018.14000000
1766822400000,1.75100000,1.75300000,1.74700000,1.74800000,123407.72000000
1766826000000,1.74700000,1.74900000,1.74300000,1.74400000,194753.88000000
1766829600000,1.74400000,1.75000000,1.73500000,1.75000000,186928.14000000
1766833200000,1.75000000,1.76800000,1.74900000,1.76600000,272395.62000000
1766836800000,1.76600000,1.77300000,1.76200000,1.77000000,293754.68000000
1766840400000,1.77000000,1.77600000,1.76300000,1.76600000,221276.92000000
1766844000000,1.76700000,1.77600000,1.76700000,1.77400000,132135.68000000
1766847600000,1.77500000,1.82300000,1.77300000,1.80200000,1202763.65000000
1766851200000,1.80200000,1.82300000,1.80000000,1.80400000,921669.77000000
1766854800000,1.80400000,1.82000000,1.79800000,1.81800000,289786.88000000
1766858400000,1.81900000,1.84800000,1.81700000,1.83200000,791688.11000000
1766862000000,1.83200000,1.84500000,1.82200000,1.83400000,335201.26000000
1766865600000,1.83400000,1.85100000,1.83400000,1.84500000,365865.47000000
1766869200000,1.84400000,1.88400000,1.84200000,1.88100000,748195.56000000
1766872800000,1.88200000,1.89400000,1.85800000,1.87400000,453025.37000000
1766876400000,1.87400000,1.92800000,1.87000000,1.91000000,1527579.80000000
1766880000000,1.91000000,1.91500000,1.88500000,1.88600000,370116.94000000
1766883600000,1.88700000,1.88800000,1.87200000,1.88200000,231110.79000000
1766887200000,1.88300000,1.88800000,1.87700000,1.87700000,123912.51000000
1766890800000,1.87700000,1.88300000,1.86900000,1.87200000,129181.36000000
1766894400000,1.87200000,1.88500000,1.86700000,1.88100000,354372.85000000
1766898000000,1.88200000,1.89500000,1.87800000,1.89000000,169760.11000000
1766901600000,1.89000000,1.89400000,1.88500000,1.89000000,147772.55000000
1766905200000,1.89100000,1.89600000,1.88600000,1.89100000,114931.78000000
1766908800000,1.89200000,1.90000000,1.88800000,1.88900000,188658.28000000
1766912400000,1.88900000,1.89200000,1.88000000,1.88200000,163813.17000000
1766916000000,1.88100000,1.89300000,1.88000000,1.88800000,198541.31000000
1766919600000,1.88700000,1.89400000,1.87600000,1.88100000,365363.17000000
1766923200000,1.88200000,1.88300000,1.86900000,1.87100000,117972.35000000
1766926800000,1.87200000,1.88100000,1.87100000,1.87700000,110809.67000000
1766930400000,1.87700000,1.88600000,1.87300000,1.88200000,109067.65000000
1766934000000,1.88100000,1.88900000,1.87500000,1.87800000,116294.13000000
1766937600000,1.87800000,1.88000000,1.86900000,1.87500000,160931.56000000
1766941200000,1.87500000,1.88200000,1.87400000,1.87700000,153221.10000000
1766944800000,1.87800000,1.87900000,1.84300000,1.84500000,512266.23000000
1766948400000,1.84500000,1.84800000,1.83500000,1.84300000,339522.20000000
1766952000000,1.84300000,1.84700000,1.83800000,1.83900000,118053.67000000
1766955600000,1.83800000,1.84400000,1.83500000,1.84300000,98289.57000000
1766959200000,1.84400000,1.84800000,1.82800000,1.84400000,311333.83000000
1766962800000,1.84500000,1.85200000,1.83800000,1.85100000,149290.99000000
1766966400000,1.85100000,1.86800000,1.84300000,1.86100000,274570.00000000
1766970000000,1.86000000,1.88100000,1.84700000,1.87000000,316495.72000000
1766973600000,1.87000000,1.88500000,1.85800000,1.86800000,467970.70000000
1766977200000,1.86800000,1.89800000,1.86700000,1.89700000,375300.66000000
1766980800000,1.89600000,1.90400000,1.88900000,1.89000000,438883.66000000
1766984400000,1.89000000,1.90100000,1.88300000,1.89200000,203713.86000000
1766988000000,1.89200000,1.89900000,1.88800000,1.89100000,172289.22000000
1766991600000,1.89200000,1.89400000,1.87400000,1.89000000,307501.55000000
1766995200000,1.88900000,1.89100000,1.87300000,1.87500000,204859.33000000
1766998800000,1.87500000,1.87900000,1.84400000,1.85500000,431355.58000000
1767002400000,1.85500000,1.86800000,1.85200000,1.86200000,236737.04000000
1767006000000,1.86100000,1.86300000,1.84800000,1.84800000,281213.16000000
1767009600000,1.84800000,1.85500000,1.81800000,1.83700000,561571.97000000
1767013200000,1.83800000,1.84200000,1.82300000,1.82800000,175194.00000000
1767016800000,1.82900000,1.85800000,1.82500000,1.83900000,285820.35000000
1767020400000,1.83900000,1.87200000,1.83500000,1.85600000,329455.89000000
1767024000000,1.85600000,1.86000000,1.83500000,1.84600000,363519.37000000
1767027600000,1.84600000,1.85800000,1.83700000,1.84800000,327920.00000000
1767031200000,1.84700000,1.85200000,1.83200000,1.83700000,299725.70000000
1767034800000,1.83700000,1.84900000,1.83100000,1.83900000,255792.04000000
1767038400000,1.83900000,1.84800000,1.83000000,1.83400000,226882.98000000
1767042000000,1.83300000,1.84100000,1.83100000,1.83500000,214029.68000000
1767045600000,1.83500000,1.83900000,1.82800000,1.83500000,189063.46000000
1767049200000,1.83500000,1.83700000,1.82100000,1.82400000,163939.50000000
1767052800000,1.82300000,1.82800000,1.80200000,1.81200000,311591.56000000
1767056400000,1.81300000,1.81500000,1.80600000,1.80900000,139559.69000000
1767060000000,1.80900000,1.81200000,1.79700000,1.80400000,166274.41000000
1767063600000,1.80500000,1.81300000,1.79200000,1.81000000,228417.76000000
1767067200000,1.81100000,1.81400000,1.80300000,1.80500000,124072.00000000
1767070800000,1.80600000,1.80900000,1.79500000,1.80100000,124291.04000000
1767074400000,1.80100000,1.82000000,1.80000000,1.81400000,196908.11000000
1767078000000,1.81400000,1.81900000,1.81000000,1.81200000,130537.25000000
1767081600000,1.81200000,1.84200000,1.81200000,1.82900000,300994.97000000
1767085200000,1.82900000,1.83200000,1.82000000,1.82900000,168393.97000000
1767088800000,1.83000000,1.83500000,1.82400000,1.82600000,141995.90000000
1767092400000,1.82600000,1.82700000,1.82000000,1.82400000,169678.13000000
1767096000000,1.82500000,1.83300000,1.82100000,1.82100000,140198.82000000
1767099600000,1.82100000,1.82800000,1.81700000,1.81800000,222141.49000000
1767103200000,1.81700000,1.83500000,1.79800000,1.82700000,681700.06000000
1767106800000,1.82800000,1.84600000,1.80700000,1.84200000,504882.90000000
1767110400000,1.84300000,1.84700000,1.82400000,1.83300000,259306.16000000
1767114000000,1.83300000,1.83500000,1.82000000,1.82700000,202896.01000000
1767117600000,1.82700000,1.83000000,1.81600000,1.81900000,238857.42000000
1767121200000,1.82000000,1.83000000,1.80800000,1.83000000,137091.77000000
1767124800000,1.82900000,1.83000000,1.81600000,1.81700000,69805.37000000
1767128400000,1.81700000,1.82000000,1.81000000,1.81400000,71963.90000000
1767132000000,1.81400000,1.81800000,1.80700000,1.81300000,64746.57000000
1767135600000,1.81200000,1.81700000,1.81000000,1.81100000,62453.73000000
1767139200000,1.81100000,1.81200000,1.80000000,1.81100000,95297.73000000
1767142800000,1.81100000,1.83500000,1.80900000,1.82500000,158268.87000000
1767146400000,1.82600000,1.82900000,1.82000000,1.82400000,61768.70000000
1767150000000,1.82400000,1.82600000,1.81000000,1.81300000,46016.60000000
1767153600000,1.81200000,1.81800000,1.81000000,1.81600000,73212.41000000
1767157200000,1.81500000,1.81900000,1.81200000,1.81300000,54210.24000000
1767160800000,1.81300000,1.81500000,1.80700000,1.81200000,74159.86000000
1767164400000,1.81200000,1.81500000,1.80600000,1.80900000,103518.82000000
1767168000000,1.80900000,1.81700000,1.80400000,1.80700000,144427.87000000
1767171600000,1.80700000,1.81300000,1.80600000,1.81100000,82906.11000000
1767175200000,1.81100000,1.81300000,1.80300000,1.80600000,101573.93000000
1767178800000,1.80600000,1.82400000,1.80600000,1.82300000,129068.20000000
1767182400000,1.82300000,1.82500000,1.81000000,1.81500000,93136.08000000
1767186000000,1.81400000,1.83000000,1.81100000,1.82600000,97291.76000000
1767189600000,1.82700000,1.84500000,1.81300000,1.82100000,589533.54000000
1767193200000,1.82100000,1.82400000,1.80300000,1.81400000,235194.88000000
1767196800000,1.81300000,1.81300000,1.76200000,1.78100000,615176.50000000
1767200400000,1.78100000,1.78700000,1.77100000,1.77300000,162670.50000000
1767204000000,1.77200000,1.78300000,1.76500000,1.77200000,166732.27000000
1767207600000,1.77200000,1.78800000,1.77200000,1.77700000,162051.37000000
1767211200000,1.77600000,1.78900000,1.76500000,1.78600000,330180.37000000
1767214800000,1.78700000,1.79600000,1.78500000,1.79500000,119905.84000000
1767218400000,1.79500000,1.79800000,1.78600000,1.78600000,172420.45000000
1767222000000,1.78600000,1.79500000,1.78200000,1.78900000,112077.91000000
1767225600000,1.78900000,1.79200000,1.78000000,1.78100000,498351.06000000
1767229200000,1.78000000,1.79300000,1.77900000,1.78300000,110219.85000000
1767232800000,1.78300000,1.78400000,1.77700000,1.78000000,66898.78000000
1767236400000,1.77900000,1.78100000,1.77400000,1.77600000,77655.00000000
1767240000000,1.77600000,1.77700000,1.76500000,1.77100000,141720.49000000
1767243600000,1.77200000,1.79000000,1.77000000,1.78600000,82927.22000000
1767247200000,1.78700000,1.78900000,1.78300000,1.78300000,52050.34000000
1767250800000,1.78400000,1.78900000,1.78300000,1.78600000,56533.83000000
1767254400000,1.78500000,1.79500000,1.78500000,1.79400000,61893.45000000
1767258000000,1.79500000,1.80800000,1.79500000,1.80100000,152866.79000000
1767261600000,1.80100000,1.80400000,1.79700000,1.80300000,34597.29000000
1767265200000,1.80400000,1.80900000,1.80100000,1.80900000,41427.20000000
1767268800000,1.80900000,1.81800000,1.80400000,1.81600000,153561.79000000
1767272400000,1.81600000,1.84200000,1.81500000,1.84100000,285124.47000000
1767276000000,1.84200000,1.87500000,1.83200000,1.86100000,2584358.29000000
1767279600000,1.86200000,1.90300000,1.85900000,1.89400000,727006.11000000
1767283200000,1.89400000,1.91900000,1.89400000,1.90500000,912302.58000000
1767286800000,1.90600000,1.94600000,1.90600000,1.94300000,693404.23000000
1767290400000,1.94400000,1.98100000,1.94000000,1.97700000,826566.01000000
1767294000000,1.97700000,2.00600000,1.95700000,2.00200000,794120.35000000
1767297600000,2.00200000,2.01400000,1.97800000,1.99000000,706273.34000000
1767301200000,1.99000000,2.00800000,1.97800000,2.00300000,510222.11000000
1767304800000,2.00300000,2.03300000,1.99100000,2.02000000,566881.70000000
1767308400000,2.02000000,2.02700000,1.99700000,1.99900000,376397.53000000
1767312000000,1.99800000,2.00800000,1.98900000,1.99500000,293371.74000000
1767315600000,1.99600000,2.00300000,1.98700000,1.99500000,198822.95000000
1767319200000,1.99400000,2.00400000,1.98300000,2.00000000,250469.39000000
1767322800000,2.00000000,2.01300000,1.99500000,2.00900000,207580.92000000
1767326400000,2.00900000,2.01100000,1.98300000,1.98900000,187683.03000000
1767330000000,1.98800000,1.99700000,1.98100000,1.99600000,118179.01000000
1767333600000,1.99500000,2.00400000,1.99300000,1.99400000,103324.34000000
1767337200000,1.99300000,1.99900000,1.98100000,1.98300000,124711.10000000
1767340800000,1.98400000,1.99000000,1.96800000,1.97800000,254948.30000000
1767344400000,1.97800000,2.01000000,1.97600000,1.99700000,418789.97000000
1767348000000,1.99800000,2.00300000,1.99000000,2.00000000,417589.91000000
1767351600000,1.99900000,2.00200000,1.98200000,1.98900000,270692.82000000
1767355200000,1.98900000,2.00800000,1.98000000,2.00300000,216675.90000000
1767358800000,2.00200000,2.00600000,1.99000000,1.99200000,209295.47000000
1767362400000,1.99300000,2.02000000,1.97900000,2.00500000,688196.51000000
1767366000000,2.00500000,2.02600000,1.98600000,2.00800000,466538.02000000
1767369600000,2.00800000,2.05800000,2.00400000,2.05300000,869385.98000000
1767373200000,2.05300000,2.06600000,2.04000000,2.05100000,1128693.84000000
1767376800000,2.05000000,2.05500000,2.03600000,2.05000000,264321.97000000
1767380400000,2.05100000,2.12500000,2.04600000,2.11300000,1258765.58000000
1767384000000,2.11300000,2.12800000,2.08300000,2.09300000,479339.39000000
1767387600000,2.09300000,2.13500000,2.08000000,2.12000000,924104.83000000
1767391200000,2.12000000,2.15700000,2.11600000,2.13700000,855116.01000000
1767394800000,2.13700000,2.17000000,2.13100000,2.16600000,723266.59000000
1767398400000,2.16500000,2.22000000,2.16100000,2.19200000,1385041.53000000
1767402000000,2.19200000,2.19800000,2.16200000,2.16800000,315107.39000000
1767405600000,2.16800000,2.17400000,2.15300000,2.16300000,380793.73000000
1767409200000,2.16200000,2.16900000,2.14800000,2.16400000,234587.99000000
1767412800000,2.16300000,2.16300000,2.14300000,2.14700000,199878.98000000
1767416400000,2.14800000,2.15300000,2.13700000,2.14500000,230335.35000000
1767420000000,2.14500000,2.15900000,2.13300000,2.14200000,206110.90000000
1767423600000,2.14300000,2.14600000,2.10900000,2.11300000,496298.21000000
1767427200000,2.11300000,2.14400000,2.10800000,2.12200000,570145.54000000
1767430800000,2.12200000,2.13400000,2.11000000,2.12300000,234159.86000000
1767434400000,2.12400000,2.12600000,2.11200000,2.11200000,168402.66000000
1767438000000,2.11300000,2.12100000,2.11100000,2.11400000,81888.03000000
1767441600000,2.11400000,2.12900000,2.11200000,2.12500000,157526.83000000
1767445200000,2.12400000,2.13500000,2.11200000,2.12200000,364025.68000000
1767448800000,2.12200000,2.13500000,2.11900000,2.12700000,235224.21000000
1767452400000,2.12700000,2.14000000,2.12300000,2.13000000,179917.92000000
1767456000000,2.13000000,2.15000000,2.12900000,2.14100000,161775.22000000
1767459600000,2.14000000,2.14100000,2.12200000,2.13300000,84385.78000000
1767463200000,2.13200000,2.14200000,2.12800000,2.14100000,70363.49000000
1767466800000,2.14100000,2.14100000,2.13300000,2.13700000,39094.53000000
1767470400000,2.13600000,2.13900000,2.12600000,2.13000000,85817.12000000
1767474000000,2.13000000,2.14700000,2.12200000,2.12400000,603726.45000000
1767477600000,2.12300000,2.13500000,2.12100000,2.12800000,139024.24000000
1767481200000,2.12900000,2.13100000,2.12200000,2.12500000,134644.19000000
1767484800000,2.12500000,2.14600000,2.12100000,2.13200000,327852.23000000
1767488400000,2.13100000,2.13200000,2.11600000,2.12800000,163381.90000000
1767492000000,2.12700000,2.13400000,2.12200000,2.12600000,75449.70000000
1767495600000,2.12500000,2.14100000,2.12500000,2.13000000,172661.63000000
1767499200000,2.13000000,2.14100000,2.12600000,2.13500000,108033.31000000
1767502800000,2.13600000,2.14700000,2.13300000,2.14600000,86756.30000000
1767506400000,2.14500000,2.15800000,2.12000000,2.12400000,251104.22000000
1767510000000,2.12400000,2.14400000,2.12300000,2.13700000,121582.66000000
1767513600000,2.13600000,2.14000000,2.12300000,2.13700000,174198.30000000
1767517200000,2.13600000,2.15300000,2.12900000,2.14700000,197550.15000000
1767520800000,2.14700000,2.15600000,2.14300000,2.14500000,196040.28000000
1767524400000,2.14400000,2.15900000,2.13600000,2.15700000,206811.12000000
1767528000000,2.15600000,2.18000000,2.15300000,2.15900000,318781.70000000
1767531600000,2.16000000,2.16400000,2.14700000,2.16300000,230003.13000000
1767535200000,2.16300000,2.16800000,2.15000000,2.16200000,138551.15000000
1767538800000,2.16200000,2.16900000,2.15600000,2.16700000,205795.43000000
1767542400000,2.16700000,2.18000000,2.16500000,2.18000000,225565.66000000
1767546000000,2.18000000,2.18000000,2.16200000,2.16700000,257405.83000000
1767549600000,2.16700000,2.16900000,2.13800000,2.14900000,330433.40000000
1767553200000,2.14800000,2.14800000,2.11900000,2.13800000,428008.66000000
1767556800000,2.13800000,2.14300000,2.13200000,2.14000000,99950.28000000
1767560400000,2.14000000,2.15300000,2.13100000,2.13800000,112530.89000000
1767564000000,2.13700000,2.15200000,2.13500000,2.14800000,101784.17000000
1767567600000,2.14800000,2.16000000,2.13600000,2.14200000,118780.12000000
1767571200000,2.14300000,2.15700000,2.12200000,2.14100000,457868.70000000
1767574800000,2.14100000,2.17300000,2.12500000,2.15900000,721993.69000000
1767578400000,2.16000000,2.16800000,2.13600000,2.15000000,261486.47000000
1767582000000,2.15100000,2.15900000,2.14000000,2.15400000,116871.60000000
1767585600000,2.15300000,2.15600000,2.11300000,2.13800000,252699.02000000
1767589200000,2.13800000,2.14400000,2.12500000,2.12800000,149458.59000000
1767592800000,2.12600000,2.13400000,2.10900000,2.13100000,163168.85000000
1767596400000,2.13000000,2.15100000,2.12500000,2.14700000,118893.54000000
1767600000000,2.14600000,2.15300000,2.12200000,2.12500000,489231.42000000
1767603600000,2.12400000,2.12400000,2.10800000,2.11400000,248552.97000000
1767607200000,2.11300000,2.13400000,2.10800000,2.11000000,249064.24000000
1767610800000,2.11000000,2.11600000,2.09600000,2.11500000,321682.55000000
1767614400000,2.11500000,2.13700000,2.10800000,2.13400000,245156.59000000
1767618000000,2.13300000,2.13500000,2.11500000,2.12700000,184164.98000000
1767621600000,2.12700000,2.16600000,2.12000000,2.15600000,346444.57000000
1767625200000,2.15600000,2.20400000,2.14200000,2.19500000,716803.63000000
1767628800000,2.19400000,2.20300000,2.16400000,2.18200000,575402.33000000
1767632400000,2.18300000,2.20800000,2.15400000,2.20100000,494503.53000000
1767636000000,2.20100000,2.22000000,2.19000000,2.21800000,404838.03000000
1767639600000,2.21800000,2.21800000,2.18400000,2.19100000,409858.24000000
1767643200000,2.19100000,2.22000000,2.18900000,2.20100000,566198.90000000
1767646800000,2.20200000,2.21400000,2.19800000,2.20800000,207573.21000000
1767650400000,2.20800000,2.23800000,2.20000000,2.21800000,500448.35000000
1767654000000,2.21800000,2.21800000,2.20300000,2.20800000,200654.63000000
1767657600000,2.20700000,2.21200000,2.18200000,2.21100000,205193.44000000
1767661200000,2.21000000,2.23900000,2.19900000,2.20300000,328497.89000000
1767664800000,2.20300000,2.21700000,2.19600000,2.20300000,125725.60000000
1767668400000,2.20200000,2.22900000,2.20100000,2.22100000,104910.41000000
1767672000000,2.22000000,2.22400000,2.21100000,2.21300000,208636.18000000
1767675600000,2.21200000,2.22800000,2.20700000,2.21100000,165682.05000000
1767679200000,2.21100000,2.24600000,2.19900000,2.23400000,497231.49000000
1767682800000,2.23400000,2.23500000,2.17900000,2.18800000,318153.72000000
1767686400000,2.18800000,2.20700000,2.18400000,2.19000000,206713.66000000
1767690000000,2.19100000,2.20300000,2.18700000,2.18700000,267263.97000000
1767693600000,2.18700000,2.21100000,2.18300000,2.20800000,300907.54000000
1767697200000,2.20800000,2.22500000,2.20400000,2.22000000,209694.43000000
1767700800000,2.21900000,2.24800000,2.21800000,2.23900000,415858.95000000
1767704400000,2.23900000,2.24000000,2.22100000,2.22600000,460003.73000000
1767708000000,2.22600000,2.26300000,2.20800000,2.22000000,910684.80000000
1767711600000,2.22000000,2.23900000,2.18400000,2.19800000,680363.25000000
1767715200000,2.19800000,2.20500000,2.14700000,2.16700000,729691.15000000
1767718800000,2.16700000,2.18600000,2.11200000,2.12000000,787704.02000000
1767722400000,2.12000000,2.16300000,2.11400000,2.15600000,364662.35000000
1767726000000,2.15600000,2.15900000,2.14600000,2.14900000,139394.31000000
1767729600000,2.14900000,2.18000000,2.14900000,2.17200000,115878.28000000
1767733200000,2.17200000,2.23000000,2.16500000,2.22300000,655866.90000000
1767736800000,2.22400000,2.23500000,2.20500000,2.22100000,349218.73000000
1767740400000,2.22100000,2.24200000,2.22100000,2.23500000,309811.71000000
1767744000000,2.23400000,2.23700000,2.19100000,2.19500000,186680.81000000
1767747600000,2.19500000,2.20400000,2.18000000,2.18400000,147833.66000000
1767751200000,2.18400000,2.19700000,2.17400000,2.19300000,335340.13000000
1767754800000,2.19300000,2.20500000,2.18400000,2.19000000,120222.24000000
1767758400000,2.19000000,2.21000000,2.18900000,2.19500000,194576.02000000
1767762000000,2.19600000,2.21500000,2.19400000,2.19600000,164803.20000000
1767765600000,2.19500000,2.20200000,2.19000000,2.19300000,85843.12000000
1767769200000,2.19200000,2.23900000,2.19200000,2.23900000,335187.47000000
1767772800000,2.24000000,2.24900000,2.21800000,2.23700000,297649.40000000
1767776400000,2.23700000,2.23700000,2.17900000,2.18300000,639974.09000000
1767780000000,2.18300000,2.19100000,2.17800000,2.18300000,179084.21000000
1767783600000,2.18300000,2.20000000,2.18000000,2.19900000,197825.53000000
1767787200000,2.19800000,2.19800000,2.17400000,2.17700000,171763.04000000
1767790800000,2.17700000,2.19000000,2.16500000,2.16700000,216618.10000000
1767794400000,2.16800000,2.17300000,2.13000000,2.16700000,657578.79000000
1767798000000,2.16700000,2.16800000,2.12700000,2.13600000,346873.12000000
1767801600000,2.13600000,2.15400000,2.13100000,2.14300000,212245.69000000
1767805200000,2.14300000,2.17300000,2.14000000,2.15200000,193204.61000000
1767808800000,2.15300000,2.17000000,2.14600000,2.15200000,242211.10000000
1767812400000,2.15200000,2.15700000,2.13000000,2.14600000,168004.34000000
1767816000000,2.14600000,2.14900000,2.12400000,2.13500000,135114.53000000
1767819600000,2.13500000,2.14100000,2.13100000,2.13300000,72050.64000000
1767823200000,2.13200000,2.15200000,2.12500000,2.13400000,95336.69000000
1767826800000,2.13300000,2.15900000,2.12000000,2.14500000,167838.16000000
1767830400000,2.14500000,2.15600000,2.13700000,2.15200000,81671.85000000
1767834000000,2.15200000,2.15700000,2.14300000,2.15100000,110161.99000000
1767837600000,2.15000000,2.15700000,2.13000000,2.13500000,109672.75000000
1767841200000,2.13500000,2.14900000,2.11700000,2.12000000,99324.03000000
1767844800000,2.12000000,2.14500000,2.11800000,2.13800000,86656.08000000
1767848400000,2.13800000,2.15100000,2.13200000,2.13400000,84390.42000000
1767852000000,2.13400000,2.13700000,2.09600000,2.09600000,208175.58000000
1767855600000,2.09600000,2.13300000,2.08400000,2.12900000,412500.26000000
1767859200000,2.12800000,2.14100000,2.11000000,2.11300000,207039.44000000
1767862800000,2.11300000,2.12300000,2.09400000,2.09700000,271923.63000000
1767866400000,2.09700000,2.13100000,2.08400000,2.12600000,370496.64000000
1767870000000,2.12600000,2.12900000,2.10800000,2.12300000,259405.92000000
1767873600000,2.12400000,2.12700000,2.09500000,2.10300000,154578.49000000
1767877200000,2.10300000,2.10600000,2.08900000,2.10600000,117712.73000000
1767880800000,2.10400000,2.12400000,2.08900000,2.12100000,441857.21000000
1767884400000,2.12100000,2.15700000,2.11000000,2.15600000,395155.79000000
1767888000000,2.15500000,2.15900000,2.12500000,2.14800000,255251.07000000
1767891600000,2.14800000,2.15400000,2.13200000,2.14900000,161527.97000000
1767895200000,2.14800000,2.15100000,2.11400000,2.11900000,151607.98000000
1767898800000,2.11900000,2.13200000,2.11100000,2.11600000,146392.27000000
1767902400000,2.11600000,2.11600000,2.09400000,2.10800000,251414.81000000
1767906000000,2.10800000,2.12400000,2.10400000,2.12100000,130597.35000000
1767909600000,2.12100000,2.13200000,2.10700000,2.12000000,123345.60000000
1767913200000,2.12100000,2.12500000,2.11000000,2.11100000,39744.71000000
1767916800000,2.11100000,2.11900000,2.09600000,2.10500000,243925.63000000
1767920400000,2.10500000,2.12600000,2.08500000,2.09700000,334004.10000000
1767924000000,2.09600000,2.11500000,2.09100000,2.09200000,109811.18000000
1767927600000,2.09200000,2.11200000,2.08700000,2.11200000,113461.56000000
1767931200000,2.11200000,2.11400000,2.10100000,2.10300000,41965.77000000
1767934800000,2.10400000,2.11000000,2.09700000,2.10700000,39456.76000000
1767938400000,2.10800000,2.11800000,2.10300000,2.11600000,84560.25000000
1767942000000,2.11600000,2.11600000,2.10500000,2.10600000,62632.05000000
1767945600000,2.10500000,2.10800000,2.06100000,2.07300000,380440.81000000
1767949200000,2.07300000,2.09600000,2.07100000,2.08300000,111659.09000000
1767952800000,2.08300000,2.08900000,2.07700000,2.08200000,76658.71000000
1767956400000,2.08300000,2.09100000,2.07900000,2.08000000,72592.67000000
1767960000000,2.08000000,2.08400000,2.04900000,2.05700000,334965.99000000
1767963600000,2.05700000,2.08400000,2.05500000,2.06900000,368933.04000000
1767967200000,2.07000000,2.07300000,2.04800000,2.06000000,303895.80000000
1767970800000,2.06100000,2.13800000,2.05100000,2.10500000,659415.28000000
1767974400000,2.10600000,2.14400000,2.10500000,2.12200000,341615.68000000
1767978000000,2.12200000,2.12300000,2.09200000,2.11000000,166271.90000000
1767981600000,2.11000000,2.11200000,2.06300000,2.08400000,202418.05000000
1767985200000,2.08400000,2.08400000,2.05800000,2.06400000,118701.84000000
1767988800000,2.06400000,2.08700000,2.06200000,2.07600000,200007.77000000
1767992400000,2.07600000,2.09400000,2.07100000,2.08700000,179292.64000000
1767996000000,2.08600000,2.09500000,2.07900000,2.09000000,102335.33000000
1767999600000,2.09000000,2.09300000,2.08000000,2.08300000,52922.90000000
1768003200000,2.08300000,2.08700000,2.07700000,2.08000000,27719.98000000
1768006800000,2.08000000,2.09300000,2.08000000,2.08800000,31069.28000000
1768010400000,2.08800000,2.08900000,2.07100000,2.07600000,57491.49000000
1768014000000,2.07600000,2.09000000,2.06900000,2.09000000,83379.49000000
1768017600000,2.09000000,2.09100000,2.07800000,2.08600000,54922.74000000
1768021200000,2.08600000,2.09500000,2.08300000,2.08500000,76521.39000000
1768024800000,2.08500000,2.09200000,2.07600000,2.08700000,68071.47000000
1768028400000,2.08700000,2.11600000,2.08600000,2.10300000,324332.43000000
1768032000000,2.10200000,2.10300000,2.08100000,2.09000000,67787.35000000
1768035600000,2.09100000,2.11000000,2.09100000,2.10700000,214993.51000000
1768039200000,2.10700000,2.10800000,2.09600000,2.10800000,73230.83000000
1768042800000,2.10800000,2.10800000,2.09900000,2.10700000,35085.38000000
1768046400000,2.10700000,2.12700000,2.10500000,2.12300000,139725.33000000
1768050000000,2.12400000,2.13000000,2.11800000,2.12500000,201698.82000000
1768053600000,2.12500000,2.12600000,2.10900000,2.11900000,159657.07000000
1768057200000,2.11900000,2.12500000,2.11400000,2.11900000,74959.75000000
1768060800000,2.11800000,2.11800000,2.10200000,2.10700000,63050.29000000
1768064400000,2.10800000,2.11900000,2.09700000,2.10000000,43577.17000000
1768068000000,2.10000000,2.10900000,2.09700000,2.10200000,46601.55000000
1768071600000,2.10200000,2.12800000,2.10200000,2.12800000,85057.68000000
1768075200000,2.12800000,2.13000000,2.11500000,2.11600000,119962.37000000
1768078800000,2.11500000,2.11700000,2.10300000,2.10300000,62078.58000000
1768082400000,2.10300000,2.10800000,2.08400000,2.08700000,105116.23000000
1768086000000,2.08700000,2.09700000,2.08600000,2.09300000,87448.05000000
1768089600000,2.09300000,2.09500000,2.08500000,2.09200000,54766.27000000
1768093200000,2.09200000,2.09700000,2.08900000,2.09600000,25054.40000000
1768096800000,2.09700000,2.10400000,2.09300000,2.09500000,99321.68000000
1768100400000,2.09600000,2.10200000,2.09400000,2.10100000,23042.23000000
1768104000000,2.10000000,2.10700000,2.09400000,2.10600000,65137.30000000
1768107600000,2.10600000,2.10900000,2.10100000,2.10600000,51578.66000000
1768111200000,2.10600000,2.11200000,2.09900000,2.11000000,45380.39000000
1768114800000,2.11000000,2.11800000,2.10800000,2.11600000,112033.27000000
1768118400000,2.11600000,2.11900000,2.10900000,2.11500000,105009.40000000
1768122000000,2.11400000,2.12000000,2.11100000,2.11600000,75140.40000000
1768125600000,2.11500000,2.11600000,2.10600000,2.10800000,83958.88000000
1768129200000,2.10900000,2.11500000,2.10500000,2.11100000,162041.41000000
1768132800000,2.11000000,2.12500000,2.10900000,2.12200000,129873.69000000
1768136400000,2.12300000,2.12500000,2.10000000,2.10200000,94587.44000000
1768140000000,2.10200000,2.11700000,2.09800000,2.11100000,112072.25000000
1768143600000,2.11100000,2.11400000,2.07000000,2.07900000,211050.51000000
1768147200000,2.07900000,2.11200000,2.07300000,2.09600000,281051.34000000
1768150800000,2.09700000,2.10600000,2.08700000,2.10200000,86155.13000000
1768154400000,2.10200000,2.10200000,2.08700000,2.09700000,37776.22000000
1768158000000,2.09700000,2.10200000,2.08600000,2.09000000,49793.42000000
1768161600000,2.08900000,2.08900000,2.06100000,2.06900000,187583.14000000
1768165200000,2.06800000,2.07600000,2.05500000,2.07400000,187408.33000000
1768168800000,2.07400000,2.07400000,2.04700000,2.05200000,129924.31000000
1768172400000,2.05200000,2.07500000,2.03400000,2.07000000,234897.95000000
1768176000000,2.07100000,2.08300000,2.04800000,2.07900000,223258.40000000
1768179600000,2.07900000,2.10600000,2.07500000,2.09900000,288227.54000000
1768183200000,2.09900000,2.14300000,2.09800000,2.13700000,303902.12000000
1768186800000,2.13800000,2.15300000,2.11400000,2.11500000,304326.24000000
1768190400000,2.11600000,2.13500000,2.11200000,2.13200000,104771.08000000
1768194000000,2.13100000,2.13700000,2.11900000,2.12100000,121544.00000000
1768197600000,2.12200000,2.12400000,2.10000000,2.10200000,151445.27000000
1768201200000,2.10200000,2.11700000,2.06300000,2.06400000,374107.53000000
1768204800000,2.06400000,2.08200000,2.03300000,2.05000000,749647.77000000
1768208400000,2.05100000,2.05900000,2.04500000,2.05100000,331579.79000000
1768212000000,2.05200000,2.06100000,2.04400000,2.04800000,115847.77000000
1768215600000,2.04800000,2.06400000,2.04800000,2.05900000,109390.56000000
1768219200000,2.05800000,2.06200000,2.04900000,2.05100000,75844.91000000
1768222800000,2.05100000,2.05500000,2.03000000,2.03600000,141635.71000000
1768226400000,2.03600000,2.06800000,2.02200000,2.06000000,397536.97000000
1768230000000,2.06100000,2.08900000,2.05200000,2.08700000,248537.92000000
1768233600000,2.08700000,2.11500000,2.08100000,2.08900000,434722.03000000
1768237200000,2.08900000,2.09600000,2.05400000,2.07300000,277460.00000000
1768240800000,2.07400000,2.08900000,2.06400000,2.07000000,215160.49000000
1768244400000,2.07000000,2.07700000,2.06100000,2.07400000,73358.30000000
1768248000000,2.07400000,2.08500000,2.05600000,2.06000000,85545.08000000
1768251600000,2.05900000,2.06100000,2.03800000,2.04800000,173544.68000000
1768255200000,2.04800000,2.06100000,2.04700000,2.05500000,75772.79000000
1768258800000,2.05500000,2.06000000,2.04400000,2.05500000,92590.88000000
1768262400000,2.05400000,2.07000000,2.05200000,2.06800000,531204.20000000
1768266000000,2.06900000,2.08300000,2.06600000,2.08200000,296827.50000000
1768269600000,2.08100000,2.09700000,2.05800000,2.05900000,431354.98000000
1768273200000,2.05900000,2.06800000,2.05400000,2.06500000,98645.84000000
1768276800000,2.06500000,2.08200000,2.06500000,2.08000000,139878.97000000
1768280400000,2.08100000,2.10700000,2.08000000,2.09200000,189206.85000000
1768284000000,2.09300000,2.10200000,2.08900000,2.09700000,164817.38000000
1768287600000,2.09700000,2.09800000,2.07800000,2.08000000,71853.37000000
1768291200000,2.07900000,2.09500000,2.07700000,2.09200000,72483.15000000
1768294800000,2.09100000,2.09900000,2.07200000,2.08100000,222908.82000000
1768298400000,2.08200000,2.08700000,2.07600000,2.08300000,150202.10000000
1768302000000,2.08300000,2.09200000,2.07900000,2.08800000,151134.61000000
1768305600000,2.08700000,2.10900000,2.08000000,2.10700000,223501.11000000
1768309200000,2.10700000,2.14400000,2.10600000,2.14100000,1021041.09000000
1768312800000,2.14200000,2.22600000,2.13300000,2.18600000,1974670.63000000
1768316400000,2.18600000,2.24700000,2.17500000,2.24200000,1133594.13000000
1768320000000,2.24300000,2.34300000,2.24300000,2.26300000,2175934.04000000
1768323600000,2.26400000,2.27000000,2.22600000,2.24600000,542470.10000000
1768327200000,2.24600000,2.26000000,2.22900000,2.23200000,459380.03000000
1768330800000,2.23200000,2.26300000,2.22900000,2.25100000,620350.27000000
1768334400000,2.25100000,2.25400000,2.21500000,2.22600000,473814.43000000
1768338000000,2.22500000,2.25700000,2.22500000,2.25100000,343726.19000000
1768341600000,2.25100000,2.32900000,2.25100000,2.32200000,1296480.81000000
1768345200000,2.32200000,2.33300000,2.27000000,2.28200000,515583.11000000
1768348800000,2.28300000,2.29800000,2.26600000,2.28100000,344698.88000000
1768352400000,2.28100000,2.28800000,2.27000000,2.27200000,213528.95000000
1768356000000,2.27200000,2.28500000,2.26300000,2.27100000,162416.58000000
1768359600000,2.27100000,2.28000000,2.26000000,2.28000000,191554.70000000
1768363200000,2.28000000,2.28500000,2.26200000,2.27000000,351249.67000000
1768366800000,2.26900000,2.28000000,2.25900000,2.27600000,156933.21000000
1768370400000,2.27500000,2.29300000,2.26400000,2.29200000,230687.37000000
1768374000000,2.29300000,2.29700000,2.27100000,2.27700000,208720.55000000
1768377600000,2.27800000,2.29400000,2.27700000,2.28200000,122380.44000000
1768381200000,2.28200000,2.29800000,2.26100000,2.28400000,490875.14000000
1768384800000,2.28500000,2.29400000,2.27200000,2.27200000,223909.65000000
1768388400000,2.27200000,2.27300000,2.25000000,2.25300000,483986.45000000
1768392000000,2.25400000,2.26400000,2.25100000,2.25600000,145977.05000000
1768395600000,2.25600000,2.26000000,2.23500000,2.24100000,192790.00000000
1768399200000,2.24000000,2.28200000,2.23900000,2.26900000,590751.69000000
1768402800000,2.26800000,2.29600000,2.25000000,2.26700000,684070.02000000
1768406400000,2.26700000,2.28400000,2.25700000,2.26100000,407574.38000000
1768410000000,2.26100000,2.27200000,2.23300000,2.23800000,388437.49000000
1768413600000,2.23700000,2.24600000,2.19500000,2.21400000,443945.96000000
1768417200000,2.21400000,2.25400000,2.20900000,2.23800000,417749.81000000
1768420800000,2.23900000,2.25600000,2.23300000,2.24400000,189158.58000000
1768424400000,2.24300000,2.24700000,2.22600000,2.23600000,150119.50000000
1768428000000,2.23600000,2.23600000,2.21200000,2.21600000,162072.76000000
1768431600000,2.21700000,2.23300000,2.21500000,2.22600000,155181.39000000
1768435200000,2.22500000,2.23100000,2.21700000,2.22600000,192891.82000000
1768438800000,2.22700000,2.23900000,2.21300000,2.21500000,199288.69000000
1768442400000,2.21500000,2.21900000,2.18700000,2.19700000,223532.93000000
1768446000000,2.19700000,2.20200000,2.15700000,2.16900000,558376.23000000
1768449600000,2.16900000,2.18700000,2.16600000,2.17800000,414076.52000000
1768453200000,2.17800000,2.18600000,2.17100000,2.17500000,199748.81000000
1768456800000,2.17400000,2.18500000,2.17300000,2.17700000,93834.44000000
1768460400000,2.17700000,2.20300000,2.17500000,2.19700000,161575.21000000
1768464000000,2.19600000,2.19900000,2.18300000,2.19300000,100486.71000000
1768467600000,2.19200000,2.21300000,2.18200000,2.20800000,262890.53000000
1768471200000,2.20700000,2.21000000,2.19900000,2.20600000,173345.76000000
1768474800000,2.20500000,2.21200000,2.19700000,2.20000000,257514.25000000
1768478400000,2.20000000,2.22300000,2.20000000,2.22100000,153313.56000000
1768482000000,2.22000000,2.23800000,2.21800000,2.22700000,226889.02000000
1768485600000,2.22700000,2.23600000,2.18000000,2.19500000,318454.35000000
1768489200000,2.19500000,2.20800000,2.12900000,2.16500000,664482.47000000
1768492800000,2.16400000,2.17300000,2.14400000,2.16500000,353855.01000000
1768496400000,2.16400000,2.17100000,2.13700000,2.14100000,349873.30000000
1768500000000,2.14200000,2.14500000,2.10900000,2.11500000,290927.85000000
1768503600000,2.11500000,2.12300000,2.09800000,2.12000000,237504.62000000
1768507200000,2.12000000,2.13100000,2.09700000,2.10400000,210760.86000000
1768510800000,2.10400000,2.11600000,2.10300000,2.11300000,184325.04000000
1768514400000,2.11200000,2.12800000,2.10100000,2.11300000,329759.71000000
1768518000000,2.11300000,2.12100000,2.10400000,2.11700000,181774.93000000
1768521600000,2.11700000,2.12400000,2.11300000,2.11700000,158054.22000000
1768525200000,2.11600000,2.12500000,2.11100000,2.11900000,113405.69000000
1768528800000,2.11900000,2.13400000,2.10400000,2.13000000,165404.33000000
1768532400000,2.13000000,2.13200000,2.11100000,2.11300000,112028.14000000
1768536000000,2.11200000,2.11500000,2.09800000,2.10500000,198975.67000000
1768539600000,2.10500000,2.12700000,2.10400000,2.12100000,233604.72000000
1768543200000,2.12200000,2.13700000,2.11900000,2.13700000,137717.02000000
1768546800000,2.13600000,2.15100000,2.13300000,2.13700000,261224.42000000
1768550400000,2.13800000,2.15600000,2.13300000,2.15200000,202526.14000000
1768554000000,2.15200000,2.15400000,2.14000000,2.14100000,135598.85000000
1768557600000,2.14100000,2.14200000,2.13400000,2.13700000,221823.77000000
1768561200000,2.13700000,2.14000000,2.11800000,2.12900000,143509.64000000
1768564800000,2.12900000,2.13000000,2.11700000,2.12200000,125323.32000000
1768568400000,2.12100000,2.12300000,2.10200000,2.11000000,189326.52000000
1768572000000,2.10900000,2.12700000,2.10800000,2.11400000,213241.53000000
1768575600000,2.11400000,2.12700000,2.06200000,2.07400000,572532.80000000
1768579200000,2.07400000,2.08300000,2.05600000,2.07200000,738580.40000000
1768582800000,2.07200000,2.08900000,2.05800000,2.08800000,677525.19000000
1768586400000,2.08800000,2.09200000,2.08300000,2.08400000,156822.34000000
1768590000000,2.08500000,2.09800000,2.07500000,2.09300000,188097.24000000
1768593600000,2.09300000,2.12900000,2.08500000,2.12800000,301705.48000000
1768597200000,2.12900000,2.13600000,2.12400000,2.12900000,338678.20000000
1768600800000,2.12900000,2.13800000,2.12100000,2.12800000,268149.31000000
1768604400000,2.12800000,2.12900000,2.11500000,2.11900000,116756.05000000
1768608000000,2.12000000,2.13100000,2.11300000,2.12700000,132918.55000000
1768611600000,2.12700000,2.13600000,2.12300000,2.12500000,141004.80000000
1768615200000,2.12400000,2.13000000,2.11800000,2.12200000,71969.19000000
1768618800000,2.12300000,2.13400000,2.11800000,2.12900000,142690.39000000
1768622400000,2.12800000,2.13500000,2.12100000,2.13300000,51600.17000000
1768626000000,2.13400000,2.14000000,2.13200000,2.13200000,97729.99000000
1768629600000,2.13200000,2.14500000,2.13200000,2.13900000,92222.59000000
1768633200000,2.14000000,2.16100000,2.13300000,2.15700000,232084.69000000
1768636800000,2.15700000,2.19100000,2.15600000,2.18600000,401991.14000000
1768640400000,2.18600000,2.20700000,2.18200000,2.18700000,467477.07000000
1768644000000,2.18600000,2.23500000,2.18500000,2.21800000,891196.89000000
1768647600000,2.21700000,2.21800000,2.18300000,2.18300000,414825.71000000
1768651200000,2.18200000,2.21700000,2.17800000,2.21100000,358905.45000000
1768654800000,2.21100000,2.21500000,2.19900000,2.20000000,245397.35000000
1768658400000,2.20000000,2.22600000,2.18800000,2.22300000,281310.66000000
1768662000000,2.22300000,2.22800000,2.19200000,2.20900000,329172.52000000
1768665600000,2.20900000,2.21700000,2.18200000,2.20500000,359838.43000000
1768669200000,2.20400000,2.21000000,2.19400000,2.20600000,113150.38000000
1768672800000,2.20600000,2.21400000,2.20100000,2.20600000,209943.24000000
1768676400000,2.20500000,2.21200000,2.19200000,2.19900000,143109.42000000
1768680000000,2.19900000,2.20300000,2.18800000,2.19300000,151083.76000000
1768683600000,2.19300000,2.19300000,2.18400000,2.19100000,113508.31000000
1768687200000,2.19100000,2.19500000,2.17200000,2.18100000,122240.58000000
1768690800000,2.18000000,2.18600000,2.17300000,2.17900000,62613.37000000
1768694400000,2.17800000,2.20300000,2.17800000,2.18600000,200159.01000000
1768698000000,2.18600000,2.19000000,2.16300000,2.16900000,252237.03000000
1768701600000,2.17000000,2.17800000,2.16000000,2.16300000,128280.79000000
1768705200000,2.16300000,2.17200000,2.16100000,2.16300000,97733.97000000
1768708800000,2.16300000,2.16400000,2.15200000,2.16000000,93117.79000000
1768712400000,2.15900000,2.16000000,2.15200000,2.15900000,40454.12000000
1768716000000,2.15800000,2.16200000,2.14600000,2.15200000,96435.50000000
1768719600000,2.15200000,2.15900000,2.14100000,2.15200000,99941.66000000
1768723200000,2.15200000,2.16000000,2.14600000,2.15900000,102918.42000000
1768726800000,2.15800000,2.16300000,2.14800000,2.15500000,207102.61000000
1768730400000,2.15400000,2.15800000,2.14400000,2.14600000,164513.60000000
1768734000000,2.14600000,2.15400000,2.14400000,2.14900000,106003.24000000
1768737600000,2.14900000,2.15600000,2.14300000,2.14500000,135054.07000000
1768741200000,2.14400000,2.15600000,2.13900000,2.14900000,143891.30000000
1768744800000,2.14900000,2.16200000,2.13500000,2.13700000,226632.28000000
1768748400000,2.13600000,2.17300000,2.13000000,2.16300000,599607.97000000
1768752000000,2.16300000,2.17700000,2.15800000,2.16400000,250270.47000000
1768755600000,2.16500000,2.16600000,2.14900000,2.15900000,153736.45000000
1768759200000,2.15900000,2.19000000,2.15600000,2.18700000,185802.95000000
1768762800000,2.18700000,2.19000000,2.16500000,2.17100000,100511.90000000
1768766400000,2.17100000,2.18900000,2.16700000,2.17900000,63842.92000000
1768770000000,2.18000000,2.18500000,2.17200000,2.17800000,45404.09000000
1768773600000,2.17800000,2.19800000,2.17800000,2.19700000,223969.54000000
1768777200000,2.19600000,2.19600000,2.06300000,2.06500000,1416051.11000000
1768780800000,2.06500000,2.06500000,1.83400000,1.95600000,4774991.61000000
1768784400000,1.95600000,1.97500000,1.94400000,1.96200000,838268.59000000
1768788000000,1.96100000,1.97400000,1.95500000,1.96900000,268733.39000000
1768791600000,1.96800000,1.98300000,1.95900000,1.97900000,356919.71000000
1768795200000,1.97800000,1.98300000,1.95900000,1.96000000,262406.38000000
1768798800000,1.96100000,1.97600000,1.95500000,1.97100000,469367.09000000
1768802400000,1.97200000,1.97800000,1.95600000,1.95900000,377397.64000000
1768806000000,1.95900000,1.97300000,1.95500000,1.96900000,190482.68000000
1768809600000,1.96900000,2.00000000,1.96500000,1.99600000,610401.88000000
1768813200000,1.99500000,1.99600000,1.97900000,1.98200000,133045.17000000
1768816800000,1.98200000,1.98200000,1.97200000,1.97600000,123108.95000000
1768820400000,1.97600000,1.98500000,1.97100000,1.97300000,279885.08000000
1768824000000,1.97300000,1.97700000,1.96400000,1.97300000,267926.72000000
1768827600000,1.97300000,1.98200000,1.96900000,1.97300000,190983.72000000
1768831200000,1.97300000,1.99000000,1.96900000,1.97600000,165316.28000000
1768834800000,1.97700000,1.98500000,1.97100000,1.97700000,138564.01000000
1768838400000,1.97600000,2.02300000,1.97500000,2.02300000,400540.33000000
1768842000000,2.02200000,2.03000000,2.00600000,2.01600000,343826.01000000
1768845600000,2.01600000,2.02400000,2.00400000,2.02300000,127980.98000000
1768849200000,2.02400000,2.06400000,2.02300000,2.04600000,547409.43000000
1768852800000,2.04700000,2.05000000,2.03200000,2.03400000,161996.51000000
1768856400000,2.03400000,2.03900000,2.02100000,2.02200000,140644.24000000
1768860000000,2.02200000,2.02800000,2.00700000,2.00700000,152619.19000000
1768863600000,2.00800000,2.03900000,2.00600000,2.02800000,200747.41000000
1768867200000,2.02800000,2.03200000,2.01800000,2.02200000,138650.54000000
1768870800000,2.02200000,2.03700000,2.01400000,2.02600000,102198.38000000
1768874400000,2.02500000,2.05100000,2.01600000,2.04400000,225214.66000000
1768878000000,2.04500000,2.04800000,2.01900000,2.03400000,189766.14000000
1768881600000,2.03300000,2.05100000,2.01900000,2.03700000,789134.77000000
1768885200000,2.03700000,2.04700000,2.02300000,2.02900000,696610.96000000
1768888800000,2.02800000,2.02800000,1.98600000,1.99200000,621113.86000000
1768892400000,1.99200000,2.00700000,1.98900000,1.99100000,367724.92000000
1768896000000,1.99100000,1.99700000,1.97200000,1.98700000,552205.19000000
1768899600000,1.98800000,1.99500000,1.97700000,1.98300000,200799.58000000
1768903200000,1.98300000,1.99400000,1.97500000,1.97500000,180475.92000000
1768906800000,1.97600000,1.98600000,1.95800000,1.96000000,320912.02000000
1768910400000,1.96000000,1.98400000,1.95700000,1.97700000,188365.66000000
1768914000000,1.97600000,1.97600000,1.93500000,1.94100000,351649.80000000
1768917600000,1.94000000,1.97600000,1.94000000,1.95900000,455787.67000000
1768921200000,1.95900000,1.96200000,1.93100000,1.94000000,348392.69000000
1768924800000,1.94100000,1.95100000,1.90300000,1.91400000,339757.86000000
1768928400000,1.91300000,1.92700000,1.89500000,1.90700000,383410.17000000
1768932000000,1.90800000,1.91600000,1.89700000,1.90500000,167228.86000000
1768935600000,1.90500000,1.91800000,1.90500000,1.91300000,134278.49000000
1768939200000,1.91300000,1.93400000,1.91000000,1.93200000,189823.78000000
1768942800000,1.93200000,1.93200000,1.91100000,1.91300000,97725.94000000
1768946400000,1.91300000,1.91900000,1.88100000,1.90700000,340480.06000000
1768950000000,1.90700000,1.90800000,1.89300000,1.89700000,188432.90000000
1768953600000,1.89800000,1.93200000,1.89500000,1.93000000,236076.16000000
1768957200000,1.93100000,1.94200000,1.92800000,1.93600000,209239.99000000
1768960800000,1.93700000,1.95900000,1.93700000,1.95500000,221060.30000000
1768964400000,1.95600000,1.96000000,1.94600000,1.94700000,180404.99000000
1768968000000,1.94700000,1.95200000,1.94300000,1.94700000,80480.50000000
1768971600000,1.94600000,1.96000000,1.94500000,1.95700000,104289.35000000
1768975200000,1.95700000,1.95700000,1.94000000,1.94100000,94937.91000000
1768978800000,1.94100000,1.95400000,1.93900000,1.94500000,108414.97000000
1768982400000,1.94500000,1.94900000,1.92700000,1.94100000,123027.25000000
1768986000000,1.94000000,1.94000000,1.93200000,1.93600000,88008.59000000
1768989600000,1.93700000,1.94900000,1.93000000,1.93000000,86753.70000000
1768993200000,1.93000000,1.94200000,1.91600000,1.91900000,211495.61000000
1768996800000,1.91900000,1.92100000,1.89700000,1.92000000,217505.64000000
1769000400000,1.92100000,1.93000000,1.90500000,1.91100000,138962.49000000
1769004000000,1.91000000,1.97800000,1.90900000,1.97200000,659921.76000000
1769007600000,1.97000000,1.98000000,1.95100000,1.96900000,304646.81000000
1769011200000,1.96900000,1.96900000,1.89000000,1.89400000,581541.08000000
1769014800000,1.89500000,1.91600000,1.87300000,1.89900000,530552.62000000
1769018400000,1.89800000,1.92300000,1.88800000,1.91600000,178767.70000000
1769022000000,1.91500000,1.99300000,1.90800000,1.99200000,537361.51000000
1769025600000,1.99300000,1.99800000,1.95900000,1.98700000,237665.72000000
1769029200000,1.98700000,1.99900000,1.98000000,1.99000000,180406.56000000
1769032800000,1.99000000,2.00000000,1.96700000,1.97200000,138549.11000000
1769036400000,1.97200000,1.97600000,1.94100000,1.95500000,154750.18000000
1769040000000,1.95500000,1.97100000,1.95400000,1.96300000,107567.67000000
1769043600000,1.96300000,1.98100000,1.96100000,1.98000000,77416.78000000
1769047200000,1.97900000,1.98200000,1.96400000,1.96600000,76882.34000000
1769050800000,1.96700000,1.97100000,1.95000000,1.95700000,95529.53000000
1769054400000,1.95600000,1.95900000,1.95100000,1.95500000,71302.20000000
1769058000000,1.95500000,1.96000000,1.93900000,1.94300000,125785.93000000
1769061600000,1.94300000,1.94900000,1.93000000,1.94800000,145354.26000000
1769065200000,1.94800000,1.95000000,1.93400000,1.94500000,68659.68000000
1769068800000,1.94600000,1.95400000,1.93900000,1.95400000,78844.63000000
1769072400000,1.95400000,1.96200000,1.94900000,1.95700000,83399.02000000
1769076000000,1.95700000,1.96000000,1.95300000,1.95900000,107208.56000000
1769079600000,1.95800000,1.96000000,1.94900000,1.95000000,118280.11000000
1769083200000,1.94900000,1.95000000,1.94300000,1.95000000,136369.44000000
1769086800000,1.95000000,1.96300000,1.93800000,1.94800000,172199.54000000
1769090400000,1.94700000,1.95200000,1.91700000,1.91900000,265360.29000000
1769094000000,1.91900000,1.93600000,1.90500000,1.92600000,263291.18000000
1769097600000,1.92600000,1.94300000,1.92000000,1.93900000,160192.19000000
1769101200000,1.93900000,1.94400000,1.92500000,1.94000000,137560.65000000
1769104800000,1.93900000,1.94200000,1.92200000,1.92300000,144925.66000000
1769108400000,1.92300000,1.94300000,1.91800000,1.93800000,126866.66000000
1769112000000,1.93800000,1.94200000,1.92000000,1.92700000,169138.58000000
1769115600000,1.92700000,1.93700000,1.92600000,1.92800000,71644.14000000
1769119200000,1.92900000,1.93700000,1.92300000,1.92800000,76532.70000000
1769122800000,1.92700000,1.93100000,1.91400000,1.92700000,107680.92000000
1769126400000,1.92700000,1.93400000,1.92400000,1.93000000,74472.70000000
1769130000000,1.93000000,1.95300000,1.93000000,1.95000000,107991.23000000
1769133600000,1.95000000,1.95300000,1.94000000,1.94100000,49955.84000000
1769137200000,1.94200000,1.96700000,1.94100000,1.95700000,150053.43000000
1769140800000,1.95700000,1.98400000,1.95400000,1.97700000,190037.27000000
1769144400000,1.97600000,1.97700000,1.95800000,1.96200000,97785.92000000
1769148000000,1.96300000,1.96600000,1.94200000,1.94300000,124946.32000000
1769151600000,1.94300000,1.94700000,1.93600000,1.94100000,181004.08000000
1769155200000,1.94100000,1.94800000,1.92500000,1.93100000,194346.36000000
1769158800000,1.93100000,1.93900000,1.92700000,1.93300000,86146.43000000
1769162400000,1.93300000,1.93500000,1.92000000,1.93200000,186991.73000000
1769166000000,1.93100000,1.94800000,1.93100000,1.94500000,121995.41000000
1769169600000,1.94500000,1.94700000,1.93400000,1.94100000,87562.39000000
1769173200000,1.94100000,1.95100000,1.93800000,1.94000000,122542.28000000
1769176800000,1.94000000,1.94300000,1.89700000,1.91200000,365205.08000000
1769180400000,1.91300000,1.94600000,1.90000000,1.94500000,224832.45000000
1769184000000,1.94500000,1.96000000,1.92100000,1.94800000,205990.66000000
1769187600000,1.94800000,1.98100000,1.93400000,1.95600000,278950.79000000
1769191200000,1.95600000,1.97400000,1.95200000,1.95800000,318563.14000000
1769194800000,1.95800000,1.95800000,1.92100000,1.92700000,258084.55000000
1769198400000,1.92700000,1.93000000,1.90300000,1.91400000,165185.47000000
1769202000000,1.91300000,1.92500000,1.91200000,1.91500000,79092.59000000
1769205600000,1.91500000,1.93200000,1.91500000,1.93000000,71122.21000000
1769209200000,1.93000000,1.93000000,1.92000000,1.92600000,74998.31000000
1769212800000,1.92600000,1.93300000,1.92400000,1.92600000,48481.05000000
1769216400000,1.92500000,1.93400000,1.92200000,1.93100000,33165.17000000
1769220000000,1.93200000,1.93800000,1.92800000,1.93000000,50765.78000000
1769223600000,1.93000000,1.93900000,1.92800000,1.93200000,40684.23000000
1769227200000,1.93100000,1.94100000,1.92500000,1.93700000,91331.58000000
1769230800000,1.93800000,1.93900000,1.92700000,1.93200000,38996.75000000
1769234400000,1.93300000,1.93700000,1.93000000,1.93400000,31700.16000000
1769238000000,1.93300000,1.93500000,1.92400000,1.92500000,28669.02000000
1769241600000,1.92400000,1.93400000,1.92200000,1.93100000,32582.37000000
1769245200000,1.93100000,1.93100000,1.91900000,1.92100000,54673.29000000
1769248800000,1.92100000,1.92300000,1.91400000,1.92100000,156679.92000000
1769252400000,1.92100000,1.92300000,1.91700000,1.91900000,44193.23000000
1769256000000,1.91900000,1.92300000,1.91500000,1.91800000,142790.79000000
1769259600000,1.91700000,1.91800000,1.90900000,1.90900000,85588.06000000
1769263200000,1.91000000,1.92300000,1.90600000,1.91600000,88687.73000000
1769266800000,1.91700000,1.92100000,1.90400000,1.90500000,73007.67000000
1769270400000,1.90500000,1.91300000,1.89900000,1.91200000,113266.68000000
1769274000000,1.91200000,1.91600000,1.90800000,1.91600000,37738.57000000
1769277600000,1.91600000,1.92400000,1.91300000,1.91500000,164227.17000000
1769281200000,1.91400000,1.91700000,1.91000000,1.91100000,50670.81000000
1769284800000,1.91200000,1.92400000,1.91200000,1.92200000,78561.36000000
1769288400000,1.92200000,1.92500000,1.91300000,1.92400000,65774.50000000
1769292000000,1.92400000,1.93200000,1.92100000,1.92900000,86130.27000000
1769295600000,1.93000000,1.93200000,1.92500000,1.93000000,57411.17000000
1769299200000,1.92900000,1.94400000,1.92500000,1.93500000,180304.31000000
1769302800000,1.93400000,1.93900000,1.92100000,1.92300000,98775.26000000
1769306400000,1.92300000,1.92700000,1.91600000,1.92000000,61447.59000000
1769310000000,1.92100000,1.92400000,1.90100000,1.90600000,125910.04000000
1769313600000,1.90500000,1.91200000,1.90100000,1.90400000,55004.88000000
1769317200000,1.90300000,1.90900000,1.90100000,1.90800000,46139.85000000
1769320800000,1.90700000,1.91000000,1.90200000,1.90700000,56444.77000000
1769324400000,1.90700000,1.90700000,1.89500000,1.89900000,77539.90000000
1769328000000,1.90000000,1.90400000,1.88200000,1.89000000,177913.13000000
1769331600000,1.88900000,1.91400000,1.88900000,1.90800000,144107.36000000
1769335200000,1.90800000,1.92000000,1.90800000,1.91000000,78662.42000000
1769338800000,1.91000000,1.91200000,1.89700000,1.89900000,90450.14000000
1769342400000,1.89800000,1.90000000,1.88800000,1.89900000,117215.07000000
1769346000000,1.90000000,1.90300000,1.89000000,1.90100000,73597.12000000
1769349600000,1.90100000,1.90200000,1.87800000,1.88800000,197483.34000000
1769353200000,1.88700000,1.89400000,1.88200000,1.88700000,91905.71000000
1769356800000,1.88700000,1.88700000,1.83200000,1.84800000,786788.65000000
1769360400000,1.84800000,1.85200000,1.83500000,1.84400000,139260.03000000
1769364000000,1.84400000,1.84800000,1.81500000,1.82300000,600002.92000000
1769367600000,1.82300000,1.82900000,1.78000000,1.79100000,759379.55000000
1769371200000,1.79100000,1.80900000,1.78900000,1.80700000,482184.13000000
1769374800000,1.80700000,1.82300000,1.80700000,1.81900000,205566.53000000
1769378400000,1.82000000,1.82100000,1.80400000,1.81300000,166320.94000000
1769382000000,1.81400000,1.82800000,1.80600000,1.82300000,199217.51000000
1769385600000,1.82300000,1.83800000,1.81800000,1.83800000,191238.70000000
1769389200000,1.83900000,1.86200000,1.83800000,1.85700000,280194.94000000
1769392800000,1.85700000,1.85700000,1.83600000,1.83600000,156908.84000000
1769396400000,1.83700000,1.84200000,1.82500000,1.83100000,121351.80000000
1769400000000,1.83200000,1.85600000,1.83200000,1.84300000,134379.84000000
1769403600000,1.84400000,1.84800000,1.84100000,1.84400000,50795.16000000
1769407200000,1.84400000,1.86400000,1.84000000,1.86300000,119688.38000000
1769410800000,1.86300000,1.86500000,1.85000000,1.85500000,135139.76000000
1769414400000,1.85600000,1.87400000,1.85200000,1.85600000,195395.11000000
1769418000000,1.85600000,1.85600000,1.84100000,1.84300000,135734.85000000
1769421600000,1.84200000,1.85100000,1.84200000,1.84800000,90021.34000000
1769425200000,1.84800000,1.85400000,1.84300000,1.84500000,94037.53000000
1769428800000,1.84500000,1.85500000,1.84300000,1.85200000,96779.26000000
1769432400000,1.85300000,1.86200000,1.85100000,1.85800000,107690.89000000
1769436000000,1.85800000,1.88100000,1.84600000,1.88000000,493939.51000000
1769439600000,1.87900000,1.89800000,1.86000000,1.87100000,486419.13000000
1769443200000,1.87200000,1.89000000,1.86000000,1.87600000,327894.59000000
1769446800000,1.87500000,1.87900000,1.85200000,1.87000000,342832.18000000
1769450400000,1.87000000,1.88800000,1.86600000,1.88100000,192875.20000000
1769454000000,1.88100000,1.88700000,1.86700000,1.86900000,150285.06000000
1769457600000,1.86900000,1.87300000,1.85700000,1.86000000,95956.56000000
1769461200000,1.86000000,1.89000000,1.85700000,1.88000000,196516.27000000
1769464800000,1.88000000,1.88500000,1.87400000,1.87900000,132363.62000000
1769468400000,1.87800000,1.88400000,1.87200000,1.87500000,67075.04000000
1769472000000,1.87600000,1.87800000,1.86900000,1.87400000,88955.11000000
1769475600000,1.87400000,1.88400000,1.86700000,1.87800000,82857.36000000
1769479200000,1.87800000,1.88500000,1.87500000,1.88300000,82006.23000000
1769482800000,1.88200000,1.88400000,1.87400000,1.87500000,62375.91000000
1769486400000,1.87500000,1.88700000,1.87200000,1.87700000,89460.51000000
1769490000000,1.87700000,1.87900000,1.87100000,1.87600000,38221.34000000
1769493600000,1.87500000,1.87600000,1.86200000,1.86400000,74578.07000000
1769497200000,1.86400000,1.87500000,1.86300000,1.86600000,49361.06000000
1769500800000,1.86700000,1.87200000,1.86000000,1.86100000,56960.09000000
1769504400000,1.86100000,1.86100000,1.85000000,1.85000000,90233.02000000
1769508000000,1.85000000,1.85600000,1.84800000,1.85200000,77989.37000000
1769511600000,1.85200000,1.85700000,1.84700000,1.85200000,54115.71000000
1769515200000,1.85100000,1.85400000,1.84500000,1.84900000,64041.58000000
1769518800000,1.84900000,1.85200000,1.83500000,1.83500000,365405.31000000
1769522400000,1.83600000,1.85400000,1.82800000,1.83300000,588120.28000000
1769526000000,1.83200000,1.85500000,1.82900000,1.85400000,160655.80000000
1769529600000,1.85400000,1.88200000,1.85000000,1.87200000,484660.96000000
1769533200000,1.87300000,1.87400000,1.82900000,1.83600000,284429.61000000
1769536800000,1.83600000,1.87200000,1.83300000,1.86600000,161135.84000000
1769540400000,1.86600000,1.87400000,1.85900000,1.87000000,93450.06000000
1769544000000,1.87000000,1.89900000,1.86900000,1.89200000,339283.73000000
1769547600000,1.89200000,1.89600000,1.87000000,1.87300000,179485.39000000
1769551200000,1.87400000,1.88900000,1.87400000,1.88100000,62762.61000000
1769554800000,1.88100000,1.88300000,1.87300000,1.87600000,147610.42000000
1769558400000,1.87700000,1.87900000,1.86500000,1.87700000,110177.16000000
1769562000000,1.87700000,1.87800000,1.86300000,1.87000000,66742.28000000
1769565600000,1.86900000,1.87500000,1.86300000,1.87100000,60330.57000000
1769569200000,1.87100000,1.87300000,1.85900000,1.86300000,66269.83000000
1769572800000,1.86200000,1.86400000,1.85300000,1.85700000,249498.95000000
1769576400000,1.85700000,1.86400000,1.84600000,1.86300000,529744.46000000
1769580000000,1.86300000,1.86900000,1.85400000,1.86400000,487411.96000000
1769583600000,1.86400000,1.86800000,1.85300000,1.86300000,770553.26000000
1769587200000,1.86300000,1.86500000,1.85600000,1.85800000,242222.92000000
1769590800000,1.85700000,1.88500000,1.85300000,1.88500000,446739.68000000
1769594400000,1.88500000,1.88900000,1.87500000,1.87700000,168751.11000000
1769598000000,1.87700000,1.89600000,1.87500000,1.89500000,122956.34000000
1769601600000,1.89400000,1.89500000,1.87400000,1.87900000,113050.59000000
1769605200000,1.87800000,1.88800000,1.86500000,1.86900000,1078270.83000000
1769608800000,1.86900000,1.87100000,1.85300000,1.85600000,169006.49000000
1769612400000,1.85600000,1.86100000,1.83500000,1.84700000,179644.64000000
1769616000000,1.84600000,1.85300000,1.83700000,1.84200000,127906.98000000
1769619600000,1.84200000,1.86100000,1.83100000,1.85400000,143021.39000000
1769623200000,1.85300000,1.85300000,1.83800000,1.84700000,120127.90000000
1769626800000,1.84600000,1.86300000,1.84100000,1.85900000,163230.76000000
1769630400000,1.85800000,1.87600000,1.85000000,1.85600000,173845.31000000
1769634000000,1.85700000,1.87000000,1.84100000,1.86500000,151163.37000000
1769637600000,1.86600000,1.88900000,1.85700000,1.88400000,138655.48000000
1769641200000,1.88400000,1.88600000,1.86800000,1.87000000,121855.26000000
1769644800000,1.87000000,1.87500000,1.84800000,1.85800000,135351.17000000
1769648400000,1.85800000,1.86100000,1.83700000,1.84300000,93776.29000000
1769652000000,1.84300000,1.84700000,1.80700000,1.81500000,316025.95000000
1769655600000,1.81500000,1.82900000,1.81100000,1.81600000,113582.06000000
1769659200000,1.81600000,1.81900000,1.80200000,1.81100000,128076.74000000
1769662800000,1.81200000,1.81600000,1.80900000,1.81100000,72090.01000000
1769666400000,1.81000000,1.81600000,1.80900000,1.81600000,77532.49000000
1769670000000,1.81500000,1.81800000,1.80900000,1.80900000,148375.76000000
1769673600000,1.81100000,1.81600000,1.80000000,1.80300000,166344.75000000
1769677200000,1.80300000,1.80500000,1.79600000,1.79800000,119502.55000000
1769680800000,1.79800000,1.80200000,1.79000000,1.79300000,149680.53000000
1769684400000,1.79300000,1.79700000,1.78600000,1.78900000,335199.65000000
1769688000000,1.78800000,1.79300000,1.77300000,1.78400000,230187.40000000
1769691600000,1.78400000,1.79500000,1.78300000,1.79400000,92970.31000000
1769695200000,1.79500000,1.79700000,1.75700000,1.75900000,343116.57000000
1769698800000,1.75900000,1.75900000,1.71200000,1.73100000,1439524.20000000
1769702400000,1.73100000,1.74900000,1.71600000,1.74900000,504637.01000000
1769706000000,1.74800000,1.76500000,1.72400000,1.72500000,572809.36000000
1769709600000,1.72500000,1.73100000,1.69800000,1.70100000,881888.12000000
1769713200000,1.70100000,1.73300000,1.69700000,1.72500000,612410.17000000
1769716800000,1.72500000,1.74100000,1.72100000,1.73800000,334273.24000000
1769720400000,1.73900000,1.74400000,1.73300000,1.73900000,289838.54000000
1769724000000,1.73900000,1.74600000,1.73200000,1.73700000,147870.73000000
1769727600000,1.73800000,1.73800000,1.72700000,1.73600000,114166.96000000
1769731200000,1.73600000,1.74500000,1.73500000,1.74000000,180515.12000000
1769734800000,1.74000000,1.74800000,1.67500000,1.71800000,1068224.23000000
1769738400000,1.71800000,1.71800000,1.68100000,1.70400000,412773.36000000
1769742000000,1.70400000,1.71500000,1.70000000,1.70300000,200543.66000000
1769745600000,1.70400000,1.72700000,1.70400000,1.71600000,165868.24000000
1769749200000,1.71600000,1.72000000,1.71100000,1.71500000,92676.61000000
1769752800000,1.71400000,1.71400000,1.67200000,1.68500000,505739.33000000
1769756400000,1.68600000,1.71700000,1.68600000,1.71000000,324051.89000000
1769760000000,1.71000000,1.71400000,1.69400000,1.70100000,181935.08000000
1769763600000,1.70200000,1.70700000,1.69200000,1.70000000,170280.25000000
1769767200000,1.70000000,1.70800000,1.69500000,1.70500000,202902.09000000
1769770800000,1.70400000,1.72600000,1.69900000,1.71900000,220365.07000000
1769774400000,1.72000000,1.72200000,1.69800000,1.70500000,237896.29000000
1769778000000,1.70400000,1.70900000,1.68700000,1.69400000,351946.47000000
1769781600000,1.69400000,1.71500000,1.68400000,1.68700000,409200.78000000
1769785200000,1.68700000,1.69500000,1.66300000,1.68600000,698937.20000000
1769788800000,1.68500000,1.69700000,1.67000000,1.67900000,422098.38000000
1769792400000,1.67900000,1.69800000,1.67100000,1.68800000,377495.23000000
1769796000000,1.68800000,1.71700000,1.65200000,1.71100000,816809.90000000
1769799600000,1.71100000,1.72300000,1.70800000,1.71500000,507579.66000000
1769803200000,1.71500000,1.71500000,1.68100000,1.68700000,605924.19000000
1769806800000,1.68700000,1.70300000,1.68300000,1.69600000,405930.97000000
1769810400000,1.69600000,1.70000000,1.68400000,1.69400000,127823.36000000
1769814000000,1.69400000,1.69400000,1.68300000,1.69000000,95092.57000000
1769817600000,1.69000000,1.69100000,1.68200000,1.68400000,100396.03000000
1769821200000,1.68500000,1.69100000,1.68100000,1.68700000,60363.30000000
1769824800000,1.68800000,1.68900000,1.67500000,1.68300000,159050.47000000
1769828400000,1.68300000,1.68700000,1.67800000,1.68200000,144642.97000000
1769832000000,1.68200000,1.68800000,1.67500000,1.67700000,88453.19000000
1769835600000,1.67600000,1.67900000,1.67100000,1.67500000,129260.37000000
1769839200000,1.67500000,1.67600000,1.65600000,1.66600000,385310.95000000
1769842800000,1.66600000,1.66700000,1.64600000,1.65700000,280565.39000000
1769846400000,1.65700000,1.66000000,1.61500000,1.63400000,982386.62000000
1769850000000,1.63400000,1.64800000,1.63000000,1.63900000,199025.84000000
1769853600000,1.63900000,1.64900000,1.63300000,1.64200000,290991.20000000
1769857200000,1.64300000,1.64300000,1.63300000,1.63500000,142243.50000000
1769860800000,1.63500000,1.63800000,1.63100000,1.63300000,180390.68000000
1769864400000,1.63300000,1.63400000,1.61600000,1.62200000,198122.88000000
1769868000000,1.62200000,1.62600000,1.53400000,1.56700000,2057502.59000000
1769871600000,1.56600000,1.59100000,1.56600000,1.57100000,481641.82000000
1769875200000,1.57100000,1.59200000,1.54600000,1.55300000,856791.25000000
1769878800000,1.55200000,1.55900000,1.46500000,1.49700000,2480229.52000000
1769882400000,1.49800000,1.50600000,1.39900000,1.47200000,2342482.25000000
1769886000000,1.47300000,1.50700000,1.47300000,1.49700000,824187.68000000
1769889600000,1.49600000,1.50900000,1.47900000,1.49900000,433190.02000000
1769893200000,1.49900000,1.52800000,1.49500000,1.52300000,522001.09000000
1769896800000,1.52300000,1.52700000,1.51100000,1.52300000,278024.91000000
1769900400000,1.52300000,1.55700000,1.51900000,1.54700000,412986.23000000
1769904000000,1.54800000,1.55700000,1.54400000,1.55300000,229988.79000000
1769907600000,1.55300000,1.55400000,1.53500000,1.55100000,140389.85000000
1769911200000,1.55100000,1.55800000,1.54600000,1.55500000,137066.12000000
1769914800000,1.55600000,1.55800000,1.54900000,1.55400000,136756.62000000
1769918400000,1.55400000,1.56000000,1.55100000,1.55300000,185565.81000000
1769922000000,1.55300000,1.56000000,1.54700000,1.55000000,232306.41000000
1769925600000,1.55000000,1.55800000,1.54000000,1.54300000,231785.08000000
1769929200000,1.54400000,1.55700000,1.53600000,1.54700000,397232.13000000
1769932800000,1.54700000,1.55700000,1.54100000,1.54600000,175800.33000000
1769936400000,1.54600000,1.55500000,1.53400000,1.55200000,211255.18000000
1769940000000,1.55200000,1.56000000,1.52900000,1.53100000,353026.62000000
1769943600000,1.53100000,1.55300000,1.53100000,1.54600000,189514.95000000
1769947200000,1.54700000,1.54700000,1.53000000,1.53500000,278499.89000000
1769950800000,1.53600000,1.54700000,1.52100000,1.52700000,381939.41000000
1769954400000,1.52700000,1.54000000,1.50500000,1.52500000,521614.47000000
1769958000000,1.52600000,1.52600000,1.48100000,1.50000000,662726.05000000
1769961600000,1.49900000,1.51400000,1.48700000,1.50100000,399532.60000000
1769965200000,1.50000000,1.50700000,1.48900000,1.50300000,191705.42000000
1769968800000,1.50300000,1.53100000,1.50200000,1.51500000,359401.74000000
1769972400000,1.51500000,1.51900000,1.49500000,1.50400000,244233.98000000
1769976000000,1.50400000,1.52000000,1.48900000,1.50500000,268049.59000000
1769979600000,1.50500000,1.50600000,1.49000000,1.49700000,237724.55000000
1769983200000,1.49700000,1.52200000,1.49600000,1.51100000,269392.40000000
1769986800000,1.51100000,1.51900000,1.45900000,1.49500000,887792.47000000
1769990400000,1.49600000,1.53300000,1.48400000,1.51900000,412750.15000000
1769994000000,1.51900000,1.53600000,1.49800000,1.52500000,388550.54000000
1769997600000,1.52500000,1.53300000,1.50900000,1.51000000,222147.92000000
1770001200000,1.51100000,1.51400000,1.45200000,1.51000000,874128.60000000
1770004800000,1.51000000,1.52000000,1.48100000,1.49600000,397206.77000000
1770008400000,1.49600000,1.49700000,1.45600000,1.47200000,486690.74000000
1770012000000,1.47100000,1.51700000,1.45400000,1.49500000,968895.98000000
1770015600000,1.49400000,1.50900000,1.48900000,1.49700000,337938.20000000
1770019200000,1.49700000,1.51100000,1.49700000,1.50600000,150736.82000000
1770022800000,1.50600000,1.53200000,1.49900000,1.52200000,495058.60000000
1770026400000,1.52200000,1.52600000,1.51400000,1.51700000,378414.12000000
1770030000000,1.51600000,1.52300000,1.51200000,1.51400000,318383.25000000
1770033600000,1.51400000,1.52900000,1.51300000,1.52700000,210184.22000000
1770037200000,1.52700000,1.53800000,1.52100000,1.53400000,206375.89000000
1770040800000,1.53300000,1.55800000,1.52000000,1.54200000,566648.46000000
1770044400000,1.54300000,1.57600000,1.53900000,1.57100000,524594.99000000
1770048000000,1.57200000,1.57600000,1.55600000,1.55700000,246828.55000000
1770051600000,1.55600000,1.56800000,1.55100000,1.55700000,170321.42000000
1770055200000,1.55700000,1.56500000,1.54800000,1.56100000,117481.20000000
1770058800000,1.56000000,1.56100000,1.54600000,1.54600000,122002.79000000
1770062400000,1.54600000,1.55100000,1.53700000,1.54100000,106035.82000000
1770066000000,1.54100000,1.55100000,1.54000000,1.54800000,89655.08000000
1770069600000,1.54800000,1.55500000,1.54600000,1.55300000,85560.18000000
1770073200000,1.55300000,1.55300000,1.54200000,1.54300000,83022.99000000
1770076800000,1.54300000,1.54600000,1.53500000,1.54500000,90095.80000000
1770080400000,1.54500000,1.54700000,1.53400000,1.54000000,74680.22000000
1770084000000,1.53900000,1.53900000,1.51200000,1.51300000,190756.90000000
1770087600000,1.51400000,1.54100000,1.50900000,1.53900000,243373.17000000
1770091200000,1.53800000,1.55000000,1.53200000,1.54500000,134275.92000000
1770094800000,1.54400000,1.54500000,1.52800000,1.53000000,78165.36000000
1770098400000,1.53000000,1.53800000,1.52100000,1.53500000,155048.17000000
1770102000000,1.53500000,1.54400000,1.53100000,1.53800000,105328.77000000
1770105600000,1.53800000,1.54400000,1.53100000,1.53200000,90501.86000000
1770109200000,1.53200000,1.53700000,1.51000000,1.51800000,441440.48000000
1770112800000,1.51800000,1.52500000,1.51200000,1.52200000,392368.46000000
1770116400000,1.52200000,1.52500000,1.51100000,1.51900000,572978.38000000
1770120000000,1.51800000,1.52600000,1.51300000,1.52200000,298040.94000000
1770123600000,1.52200000,1.53100000,1.51800000,1.52700000,763797.27000000
1770127200000,1.52700000,1.53300000,1.49700000,1.49700000,824417.31000000
1770130800000,1.49700000,1.53100000,1.49000000,1.52500000,1180751.26000000
1770134400000,1.52600000,1.52600000,1.48500000,1.49200000,1037054.65000000
1770138000000,1.49100000,1.49500000,1.46400000,1.46400000,510037.60000000
1770141600000,1.46500000,1.47100000,1.43200000,1.43400000,1047625.36000000
1770145200000,1.43400000,1.51700000,1.43100000,1.50500000,1029141.70000000
1770148800000,1.50400000,1.56600000,1.49000000,1.55400000,1316231.17000000
1770152400000,1.55400000,1.56600000,1.52200000,1.52400000,501694.91000000
1770156000000,1.52500000,1.52500000,1.50000000,1.50500000,240193.45000000
1770159600000,1.50400000,1.50500000,1.48800000,1.50000000,281953.66000000
1770163200000,1.49900000,1.51400000,1.49300000,1.50700000,249602.23000000
1770166800000,1.50800000,1.52700000,1.50700000,1.51900000,147309.64000000
1770170400000,1.51900000,1.52000000,1.50700000,1.51100000,180886.43000000
1770174000000,1.51100000,1.53400000,1.51000000,1.52800000,211210.22000000
1770177600000,1.52800000,1.53100000,1.51800000,1.51900000,106286.89000000
1770181200000,1.51900000,1.51900000,1.50100000,1.50700000,158651.28000000
1770184800000,1.50700000,1.52100000,1.50600000,1.51700000,135276.22000000
1770188400000,1.51600000,1.52400000,1.50900000,1.51700000,174132.36000000
1770192000000,1.51800000,1.52600000,1.51300000,1.52100000,157344.82000000
1770195600000,1.52100000,1.52100000,1.50500000,1.50700000,147474.62000000
1770199200000,1.50800000,1.51100000,1.50300000,1.50500000,110265.46000000
1770202800000,1.50500000,1.50900000,1.48800000,1.50100000,311242.12000000
1770206400000,1.50200000,1.50400000,1.49300000,1.49900000,129204.07000000
1770210000000,1.49800000,1.50000000,1.47500000,1.47500000,298198.97000000
1770213600000,1.47600000,1.48500000,1.45200000,1.45300000,458058.27000000
1770217200000,1.45300000,1.47300000,1.43600000,1.45100000,643792.10000000
1770220800000,1.45100000,1.45800000,1.42700000,1.44200000,717696.36000000
1770224400000,1.44200000,1.45300000,1.42900000,1.44500000,499950.87000000
1770228000000,1.44500000,1.47800000,1.42500000,1.45800000,690788.19000000
1770231600000,1.45900000,1.49000000,1.45200000,1.48600000,418264.26000000
1770235200000,1.48700000,1.49100000,1.47000000,1.47300000,152615.10000000
1770238800000,1.47300000,1.47900000,1.44700000,1.45800000,221890.55000000
1770242400000,1.45900000,1.48200000,1.43200000,1.44800000,337796.64000000
1770246000000,1.44800000,1.47500000,1.44300000,1.46100000,341650.98000000
1770249600000,1.46200000,1.46900000,1.45500000,1.46200000,159965.09000000
1770253200000,1.46200000,1.47800000,1.44900000,1.45800000,387500.04000000
1770256800000,1.45800000,1.47300000,1.44500000,1.44800000,419134.93000000
1770260400000,1.44900000,1.45900000,1.44000000,1.44200000,261859.45000000
1770264000000,1.44200000,1.45300000,1.43500000,1.44200000,324461.19000000
1770267600000,1.44200000,1.46100000,1.42700000,1.44300000,423337.61000000
1770271200000,1.44400000,1.44600000,1.42100000,1.42700000,258702.82000000
1770274800000,1.42600000,1.44600000,1.42100000,1.42400000,281642.26000000
1770278400000,1.42500000,1.44200000,1.42500000,1.43100000,185095.68000000
1770282000000,1.43100000,1.44700000,1.42700000,1.42900000,329209.56000000
1770285600000,1.42900000,1.43000000,1.39600000,1.40300000,557986.86000000
1770289200000,1.40200000,1.40700000,1.37300000,1.39200000,863881.61000000
1770292800000,1.39300000,1.39900000,1.37500000,1.39000000,878332.93000000
1770296400000,1.39000000,1.40300000,1.37900000,1.38300000,496526.88000000
1770300000000,1.38200000,1.41100000,1.37700000,1.38000000,1029263.30000000
1770303600000,1.38000000,1.38500000,1.29100000,1.32800000,2925478.36000000
1770307200000,1.32900000,1.35200000,1.31500000,1.33600000,1275096.67000000
1770310800000,1.33600000,1.36200000,1.29400000,1.30700000,1393101.83000000
1770314400000,1.30700000,1.32700000,1.29200000,1.32400000,1064380.02000000
1770318000000,1.32400000,1.32500000,1.29700000,1.30000000,427380.46000000
1770321600000,1.30000000,1.31000000,1.23200000,1.25600000,2411091.10000000
1770325200000,1.25600000,1.28800000,1.24000000,1.25700000,1379000.99000000
1770328800000,1.25700000,1.28900000,1.24100000,1.26800000,1046570.42000000
1770332400000,1.26700000,1.28800000,1.24200000,1.24800000,944447.19000000
1770336000000,1.24800000,1.25400000,1.10100000,1.22800000,7579509.33000000
1770339600000,1.22800000,1.26900000,1.22300000,1.26600000,925301.16000000
1770343200000,1.26600000,1.27600000,1.23100000,1.24100000,590710.45000000
1770346800000,1.24100000,1.24900000,1.22900000,1.24000000,425910.55000000
1770350400000,1.24100000,1.25800000,1.23200000,1.25500000,376311.56000000
1770354000000,1.25400000,1.30300000,1.25200000,1.29500000,431947.37000000
1770357600000,1.29600000,1.30200000,1.27000000,1.27200000,556612.64000000
1770361200000,1.27300000,1.28200000,1.25900000,1.27100000,540467.96000000
1770364800000,1.27100000,1.28600000,1.26300000,1.27500000,854276.65000000
1770368400000,1.27500000,1.31000000,1.26900000,1.30600000,578609.87000000
1770372000000,1.30500000,1.32700000,1.30100000,1.32500000,585459.71000000
1770375600000,1.32500000,1.33200000,1.32100000,1.32500000,592951.62000000
1770379200000,1.32500000,1.32500000,1.31300000,1.32400000,291714.50000000
1770382800000,1.32400000,1.33700000,1.32100000,1.32800000,491856.09000000
1770386400000,1.32800000,1.35400000,1.31700000,1.34500000,922621.24000000
1770390000000,1.34500000,1.35400000,1.33300000,1.34800000,807819.39000000
1770393600000,1.34800000,1.38400000,1.34300000,1.37500000,698652.73000000
1770397200000,1.37600000,1.40700000,1.36900000,1.38900000,948368.19000000
1770400800000,1.38800000,1.39000000,1.35400000,1.36000000,560125.86000000
1770404400000,1.36100000,1.36800000,1.34800000,1.36500000,325225.78000000
1770408000000,1.36400000,1.37300000,1.34900000,1.35500000,421519.27000000
1770411600000,1.35500000,1.36700000,1.34800000,1.36600000,336437.35000000
1770415200000,1.36600000,1.38800000,1.36400000,1.38300000,330048.99000000
1770418800000,1.38200000,1.38700000,1.36300000,1.36800000,236203.30000000
1770422400000,1.36700000,1.36800000,1.34500000,1.35300000,373452.55000000
1770426000000,1.35300000,1.36100000,1.34200000,1.35900000,188962.52000000
1770429600000,1.35800000,1.36300000,1.35300000,1.35800000,148128.86000000
1770433200000,1.35700000,1.38200000,1.35700000,1.37800000,374162.61000000
1770436800000,1.37700000,1.39000000,1.37300000,1.37700000,751052.70000000
1770440400000,1.37600000,1.38000000,1.36400000,1.36900000,162939.24000000
1770444000000,1.36800000,1.37100000,1.34300000,1.34400000,280368.33000000
1770447600000,1.34400000,1.34900000,1.31600000,1.33100000,689833.28000000
1770451200000,1.33000000,1.34300000,1.32600000,1.34000000,180522.94000000
1770454800000,1.33900000,1.34300000,1.33100000,1.33400000,128708.49000000
1770458400000,1.33300000,1.33700000,1.32200000,1.33100000,174073.07000000
1770462000000,1.33000000,1.33300000,1.32700000,1.33100000,92269.69000000
1770465600000,1.33000000,1.37000000,1.32800000,1.35500000,527326.36000000
1770469200000,1.35500000,1.35900000,1.34000000,1.34500000,132875.57000000
1770472800000,1.34600000,1.34900000,1.32900000,1.33300000,175266.98000000
1770476400000,1.33300000,1.36100000,1.33000000,1.35500000,276154.26000000
1770480000000,1.35600000,1.40300000,1.35100000,1.36600000,4163027.63000000
1770483600000,1.36600000,1.38000000,1.36000000,1.37300000,145335.52000000
1770487200000,1.37300000,1.39300000,1.37200000,1.38300000,174881.21000000
1770490800000,1.38300000,1.38400000,1.37300000,1.37600000,76408.74000000
1770494400000,1.37600000,1.38600000,1.37400000,1.38400000,145075.46000000
1770498000000,1.38400000,1.38700000,1.37500000,1.37600000,137536.14000000
1770501600000,1.37700000,1.38000000,1.37400000,1.37600000,88784.72000000
1770505200000,1.37600000,1.37800000,1.36500000,1.37200000,111870.68000000
1770508800000,1.37200000,1.37300000,1.36400000,1.36800000,121405.92000000
1770512400000,1.36800000,1.37300000,1.36400000,1.36700000,143541.73000000
1770516000000,1.36700000,1.37000000,1.35600000,1.35900000,63120.80000000
1770519600000,1.36000000,1.36100000,1.35100000,1.35300000,106967.45000000
1770523200000,1.35300000,1.35600000,1.34800000,1.35300000,157168.93000000
1770526800000,1.35300000,1.35500000,1.34500000,1.34800000,72732.59000000
1770530400000,1.34800000,1.35000000,1.34300000,1.34500000,69748.43000000
1770534000000,1.34600000,1.35000000,1.34000000,1.35000000,63915.59000000
1770537600000,1.35000000,1.37400000,1.34800000,1.37300000,244702.27000000
1770541200000,1.37300000,1.37700000,1.35600000,1.36000000,137396.76000000
1770544800000,1.36000000,1.36500000,1.34600000,1.35300000,150292.03000000
1770548400000,1.35300000,1.37400000,1.35200000,1.37000000,189324.07000000
1770552000000,1.37100000,1.37100000,1.35900000,1.36600000,163656.38000000
1770555600000,1.36600000,1.36800000,1.35800000,1.36400000,270154.98000000
1770559200000,1.36500000,1.37100000,1.36100000,1.36900000,139205.35000000
1770562800000,1.37000000,1.37200000,1.35100000,1.35700000,174764.50000000
1770566400000,1.35700000,1.36000000,1.32700000,1.33200000,211982.49000000
1770570000000,1.33300000,1.34700000,1.33300000,1.34300000,158758.85000000
1770573600000,1.34400000,1.36100000,1.34300000,1.35300000,118473.37000000
1770577200000,1.35300000,1.36100000,1.35100000,1.35900000,62182.61000000
1770580800000,1.35900000,1.35900000,1.34100000,1.34300000,119808.11000000
1770584400000,1.34300000,1.34600000,1.33000000,1.33700000,156360.52000000
1770588000000,1.33700000,1.34200000,1.33200000,1.34000000,72333.02000000
1770591600000,1.34100000,1.36800000,1.32500000,1.33700000,404673.25000000
1770595200000,1.33600000,1.34200000,1.32800000,1.33800000,136480.77000000
1770598800000,1.33700000,1.34900000,1.32600000,1.33600000,200079.66000000
1770602400000,1.33500000,1.34800000,1.33200000,1.34100000,61448.38000000
1770606000000,1.34100000,1.35100000,1.33500000,1.34700000,268678.13000000
1770609600000,1.34700000,1.34700000,1.33200000,1.33200000,114753.45000000
1770613200000,1.33200000,1.33500000,1.32800000,1.33400000,88157.27000000
1770616800000,1.33300000,1.33300000,1.31800000,1.32400000,211139.68000000
1770620400000,1.32400000,1.32600000,1.31500000,1.31800000,130861.95000000
1770624000000,1.31700000,1.32100000,1.29800000,1.30500000,246865.60000000
1770627600000,1.30500000,1.30800000,1.29600000,1.29900000,206345.75000000
1770631200000,1.30000000,1.30000000,1.27700000,1.28400000,318088.03000000
1770634800000,1.28400000,1.29300000,1.28400000,1.29200000,171201.27000000
1770638400000,1.29100000,1.30100000,1.28900000,1.29700000,153818.46000000
1770642000000,1.29700000,1.30500000,1.29400000,1.29400000,164708.86000000
1770645600000,1.29500000,1.32100000,1.29100000,1.31800000,482528.39000000
1770649200000,1.31800000,1.33000000,1.29000000,1.31000000,428172.61000000
1770652800000,1.31100000,1.33100000,1.30000000,1.31900000,353801.58000000
1770656400000,1.31900000,1.34500000,1.31300000,1.33800000,444876.06000000
1770660000000,1.33800000,1.34300000,1.32400000,1.33100000,228992.45000000
1770663600000,1.33100000,1.33400000,1.32500000,1.33200000,234990.43000000
1770667200000,1.33200000,1.33400000,1.31900000,1.32600000,232901.19000000
1770670800000,1.32600000,1.32900000,1.31000000,1.32500000,182478.53000000
1770674400000,1.32400000,1.33000000,1.32300000,1.32600000,96727.90000000
1770678000000,1.32700000,1.33000000,1.31900000,1.32000000,72496.87000000
1770681600000,1.32000000,1.32300000,1.31100000,1.31500000,125507.72000000
1770685200000,1.31400000,1.32800000,1.31400000,1.32400000,110479.74000000
1770688800000,1.32400000,1.32400000,1.31200000,1.31500000,47271.84000000
1770692400000,1.31500000,1.31600000,1.29100000,1.29900000,369889.06000000
1770696000000,1.29900000,1.31000000,1.29800000,1.30800000,113978.43000000
1770699600000,1.30900000,1.30900000,1.29100000,1.29500000,173619.72000000
1770703200000,1.29500000,1.29700000,1.27200000,1.27800000,512166.96000000
1770706800000,1.27900000,1.28800000,1.27800000,1.28400000,177925.53000000
1770710400000,1.28400000,1.28800000,1.27900000,1.28800000,200730.03000000
1770714000000,1.28800000,1.29300000,1.28000000,1.28000000,221154.93000000
1770717600000,1.28000000,1.28200000,1.27200000,1.27400000,159467.16000000
1770721200000,1.27300000,1.27900000,1.27000000,1.27300000,211450.68000000
1770724800000,1.27300000,1.27700000,1.26700000,1.26700000,120990.47000000
1770728400000,1.26700000,1.27600000,1.26500000,1.27300000,175973.61000000
1770732000000,1.27300000,1.28600000,1.26600000,1.27600000,351379.00000000
1770735600000,1.27500000,1.29100000,1.27200000,1.28400000,221674.01000000
1770739200000,1.28400000,1.28700000,1.27200000,1.27800000,249076.34000000
1770742800000,1.27700000,1.28600000,1.27300000,1.28300000,125227.67000000
1770746400000,1.28400000,1.28500000,1.26600000,1.27200000,206021.58000000
1770750000000,1.27200000,1.27900000,1.26700000,1.27300000,103286.74000000
1770753600000,1.27300000,1.27800000,1.26900000,1.27600000,102443.13000000
1770757200000,1.27500000,1.27900000,1.26900000,1.27400000,113962.67000000
1770760800000,1.27400000,1.28500000,1.27400000,1.27800000,95198.00000000
1770764400000,1.27800000,1.28500000,1.27700000,1.28300000,70606.43000000
1770768000000,1.28300000,1.28900000,1.28300000,1.28500000,111781.76000000
1770771600000,1.28600000,1.28900000,1.28300000,1.28700000,62034.82000000
1770775200000,1.28700000,1.29200000,1.28000000,1.28000000,73590.99000000
1770778800000,1.28100000,1.28400000,1.26800000,1.27600000,157833.92000000
1770782400000,1.27600000,1.27900000,1.25400000,1.25800000,326620.48000000
1770786000000,1.25700000,1.26300000,1.25300000,1.25300000,130421.32000000
1770789600000,1.25300000,1.25700000,1.24100000,1.24300000,426614.48000000
1770793200000,1.24300000,1.24500000,1.23700000,1.24000000,92401.98000000
1770796800000,1.23900000,1.24000000,1.23200000,1.23900000,191393.42000000
1770800400000,1.23900000,1.24300000,1.23400000,1.23500000,119646.81000000
1770804000000,1.23500000,1.23800000,1.22800000,1.23300000,471866.23000000
1770807600000,1.23300000,1.24300000,1.23300000,1.24100000,145679.38000000
1770811200000,1.24200000,1.24300000,1.23400000,1.23700000,273757.86000000
1770814800000,1.23700000,1.25200000,1.23200000,1.25200000,480358.86000000
1770818400000,1.25200000,1.29700000,1.23700000,1.23900000,861779.51000000
1770822000000,1.23900000,1.24500000,1.22500000,1.23800000,480518.27000000
1770825600000,1.23700000,1.26100000,1.23500000,1.23700000,396116.78000000
1770829200000,1.23600000,1.26300000,1.23500000,1.25300000,200205.71000000
1770832800000,1.25300000,1.26900000,1.24500000,1.26400000,189720.79000000
1770836400000,1.26500000,1.27000000,1.25700000,1.25900000,189440.90000000
1770840000000,1.25900000,1.26600000,1.25000000,1.26200000,159779.78000000
1770843600000,1.26200000,1.28100000,1.26000000,1.27600000,322613.19000000
1770847200000,1.27500000,1.28100000,1.25900000,1.25900000,227674.18000000
1770850800000,1.26000000,1.26600000,1.24800000,1.25600000,270194.13000000
1770854400000,1.25500000,1.27200000,1.25500000,1.26700000,211569.25000000
1770858000000,1.26600000,1.28000000,1.26600000,1.27000000,79861.11000000
1770861600000,1.27000000,1.28200000,1.26900000,1.27700000,124562.01000000
1770865200000,1.27800000,1.28200000,1.27600000,1.28200000,90763.12000000
1770868800000,1.28100000,1.28600000,1.27700000,1.27900000,116005.84000000
1770872400000,1.27900000,1.28400000,1.27100000,1.28300000,122398.11000000
1770876000000,1.28300000,1.29300000,1.28300000,1.28700000,102071.13000000
1770879600000,1.28800000,1.29300000,1.28100000,1.29100000,91146.47000000
1770883200000,1.29100000,1.29300000,1.28200000,1.28600000,138214.88000000
1770886800000,1.28600000,1.29500000,1.28400000,1.29200000,338441.57000000
1770890400000,1.29200000,1.30200000,1.28600000,1.30200000,120826.41000000
1770894000000,1.30100000,1.30400000,1.29400000,1.29700000,203423.58000000
1770897600000,1.29700000,1.29700000,1.28100000,1.28600000,279069.31000000
1770901200000,1.28500000,1.29500000,1.27800000,1.29400000,291410.04000000
1770904800000,1.29400000,1.29400000,1.28200000,1.29000000,198014.87000000
1770908400000,1.29000000,1.29900000,1.27400000,1.27500000,321734.40000000
1770912000000,1.27500000,1.27700000,1.24900000,1.25500000,468655.81000000
1770915600000,1.25500000,1.26900000,1.25100000,1.25700000,195826.28000000
1770919200000,1.25700000,1.27000000,1.25600000,1.26800000,153501.06000000
1770922800000,1.26700000,1.28900000,1.26200000,1.27100000,212472.98000000
1770926400000,1.27100000,1.27400000,1.25600000,1.25900000,146952.56000000
1770930000000,1.25900000,1.26800000,1.25900000,1.26400000,138202.89000000
1770933600000,1.26500000,1.28100000,1.26200000,1.27900000,134886.49000000
1770937200000,1.27900000,1.28500000,1.27700000,1.28300000,203968.82000000
1770940800000,1.28300000,1.28800000,1.27300000,1.27900000,159372.95000000
1770944400000,1.27800000,1.28100000,1.27100000,1.27300000,250592.62000000
1770948000000,1.27300000,1.27600000,1.26800000,1.27400000,92992.54000000
1770951600000,1.27300000,1.27600000,1.26800000,1.27100000,84937.99000000
1770955200000,1.27100000,1.27200000,1.26300000,1.26400000,65523.66000000
1770958800000,1.26400000,1.26400000,1.25700000,1.25700000,96996.54000000
1770962400000,1.25700000,1.26800000,1.25200000,1.26700000,174075.55000000
1770966000000,1.26700000,1.27400000,1.26500000,1.26800000,127039.21000000
1770969600000,1.26900000,1.28200000,1.26500000,1.27800000,127165.93000000
1770973200000,1.27900000,1.27900000,1.27300000,1.27800000,74382.72000000
1770976800000,1.27700000,1.28500000,1.27400000,1.28100000,120112.89000000
1770980400000,1.28100000,1.28100000,1.27500000,1.27900000,112526.61000000
1770984000000,1.27800000,1.27800000,1.27100000,1.27500000,83285.81000000
1770987600000,1.27500000,1.29000000,1.27100000,1.28400000,244373.61000000
1770991200000,1.28300000,1.30000000,1.27700000,1.28900000,461246.38000000
1770994800000,1.28900000,1.32600000,1.28700000,1.30700000,710210.11000000
1770998400000,1.30700000,1.33500000,1.30300000,1.32500000,390958.08000000
1771002000000,1.32500000,1.33000000,1.31900000,1.32200000,132212.76000000
1771005600000,1.32100000,1.32400000,1.31400000,1.32100000,211771.88000000
1771009200000,1.32100000,1.32700000,1.31700000,1.32300000,145966.00000000
1771012800000,1.32200000,1.33000000,1.31900000,1.32800000,167893.66000000
1771016400000,1.32700000,1.33700000,1.32700000,1.33300000,148431.13000000
1771020000000,1.33400000,1.34100000,1.32900000,1.33200000,198908.04000000
1771023600000,1.33200000,1.33200000,1.32600000,1.33000000,151490.65000000
1771027200000,1.33100000,1.34200000,1.33000000,1.34100000,220535.02000000
1771030800000,1.34000000,1.35200000,1.33900000,1.34700000,177806.82000000
1771034400000,1.34600000,1.34900000,1.34100000,1.34300000,72710.33000000
1771038000000,1.34200000,1.34900000,1.34200000,1.34600000,86160.06000000
1771041600000,1.34600000,1.34800000,1.34300000,1.34600000,35425.43000000
1771045200000,1.34500000,1.35100000,1.34300000,1.34300000,65615.95000000
1771048800000,1.34300000,1.34800000,1.33900000,1.34600000,73488.06000000
1771052400000,1.34600000,1.35300000,1.34300000,1.34600000,167684.28000000
1771056000000,1.34600000,1.36600000,1.34500000,1.36300000,281415.65000000
1771059600000,1.36300000,1.36700000,1.36100000,1.36600000,120261.39000000
1771063200000,1.36500000,1.36500000,1.35700000,1.35900000,129380.99000000
1771066800000,1.35900000,1.37500000,1.35700000,1.37100000,289981.06000000
1771070400000,1.37000000,1.37600000,1.36400000,1.36600000,207294.40000000
1771074000000,1.36500000,1.37000000,1.36000000,1.36800000,154337.49000000
1771077600000,1.36800000,1.39300000,1.36700000,1.39200000,183314.26000000
1771081200000,1.39100000,1.40000000,1.38500000,1.39800000,202919.31000000
1771084800000,1.39900000,1.41000000,1.38800000,1.40700000,268187.59000000
1771088400000,1.40700000,1.41500000,1.40000000,1.40200000,169010.16000000
1771092000000,1.40200000,1.41800000,1.40100000,1.41500000,144454.80000000
1771095600000,1.41500000,1.43100000,1.41000000,1.42600000,283869.12000000
1771099200000,1.42700000,1.43100000,1.41200000,1.41800000,218673.55000000
1771102800000,1.41800000,1.43500000,1.41100000,1.41800000,331588.42000000
1771106400000,1.41800000,1.44000000,1.41800000,1.43000000,159061.06000000
1771110000000,1.42900000,1.43100000,1.41700000,1.42100000,130909.03000000
1771113600000,1.42100000,1.42500000,1.40900000,1.41400000,125895.36000000
1771117200000,1.41400000,1.42500000,1.40400000,1.41700000,245654.60000000
1771120800000,1.41600000,1.42200000,1.40000000,1.41100000,260261.82000000
1771124400000,1.41000000,1.41700000,1.39200000,1.41700000,397361.40000000
1771128000000,1.41600000,1.43600000,1.41300000,1.41700000,446287.90000000
1771131600000,1.41700000,1.43100000,1.41700000,1.42600000,135833.61000000
1771135200000,1.42600000,1.43000000,1.41600000,1.42400000,150943.01000000
1771138800000,1.42400000,1.43800000,1.42400000,1.43600000,122051.55000000
1771142400000,1.43600000,1.43900000,1.40700000,1.41200000,185030.36000000
1771146000000,1.41300000,1.42400000,1.41100000,1.41600000,106349.66000000
1771149600000,1.41500000,1.41600000,1.39800000,1.40800000,222162.76000000
1771153200000,1.40800000,1.41400000,1.40200000,1.40400000,67709.08000000
1771156800000,1.40300000,1.40400000,1.36400000,1.36400000,491130.95000000
1771160400000,1.36400000,1.37600000,1.35000000,1.35600000,549870.92000000
1771164000000,1.35500000,1.37000000,1.35500000,1.36900000,166547.64000000
1771167600000,1.36900000,1.37400000,1.36300000,1.36700000,233221.27000000
1771171200000,1.36700000,1.36900000,1.35600000,1.36400000,182689.35000000
1771174800000,1.36400000,1.36800000,1.33600000,1.34600000,383922.45000000
1771178400000,1.34600000,1.35000000,1.33300000,1.33800000,357266.46000000
1771182000000,1.33700000,1.34800000,1.33100000,1.34100000,339323.05000000
1771185600000,1.34100000,1.35200000,1.33500000,1.34900000,158866.81000000
1771189200000,1.35000000,1.35700000,1.34900000,1.35100000,80994.29000000
1771192800000,1.35100000,1.35900000,1.34900000,1.35800000,107535.50000000
1771196400000,1.35800000,1.36000000,1.34400000,1.35700000,111005.81000000
1771200000000,1.35700000,1.36600000,1.35500000,1.35800000,129123.16000000
1771203600000,1.35800000,1.36400000,1.34900000,1.35500000,92548.29000000
1771207200000,1.35500000,1.35900000,1.34700000,1.34900000,95081.33000000
1771210800000,1.35000000,1.35500000,1.34800000,1.35300000,102668.34000000
1771214400000,1.35300000,1.36700000,1.35300000,1.36700000,86143.65000000
1771218000000,1.36700000,1.37100000,1.34100000,1.34500000,208205.41000000
1771221600000,1.34500000,1.36000000,1.34500000,1.35600000,93175.35000000
1771225200000,1.35500000,1.35900000,1.34800000,1.35100000,139395.22000000
1771228800000,1.35100000,1.36000000,1.35000000,1.35600000,60083.35000000
1771232400000,1.35500000,1.36700000,1.35400000,1.36400000,117107.11000000
1771236000000,1.36300000,1.36400000,1.35700000,1.36100000,91640.89000000
1771239600000,1.36100000,1.36300000,1.34000000,1.35600000,190261.18000000
1771243200000,1.35600000,1.38300000,1.35400000,1.38300000,256714.62000000
1771246800000,1.38300000,1.39100000,1.35100000,1.35500000,403164.59000000
1771250400000,1.35400000,1.36800000,1.34800000,1.36200000,217676.69000000
1771254000000,1.36200000,1.36800000,1.33200000,1.34000000,308823.41000000
1771257600000,1.34000000,1.35600000,1.34000000,1.35000000,248599.28000000
1771261200000,1.35100000,1.35500000,1.34300000,1.34900000,136503.87000000
1771264800000,1.34800000,1.35800000,1.34800000,1.35100000,90358.53000000
1771268400000,1.35100000,1.36200000,1.34800000,1.35700000,42041.30000000
1771272000000,1.35700000,1.37100000,1.35300000,1.36900000,103951.00000000
1771275600000,1.36900000,1.38200000,1.36400000,1.38100000,95823.63000000
1771279200000,1.38100000,1.38300000,1.37200000,1.37700000,233765.77000000
1771282800000,1.37700000,1.37900000,1.37300000,1.37600000,56796.08000000
1771286400000,1.37700000,1.38000000,1.36800000,1.37000000,94653.86000000
1771290000000,1.37000000,1.37600000,1.36500000,1.36700000,57169.77000000
1771293600000,1.36600000,1.37800000,1.35800000,1.37500000,126743.84000000
1771297200000,1.37400000,1.37700000,1.36900000,1.37500000,83785.93000000
1771300800000,1.37500000,1.38000000,1.36900000,1.37800000,79458.12000000
1771304400000,1.37800000,1.37900000,1.36200000,1.37100000,122625.01000000
1771308000000,1.37100000,1.37800000,1.37100000,1.37700000,68639.11000000
1771311600000,1.37600000,1.38000000,1.37200000,1.37400000,98791.50000000
1771315200000,1.37300000,1.37500000,1.36200000,1.36400000,186218.76000000
1771318800000,1.36500000,1.36600000,1.35500000,1.36300000,67327.24000000
1771322400000,1.36200000,1.36300000,1.35300000,1.35600000,100177.99000000
1771326000000,1.35600000,1.36600000,1.35600000,1.36300000,106501.07000000
1771329600000,1.36300000,1.36700000,1.35700000,1.36000000,92768.60000000
1771333200000,1.36000000,1.37800000,1.35700000,1.37300000,164206.52000000
1771336800000,1.37400000,1.37700000,1.34000000,1.34400000,422565.26000000
1771340400000,1.34400000,1.36000000,1.34200000,1.35900000,192131.10000000
1771344000000,1.35900000,1.38100000,1.35900000,1.36600000,321707.65000000
1771347600000,1.36500000,1.36900000,1.34300000,1.35200000,258841.23000000
1771351200000,1.35200000,1.37700000,1.35000000,1.36900000,182133.48000000
1771354800000,1.36900000,1.37200000,1.35700000,1.35900000,129224.68000000
1771358400000,1.35800000,1.36100000,1.35000000,1.35400000,155796.96000000
1771362000000,1.35400000,1.36100000,1.34800000,1.35400000,165682.19000000
1771365600000,1.35400000,1.35400000,1.34600000,1.34700000,99445.91000000
1771369200000,1.34600000,1.34900000,1.34300000,1.34700000,86107.99000000
1771372800000,1.34700000,1.34800000,1.33800000,1.33900000,124839.93000000
1771376400000,1.33900000,1.34800000,1.33800000,1.34700000,243574.52000000
1771380000000,1.34700000,1.35900000,1.34500000,1.35500000,115498.84000000
1771383600000,1.35400000,1.36000000,1.35400000,1.35700000,64992.20000000
1771387200000,1.35700000,1.36000000,1.35000000,1.35100000,137197.41000000
1771390800000,1.35200000,1.35600000,1.35000000,1.35400000,54535.89000000
1771394400000,1.35400000,1.35900000,1.35100000,1.35200000,47151.33000000
1771398000000,1.35100000,1.36300000,1.35100000,1.36000000,77800.51000000
1771401600000,1.36000000,1.36700000,1.35900000,1.36000000,90781.59000000
1771405200000,1.36000000,1.36300000,1.35600000,1.35900000,104290.34000000
1771408800000,1.35900000,1.36300000,1.35200000,1.35400000,178620.15000000
1771412400000,1.35500000,1.35500000,1.33800000,1.34500000,185889.48000000
1771416000000,1.34500000,1.35200000,1.34200000,1.34700000,101519.24000000
1771419600000,1.34700000,1.34900000,1.33400000,1.33900000,152659.04000000
1771423200000,1.34000000,1.34600000,1.33100000,1.34300000,203321.67000000
1771426800000,1.34300000,1.37200000,1.34300000,1.35700000,321655.21000000
1771430400000,1.35700000,1.35800000,1.33600000,1.33800000,261207.88000000
1771434000000,1.33900000,1.35200000,1.33600000,1.33800000,204423.57000000
1771437600000,1.33900000,1.34000000,1.31700000,1.32000000,322321.63000000
1771441200000,1.31900000,1.32400000,1.30400000,1.31100000,239867.86000000
1771444800000,1.31000000,1.32000000,1.30600000,1.31100000,187157.64000000
1771448400000,1.31100000,1.31400000,1.30600000,1.30900000,137153.53000000
1771452000000,1.30800000,1.31100000,1.30000000,1.30700000,147804.23000000
1771455600000,1.30800000,1.31200000,1.30400000,1.31100000,98941.21000000
1771459200000,1.31100000,1.31600000,1.30500000,1.30600000,155671.67000000
1771462800000,1.30600000,1.32100000,1.30600000,1.32000000,186087.34000000
1771466400000,1.32000000,1.32200000,1.31300000,1.31600000,120152.12000000
1771470000000,1.31600000,1.31800000,1.31100000,1.31700000,120412.42000000
1771473600000,1.31700000,1.32100000,1.31300000,1.31500000,54564.16000000
1771477200000,1.31400000,1.31500000,1.30500000,1.30800000,113073.27000000
1771480800000,1.30800000,1.31600000,1.30800000,1.31200000,122994.38000000
1771484400000,1.31200000,1.31500000,1.30800000,1.30900000,137072.71000000
1771488000000,1.31000000,1.31000000,1.28800000,1.29600000,259639.07000000
1771491600000,1.29500000,1.30500000,1.29500000,1.29900000,123183.72000000
1771495200000,1.29800000,1.29900000,1.29100000,1.29500000,256148.45000000
1771498800000,1.29400000,1.29800000,1.28900000,1.29300000,154206.56000000
1771502400000,1.29300000,1.29700000,1.28900000,1.29100000,97805.94000000
1771506000000,1.29000000,1.29100000,1.26900000,1.27700000,266683.54000000
1771509600000,1.27600000,1.29000000,1.27100000,1.28400000,351513.53000000
1771513200000,1.28400000,1.29000000,1.27000000,1.27400000,223928.86000000
1771516800000,1.27300000,1.27800000,1.26000000,1.27200000,255843.91000000
1771520400000,1.27200000,1.28900000,1.26500000,1.27400000,182204.74000000
1771524000000,1.27300000,1.29000000,1.27200000,1.28600000,168682.88000000
1771527600000,1.28600000,1.28600000,1.27300000,1.28100000,199358.67000000
1771531200000,1.28100000,1.28700000,1.27800000,1.28200000,150855.20000000
1771534800000,1.28200000,1.28400000,1.27900000,1.27900000,94919.38000000
1771538400000,1.28000000,1.28500000,1.27500000,1.28500000,85925.81000000
1771542000000,1.28500000,1.28900000,1.28200000,1.28700000,79303.12000000
1771545600000,1.28700000,1.29800000,1.28500000,1.29700000,116277.59000000
1771549200000,1.29600000,1.29700000,1.29000000,1.29300000,126419.83000000
1771552800000,1.29300000,1.29700000,1.28900000,1.28900000,122558.75000000
1771556400000,1.28900000,1.29400000,1.28600000,1.28900000,64467.18000000
1771560000000,1.28900000,1.28900000,1.27400000,1.28300000,184092.83000000
1771563600000,1.28300000,1.30000000,1.27900000,1.29400000,168854.15000000
1771567200000,1.29400000,1.29900000,1.29000000,1.29800000,114892.32000000
1771570800000,1.29900000,1.30200000,1.29500000,1.29900000,127872.02000000
1771574400000,1.29800000,1.30400000,1.29700000,1.30100000,84981.03000000
1771578000000,1.30000000,1.31200000,1.30000000,1.31000000,127633.39000000
1771581600000,1.30900000,1.31600000,1.30500000,1.30600000,156067.10000000
1771585200000,1.30600000,1.30700000,1.29200000,1.29800000,135259.35000000
1771588800000,1.29800000,1.30300000,1.29500000,1.29800000,174589.59000000
1771592400000,1.29800000,1.30000000,1.27500000,1.28500000,381134.26000000
1771596000000,1.28400000,1.30900000,1.28400000,1.30300000,242105.59000000
1771599600000,1.30400000,1.35400000,1.30400000,1.35000000,1175284.76000000
1771603200000,1.35100000,1.36400000,1.33700000,1.35100000,713116.66000000
1771606800000,1.35000000,1.35300000,1.31600000,1.35200000,802244.16000000
1771610400000,1.35100000,1.35400000,1.33500000,1.34300000,630998.75000000
1771614000000,1.34300000,1.34600000,1.33100000,1.33600000,209406.87000000
1771617600000,1.33600000,1.34000000,1.32700000,1.33500000,171488.84000000
1771621200000,1.33500000,1.34200000,1.33400000,1.33700000,111691.11000000
1771624800000,1.33700000,1.34500000,1.33100000,1.34300000,140469.11000000
1771628400000,1.34300000,1.34500000,1.33600000,1.34100000,106364.19000000
1771632000000,1.34100000,1.34700000,1.32800000,1.33000000,113742.13000000
1771635600000,1.33000000,1.33400000,1.32900000,1.33400000,89882.73000000
1771639200000,1.33400000,1.34400000,1.33200000,1.34200000,69507.64000000
1771642800000,1.34200000,1.34200000,1.33400000,1.34000000,119888.68000000
1771646400000,1.34000000,1.34700000,1.33700000,1.34700000,87239.91000000
1771650000000,1.34700000,1.36300000,1.34600000,1.36100000,253291.43000000
1771653600000,1.36100000,1.36200000,1.34800000,1.35200000,125908.27000000
1771657200000,1.35200000,1.35600000,1.34900000,1.35500000,102831.53000000
1771660800000,1.35600000,1.37400000,1.35100000,1.37300000,219541.73000000
1771664400000,1.37200000,1.39700000,1.37200000,1.38000000,525153.16000000
1771668000000,1.38000000,1.39600000,1.38000000,1.38700000,245889.44000000
1771671600000,1.38700000,1.39800000,1.38300000,1.38500000,151025.04000000
1771675200000,1.38500000,1.39400000,1.37200000,1.37600000,306417.28000000
1771678800000,1.37600000,1.38400000,1.37500000,1.38400000,109256.21000000
1771682400000,1.38300000,1.39200000,1.37600000,1.37600000,267291.79000000
1771686000000,1.37700000,1.38000000,1.37100000,1.37300000,142090.37000000
1771689600000,1.37300000,1.37400000,1.35900000,1.36000000,254357.96000000
1771693200000,1.35900000,1.36400000,1.35700000,1.36100000,103636.84000000
1771696800000,1.36200000,1.36700000,1.35900000,1.36700000,132889.21000000
1771700400000,1.36700000,1.36900000,1.36000000,1.36200000,170711.18000000
1771704000000,1.36200000,1.36400000,1.35400000,1.35500000,187683.05000000
1771707600000,1.35400000,1.36100000,1.35200000,1.36100000,85789.84000000
1771711200000,1.36100000,1.36300000,1.35700000,1.35800000,69605.70000000
1771714800000,1.35800000,1.36200000,1.35500000,1.36000000,71903.37000000
1771718400000,1.35900000,1.36200000,1.35500000,1.36100000,258191.74000000
1771722000000,1.36100000,1.36500000,1.35900000,1.36200000,71050.33000000
1771725600000,1.36200000,1.36600000,1.34800000,1.34900000,461766.61000000
1771729200000,1.34900000,1.35600000,1.34600000,1.35600000,194991.60000000
1771732800000,1.35500000,1.35600000,1.34300000,1.34600000,57065.11000000
1771736400000,1.34500000,1.34700000,1.33600000,1.34000000,83152.10000000
1771740000000,1.34000000,1.34200000,1.33500000,1.34100000,169191.16000000
1771743600000,1.34100000,1.34600000,1.34000000,1.34300000,93212.14000000
1771747200000,1.34300000,1.34300000,1.32500000,1.32600000,182311.78000000
1771750800000,1.32500000,1.33600000,1.32400000,1.33600000,96518.65000000
1771754400000,1.33500000,1.34100000,1.33300000,1.34100000,48938.86000000
1771758000000,1.34100000,1.34300000,1.33100000,1.33400000,109263.92000000
1771761600000,1.33500000,1.33500000,1.31900000,1.32400000,334581.82000000
1771765200000,1.32300000,1.32500000,1.31800000,1.32100000,131625.07000000
1771768800000,1.32100000,1.32100000,1.31100000,1.31600000,205881.30000000
1771772400000,1.31600000,1.32300000,1.30900000,1.32000000,119372.54000000
1771776000000,1.32000000,1.32100000,1.31400000,1.32100000,65253.04000000
1771779600000,1.32000000,1.32100000,1.30800000,1.31400000,106879.16000000
1771783200000,1.31400000,1.31400000,1.30600000,1.31400000,129788.34000000
1771786800000,1.31400000,1.31400000,1.30600000,1.31100000,71395.80000000
1771790400000,1.31200000,1.31300000,1.30500000,1.30700000,94083.22000000
1771794000000,1.30700000,1.31100000,1.30300000,1.30900000,83129.94000000
1771797600000,1.31000000,1.31800000,1.30900000,1.31400000,93761.37000000
1771801200000,1.31500000,1.31600000,1.30500000,1.31300000,72143.52000000
1771804800000,1.31300000,1.31400000,1.28900000,1.29100000,300296.94000000
1771808400000,1.29000000,1.29100000,1.23900000,1.24300000,1722785.44000000
1771812000000,1.24400000,1.25400000,1.24000000,1.25100000,288070.00000000
1771815600000,1.25200000,1.26100000,1.24700000,1.25700000,208024.11000000
1771819200000,1.25700000,1.25900000,1.24900000,1.25200000,111299.85000000
1771822800000,1.25100000,1.26100000,1.25100000,1.25500000,125589.52000000
1771826400000,1.25500000,1.27600000,1.25400000,1.27400000,141975.18000000
1771830000000,1.27300000,1.27800000,1.26900000,1.27200000,193270.72000000
1771833600000,1.27200000,1.27600000,1.26900000,1.27300000,136525.10000000
1771837200000,1.27300000,1.29800000,1.27300000,1.29600000,269609.27000000
1771840800000,1.29600000,1.29700000,1.28700000,1.29000000,173457.46000000
1771844400000,1.29100000,1.30000000,1.28900000,1.29500000,197774.72000000
1771848000000,1.29500000,1.31400000,1.29200000,1.30700000,263179.90000000
1771851600000,1.30700000,1.31000000,1.30000000,1.30200000,245687.62000000
1771855200000,1.30200000,1.31200000,1.28800000,1.29300000,937319.17000000
1771858800000,1.29400000,1.29500000,1.27900000,1.28100000,306884.43000000
1771862400000,1.28100000,1.28300000,1.27100000,1.27400000,405950.67000000
1771866000000,1.27400000,1.27700000,1.25500000,1.27000000,358841.76000000
1771869600000,1.27100000,1.28200000,1.26700000,1.26700000,235934.14000000
1771873200000,1.26700000,1.27100000,1.25800000,1.25900000,182969.98000000
1771876800000,1.25800000,1.27000000,1.25400000,1.26900000,133133.25000000
1771880400000,1.26900000,1.27500000,1.26700000,1.27000000,177021.29000000
1771884000000,1.27000000,1.27800000,1.26800000,1.26900000,178091.52000000
1771887600000,1.26900000,1.27500000,1.26300000,1.26500000,164416.16000000
1771891200000,1.26500000,1.27900000,1.26500000,1.27500000,238377.85000000
1771894800000,1.27600000,1.27700000,1.24900000,1.26900000,568046.90000000
1771898400000,1.26800000,1.27400000,1.26400000,1.26500000,186126.63000000
1771902000000,1.26400000,1.26400000,1.25100000,1.25700000,187910.04000000
1771905600000,1.25600000,1.25900000,1.24500000,1.25200000,280905.43000000
1771909200000,1.25200000,1.25700000,1.24200000,1.24900000,228493.98000000
1771912800000,1.24800000,1.25300000,1.24200000,1.24400000,154929.22000000
1771916400000,1.24400000,1.25300000,1.24200000,1.25100000,133801.19000000
1771920000000,1.25100000,1.26000000,1.24700000,1.25600000,263169.92000000
1771923600000,1.25500000,1.25600000,1.23600000,1.24300000,483493.42000000
1771927200000,1.24300000,1.24500000,1.23800000,1.24300000,241487.63000000
1771930800000,1.24200000,1.24600000,1.24000000,1.24600000,503701.54000000
1771934400000,1.24600000,1.24700000,1.23500000,1.23700000,357175.82000000
1771938000000,1.23600000,1.24000000,1.22500000,1.23400000,517430.09000000
1771941600000,1.23300000,1.24900000,1.22700000,1.24400000,319596.71000000
1771945200000,1.24300000,1.25400000,1.24000000,1.24800000,263446.95000000
1771948800000,1.24800000,1.26100000,1.24600000,1.25700000,251056.76000000
1771952400000,1.25700000,1.25800000,1.25000000,1.25100000,175229.45000000
1771956000000,1.25100000,1.25600000,1.24400000,1.25000000,134512.13000000
1771959600000,1.25000000,1.25400000,1.24400000,1.24600000,80846.80000000
1771963200000,1.24600000,1.25000000,1.24300000,1.24500000,116192.00000000
1771966800000,1.24400000,1.24500000,1.23600000,1.24000000,259377.50000000
1771970400000,1.23900000,1.24600000,1.23700000,1.24200000,155720.09000000
1771974000000,1.24300000,1.24400000,1.23500000,1.23800000,231515.66000000
1771977600000,1.23900000,1.24300000,1.23500000,1.24000000,127629.30000000
1771981200000,1.24100000,1.30400000,1.24000000,1.28700000,1122383.69000000
1771984800000,1.28700000,1.29700000,1.28500000,1.28600000,393978.65000000
1771988400000,1.28600000,1.28800000,1.27000000,1.27000000,328915.24000000
1771992000000,1.27000000,1.27900000,1.26300000,1.27700000,389710.53000000
1771995600000,1.27800000,1.27800000,1.25900000,1.26700000,216257.12000000
1771999200000,1.26700000,1.27500000,1.26400000,1.26700000,85340.60000000
1772002800000,1.26800000,1.27100000,1.26400000,1.26900000,140517.34000000
1772006400000,1.26900000,1.28700000,1.26200000,1.28600000,410185.44000000
1772010000000,1.28600000,1.31300000,1.28500000,1.31300000,319461.67000000
1772013600000,1.31200000,1.33500000,1.30900000,1.33000000,1250456.10000000
1772017200000,1.33100000,1.39200000,1.32600000,1.38200000,2299058.15000000
1772020800000,1.38300000,1.45400000,1.37000000,1.43900000,4202978.58000000
1772024400000,1.44000000,1.50500000,1.42600000,1.46600000,3744872.32000000
1772028000000,1.46700000,1.50800000,1.45800000,1.50700000,2157972.52000000
1772031600000,1.50800000,1.55500000,1.50100000,1.51800000,3841059.51000000
1772035200000,1.51800000,1.54700000,1.51400000,1.54400000,1397860.31000000
1772038800000,1.54500000,1.58300000,1.52000000,1.57700000,1372682.69000000
1772042400000,1.57700000,1.59400000,1.55500000,1.57500000,1383163.31000000
1772046000000,1.57500000,1.64100000,1.55900000,1.63300000,1962052.38000000
1772049600000,1.63300000,1.67900000,1.60100000,1.67000000,3103108.69000000
1772053200000,1.67100000,1.75200000,1.65700000,1.72700000,3998707.32000000
1772056800000,1.72700000,1.74800000,1.63500000,1.65700000,3169669.82000000
1772060400000,1.65600000,1.69100000,1.64500000,1.66300000,2664480.69000000
1772064000000,1.66300000,1.66900000,1.59900000,1.62900000,4025490.23000000
1772067600000,1.62900000,1.68600000,1.62500000,1.66600000,2705335.81000000
1772071200000,1.66700000,1.69600000,1.63800000,1.65500000,2028735.60000000
1772074800000,1.65500000,1.66300000,1.61500000,1.62900000,981452.58000000
1772078400000,1.62800000,1.64700000,1.60200000,1.61400000,1028071.92000000
1772082000000,1.61300000,1.61300000,1.57900000,1.58600000,836013.89000000
1772085600000,1.58500000,1.60200000,1.57500000,1.58800000,673645.12000000
1772089200000,1.58800000,1.62200000,1.56700000,1.58100000,1196267.82000000
1772092800000,1.58100000,1.61100000,1.57600000,1.59900000,1043963.07000000
1772096400000,1.59800000,1.63300000,1.59200000,1.61900000,1294311.87000000
1772100000000,1.62000000,1.62900000,1.58400000,1.58600000,796321.67000000
1772103600000,1.58600000,1.59300000,1.57400000,1.58100000,623863.89000000
1772107200000,1.58000000,1.63600000,1.57900000,1.61000000,1137735.08000000
1772110800000,1.61000000,1.64700000,1.58400000,1.61300000,1212974.74000000
1772114400000,1.61300000,1.62200000,1.57200000,1.59100000,1068431.26000000
1772118000000,1.59000000,1.63300000,1.57800000,1.62000000,1542131.80000000
1772121600000,1.62000000,1.62100000,1.53300000,1.54300000,2300850.75000000
1772125200000,1.54200000,1.55900000,1.52200000,1.52600000,707122.00000000
1772128800000,1.52500000,1.55700000,1.52300000,1.55300000,777678.07000000
1772132400000,1.55300000,1.57800000,1.55300000,1.57100000,745448.00000000
1772136000000,1.57000000,1.58400000,1.55500000,1.55700000,594862.09000000
1772139600000,1.55800000,1.58800000,1.55500000,1.57400000,515989.67000000
1772143200000,1.57300000,1.59900000,1.57000000,1.59100000,476441.52000000
1772146800000,1.59100000,1.62900000,1.58100000,1.60900000,873911.87000000
1772150400000,1.60900000,1.63400000,1.59900000,1.60700000,1048260.18000000
1772154000000,1.60700000,1.62800000,1.59800000,1.62200000,564317.25000000
1772157600000,1.62100000,1.65900000,1.62100000,1.64200000,733520.98000000
1772161200000,1.64200000,1.66600000,1.62400000,1.65500000,762073.57000000
1772164800000,1.65600000,1.68300000,1.62200000,1.62400000,1108522.32000000
1772168400000,1.62300000,1.62700000,1.59900000,1.60900000,708990.55000000
1772172000000,1.60900000,1.62800000,1.59100000,1.61400000,595690.71000000
1772175600000,1.61400000,1.61700000,1.60000000,1.60400000,437921.97000000
1772179200000,1.60500000,1.62900000,1.60500000,1.61500000,812939.92000000
1772182800000,1.61400000,1.62600000,1.60200000,1.60900000,413015.02000000
1772186400000,1.61000000,1.61800000,1.58400000,1.59000000,560449.19000000
1772190000000,1.59000000,1.59800000,1.56300000,1.56600000,541515.76000000
1772193600000,1.56600000,1.59800000,1.55000000,1.59200000,1753058.62000000
1772197200000,1.59200000,1.59900000,1.55800000,1.57400000,744910.23000000
1772200800000,1.57400000,1.57800000,1.55500000,1.55600000,333115.33000000
1772204400000,1.55500000,1.56900000,1.55100000,1.56600000,461572.11000000
1772208000000,1.56700000,1.58000000,1.55100000,1.55500000,745379.65000000
1772211600000,1.55600000,1.59800000,1.54700000,1.59500000,519523.03000000
1772215200000,1.59400000,1.62600000,1.58300000,1.60400000,1384170.72000000
1772218800000,1.60400000,1.61300000,1.59200000,1.60600000,822750.39000000
1772222400000,1.60600000,1.65100000,1.60500000,1.62200000,1622511.64000000
1772226000000,1.62100000,1.63000000,1.61000000,1.62600000,479472.68000000
1772229600000,1.62600000,1.63800000,1.56800000,1.58600000,742370.17000000
1772233200000,1.58700000,1.61000000,1.58500000,1.59900000,372926.27000000
1772236800000,1.60000000,1.60800000,1.57700000,1.59800000,571325.44000000
1772240400000,1.59700000,1.60000000,1.57300000,1.58400000,371932.22000000
1772244000000,1.58300000,1.61900000,1.58300000,1.61200000,503847.73000000
1772247600000,1.61200000,1.61200000,1.57200000,1.57500000,457521.26000000
1772251200000,1.57500000,1.57800000,1.55000000,1.55500000,458731.80000000
1772254800000,1.55500000,1.56700000,1.53700000,1.54100000,323580.78000000
1772258400000,1.54100000,1.54700000,1.48000000,1.48700000,1806523.86000000
1772262000000,1.48800000,1.53000000,1.48000000,1.50300000,1096592.50000000
1772265600000,1.50200000,1.50600000,1.47700000,1.48300000,619809.68000000
1772269200000,1.48300000,1.48700000,1.45800000,1.46000000,695254.92000000
1772272800000,1.46000000,1.47900000,1.45800000,1.46900000,623900.65000000
1772276400000,1.46900000,1.49300000,1.46800000,1.47600000,603543.50000000
1772280000000,1.47600000,1.49800000,1.47500000,1.48400000,561707.64000000
1772283600000,1.48400000,1.54000000,1.46200000,1.53700000,1334628.14000000
1772287200000,1.53700000,1.54000000,1.49200000,1.50000000,855815.11000000
1772290800000,1.50000000,1.52300000,1.48600000,1.51100000,561615.47000000
1772294400000,1.51000000,1.52100000,1.49600000,1.52100000,325511.95000000
1772298000000,1.52000000,1.53200000,1.50500000,1.53000000,645494.31000000
1772301600000,1.53000000,1.61000000,1.52900000,1.59200000,1335668.29000000
1772305200000,1.59100000,1.64200000,1.57000000,1.59800000,1633217.66000000
1772308800000,1.59700000,1.63700000,1.59100000,1.62300000,793262.96000000
1772312400000,1.62300000,1.63200000,1.60300000,1.62700000,615065.90000000
1772316000000,1.62700000,1.67500000,1.62700000,1.65100000,1358842.17000000
1772319600000,1.65200000,1.67500000,1.63200000,1.66200000,1302529.01000000
1772323200000,1.66200000,1.68100000,1.63100000,1.63800000,945942.54000000
1772326800000,1.63700000,1.66700000,1.60900000,1.64900000,1264021.49000000
1772330400000,1.65000000,1.66600000,1.63300000,1.63300000,714149.95000000
1772334000000,1.63300000,1.63800000,1.61000000,1.61600000,379538.13000000
1772337600000,1.61600000,1.62100000,1.59300000,1.60100000,534140.38000000
1772341200000,1.60100000,1.60400000,1.59100000,1.60000000,292133.40000000
1772344800000,1.59900000,1.60800000,1.58300000,1.59800000,486952.14000000
1772348400000,1.59900000,1.62200000,1.59600000,1.60500000,385854.33000000
1772352000000,1.60500000,1.60500000,1.57600000,1.57900000,582397.07000000
1772355600000,1.57900000,1.59100000,1.56800000,1.57300000,327099.41000000
1772359200000,1.57200000,1.57900000,1.56400000,1.57300000,358713.10000000
1772362800000,1.57300000,1.57800000,1.55900000,1.56300000,297318.66000000
1772366400000,1.56200000,1.57800000,1.54800000,1.55000000,306780.20000000
1772370000000,1.55100000,1.57600000,1.54100000,1.56400000,554483.36000000
1772373600000,1.56400000,1.57300000,1.53900000,1.54600000,561628.60000000
1772377200000,1.54600000,1.56400000,1.54500000,1.55000000,312958.14000000
1772380800000,1.55100000,1.56000000,1.52500000,1.54000000,467321.21000000
1772384400000,1.54100000,1.54300000,1.52200000,1.53100000,437355.40000000
1772388000000,1.53200000,1.55100000,1.53100000,1.53200000,375179.71000000
1772391600000,1.53300000,1.53400000,1.52100000,1.52300000,303301.80000000
1772395200000,1.52200000,1.52300000,1.50400000,1.50700000,517274.89000000
1772398800000,1.50700000,1.52400000,1.50600000,1.51500000,649354.41000000
1772402400000,1.51500000,1.54000000,1.51200000,1.52200000,571294.47000000
1772406000000,1.52100000,1.54300000,1.52000000,1.53400000,201081.70000000
1772409600000,1.53500000,1.57200000,1.53100000,1.56500000,365912.76000000
1772413200000,1.56500000,1.59900000,1.56400000,1.58400000,494985.30000000
1772416800000,1.58500000,1.58700000,1.55100000,1.55700000,375308.50000000
1772420400000,1.55700000,1.56700000,1.55100000,1.55900000,245423.73000000
1772424000000,1.56000000,1.58000000,1.55600000,1.55900000,424034.81000000
1772427600000,1.55900000,1.56400000,1.53700000,1.54000000,486009.89000000
1772431200000,1.54100000,1.54200000,1.51400000,1.52300000,273823.26000000
1772434800000,1.52300000,1.52400000,1.50600000,1.51200000,386249.79000000
1772438400000,1.51200000,1.51800000,1.49900000,1.51500000,373813.85000000
1772442000000,1.51400000,1.52000000,1.50600000,1.50900000,222470.11000000
1772445600000,1.50800000,1.51700000,1.49800000,1.51400000,429986.51000000
1772449200000,1.51300000,1.52600000,1.51000000,1.51500000,306510.96000000
1772452800000,1.51600000,1.51800000,1.49900000,1.50800000,254941.81000000
1772456400000,1.50800000,1.52300000,1.50400000,1.51200000,308394.55000000
1772460000000,1.51200000,1.54600000,1.50600000,1.53100000,2394490.50000000
1772463600000,1.53100000,1.59600000,1.52300000,1.57300000,2828787.20000000
1772467200000,1.57400000,1.60300000,1.56200000,1.56500000,1366847.79000000
1772470800000,1.56500000,1.57000000,1.53500000,1.55600000,582727.20000000
1772474400000,1.55700000,1.55900000,1.53600000,1.53700000,473208.05000000
1772478000000,1.53800000,1.54000000,1.52200000,1.53300000,463292.20000000
1772481600000,1.53400000,1.54600000,1.51700000,1.51800000,502612.00000000
1772485200000,1.51800000,1.53300000,1.51000000,1.52600000,463543.77000000
1772488800000,1.52600000,1.53100000,1.51600000,1.52300000,435186.38000000
1772492400000,1.52400000,1.52600000,1.50000000,1.50900000,472563.98000000
1772496000000,1.50900000,1.51000000,1.49000000,1.50500000,463944.74000000
1772499600000,1.50400000,1.51400000,1.49500000,1.49800000,394713.28000000
1772503200000,1.49800000,1.50500000,1.48900000,1.50100000,226956.38000000
1772506800000,1.50100000,1.50800000,1.48900000,1.50200000,256566.16000000
1772510400000,1.50300000,1.50400000,1.49200000,1.50100000,254016.62000000
1772514000000,1.50100000,1.50800000,1.48700000,1.49100000,343895.83000000
1772517600000,1.49200000,1.50100000,1.48300000,1.49700000,200483.20000000
1772521200000,1.49600000,1.51700000,1.49500000,1.51700000,230987.77000000
1772524800000,1.51700000,1.52200000,1.49300000,1.49900000,300476.21000000
1772528400000,1.49900000,1.51200000,1.48100000,1.48500000,290176.36000000
1772532000000,1.48400000,1.49800000,1.47300000,1.49500000,309853.71000000
1772535600000,1.49600000,1.50100000,1.48300000,1.48400000,201671.17000000
1772539200000,1.48400000,1.50500000,1.48200000,1.49100000,265730.26000000
1772542800000,1.49200000,1.49800000,1.48300000,1.49300000,156484.38000000
1772546400000,1.49200000,1.52200000,1.48200000,1.49300000,515066.22000000
1772550000000,1.49300000,1.51700000,1.49000000,1.50800000,359501.02000000
1772553600000,1.50800000,1.55700000,1.50300000,1.52000000,1278712.28000000
1772557200000,1.52100000,1.53500000,1.50600000,1.53200000,367156.01000000
1772560800000,1.53200000,1.55300000,1.52300000,1.53800000,365216.83000000
1772564400000,1.53900000,1.54400000,1.52700000,1.53000000,521498.40000000
1772568000000,1.53000000,1.53800000,1.52300000,1.53200000,206945.76000000
1772571600000,1.53100000,1.53200000,1.51000000,1.52000000,215843.91000000
1772575200000,1.52000000,1.53600000,1.51800000,1.52000000,196092.94000000
1772578800000,1.52000000,1.53900000,1.51800000,1.53300000,331163.75000000
1772582400000,1.53300000,1.54200000,1.52300000,1.52800000,297409.46000000
1772586000000,1.52800000,1.55100000,1.52400000,1.53600000,345562.98000000
1772589600000,1.53700000,1.53800000,1.52100000,1.53500000,124915.61000000
1772593200000,1.53600000,1.54600000,1.51900000,1.52700000,309747.89000000
1772596800000,1.52800000,1.52900000,1.50800000,1.52400000,249088.87000000
1772600400000,1.52400000,1.53000000,1.51700000,1.52200000,203852.83000000
1772604000000,1.52300000,1.53200000,1.51200000,1.52500000,154628.98000000
1772607600000,1.52400000,1.54100000,1.51500000,1.53400000,208768.87000000
1772611200000,1.53400000,1.56700000,1.52400000,1.56100000,574193.64000000
1772614800000,1.56200000,1.57400000,1.54900000,1.55700000,983750.13000000
1772618400000,1.55700000,1.56300000,1.54200000,1.54700000,431025.80000000
1772622000000,1.54700000,1.55200000,1.52800000,1.53600000,352689.86000000
1772625600000,1.53600000,1.53700000,1.50800000,1.51900000,295870.15000000
1772629200000,1.51800000,1.52900000,1.51700000,1.52600000,260843.21000000
1772632800000,1.52600000,1.55600000,1.51500000,1.52300000,806073.83000000
1772636400000,1.52300000,1.55800000,1.51400000,1.55600000,901051.64000000
1772640000000,1.55600000,1.55900000,1.53400000,1.55000000,610691.91000000
1772643600000,1.54900000,1.55500000,1.52300000,1.53900000,367485.20000000
1772647200000,1.54000000,1.54700000,1.52900000,1.54500000,235894.06000000
1772650800000,1.54500000,1.56700000,1.54100000,1.56000000,582981.98000000
1772654400000,1.55900000,1.56300000,1.54600000,1.55100000,340826.51000000
1772658000000,1.55100000,1.55400000,1.53700000,1.53900000,148208.92000000
1772661600000,1.53900000,1.55100000,1.52800000,1.53100000,231881.27000000
1772665200000,1.53200000,1.55000000,1.51600000,1.54100000,328694.71000000
1772668800000,1.54100000,1.54300000,1.52700000,1.53300000,154113.32000000
1772672400000,1.53300000,1.54400000,1.51300000,1.51900000,269242.19000000
1772676000000,1.51900000,1.53700000,1.51800000,1.52500000,203631.58000000
1772679600000,1.52500000,1.53200000,1.52100000,1.52900000,118144.06000000
1772683200000,1.52900000,1.55500000,1.52500000,1.55100000,225562.96000000
1772686800000,1.55100000,1.55300000,1.51300000,1.51500000,306983.17000000
1772690400000,1.51500000,1.53000000,1.50800000,1.52700000,232217.90000000
1772694000000,1.52700000,1.53400000,1.51100000,1.51700000,139127.45000000
1772697600000,1.51800000,1.52800000,1.51100000,1.52800000,122417.19000000
1772701200000,1.52800000,1.54100000,1.52600000,1.53000000,202481.43000000
1772704800000,1.53000000,1.55000000,1.52600000,1.54500000,233667.56000000
1772708400000,1.54600000,1.54600000,1.51900000,1.52200000,331919.51000000
1772712000000,1.52200000,1.53100000,1.51600000,1.52900000,152045.78000000
1772715600000,1.52800000,1.53000000,1.51200000,1.52500000,271476.00000000
1772719200000,1.52500000,1.54400000,1.51900000,1.54100000,355735.81000000
1772722800000,1.54100000,1.54500000,1.50500000,1.51200000,420126.85000000
1772726400000,1.51200000,1.51600000,1.48200000,1.50300000,617512.27000000
1772730000000,1.50300000,1.51200000,1.48500000,1.48800000,180886.51000000
1772733600000,1.48700000,1.50400000,1.48600000,1.50300000,112581.86000000
1772737200000,1.50400000,1.52300000,1.50100000,1.50800000,242660.57000000
1772740800000,1.50900000,1.55600000,1.50900000,1.53800000,566499.78000000
1772744400000,1.53800000,1.55400000,1.53200000,1.53900000,317899.46000000
1772748000000,1.53900000,1.54100000,1.52100000,1.53000000,205947.16000000
1772751600000,1.53100000,1.53800000,1.52800000,1.53000000,125804.36000000
1772755200000,1.52900000,1.53300000,1.52200000,1.52500000,128618.44000000
1772758800000,1.52500000,1.54700000,1.52300000,1.53500000,286707.72000000
1772762400000,1.53500000,1.53800000,1.52700000,1.53000000,110011.39000000
1772766000000,1.53000000,1.53100000,1.52300000,1.53100000,112082.42000000
1772769600000,1.53200000,1.53200000,1.51100000,1.52200000,205910.89000000
1772773200000,1.52200000,1.52900000,1.51400000,1.52500000,114411.10000000
1772776800000,1.52500000,1.52900000,1.51900000,1.52500000,60758.31000000
1772780400000,1.52400000,1.54700000,1.52200000,1.54200000,219549.87000000
1772784000000,1.54200000,1.54300000,1.52600000,1.53000000,87894.02000000
1772787600000,1.53000000,1.53100000,1.51300000,1.52000000,220838.10000000
1772791200000,1.52000000,1.53500000,1.52000000,1.52400000,200122.67000000
1772794800000,1.52400000,1.52500000,1.50400000,1.50700000,242869.10000000
1772798400000,1.50600000,1.51000000,1.49500000,1.50300000,354001.69000000
1772802000000,1.50400000,1.51900000,1.48700000,1.48700000,652320.77000000
1772805600000,1.48800000,1.49900000,1.46000000,1.46900000,677370.28000000
1772809200000,1.46900000,1.47800000,1.45300000,1.46400000,319275.84000000
1772812800000,1.46300000,1.48100000,1.45900000,1.47200000,232908.20000000
1772816400000,1.47200000,1.48100000,1.46100000,1.46900000,144358.18000000
1772820000000,1.46800000,1.48600000,1.46700000,1.48200000,142288.99000000
1772823600000,1.48300000,1.49400000,1.48100000,1.48500000,95897.41000000
1772827200000,1.48600000,1.49200000,1.48000000,1.49000000,137744.17000000
1772830800000,1.49000000,1.49300000,1.48500000,1.49100000,62126.01000000
1772834400000,1.49100000,1.49900000,1.48800000,1.49600000,267553.96000000
1772838000000,1.49500000,1.49600000,1.48200000,1.48800000,49975.83000000
1772841600000,1.48900000,1.49800000,1.48900000,1.49300000,79231.07000000
1772845200000,1.49300000,1.49900000,1.48700000,1.49500000,43315.52000000
1772848800000,1.49500000,1.50700000,1.49400000,1.50700000,154582.84000000
1772852400000,1.50800000,1.51700000,1.49700000,1.49800000,178591.36000000
1772856000000,1.49900000,1.50600000,1.48800000,1.50400000,120780.75000000
1772859600000,1.50400000,1.51400000,1.50300000,1.51100000,127890.39000000
1772863200000,1.51100000,1.51700000,1.49600000,1.49700000,189040.09000000
1772866800000,1.49700000,1.50200000,1.49000000,1.50100000,90040.65000000
1772870400000,1.50100000,1.51400000,1.49300000,1.49500000,174417.03000000
1772874000000,1.49400000,1.49800000,1.48400000,1.49200000,182404.46000000
1772877600000,1.49200000,1.49200000,1.48800000,1.48800000,90663.23000000
1772881200000,1.48800000,1.50100000,1.48200000,1.48900000,146713.79000000
1772884800000,1.48800000,1.49600000,1.48800000,1.49500000,143451.13000000
1772888400000,1.49600000,1.50000000,1.48700000,1.48900000,141422.07000000
1772892000000,1.49000000,1.49000000,1.46800000,1.47600000,231041.32000000
1772895600000,1.47600000,1.48000000,1.46300000,1.46800000,210276.47000000
1772899200000,1.46800000,1.47400000,1.46500000,1.47400000,67498.86000000
1772902800000,1.47400000,1.48100000,1.47300000,1.47800000,56747.26000000
1772906400000,1.47900000,1.47900000,1.44800000,1.45100000,506220.03000000
1772910000000,1.45000000,1.45300000,1.43100000,1.43700000,484923.79000000
1772913600000,1.43700000,1.44700000,1.43500000,1.43900000,394960.92000000
1772917200000,1.43800000,1.44300000,1.43500000,1.44000000,166967.56000000
1772920800000,1.44100000,1.44100000,1.43100000,1.44000000,168522.69000000
1772924400000,1.44100000,1.44900000,1.43900000,1.44800000,147681.02000000
1772928000000,1.44800000,1.44900000,1.43500000,1.43800000,121436.94000000
1772931600000,1.43700000,1.44900000,1.43300000,1.44600000,100778.51000000
1772935200000,1.44600000,1.44800000,1.42500000,1.42800000,184018.20000000
1772938800000,1.42800000,1.44200000,1.42800000,1.43500000,120951.24000000
1772942400000,1.43500000,1.43800000,1.42700000,1.43300000,232664.24000000
1772946000000,1.43200000,1.44700000,1.43200000,1.44700000,185250.03000000
1772949600000,1.44600000,1.44900000,1.43700000,1.44300000,185095.16000000
1772953200000,1.44200000,1.45600000,1.44100000,1.44600000,158396.29000000
1772956800000,1.44600000,1.44800000,1.43900000,1.44500000,109792.98000000
1772960400000,1.44400000,1.45900000,1.44300000,1.45600000,135995.00000000
1772964000000,1.45600000,1.47800000,1.45600000,1.47200000,138008.58000000
1772967600000,1.47200000,1.47500000,1.45600000,1.46800000,129374.19000000
1772971200000,1.46800000,1.48500000,1.45700000,1.47900000,297380.46000000
1772974800000,1.47900000,1.48000000,1.45500000,1.46500000,334450.33000000
1772978400000,1.46400000,1.47100000,1.45100000,1.45800000,161688.50000000
1772982000000,1.45800000,1.45800000,1.44500000,1.45300000,106734.27000000
1772985600000,1.45300000,1.45600000,1.44500000,1.44900000,143932.32000000
1772989200000,1.44900000,1.46000000,1.44800000,1.45600000,158509.30000000
1772992800000,1.45700000,1.45700000,1.44500000,1.45400000,103008.91000000
1772996400000,1.45400000,1.48000000,1.45300000,1.46900000,386837.30000000
1773000000000,1.46900000,1.47500000,1.45800000,1.45800000,255380.30000000
1773003600000,1.45900000,1.46800000,1.45000000,1.46200000,267805.91000000
1773007200000,1.46200000,1.46200000,1.43000000,1.45700000,681889.04000000
1773010800000,1.45800000,1.46300000,1.44700000,1.45200000,238774.76000000
1773014400000,1.45300000,1.47900000,1.45200000,1.46700000,197430.22000000
1773018000000,1.46700000,1.47600000,1.45700000,1.46100000,231123.37000000
1773021600000,1.46100000,1.47700000,1.45500000,1.47100000,186484.55000000
1773025200000,1.47100000,1.49300000,1.46600000,1.47100000,412899.23000000
1773028800000,1.47100000,1.49800000,1.47100000,1.48400000,339365.81000000
1773032400000,1.48500000,1.52000000,1.48200000,1.51300000,481023.77000000
1773036000000,1.51400000,1.51400000,1.49500000,1.49600000,228398.66000000
1773039600000,1.49600000,1.49700000,1.47100000,1.48700000,219060.69000000
1773043200000,1.48800000,1.49200000,1.47800000,1.48500000,277403.55000000
1773046800000,1.48500000,1.49800000,1.47400000,1.48000000,381169.73000000
1773050400000,1.48100000,1.48400000,1.47300000,1.47500000,133360.89000000
1773054000000,1.47400000,1.48000000,1.46300000,1.47600000,170456.65000000
1773057600000,1.47600000,1.48700000,1.47100000,1.48200000,238904.80000000
1773061200000,1.48200000,1.51300000,1.48200000,1.50300000,284243.71000000
1773064800000,1.50300000,1.50900000,1.48700000,1.49900000,392227.23000000
1773068400000,1.49900000,1.50500000,1.48700000,1.50100000,285933.06000000
1773072000000,1.50100000,1.50900000,1.49500000,1.49800000,172489.27000000
1773075600000,1.49900000,1.50900000,1.49600000,1.50400000,168139.08000000
1773079200000,1.50300000,1.51600000,1.49500000,1.50200000,245594.08000000
1773082800000,1.50300000,1.53300000,1.49300000,1.50700000,338489.83000000
1773086400000,1.50700000,1.51000000,1.49600000,1.50700000,182062.65000000
1773090000000,1.50700000,1.51500000,1.49900000,1.50800000,122957.91000000
1773093600000,1.50800000,1.50900000,1.48400000,1.48800000,187441.04000000
1773097200000,1.48800000,1.49700000,1.48700000,1.49400000,366046.79000000
1773100800000,1.49400000,1.51300000,1.49200000,1.50400000,213578.05000000
1773104400000,1.50400000,1.51200000,1.49500000,1.50600000,188577.84000000
1773108000000,1.50600000,1.53300000,1.50200000,1.52000000,394893.78000000
1773111600000,1.51900000,1.52200000,1.50600000,1.50900000,182445.69000000
1773115200000,1.50900000,1.53300000,1.50900000,1.52800000,299210.63000000
1773118800000,1.52800000,1.53500000,1.51400000,1.51500000,164080.30000000
1773122400000,1.51600000,1.52300000,1.51500000,1.51900000,184524.02000000
1773126000000,1.51900000,1.52700000,1.51500000,1.52000000,210056.37000000
1773129600000,1.52000000,1.53300000,1.51800000,1.52300000,286166.46000000
1773133200000,1.52400000,1.54000000,1.52300000,1.53200000,311828.57000000
1773136800000,1.53100000,1.53200000,1.52000000,1.52500000,161855.73000000
1773140400000,1.52400000,1.52400000,1.51600000,1.51800000,159787.27000000
1773144000000,1.51700000,1.51800000,1.50700000,1.51200000,193510.87000000
1773147600000,1.51200000,1.51800000,1.49700000,1.51000000,365140.93000000
1773151200000,1.50900000,1.54100000,1.49700000,1.53700000,508554.12000000
1773154800000,1.53700000,1.54600000,1.51800000,1.53000000,490700.64000000
1773158400000,1.53000000,1.53700000,1.51700000,1.53500000,400953.33000000
1773162000000,1.53600000,1.54100000,1.51700000,1.52100000,368741.41000000
1773165600000,1.52000000,1.52100000,1.49300000,1.49900000,416778.67000000
1773169200000,1.49800000,1.50300000,1.49100000,1.50000000,170608.41000000
1773172800000,1.49900000,1.50600000,1.49800000,1.50300000,89770.34000000
1773176400000,1.50300000,1.50500000,1.48100000,1.49000000,206967.05000000
1773180000000,1.48900000,1.49200000,1.47900000,1.48500000,197514.88000000
1773183600000,1.48600000,1.48900000,1.48300000,1.48600000,96573.30000000
1773187200000,1.48600000,1.48800000,1.47500000,1.48500000,202046.39000000
1773190800000,1.48400000,1.48700000,1.48000000,1.48300000,85148.95000000
1773194400000,1.48300000,1.48800000,1.47800000,1.48800000,141800.63000000
1773198000000,1.48800000,1.49400000,1.48400000,1.48400000,120721.70000000
1773201600000,1.48400000,1.49500000,1.47900000,1.49400000,165639.29000000
1773205200000,1.49500000,1.49500000,1.47300000,1.47800000,140369.86000000
1773208800000,1.47900000,1.49500000,1.47800000,1.49300000,123202.49000000
1773212400000,1.49300000,1.49900000,1.48200000,1.48500000,162383.37000000
1773216000000,1.48500000,1.49200000,1.48500000,1.49100000,120776.43000000
1773219600000,1.49100000,1.50000000,1.48600000,1.48700000,149083.87000000
1773223200000,1.48800000,1.50600000,1.48700000,1.50300000,119144.11000000
1773226800000,1.50200000,1.51000000,1.49700000,1.50800000,179812.43000000
1773230400000,1.50800000,1.54300000,1.50700000,1.52600000,730477.40000000
1773234000000,1.52600000,1.55500000,1.51900000,1.53000000,882098.54000000
1773237600000,1.53000000,1.54600000,1.53000000,1.53200000,337129.96000000
1773241200000,1.53300000,1.53500000,1.50300000,1.51900000,314368.42000000
1773244800000,1.51900000,1.52800000,1.51300000,1.52400000,264105.26000000
1773248400000,1.52500000,1.53800000,1.51600000,1.52800000,231538.27000000
1773252000000,1.52800000,1.54000000,1.52800000,1.53700000,241425.28000000
1773255600000,1.53700000,1.55000000,1.53300000,1.53900000,321959.36000000
1773259200000,1.53800000,1.54400000,1.52700000,1.53200000,305886.06000000
1773262800000,1.53300000,1.53600000,1.52600000,1.53200000,137442.07000000
1773266400000,1.53300000,1.53800000,1.53000000,1.53700000,161062.90000000
1773270000000,1.53600000,1.53900000,1.51800000,1.52200000,135931.57000000
1773273600000,1.52300000,1.52600000,1.51400000,1.52200000,132776.70000000
1773277200000,1.52200000,1.52200000,1.50900000,1.51400000,240874.99000000
1773280800000,1.51400000,1.51700000,1.50100000,1.50200000,227837.59000000
1773284400000,1.50200000,1.50800000,1.49600000,1.49800000,119037.15000000
1773288000000,1.49900000,1.50400000,1.49600000,1.50100000,122431.19000000
1773291600000,1.50000000,1.50400000,1.49300000,1.50000000,82542.81000000
1773295200000,1.50000000,1.50400000,1.49600000,1.50300000,147976.98000000
1773298800000,1.50300000,1.51000000,1.50000000,1.51000000,131621.68000000
1773302400000,1.51000000,1.51800000,1.50800000,1.51100000,136864.50000000
1773306000000,1.51100000,1.52400000,1.50500000,1.51700000,153576.27000000
1773309600000,1.51700000,1.52800000,1.51200000,1.52000000,164129.91000000
1773313200000,1.51900000,1.51900000,1.50500000,1.50800000,163149.30000000
1773316800000,1.50800000,1.51200000,1.50100000,1.50700000,152941.76000000
1773320400000,1.50700000,1.50800000,1.49100000,1.49800000,382399.17000000
1773324000000,1.49900000,1.50800000,1.48500000,1.49400000,341123.69000000
1773327600000,1.49400000,1.50900000,1.49200000,1.50300000,199221.52000000
1773331200000,1.50300000,1.50900000,1.49600000,1.50200000,108408.32000000
1773334800000,1.50300000,1.50500000,1.49300000,1.49700000,142153.51000000
1773338400000,1.49600000,1.50300000,1.48900000,1.49900000,84253.90000000
1773342000000,1.49900000,1.51400000,1.49800000,1.50800000,141855.58000000
1773345600000,1.50800000,1.51100000,1.50200000,1.50800000,243125.74000000
1773349200000,1.50800000,1.51500000,1.50700000,1.51400000,110444.16000000
1773352800000,1.51400000,1.51700000,1.51200000,1.51600000,224084.05000000
1773356400000,1.51700000,1.52700000,1.51200000,1.51800000,242994.53000000
1773360000000,1.51700000,1.55000000,1.51300000,1.53300000,653266.38000000
1773363600000,1.53300000,1.54200000,1.52900000,1.54000000,191683.05000000
1773367200000,1.54000000,1.54200000,1.52600000,1.52900000,160458.31000000
1773370800000,1.53000000,1.53600000,1.52300000,1.53300000,171472.84000000
1773374400000,1.53300000,1.53400000,1.52000000,1.52300000,80541.54000000
1773378000000,1.52300000,1.53100000,1.51300000,1.52500000,261651.23000000
1773381600000,1.52400000,1.52600000,1.50000000,1.50300000,924472.42000000
1773385200000,1.50200000,1.50900000,1.49900000,1.50600000,373989.06000000
1773388800000,1.50700000,1.51400000,1.50200000,1.50800000,283736.29000000
1773392400000,1.50700000,1.51700000,1.50700000,1.51300000,335102.14000000
1773396000000,1.51400000,1.52700000,1.51400000,1.52300000,297792.34000000
1773399600000,1.52300000,1.52400000,1.51200000,1.51700000,324938.36000000
1773403200000,1.51800000,1.53600000,1.51400000,1.53200000,267487.64000000
1773406800000,1.53200000,1.54900000,1.52900000,1.53700000,778402.94000000
1773410400000,1.53700000,1.54700000,1.51200000,1.51400000,711053.36000000
1773414000000,1.51500000,1.52300000,1.50000000,1.50700000,466627.83000000
1773417600000,1.50800000,1.51500000,1.49700000,1.51000000,375154.85000000
1773421200000,1.51100000,1.51200000,1.47900000,1.48400000,548025.90000000
1773424800000,1.48500000,1.48600000,1.46800000,1.47700000,439178.09000000
1773428400000,1.47600000,1.48000000,1.46600000,1.47000000,301611.87000000
1773432000000,1.47100000,1.47400000,1.46200000,1.47200000,388244.39000000
1773435600000,1.47200000,1.48200000,1.45800000,1.46400000,293978.24000000
1773439200000,1.46500000,1.46500000,1.44700000,1.45700000,404457.45000000
1773442800000,1.45700000,1.46900000,1.45700000,1.46400000,168482.48000000
1773446400000,1.46300000,1.46300000,1.45000000,1.45200000,232527.03000000
1773450000000,1.45100000,1.45500000,1.43900000,1.45000000,254360.89000000
1773453600000,1.45000000,1.45100000,1.44000000,1.44800000,208050.75000000
1773457200000,1.44800000,1.45600000,1.44700000,1.45000000,123200.10000000
1773460800000,1.44900000,1.45700000,1.44200000,1.44800000,194813.10000000
1773464400000,1.44800000,1.44900000,1.43800000,1.44000000,169097.50000000
1773468000000,1.44000000,1.44000000,1.43200000,1.43700000,181832.00000000
1773471600000,1.43700000,1.43900000,1.43200000,1.43800000,104537.73000000
1773475200000,1.43800000,1.44300000,1.43600000,1.44000000,167461.46000000
1773478800000,1.43900000,1.44200000,1.43000000,1.43300000,138676.66000000
1773482400000,1.43200000,1.43700000,1.42800000,1.43600000,209815.98000000
1773486000000,1.43600000,1.44100000,1.43600000,1.43700000,100162.58000000
1773489600000,1.43700000,1.44400000,1.43600000,1.43700000,128972.72000000
1773493200000,1.43800000,1.43800000,1.43000000,1.43500000,167035.70000000
1773496800000,1.43500000,1.43700000,1.42900000,1.43100000,283187.89000000
1773500400000,1.43000000,1.43700000,1.42100000,1.43400000,252026.62000000
1773504000000,1.43400000,1.43500000,1.42600000,1.43000000,103539.75000000
1773507600000,1.42900000,1.43300000,1.42600000,1.42800000,119245.61000000
1773511200000,1.42700000,1.43000000,1.42300000,1.42600000,187444.64000000
1773514800000,1.42500000,1.42500000,1.41100000,1.41300000,326872.90000000
1773518400000,1.41200000,1.41700000,1.40500000,1.41300000,292844.29000000
1773522000000,1.41200000,1.41600000,1.40800000,1.41200000,215911.36000000
1773525600000,1.41200000,1.41600000,1.40700000,1.40800000,215727.35000000
1773529200000,1.40800000,1.41600000,1.40300000,1.41400000,451192.67000000
1773532800000,1.41300000,1.41800000,1.40100000,1.40700000,421140.12000000
1773536400000,1.40700000,1.41200000,1.39200000,1.40700000,473267.36000000
1773540000000,1.40700000,1.43200000,1.40700000,1.42500000,388627.03000000
1773543600000,1.42500000,1.42900000,1.41600000,1.41800000,219329.83000000
1773547200000,1.41900000,1.42600000,1.41600000,1.41900000,195476.60000000
1773550800000,1.41900000,1.42300000,1.41300000,1.41500000,227755.79000000
1773554400000,1.41500000,1.41900000,1.41000000,1.41800000,162957.70000000
1773558000000,1.41800000,1.42400000,1.41600000,1.41900000,89052.20000000
1773561600000,1.41900000,1.42200000,1.41600000,1.41900000,107225.76000000
1773565200000,1.41900000,1.42500000,1.41900000,1.42500000,140120.96000000
1773568800000,1.42400000,1.43500000,1.42400000,1.42600000,134836.29000000
1773572400000,1.42700000,1.44200000,1.42600000,1.43300000,341633.76000000
1773576000000,1.43300000,1.44400000,1.43000000,1.43600000,241903.98000000
1773579600000,1.43700000,1.43800000,1.41600000,1.42400000,441364.43000000
1773583200000,1.42300000,1.42800000,1.41600000,1.41900000,262980.04000000
1773586800000,1.41900000,1.42000000,1.41500000,1.41700000,128858.10000000
1773590400000,1.41700000,1.42200000,1.41000000,1.41200000,199244.36000000
1773594000000,1.41200000,1.43000000,1.41100000,1.42300000,199370.74000000
1773597600000,1.42300000,1.42400000,1.41100000,1.41200000,142493.08000000
1773601200000,1.41200000,1.42300000,1.41100000,1.42200000,122188.50000000
1773604800000,1.42200000,1.43100000,1.42000000,1.42300000,166066.35000000
1773608400000,1.42400000,1.43600000,1.41900000,1.43200000,249098.56000000
1773612000000,1.43200000,1.44500000,1.41700000,1.44000000,558191.85000000
1773615600000,1.44000000,1.44600000,1.42600000,1.44100000,574568.50000000
1773619200000,1.44200000,1.44800000,1.43200000,1.43800000,285123.00000000
1773622800000,1.43800000,1.44800000,1.43200000,1.44300000,274362.30000000
1773626400000,1.44300000,1.44700000,1.43300000,1.44500000,125302.65000000
1773630000000,1.44400000,1.48900000,1.44000000,1.47700000,870925.68000000
1773633600000,1.47800000,1.53300000,1.47800000,1.52400000,1081294.86000000
1773637200000,1.52500000,1.55000000,1.51200000,1.54300000,1958284.30000000
1773640800000,1.54300000,1.58800000,1.53500000,1.57800000,2275798.76000000
1773644400000,1.57800000,1.60200000,1.57700000,1.58300000,1948524.69000000
1773648000000,1.58400000,1.62500000,1.58400000,1.60200000,1699603.17000000
1773651600000,1.60200000,1.62500000,1.59700000,1.60900000,1078064.74000000
1773655200000,1.60800000,1.60900000,1.57000000,1.59700000,1052258.60000000
1773658800000,1.59700000,1.63500000,1.58500000,1.59300000,1617774.23000000
1773662400000,1.59300000,1.60400000,1.58500000,1.58600000,663759.31000000
1773666000000,1.58700000,1.60700000,1.57800000,1.59100000,721838.31000000
1773669600000,1.59100000,1.59300000,1.56500000,1.57500000,835028.74000000
1773673200000,1.57500000,1.58600000,1.56000000,1.56800000,636687.68000000
1773676800000,1.56800000,1.59800000,1.56700000,1.59000000,512514.53000000
1773680400000,1.59000000,1.60300000,1.58800000,1.60300000,472034.41000000
1773684000000,1.60300000,1.62500000,1.60000000,1.60900000,559032.22000000
1773687600000,1.60900000,1.61800000,1.60200000,1.61200000,458310.02000000
1773691200000,1.61200000,1.65200000,1.60700000,1.63200000,963783.76000000
1773694800000,1.63300000,1.66200000,1.62800000,1.62800000,661527.90000000
1773698400000,1.62800000,1.64700000,1.62400000,1.62900000,557561.21000000
1773702000000,1.62900000,1.65300000,1.62100000,1.64000000,732544.66000000
1773705600000,1.64100000,1.64300000,1.61900000,1.63300000,636292.58000000
1773709200000,1.63200000,1.63300000,1.61100000,1.62000000,611374.34000000
1773712800000,1.62100000,1.62500000,1.61200000,1.61200000,389229.59000000
1773716400000,1.61200000,1.61800000,1.59400000,1.60400000,480623.75000000
1773720000000,1.60300000,1.62000000,1.59300000,1.60000000,475461.21000000
1773723600000,1.59900000,1.60400000,1.58800000,1.59800000,281597.58000000
1773727200000,1.59800000,1.60000000,1.59000000,1.59500000,287782.30000000
1773730800000,1.59600000,1.61600000,1.59600000,1.61300000,241016.71000000
1773734400000,1.61400000,1.64000000,1.61300000,1.61700000,598118.02000000
1773738000000,1.61800000,1.62800000,1.61000000,1.61200000,414706.64000000
1773741600000,1.61100000,1.61300000,1.60200000,1.60800000,194755.50000000
1773745200000,1.60700000,1.61200000,1.60100000,1.60300000,189474.14000000
1773748800000,1.60200000,1.60500000,1.58300000,1.58600000,255509.08000000
1773752400000,1.58600000,1.60100000,1.58500000,1.59400000,301036.34000000
1773756000000,1.59400000,1.60100000,1.58900000,1.59400000,220677.46000000
1773759600000,1.59300000,1.60300000,1.58500000,1.59300000,291712.72000000
1773763200000,1.59200000,1.59500000,1.58200000,1.58900000,139943.75000000
1773766800000,1.58900000,1.59900000,1.58600000,1.59900000,188677.31000000
1773770400000,1.59900000,1.60500000,1.59600000,1.60200000,188476.96000000
1773774000000,1.60200000,1.60200000,1.59200000,1.59300000,140865.15000000
1773777600000,1.59400000,1.60400000,1.59300000,1.60300000,154200.75000000
1773781200000,1.60300000,1.62500000,1.60300000,1.61800000,286703.60000000
1773784800000,1.61800000,1.62400000,1.61500000,1.62400000,229251.19000000
1773788400000,1.62300000,1.63400000,1.61700000,1.62000000,365237.83000000
1773792000000,1.62100000,1.63500000,1.61700000,1.63100000,366517.75000000
1773795600000,1.63000000,1.63800000,1.62200000,1.62400000,347646.78000000
1773799200000,1.62300000,1.64900000,1.62300000,1.64100000,360164.68000000
1773802800000,1.64200000,1.65400000,1.63400000,1.63700000,380636.15000000
1773806400000,1.63700000,1.64500000,1.62900000,1.63600000,272114.99000000
1773810000000,1.63600000,1.65000000,1.62400000,1.62600000,222541.61000000
1773813600000,1.62600000,1.64000000,1.62500000,1.62700000,138707.76000000
1773817200000,1.62600000,1.63100000,1.61900000,1.62400000,319340.84000000
1773820800000,1.62500000,1.63600000,1.62000000,1.62400000,238314.30000000
1773824400000,1.62400000,1.64000000,1.62300000,1.63400000,126392.73000000
1773828000000,1.63400000,1.63800000,1.63000000,1.63300000,210977.39000000
1773831600000,1.63300000,1.63500000,1.59300000,1.60400000,633870.54000000
1773835200000,1.60300000,1.60300000,1.58100000,1.58700000,473974.49000000
1773838800000,1.58800000,1.59600000,1.57900000,1.58200000,368388.05000000
1773842400000,1.58300000,1.58400000,1.55100000,1.55200000,587602.36000000
1773846000000,1.55300000,1.56400000,1.53900000,1.56100000,508910.13000000
1773849600000,1.56000000,1.56200000,1.55000000,1.55300000,230041.09000000
1773853200000,1.55300000,1.57100000,1.54600000,1.56000000,175770.71000000
1773856800000,1.56000000,1.57600000,1.55300000,1.55800000,253320.57000000
1773860400000,1.55800000,1.56800000,1.54900000,1.55200000,144814.60000000
1773864000000,1.55200000,1.56300000,1.54000000,1.56200000,322853.04000000
1773867600000,1.56100000,1.56500000,1.55600000,1.56100000,137221.82000000
1773871200000,1.56000000,1.56700000,1.55300000,1.56600000,181951.97000000
1773874800000,1.56600000,1.57800000,1.55400000,1.57700000,266936.11000000
1773878400000,1.57700000,1.57900000,1.56000000,1.56300000,258914.15000000
1773882000000,1.56300000,1.56400000,1.55500000,1.55900000,184938.95000000
1773885600000,1.55800000,1.55900000,1.54700000,1.54900000,139529.28000000
1773889200000,1.54900000,1.57000000,1.54600000,1.55500000,335728.85000000
1773892800000,1.55500000,1.55900000,1.55000000,1.55400000,112513.28000000
1773896400000,1.55300000,1.55500000,1.54100000,1.54500000,116325.87000000
1773900000000,1.54500000,1.55000000,1.54200000,1.54600000,192823.60000000
1773903600000,1.54500000,1.54800000,1.52500000,1.53300000,372123.63000000
1773907200000,1.53200000,1.53700000,1.52800000,1.53000000,111302.65000000
1773910800000,1.53100000,1.54800000,1.53000000,1.54700000,236956.43000000
1773914400000,1.54600000,1.54700000,1.53100000,1.53100000,113502.63000000
1773918000000,1.53000000,1.54400000,1.53000000,1.54000000,92961.05000000
1773921600000,1.54000000,1.54300000,1.52100000,1.52300000,264939.26000000
1773925200000,1.52200000,1.52900000,1.51200000,1.52600000,467732.21000000
1773928800000,1.52500000,1.53000000,1.50800000,1.51200000,185583.27000000
1773932400000,1.51200000,1.52300000,1.50100000,1.52200000,287468.99000000
1773936000000,1.52200000,1.52200000,1.50600000,1.51000000,197176.51000000
1773939600000,1.51000000,1.51500000,1.49600000,1.51500000,244727.18000000
1773943200000,1.51500000,1.51600000,1.50900000,1.51500000,105524.77000000
1773946800000,1.51500000,1.53600000,1.51500000,1.53000000,268835.30000000
1773950400000,1.53000000,1.53500000,1.52600000,1.52900000,99409.02000000
1773954000000,1.53000000,1.53300000,1.52000000,1.52400000,148404.66000000
1773957600000,1.52300000,1.52400000,1.50500000,1.51900000,210793.50000000
1773961200000,1.51900000,1.52600000,1.51600000,1.52100000,121209.15000000
1773964800000,1.52200000,1.53000000,1.52000000,1.52800000,100667.95000000
1773968400000,1.52900000,1.54400000,1.52800000,1.53700000,148816.28000000
1773972000000,1.53700000,1.54000000,1.52800000,1.53700000,179439.07000000
1773975600000,1.53700000,1.54000000,1.53000000,1.53200000,177005.18000000
1773979200000,1.53200000,1.54600000,1.52900000,1.54500000,99696.67000000
1773982800000,1.54400000,1.55300000,1.54000000,1.54200000,190228.15000000
1773986400000,1.54200000,1.54700000,1.53800000,1.54200000,111833.83000000
1773990000000,1.54100000,1.54200000,1.53100000,1.53700000,150138.81000000
1773993600000,1.53700000,1.55000000,1.53500000,1.53700000,165690.72000000
1773997200000,1.53700000,1.53700000,1.52100000,1.52700000,149144.51000000
1774000800000,1.52700000,1.53500000,1.52200000,1.53400000,114379.08000000
1774004400000,1.53400000,1.54100000,1.52200000,1.52800000,149267.13000000
1774008000000,1.52900000,1.53700000,1.52500000,1.53000000,116876.60000000
1774011600000,1.53000000,1.53800000,1.52200000,1.52500000,192430.38000000
1774015200000,1.52500000,1.53300000,1.51700000,1.51800000,244622.95000000
1774018800000,1.51900000,1.53100000,1.51300000,1.52600000,167163.91000000
1774022400000,1.52600000,1.52800000,1.51400000,1.51800000,118197.09000000
1774026000000,1.51800000,1.52100000,1.50600000,1.51900000,135922.29000000
1774029600000,1.52000000,1.52100000,1.50200000,1.50500000,109804.40000000
1774033200000,1.50600000,1.51200000,1.49400000,1.51000000,300794.14000000
1774036800000,1.51000000,1.51100000,1.49600000,1.50800000,109640.13000000
1774040400000,1.50800000,1.52000000,1.50500000,1.51400000,153879.88000000
1774044000000,1.51500000,1.52400000,1.51400000,1.51600000,94808.15000000
1774047600000,1.51500000,1.51500000,1.49800000,1.49900000,142361.00000000
1774051200000,1.49900000,1.51100000,1.49900000,1.51100000,137501.56000000
1774054800000,1.51000000,1.51400000,1.50200000,1.50400000,103628.91000000
1774058400000,1.50500000,1.51500000,1.50300000,1.51300000,97370.26000000
1774062000000,1.51300000,1.51400000,1.50900000,1.51200000,34507.28000000
1774065600000,1.51200000,1.51600000,1.50700000,1.50900000,84393.50000000
1774069200000,1.50800000,1.51400000,1.50700000,1.50900000,78721.02000000
1774072800000,1.50900000,1.51500000,1.50800000,1.51000000,92626.70000000
1774076400000,1.51000000,1.51100000,1.50100000,1.50200000,75929.19000000
1774080000000,1.50300000,1.50400000,1.49100000,1.50200000,179403.17000000
1774083600000,1.50100000,1.50800000,1.49100000,1.49100000,206471.81000000
1774087200000,1.49200000,1.49600000,1.48600000,1.49600000,158212.39000000
1774090800000,1.49600000,1.49600000,1.49000000,1.49200000,85588.44000000
1774094400000,1.49100000,1.49500000,1.48900000,1.49200000,57561.48000000
1774098000000,1.49200000,1.49400000,1.48500000,1.48900000,152104.70000000
1774101600000,1.49000000,1.49900000,1.48800000,1.48900000,198619.73000000
1774105200000,1.48900000,1.50900000,1.48700000,1.50700000,145100.02000000
1774108800000,1.50800000,1.50900000,1.49900000,1.50000000,142772.20000000
1774112400000,1.50000000,1.50300000,1.49600000,1.50000000,58225.45000000
1774116000000,1.49900000,1.50200000,1.49500000,1.49500000,111402.75000000
1774119600000,1.49500000,1.49700000,1.49200000,1.49400000,52145.13000000
1774123200000,1.49400000,1.50200000,1.49200000,1.50200000,81658.93000000
1774126800000,1.50200000,1.50300000,1.49500000,1.49700000,66414.56000000
1774130400000,1.49700000,1.50100000,1.49300000,1.49600000,76176.88000000
1774134000000,1.49600000,1.49800000,1.45700000,1.46800000,732779.44000000
1774137600000,1.46700000,1.47300000,1.44300000,1.46500000,631999.25000000
1774141200000,1.46600000,1.47200000,1.45900000,1.46400000,134039.16000000
1774144800000,1.46400000,1.47900000,1.46400000,1.47100000,91264.48000000
1774148400000,1.47100000,1.48300000,1.46800000,1.47200000,130774.49000000
1774152000000,1.47100000,1.48000000,1.47000000,1.47600000,81636.50000000
1774155600000,1.47500000,1.47500000,1.46200000,1.46400000,109256.36000000
1774159200000,1.46300000,1.46500000,1.46100000,1.46500000,77526.21000000
1774162800000,1.46500000,1.46600000,1.45600000,1.45700000,67518.33000000
1774166400000,1.45600000,1.45700000,1.44500000,1.45200000,119874.52000000
1774170000000,1.45200000,1.45800000,1.45100000,1.45300000,101997.92000000
1774173600000,1.45300000,1.45300000,1.43600000,1.43700000,184352.94000000
1774177200000,1.43700000,1.44000000,1.43200000,1.43200000,200455.57000000
1774180800000,1.43200000,1.44900000,1.43200000,1.44000000,155087.70000000
1774184400000,1.44000000,1.44600000,1.43200000,1.43700000,135089.84000000
1774188000000,1.43700000,1.44000000,1.43100000,1.43200000,75163.77000000
1774191600000,1.43200000,1.43900000,1.43100000,1.43400000,164865.83000000
1774195200000,1.43500000,1.43700000,1.43000000,1.43300000,90873.35000000
1774198800000,1.43200000,1.43700000,1.42700000,1.43300000,87929.11000000
1774202400000,1.43300000,1.43700000,1.42300000,1.42900000,107569.54000000
1774206000000,1.42900000,1.42900000,1.41300000,1.41700000,161182.82000000
1774209600000,1.41600000,1.41900000,1.40900000,1.41200000,179530.96000000
1774213200000,1.41100000,1.41500000,1.39300000,1.41100000,414824.81000000
1774216800000,1.41200000,1.42400000,1.40400000,1.41800000,188957.11000000
1774220400000,1.41800000,1.42400000,1.40900000,1.41300000,90824.90000000
1774224000000,1.41300000,1.42400000,1.41000000,1.42100000,145130.71000000
1774227600000,1.42100000,1.43000000,1.41900000,1.42400000,134583.87000000
1774231200000,1.42400000,1.43500000,1.42200000,1.43300000,141085.02000000
1774234800000,1.43300000,1.44000000,1.43000000,1.43200000,83864.81000000
1774238400000,1.43100000,1.44000000,1.43100000,1.44000000,70953.44000000
1774242000000,1.44000000,1.44300000,1.43300000,1.43700000,70408.53000000
1774245600000,1.43800000,1.43800000,1.41200000,1.41700000,198300.15000000
1774249200000,1.41700000,1.42000000,1.40200000,1.41500000,206569.33000000
1774252800000,1.41500000,1.42000000,1.40700000,1.40900000,121679.19000000
1774256400000,1.40900000,1.41800000,1.40200000,1.41600000,143823.28000000
1774260000000,1.41600000,1.42400000,1.41400000,1.41600000,125844.14000000
1774263600000,1.41600000,1.49300000,1.41600000,1.46500000,2316083.43000000
1774267200000,1.46600000,1.47700000,1.45600000,1.47100000,388976.41000000
1774270800000,1.47100000,1.48500000,1.46300000,1.48000000,316462.59000000
1774274400000,1.48000000,1.48800000,1.46000000,1.46700000,338632.42000000
1774278000000,1.46600000,1.47400000,1.43100000,1.43300000,524206.46000000
1774281600000,1.43400000,1.44200000,1.42600000,1.43800000,258028.25000000
1774285200000,1.43900000,1.44000000,1.42600000,1.43500000,297253.53000000
1774288800000,1.43500000,1.44200000,1.42700000,1.44100000,307774.06000000
1774292400000,1.44000000,1.44200000,1.42000000,1.42300000,423825.71000000
1774296000000,1.42400000,1.42900000,1.40900000,1.42700000,411811.32000000
1774299600000,1.42700000,1.43300000,1.42500000,1.42900000,259255.53000000
1774303200000,1.43000000,1.43100000,1.40900000,1.41300000,253023.25000000
1774306800000,1.41200000,1.42200000,1.40500000,1.42100000,354932.27000000
1774310400000,1.42100000,1.42600000,1.41300000,1.42300000,718987.75000000
1774314000000,1.42300000,1.42500000,1.40800000,1.41300000,220185.08000000
1774317600000,1.41400000,1.42200000,1.41200000,1.41500000,114262.02000000
1774321200000,1.41400000,1.42500000,1.40900000,1.42200000,125616.71000000
1774324800000,1.42200000,1.42600000,1.41100000,1.41500000,246907.87000000
1774328400000,1.41400000,1.41900000,1.40900000,1.41600000,201672.74000000
1774332000000,1.41700000,1.42000000,1.40800000,1.41700000,148899.29000000
1774335600000,1.41700000,1.42900000,1.41500000,1.42700000,482771.46000000
1774339200000,1.42700000,1.42700000,1.41200000,1.42000000,200932.09000000
1774342800000,1.42100000,1.42200000,1.41100000,1.41600000,260925.15000000
1774346400000,1.41600000,1.41600000,1.39700000,1.40600000,490289.52000000
1774350000000,1.40500000,1.40600000,1.38600000,1.39800000,699107.99000000
1774353600000,1.39700000,1.40000000,1.39100000,1.39300000,340388.83000000
1774357200000,1.39300000,1.40100000,1.38400000,1.38900000,478504.72000000
1774360800000,1.38900000,1.40500000,1.38600000,1.40100000,328486.27000000
1774364400000,1.40200000,1.40400000,1.37900000,1.38300000,378827.57000000
1774368000000,1.38200000,1.38300000,1.36700000,1.37900000,627194.76000000
1774371600000,1.38000000,1.38100000,1.36000000,1.36700000,294267.75000000
1774375200000,1.36800000,1.38200000,1.36200000,1.37400000,161475.81000000
1774378800000,1.37400000,1.38500000,1.37300000,1.38000000,227728.39000000
1774382400000,1.37900000,1.40300000,1.37800000,1.39600000,558510.59000000
1774386000000,1.39600000,1.39900000,1.38400000,1.39800000,143796.48000000
1774389600000,1.39700000,1.39900000,1.38700000,1.39500000,204662.62000000
1774393200000,1.39600000,1.40500000,1.39400000,1.40100000,236322.29000000
1774396800000,1.40200000,1.41200000,1.39400000,1.40600000,270638.26000000
1774400400000,1.40600000,1.41100000,1.40200000,1.40500000,212727.40000000
1774404000000,1.40500000,1.40700000,1.39800000,1.40000000,531026.75000000
1774407600000,1.40000000,1.40300000,1.38800000,1.40200000,405859.54000000
1774411200000,1.40100000,1.40400000,1.39000000,1.39500000,227139.76000000
1774414800000,1.39500000,1.40000000,1.38800000,1.38800000,277234.64000000
1774418400000,1.38900000,1.38900000,1.37900000,1.38300000,362851.45000000
1774422000000,1.38300000,1.38900000,1.38100000,1.38500000,168822.09000000
1774425600000,1.38500000,1.40100000,1.38300000,1.38500000,390676.70000000
1774429200000,1.38500000,1.39000000,1.37600000,1.38800000,595529.05000000
1774432800000,1.38700000,1.39600000,1.38700000,1.38900000,250568.78000000
1774436400000,1.38800000,1.39700000,1.37900000,1.39300000,417674.85000000
1774440000000,1.39400000,1.39500000,1.38000000,1.38800000,374483.09000000
1774443600000,1.38900000,1.39100000,1.37100000,1.37100000,425268.25000000
1774447200000,1.37200000,1.38200000,1.36700000,1.37800000,258094.14000000
1774450800000,1.37800000,1.38100000,1.36300000,1.36900000,329160.68000000
1774454400000,1.36900000,1.38400000,1.36700000,1.37000000,498912.87000000
1774458000000,1.36900000,1.37600000,1.36500000,1.37300000,266057.32000000
1774461600000,1.37400000,1.38300000,1.37100000,1.37500000,217801.50000000
1774465200000,1.37500000,1.37700000,1.36700000,1.36900000,286080.60000000
1774468800000,1.36900000,1.36900000,1.34600000,1.35300000,723616.16000000
1774472400000,1.35300000,1.35600000,1.34900000,1.35400000,255675.43000000
1774476000000,1.35400000,1.36400000,1.34900000,1.36000000,403841.49000000
1774479600000,1.35900000,1.36400000,1.35400000,1.36300000,205709.43000000
1774483200000,1.36300000,1.36900000,1.35400000,1.35900000,189846.60000000
1774486800000,1.35900000,1.36800000,1.35900000,1.36000000,205993.84000000
1774490400000,1.36100000,1.36100000,1.34500000,1.35000000,245491.46000000
1774494000000,1.35000000,1.35000000,1.34000000,1.34300000,215458.26000000
1774497600000,1.34300000,1.34300000,1.33300000,1.33600000,362424.22000000
1774501200000,1.33600000,1.33800000,1.32600000,1.33100000,552764.44000000
1774504800000,1.33100000,1.33100000,1.31800000,1.32500000,356314.81000000
1774508400000,1.32400000,1.32900000,1.32200000,1.32800000,161119.08000000
1774512000000,1.32800000,1.32900000,1.31900000,1.32100000,366001.11000000
1774515600000,1.32000000,1.32300000,1.30700000,1.31200000,399312.32000000
1774519200000,1.31300000,1.31400000,1.30500000,1.31200000,398998.26000000
1774522800000,1.31200000,1.31600000,1.30900000,1.31300000,303277.55000000
1774526400000,1.31300000,1.32800000,1.31300000,1.31900000,411698.29000000
1774530000000,1.31900000,1.33700000,1.31900000,1.33200000,552464.72000000
1774533600000,1.33300000,1.33700000,1.32600000,1.33000000,403000.72000000
1774537200000,1.33000000,1.33100000,1.31600000,1.32300000,369726.91000000
1774540800000,1.32400000,1.33300000,1.31800000,1.31900000,428697.75000000
1774544400000,1.32000000,1.33100000,1.31700000,1.32100000,308680.47000000
1774548000000,1.32200000,1.32400000,1.31500000,1.31500000,305489.93000000
1774551600000,1.31500000,1.31700000,1.30100000,1.30600000,417082.67000000
1774555200000,1.30600000,1.32900000,1.30100000,1.30700000,703128.36000000
1774558800000,1.30800000,1.32800000,1.30600000,1.32000000,288395.41000000
1774562400000,1.32000000,1.32500000,1.31700000,1.32000000,169224.49000000
1774566000000,1.32100000,1.32600000,1.31500000,1.32100000,245123.51000000
1774569600000,1.32100000,1.32500000,1.31700000,1.32400000,140423.26000000
1774573200000,1.32400000,1.34000000,1.32200000,1.33500000,180300.37000000
1774576800000,1.33600000,1.33700000,1.32600000,1.32700000,140597.77000000
1774580400000,1.32800000,1.32900000,1.31600000,1.32100000,160485.06000000
1774584000000,1.32100000,1.32500000,1.31300000,1.32100000,214411.17000000
1774587600000,1.32100000,1.32500000,1.31600000,1.32100000,244817.49000000
1774591200000,1.32200000,1.32500000,1.31700000,1.32200000,126126.29000000
1774594800000,1.32300000,1.32700000,1.31700000,1.32400000,202602.00000000
1774598400000,1.32500000,1.32700000,1.30600000,1.31500000,307074.89000000
1774602000000,1.31500000,1.31500000,1.29500000,1.30100000,541264.58000000
1774605600000,1.30000000,1.30000000,1.27200000,1.27600000,890020.04000000
1774609200000,1.27700000,1.28400000,1.27300000,1.28100000,416270.52000000
1774612800000,1.28200000,1.28400000,1.27300000,1.28300000,422783.95000000
1774616400000,1.28300000,1.29500000,1.28200000,1.28700000,336314.44000000
1774620000000,1.28700000,1.28900000,1.27400000,1.28400000,314678.46000000
1774623600000,1.28400000,1.29000000,1.27600000,1.27900000,405434.38000000
1774627200000,1.27800000,1.28600000,1.27500000,1.28100000,128921.54000000
1774630800000,1.28100000,1.28900000,1.28100000,1.28300000,134623.32000000
1774634400000,1.28300000,1.28300000,1.27200000,1.27700000,144336.37000000
1774638000000,1.27700000,1.28300000,1.27000000,1.28200000,175742.14000000
1774641600000,1.28100000,1.28500000,1.27300000,1.28300000,111586.02000000
1774645200000,1.28300000,1.29300000,1.28300000,1.28400000,130340.29000000
1774648800000,1.28400000,1.28900000,1.28300000,1.28500000,100867.11000000
1774652400000,1.28500000,1.29500000,1.28000000,1.29200000,150314.19000000
1774656000000,1.29100000,1.29400000,1.28200000,1.28300000,172732.63000000
1774659600000,1.28200000,1.28200000,1.27100000,1.27900000,161332.48000000
1774663200000,1.28000000,1.28700000,1.27500000,1.27800000,178188.19000000
1774666800000,1.27800000,1.28500000,1.27500000,1.28400000,237760.74000000
1774670400000,1.28400000,1.28800000,1.28000000,1.28400000,117778.14000000
1774674000000,1.28500000,1.29200000,1.28300000,1.29100000,107081.77000000
1774677600000,1.29100000,1.29900000,1.28800000,1.29500000,138233.70000000
1774681200000,1.29500000,1.30100000,1.29400000,1.30100000,86424.99000000
1774684800000,1.30100000,1.30600000,1.30000000,1.30200000,164255.52000000
1774688400000,1.30100000,1.30300000,1.28900000,1.29300000,125423.87000000
1774692000000,1.29200000,1.29800000,1.29200000,1.29600000,77532.18000000
1774695600000,1.29600000,1.29900000,1.28500000,1.28800000,231395.71000000
1774699200000,1.28800000,1.28800000,1.27500000,1.28000000,423931.80000000
1774702800000,1.28100000,1.30600000,1.28100000,1.29600000,350977.28000000
1774706400000,1.29600000,1.29700000,1.28500000,1.29000000,287026.98000000
1774710000000,1.28900000,1.29600000,1.28400000,1.28600000,374980.07000000
1774713600000,1.28700000,1.29100000,1.28500000,1.28900000,144659.13000000
1774717200000,1.28900000,1.29100000,1.27500000,1.28100000,202984.74000000
1774720800000,1.28100000,1.28600000,1.27800000,1.28200000,72229.93000000
1774724400000,1.28200000,1.28500000,1.27800000,1.28300000,89895.99000000
1774728000000,1.28200000,1.28700000,1.28200000,1.28300000,74944.93000000
1774731600000,1.28300000,1.28300000,1.26100000,1.26900000,485245.80000000
1774735200000,1.26900000,1.27400000,1.26200000,1.26600000,383116.34000000
1774738800000,1.26700000,1.26700000,1.25300000,1.25900000,446021.69000000
1774742400000,1.25900000,1.26300000,1.24700000,1.25900000,272491.60000000
1774746000000,1.25900000,1.26700000,1.25900000,1.26400000,120274.79000000
1774749600000,1.26500000,1.26700000,1.26200000,1.26600000,101677.18000000
1774753200000,1.26600000,1.27200000,1.26500000,1.27000000,84092.18000000
1774756800000,1.27100000,1.27100000,1.26600000,1.26800000,102866.73000000
1774760400000,1.26800000,1.27300000,1.26500000,1.27100000,98531.03000000
1774764000000,1.27100000,1.27400000,1.26700000,1.27100000,71088.32000000
1774767600000,1.27000000,1.27100000,1.26500000,1.26800000,58188.85000000
1774771200000,1.26800000,1.27300000,1.26800000,1.27300000,40974.53000000
1774774800000,1.27200000,1.27400000,1.26900000,1.27100000,98192.17000000
1774778400000,1.27000000,1.27000000,1.26300000,1.26700000,87337.98000000
1774782000000,1.26700000,1.27600000,1.26600000,1.26600000,85208.58000000
1774785600000,1.26600000,1.26700000,1.25700000,1.26200000,136528.92000000
1774789200000,1.26300000,1.26700000,1.25400000,1.26300000,198054.79000000
1774792800000,1.26300000,1.27000000,1.26100000,1.26400000,183654.31000000
1774796400000,1.26500000,1.26700000,1.25400000,1.25700000,121759.26000000
1774800000000,1.25600000,1.26100000,1.25500000,1.25600000,78725.61000000
1774803600000,1.25600000,1.25800000,1.24900000,1.25400000,108079.50000000
1774807200000,1.25400000,1.25800000,1.25100000,1.25500000,73833.46000000
1774810800000,1.25500000,1.25600000,1.25000000,1.25300000,65751.61000000
1774814400000,1.25300000,1.26400000,1.25300000,1.26000000,88896.55000000
1774818000000,1.26100000,1.26800000,1.25900000,1.26800000,86785.07000000
1774821600000,1.26700000,1.26700000,1.22100000,1.25100000,525096.10000000
1774825200000,1.25100000,1.26200000,1.24900000,1.26100000,326036.59000000
1774828800000,1.26100000,1.28700000,1.26000000,1.27000000,422330.12000000
1774832400000,1.27000000,1.27600000,1.26500000,1.27500000,195905.79000000
1774836000000,1.27600000,1.28600000,1.27000000,1.27400000,250354.95000000
1774839600000,1.27400000,1.27700000,1.27100000,1.27200000,183736.00000000
1774843200000,1.27300000,1.27700000,1.26900000,1.27200000,280378.29000000
1774846800000,1.27200000,1.27500000,1.26000000,1.26300000,288979.06000000
1774850400000,1.26300000,1.27100000,1.26100000,1.26800000,173777.12000000
1774854000000,1.26800000,1.27900000,1.26700000,1.27700000,305166.95000000
1774857600000,1.27800000,1.28600000,1.27400000,1.27900000,424850.60000000
1774861200000,1.27900000,1.28000000,1.26700000,1.27000000,195384.50000000
1774864800000,1.26900000,1.27200000,1.26600000,1.27200000,219926.07000000
1774868400000,1.27200000,1.28800000,1.27100000,1.28100000,326665.97000000
1774872000000,1.28100000,1.28600000,1.27400000,1.27600000,215113.11000000
1774875600000,1.27700000,1.28100000,1.26400000,1.26500000,258307.64000000
1774879200000,1.26600000,1.27300000,1.25900000,1.27100000,271968.01000000
1774882800000,1.27200000,1.27200000,1.25900000,1.26400000,284100.02000000
1774886400000,1.26400000,1.26900000,1.26000000,1.26300000,248562.29000000
1774890000000,1.26300000,1.26600000,1.24600000,1.25000000,392760.02000000
1774893600000,1.25000000,1.25100000,1.24400000,1.24700000,220758.81000000
1774897200000,1.24600000,1.24700000,1.23300000,1.24100000,372503.02000000
1774900800000,1.24000000,1.24400000,1.23300000,1.23600000,193157.05000000
1774904400000,1.23600000,1.25200000,1.23500000,1.24800000,205679.96000000
1774908000000,1.24800000,1.25000000,1.24400000,1.24700000,117725.81000000
1774911600000,1.24600000,1.24600000,1.23700000,1.24300000,175584.67000000
1774915200000,1.24400000,1.24700000,1.23600000,1.24400000,189547.13000000
1774918800000,1.24400000,1.26400000,1.24100000,1.25800000,317561.22000000
1774922400000,1.25700000,1.26400000,1.25400000,1.25800000,120764.59000000
1774926000000,1.25800000,1.26100000,1.25200000,1.25400000,143655.16000000
1774929600000,1.25400000,1.25600000,1.24500000,1.24700000,189456.87000000
1774933200000,1.24600000,1.25100000,1.24200000,1.24700000,115553.50000000
1774936800000,1.24700000,1.25100000,1.23900000,1.25000000,151315.97000000
1774940400000,1.25000000,1.25700000,1.24700000,1.25600000,181724.22000000
1774944000000,1.25600000,1.25800000,1.23800000,1.24100000,283147.51000000
1774947600000,1.24100000,1.24400000,1.22600000,1.23200000,335336.32000000
1774951200000,1.23300000,1.23800000,1.22700000,1.22900000,257728.80000000
1774954800000,1.22800000,1.24400000,1.22600000,1.23700000,584873.93000000
1774958400000,1.23800000,1.24600000,1.23300000,1.24200000,766526.67000000
1774962000000,1.24300000,1.27000000,1.24200000,1.26700000,431794.69000000
1774965600000,1.26800000,1.27800000,1.25300000,1.25700000,391359.22000000
1774969200000,1.25700000,1.26700000,1.25200000,1.25300000,244576.64000000
1774972800000,1.25300000,1.27600000,1.25300000,1.26500000,282088.13000000
1774976400000,1.26500000,1.27400000,1.25500000,1.26000000,429740.99000000
1774980000000,1.26000000,1.26800000,1.26000000,1.26500000,164106.89000000
1774983600000,1.26600000,1.27000000,1.26300000,1.26900000,181704.06000000
1774987200000,1.27000000,1.27100000,1.25500000,1.26500000,663500.64000000
1774990800000,1.26500000,1.26700000,1.25800000,1.26200000,132761.79000000
1774994400000,1.26200000,1.26200000,1.25100000,1.25400000,140740.12000000
1774998000000,1.25400000,1.25600000,1.25000000,1.25300000,137002.38000000
1775001600000,1.25300000,1.25700000,1.25000000,1.25600000,148312.92000000
1775005200000,1.25700000,1.26000000,1.25100000,1.25100000,143225.54000000
1775008800000,1.25000000,1.25500000,1.24700000,1.25300000,142699.13000000
1775012400000,1.25400000,1.26500000,1.25300000,1.26100000,102277.02000000
1775016000000,1.26200000,1.26800000,1.26100000,1.26600000,154517.58000000
1775019600000,1.26600000,1.28300000,1.26200000,1.28000000,295513.61000000
1775023200000,1.28100000,1.30300000,1.27900000,1.30000000,841018.49000000
1775026800000,1.30000000,1.30100000,1.28400000,1.28700000,283719.39000000
1775030400000,1.28800000,1.29200000,1.27600000,1.28000000,245020.59000000
1775034000000,1.28000000,1.28600000,1.27300000,1.28300000,116547.31000000
1775037600000,1.28300000,1.28400000,1.27600000,1.28000000,136956.91000000
1775041200000,1.28100000,1.28100000,1.27000000,1.27700000,170132.88000000
1775044800000,1.27700000,1.29500000,1.27200000,1.27900000,732997.25000000
1775048400000,1.28000000,1.28400000,1.26400000,1.27100000,476753.52000000
1775052000000,1.27100000,1.27500000,1.26600000,1.27200000,215491.92000000
1775055600000,1.27200000,1.27600000,1.26400000,1.27600000,302556.47000000
1775059200000,1.27600000,1.28100000,1.26900000,1.27700000,228221.04000000
1775062800000,1.27700000,1.28400000,1.27000000,1.27100000,258898.26000000
1775066400000,1.27200000,1.27300000,1.25800000,1.26000000,303910.83000000
1775070000000,1.26000000,1.26800000,1.25600000,1.26500000,174725.54000000
1775073600000,1.26500000,1.26500000,1.25600000,1.26100000,116688.79000000
1775077200000,1.26100000,1.27000000,1.26100000,1.26600000,183777.87000000
1775080800000,1.26500000,1.26600000,1.25100000,1.25500000,150462.96000000
1775084400000,1.25500000,1.25800000,1.25300000,1.25500000,130428.20000000
1775088000000,1.25600000,1.26900000,1.25500000,1.26500000,179995.00000000
1775091600000,1.26600000,1.26600000,1.23100000,1.23900000,457907.65000000
1775095200000,1.23800000,1.23800000,1.21600000,1.22900000,595782.18000000
1775098800000,1.22900000,1.23000000,1.21100000,1.21900000,295663.73000000
1775102400000,1.21800000,1.22400000,1.21500000,1.21800000,236334.59000000
1775106000000,1.22000000,1.22100000,1.21300000,1.21900000,216325.32000000
1775109600000,1.21900000,1.22500000,1.21800000,1.22200000,182471.96000000
1775113200000,1.22200000,1.22700000,1.21800000,1.22500000,98017.79000000
1775116800000,1.22600000,1.22600000,1.21600000,1.21600000,133964.08000000
1775120400000,1.21700000,1.22000000,1.21200000,1.21700000,259465.26000000
1775124000000,1.21800000,1.22000000,1.21100000,1.21600000,130218.06000000
1775127600000,1.21500000,1.21900000,1.20700000,1.21600000,217295.23000000
1775131200000,1.21600000,1.21600000,1.20600000,1.20900000,266219.54000000
1775134800000,1.20900000,1.21100000,1.20400000,1.21100000,260791.36000000
1775138400000,1.21100000,1.23300000,1.20800000,1.23100000,461067.21000000
1775142000000,1.23000000,1.23000000,1.21600000,1.22200000,600144.66000000
1775145600000,1.22200000,1.23100000,1.21700000,1.22400000,211814.44000000
1775149200000,1.22300000,1.23200000,1.21800000,1.22100000,310002.61000000
1775152800000,1.22000000,1.22900000,1.21900000,1.22700000,134344.57000000
1775156400000,1.22700000,1.22900000,1.22000000,1.22600000,63871.91000000
1775160000000,1.22700000,1.23200000,1.22500000,1.22800000,71807.17000000
1775163600000,1.22800000,1.23300000,1.22400000,1.22900000,96437.55000000
1775167200000,1.23000000,1.23300000,1.22800000,1.23000000,88050.06000000
1775170800000,1.22900000,1.23800000,1.22900000,1.23700000,109102.68000000
1775174400000,1.23700000,1.24200000,1.23600000,1.24000000,84767.70000000
1775178000000,1.24100000,1.24400000,1.23300000,1.23500000,89428.64000000
1775181600000,1.23500000,1.23900000,1.23000000,1.23500000,134354.79000000
1775185200000,1.23500000,1.23900000,1.23200000,1.23700000,119426.21000000
1775188800000,1.23600000,1.24100000,1.23400000,1.23900000,65529.70000000
1775192400000,1.24000000,1.25100000,1.23800000,1.24800000,127889.40000000
1775196000000,1.24900000,1.26000000,1.24800000,1.25400000,166347.01000000
1775199600000,1.25400000,1.25700000,1.24900000,1.25200000,166418.81000000
1775203200000,1.25100000,1.25800000,1.25000000,1.25500000,119959.80000000
1775206800000,1.25500000,1.25500000,1.24600000,1.24800000,203639.98000000
1775210400000,1.24800000,1.25100000,1.24400000,1.25000000,119857.26000000
1775214000000,1.25000000,1.25900000,1.25000000,1.25600000,178948.74000000
1775217600000,1.25600000,1.26700000,1.25100000,1.25500000,292288.31000000
1775221200000,1.25500000,1.25600000,1.24600000,1.25000000,111487.74000000
1775224800000,1.24900000,1.25500000,1.24600000,1.25400000,86070.74000000
1775228400000,1.25300000,1.25800000,1.24800000,1.24900000,107045.05000000
1775232000000,1.24900000,1.25400000,1.24600000,1.25200000,140000.22000000
1775235600000,1.25300000,1.25700000,1.24800000,1.24900000,154799.88000000
1775239200000,1.25000000,1.25300000,1.24500000,1.24600000,68577.03000000
1775242800000,1.24500000,1.24600000,1.23700000,1.24300000,147552.33000000
1775246400000,1.24200000,1.25100000,1.24200000,1.24200000,131093.14000000
1775250000000,1.24100000,1.24800000,1.24100000,1.24400000,106205.54000000
1775253600000,1.24400000,1.24400000,1.23400000,1.23700000,55317.14000000
1775257200000,1.23600000,1.23900000,1.23300000,1.23900000,59909.75000000
1775260800000,1.23800000,1.24200000,1.23700000,1.24100000,87652.70000000
1775264400000,1.24100000,1.24100000,1.23300000,1.23900000,140028.98000000
1775268000000,1.23900000,1.24200000,1.23700000,1.23700000,64149.64000000
1775271600000,1.23800000,1.24600000,1.23600000,1.24500000,134196.05000000
1775275200000,1.24500000,1.24700000,1.24200000,1.24400000,37659.20000000
1775278800000,1.24400000,1.25000000,1.24200000,1.24200000,72718.02000000
1775282400000,1.24200000,1.24600000,1.24100000,1.24400000,47049.83000000
1775286000000,1.24400000,1.25000000,1.24400000,1.24700000,83888.55000000
1775289600000,1.24700000,1.24900000,1.24400000,1.24400000,58306.49000000
1775293200000,1.24400000,1.24700000,1.24400000,1.24400000,35652.73000000
1775296800000,1.24400000,1.24600000,1.23900000,1.24400000,120299.14000000
1775300400000,1.24400000,1.25800000,1.24400000,1.25500000,144624.54000000
1775304000000,1.25500000,1.26000000,1.25300000,1.25400000,169034.21000000
1775307600000,1.25400000,1.25900000,1.24800000,1.24900000,127501.33000000
1775311200000,1.24900000,1.25100000,1.24500000,1.25100000,78240.32000000
1775314800000,1.25100000,1.26000000,1.25000000,1.25100000,91943.79000000
1775318400000,1.25100000,1.25600000,1.24800000,1.24900000,73126.60000000
1775322000000,1.24900000,1.26500000,1.24900000,1.26300000,140047.09000000
1775325600000,1.26200000,1.26500000,1.25600000,1.25800000,98768.48000000
1775329200000,1.25700000,1.26500000,1.25400000,1.25600000,84283.03000000
1775332800000,1.25600000,1.25700000,1.25300000,1.25400000,46781.14000000
1775336400000,1.25300000,1.25600000,1.24900000,1.25200000,65640.47000000
1775340000000,1.25200000,1.25500000,1.24900000,1.24900000,80003.24000000
1775343600000,1.24900000,1.25400000,1.24700000,1.25400000,42804.01000000
1775347200000,1.25400000,1.25500000,1.25000000,1.25200000,194667.89000000
1775350800000,1.25300000,1.25300000,1.24800000,1.24900000,71784.94000000
1775354400000,1.24800000,1.25100000,1.24600000,1.24900000,116469.35000000
1775358000000,1.24900000,1.25100000,1.24800000,1.25100000,55505.35000000
1775361600000,1.25000000,1.25100000,1.24400000,1.24500000,196235.30000000
1775365200000,1.24400000,1.24500000,1.23200000,1.23500000,243597.21000000
1775368800000,1.23500000,1.23500000,1.22500000,1.23200000,158022.09000000
1775372400000,1.23200000,1.23300000,1.22400000,1.22700000,189162.85000000
1775376000000,1.22700000,1.22900000,1.22400000,1.22900000,127341.11000000
1775379600000,1.22900000,1.23000000,1.22300000,1.22800000,82642.26000000
1775383200000,1.22800000,1.23100000,1.22400000,1.22500000,82975.80000000
1775386800000,1.22500000,1.22800000,1.22400000,1.22600000,77472.97000000
1775390400000,1.22600000,1.23000000,1.21900000,1.22400000,171545.50000000
1775394000000,1.22400000,1.22500000,1.21600000,1.22400000,148964.73000000
1775397600000,1.22400000,1.22800000,1.22300000,1.22300000,83574.82000000
1775401200000,1.22400000,1.27000000,1.21900000,1.23200000,1781071.36000000
1775404800000,1.23200000,1.23900000,1.22600000,1.22600000,156793.93000000
1775408400000,1.22700000,1.23200000,1.22600000,1.23100000,95701.64000000
1775412000000,1.23000000,1.23200000,1.22600000,1.22800000,114046.75000000
1775415600000,1.22800000,1.23200000,1.22400000,1.22700000,74918.16000000
1775419200000,1.22800000,1.23100000,1.22700000,1.22800000,147832.30000000
1775422800000,1.22900000,1.23000000,1.22100000,1.22600000,108288.24000000
1775426400000,1.22700000,1.23900000,1.22300000,1.23800000,194826.55000000
1775430000000,1.23800000,1.24900000,1.23500000,1.24500000,316794.61000000
1775433600000,1.24500000,1.25700000,1.24500000,1.25200000,317250.93000000
1775437200000,1.25200000,1.25400000,1.24500000,1.25000000,111144.51000000
1775440800000,1.25000000,1.26900000,1.25000000,1.26300000,138990.61000000
1775444400000,1.26300000,1.26500000,1.25700000,1.25900000,137204.63000000
1775448000000,1.25900000,1.26300000,1.25500000,1.25800000,102852.89000000
1775451600000,1.25800000,1.26500000,1.25800000,1.26100000,121724.06000000
1775455200000,1.26200000,1.27300000,1.25900000,1.26800000,271310.95000000
1775458800000,1.26800000,1.27500000,1.26500000,1.27100000,198586.01000000
1775462400000,1.27200000,1.27700000,1.26800000,1.27000000,146237.02000000
1775466000000,1.27000000,1.29300000,1.26900000,1.29100000,450049.74000000
1775469600000,1.29200000,1.30100000,1.28800000,1.29800000,503673.31000000
1775473200000,1.29800000,1.30900000,1.29600000,1.30400000,407493.08000000
1775476800000,1.30400000,1.31700000,1.29300000,1.29500000,485494.58000000
1775480400000,1.29600000,1.29900000,1.28800000,1.28800000,243479.68000000
1775484000000,1.28900000,1.29400000,1.27500000,1.28000000,341036.68000000
1775487600000,1.28000000,1.28500000,1.27500000,1.28400000,225733.77000000
1775491200000,1.28300000,1.28300000,1.27700000,1.28000000,192312.49000000
1775494800000,1.28000000,1.28800000,1.27300000,1.28000000,276759.62000000
1775498400000,1.28000000,1.28300000,1.27300000,1.27500000,131807.85000000
1775502000000,1.27400000,1.27400000,1.26700000,1.27000000,115773.12000000
1775505600000,1.27000000,1.27700000,1.26900000,1.27200000,81061.36000000
1775509200000,1.27100000,1.27200000,1.25900000,1.26100000,128453.52000000
1775512800000,1.26000000,1.26200000,1.24400000,1.24500000,166641.62000000
1775516400000,1.24500000,1.24600000,1.23200000,1.24100000,321859.86000000
1775520000000,1.24000000,1.24800000,1.23800000,1.24400000,190962.35000000
1775523600000,1.24300000,1.24300000,1.23300000,1.23600000,165867.05000000
1775527200000,1.23500000,1.24300000,1.23100000,1.24100000,159976.40000000
1775530800000,1.24000000,1.24500000,1.23900000,1.24200000,102192.01000000
1775534400000,1.24200000,1.24400000,1.23500000,1.24200000,95091.92000000
1775538000000,1.24100000,1.24100000,1.22900000,1.23300000,189698.29000000
1775541600000,1.23300000,1.23400000,1.22600000,1.23200000,142769.72000000
1775545200000,1.23200000,1.24100000,1.23200000,1.23500000,82085.05000000
1775548800000,1.23500000,1.23800000,1.23300000,1.23700000,123325.33000000
1775552400000,1.23700000,1.24100000,1.23600000,1.23700000,130368.45000000
1775556000000,1.23800000,1.24000000,1.23000000,1.23300000,207510.43000000
1775559600000,1.23300000,1.24000000,1.23000000,1.23400000,124893.28000000
1775563200000,1.23400000,1.23400000,1.22000000,1.23100000,336251.87000000
1775566800000,1.23000000,1.23300000,1.21700000,1.21900000,260025.57000000
1775570400000,1.21800000,1.22100000,1.20500000,1.21700000,446404.85000000
1775574000000,1.21700000,1.22400000,1.21500000,1.22000000,146178.24000000
1775577600000,1.21900000,1.22400000,1.21600000,1.22100000,226703.98000000
1775581200000,1.22100000,1.22900000,1.21700000,1.22400000,195475.78000000
1775584800000,1.22500000,1.22800000,1.22000000,1.22200000,98958.63000000
1775588400000,1.22200000,1.23500000,1.21900000,1.23400000,307115.70000000
1775592000000,1.23400000,1.23900000,1.22900000,1.23300000,287050.00000000
1775595600000,1.23300000,1.27900000,1.23200000,1.27500000,469778.98000000
1775599200000,1.27500000,1.32000000,1.27400000,1.32000000,864932.81000000
1775602800000,1.32100000,1.33000000,1.30500000,1.31400000,912977.60000000
1775606400000,1.31400000,1.32100000,1.29300000,1.29800000,597263.25000000
1775610000000,1.29800000,1.31500000,1.29300000,1.31000000,306848.91000000
1775613600000,1.31100000,1.32200000,1.30500000,1.30900000,323428.72000000
1775617200000,1.30900000,1.31300000,1.30500000,1.30600000,105245.60000000
1775620800000,1.30700000,1.32100000,1.30600000,1.31400000,307735.22000000
1775624400000,1.31400000,1.33500000,1.31300000,1.32600000,307127.62000000
1775628000000,1.32700000,1.33500000,1.32200000,1.32400000,247856.17000000
1775631600000,1.32400000,1.33300000,1.31700000,1.32700000,260244.11000000
1775635200000,1.32600000,1.32800000,1.31800000,1.31900000,174748.33000000
1775638800000,1.32000000,1.33100000,1.31800000,1.32400000,270983.59000000
1775642400000,1.32500000,1.33100000,1.31200000,1.31300000,209714.63000000
1775646000000,1.31200000,1.31200000,1.30200000,1.30600000,358278.98000000
1775649600000,1.30600000,1.30800000,1.30100000,1.30500000,209234.86000000
1775653200000,1.30500000,1.31500000,1.30400000,1.30800000,286613.16000000
1775656800000,1.30800000,1.31000000,1.28100000,1.28500000,479303.44000000
1775660400000,1.28500000,1.29300000,1.28200000,1.29300000,184167.12000000
1775664000000,1.29300000,1.29400000,1.28400000,1.29300000,117844.24000000
1775667600000,1.29200000,1.30200000,1.28700000,1.29200000,148248.61000000
1775671200000,1.29200000,1.29200000,1.27400000,1.27600000,120059.59000000
1775674800000,1.27500000,1.28100000,1.27200000,1.28100000,129876.85000000
1775678400000,1.28200000,1.28600000,1.27600000,1.27900000,55714.87000000
1775682000000,1.27900000,1.29000000,1.27700000,1.28600000,73863.79000000
1775685600000,1.28700000,1.28700000,1.27700000,1.27800000,74526.54000000
1775689200000,1.27800000,1.27900000,1.26500000,1.26900000,170896.68000000
1775692800000,1.26800000,1.26900000,1.25900000,1.26300000,171928.70000000
1775696400000,1.26200000,1.26300000,1.25000000,1.25500000,175319.57000000
1775700000000,1.25600000,1.25900000,1.25200000,1.25700000,75201.46000000
1775703600000,1.25800000,1.25800000,1.25000000,1.25500000,232791.43000000
1775707200000,1.25400000,1.25500000,1.25100000,1.25200000,86650.40000000
1775710800000,1.25100000,1.25700000,1.24900000,1.25200000,134866.74000000
1775714400000,1.25200000,1.25800000,1.24900000,1.25600000,161813.36000000
1775718000000,1.25700000,1.26100000,1.25600000,1.25600000,121385.37000000
1775721600000,1.25700000,1.25700000,1.25100000,1.25200000,210880.84000000
1775725200000,1.25200000,1.25500000,1.24500000,1.25300000,147376.78000000
1775728800000,1.25400000,1.25900000,1.25000000,1.25700000,175044.44000000
1775732400000,1.25600000,1.25700000,1.24800000,1.24900000,99962.66000000
1775736000000,1.24800000,1.25000000,1.23600000,1.24800000,249571.80000000
1775739600000,1.24800000,1.24900000,1.24000000,1.24600000,205094.83000000
1775743200000,1.24600000,1.25800000,1.23500000,1.25500000,275935.38000000
1775746800000,1.25600000,1.28900000,1.25200000,1.28100000,560882.23000000
1775750400000,1.28200000,1.29400000,1.27500000,1.27900000,307189.93000000
1775754000000,1.27900000,1.29000000,1.27400000,1.28400000,216629.93000000
1775757600000,1.28500000,1.28700000,1.27100000,1.28600000,187186.57000000
1775761200000,1.28600000,1.31100000,1.28500000,1.30700000,759657.31000000
1775764800000,1.30800000,1.31000000,1.30200000,1.30200000,179677.26000000
1775768400000,1.30300000,1.32400000,1.30100000,1.31600000,358222.10000000
1775772000000,1.31700000,1.36100000,1.31600000,1.32300000,948828.16000000
1775775600000,1.32200000,1.32300000,1.29500000,1.30000000,475445.90000000
1775779200000,1.30000000,1.30600000,1.28800000,1.30300000,207967.09000000
1775782800000,1.30200000,1.30900000,1.29300000,1.29500000,169449.88000000
1775786400000,1.29600000,1.30100000,1.29000000,1.29100000,111834.43000000
1775790000000,1.29100000,1.29200000,1.28500000,1.28700000,128013.20000000
1775793600000,1.28700000,1.30300000,1.28700000,1.30200000,109001.80000000
1775797200000,1.30200000,1.30900000,1.29900000,1.30200000,181341.97000000
1775800800000,1.30200000,1.30700000,1.28700000,1.28900000,221253.34000000
1775804400000,1.29000000,1.29300000,1.28200000,1.28900000,219042.07000000
1775808000000,1.28900000,1.29800000,1.28600000,1.29200000,188158.06000000
1775811600000,1.29100000,1.30100000,1.29100000,1.29400000,148901.05000000
1775815200000,1.29400000,1.29600000,1.28900000,1.29000000,89372.13000000
1775818800000,1.28900000,1.29600000,1.28800000,1.29000000,162776.24000000
1775822400000,1.29000000,1.30300000,1.28900000,1.29700000,241660.31000000
1775826000000,1.29700000,1.30500000,1.29500000,1.30000000,109677.58000000
1775829600000,1.30000000,1.31900000,1.29600000,1.31700000,640513.72000000
1775833200000,1.31700000,1.32800000,1.30600000,1.31000000,499499.00000000
1775836800000,1.31100000,1.31800000,1.30800000,1.31200000,144152.21000000
1775840400000,1.31100000,1.31100000,1.30400000,1.30800000,118001.10000000
1775844000000,1.30900000,1.31700000,1.30700000,1.31600000,141171.51000000
1775847600000,1.31500000,1.32100000,1.31200000,1.31800000,159185.41000000
1775851200000,1.31800000,1.32000000,1.30600000,1.31400000,223835.86000000
1775854800000,1.31300000,1.31400000,1.30500000,1.31200000,140565.52000000
1775858400000,1.31300000,1.31300000,1.30400000,1.30800000,121644.52000000
1775862000000,1.30800000,1.30900000,1.30100000,1.30500000,78773.41000000
1775865600000,1.30600000,1.30900000,1.29700000,1.29800000,159582.15000000
1775869200000,1.29700000,1.29800000,1.28800000,1.29300000,156911.11000000
1775872800000,1.29300000,1.29900000,1.29000000,1.29300000,59140.16000000
1775876400000,1.29300000,1.30300000,1.29200000,1.29600000,119308.76000000
1775880000000,1.29500000,1.29600000,1.29000000,1.29100000,120834.93000000
1775883600000,1.29100000,1.29100000,1.28000000,1.28600000,169864.27000000
1775887200000,1.28500000,1.28500000,1.27600000,1.28100000,161907.27000000
1775890800000,1.28100000,1.28400000,1.27500000,1.28200000,269426.43000000
1775894400000,1.28200000,1.28600000,1.28000000,1.28200000,151909.15000000
1775898000000,1.28200000,1.28500000,1.27500000,1.28100000,137696.96000000
1775901600000,1.28100000,1.28300000,1.27600000,1.28200000,111223.23000000
1775905200000,1.28200000,1.28500000,1.28000000,1.28400000,74947.57000000
1775908800000,1.28300000,1.28600000,1.27800000,1.27800000,118015.39000000
1775912400000,1.27800000,1.27900000,1.26500000,1.27500000,325047.71000000
1775916000000,1.27500000,1.27900000,1.27100000,1.27200000,141936.01000000
1775919600000,1.27200000,1.28100000,1.27200000,1.27900000,46752.41000000
1775923200000,1.27900000,1.29600000,1.27700000,1.29300000,244536.89000000
1775926800000,1.29300000,1.29500000,1.28200000,1.28400000,218667.58000000
1775930400000,1.28400000,1.30600000,1.28000000,1.30100000,325077.20000000
1775934000000,1.30200000,1.31500000,1.30200000,1.30800000,269881.47000000
1775937600000,1.30900000,1.30900000,1.29000000,1.29500000,217909.15000000
1775941200000,1.29400000,1.30000000,1.29000000,1.29400000,178236.02000000
1775944800000,1.29500000,1.30400000,1.28800000,1.29300000,276606.09000000
1775948400000,1.29200000,1.29300000,1.28000000,1.28600000,113567.10000000
1775952000000,1.28700000,1.28800000,1.28100000,1.28300000,98127.89000000
1775955600000,1.28400000,1.28800000,1.24300000,1.24700000,583386.59000000
1775959200000,1.24600000,1.25100000,1.24000000,1.24700000,341670.87000000
1775962800000,1.24600000,1.25100000,1.24200000,1.24200000,202722.03000000
1775966400000,1.24300000,1.24400000,1.22800000,1.23100000,375184.21000000
1775970000000,1.23100000,1.23200000,1.22300000,1.22700000,452055.79000000
1775973600000,1.22700000,1.23200000,1.22500000,1.22700000,252801.77000000
1775977200000,1.22600000,1.23300000,1.22500000,1.22900000,149659.41000000
1775980800000,1.22800000,1.22900000,1.22200000,1.22500000,267457.90000000
1775984400000,1.22500000,1.22500000,1.21700000,1.22000000,288100.03000000
1775988000000,1.22000000,1.23200000,1.21900000,1.22200000,337806.74000000
1775991600000,1.22100000,1.23100000,1.21900000,1.22900000,125916.33000000
1775995200000,1.22800000,1.23500000,1.22500000,1.22700000,151150.09000000
1775998800000,1.22600000,1.23000000,1.21800000,1.22200000,241854.52000000
1776002400000,1.22100000,1.23100000,1.22000000,1.22500000,306757.34000000
1776006000000,1.22500000,1.23000000,1.22000000,1.22800000,141658.54000000
1776009600000,1.22900000,1.23300000,1.22400000,1.23300000,225332.73000000
1776013200000,1.23300000,1.24800000,1.23300000,1.24400000,250820.18000000
1776016800000,1.24500000,1.24600000,1.23500000,1.23700000,135386.58000000
1776020400000,1.23700000,1.24200000,1.23400000,1.23600000,104614.14000000
1776024000000,1.23700000,1.24400000,1.23500000,1.24400000,91694.76000000
1776027600000,1.24300000,1.24600000,1.23700000,1.24300000,63480.32000000
1776031200000,1.24300000,1.24300000,1.22200000,1.22700000,300674.03000000
1776034800000,1.22600000,1.22700000,1.22100000,1.22500000,131767.10000000
1776038400000,1.22500000,1.23700000,1.22400000,1.23100000,96432.36000000
1776042000000,1.23000000,1.24000000,1.23000000,1.23900000,116042.17000000
1776045600000,1.23900000,1.24000000,1.22800000,1.23000000,117004.62000000
1776049200000,1.23000000,1.23200000,1.22800000,1.22900000,104333.16000000
1776052800000,1.22800000,1.22900000,1.16200000,1.18800000,2870740.77000000
1776056400000,1.18700000,1.20000000,1.14800000,1.17400000,3475552.51000000
1776060000000,1.17400000,1.19800000,1.17200000,1.18400000,928591.08000000
1776063600000,1.18400000,1.19600000,1.18200000,1.18700000,433527.26000000
1776067200000,1.18700000,1.20200000,1.18100000,1.18600000,566534.94000000
1776070800000,1.18500000,1.19200000,1.17000000,1.17200000,539077.19000000
1776074400000,1.17200000,1.17300000,1.15500000,1.15700000,800926.13000000
1776078000000,1.15700000,1.17100000,1.15400000,1.16600000,904177.07000000
1776081600000,1.16600000,1.17600000,1.15700000,1.17300000,528768.98000000
1776085200000,1.17300000,1.17900000,1.16200000,1.17900000,613598.55000000
1776088800000,1.17900000,1.18500000,1.16500000,1.18400000,544308.92000000
1776092400000,1.18300000,1.18400000,1.16800000,1.17200000,448604.81000000
1776096000000,1.17100000,1.17600000,1.16200000,1.17000000,526619.03000000
1776099600000,1.17100000,1.19300000,1.16600000,1.18600000,701662.95000000
1776103200000,1.18600000,1.19100000,1.17500000,1.18100000,575303.28000000
1776106800000,1.18100000,1.20500000,1.18000000,1.20100000,780476.44000000
1776110400000,1.20100000,1.20200000,1.17300000,1.17500000,594014.91000000
1776114000000,1.17500000,1.19000000,1.17000000,1.18600000,452471.16000000
1776117600000,1.18700000,1.22100000,1.18400000,1.21800000,1203322.26000000
1776121200000,1.21900000,1.24200000,1.21300000,1.22900000,1183058.53000000
1776124800000,1.23000000,1.23100000,1.20800000,1.21800000,457623.57000000
1776128400000,1.21900000,1.22200000,1.21100000,1.21600000,269886.56000000
1776132000000,1.21600000,1.21900000,1.20700000,1.20900000,231266.53000000
1776135600000,1.20800000,1.21100000,1.20300000,1.20600000,216124.29000000
1776139200000,1.20600000,1.21700000,1.19200000,1.19400000,790486.48000000
1776142800000,1.19400000,1.19600000,1.17700000,1.18600000,477969.53000000
1776146400000,1.18600000,1.19600000,1.18500000,1.19100000,431986.57000000
1776150000000,1.19100000,1.19600000,1.18200000,1.18900000,568982.56000000
1776153600000,1.18900000,1.19600000,1.18600000,1.19300000,372617.62000000
1776157200000,1.19200000,1.19500000,1.18800000,1.19300000,469912.53000000
1776160800000,1.19300000,1.19800000,1.18200000,1.19000000,479317.23000000
1776164400000,1.19000000,1.19300000,1.18000000,1.18000000,363901.72000000
1776168000000,1.18000000,1.18200000,1.16900000,1.18000000,808703.24000000
1776171600000,1.17900000,1.18700000,1.17300000,1.18300000,713503.49000000
1776175200000,1.18200000,1.18400000,1.16800000,1.17300000,928272.10000000
1776178800000,1.17300000,1.17500000,1.16200000,1.17200000,817273.54000000
1776182400000,1.17200000,1.17800000,1.16900000,1.17400000,296091.92000000
1776186000000,1.17400000,1.17600000,1.15600000,1.16500000,970563.67000000
1776189600000,1.16500000,1.16800000,1.14700000,1.15300000,653874.03000000
1776193200000,1.15200000,1.15900000,1.15200000,1.15600000,206671.74000000
1776196800000,1.15600000,1.16700000,1.15500000,1.16000000,259664.62000000
1776200400000,1.16000000,1.17200000,1.15900000,1.17100000,297380.19000000
1776204000000,1.17000000,1.17100000,1.15900000,1.16200000,223836.37000000
1776207600000,1.16300000,1.16700000,1.15600000,1.16700000,258015.32000000
1776211200000,1.16600000,1.17600000,1.16400000,1.17400000,302948.35000000
1776214800000,1.17400000,1.17500000,1.16600000,1.16900000,100253.52000000
1776218400000,1.17000000,1.17400000,1.16000000,1.16500000,321764.65000000
1776222000000,1.16500000,1.16800000,1.16100000,1.16400000,211240.07000000
1776225600000,1.16500000,1.17200000,1.16300000,1.17100000,347221.10000000
1776229200000,1.17100000,1.17400000,1.16100000,1.16300000,256928.25000000
1776232800000,1.16200000,1.16300000,1.15400000,1.15600000,315053.74000000
1776236400000,1.15700000,1.16000000,1.14700000,1.14800000,392143.94000000
1776240000000,1.14800000,1.16000000,1.14700000,1.15800000,247875.74000000
1776243600000,1.15800000,1.16000000,1.15000000,1.15600000,152498.31000000
1776247200000,1.15600000,1.16900000,1.15600000,1.16200000,243677.04000000
1776250800000,1.16400000,1.17300000,1.16200000,1.17100000,311728.65000000
1776254400000,1.17000000,1.17300000,1.16600000,1.17000000,215914.69000000
1776258000000,1.17000000,1.17400000,1.16000000,1.16600000,213099.58000000
1776261600000,1.16600000,1.17500000,1.16400000,1.17400000,264193.13000000
1776265200000,1.17400000,1.17700000,1.16000000,1.17100000,326523.63000000
1776268800000,1.17100000,1.18800000,1.16800000,1.17900000,764223.30000000
1776272400000,1.17900000,1.19100000,1.17900000,1.18200000,341159.86000000
1776276000000,1.18200000,1.18900000,1.18200000,1.18800000,183401.88000000
1776279600000,1.18800000,1.19800000,1.18400000,1.19200000,407176.26000000
1776283200000,1.19300000,1.19300000,1.18000000,1.18800000,443656.76000000
1776286800000,1.18800000,1.19600000,1.18200000,1.19100000,187546.46000000
1776290400000,1.19200000,1.19600000,1.18500000,1.18700000,365992.44000000
1776294000000,1.18700000,1.18700000,1.17500000,1.18200000,229594.49000000
1776297600000,1.18200000,1.18400000,1.17100000,1.17900000,291087.07000000
1776301200000,1.17900000,1.18100000,1.17200000,1.17400000,110464.28000000
1776304800000,1.17400000,1.19400000,1.17400000,1.19300000,335034.89000000
1776308400000,1.19200000,1.20300000,1.19000000,1.20100000,478429.11000000
1776312000000,1.20200000,1.21900000,1.19900000,1.21700000,651862.09000000
1776315600000,1.21700000,1.24100000,1.21100000,1.23400000,938830.70000000
1776319200000,1.23400000,1.26000000,1.22900000,1.25100000,1129987.64000000
1776322800000,1.25200000,1.27700000,1.25000000,1.27100000,1813898.62000000
1776326400000,1.27100000,1.27800000,1.25000000,1.25200000,1332419.02000000
1776330000000,1.25200000,1.28000000,1.24600000,1.26600000,972118.01000000
1776333600000,1.26500000,1.26700000,1.25000000,1.25900000,734043.43000000
1776337200000,1.25900000,1.27300000,1.25100000,1.26900000,463800.12000000
1776340800000,1.27000000,1.28300000,1.26700000,1.28100000,798315.76000000
1776344400000,1.28100000,1.30600000,1.27600000,1.28700000,1667188.41000000
1776348000000,1.28800000,1.29400000,1.26700000,1.28300000,1244097.26000000
1776351600000,1.28300000,1.32800000,1.27800000,1.32700000,1132420.30000000
1776355200000,1.32700000,1.33600000,1.28900000,1.29200000,2033421.66000000
1776358800000,1.29200000,1.32000000,1.28400000,1.31700000,791653.67000000
1776362400000,1.31700000,1.33800000,1.31400000,1.32900000,492211.30000000
1776366000000,1.32900000,1.35300000,1.32500000,1.35000000,691186.69000000
1776369600000,1.35000000,1.35200000,1.32500000,1.32600000,531701.34000000
1776373200000,1.32700000,1.33600000,1.32000000,1.33500000,492000.59000000
1776376800000,1.33400000,1.34100000,1.32000000,1.32500000,905302.48000000
1776380400000,1.32500000,1.34700000,1.32100000,1.32900000,839484.73000000
1776384000000,1.32800000,1.33000000,1.31200000,1.31900000,394027.11000000
1776387600000,1.31800000,1.32100000,1.30200000,1.30700000,370990.25000000
1776391200000,1.30600000,1.31100000,1.29300000,1.29900000,472314.72000000
1776394800000,1.30000000,1.30000000,1.29000000,1.29600000,415550.90000000
1776398400000,1.29600000,1.30200000,1.29200000,1.29500000,219192.97000000
1776402000000,1.29500000,1.30000000,1.28500000,1.29500000,359221.56000000
1776405600000,1.29600000,1.32300000,1.29500000,1.31200000,595610.83000000
1776409200000,1.31300000,1.33200000,1.31200000,1.32900000,639923.45000000
1776412800000,1.32900000,1.33500000,1.31500000,1.32100000,419998.19000000
1776416400000,1.32100000,1.32700000,1.31000000,1.31700000,400431.16000000
1776420000000,1.31700000,1.31800000,1.29700000,1.30600000,466216.25000000
1776423600000,1.30500000,1.31900000,1.30500000,1.30700000,273318.25000000
1776427200000,1.30700000,1.32300000,1.30000000,1.31800000,408560.07000000
1776430800000,1.31800000,1.34700000,1.31100000,1.34500000,1549238.65000000
1776434400000,1.34500000,1.35100000,1.33800000,1.34500000,743362.25000000
1776438000000,1.34400000,1.34500000,1.32700000,1.33300000,483973.01000000
1776441600000,1.33400000,1.35500000,1.33300000,1.35400000,515337.98000000
1776445200000,1.35500000,1.35500000,1.33500000,1.33700000,557278.17000000
1776448800000,1.33700000,1.34300000,1.32600000,1.34000000,351332.48000000
1776452400000,1.33900000,1.34500000,1.33200000,1.33200000,194564.16000000
1776456000000,1.33300000,1.33900000,1.32600000,1.33100000,254988.65000000
1776459600000,1.33100000,1.33800000,1.32800000,1.33000000,221173.40000000
1776463200000,1.33000000,1.34500000,1.32800000,1.34400000,144227.73000000
1776466800000,1.34300000,1.34300000,1.32700000,1.33400000,224103.30000000
1776470400000,1.33400000,1.34100000,1.32300000,1.33000000,254504.10000000
1776474000000,1.33000000,1.34200000,1.31900000,1.32600000,205595.79000000
1776477600000,1.32500000,1.33400000,1.32000000,1.33100000,175932.28000000
1776481200000,1.33000000,1.33300000,1.32200000,1.32800000,132872.82000000
1776484800000,1.32900000,1.32900000,1.31700000,1.32300000,185418.53000000
1776488400000,1.32200000,1.33000000,1.32100000,1.33000000,156645.09000000
1776492000000,1.33000000,1.33900000,1.32200000,1.33200000,230906.73000000
1776495600000,1.33200000,1.34100000,1.33200000,1.33400000,367920.74000000
1776499200000,1.33400000,1.33500000,1.30400000,1.31100000,592146.49000000
1776502800000,1.31200000,1.31400000,1.29500000,1.30600000,412158.30000000
1776506400000,1.30700000,1.30700000,1.29200000,1.29400000,360945.39000000
1776510000000,1.29500000,1.29600000,1.28200000,1.29000000,385500.01000000
1776513600000,1.28900000,1.29400000,1.28500000,1.29300000,297897.40000000
1776517200000,1.29200000,1.29400000,1.28000000,1.29000000,393172.86000000
1776520800000,1.29000000,1.29600000,1.28500000,1.29500000,180224.81000000
1776524400000,1.29400000,1.30200000,1.29100000,1.29700000,167634.80000000
1776528000000,1.29600000,1.30800000,1.28800000,1.29000000,420473.21000000
1776531600000,1.29000000,1.29300000,1.28200000,1.28900000,234265.92000000
1776535200000,1.28800000,1.28900000,1.27000000,1.27200000,291264.44000000
1776538800000,1.27100000,1.28200000,1.27100000,1.27700000,136854.16000000
1776542400000,1.27700000,1.28300000,1.27500000,1.28000000,205721.90000000
1776546000000,1.27900000,1.28800000,1.27700000,1.28500000,182461.08000000
1776549600000,1.28500000,1.28600000,1.27900000,1.28100000,162975.44000000
1776553200000,1.28100000,1.28500000,1.27200000,1.27200000,204428.72000000
1776556800000,1.27300000,1.27400000,1.26500000,1.27300000,245472.07000000
1776560400000,1.27400000,1.27800000,1.26800000,1.27000000,167040.54000000
1776564000000,1.27000000,1.27500000,1.26300000,1.27300000,93863.36000000
1776567600000,1.27300000,1.28100000,1.27000000,1.27100000,139556.07000000
1776571200000,1.27100000,1.28000000,1.26600000,1.27300000,126449.14000000
1776574800000,1.27200000,1.27700000,1.26600000,1.26800000,176657.59000000
1776578400000,1.26800000,1.26800000,1.25600000,1.26600000,258845.19000000
1776582000000,1.26600000,1.26600000,1.24800000,1.26000000,416880.46000000
1776585600000,1.26000000,1.26100000,1.25500000,1.25800000,164370.13000000
1776589200000,1.25800000,1.26000000,1.25400000,1.25600000,99768.72000000
1776592800000,1.25500000,1.26300000,1.25400000,1.25800000,165436.40000000
1776596400000,1.25800000,1.27700000,1.25800000,1.27500000,418032.96000000
1776600000000,1.27600000,1.27900000,1.26900000,1.27600000,114979.53000000
1776603600000,1.27700000,1.29100000,1.27600000,1.27700000,361555.96000000
1776607200000,1.27700000,1.28700000,1.27100000,1.28200000,128273.82000000
1776610800000,1.28100000,1.28200000,1.26200000,1.27600000,219157.35000000
1776614400000,1.27600000,1.27800000,1.26800000,1.27000000,98814.42000000
1776618000000,1.27000000,1.27100000,1.26200000,1.26500000,189632.19000000
1776621600000,1.26500000,1.27000000,1.26000000,1.26600000,195953.46000000
1776625200000,1.26700000,1.27600000,1.26700000,1.27000000,183314.79000000
1776628800000,1.27000000,1.27000000,1.26200000,1.26500000,136001.74000000
1776632400000,1.26500000,1.26900000,1.26000000,1.26100000,117734.89000000
1776636000000,1.26000000,1.26000000,1.23500000,1.24200000,586305.87000000
1776639600000,1.24100000,1.24200000,1.23600000,1.24000000,181590.40000000
1776643200000,1.23900000,1.25600000,1.23800000,1.25200000,182176.69000000
1776646800000,1.25100000,1.25600000,1.24900000,1.25300000,117300.20000000
1776650400000,1.25300000,1.26300000,1.24800000,1.26000000,170156.99000000
1776654000000,1.25900000,1.26600000,1.25600000,1.26500000,102625.12000000
1776657600000,1.26400000,1.26800000,1.26000000,1.26600000,116460.67000000
1776661200000,1.26700000,1.26700000,1.25000000,1.25400000,135771.96000000
1776664800000,1.25400000,1.26800000,1.25200000,1.26100000,151317.35000000
1776668400000,1.26200000,1.28000000,1.25900000,1.26300000,330954.15000000
1776672000000,1.26400000,1.26500000,1.25400000,1.25600000,256778.36000000
1776675600000,1.25500000,1.26500000,1.25200000,1.25900000,192445.61000000
1776679200000,1.26000000,1.26600000,1.25600000,1.25700000,171521.16000000
1776682800000,1.25600000,1.26000000,1.25200000,1.25400000,119286.45000000
1776686400000,1.25400000,1.26500000,1.25300000,1.26500000,158073.55000000
1776690000000,1.26500000,1.26900000,1.25700000,1.26400000,193461.55000000
1776693600000,1.26500000,1.27300000,1.25600000,1.25900000,293845.14000000
1776697200000,1.25900000,1.27300000,1.25000000,1.27200000,273826.24000000
1776700800000,1.27200000,1.27400000,1.26600000,1.26700000,123322.01000000
1776704400000,1.26700000,1.27800000,1.26700000,1.27600000,111537.91000000
1776708000000,1.27600000,1.28900000,1.27600000,1.28400000,409169.47000000
1776711600000,1.28400000,1.28500000,1.27500000,1.27900000,186700.51000000
1776715200000,1.28000000,1.28900000,1.27600000,1.28800000,277947.27000000
1776718800000,1.28800000,1.29500000,1.27900000,1.28400000,419850.91000000
1776722400000,1.28500000,1.28800000,1.27900000,1.28000000,76789.43000000
1776726000000,1.28000000,1.28100000,1.27400000,1.28100000,163021.01000000
1776729600000,1.28000000,1.28500000,1.27900000,1.28200000,124657.52000000
1776733200000,1.28200000,1.28600000,1.27900000,1.27900000,84087.47000000
1776736800000,1.27900000,1.28000000,1.27200000,1.27200000,63000.95000000
1776740400000,1.27200000,1.27800000,1.26900000,1.27500000,124716.11000000
1776744000000,1.27500000,1.28100000,1.27100000,1.28000000,137780.37000000
1776747600000,1.27900000,1.28700000,1.27800000,1.27900000,72671.44000000
1776751200000,1.28000000,1.28500000,1.27200000,1.27800000,196371.60000000
1776754800000,1.27700000,1.28700000,1.27300000,1.28400000,156469.92000000
1776758400000,1.28400000,1.29000000,1.27700000,1.27900000,466638.76000000
1776762000000,1.27900000,1.28500000,1.27700000,1.28400000,132014.69000000
1776765600000,1.28400000,1.29100000,1.28100000,1.29000000,116086.97000000
1776769200000,1.29000000,1.29200000,1.28200000,1.28500000,263927.66000000
1776772800000,1.28400000,1.28600000,1.27100000,1.27600000,188812.61000000
1776776400000,1.27600000,1.27700000,1.26900000,1.27400000,336073.99000000
1776780000000,1.27500000,1.28500000,1.26800000,1.27200000,218810.65000000
1776783600000,1.27200000,1.27900000,1.26700000,1.27600000,253201.37000000
1776787200000,1.27700000,1.27900000,1.26800000,1.27000000,340291.91000000
1776790800000,1.27000000,1.27800000,1.25800000,1.27100000,297999.20000000
1776794400000,1.27200000,1.27400000,1.26600000,1.27300000,149709.95000000
1776798000000,1.27400000,1.27800000,1.25700000,1.26100000,162451.87000000
1776801600000,1.25900000,1.27800000,1.25900000,1.26900000,358223.41000000
1776805200000,1.26800000,1.27100000,1.26400000,1.26800000,130071.61000000
1776808800000,1.26800000,1.27100000,1.26400000,1.27000000,98526.48000000
1776812400000,1.27000000,1.28200000,1.27000000,1.27900000,135227.62000000
1776816000000,1.27900000,1.28100000,1.27400000,1.27500000,114233.79000000
1776819600000,1.27600000,1.27800000,1.27000000,1.27500000,121048.70000000
1776823200000,1.27400000,1.29500000,1.27300000,1.29100000,405228.77000000
1776826800000,1.29200000,1.29800000,1.28800000,1.29100000,290250.57000000
1776830400000,1.29200000,1.30600000,1.28900000,1.30300000,293262.59000000
1776834000000,1.30400000,1.32700000,1.30100000,1.31200000,1205322.76000000
1776837600000,1.31200000,1.31400000,1.30500000,1.31000000,163038.95000000
1776841200000,1.31000000,1.31000000,1.30400000,1.30600000,230805.52000000
1776844800000,1.30500000,1.31400000,1.30500000,1.31100000,188392.21000000
1776848400000,1.31000000,1.31400000,1.30500000,1.30700000,144200.71000000
1776852000000,1.30700000,1.31300000,1.30200000,1.31100000,243731.09000000
1776855600000,1.31000000,1.31500000,1.29900000,1.30600000,581264.43000000
1776859200000,1.30600000,1.30700000,1.29800000,1.30000000,161193.47000000
1776862800000,1.30000000,1.30700000,1.29600000,1.30100000,225445.41000000
1776866400000,1.30100000,1.30700000,1.29900000,1.30200000,221932.77000000
1776870000000,1.30300000,1.30600000,1.29700000,1.29900000,320399.57000000
1776873600000,1.29900000,1.30300000,1.29500000,1.29500000,207859.59000000
1776877200000,1.29500000,1.29800000,1.28600000,1.29200000,228565.61000000
1776880800000,1.29100000,1.29700000,1.28600000,1.28700000,146736.14000000
1776884400000,1.28700000,1.28700000,1.27300000,1.27900000,335346.72000000
1776888000000,1.27900000,1.27900000,1.27100000,1.27200000,171317.87000000
1776891600000,1.27100000,1.28000000,1.27100000,1.27800000,64135.53000000
1776895200000,1.27700000,1.27900000,1.27100000,1.27400000,89247.83000000
1776898800000,1.27400000,1.27500000,1.26900000,1.27200000,168144.98000000
1776902400000,1.27200000,1.27800000,1.26300000,1.27300000,408693.07000000
1776906000000,1.27300000,1.27500000,1.26400000,1.26900000,173630.71000000
1776909600000,1.27000000,1.27000000,1.25500000,1.26000000,345556.84000000
1776913200000,1.26100000,1.26400000,1.25100000,1.25500000,203815.81000000
1776916800000,1.25500000,1.26000000,1.25300000,1.25700000,164140.19000000
1776920400000,1.25700000,1.26200000,1.25200000,1.25700000,155649.89000000
1776924000000,1.25800000,1.26400000,1.25700000,1.26100000,157344.94000000
1776927600000,1.26100000,1.26100000,1.25300000,1.25500000,187611.33000000
1776931200000,1.25500000,1.25600000,1.24700000,1.25300000,188385.88000000
1776934800000,1.25300000,1.25400000,1.23900000,1.24500000,307322.23000000
1776938400000,1.24400000,1.24700000,1.23800000,1.24200000,235581.50000000
1776942000000,1.24200000,1.25200000,1.24100000,1.24900000,159899.75000000
1776945600000,1.24900000,1.25300000,1.24100000,1.24600000,287372.04000000
1776949200000,1.24600000,1.24700000,1.24000000,1.24300000,211048.34000000
1776952800000,1.24300000,1.25200000,1.23800000,1.24900000,321304.12000000
1776956400000,1.24800000,1.25400000,1.24500000,1.24900000,493356.28000000
1776960000000,1.24900000,1.25300000,1.24400000,1.24500000,189327.25000000
1776963600000,1.24400000,1.24600000,1.21200000,1.22300000,1134650.42000000
1776967200000,1.22300000,1.22800000,1.21700000,1.21900000,379780.51000000
1776970800000,1.21800000,1.22800000,1.21500000,1.22600000,296324.61000000
1776974400000,1.22500000,1.23800000,1.22400000,1.23300000,283000.75000000
1776978000000,1.23400000,1.24200000,1.23100000,1.23500000,178509.96000000
1776981600000,1.23500000,1.24200000,1.23500000,1.23900000,142844.36000000
1776985200000,1.23800000,1.24400000,1.23700000,1.24100000,296512.99000000
1776988800000,1.24000000,1.24800000,1.23600000,1.24500000,213545.58000000
1776992400000,1.24500000,1.25000000,1.23900000,1.24900000,133669.30000000
1776996000000,1.24900000,1.25000000,1.24300000,1.24500000,345817.79000000
1776999600000,1.24500000,1.24600000,1.23200000,1.23800000,137707.94000000
1777003200000,1.23900000,1.24300000,1.23500000,1.23800000,149622.81000000
1777006800000,1.23800000,1.24500000,1.23600000,1.23700000,259989.08000000
1777010400000,1.23700000,1.24000000,1.23400000,1.23600000,131673.17000000
1777014000000,1.23500000,1.24000000,1.22700000,1.23300000,275323.83000000
1777017600000,1.23300000,1.24300000,1.23100000,1.24000000,188333.00000000
1777021200000,1.24000000,1.24100000,1.23400000,1.23900000,107507.27000000
1777024800000,1.23900000,1.24700000,1.23600000,1.24500000,219515.70000000
1777028400000,1.24500000,1.25800000,1.24500000,1.25600000,490092.73000000
1777032000000,1.25600000,1.26200000,1.25200000,1.25300000,272768.64000000
1777035600000,1.25200000,1.26100000,1.25200000,1.25400000,185632.93000000
1777039200000,1.25400000,1.25600000,1.24800000,1.25000000,275939.04000000
1777042800000,1.24900000,1.26200000,1.24100000,1.25900000,312393.28000000
1777046400000,1.26000000,1.26200000,1.24900000,1.25200000,211690.96000000
1777050000000,1.25200000,1.26200000,1.25100000,1.25800000,259233.39000000
1777053600000,1.25800000,1.26100000,1.25200000,1.25700000,139680.26000000
1777057200000,1.25700000,1.26100000,1.25300000,1.25700000,115098.06000000
1777060800000,1.25700000,1.26300000,1.25300000,1.26200000,140199.36000000
1777064400000,1.26100000,1.26900000,1.25600000,1.25900000,357494.52000000
1777068000000,1.25900000,1.25900000,1.24700000,1.25200000,173960.57000000
1777071600000,1.25100000,1.25500000,1.25000000,1.25400000,56659.52000000
1777075200000,1.25400000,1.25800000,1.25200000,1.25600000,89798.90000000
1777078800000,1.25600000,1.27000000,1.25500000,1.26500000,292263.12000000
1777082400000,1.26600000,1.26700000,1.25700000,1.26000000,152880.85000000
1777086000000,1.26100000,1.26900000,1.26000000,1.26400000,104545.66000000
1777089600000,1.26500000,1.27200000,1.26000000,1.26100000,121089.96000000
1777093200000,1.26100000,1.26900000,1.25600000,1.26300000,153055.21000000
1777096800000,1.26400000,1.27100000,1.26300000,1.26400000,120101.66000000
1777100400000,1.26400000,1.26800000,1.26000000,1.26500000,119608.68000000
1777104000000,1.26400000,1.26800000,1.26200000,1.26600000,83125.01000000
1777107600000,1.26700000,1.27400000,1.26700000,1.27200000,151222.91000000
1777111200000,1.27100000,1.27500000,1.26800000,1.26900000,106249.42000000
1777114800000,1.26800000,1.26900000,1.25500000,1.25700000,175103.56000000
1777118400000,1.25700000,1.25900000,1.25300000,1.25600000,196029.81000000
1777122000000,1.25600000,1.26500000,1.25500000,1.26200000,140664.22000000
1777125600000,1.26300000,1.26500000,1.25800000,1.26000000,123952.09000000
1777129200000,1.26000000,1.26400000,1.25400000,1.25700000,211067.04000000
1777132800000,1.25700000,1.26200000,1.24500000,1.25000000,250995.97000000
1777136400000,1.25000000,1.25000000,1.24200000,1.24400000,121360.28000000
1777140000000,1.24300000,1.24600000,1.24200000,1.24200000,89302.77000000
1777143600000,1.24200000,1.24300000,1.23700000,1.24100000,264361.48000000
1777147200000,1.24100000,1.24500000,1.24000000,1.24400000,131903.13000000
1777150800000,1.24400000,1.24800000,1.24200000,1.24300000,65557.88000000
1777154400000,1.24200000,1.24700000,1.24100000,1.24600000,90792.91000000
1777158000000,1.24600000,1.24800000,1.24400000,1.24600000,46781.17000000
1777161600000,1.24600000,1.24600000,1.23500000,1.23900000,123659.46000000
1777165200000,1.23800000,1.24400000,1.23700000,1.23900000,88985.80000000
1777168800000,1.23900000,1.24500000,1.23800000,1.24300000,63975.88000000
1777172400000,1.24400000,1.24600000,1.23900000,1.24400000,59823.14000000
1777176000000,1.24300000,1.25100000,1.23900000,1.24700000,74996.42000000
1777179600000,1.24700000,1.25900000,1.24700000,1.25700000,268630.48000000
1777183200000,1.25700000,1.26400000,1.25700000,1.25800000,179221.96000000
1777186800000,1.25800000,1.26400000,1.25500000,1.26100000,166638.45000000
1777190400000,1.26100000,1.26300000,1.25700000,1.26100000,92405.72000000
1777194000000,1.26100000,1.27200000,1.25800000,1.26600000,188224.64000000
1777197600000,1.26600000,1.27000000,1.26400000,1.26900000,125867.38000000
1777201200000,1.27000000,1.27400000,1.26700000,1.26900000,121551.22000000
1777204800000,1.26900000,1.27100000,1.25900000,1.26100000,128788.74000000
1777208400000,1.26000000,1.26400000,1.25700000,1.25800000,96133.08000000
1777212000000,1.25900000,1.26800000,1.25500000,1.26400000,151741.25000000
1777215600000,1.26400000,1.26900000,1.26300000,1.26700000,94467.60000000
1777219200000,1.26600000,1.26700000,1.25800000,1.26000000,247702.97000000
1777222800000,1.25900000,1.26600000,1.25500000,1.26500000,95361.34000000
1777226400000,1.26500000,1.27200000,1.26400000,1.26900000,124335.47000000
1777230000000,1.27000000,1.27400000,1.26700000,1.27000000,116165.39000000
1777233600000,1.27000000,1.27100000,1.26400000,1.26500000,97176.28000000
1777237200000,1.26500000,1.26800000,1.25200000,1.26500000,209455.81000000
1777240800000,1.26400000,1.26900000,1.25700000,1.26100000,193979.13000000
1777244400000,1.26100000,1.26600000,1.25800000,1.26000000,47765.03000000
1777248000000,1.26000000,1.26900000,1.25800000,1.26900000,160991.39000000
1777251600000,1.27000000,1.27500000,1.26000000,1.27100000,168020.75000000
1777255200000,1.27200000,1.27300000,1.26400000,1.27000000,77393.35000000
1777258800000,1.26900000,1.27400000,1.26800000,1.26900000,126136.43000000
1777262400000,1.26900000,1.26900000,1.26400000,1.26700000,65717.98000000
1777266000000,1.26700000,1.26700000,1.23700000,1.24100000,556284.03000000
1777269600000,1.24000000,1.24200000,1.22800000,1.23500000,373796.82000000
1777273200000,1.23600000,1.23800000,1.23000000,1.23300000,198651.36000000
1777276800000,1.23300000,1.23700000,1.22800000,1.23400000,255081.76000000
1777280400000,1.23500000,1.23700000,1.23300000,1.23500000,200728.94000000
1777284000000,1.23400000,1.23800000,1.23200000,1.23200000,162501.49000000
1777287600000,1.23300000,1.23900000,1.23000000,1.23800000,126230.87000000
1777291200000,1.23800000,1.23900000,1.23300000,1.23500000,128223.73000000
1777294800000,1.23600000,1.23700000,1.22200000,1.22900000,375446.14000000
1777298400000,1.22900000,1.23900000,1.22800000,1.23400000,222963.85000000
1777302000000,1.23400000,1.23500000,1.21000000,1.22000000,565251.05000000
1777305600000,1.21900000,1.22300000,1.21500000,1.22100000,220828.85000000
1777309200000,1.22200000,1.22700000,1.21900000,1.21900000,251630.14000000
1777312800000,1.21900000,1.22400000,1.21800000,1.22200000,95922.98000000
1777316400000,1.22200000,1.22400000,1.21300000,1.21900000,186410.13000000
1777320000000,1.22000000,1.22300000,1.21800000,1.22000000,119294.73000000
1777323600000,1.21900000,1.22000000,1.21600000,1.21700000,194422.42000000
1777327200000,1.21600000,1.22600000,1.21500000,1.22600000,95467.12000000
1777330800000,1.22600000,1.23600000,1.22500000,1.23300000,129019.80000000
1777334400000,1.23200000,1.23400000,1.23000000,1.23200000,99507.75000000
1777338000000,1.23100000,1.23500000,1.23100000,1.23400000,75170.76000000
1777341600000,1.23400000,1.23800000,1.22700000,1.23200000,204534.98000000
1777345200000,1.23100000,1.23600000,1.22900000,1.23500000,95815.95000000
1777348800000,1.23500000,1.23800000,1.23400000,1.23500000,104007.44000000
1777352400000,1.23600000,1.24100000,1.23300000,1.23400000,194101.94000000
1777356000000,1.23300000,1.23700000,1.22400000,1.22700000,94505.89000000
1777359600000,1.22700000,1.22800000,1.21800000,1.22400000,159672.04000000
1777363200000,1.22400000,1.22700000,1.22100000,1.22300000,156798.31000000
1777366800000,1.22400000,1.22500000,1.21600000,1.22000000,65826.35000000
1777370400000,1.22000000,1.22500000,1.21800000,1.22200000,103007.31000000
1777374000000,1.22300000,1.22400000,1.21700000,1.22200000,122736.89000000
1777377600000,1.22200000,1.22700000,1.21800000,1.22600000,178661.05000000
1777381200000,1.22600000,1.23700000,1.21900000,1.23300000,220753.82000000
1777384800000,1.23300000,1.23300000,1.21900000,1.23000000,195675.94000000
1777388400000,1.23000000,1.23400000,1.22900000,1.23300000,143892.28000000
1777392000000,1.23300000,1.23700000,1.22800000,1.22900000,148962.99000000
1777395600000,1.22900000,1.23300000,1.22500000,1.23000000,97633.73000000
1777399200000,1.22900000,1.23400000,1.22900000,1.23200000,119382.96000000
1777402800000,1.23200000,1.23600000,1.23000000,1.23500000,86481.60000000
1777406400000,1.23600000,1.23700000,1.22900000,1.23000000,104533.89000000
1777410000000,1.23000000,1.23200000,1.22800000,1.23100000,104684.78000000
1777413600000,1.23100000,1.23400000,1.22700000,1.22900000,36788.36000000
1777417200000,1.22800000,1.23000000,1.22600000,1.22900000,38160.00000000
1777420800000,1.22900000,1.23200000,1.22700000,1.22900000,203093.24000000
1777424400000,1.22900000,1.23100000,1.22600000,1.23000000,132889.61000000
1777428000000,1.23000000,1.23200000,1.22500000,1.22900000,110746.40000000
1777431600000,1.22900000,1.23900000,1.22900000,1.23800000,232874.50000000
1777435200000,1.23800000,1.24600000,1.23600000,1.24600000,211942.09000000
1777438800000,1.24600000,1.24800000,1.24300000,1.24700000,94080.93000000
1777442400000,1.24700000,1.24800000,1.23900000,1.24100000,131538.36000000
1777446000000,1.24200000,1.24600000,1.23700000,1.24100000,148657.69000000
1777449600000,1.24100000,1.24300000,1.23500000,1.23600000,105251.93000000
1777453200000,1.23500000,1.25400000,1.23400000,1.25300000,234472.54000000
1777456800000,1.25300000,1.25900000,1.24800000,1.25000000,416255.53000000
1777460400000,1.25000000,1.25500000,1.24300000,1.24500000,172376.69000000
1777464000000,1.24500000,1.24500000,1.23000000,1.23700000,378973.53000000
1777467600000,1.23600000,1.23800000,1.22000000,1.22900000,303455.78000000
1777471200000,1.22800000,1.23200000,1.22400000,1.22600000,164657.50000000
1777474800000,1.22500000,1.22700000,1.20100000,1.20600000,524416.62000000
1777478400000,1.20600000,1.21200000,1.20300000,1.21000000,273206.77000000
1777482000000,1.21100000,1.21900000,1.21000000,1.21900000,208571.75000000
1777485600000,1.21900000,1.21900000,1.17900000,1.19800000,1261850.81000000
1777489200000,1.19800000,1.20000000,1.19200000,1.19700000,191439.78000000
1777492800000,1.19700000,1.20800000,1.19600000,1.20400000,172110.63000000
1777496400000,1.20300000,1.21300000,1.20200000,1.20700000,154983.29000000
1777500000000,1.20600000,1.21300000,1.20600000,1.21200000,79619.02000000
1777503600000,1.21100000,1.21300000,1.20800000,1.21100000,75569.38000000
1777507200000,1.21200000,1.22500000,1.21100000,1.22400000,99301.71000000
1777510800000,1.22400000,1.22600000,1.21900000,1.22100000,131994.97000000
1777514400000,1.22200000,1.22500000,1.20500000,1.21000000,259270.28000000
1777518000000,1.21100000,1.21700000,1.20900000,1.21500000,138617.66000000
1777521600000,1.21500000,1.21600000,1.20100000,1.20200000,101558.65000000
1777525200000,1.20200000,1.20600000,1.19700000,1.20100000,114868.48000000
1777528800000,1.20100000,1.20500000,1.19900000,1.20400000,88205.84000000
1777532400000,1.20300000,1.21000000,1.20100000,1.20900000,175727.76000000
1777536000000,1.21000000,1.21600000,1.20900000,1.21100000,199178.19000000
1777539600000,1.21100000,1.22000000,1.20900000,1.21400000,188295.99000000
1777543200000,1.21500000,1.21800000,1.20900000,1.21100000,131769.84000000
1777546800000,1.21100000,1.21900000,1.20900000,1.21500000,273594.16000000
1777550400000,1.21600000,1.22200000,1.21400000,1.21400000,200972.31000000
1777554000000,1.21500000,1.21600000,1.20900000,1.21200000,154752.41000000
1777557600000,1.21200000,1.21500000,1.20600000,1.20900000,171751.02000000
1777561200000,1.20900000,1.21700000,1.20500000,1.21500000,119052.31000000
1777564800000,1.21500000,1.21600000,1.21000000,1.21100000,74130.60000000
1777568400000,1.21100000,1.21300000,1.20800000,1.21100000,48318.05000000
1777572000000,1.21000000,1.21300000,1.20700000,1.20900000,130755.11000000
1777575600000,1.20800000,1.21300000,1.20800000,1.20900000,53601.33000000
1777579200000,1.20800000,1.21000000,1.20700000,1.20700000,50846.31000000
1777582800000,1.20800000,1.21000000,1.20200000,1.20300000,56932.71000000
1777586400000,1.20300000,1.20600000,1.20000000,1.20100000,57431.26000000
1777590000000,1.20200000,1.20600000,1.20000000,1.20400000,97727.91000000
1777593600000,1.20500000,1.20900000,1.20200000,1.20400000,238795.95000000
1777597200000,1.20500000,1.21000000,1.20400000,1.20900000,129312.73000000
1777600800000,1.20800000,1.20900000,1.20300000,1.20400000,141909.99000000
1777604400000,1.20300000,1.21900000,1.20300000,1.21400000,270973.14000000
1777608000000,1.21400000,1.21700000,1.21000000,1.21200000,157874.93000000
1777611600000,1.21200000,1.21500000,1.20800000,1.20900000,120499.35000000
1777615200000,1.21000000,1.21000000,1.20000000,1.20200000,256116.64000000
1777618800000,1.20300000,1.20500000,1.19900000,1.20500000,173644.22000000
1777622400000,1.20400000,1.20900000,1.20200000,1.20800000,126944.48000000
1777626000000,1.20800000,1.20800000,1.19700000,1.20000000,92986.85000000
1777629600000,1.20100000,1.20100000,1.19300000,1.20100000,140902.72000000
1777633200000,1.20000000,1.20200000,1.19600000,1.20000000,156645.67000000
1777636800000,1.20000000,1.21100000,1.19900000,1.20500000,507101.93000000
1777640400000,1.20600000,1.22500000,1.20600000,1.22200000,417413.00000000
1777644000000,1.22300000,1.22900000,1.21100000,1.21300000,916411.88000000
1777647600000,1.21400000,1.22100000,1.20700000,1.21300000,306219.53000000
1777651200000,1.21400000,1.21800000,1.20500000,1.20900000,373397.95000000
1777654800000,1.20900000,1.21500000,1.20600000,1.21400000,114903.38000000
1777658400000,1.21500000,1.21600000,1.21200000,1.21400000,123787.92000000
1777662000000,1.21400000,1.21600000,1.21000000,1.21100000,88224.04000000
1777665600000,1.21200000,1.21300000,1.20200000,1.20500000,141437.81000000
1777669200000,1.20400000,1.21100000,1.20200000,1.20800000,123817.78000000
1777672800000,1.20800000,1.21100000,1.20300000,1.20400000,126077.93000000
1777676400000,1.20400000,1.20500000,1.19800000,1.20400000,187248.09000000
1777680000000,1.20500000,1.21000000,1.20300000,1.21000000,91223.09000000
1777683600000,1.21000000,1.21100000,1.20800000,1.20800000,94237.42000000
1777687200000,1.20800000,1.21100000,1.20700000,1.20800000,62685.45000000
1777690800000,1.20900000,1.21100000,1.20500000,1.20800000,77204.22000000
1777694400000,1.20700000,1.20800000,1.20000000,1.20200000,86460.06000000
1777698000000,1.20200000,1.20400000,1.19500000,1.19700000,118009.79000000
1777701600000,1.19700000,1.20200000,1.19600000,1.20200000,164607.74000000
1777705200000,1.20100000,1.20300000,1.19900000,1.20000000,53430.80000000
1777708800000,1.20000000,1.20500000,1.19900000,1.20400000,215904.05000000
1777712400000,1.20300000,1.21100000,1.20300000,1.21100000,71153.43000000
1777716000000,1.21100000,1.21300000,1.20800000,1.20900000,155600.00000000
1777719600000,1.20900000,1.20900000,1.20200000,1.20500000,61541.43000000
1777723200000,1.20500000,1.20800000,1.20300000,1.20400000,112438.75000000
1777726800000,1.20400000,1.21000000,1.20200000,1.20700000,102828.04000000
1777730400000,1.20700000,1.21100000,1.20600000,1.20900000,169625.46000000
1777734000000,1.20900000,1.21500000,1.20700000,1.21500000,127889.51000000
1777737600000,1.21400000,1.21700000,1.21100000,1.21500000,202494.73000000
1777741200000,1.21600000,1.21600000,1.21000000,1.21200000,102258.61000000
1777744800000,1.21200000,1.21900000,1.20800000,1.21700000,113893.89000000
1777748400000,1.21700000,1.22300000,1.21700000,1.22300000,292739.92000000
1777752000000,1.22300000,1.23100000,1.22200000,1.23000000,267579.12000000
1777755600000,1.23000000,1.24100000,1.22400000,1.23300000,259449.91000000
1777759200000,1.23300000,1.23700000,1.22700000,1.23000000,178753.63000000
1777762800000,1.23100000,1.23100000,1.22400000,1.22700000,111905.33000000
1777766400000,1.22800000,1.22900000,1.21900000,1.22100000,119686.86000000
1777770000000,1.22100000,1.22200000,1.21000000,1.21200000,236230.65000000
1777773600000,1.21100000,1.21200000,1.20500000,1.20800000,121032.99000000
1777777200000,1.20800000,1.20900000,1.20400000,1.20700000,129373.83000000
1777780800000,1.20700000,1.20900000,1.20600000,1.20700000,49811.31000000
1777784400000,1.20700000,1.21000000,1.20400000,1.20800000,87209.60000000
1777788000000,1.20800000,1.21400000,1.20600000,1.21100000,141648.35000000
1777791600000,1.21000000,1.21700000,1.21000000,1.21500000,80478.08000000
1777795200000,1.21400000,1.22100000,1.21100000,1.21200000,199942.56000000
1777798800000,1.21200000,1.21400000,1.20700000,1.21200000,103806.42000000
1777802400000,1.21300000,1.21600000,1.21000000,1.21100000,50976.16000000
1777806000000,1.21000000,1.21700000,1.20800000,1.21300000,167830.19000000
1777809600000,1.21200000,1.21900000,1.21200000,1.21400000,75176.59000000
1777813200000,1.21400000,1.21400000,1.20600000,1.20800000,91219.19000000
1777816800000,1.20800000,1.21100000,1.20500000,1.20900000,83076.76000000
1777820400000,1.20900000,1.21400000,1.20800000,1.21100000,101530.06000000
1777824000000,1.21100000,1.21300000,1.20800000,1.21100000,64810.42000000
1777827600000,1.21000000,1.21300000,1.20700000,1.21000000,150857.13000000
1777831200000,1.21000000,1.21500000,1.21000000,1.21300000,46051.58000000
1777834800000,1.21300000,1.21900000,1.21200000,1.21600000,97619.56000000
1777838400000,1.21600000,1.22400000,1.21600000,1.21700000,161033.97000000
1777842000000,1.21800000,1.22200000,1.20700000,1.21000000,159833.53000000
1777845600000,1.21100000,1.22400000,1.21100000,1.22000000,192546.62000000
1777849200000,1.22100000,1.22200000,1.20800000,1.20900000,189254.49000000
1777852800000,1.20900000,1.21300000,1.19700000,1.21100000,414232.73000000
1777856400000,1.21200000,1.23300000,1.21000000,1.22900000,717358.69000000
1777860000000,1.23000000,1.24800000,1.22800000,1.24400000,453919.97000000
1777863600000,1.24300000,1.25000000,1.24100000,1.24900000,428109.89000000
1777867200000,1.25000000,1.26300000,1.24900000,1.25400000,557338.82000000
1777870800000,1.25400000,1.25600000,1.24300000,1.25200000,394125.64000000
1777874400000,1.25300000,1.25500000,1.23600000,1.24500000,358724.61000000
1777878000000,1.24500000,1.24700000,1.23800000,1.23800000,124786.22000000
1777881600000,1.23800000,1.24100000,1.23400000,1.23600000,171807.33000000
1777885200000,1.23600000,1.25000000,1.23600000,1.24400000,226533.05000000
1777888800000,1.24500000,1.24500000,1.20500000,1.21400000,838321.13000000
1777892400000,1.21500000,1.22200000,1.21300000,1.22000000,194528.14000000
1777896000000,1.22000000,1.22600000,1.21800000,1.21900000,222741.99000000
1777899600000,1.21800000,1.22700000,1.21200000,1.22500000,262555.64000000
1777903200000,1.22500000,1.24300000,1.21700000,1.23900000,364588.30000000
1777906800000,1.23800000,1.24000000,1.21800000,1.22500000,441376.89000000
1777910400000,1.22600000,1.23000000,1.21700000,1.22500000,343707.67000000
1777914000000,1.22400000,1.24500000,1.22400000,1.24000000,165962.90000000
1777917600000,1.23900000,1.24400000,1.23300000,1.23800000,174952.81000000
1777921200000,1.23900000,1.24000000,1.22800000,1.23100000,217511.39000000
1777924800000,1.23200000,1.23300000,1.22200000,1.22600000,80936.62000000
1777928400000,1.22700000,1.24300000,1.22600000,1.23900000,144522.09000000
1777932000000,1.23800000,1.24200000,1.22800000,1.22900000,72474.90000000
1777935600000,1.22900000,1.23000000,1.22500000,1.22800000,84634.89000000
1777939200000,1.22900000,1.23400000,1.22500000,1.22700000,229340.91000000
1777942800000,1.22700000,1.23800000,1.22600000,1.23500000,67332.56000000
1777946400000,1.23500000,1.24400000,1.23400000,1.23600000,166674.44000000
1777950000000,1.23700000,1.24700000,1.23400000,1.24300000,242476.02000000
1777953600000,1.24300000,1.24800000,1.24000000,1.24300000,169155.57000000
1777957200000,1.24200000,1.24800000,1.24200000,1.24500000,147232.27000000
1777960800000,1.24600000,1.24900000,1.24200000,1.24900000,228879.88000000
1777964400000,1.24900000,1.25900000,1.24800000,1.25400000,366220.33000000
1777968000000,1.25400000,1.26000000,1.25400000,1.25900000,233855.97000000
1777971600000,1.25900000,1.26100000,1.25400000,1.25600000,193937.94000000
1777975200000,1.25600000,1.26600000,1.25400000,1.26200000,258545.17000000
1777978800000,1.26100000,1.26200000,1.25300000,1.26000000,177298.05000000
1777982400000,1.26100000,1.28000000,1.25800000,1.27200000,380944.00000000
1777986000000,1.27300000,1.28900000,1.27200000,1.28200000,449508.07000000
1777989600000,1.28300000,1.29600000,1.26800000,1.27700000,757627.80000000
1777993200000,1.27800000,1.27900000,1.27000000,1.27400000,175206.53000000
1777996800000,1.27400000,1.27600000,1.25700000,1.26200000,247288.72000000
1778000400000,1.26200000,1.27000000,1.26100000,1.26800000,182564.29000000
1778004000000,1.26800000,1.27200000,1.26600000,1.26700000,141072.77000000
1778007600000,1.26600000,1.27500000,1.26600000,1.27400000,157492.16000000
1778011200000,1.27300000,1.28700000,1.27300000,1.28600000,398957.09000000
1778014800000,1.28600000,1.29300000,1.28300000,1.28500000,314657.87000000
1778018400000,1.28600000,1.29000000,1.27500000,1.28100000,300165.75000000
1778022000000,1.28000000,1.28300000,1.27200000,1.27900000,147925.69000000
1778025600000,1.27800000,1.28200000,1.26900000,1.27700000,261424.65000000
1778029200000,1.27800000,1.30000000,1.27600000,1.29500000,361647.06000000
1778032800000,1.29600000,1.29600000,1.28100000,1.29000000,333867.53000000
1778036400000,1.29100000,1.30900000,1.29000000,1.30500000,368608.42000000
1778040000000,1.30600000,1.31500000,1.30000000,1.30300000,579461.12000000
1778043600000,1.30400000,1.30900000,1.29800000,1.30700000,282065.74000000
1778047200000,1.30700000,1.31000000,1.30100000,1.30500000,268045.61000000
1778050800000,1.30500000,1.31400000,1.30400000,1.31100000,429370.24000000
1778054400000,1.31200000,1.33400000,1.30900000,1.33000000,335434.93000000
1778058000000,1.32900000,1.33300000,1.32400000,1.33000000,403427.94000000
1778061600000,1.33100000,1.33300000,1.32500000,1.32700000,357596.32000000
1778065200000,1.32700000,1.32900000,1.31800000,1.32300000,402962.22000000
1778068800000,1.32300000,1.32700000,1.31800000,1.32000000,275602.19000000
1778072400000,1.32000000,1.32000000,1.30000000,1.30100000,446136.35000000
1778076000000,1.30000000,1.30300000,1.28600000,1.29700000,484636.22000000
1778079600000,1.29600000,1.31200000,1.29500000,1.30700000,256499.98000000
1778083200000,1.30800000,1.31600000,1.30100000,1.31500000,320060.33000000
1778086800000,1.31500000,1.31600000,1.30400000,1.30500000,159241.62000000
1778090400000,1.30600000,1.31000000,1.30300000,1.30600000,194079.18000000
1778094000000,1.30600000,1.31100000,1.30200000,1.30800000,265265.01000000
1778097600000,1.30800000,1.31900000,1.30100000,1.30500000,244091.68000000
1778101200000,1.30600000,1.32500000,1.30100000,1.32200000,319847.06000000
1778104800000,1.32300000,1.32400000,1.30900000,1.31300000,130988.53000000
1778108400000,1.31200000,1.32000000,1.30300000,1.31900000,247232.08000000
1778112000000,1.31800000,1.32200000,1.30400000,1.30600000,208998.43000000
1778115600000,1.30700000,1.30800000,1.29500000,1.29800000,204721.67000000
1778119200000,1.29700000,1.30000000,1.29000000,1.29600000,164061.97000000
1778122800000,1.29500000,1.30400000,1.29100000,1.29300000,156211.17000000
1778126400000,1.29300000,1.31600000,1.29100000,1.31600000,245773.95000000
1778130000000,1.31600000,1.32200000,1.31500000,1.31700000,265564.65000000
1778133600000,1.31700000,1.33100000,1.31000000,1.33000000,250178.08000000
1778137200000,1.32900000,1.33100000,1.32200000,1.32600000,197848.26000000
1778140800000,1.32600000,1.32800000,1.31800000,1.32200000,196570.49000000
1778144400000,1.32100000,1.32400000,1.31500000,1.31800000,189770.27000000
1778148000000,1.31800000,1.32300000,1.30900000,1.31800000,138459.40000000
1778151600000,1.31800000,1.32500000,1.31600000,1.31900000,138371.14000000
1778155200000,1.32000000,1.33400000,1.31900000,1.33200000,419207.00000000
1778158800000,1.33200000,1.33800000,1.31400000,1.31700000,880754.47000000
1778162400000,1.31800000,1.32000000,1.29500000,1.30600000,477566.90000000
1778166000000,1.30600000,1.31100000,1.29300000,1.30300000,396090.19000000
1778169600000,1.30300000,1.31300000,1.29800000,1.30300000,296465.68000000
1778173200000,1.30300000,1.31200000,1.29700000,1.30800000,341253.00000000
1778176800000,1.30800000,1.31800000,1.30400000,1.30700000,172769.68000000
1778180400000,1.30700000,1.31300000,1.30100000,1.30700000,240096.44000000
1778184000000,1.30700000,1.31700000,1.30100000,1.30100000,224044.82000000
1778187600000,1.30000000,1.31000000,1.29500000,1.30300000,156167.99000000
1778191200000,1.30300000,1.30800000,1.29600000,1.30300000,177734.92000000
1778194800000,1.30300000,1.31200000,1.30200000,1.31100000,62589.74000000
1778198400000,1.31100000,1.31500000,1.30000000,1.30400000,158423.10000000
1778202000000,1.30500000,1.30900000,1.29700000,1.30600000,196780.49000000
1778205600000,1.30600000,1.30900000,1.29300000,1.30400000,117160.83000000
1778209200000,1.30400000,1.31300000,1.29400000,1.30800000,120721.85000000
1778212800000,1.30800000,1.32300000,1.30800000,1.31400000,144046.61000000
1778216400000,1.31500000,1.31900000,1.31200000,1.31400000,248836.63000000
1778220000000,1.31300000,1.31700000,1.30700000,1.31600000,199290.03000000
1778223600000,1.31600000,1.32500000,1.31200000,1.31900000,228165.32000000
1778227200000,1.31900000,1.32300000,1.31700000,1.31800000,125856.45000000
1778230800000,1.31800000,1.32700000,1.31400000,1.31900000,260456.58000000
1778234400000,1.31900000,1.32500000,1.31700000,1.32100000,220857.83000000
1778238000000,1.32100000,1.32500000,1.31600000,1.32200000,216569.44000000
1778241600000,1.32200000,1.32400000,1.31000000,1.31200000,1021648.74000000
1778245200000,1.31200000,1.31500000,1.30400000,1.31200000,183980.02000000
1778248800000,1.31300000,1.33500000,1.31200000,1.33100000,420148.93000000
1778252400000,1.33000000,1.36200000,1.32400000,1.35900000,780507.56000000
1778256000000,1.35900000,1.36000000,1.34600000,1.35000000,503458.23000000
1778259600000,1.34900000,1.37000000,1.34600000,1.36100000,621233.37000000
1778263200000,1.36000000,1.38000000,1.35900000,1.37100000,501711.23000000
1778266800000,1.37100000,1.38200000,1.36500000,1.37400000,411492.76000000
1778270400000,1.37400000,1.38000000,1.36700000,1.37800000,297914.02000000
1778274000000,1.37800000,1.39000000,1.37600000,1.38900000,338545.15000000
1778277600000,1.38800000,1.39100000,1.37600000,1.37800000,289406.22000000
1778281200000,1.37700000,1.38100000,1.36800000,1.37400000,225054.25000000
1778284800000,1.37500000,1.37900000,1.36900000,1.37500000,148078.00000000
1778288400000,1.37400000,1.39300000,1.37100000,1.38400000,352077.12000000
1778292000000,1.38400000,1.38800000,1.37900000,1.38000000,229056.18000000
1778295600000,1.37900000,1.38500000,1.37300000,1.37500000,313072.58000000
1778299200000,1.37600000,1.38200000,1.37000000,1.37200000,271297.88000000
1778302800000,1.37100000,1.38000000,1.36900000,1.37700000,104093.02000000
1778306400000,1.37700000,1.38000000,1.36800000,1.37000000,223994.17000000
1778310000000,1.37100000,1.37300000,1.36500000,1.36700000,137041.27000000
1778313600000,1.36700000,1.37100000,1.36600000,1.36800000,219602.88000000
1778317200000,1.36700000,1.36800000,1.35300000,1.35700000,213654.83000000
1778320800000,1.35700000,1.36000000,1.35200000,1.35900000,143374.30000000
1778324400000,1.35900000,1.36100000,1.35700000,1.35800000,114822.71000000
1778328000000,1.35900000,1.36100000,1.35400000,1.35600000,86956.84000000
1778331600000,1.35700000,1.35800000,1.34900000,1.35300000,144401.08000000
1778335200000,1.35200000,1.35300000,1.33900000,1.34400000,223398.51000000
1778338800000,1.34500000,1.34600000,1.33800000,1.34300000,154263.54000000
1778342400000,1.34300000,1.35100000,1.34000000,1.34400000,325605.53000000
1778346000000,1.34400000,1.35600000,1.34400000,1.35300000,202095.86000000
1778349600000,1.35400000,1.35800000,1.35000000,1.35300000,154857.09000000
1778353200000,1.35200000,1.35400000,1.34900000,1.35200000,75007.47000000
1778356800000,1.35200000,1.35200000,1.34700000,1.35000000,53010.04000000
1778360400000,1.35100000,1.35200000,1.34800000,1.34900000,81649.99000000
1778364000000,1.35000000,1.35400000,1.34700000,1.35100000,113312.18000000
1778367600000,1.35100000,1.35200000,1.34300000,1.34600000,87451.80000000
1778371200000,1.34600000,1.34600000,1.33600000,1.33700000,155329.77000000
1778374800000,1.33700000,1.33800000,1.32900000,1.33400000,168975.27000000
1778378400000,1.33400000,1.34200000,1.33200000,1.33800000,62007.15000000
1778382000000,1.33800000,1.34200000,1.33600000,1.33700000,54961.32000000
1778385600000,1.33600000,1.34000000,1.33500000,1.33600000,54676.14000000
1778389200000,1.33600000,1.34100000,1.33400000,1.33900000,89021.38000000
1778392800000,1.33900000,1.34100000,1.33500000,1.33900000,171101.12000000
1778396400000,1.34000000,1.34900000,1.33800000,1.34400000,107709.62000000
1778400000000,1.34400000,1.36000000,1.34400000,1.35700000,212704.94000000
1778403600000,1.35800000,1.36100000,1.35400000,1.35400000,200187.62000000
1778407200000,1.35500000,1.35800000,1.34600000,1.35400000,115595.88000000
1778410800000,1.35400000,1.36100000,1.35200000,1.35700000,207067.72000000
1778414400000,1.35700000,1.36100000,1.35200000,1.36100000,122092.15000000
1778418000000,1.36100000,1.37000000,1.35900000,1.36900000,193590.59000000
1778421600000,1.37000000,1.37000000,1.35300000,1.35600000,365443.48000000
1778425200000,1.35600000,1.37300000,1.35600000,1.37300000,193399.88000000
1778428800000,1.37300000,1.39200000,1.37200000,1.38900000,409679.97000000
1778432400000,1.38900000,1.40700000,1.38300000,1.40200000,1080344.39000000
1778436000000,1.40200000,1.41500000,1.39600000,1.40900000,414629.83000000
1778439600000,1.40900000,1.41900000,1.40200000,1.41300000,412181.20000000
1778443200000,1.41300000,1.41900000,1.34500000,1.36200000,1219692.35000000
1778446800000,1.36100000,1.37700000,1.35300000,1.36600000,691592.08000000
1778450400000,1.36500000,1.38900000,1.36300000,1.38900000,577291.27000000
1778454000000,1.38800000,1.39000000,1.37800000,1.38300000,198406.83000000
1778457600000,1.38300000,1.38600000,1.36100000,1.36700000,268029.89000000
1778461200000,1.36800000,1.37600000,1.36100000,1.36900000,206023.16000000
1778464800000,1.36900000,1.37000000,1.35100000,1.35500000,236057.17000000
1778468400000,1.35400000,1.35500000,1.33500000,1.34600000,340789.55000000
1778472000000,1.34600000,1.35100000,1.33800000,1.34800000,156663.65000000
1778475600000,1.34800000,1.36200000,1.34800000,1.35800000,148224.31000000
1778479200000,1.35800000,1.36600000,1.35500000,1.36100000,188178.50000000
1778482800000,1.36000000,1.36600000,1.35500000,1.36500000,202177.15000000
1778486400000,1.36400000,1.36700000,1.35800000,1.36100000,157426.10000000
1778490000000,1.36100000,1.36700000,1.35700000,1.36000000,414675.54000000
1778493600000,1.35900000,1.37400000,1.35800000,1.35900000,339500.39000000
1778497200000,1.36000000,1.36500000,1.35600000,1.36100000,163398.19000000
1778500800000,1.36100000,1.36400000,1.35200000,1.35700000,248209.47000000
1778504400000,1.35700000,1.36300000,1.34600000,1.35800000,246898.81000000
1778508000000,1.35700000,1.36400000,1.34000000,1.35500000,259890.36000000
1778511600000,1.35500000,1.37400000,1.35000000,1.36800000,227313.48000000
1778515200000,1.36800000,1.37600000,1.35900000,1.36700000,210641.08000000
1778518800000,1.36800000,1.38100000,1.36200000,1.37900000,402332.37000000
1778522400000,1.37800000,1.38200000,1.36900000,1.37000000,182078.28000000
1778526000000,1.37000000,1.37600000,1.36700000,1.37200000,208528.28000000
1778529600000,1.37300000,1.37800000,1.36600000,1.37100000,152805.23000000
1778533200000,1.37000000,1.37500000,1.36600000,1.36600000,209222.70000000
1778536800000,1.36700000,1.37000000,1.36300000,1.36500000,137477.26000000
1778540400000,1.36500000,1.36700000,1.35900000,1.36400000,91127.50000000
1778544000000,1.36300000,1.36900000,1.35900000,1.36600000,73281.14000000
1778547600000,1.36600000,1.36900000,1.34400000,1.35100000,195753.60000000
1778551200000,1.35100000,1.35700000,1.34800000,1.35600000,151268.61000000
1778554800000,1.35600000,1.35800000,1.34700000,1.34900000,96671.78000000
1778558400000,1.34900000,1.35500000,1.34500000,1.35200000,66482.62000000
1778562000000,1.35100000,1.36300000,1.35100000,1.36000000,80125.34000000
1778565600000,1.35900000,1.36400000,1.35700000,1.35700000,110687.22000000
1778569200000,1.35700000,1.36000000,1.34600000,1.35800000,157890.67000000
1778572800000,1.35800000,1.35900000,1.34600000,1.34700000,319877.74000000
1778576400000,1.34600000,1.35000000,1.33900000,1.34800000,129481.38000000
1778580000000,1.34800000,1.34900000,1.33300000,1.33800000,296813.84000000
1778583600000,1.33900000,1.33900000,1.32700000,1.33200000,356481.69000000
1778587200000,1.33200000,1.33900000,1.32400000,1.33300000,252735.84000000
1778590800000,1.33300000,1.33700000,1.31900000,1.32000000,236054.81000000
1778594400000,1.32000000,1.32600000,1.30600000,1.31400000,287314.55000000
1778598000000,1.31500000,1.32000000,1.30700000,1.31200000,212945.26000000
1778601600000,1.31200000,1.31800000,1.30300000,1.30900000,304652.84000000
1778605200000,1.31000000,1.32400000,1.31000000,1.32000000,283689.83000000
1778608800000,1.32000000,1.33000000,1.31700000,1.32600000,117467.96000000
1778612400000,1.32600000,1.33700000,1.32600000,1.33400000,151136.32000000
1778616000000,1.33400000,1.34100000,1.33300000,1.33800000,114411.97000000
1778619600000,1.33900000,1.34400000,1.33600000,1.33900000,158932.30000000
1778623200000,1.33900000,1.34400000,1.33500000,1.33900000,111212.82000000
1778626800000,1.33800000,1.34200000,1.33400000,1.33500000,54815.24000000
1778630400000,1.33500000,1.34200000,1.33300000,1.33900000,73098.32000000
1778634000000,1.34000000,1.36200000,1.33900000,1.35900000,316257.09000000
1778637600000,1.36000000,1.37700000,1.35700000,1.37600000,280594.44000000
1778641200000,1.37600000,1.39900000,1.37200000,1.39500000,444901.04000000
1778644800000,1.39500000,1.41000000,1.39400000,1.39600000,619713.45000000
1778648400000,1.39500000,1.40300000,1.38400000,1.39300000,370092.82000000
1778652000000,1.39300000,1.39900000,1.38300000,1.38600000,289451.19000000
1778655600000,1.38600000,1.39400000,1.38100000,1.39400000,215534.78000000
1778659200000,1.39500000,1.40100000,1.39100000,1.39700000,309148.56000000
1778662800000,1.39700000,1.43300000,1.39600000,1.43100000,610147.89000000
1778666400000,1.43100000,1.43800000,1.40200000,1.40500000,605945.02000000
1778670000000,1.40400000,1.40700000,1.38200000,1.38600000,668215.00000000
1778673600000,1.38600000,1.39100000,1.35200000,1.36300000,663455.69000000
1778677200000,1.36300000,1.36900000,1.33800000,1.34100000,555580.16000000
1778680800000,1.34000000,1.35200000,1.33100000,1.34700000,397485.05000000
1778684400000,1.34600000,1.35400000,1.31400000,1.31800000,502219.57000000
1778688000000,1.31800000,1.34200000,1.31800000,1.33700000,323669.94000000
1778691600000,1.33800000,1.34300000,1.33400000,1.33900000,181694.38000000
1778695200000,1.33900000,1.34600000,1.33500000,1.33600000,170827.56000000
1778698800000,1.33500000,1.33700000,1.31800000,1.32200000,327866.41000000
1778702400000,1.32200000,1.33500000,1.32100000,1.33400000,174519.15000000
1778706000000,1.33400000,1.33400000,1.32300000,1.32700000,103022.37000000
1778709600000,1.32700000,1.33100000,1.32200000,1.33100000,94679.59000000
1778713200000,1.33100000,1.33500000,1.32700000,1.32900000,57899.37000000
1778716800000,1.32800000,1.33900000,1.32700000,1.33400000,114970.81000000
1778720400000,1.33300000,1.33800000,1.33200000,1.33500000,111719.52000000
1778724000000,1.33400000,1.33900000,1.32400000,1.32500000,128804.91000000
1778727600000,1.32500000,1.32900000,1.31300000,1.31600000,302140.55000000
1778731200000,1.31700000,1.33300000,1.31500000,1.33200000,119375.91000000
1778734800000,1.33100000,1.33800000,1.32900000,1.33300000,141144.61000000
1778738400000,1.33200000,1.33700000,1.33000000,1.33100000,115490.28000000
1778742000000,1.33000000,1.33200000,1.32500000,1.32500000,141409.42000000
1778745600000,1.32600000,1.33300000,1.32200000,1.32700000,102280.15000000
1778749200000,1.32700000,1.33000000,1.32100000,1.32400000,101864.18000000
1778752800000,1.32300000,1.33100000,1.32100000,1.32800000,155461.09000000
1778756400000,1.32800000,1.32900000,1.32000000,1.32200000,121481.49000000
1778760000000,1.32100000,1.34500000,1.32100000,1.34100000,166649.39000000
1778763600000,1.34100000,1.34900000,1.33600000,1.34200000,210528.76000000
1778767200000,1.34200000,1.37200000,1.33600000,1.37000000,372336.27000000
1778770800000,1.37100000,1.37400000,1.35900000,1.37000000,322160.09000000
1778774400000,1.37100000,1.39100000,1.37000000,1.39000000,857529.80000000
1778778000000,1.39000000,1.41000000,1.38200000,1.39900000,522661.37000000
1778781600000,1.39800000,1.41800000,1.39200000,1.41400000,384122.94000000
1778785200000,1.41400000,1.42200000,1.40100000,1.40500000,658850.79000000
1778788800000,1.40600000,1.40800000,1.38300000,1.38900000,388259.14000000
1778792400000,1.39000000,1.39900000,1.38500000,1.39300000,269576.58000000
1778796000000,1.39300000,1.39300000,1.37900000,1.37900000,198059.90000000
1778799600000,1.37900000,1.37900000,1.36100000,1.36400000,357122.63000000
1778803200000,1.36400000,1.37600000,1.36400000,1.37300000,282898.75000000
1778806800000,1.37300000,1.37500000,1.36000000,1.36000000,100374.83000000
1778810400000,1.36000000,1.36500000,1.34600000,1.36100000,484471.54000000
1778814000000,1.36200000,1.36400000,1.35400000,1.35800000,106788.69000000
1778817600000,1.35800000,1.35900000,1.34100000,1.34200000,122734.21000000
1778821200000,1.34300000,1.34900000,1.32300000,1.32500000,406653.44000000
1778824800000,1.32400000,1.34100000,1.32300000,1.33600000,200102.19000000
1778828400000,1.33700000,1.35100000,1.33300000,1.34300000,133027.51000000
1778832000000,1.34300000,1.34300000,1.32700000,1.33400000,176942.41000000
1778835600000,1.33400000,1.33700000,1.32800000,1.33100000,138940.09000000
1778839200000,1.33100000,1.34500000,1.33000000,1.34200000,105284.61000000
1778842800000,1.34200000,1.34400000,1.33500000,1.33900000,172368.38000000
1778846400000,1.33800000,1.33900000,1.33000000,1.33100000,158539.01000000
1778850000000,1.33100000,1.33300000,1.29300000,1.29700000,819564.99000000
1778853600000,1.29700000,1.31200000,1.28900000,1.30800000,528400.98000000
1778857200000,1.30800000,1.31300000,1.30400000,1.30800000,182895.28000000
1778860800000,1.30800000,1.32200000,1.30400000,1.31800000,242455.08000000
1778864400000,1.31700000,1.32700000,1.31700000,1.32500000,216057.36000000
1778868000000,1.32500000,1.32800000,1.31900000,1.32500000,93575.21000000
1778871600000,1.32500000,1.32600000,1.31500000,1.31700000,139264.41000000
1778875200000,1.31800000,1.31800000,1.30800000,1.31000000,117209.08000000
1778878800000,1.31100000,1.31500000,1.30700000,1.30900000,102218.48000000
1778882400000,1.30900000,1.31500000,1.30900000,1.31400000,41679.63000000
1778886000000,1.31400000,1.31900000,1.31300000,1.31600000,52029.11000000
1778889600000,1.31600000,1.32100000,1.31400000,1.31600000,63628.69000000
1778893200000,1.31700000,1.31900000,1.31100000,1.31600000,87660.22000000
1778896800000,1.31600000,1.31700000,1.30700000,1.31000000,79594.34000000
1778900400000,1.31100000,1.31300000,1.30600000,1.30800000,96649.88000000
1778904000000,1.30800000,1.31000000,1.29500000,1.30000000,233972.30000000
1778907600000,1.30100000,1.30100000,1.29500000,1.29700000,206579.96000000
1778911200000,1.29700000,1.29700000,1.27000000,1.27400000,527149.12000000
1778914800000,1.27500000,1.27600000,1.25200000,1.26500000,427494.51000000
1778918400000,1.26400000,1.27100000,1.26400000,1.26500000,152148.21000000
1778922000000,1.26500000,1.26700000,1.24800000,1.25600000,570802.22000000
1778925600000,1.25500000,1.25700000,1.24700000,1.25600000,351561.05000000
1778929200000,1.25600000,1.26400000,1.25600000,1.26200000,161736.11000000
1778932800000,1.26100000,1.26600000,1.26000000,1.26400000,84863.78000000
1778936400000,1.26500000,1.26800000,1.26200000,1.26500000,113254.72000000
1778940000000,1.26600000,1.27200000,1.26200000,1.26800000,127698.22000000
1778943600000,1.26800000,1.27400000,1.26700000,1.27200000,119425.98000000
1778947200000,1.27200000,1.27800000,1.27200000,1.27400000,148824.16000000
1778950800000,1.27400000,1.28200000,1.27300000,1.28100000,59348.48000000
1778954400000,1.28100000,1.28100000,1.27300000,1.27400000,91361.29000000
1778958000000,1.27400000,1.27400000,1.27100000,1.27200000,86188.28000000
1778961600000,1.27300000,1.27500000,1.27000000,1.27100000,71809.01000000
1778965200000,1.27100000,1.27500000,1.27100000,1.27300000,108258.61000000
1778968800000,1.27300000,1.27500000,1.26900000,1.26900000,86376.47000000
1778972400000,1.26900000,1.27100000,1.26600000,1.26800000,57264.15000000
1778976000000,1.26700000,1.27000000,1.26000000,1.26200000,110418.80000000
1778979600000,1.26200000,1.26400000,1.25500000,1.25700000,153865.31000000
1778983200000,1.25600000,1.26400000,1.25600000,1.26000000,81316.39000000
1778986800000,1.26000000,1.26900000,1.26000000,1.26800000,111800.80000000
1778990400000,1.26700000,1.27700000,1.26700000,1.27300000,89594.97000000
1778994000000,1.27300000,1.28100000,1.27200000,1.27700000,53627.43000000
1778997600000,1.27700000,1.27800000,1.27400000,1.27700000,49993.73000000
1779001200000,1.27700000,1.28900000,1.27700000,1.28600000,120822.55000000
1779004800000,1.28700000,1.28700000,1.27800000,1.28000000,74404.10000000
1779008400000,1.27900000,1.28800000,1.27700000,1.28700000,80678.86000000
1779012000000,1.28600000,1.29400000,1.28400000,1.28600000,152070.97000000
1779015600000,1.28600000,1.28700000,1.28200000,1.28300000,72228.92000000
1779019200000,1.28400000,1.28700000,1.28100000,1.28100000,90907.86000000
1779022800000,1.28100000,1.28200000,1.27400000,1.27600000,124480.17000000
1779026400000,1.27700000,1.27700000,1.26600000,1.27200000,169786.84000000
1779030000000,1.27100000,1.27400000,1.26900000,1.27300000,98840.09000000
1779033600000,1.27300000,1.27500000,1.26600000,1.26900000,132513.37000000
1779037200000,1.26900000,1.27000000,1.26200000,1.26800000,151480.05000000
1779040800000,1.26900000,1.27200000,1.26300000,1.27100000,96645.09000000
1779044400000,1.27200000,1.27700000,1.27100000,1.27500000,85471.59000000
1779048000000,1.27600000,1.27700000,1.27100000,1.27400000,84446.91000000
1779051600000,1.27400000,1.28300000,1.27200000,1.27900000,71387.28000000
1779055200000,1.27800000,1.27900000,1.26100000,1.26500000,126712.97000000
1779058800000,1.26500000,1.26500000,1.21400000,1.25000000,1332643.44000000
1779062400000,1.25000000,1.25000000,1.23800000,1.24800000,370148.86000000
1779066000000,1.24800000,1.25000000,1.23700000,1.24500000,180280.80000000
1779069600000,1.24400000,1.25100000,1.24000000,1.24200000,156553.48000000
1779073200000,1.24200000,1.24600000,1.23800000,1.23900000,112520.58000000
1779076800000,1.24000000,1.24400000,1.23400000,1.24000000,173633.38000000
1779080400000,1.24000000,1.24100000,1.23000000,1.23100000,162531.60000000
1779084000000,1.23100000,1.23300000,1.21900000,1.22500000,498338.12000000
1779087600000,1.22500000,1.22900000,1.21500000,1.22500000,584993.57000000
1779091200000,1.22500000,1.23300000,1.22400000,1.23100000,432247.40000000
1779094800000,1.23100000,1.23200000,1.22300000,1.22700000,249277.39000000
1779098400000,1.22800000,1.23000000,1.22200000,1.22600000,274283.18000000
1779102000000,1.22600000,1.24700000,1.22500000,1.23800000,390035.29000000
1779105600000,1.23800000,1.25100000,1.23800000,1.24800000,548744.51000000
1779109200000,1.24700000,1.24700000,1.23100000,1.24200000,435209.04000000
1779112800000,1.24100000,1.24200000,1.22200000,1.22700000,366223.67000000
1779116400000,1.22800000,1.23000000,1.21700000,1.22600000,336248.55000000
1779120000000,1.22700000,1.23200000,1.22300000,1.22700000,236531.55000000
1779123600000,1.22600000,1.23600000,1.22600000,1.23200000,140328.82000000
1779127200000,1.23200000,1.23300000,1.21600000,1.21700000,377453.23000000
1779130800000,1.21600000,1.24200000,1.21600000,1.23900000,354728.69000000
1779134400000,1.23900000,1.24300000,1.23100000,1.23500000,123421.10000000
1779138000000,1.23500000,1.24900000,1.23400000,1.24800000,144085.80000000
1779141600000,1.24800000,1.25300000,1.24400000,1.25100000,130490.94000000
1779145200000,1.25000000,1.25500000,1.24800000,1.25200000,104145.34000000
1779148800000,1.25200000,1.26100000,1.25100000,1.25300000,358070.07000000
1779152400000,1.25200000,1.25200000,1.24100000,1.24300000,132586.71000000
1779156000000,1.24300000,1.25100000,1.24100000,1.24300000,69361.09000000
1779159600000,1.24200000,1.25100000,1.24100000,1.24700000,71762.10000000
1779163200000,1.24700000,1.25500000,1.24500000,1.25000000,112251.13000000
1779166800000,1.25000000,1.25100000,1.24100000,1.24600000,139724.35000000
1779170400000,1.24500000,1.25400000,1.24500000,1.25200000,188814.61000000
1779174000000,1.25100000,1.25600000,1.24800000,1.25200000,136556.66000000
1779177600000,1.25200000,1.25200000,1.24300000,1.24800000,98562.29000000
1779181200000,1.24800000,1.25000000,1.23500000,1.24000000,209004.38000000
1779184800000,1.23900000,1.24000000,1.22900000,1.23500000,210478.90000000
1779188400000,1.23500000,1.23700000,1.22700000,1.22900000,104409.62000000
1779192000000,1.22900000,1.23400000,1.22600000,1.23300000,178459.32000000
1779195600000,1.23300000,1.24200000,1.23000000,1.23500000,172808.71000000
1779199200000,1.23500000,1.23900000,1.21900000,1.22500000,241630.48000000
1779202800000,1.22500000,1.23000000,1.22200000,1.22700000,121836.90000000
1779206400000,1.22700000,1.23700000,1.22400000,1.23700000,71477.18000000
1779210000000,1.23600000,1.23700000,1.22900000,1.23200000,93760.23000000
1779213600000,1.23200000,1.23400000,1.22400000,1.22500000,271614.21000000
1779217200000,1.22600000,1.23100000,1.22400000,1.22600000,68577.83000000
1779220800000,1.22700000,1.23300000,1.22700000,1.23300000,41190.62000000
1779224400000,1.23300000,1.23800000,1.23000000,1.23100000,131099.88000000
1779228000000,1.23100000,1.23100000,1.22300000,1.22400000,108539.59000000
1779231600000,1.22300000,1.23000000,1.22100000,1.22500000,74551.55000000
1779235200000,1.22500000,1.22800000,1.22000000,1.22500000,110284.43000000
1779238800000,1.22600000,1.23100000,1.21900000,1.23000000,67209.35000000
1779242400000,1.23000000,1.23200000,1.22200000,1.22300000,60571.09000000
1779246000000,1.22300000,1.23100000,1.22100000,1.22800000,96058.09000000
1779249600000,1.22900000,1.23400000,1.22600000,1.23300000,79167.34000000
1779253200000,1.23400000,1.24500000,1.23400000,1.24200000,165988.48000000
1779256800000,1.24300000,1.24500000,1.23900000,1.24400000,79227.79000000
1779260400000,1.24400000,1.24600000,1.23800000,1.23900000,155006.57000000
1779264000000,1.24000000,1.24800000,1.23900000,1.24200000,159570.77000000
1779267600000,1.24200000,1.24400000,1.23700000,1.23900000,70039.04000000
1779271200000,1.23900000,1.24400000,1.23800000,1.24000000,87542.70000000
1779274800000,1.24000000,1.24200000,1.23000000,1.23200000,180470.24000000
1779278400000,1.23100000,1.24000000,1.22800000,1.23700000,132912.67000000
1779282000000,1.23700000,1.23800000,1.22400000,1.23200000,278804.43000000
1779285600000,1.23300000,1.24900000,1.23000000,1.24600000,312045.45000000
1779289200000,1.24600000,1.25500000,1.24000000,1.25000000,291682.21000000
1779292800000,1.25000000,1.25300000,1.24100000,1.24800000,179975.23000000
1779296400000,1.24800000,1.25600000,1.24600000,1.25200000,339119.42000000
1779300000000,1.25200000,1.25300000,1.24600000,1.24900000,350036.66000000
1779303600000,1.24800000,1.25800000,1.24600000,1.25700000,157543.14000000
1779307200000,1.25700000,1.25700000,1.24800000,1.25500000,199167.00000000
1779310800000,1.25500000,1.25800000,1.25100000,1.25100000,102091.21000000
1779314400000,1.25000000,1.25000000,1.24100000,1.24900000,108207.62000000
1779318000000,1.24900000,1.24900000,1.24300000,1.24900000,71187.56000000
1779321600000,1.24900000,1.26100000,1.24800000,1.26000000,285080.07000000
1779325200000,1.26000000,1.26600000,1.25800000,1.26200000,160548.16000000
1779328800000,1.26200000,1.27000000,1.26000000,1.26600000,178937.83000000
1779332400000,1.26500000,1.27700000,1.26500000,1.27400000,179105.74000000
1779336000000,1.27500000,1.28800000,1.27300000,1.28600000,633735.55000000
1779339600000,1.28600000,1.29300000,1.26800000,1.27100000,978131.52000000
1779343200000,1.27100000,1.27800000,1.26600000,1.26900000,303930.52000000
1779346800000,1.26900000,1.28000000,1.26600000,1.27700000,221862.31000000
1779350400000,1.27700000,1.28300000,1.27300000,1.27500000,226656.50000000
1779354000000,1.27500000,1.27800000,1.26600000,1.26700000,124062.87000000
1779357600000,1.26700000,1.27000000,1.24800000,1.25200000,310593.33000000
1779361200000,1.25200000,1.25400000,1.24700000,1.24700000,248047.99000000
1779364800000,1.24800000,1.25600000,1.24700000,1.25200000,195867.15000000
1779368400000,1.25200000,1.26000000,1.24400000,1.25800000,259863.78000000
1779372000000,1.25900000,1.26000000,1.24700000,1.25000000,271555.29000000
1779375600000,1.25000000,1.26400000,1.24700000,1.25900000,300318.69000000
1779379200000,1.25900000,1.26200000,1.25100000,1.25500000,181988.54000000
1779382800000,1.25600000,1.28600000,1.25400000,1.28100000,750478.38000000
1779386400000,1.28100000,1.29300000,1.27300000,1.28100000,640434.03000000
1779390000000,1.28100000,1.30400000,1.27900000,1.30100000,416275.58000000
1779393600000,1.30100000,1.30900000,1.29500000,1.29600000,353162.33000000
1779397200000,1.29600000,1.30600000,1.29500000,1.29900000,348645.92000000
1779400800000,1.30000000,1.30200000,1.29400000,1.29600000,160229.91000000
1779404400000,1.29600000,1.29700000,1.28700000,1.29200000,261500.84000000
1779408000000,1.29200000,1.29400000,1.28300000,1.28700000,279247.09000000
1779411600000,1.28700000,1.29600000,1.28400000,1.29300000,212016.23000000
1779415200000,1.29400000,1.31000000,1.29400000,1.30100000,379858.85000000
1779418800000,1.30100000,1.32100000,1.30100000,1.31800000,726286.56000000
1779422400000,1.31900000,1.33300000,1.31200000,1.32000000,588088.09000000
1779426000000,1.31900000,1.33400000,1.31700000,1.32300000,733425.05000000
1779429600000,1.32400000,1.32500000,1.31100000,1.31500000,394525.60000000
1779433200000,1.31500000,1.32700000,1.30600000,1.31600000,630090.65000000
1779436800000,1.31600000,1.33600000,1.31600000,1.32400000,473479.70000000
1779440400000,1.32500000,1.33500000,1.32000000,1.32100000,464350.00000000
1779444000000,1.32000000,1.33000000,1.31600000,1.32500000,256504.75000000
1779447600000,1.32600000,1.33800000,1.32000000,1.33100000,326447.63000000
1779451200000,1.33200000,1.34600000,1.32600000,1.34500000,450763.49000000
1779454800000,1.34700000,1.34700000,1.32600000,1.33400000,586550.17000000
1779458400000,1.33400000,1.33400000,1.31000000,1.31300000,529122.73000000
1779462000000,1.31300000,1.32100000,1.30500000,1.31700000,445480.83000000
1779465600000,1.31600000,1.32200000,1.31100000,1.31700000,310883.44000000
1779469200000,1.31700000,1.32500000,1.31200000,1.31200000,347912.96000000
1779472800000,1.31300000,1.31400000,1.28000000,1.29500000,837292.95000000
1779476400000,1.29400000,1.29700000,1.26600000,1.28000000,1293853.66000000
1779480000000,1.28000000,1.28900000,1.27600000,1.28700000,305792.38000000
1779483600000,1.28700000,1.29300000,1.28500000,1.28700000,103504.83000000
1779487200000,1.28700000,1.28800000,1.27500000,1.28000000,251823.12000000
1779490800000,1.27900000,1.28200000,1.25000000,1.25800000,647914.40000000
1779494400000,1.25900000,1.26000000,1.24800000,1.25900000,475458.71000000
1779498000000,1.25900000,1.26300000,1.25200000,1.25600000,214570.11000000
1779501600000,1.25600000,1.26100000,1.25200000,1.26000000,225288.09000000
1779505200000,1.26000000,1.26600000,1.26000000,1.26200000,150640.43000000
1779508800000,1.26200000,1.26200000,1.25100000,1.25200000,167608.89000000
1779512400000,1.25200000,1.25300000,1.24300000,1.24700000,266286.47000000
1779516000000,1.24700000,1.24800000,1.24200000,1.24500000,221356.31000000
1779519600000,1.24500000,1.24700000,1.20000000,1.21200000,1836011.77000000
1779523200000,1.21200000,1.21800000,1.20300000,1.21700000,810745.09000000
1779526800000,1.21700000,1.21800000,1.21200000,1.21400000,259960.44000000
1779530400000,1.21300000,1.21700000,1.21200000,1.21500000,158507.59000000
1779534000000,1.21600000,1.22100000,1.21500000,1.21600000,261418.12000000
1779537600000,1.21500000,1.22400000,1.21300000,1.22300000,213125.67000000
1779541200000,1.22300000,1.23500000,1.22300000,1.23000000,404448.45000000
1779544800000,1.23100000,1.24400000,1.22700000,1.24000000,372321.02000000
1779548400000,1.24100000,1.24800000,1.23700000,1.24300000,394726.62000000
1779552000000,1.24300000,1.24900000,1.23800000,1.24700000,256045.87000000
1779555600000,1.24800000,1.25400000,1.24400000,1.24800000,327706.69000000
1779559200000,1.24800000,1.28500000,1.24600000,1.27400000,696834.32000000
1779562800000,1.27500000,1.28000000,1.26900000,1.27200000,289691.65000000
1779566400000,1.27200000,1.32800000,1.26900000,1.32600000,1252709.92000000
1779570000000,1.32600000,1.33800000,1.30300000,1.31100000,1072268.37000000
1779573600000,1.31200000,1.32000000,1.28900000,1.29700000,780865.23000000
1779577200000,1.29700000,1.29900000,1.28800000,1.29500000,358259.26000000
1779580800000,1.29500000,1.29800000,1.28800000,1.29300000,291788.76000000
1779584400000,1.29400000,1.29700000,1.29000000,1.29400000,132953.94000000
1779588000000,1.29500000,1.29500000,1.28500000,1.29000000,135990.63000000
1779591600000,1.29000000,1.29200000,1.28100000,1.28400000,175779.71000000
1779595200000,1.28500000,1.29100000,1.28000000,1.28300000,181484.61000000
1779598800000,1.28300000,1.28300000,1.27300000,1.27900000,195858.94000000
1779602400000,1.27900000,1.28100000,1.27000000,1.27900000,294587.84000000
1779606000000,1.27800000,1.27900000,1.27400000,1.27800000,367309.40000000
1779609600000,1.27800000,1.28200000,1.27500000,1.28200000,140370.86000000
1779613200000,1.28200000,1.28600000,1.27900000,1.28500000,224367.38000000
1779616800000,1.28400000,1.28800000,1.27600000,1.27800000,179714.69000000
1779620400000,1.27700000,1.28200000,1.27500000,1.27900000,222749.08000000
1779624000000,1.28000000,1.28000000,1.26900000,1.27500000,170885.06000000
1779627600000,1.27500000,1.27800000,1.26200000,1.26600000,178233.87000000
1779631200000,1.26700000,1.26900000,1.24600000,1.26100000,426130.69000000
1779634800000,1.26100000,1.26300000,1.25900000,1.26200000,97742.52000000
1779638400000,1.26200000,1.26700000,1.25800000,1.26100000,109719.43000000
1779642000000,1.26100000,1.26600000,1.25900000,1.26300000,106325.98000000
1779645600000,1.26200000,1.26400000,1.25500000,1.25800000,107531.59000000
1779649200000,1.25700000,1.25900000,1.25400000,1.25800000,119667.57000000
1779652800000,1.25800000,1.25800000,1.24700000,1.25000000,168226.18000000
1779656400000,1.25000000,1.25400000,1.22700000,1.23300000,449851.57000000
1779660000000,1.23300000,1.25100000,1.23300000,1.23800000,585050.24000000
1779663600000,1.23800000,1.24900000,1.23800000,1.24600000,284486.12000000
1779667200000,1.24600000,1.25700000,1.24600000,1.25300000,198401.17000000
1779670800000,1.25400000,1.25500000,1.24000000,1.24100000,284862.85000000
1779674400000,1.24100000,1.25300000,1.24100000,1.24300000,183056.81000000
1779678000000,1.24400000,1.24500000,1.24000000,1.24300000,117860.21000000
1779681600000,1.24300000,1.25900000,1.24200000,1.25600000,164261.37000000
1779685200000,1.25700000,1.26600000,1.25600000,1.26200000,218107.94000000
1779688800000,1.26200000,1.26800000,1.25400000,1.26600000,219269.40000000
1779692400000,1.26600000,1.27100000,1.25900000,1.26300000,147295.78000000
1779696000000,1.26300000,1.26700000,1.26000000,1.26700000,95447.40000000
1779699600000,1.26600000,1.26800000,1.26000000,1.26700000,333259.88000000
1779703200000,1.26600000,1.27300000,1.26500000,1.26900000,170408.12000000
1779706800000,1.26800000,1.26800000,1.25600000,1.25700000,142240.95000000
1779710400000,1.25700000,1.26500000,1.25100000,1.25800000,227817.76000000
1779714000000,1.25800000,1.27000000,1.25800000,1.26800000,156249.97000000
1779717600000,1.26800000,1.28300000,1.26700000,1.27600000,210675.63000000
1779721200000,1.27700000,1.28600000,1.27500000,1.28300000,297953.28000000
1779724800000,1.28400000,1.28800000,1.27800000,1.28300000,248965.86000000
1779728400000,1.28300000,1.29000000,1.28200000,1.28900000,309516.30000000
1779732000000,1.29000000,1.29500000,1.27600000,1.27700000,394675.37000000
1779735600000,1.27700000,1.28400000,1.27000000,1.27700000,316068.57000000
1779739200000,1.27700000,1.28500000,1.26700000,1.27200000,236444.28000000
1779742800000,1.27200000,1.27900000,1.27100000,1.27500000,167020.75000000
1779746400000,1.27600000,1.27700000,1.25700000,1.25700000,274444.36000000
1779750000000,1.25600000,1.26600000,1.25500000,1.26000000,168268.12000000
1779753600000,1.26100000,1.26200000,1.24100000,1.25100000,315922.21000000
1779757200000,1.25000000,1.25000000,1.23600000,1.24000000,229614.72000000
1779760800000,1.24100000,1.24200000,1.23500000,1.23900000,199516.19000000
1779764400000,1.23900000,1.24400000,1.23500000,1.24300000,85620.06000000
1779768000000,1.24300000,1.25300000,1.23900000,1.24900000,130415.64000000
1779771600000,1.24800000,1.26200000,1.24600000,1.25700000,495089.04000000
1779775200000,1.25700000,1.26100000,1.24600000,1.25800000,192000.81000000
1779778800000,1.25800000,1.26000000,1.24400000,1.25200000,412645.36000000
1779782400000,1.25200000,1.26100000,1.25100000,1.25700000,175879.50000000
1779786000000,1.25800000,1.26300000,1.25400000,1.26300000,181437.85000000
1779789600000,1.26200000,1.29200000,1.25900000,1.28800000,757245.12000000
1779793200000,1.28800000,1.28900000,1.27500000,1.27800000,364646.75000000
1779796800000,1.27700000,1.28200000,1.27200000,1.27800000,311761.98000000
1779800400000,1.27800000,1.28400000,1.26700000,1.28000000,327276.92000000
1779804000000,1.28100000,1.30800000,1.28000000,1.29100000,1024830.86000000
1779807600000,1.29100000,1.29300000,1.25900000,1.27200000,696512.93000000
1779811200000,1.27200000,1.27300000,1.26000000,1.26700000,328459.09000000
1779814800000,1.26700000,1.27200000,1.24400000,1.25300000,450678.99000000
1779818400000,1.25200000,1.26400000,1.24500000,1.24800000,303945.38000000
1779822000000,1.24700000,1.25300000,1.23700000,1.24900000,299916.41000000
1779825600000,1.24900000,1.25300000,1.24700000,1.25300000,207217.62000000
1779829200000,1.25300000,1.25600000,1.24200000,1.24700000,138448.93000000
1779832800000,1.24700000,1.25400000,1.24300000,1.24700000,138329.69000000
1779836400000,1.24800000,1.25600000,1.24800000,1.24900000,188386.68000000
1779840000000,1.25000000,1.26300000,1.24900000,1.26300000,207441.03000000
1779843600000,1.26200000,1.26300000,1.25400000,1.25400000,107428.69000000
1779847200000,1.25500000,1.25700000,1.24700000,1.25700000,267854.22000000
1779850800000,1.25700000,1.26400000,1.25100000,1.25400000,156522.99000000
1779854400000,1.25300000,1.25400000,1.23400000,1.25300000,535231.58000000
1779858000000,1.25300000,1.26500000,1.25000000,1.26500000,268992.24000000
1779861600000,1.26500000,1.27400000,1.26300000,1.27400000,300490.44000000
1779865200000,1.27400000,1.27400000,1.26200000,1.27000000,397847.00000000
1779868800000,1.27000000,1.27800000,1.26200000,1.26600000,364854.64000000
1779872400000,1.26600000,1.26600000,1.25600000,1.25700000,214072.50000000
1779876000000,1.25700000,1.26300000,1.25400000,1.25900000,224071.87000000
1779879600000,1.25800000,1.26700000,1.25600000,1.25700000,188487.10000000
1779883200000,1.25700000,1.27400000,1.25300000,1.26700000,345677.99000000
1779886800000,1.26700000,1.26900000,1.24100000,1.25300000,386339.01000000
1779890400000,1.25400000,1.26200000,1.24200000,1.25400000,555740.97000000
1779894000000,1.25300000,1.27900000,1.25200000,1.27000000,509050.53000000
1779897600000,1.27000000,1.27500000,1.25500000,1.26400000,222664.30000000
1779901200000,1.26400000,1.26400000,1.24400000,1.24700000,265459.12000000
1779904800000,1.24600000,1.26100000,1.23800000,1.25900000,294304.83000000
1779908400000,1.26000000,1.26600000,1.25700000,1.25800000,266971.04000000
1779912000000,1.25800000,1.26200000,1.25200000,1.26000000,175483.22000000
1779915600000,1.26100000,1.26100000,1.22500000,1.23300000,567110.79000000
1779919200000,1.23300000,1.24100000,1.22900000,1.23100000,456965.77000000
1779922800000,1.23000000,1.23300000,1.22300000,1.23000000,225317.88000000
1779926400000,1.23000000,1.23500000,1.22800000,1.23500000,278718.87000000
1779930000000,1.23500000,1.23600000,1.21800000,1.23000000,318367.75000000
1779933600000,1.23000000,1.23400000,1.22600000,1.23000000,305676.03000000
1779937200000,1.22900000,1.22900000,1.19500000,1.19800000,1241653.54000000
1779940800000,1.19800000,1.19800000,1.17600000,1.19200000,1092553.28000000
1779944400000,1.19200000,1.19200000,1.17700000,1.18600000,353388.31000000
1779948000000,1.18500000,1.19300000,1.18200000,1.18900000,281848.33000000
1779951600000,1.19000000,1.19700000,1.18600000,1.19600000,223673.15000000
1779955200000,1.19600000,1.19700000,1.18900000,1.18900000,237679.99000000
1779958800000,1.19000000,1.20200000,1.18800000,1.19900000,258550.07000000
1779962400000,1.19900000,1.20400000,1.18600000,1.18600000,344031.19000000
1779966000000,1.18600000,1.19000000,1.18400000,1.18800000,239168.51000000
1779969600000,1.18800000,1.20000000,1.18200000,1.19900000,232477.29000000
1779973200000,1.20000000,1.20600000,1.19200000,1.20000000,535712.35000000
1779976800000,1.20000000,1.21100000,1.18500000,1.19600000,625507.83000000
1779980400000,1.19700000,1.20200000,1.18500000,1.19500000,352106.84000000
1779984000000,1.19500000,1.21200000,1.18700000,1.20600000,317197.94000000
1779987600000,1.20600000,1.21600000,1.20300000,1.21300000,265628.47000000
1779991200000,1.21400000,1.22800000,1.21400000,1.22300000,279297.50000000
1779994800000,1.22300000,1.22800000,1.21400000,1.21900000,116396.48000000
1779998400000,1.21900000,1.22400000,1.20900000,1.21800000,148712.27000000
1780002000000,1.21800000,1.22700000,1.21600000,1.22300000,134681.06000000
1780005600000,1.22300000,1.22600000,1.20900000,1.21200000,108184.86000000
1780009200000,1.21200000,1.21800000,1.21000000,1.21300000,153403.11000000
1780012800000,1.21200000,1.22300000,1.21200000,1.21900000,226479.48000000
1780016400000,1.22000000,1.22600000,1.21500000,1.21900000,211120.57000000
1780020000000,1.21900000,1.22200000,1.20200000,1.20300000,253297.15000000
1780023600000,1.20300000,1.21300000,1.20300000,1.20400000,106961.63000000
1780027200000,1.20400000,1.21100000,1.19500000,1.21000000,162537.03000000
1780030800000,1.21100000,1.21400000,1.20600000,1.21200000,109339.27000000
1780034400000,1.21200000,1.22100000,1.21000000,1.21400000,124499.01000000
1780038000000,1.21300000,1.22200000,1.20200000,1.21000000,359928.25000000
1780041600000,1.20900000,1.21800000,1.20800000,1.21000000,226876.34000000
1780045200000,1.21100000,1.22100000,1.21000000,1.21600000,123392.98000000
1780048800000,1.21600000,1.21600000,1.20700000,1.20900000,76192.31000000
1780052400000,1.20800000,1.21100000,1.19600000,1.20200000,188581.15000000
1780056000000,1.20100000,1.20200000,1.19200000,1.19400000,278622.06000000
1780059600000,1.19400000,1.19700000,1.18700000,1.19200000,224961.62000000
1780063200000,1.19300000,1.20100000,1.17800000,1.19600000,566268.57000000
1780066800000,1.19600000,1.23400000,1.19400000,1.22100000,752849.68000000
1780070400000,1.22100000,1.22600000,1.21000000,1.22300000,352636.27000000
1780074000000,1.22300000,1.23200000,1.21900000,1.22400000,361755.82000000
1780077600000,1.22400000,1.22500000,1.19800000,1.20200000,403196.67000000
1780081200000,1.20300000,1.20400000,1.18700000,1.19200000,448172.31000000
1780084800000,1.19200000,1.19800000,1.18900000,1.19300000,225531.77000000
1780088400000,1.19300000,1.20100000,1.18200000,1.18500000,289587.77000000
1780092000000,1.18500000,1.19300000,1.18200000,1.19200000,180221.61000000
1780095600000,1.19200000,1.19500000,1.18800000,1.19400000,149799.73000000
1780099200000,1.19400000,1.20100000,1.19200000,1.19900000,234158.21000000
1780102800000,1.19900000,1.21100000,1.19900000,1.20900000,425596.33000000
1780106400000,1.20900000,1.21900000,1.20900000,1.21900000,238356.03000000
1780110000000,1.21800000,1.22100000,1.20700000,1.20900000,264490.49000000
1780113600000,1.21000000,1.21300000,1.18600000,1.19900000,609157.26000000
1780117200000,1.19800000,1.20700000,1.19600000,1.20400000,265415.50000000
1780120800000,1.20500000,1.20500000,1.19700000,1.19900000,157034.15000000
1780124400000,1.19900000,1.20000000,1.19400000,1.19600000,107820.01000000
1780128000000,1.19600000,1.19700000,1.19200000,1.19300000,99137.50000000
1780131600000,1.19200000,1.20100000,1.19200000,1.19700000,147307.41000000
1780135200000,1.19700000,1.19900000,1.19400000,1.19500000,90610.98000000
1780138800000,1.19500000,1.19800000,1.19100000,1.19600000,105190.77000000
1780142400000,1.19700000,1.19900000,1.19400000,1.19800000,111897.21000000
1780146000000,1.19800000,1.20000000,1.19100000,1.19400000,296893.30000000
1780149600000,1.19400000,1.20000000,1.19300000,1.19800000,286544.73000000
1780153200000,1.19800000,1.20000000,1.19200000,1.19500000,177022.43000000
1780156800000,1.19500000,1.20000000,1.19200000,1.20000000,166019.11000000
1780160400000,1.20000000,1.20100000,1.19000000,1.19700000,258566.61000000
1780164000000,1.19800000,1.20000000,1.19400000,1.19900000,155709.83000000
1780167600000,1.19900000,1.20000000,1.19200000,1.19700000,162588.47000000
1780171200000,1.19700000,1.20000000,1.19500000,1.19900000,68721.66000000
1780174800000,1.19800000,1.20400000,1.19700000,1.19900000,164410.51000000
1780178400000,1.19900000,1.19900000,1.18300000,1.18900000,194504.50000000
1780182000000,1.18800000,1.19100000,1.18500000,1.19000000,112221.59000000
1780185600000,1.19000000,1.19500000,1.18700000,1.19400000,166618.95000000
1780189200000,1.19400000,1.19600000,1.19100000,1.19300000,86537.49000000
1780192800000,1.19300000,1.20100000,1.18900000,1.19500000,175853.49000000
1780196400000,1.19500000,1.20000000,1.19400000,1.19700000,105626.45000000
1780200000000,1.19700000,1.20300000,1.19500000,1.20200000,114601.61000000
1780203600000,1.20200000,1.20300000,1.19300000,1.19500000,81533.49000000
1780207200000,1.19400000,1.19500000,1.19100000,1.19300000,81065.42000000
1780210800000,1.19200000,1.19300000,1.18500000,1.19000000,347781.73000000
1780214400000,1.19000000,1.19500000,1.18800000,1.19100000,98809.39000000
1780218000000,1.19000000,1.19900000,1.18800000,1.19000000,140293.15000000
1780221600000,1.19000000,1.19100000,1.18300000,1.19100000,166964.49000000
1780225200000,1.19100000,1.19600000,1.19100000,1.19200000,123190.78000000
1780228800000,1.19200000,1.19700000,1.18900000,1.19500000,107464.46000000
1780232400000,1.19500000,1.19900000,1.18600000,1.18800000,151783.79000000
1780236000000,1.18800000,1.18900000,1.16800000,1.17300000,1183944.67000000
1780239600000,1.17300000,1.18100000,1.17200000,1.17300000,208841.22000000
1780243200000,1.17300000,1.17600000,1.16200000,1.16600000,292479.90000000
1780246800000,1.16600000,1.17000000,1.16000000,1.16800000,269998.94000000
1780250400000,1.16800000,1.16800000,1.16300000,1.16800000,126647.37000000
1780254000000,1.16800000,1.16900000,1.15700000,1.16500000,336017.01000000
1780257600000,1.16500000,1.17600000,1.16500000,1.17400000,183136.21000000
1780261200000,1.17500000,1.18600000,1.17300000,1.18400000,202480.48000000
1780264800000,1.18400000,1.19100000,1.17900000,1.19000000,308030.86000000
1780268400000,1.19000000,1.19600000,1.18000000,1.18800000,316411.43000000
1780272000000,1.18800000,1.20000000,1.18800000,1.19700000,315123.33000000
1780275600000,1.19700000,1.19700000,1.17400000,1.17500000,179886.99000000
1780279200000,1.17500000,1.20200000,1.17300000,1.19800000,280780.44000000
1780282800000,1.19800000,1.20600000,1.19600000,1.19900000,306655.90000000
1780286400000,1.20000000,1.20400000,1.18300000,1.18900000,188562.26000000
1780290000000,1.19000000,1.19200000,1.18100000,1.18500000,279231.10000000
1780293600000,1.18400000,1.18600000,1.16600000,1.17300000,619059.86000000
1780297200000,1.17300000,1.17600000,1.16300000,1.16500000,383807.41000000
1780300800000,1.16500000,1.16900000,1.15800000,1.16700000,354752.61000000
1780304400000,1.16700000,1.17500000,1.16700000,1.17100000,247109.91000000
1780308000000,1.17200000,1.17200000,1.16500000,1.17000000,173050.55000000
1780311600000,1.17000000,1.17400000,1.15300000,1.15600000,1217369.75000000
1780315200000,1.15700000,1.16200000,1.14700000,1.15400000,894308.60000000
1780318800000,1.15500000,1.15700000,1.13400000,1.14400000,1424374.73000000
1780322400000,1.14400000,1.14600000,1.13100000,1.13700000,665703.95000000
1780326000000,1.13800000,1.14200000,1.12700000,1.13200000,518111.31000000
1780329600000,1.13200000,1.14700000,1.12500000,1.14700000,390521.48000000
1780333200000,1.14600000,1.16700000,1.14500000,1.15800000,514834.05000000
1780336800000,1.15800000,1.16800000,1.15200000,1.15900000,400075.08000000
1780340400000,1.15900000,1.16900000,1.15500000,1.16800000,234912.68000000
1780344000000,1.16900000,1.16900000,1.16000000,1.16400000,220109.58000000
1780347600000,1.16500000,1.16500000,1.14900000,1.15200000,166630.86000000
1780351200000,1.15100000,1.16400000,1.14500000,1.16300000,291950.40000000
1780354800000,1.16300000,1.16500000,1.15500000,1.15900000,328019.65000000
1780358400000,1.15900000,1.16200000,1.15200000,1.15300000,198157.46000000
1780362000000,1.15300000,1.15600000,1.14000000,1.14000000,340551.45000000
1780365600000,1.14000000,1.14800000,1.12900000,1.14800000,409390.76000000
1780369200000,1.14800000,1.15500000,1.14400000,1.15400000,173779.33000000
1780372800000,1.15400000,1.15600000,1.14100000,1.14100000,185331.72000000
1780376400000,1.14100000,1.14300000,1.13000000,1.13100000,382446.06000000
1780380000000,1.13100000,1.13500000,1.12600000,1.13300000,353008.58000000
1780383600000,1.13300000,1.13700000,1.12100000,1.13000000,283722.48000000
1780387200000,1.13000000,1.13600000,1.12800000,1.13400000,192269.51000000
1780390800000,1.13500000,1.13700000,1.12800000,1.13400000,295482.95000000
1780394400000,1.13400000,1.14700000,1.13000000,1.14500000,195420.89000000
1780398000000,1.14400000,1.14600000,1.13300000,1.13500000,220946.17000000
1780401600000,1.13500000,1.14400000,1.13300000,1.13900000,226109.31000000
1780405200000,1.13900000,1.14300000,1.13500000,1.13800000,269042.05000000
1780408800000,1.13800000,1.13800000,1.10200000,1.12100000,1601782.31000000
1780412400000,1.12200000,1.12200000,1.08400000,1.09600000,1302511.67000000
1780416000000,1.09600000,1.12000000,1.09300000,1.10800000,467433.98000000
1780419600000,1.10900000,1.12200000,1.10800000,1.11500000,238106.42000000
1780423200000,1.11600000,1.12100000,1.09900000,1.10500000,312427.58000000
1780426800000,1.10500000,1.11000000,1.07900000,1.10300000,630588.00000000
1780430400000,1.10300000,1.10900000,1.09000000,1.10300000,292268.97000000
1780434000000,1.10300000,1.11100000,1.09600000,1.10400000,200871.73000000
1780437600000,1.10300000,1.10300000,1.07100000,1.07600000,524994.77000000
1780441200000,1.07600000,1.08300000,1.05500000,1.07900000,896920.37000000
1780444800000,1.08000000,1.09000000,1.07800000,1.08400000,500983.34000000
1780448400000,1.08400000,1.09100000,1.07800000,1.08800000,302471.58000000
1780452000000,1.08700000,1.08700000,1.07900000,1.08700000,287726.45000000
1780455600000,1.08600000,1.09000000,1.05600000,1.06300000,809707.41000000
1780459200000,1.06400000,1.09100000,1.06400000,1.08900000,373195.30000000
1780462800000,1.09000000,1.10600000,1.08900000,1.10300000,629339.01000000
1780466400000,1.10300000,1.11500000,1.10200000,1.10700000,411414.51000000
1780470000000,1.10700000,1.11700000,1.10400000,1.11300000,262635.16000000
1780473600000,1.11400000,1.11800000,1.10800000,1.11500000,362819.67000000
1780477200000,1.11500000,1.11600000,1.10500000,1.10900000,399392.95000000
1780480800000,1.11000000,1.12900000,1.10900000,1.12700000,311235.84000000
1780484400000,1.12700000,1.13300000,1.11400000,1.11700000,308485.44000000
1780488000000,1.11700000,1.12200000,1.10900000,1.12100000,258975.85000000
1780491600000,1.12200000,1.12800000,1.11600000,1.12200000,365985.60000000
1780495200000,1.12200000,1.12800000,1.11200000,1.12700000,328687.28000000
1780498800000,1.12700000,1.12900000,1.11200000,1.11400000,383092.66000000
1780502400000,1.11500000,1.11600000,1.09000000,1.10200000,465172.48000000
1780506000000,1.10200000,1.11300000,1.08800000,1.10900000,358629.14000000
1780509600000,1.10900000,1.11500000,1.10100000,1.11400000,225097.15000000
1780513200000,1.11400000,1.11700000,1.09500000,1.09700000,376152.68000000
1780516800000,1.09600000,1.10700000,1.08000000,1.08500000,403416.29000000
1780520400000,1.08400000,1.12300000,1.08100000,1.12200000,305772.59000000
1780524000000,1.12100000,1.12400000,1.10700000,1.11200000,193724.19000000
1780527600000,1.11200000,1.11400000,1.09800000,1.10400000,273436.00000000
1780531200000,1.10400000,1.11700000,1.08700000,1.09600000,330337.56000000
1780534800000,1.09700000,1.10300000,1.05500000,1.05800000,776369.48000000
1780538400000,1.05800000,1.06200000,1.00800000,1.05800000,1714716.64000000
1780542000000,1.05800000,1.08800000,1.05700000,1.08000000,443152.18000000
1780545600000,1.08100000,1.08700000,1.06900000,1.07000000,246552.51000000
1780549200000,1.06900000,1.06900000,1.04900000,1.05800000,364531.95000000
1780552800000,1.05700000,1.07200000,1.05500000,1.06400000,273525.78000000
1780556400000,1.06300000,1.06500000,1.04700000,1.04800000,561560.24000000
1780560000000,1.04900000,1.05500000,1.03600000,1.04500000,419687.94000000
1780563600000,1.04500000,1.04500000,1.01200000,1.02900000,728543.42000000
1780567200000,1.02800000,1.03000000,1.01100000,1.01500000,912507.04000000
1780570800000,1.01600000,1.02900000,1.01000000,1.02900000,626725.67000000
1780574400000,1.02900000,1.05400000,1.02200000,1.05200000,781751.46000000
1780578000000,1.05200000,1.05600000,1.03200000,1.05500000,476317.86000000
1780581600000,1.05500000,1.05800000,1.04400000,1.05100000,356881.28000000
1780585200000,1.05100000,1.06700000,1.04900000,1.06500000,393980.91000000
1780588800000,1.06400000,1.07100000,1.05600000,1.06800000,360386.40000000
1780592400000,1.06800000,1.07300000,1.04600000,1.05800000,390040.62000000
1780596000000,1.05800000,1.07200000,1.04800000,1.06500000,269600.61000000
1780599600000,1.06400000,1.06800000,1.05600000,1.06000000,189319.00000000
1780603200000,1.06000000,1.06000000,1.04800000,1.05400000,148513.01000000
1780606800000,1.05400000,1.05900000,1.02500000,1.02600000,341872.63000000
1780610400000,1.02500000,1.03700000,1.02200000,1.03600000,383994.72000000
1780614000000,1.03600000,1.04200000,1.02500000,1.03800000,282916.10000000
1780617600000,1.03700000,1.04300000,1.02900000,1.03200000,224038.26000000
1780621200000,1.03200000,1.04200000,1.02200000,1.03800000,242691.45000000
1780624800000,1.03800000,1.03800000,1.00700000,1.01000000,293822.62000000
1780628400000,1.00900000,1.02100000,1.00400000,1.00500000,417506.38000000
1780632000000,1.00600000,1.02700000,1.00300000,1.02600000,503698.64000000
1780635600000,1.02600000,1.02900000,0.99600000,0.99900000,830325.08000000
1780639200000,0.99800000,1.00100000,0.94400000,0.97400000,2133098.48000000
1780642800000,0.97300000,0.99600000,0.95500000,0.99500000,858034.50000000
1780646400000,0.99400000,0.99400000,0.97700000,0.98000000,353293.93000000
1780650000000,0.98000000,1.00400000,0.98000000,1.00300000,542790.98000000
1780653600000,1.00400000,1.00500000,0.99400000,1.00200000,305635.56000000
1780657200000,1.00200000,1.00200000,0.99100000,0.99400000,326979.61000000
1780660800000,0.99400000,1.00000000,0.97900000,0.98900000,574596.11000000
1780664400000,0.98900000,1.00400000,0.96300000,0.96400000,682811.59000000
1780668000000,0.96300000,0.98500000,0.95600000,0.97200000,1036079.33000000
1780671600000,0.97100000,0.97300000,0.94300000,0.95300000,1033712.77000000
1780675200000,0.95300000,0.97200000,0.93000000,0.97000000,1559890.56000000
1780678800000,0.97100000,0.97400000,0.95500000,0.96200000,492780.30000000
1780682400000,0.96100000,0.96800000,0.91900000,0.92500000,892380.27000000
1780686000000,0.92500000,0.94200000,0.91100000,0.93500000,715810.11000000
1780689600000,0.93500000,0.95500000,0.92300000,0.95300000,567577.68000000
1780693200000,0.95300000,0.96600000,0.95200000,0.96000000,288167.82000000
1780696800000,0.96000000,0.96300000,0.94700000,0.95800000,254518.80000000
1780700400000,0.95800000,0.96400000,0.93100000,0.94600000,744614.73000000
1780704000000,0.94700000,0.96100000,0.94600000,0.95900000,345157.91000000
1780707600000,0.95900000,0.96200000,0.94500000,0.94700000,387137.74000000
1780711200000,0.94600000,0.95300000,0.93700000,0.94300000,378608.15000000
1780714800000,0.94200000,0.94300000,0.93300000,0.93300000,271704.90000000
1780718400000,0.93300000,0.93700000,0.88800000,0.89800000,1145316.06000000
1780722000000,0.89700000,0.93000000,0.88400000,0.92900000,801033.68000000
1780725600000,0.92900000,0.94000000,0.92400000,0.92500000,449520.19000000
1780729200000,0.92600000,0.94600000,0.92400000,0.94400000,708190.90000000
1780732800000,0.94500000,0.95600000,0.94100000,0.95400000,324141.71000000
1780736400000,0.95400000,0.96100000,0.93900000,0.94300000,356227.34000000
1780740000000,0.94300000,0.94300000,0.92700000,0.93600000,612873.85000000
1780743600000,0.93600000,0.94800000,0.93500000,0.94600000,424718.81000000
1780747200000,0.94500000,0.96000000,0.94100000,0.95400000,559035.79000000
1780750800000,0.95400000,0.96000000,0.94900000,0.95200000,317615.25000000
1780754400000,0.95300000,0.96000000,0.95000000,0.95300000,222656.41000000
1780758000000,0.95300000,0.95500000,0.93200000,0.93800000,431252.97000000
1780761600000,0.93800000,0.94500000,0.93300000,0.94200000,224509.92000000
1780765200000,0.94300000,0.94400000,0.92700000,0.93100000,262988.25000000
1780768800000,0.93100000,0.93800000,0.93000000,0.93400000,208319.54000000
1780772400000,0.93400000,0.94000000,0.93200000,0.93200000,154320.60000000
1780776000000,0.93200000,0.93600000,0.92900000,0.93500000,202884.99000000
1780779600000,0.93600000,0.94300000,0.93400000,0.93900000,124825.23000000
1780783200000,0.93900000,0.94100000,0.93300000,0.93700000,179326.29000000
1780786800000,0.93600000,0.94500000,0.93500000,0.94300000,215941.78000000
1780790400000,0.94300000,0.94600000,0.94000000,0.94200000,167732.78000000
1780794000000,0.94100000,0.96400000,0.94100000,0.96100000,717047.58000000
1780797600000,0.96200000,0.96200000,0.95000000,0.95500000,235519.45000000
1780801200000,0.95500000,0.95900000,0.95200000,0.95700000,136947.80000000
1780804800000,0.95700000,0.96600000,0.95200000,0.96300000,269881.11000000
1780808400000,0.96400000,0.96800000,0.96000000,0.96400000,409971.17000000
1780812000000,0.96300000,0.97300000,0.95900000,0.96700000,252097.50000000
1780815600000,0.96700000,0.97100000,0.96500000,0.96900000,163225.87000000
1780819200000,0.97000000,0.97900000,0.96400000,0.97900000,318523.56000000
1780822800000,0.97900000,0.98100000,0.97000000,0.97100000,251959.63000000
1780826400000,0.97000000,0.97100000,0.96300000,0.96500000,154847.67000000
1780830000000,0.96400000,0.97500000,0.96300000,0.97200000,229840.72000000
1780833600000,0.97200000,0.97200000,0.95000000,0.95900000,655985.08000000
1780837200000,0.95800000,0.96200000,0.95700000,0.96100000,93598.90000000
1780840800000,0.96100000,0.97300000,0.96000000,0.96800000,199954.72000000
1780844400000,0.96800000,0.96900000,0.95900000,0.96400000,733690.29000000
1780848000000,0.96400000,0.97300000,0.96000000,0.96900000,630870.83000000
1780851600000,0.97000000,0.97400000,0.96500000,0.96700000,140603.32000000
1780855200000,0.96700000,0.97100000,0.96000000,0.96000000,227797.48000000
1780858800000,0.96100000,0.96100000,0.94000000,0.94400000,498640.71000000
1780862400000,0.94400000,0.95600000,0.94100000,0.95200000,202085.35000000
1780866000000,0.95300000,0.95600000,0.94500000,0.95000000,121728.35000000
1780869600000,0.95000000,1.00100000,0.94900000,0.97000000,1197578.78000000
1780873200000,0.96900000,0.97500000,0.96700000,0.97400000,313314.20000000
1780876800000,0.97300000,0.98400000,0.96800000,0.97800000,235685.60000000
1780880400000,0.97800000,0.97800000,0.95800000,0.96700000,293765.74000000
1780884000000,0.96800000,0.97100000,0.96500000,0.96900000,153689.79000000
1780887600000,0.96900000,0.97500000,0.96500000,0.96900000,142788.81000000
1780891200000,0.96900000,0.97000000,0.95800000,0.95800000,99038.22000000
1780894800000,0.95800000,0.96000000,0.95100000,0.95700000,145213.11000000
1780898400000,0.95700000,0.96600000,0.95700000,0.96100000,147421.04000000
1780902000000,0.96200000,0.96800000,0.95700000,0.96700000,205534.76000000
1780905600000,0.96600000,0.96900000,0.95900000,0.96100000,168151.04000000
1780909200000,0.96200000,0.97000000,0.96000000,0.96900000,324312.90000000
1780912800000,0.97000000,0.97300000,0.96300000,0.96900000,295311.36000000
1780916400000,0.96800000,0.98500000,0.96600000,0.98100000,392972.37000000
1780920000000,0.98100000,0.98600000,0.97100000,0.98200000,402388.50000000
1780923600000,0.98200000,0.98300000,0.97100000,0.97600000,426725.93000000
1780927200000,0.97700000,0.98400000,0.97300000,0.98300000,252536.88000000
1780930800000,0.98300000,0.99100000,0.98300000,0.98500000,403484.21000000
1780934400000,0.98500000,0.99300000,0.98000000,0.98100000,207946.34000000
1780938000000,0.98100000,0.98800000,0.97700000,0.98800000,213175.39000000
1780941600000,0.98800000,0.99100000,0.98400000,0.98600000,108986.72000000
1780945200000,0.98500000,0.99400000,0.98500000,0.98900000,182192.48000000
1780948800000,0.98900000,0.99000000,0.98000000,0.98500000,181672.81000000
1780952400000,0.98500000,0.99600000,0.98500000,0.98600000,165574.83000000
1780956000000,0.98500000,0.98500000,0.97800000,0.98100000,145247.87000000
1780959600000,0.98100000,0.98400000,0.97200000,0.97400000,183775.30000000
1780963200000,0.97500000,0.97600000,0.94900000,0.95300000,453559.30000000
1780966800000,0.95200000,0.96300000,0.95100000,0.95900000,254342.41000000
1780970400000,0.95900000,0.96200000,0.95200000,0.95800000,101452.07000000
1780974000000,0.95800000,0.96100000,0.95300000,0.95800000,102385.32000000
1780977600000,0.95700000,0.97500000,0.95500000,0.97100000,356494.72000000
1780981200000,0.97100000,0.97800000,0.96700000,0.97500000,165866.36000000
1780984800000,0.97600000,0.97800000,0.97000000,0.97100000,147338.13000000
1780988400000,0.97200000,0.97700000,0.96800000,0.97100000,167889.81000000
1780992000000,0.97200000,0.97300000,0.96500000,0.96800000,130063.42000000
1780995600000,0.96900000,0.97100000,0.96200000,0.96500000,124778.83000000
1780999200000,0.96600000,0.97000000,0.96300000,0.96800000,215073.51000000
1781002800000,0.96800000,0.97000000,0.96200000,0.96700000,123035.23000000
1781006400000,0.96700000,0.97300000,0.96600000,0.97200000,152276.02000000
1781010000000,0.97200000,0.97400000,0.96400000,0.97000000,243204.27000000
1781013600000,0.96900000,0.97100000,0.94500000,0.95400000,473372.43000000
1781017200000,0.95500000,0.95900000,0.94200000,0.94200000,262435.09000000
1781020800000,0.94200000,0.94500000,0.92800000,0.93800000,696723.20000000
1781024400000,0.93900000,0.95600000,0.93800000,0.95300000,393735.57000000
1781028000000,0.95300000,0.96300000,0.95100000,0.96000000,235277.60000000
1781031600000,0.95900000,0.96600000,0.95700000,0.96500000,152463.23000000
1781035200000,0.96500000,0.96900000,0.96200000,0.96700000,123854.49000000
1781038800000,0.96800000,0.96800000,0.95500000,0.95700000,134814.96000000
1781042400000,0.95700000,0.96100000,0.95400000,0.95600000,108770.92000000
1781046000000,0.95700000,0.96100000,0.95500000,0.95700000,127364.96000000
1781049600000,0.95700000,0.96200000,0.95300000,0.96200000,108800.88000000
1781053200000,0.96300000,0.96600000,0.95500000,0.95800000,91899.79000000
1781056800000,0.95800000,0.96000000,0.94500000,0.94800000,130743.91000000
1781060400000,0.94700000,0.95500000,0.94600000,0.95000000,196079.39000000
1781064000000,0.95000000,0.95100000,0.94200000,0.94400000,106254.84000000
1781067600000,0.94400000,0.94500000,0.93800000,0.94200000,93286.60000000
1781071200000,0.94100000,0.94500000,0.93800000,0.94200000,141996.80000000
1781074800000,0.94200000,0.95000000,0.94200000,0.94700000,121158.60000000
1781078400000,0.94700000,0.94700000,0.93600000,0.93700000,194594.26000000
1781082000000,0.93800000,0.94000000,0.93000000,0.93900000,161648.16000000
1781085600000,0.93800000,0.94000000,0.93400000,0.93900000,136109.03000000
1781089200000,0.93900000,0.94000000,0.92400000,0.93000000,440620.15000000
1781092800000,0.92900000,0.95000000,0.92800000,0.94200000,433497.01000000
1781096400000,0.94200000,0.96000000,0.94100000,0.95000000,430704.96000000
1781100000000,0.95000000,0.95300000,0.94000000,0.94600000,288164.63000000
1781103600000,0.94600000,0.95400000,0.94000000,0.95000000,343743.13000000
1781107200000,0.95000000,0.95300000,0.93300000,0.94000000,186893.22000000
1781110800000,0.93900000,0.94300000,0.92400000,0.93100000,363808.52000000
1781114400000,0.93100000,0.93300000,0.92400000,0.93100000,205336.01000000
1781118000000,0.93100000,0.93200000,0.91800000,0.92200000,258125.53000000
1781121600000,0.92300000,0.92500000,0.91300000,0.91700000,344368.79000000
1781125200000,0.91600000,0.91600000,0.90500000,0.90800000,407960.70000000
1781128800000,0.90900000,0.91600000,0.90300000,0.91100000,281827.85000000
1781132400000,0.91000000,0.91800000,0.90600000,0.91600000,296615.27000000
1781136000000,0.91700000,0.92600000,0.91700000,0.92500000,163371.38000000
1781139600000,0.92500000,0.93800000,0.92500000,0.93500000,204700.50000000
1781143200000,0.93500000,0.93600000,0.92500000,0.92900000,96221.48000000
1781146800000,0.92900000,0.95000000,0.92700000,0.94600000,349466.46000000
1781150400000,0.94700000,0.95400000,0.94200000,0.94900000,221523.06000000
1781154000000,0.94900000,0.95000000,0.94500000,0.94500000,121688.56000000
1781157600000,0.94400000,0.95000000,0.94100000,0.94400000,154906.04000000
1781161200000,0.94500000,0.95200000,0.94400000,0.94800000,127109.37000000
1781164800000,0.94900000,0.96000000,0.94800000,0.95500000,302095.99000000
1781168400000,0.95500000,0.95600000,0.94600000,0.94600000,181886.08000000
1781172000000,0.94700000,0.95000000,0.94400000,0.95000000,108740.48000000
1781175600000,0.94900000,0.95800000,0.94700000,0.95400000,257159.90000000
1781179200000,0.95400000,0.95400000,0.93500000,0.94600000,629524.25000000
1781182800000,0.94500000,0.95300000,0.94200000,0.94800000,275352.07000000
1781186400000,0.94700000,0.94900000,0.94200000,0.94500000,228209.47000000
1781190000000,0.94400000,0.94900000,0.93900000,0.94600000,150428.88000000
1781193600000,0.94600000,0.95100000,0.94300000,0.94400000,215566.89000000
1781197200000,0.94400000,0.97400000,0.94100000,0.97100000,931304.89000000
1781200800000,0.97100000,0.97500000,0.96100000,0.96400000,314942.40000000
1781204400000,0.96300000,0.97100000,0.95900000,0.96300000,408469.62000000
1781208000000,0.96400000,0.96400000,0.95500000,0.95900000,207862.10000000
1781211600000,0.95900000,0.96700000,0.95900000,0.96100000,112822.90000000
1781215200000,0.96100000,0.96300000,0.95600000,0.95600000,136844.09000000
1781218800000,0.95500000,0.95700000,0.95000000,0.95100000,247431.74000000
1781222400000,0.95200000,0.95600000,0.95000000,0.95100000,131997.56000000
1781226000000,0.95000000,0.95100000,0.94500000,0.94800000,149151.95000000
1781229600000,0.94900000,0.95400000,0.94800000,0.95000000,95988.27000000
1781233200000,0.95100000,0.95500000,0.94800000,0.95400000,263199.07000000
1781236800000,0.95500000,0.96000000,0.95100000,0.95800000,244724.00000000
1781240400000,0.95700000,0.95800000,0.95000000,0.95100000,209362.70000000
1781244000000,0.95100000,0.95300000,0.94100000,0.94200000,238644.56000000
1781247600000,0.94200000,0.95000000,0.94200000,0.94600000,132514.97000000
1781251200000,0.94700000,0.95900000,0.94600000,0.95700000,211927.87000000
1781254800000,0.95700000,0.96800000,0.95500000,0.96400000,306931.52000000
1781258400000,0.96300000,0.96900000,0.96000000,0.96600000,306433.40000000
1781262000000,0.96600000,0.96900000,0.96400000,0.96700000,208959.62000000
1781265600000,0.96700000,0.97200000,0.95900000,0.96200000,307164.52000000
1781269200000,0.96200000,0.96400000,0.95100000,0.95500000,380574.81000000
1781272800000,0.95500000,0.97400000,0.95400000,0.97100000,425613.84000000
1781276400000,0.97200000,0.97500000,0.94900000,0.95000000,591635.30000000
1781280000000,0.94900000,0.96300000,0.94600000,0.96200000,406279.20000000
1781283600000,0.96300000,0.96800000,0.95800000,0.95800000,214634.66000000
1781287200000,0.95900000,0.96100000,0.95300000,0.95500000,258995.13000000
1781290800000,0.95600000,0.96400000,0.95600000,0.95700000,241246.85000000
1781294400000,0.95800000,0.96100000,0.95500000,0.95600000,189604.52000000
1781298000000,0.95700000,0.96000000,0.95000000,0.95200000,152331.04000000
1781301600000,0.95200000,0.95700000,0.95100000,0.95500000,205727.35000000
1781305200000,0.95600000,0.95800000,0.95200000,0.95700000,173367.42000000
1781308800000,0.95800000,0.96400000,0.95600000,0.96200000,169147.71000000
1781312400000,0.96200000,0.97200000,0.96200000,0.96900000,327609.73000000
1781316000000,0.96900000,0.97100000,0.96400000,0.96900000,172001.80000000
1781319600000,0.96900000,0.97100000,0.96200000,0.96800000,389979.01000000
1781323200000,0.96700000,0.97200000,0.96300000,0.96500000,133226.40000000
1781326800000,0.96600000,0.96800000,0.96100000,0.96700000,220170.91000000
1781330400000,0.96800000,0.98300000,0.96600000,0.97900000,499742.09000000
1781334000000,0.97900000,0.99500000,0.97200000,0.99300000,1094685.17000000
1781337600000,0.99300000,0.99500000,0.98200000,0.98200000,529158.67000000
1781341200000,0.98200000,0.98600000,0.98100000,0.98300000,207156.95000000
1781344800000,0.98400000,0.98600000,0.97900000,0.98000000,202733.13000000
1781348400000,0.98000000,0.98500000,0.97800000,0.98500000,132354.27000000
1781352000000,0.98600000,0.99500000,0.98500000,0.99000000,299247.76000000
1781355600000,0.99000000,0.99200000,0.98300000,0.98700000,284458.72000000
1781359200000,0.98700000,0.99000000,0.98200000,0.98900000,202748.15000000
1781362800000,0.98900000,0.99500000,0.98700000,0.99100000,405574.82000000
1781366400000,0.99100000,0.99100000,0.97900000,0.98600000,392984.38000000
1781370000000,0.98600000,0.98900000,0.97900000,0.98100000,187686.50000000
1781373600000,0.98100000,0.98400000,0.97600000,0.97800000,166901.40000000
1781377200000,0.97800000,0.98300000,0.97600000,0.97900000,204049.11000000
1781380800000,0.97900000,0.98100000,0.97700000,0.98000000,140529.81000000
1781384400000,0.98000000,0.98700000,0.97700000,0.98200000,121161.45000000
1781388000000,0.98300000,0.98500000,0.98000000,0.98100000,127766.47000000
1781391600000,0.98100000,0.98400000,0.97900000,0.98000000,157555.82000000
1781395200000,0.98100000,0.98100000,0.97600000,0.97900000,141670.48000000
1781398800000,0.97900000,0.98400000,0.97800000,0.98100000,161652.16000000
1781402400000,0.98000000,0.98500000,0.97700000,0.97800000,818602.02000000
1781406000000,0.97800000,0.97900000,0.97500000,0.97800000,180449.36000000
1781409600000,0.97800000,0.97900000,0.96800000,0.97000000,140079.66000000
1781413200000,0.96900000,0.97200000,0.96500000,0.97000000,148551.05000000
1781416800000,0.97000000,0.97400000,0.96600000,0.96600000,153774.85000000
1781420400000,0.96600000,0.97000000,0.96400000,0.96600000,135462.84000000
1781424000000,0.96700000,0.97200000,0.96500000,0.97000000,138113.96000000
1781427600000,0.97000000,0.97300000,0.96600000,0.97200000,155653.39000000
1781431200000,0.97200000,0.97400000,0.96900000,0.96900000,93960.75000000
1781434800000,0.96800000,0.97100000,0.96700000,0.96900000,88528.12000000
1781438400000,0.96900000,0.97100000,0.96300000,0.96400000,188635.33000000
1781442000000,0.96400000,0.96600000,0.96000000,0.96300000,240000.34000000
1781445600000,0.96200000,0.96300000,0.95100000,0.95600000,342802.94000000
1781449200000,0.95700000,0.96000000,0.95600000,0.95800000,135612.14000000
1781452800000,0.95700000,0.96200000,0.95600000,0.95800000,201899.06000000
1781456400000,0.95700000,0.95800000,0.95000000,0.95100000,174133.38000000
1781460000000,0.95200000,0.95400000,0.94900000,0.95200000,122636.67000000
1781463600000,0.95200000,0.95600000,0.94900000,0.95200000,100978.04000000
1781467200000,0.95200000,0.95800000,0.94900000,0.95600000,219406.04000000
1781470800000,0.95600000,0.99300000,0.95500000,0.98500000,549440.31000000
1781474400000,0.98600000,0.99300000,0.98100000,0.98700000,548248.94000000
1781478000000,0.98700000,0.99800000,0.98300000,0.99800000,376152.89000000
1781481600000,0.99800000,1.00200000,0.99000000,0.99300000,769985.45000000
1781485200000,0.99300000,0.99600000,0.98500000,0.99100000,306168.04000000
1781488800000,0.99000000,1.00000000,0.98900000,0.99500000,218386.20000000
1781492400000,0.99600000,1.00400000,0.99400000,1.00000000,344655.02000000
1781496000000,1.00000000,1.00400000,0.99700000,1.00000000,285876.29000000
1781499600000,1.00000000,1.01100000,0.99800000,1.00600000,413199.53000000
1781503200000,1.00500000,1.00800000,1.00200000,1.00400000,303490.07000000
1781506800000,1.00500000,1.00800000,0.99800000,0.99900000,287417.00000000
1781510400000,0.99900000,1.00500000,0.99800000,1.00100000,220114.53000000
1781514000000,1.00100000,1.00500000,0.99900000,1.00500000,213430.08000000
1781517600000,1.00500000,1.02000000,1.00300000,1.01700000,550229.12000000
1781521200000,1.01600000,1.02900000,1.01200000,1.02300000,871421.81000000
1781524800000,1.02200000,1.03000000,1.01600000,1.02700000,551887.85000000
1781528400000,1.02700000,1.04400000,1.02700000,1.03600000,787946.18000000
1781532000000,1.03600000,1.03600000,1.02700000,1.03100000,616470.04000000
1781535600000,1.03100000,1.04700000,1.02800000,1.04500000,638545.71000000
1781539200000,1.04500000,1.04600000,1.03600000,1.03700000,359700.10000000
1781542800000,1.03600000,1.03800000,1.02700000,1.03400000,458958.78000000
1781546400000,1.03400000,1.03600000,1.03100000,1.03100000,186209.61000000
1781550000000,1.03100000,1.03500000,1.01600000,1.02000000,445356.14000000
1781553600000,1.02100000,1.02500000,1.01400000,1.01600000,268646.63000000
1781557200000,1.01700000,1.02100000,1.01500000,1.01600000,194919.07000000
1781560800000,1.01600000,1.01800000,1.00100000,1.00500000,514547.65000000
1781564400000,1.00500000,1.01200000,1.00200000,1.01100000,326514.02000000
1781568000000,1.01100000,1.01600000,1.00800000,1.01100000,253648.09000000
1781571600000,1.01100000,1.01800000,1.01000000,1.01100000,207992.86000000
1781575200000,1.01000000,1.01200000,0.99500000,0.99900000,404723.88000000
1781578800000,1.00000000,1.01100000,0.99700000,1.01100000,88038.02000000
1781582400000,1.01000000,1.01200000,1.00100000,1.00200000,90695.89000000
1781586000000,1.00300000,1.00900000,1.00200000,1.00600000,110954.08000000
1781589600000,1.00700000,1.01300000,1.00700000,1.01100000,161615.56000000
1781593200000,1.01100000,1.01800000,1.00900000,1.01600000,207014.40000000
1781596800000,1.01700000,1.03200000,1.01500000,1.03200000,468475.85000000
1781600400000,1.03200000,1.03200000,1.02100000,1.02300000,246370.20000000
1781604000000,1.02300000,1.02900000,1.01900000,1.02400000,202166.82000000
1781607600000,1.02400000,1.02600000,1.01700000,1.02200000,113792.16000000
1781611200000,1.02200000,1.03400000,1.01900000,1.02700000,304635.19000000
1781614800000,1.02700000,1.03200000,1.01100000,1.01300000,390396.54000000
1781618400000,1.01400000,1.01700000,0.98800000,0.99700000,609787.08000000
1781622000000,0.99700000,1.00600000,0.99500000,1.00200000,202335.03000000
1781625600000,1.00200000,1.00400000,0.99800000,1.00100000,198391.23000000
1781629200000,1.00200000,1.01300000,1.00100000,1.01200000,151939.32000000
1781632800000,1.01300000,1.02300000,1.01100000,1.01400000,236938.59000000
1781636400000,1.01400000,1.01500000,1.00500000,1.01000000,198120.68000000
1781640000000,1.01100000,1.02300000,1.00700000,1.02000000,195876.44000000
1781643600000,1.02100000,1.02300000,1.01400000,1.01600000,63583.84000000
1781647200000,1.01600000,1.02100000,1.01400000,1.01900000,68020.90000000
1781650800000,1.01800000,1.02000000,1.01200000,1.01300000,67186.34000000
1781654400000,1.01400000,1.02200000,1.01400000,1.01900000,214173.50000000
1781658000000,1.01900000,1.03100000,1.01400000,1.03100000,277810.50000000
1781661600000,1.03100000,1.03700000,1.02500000,1.03200000,331895.05000000
1781665200000,1.03300000,1.03300000,1.02100000,1.02500000,233203.76000000
1781668800000,1.02600000,1.03300000,1.02300000,1.02800000,160602.09000000
1781672400000,1.02900000,1.03300000,1.02100000,1.02600000,214457.89000000
1781676000000,1.02600000,1.03100000,1.01900000,1.02400000,234234.63000000
1781679600000,1.02400000,1.03100000,1.01800000,1.02300000,282979.90000000
1781683200000,1.02400000,1.02400000,1.00400000,1.00900000,168278.48000000
1781686800000,1.00900000,1.01500000,1.00800000,1.01400000,145640.70000000
1781690400000,1.01400000,1.01600000,1.00800000,1.00900000,102409.70000000
1781694000000,1.00900000,1.01100000,1.00000000,1.00500000,296535.51000000
1781697600000,1.00600000,1.01500000,1.00100000,1.01500000,212177.11000000
1781701200000,1.01500000,1.01900000,1.01000000,1.01200000,220829.75000000
1781704800000,1.01200000,1.01800000,1.00400000,1.01100000,408765.28000000
1781708400000,1.01100000,1.03900000,1.01000000,1.03700000,479683.38000000
1781712000000,1.03800000,1.04300000,1.02600000,1.02700000,324109.91000000
1781715600000,1.02800000,1.03700000,1.02200000,1.03600000,274476.18000000
1781719200000,1.03600000,1.03800000,1.00600000,1.02700000,805205.76000000
1781722800000,1.02600000,1.02900000,0.99300000,0.99800000,831142.41000000
1781726400000,0.99900000,1.01000000,0.99400000,1.00800000,441068.95000000
1781730000000,1.00800000,1.00800000,0.99700000,1.00000000,216865.52000000
1781733600000,1.00100000,1.00700000,0.98600000,1.00200000,309920.41000000
1781737200000,1.00200000,1.00900000,1.00200000,1.00400000,163502.77000000
1781740800000,1.00400000,1.00800000,1.00100000,1.00300000,120832.87000000
1781744400000,1.00300000,1.01000000,1.00000000,1.00100000,119949.43000000
1781748000000,1.00300000,1.00700000,0.99800000,1.00200000,95915.53000000
1781751600000,1.00100000,1.00100000,0.98100000,0.98200000,415395.24000000
1781755200000,0.98300000,0.98300000,0.96900000,0.97400000,466234.29000000
1781758800000,0.97400000,0.97600000,0.96700000,0.97500000,298516.79000000
1781762400000,0.97500000,0.98100000,0.97100000,0.98100000,259912.33000000
1781766000000,0.98000000,0.98700000,0.97900000,0.98400000,186722.98000000
1781769600000,0.98400000,0.98700000,0.97900000,0.98400000,98900.67000000
1781773200000,0.98300000,0.98700000,0.98100000,0.98400000,156893.01000000
1781776800000,0.98500000,0.98500000,0.97700000,0.98000000,197143.36000000
1781780400000,0.98100000,0.98300000,0.97200000,0.97400000,201466.58000000
1781784000000,0.97400000,0.98200000,0.97200000,0.98200000,193639.05000000
1781787600000,0.98200000,0.98500000,0.96800000,0.97400000,436039.74000000
1781791200000,0.97500000,0.98600000,0.97100000,0.97900000,395679.59000000
1781794800000,0.97900000,0.97900000,0.94000000,0.94500000,980799.13000000
1781798400000,0.94500000,0.95800000,0.94400000,0.95700000,368913.10000000
1781802000000,0.95700000,0.95800000,0.94700000,0.95400000,446989.11000000
1781805600000,0.95500000,0.96100000,0.95200000,0.95600000,453830.43000000
1781809200000,0.95600000,0.96600000,0.95500000,0.96400000,363527.46000000
1781812800000,0.96500000,0.97500000,0.96500000,0.97300000,163820.04000000
1781816400000,0.97300000,0.97400000,0.96600000,0.96900000,83903.70000000
1781820000000,0.96900000,0.97100000,0.96600000,0.97000000,107297.81000000
1781823600000,0.97000000,0.97500000,0.96600000,0.97400000,144011.55000000
1781827200000,0.97500000,0.98100000,0.97100000,0.97700000,311396.17000000
1781830800000,0.97700000,0.98100000,0.97200000,0.97900000,119213.83000000
1781834400000,0.98000000,0.98200000,0.97200000,0.97700000,124311.72000000
1781838000000,0.97800000,0.97800000,0.95800000,0.96600000,371791.02000000
1781841600000,0.96700000,0.97100000,0.95300000,0.95400000,226924.97000000
1781845200000,0.95500000,0.96300000,0.95400000,0.96300000,123058.46000000
1781848800000,0.96200000,0.96500000,0.95700000,0.96100000,150756.76000000
1781852400000,0.96100000,0.96100000,0.95100000,0.95500000,274959.94000000
1781856000000,0.95500000,0.96000000,0.95400000,0.95700000,135343.12000000
1781859600000,0.95800000,0.95900000,0.95200000,0.95400000,176519.63000000
1781863200000,0.95400000,0.95600000,0.94900000,0.95200000,242443.09000000
1781866800000,0.95200000,0.95400000,0.95000000,0.95100000,137756.10000000
1781870400000,0.95100000,0.95900000,0.94700000,0.95800000,272095.30000000
1781874000000,0.95800000,0.97200000,0.95500000,0.96700000,300767.53000000
1781877600000,0.96800000,0.97200000,0.96400000,0.96400000,227218.08000000
1781881200000,0.96500000,0.97000000,0.96200000,0.96800000,153704.62000000
1781884800000,0.96900000,0.97100000,0.95400000,0.95500000,238461.85000000
1781888400000,0.95500000,0.96600000,0.95400000,0.96200000,171229.02000000
1781892000000,0.96100000,0.96200000,0.95000000,0.95600000,253344.15000000
1781895600000,0.95500000,0.95600000,0.95000000,0.95200000,200725.91000000
1781899200000,0.95300000,0.96000000,0.95000000,0.96000000,105088.06000000
1781902800000,0.96000000,0.96000000,0.95200000,0.95300000,121772.94000000
1781906400000,0.95300000,0.95700000,0.95100000,0.95600000,74318.91000000
1781910000000,0.95700000,0.96400000,0.95500000,0.96100000,97489.76000000
1781913600000,0.96100000,0.96800000,0.96000000,0.96100000,187512.48000000
1781917200000,0.96100000,0.96500000,0.95900000,0.96100000,58437.75000000
1781920800000,0.96100000,0.96300000,0.95500000,0.95600000,74385.60000000
1781924400000,0.95600000,0.95800000,0.95400000,0.95700000,96068.42000000
1781928000000,0.95700000,0.96300000,0.95600000,0.96300000,59235.05000000
1781931600000,0.96300000,0.97400000,0.96200000,0.96700000,232785.10000000
1781935200000,0.96800000,0.97000000,0.96300000,0.96600000,143386.10000000
1781938800000,0.96600000,0.96800000,0.96100000,0.96400000,122337.08000000
1781942400000,0.96400000,0.96600000,0.96000000,0.96600000,161859.72000000
1781946000000,0.96600000,0.97100000,0.96500000,0.97000000,119005.56000000
1781949600000,0.96900000,0.97100000,0.96300000,0.96600000,101687.78000000
1781953200000,0.96500000,0.96700000,0.96400000,0.96400000,71396.19000000
1781956800000,0.96500000,0.96800000,0.96100000,0.96300000,94297.32000000
1781960400000,0.96300000,0.96600000,0.95600000,0.95900000,167269.85000000
1781964000000,0.95800000,0.97000000,0.94900000,0.96400000,296696.82000000
1781967600000,0.96400000,0.97200000,0.96000000,0.96900000,455620.18000000
1781971200000,0.96900000,0.97000000,0.96000000,0.96600000,104745.09000000
1781974800000,0.96600000,0.96600000,0.95500000,0.96000000,195918.67000000
1781978400000,0.96000000,0.96400000,0.95700000,0.95800000,197819.51000000
1781982000000,0.95700000,0.96100000,0.95600000,0.95900000,74506.62000000
1781985600000,0.95900000,0.96200000,0.95700000,0.96100000,64257.98000000
1781989200000,0.96100000,0.96800000,0.96000000,0.96700000,197396.20000000
1781992800000,0.96700000,0.97500000,0.96400000,0.97400000,304216.66000000
1781996400000,0.97400000,0.97600000,0.96900000,0.96900000,75383.48000000
1782000000000,0.97000000,0.97300000,0.96800000,0.97200000,63828.35000000
1782003600000,0.97300000,0.97300000,0.96700000,0.97000000,57542.05000000
1782007200000,0.97000000,0.97000000,0.96600000,0.97000000,54492.71000000
1782010800000,0.96900000,0.97400000,0.96700000,0.97100000,109733.76000000
1782014400000,0.97200000,0.97400000,0.96600000,0.96600000,85925.83000000
1782018000000,0.96700000,0.97000000,0.96300000,0.96500000,108558.48000000
1782021600000,0.96600000,0.96900000,0.96500000,0.96900000,94144.77000000
1782025200000,0.96800000,0.97200000,0.96500000,0.96800000,87420.79000000
1782028800000,0.96800000,0.97000000,0.96000000,0.96600000,41148.76000000
1782032400000,0.96700000,0.97400000,0.96400000,0.97300000,269087.38000000
1782036000000,0.97300000,0.97500000,0.97000000,0.97000000,59933.40000000
1782039600000,0.97100000,0.97100000,0.96300000,0.96500000,99656.54000000
1782043200000,0.96500000,0.96800000,0.96100000,0.96800000,76277.17000000
1782046800000,0.96700000,0.97000000,0.96500000,0.96900000,138442.25000000
1782050400000,0.96900000,0.97000000,0.96500000,0.96700000,43298.89000000
1782054000000,0.96800000,0.97300000,0.96700000,0.97100000,296316.17000000
1782057600000,0.97000000,0.97000000,0.96000000,0.96400000,130180.92000000
1782061200000,0.96400000,0.96700000,0.96100000,0.96200000,95564.05000000
1782064800000,0.96200000,0.96600000,0.95700000,0.96500000,151121.20000000
1782068400000,0.96500000,0.96700000,0.96400000,0.96500000,57406.33000000
1782072000000,0.96500000,0.96500000,0.95600000,0.95700000,125371.34000000
1782075600000,0.95800000,0.95800000,0.94300000,0.95100000,386128.00000000
1782079200000,0.95100000,0.95300000,0.94600000,0.95000000,191776.05000000
1782082800000,0.94900000,0.94900000,0.94000000,0.94100000,282902.44000000
1782086400000,0.94200000,0.95700000,0.94200000,0.95600000,350963.12000000
1782090000000,0.95600000,0.97200000,0.95300000,0.96300000,406502.31000000
1782093600000,0.96300000,0.96300000,0.95600000,0.95700000,74023.74000000
1782097200000,0.95600000,0.95900000,0.94900000,0.95100000,202016.34000000
1782100800000,0.95100000,0.95600000,0.94900000,0.95500000,135773.31000000
1782104400000,0.95600000,0.95900000,0.95500000,0.95800000,67759.60000000
1782108000000,0.95900000,0.96100000,0.95700000,0.95900000,108639.16000000
1782111600000,0.95900000,0.96600000,0.95700000,0.96400000,174578.03000000
1782115200000,0.96400000,0.96600000,0.96100000,0.96300000,111207.87000000
1782118800000,0.96300000,0.96400000,0.95800000,0.96000000,76567.92000000
1782122400000,0.95900000,0.96100000,0.95500000,0.95900000,93740.48000000
1782126000000,0.95900000,0.97300000,0.95700000,0.97100000,259953.83000000
1782129600000,0.97100000,0.97500000,0.96900000,0.97200000,176133.40000000
1782133200000,0.97200000,0.97900000,0.96800000,0.97700000,272730.28000000
1782136800000,0.97800000,0.97800000,0.96100000,0.96700000,224608.18000000
1782140400000,0.96600000,0.96900000,0.95600000,0.95800000,290706.77000000
1782144000000,0.95800000,0.96200000,0.95500000,0.96100000,219371.88000000
1782147600000,0.96000000,0.96200000,0.95200000,0.95700000,101383.14000000
1782151200000,0.95600000,0.95800000,0.94400000,0.94600000,229378.57000000
1782154800000,0.94600000,0.94700000,0.94100000,0.94500000,177160.54000000
1782158400000,0.94500000,0.95000000,0.94400000,0.94800000,77322.36000000
1782162000000,0.94700000,0.94900000,0.94100000,0.94400000,58432.78000000
1782165600000,0.94400000,0.94700000,0.92900000,0.93400000,379709.70000000
1782169200000,0.93500000,0.93800000,0.93200000,0.93700000,70730.85000000
1782172800000,0.93600000,0.93700000,0.92800000,0.93400000,74643.01000000
1782176400000,0.93400000,0.93700000,0.92800000,0.93400000,87941.91000000
1782180000000,0.93400000,0.93800000,0.93200000,0.93700000,80289.60000000
1782183600000,0.93700000,0.93800000,0.93200000,0.93700000,93640.58000000
1782187200000,0.93700000,0.93900000,0.92800000,0.93000000,247506.90000000
1782190800000,0.93000000,0.93400000,0.92800000,0.93100000,203487.87000000
1782194400000,0.93100000,0.93100000,0.90800000,0.91200000,578322.21000000
1782198000000,0.91200000,0.91400000,0.90500000,0.90600000,365375.91000000
1782201600000,0.90600000,0.90800000,0.88300000,0.89200000,846459.75000000
1782205200000,0.89200000,0.89700000,0.89100000,0.89500000,201537.17000000
1782208800000,0.89600000,0.90000000,0.89300000,0.89700000,227393.92000000
1782212400000,0.89700000,0.90600000,0.89700000,0.90400000,255574.40000000
1782216000000,0.90500000,0.90500000,0.89900000,0.90200000,132199.82000000
1782219600000,0.90100000,0.90800000,0.89600000,0.90700000,316353.40000000
1782223200000,0.90800000,0.91200000,0.90100000,0.90200000,359091.29000000
1782226800000,0.90200000,0.90300000,0.89300000,0.89900000,213588.07000000
1782230400000,0.90000000,0.90600000,0.89900000,0.90000000,239190.66000000
1782234000000,0.89900000,0.90400000,0.89600000,0.89600000,138136.65000000
1782237600000,0.89700000,0.90000000,0.89600000,0.90000000,124964.26000000
1782241200000,0.89900000,0.90500000,0.89900000,0.90400000,99910.01000000
1782244800000,0.90400000,0.90900000,0.90400000,0.90900000,80821.85000000
1782248400000,0.90900000,0.91200000,0.90800000,0.90900000,60156.15000000
1782252000000,0.91000000,0.91500000,0.90800000,0.90900000,124587.82000000
1782255600000,0.90900000,0.91200000,0.90600000,0.91000000,95015.98000000
1782259200000,0.91000000,0.91600000,0.91000000,0.91400000,359660.96000000
1782262800000,0.91500000,0.92000000,0.91000000,0.91400000,212566.68000000
1782266400000,0.91500000,0.91500000,0.90800000,0.90900000,138477.07000000
1782270000000,0.90900000,0.90900000,0.90300000,0.90700000,157863.16000000
1782273600000,0.90600000,0.90700000,0.89700000,0.90600000,287616.49000000
1782277200000,0.90600000,0.91200000,0.90500000,0.91000000,261250.52000000
1782280800000,0.91100000,0.91100000,0.90700000,0.90900000,75308.65000000
1782284400000,0.90800000,0.90900000,0.90400000,0.90600000,109237.88000000
1782288000000,0.90600000,0.90900000,0.90500000,0.90700000,124619.58000000
1782291600000,0.90800000,0.90800000,0.90100000,0.90400000,56107.50000000
1782295200000,0.90300000,0.90500000,0.89900000,0.90000000,128591.18000000
1782298800000,0.90000000,0.91300000,0.89500000,0.90700000,283721.10000000
1782302400000,0.90700000,0.90800000,0.90000000,0.90200000,131747.22000000
1782306000000,0.90100000,0.90100000,0.88300000,0.88800000,688582.99000000
1782309600000,0.88700000,0.89600000,0.88400000,0.89300000,462109.09000000
1782313200000,0.89300000,0.89300000,0.86700000,0.87200000,673666.04000000
1782316800000,0.87300000,0.88500000,0.84800000,0.85500000,1259440.76000000
1782320400000,0.85400000,0.86300000,0.84200000,0.84700000,616560.18000000
1782324000000,0.84700000,0.86600000,0.84400000,0.86100000,323142.79000000
1782327600000,0.86200000,0.86800000,0.85900000,0.86800000,252413.72000000
1782331200000,0.86800000,0.88600000,0.86700000,0.88300000,313162.16000000
1782334800000,0.88300000,0.88900000,0.87800000,0.88900000,131854.60000000
1782338400000,0.88800000,0.89300000,0.88200000,0.88400000,158988.79000000
1782342000000,0.88300000,0.88800000,0.88300000,0.88800000,69047.16000000
1782345600000,0.88800000,0.89000000,0.88500000,0.88600000,133225.73000000
1782349200000,0.88700000,0.89000000,0.88600000,0.88800000,48355.17000000
1782352800000,0.88800000,0.89100000,0.88500000,0.88600000,52923.15000000
1782356400000,0.88500000,0.88600000,0.88000000,0.88200000,62301.27000000
1782360000000,0.88200000,0.89000000,0.87900000,0.88900000,81369.48000000
1782363600000,0.88900000,0.89900000,0.88900000,0.89300000,190331.16000000
1782367200000,0.89300000,0.89600000,0.89200000,0.89300000,77815.79000000
1782370800000,0.89400000,0.89500000,0.89000000,0.89200000,86358.60000000
1782374400000,0.89100000,0.89200000,0.88700000,0.88700000,60015.22000000
1782378000000,0.88700000,0.89100000,0.88600000,0.88900000,226497.67000000
1782381600000,0.88900000,0.88900000,0.88000000,0.88100000,99425.52000000
1782385200000,0.88100000,0.88100000,0.87600000,0.87700000,146591.73000000
1782388800000,0.87700000,0.88600000,0.87200000,0.87900000,193454.45000000
1782392400000,0.88000000,0.88700000,0.81900000,0.82300000,1401149.60000000
1782396000000,0.82400000,0.86000000,0.82400000,0.84600000,830147.58000000
1782399600000,0.84600000,0.85400000,0.83700000,0.85300000,318081.38000000
1782403200000,0.85300000,0.86200000,0.84200000,0.85000000,344279.14000000
1782406800000,0.85000000,0.86200000,0.85000000,0.86200000,305703.49000000
1782410400000,0.86200000,0.86400000,0.84500000,0.84800000,479221.65000000
1782414000000,0.84900000,0.84900000,0.83800000,0.84200000,239522.33000000
1782417600000,0.84300000,0.84900000,0.84000000,0.84100000,139464.83000000
1782421200000,0.84200000,0.85400000,0.84100000,0.85300000,101524.35000000
1782424800000,0.85300000,0.85300000,0.84200000,0.84300000,216657.21000000
1782428400000,0.84400000,0.85000000,0.84200000,0.84400000,153377.77000000
1782432000000,0.84300000,0.84700000,0.84000000,0.84100000,183932.16000000
1782435600000,0.84100000,0.84200000,0.82500000,0.82700000,369099.28000000
1782439200000,0.82800000,0.82800000,0.80500000,0.80800000,788816.95000000
1782442800000,0.80800000,0.83400000,0.80400000,0.83400000,819616.42000000
1782446400000,0.83400000,0.83400000,0.82700000,0.82800000,179590.50000000
1782450000000,0.82800000,0.83400000,0.82600000,0.83200000,143562.80000000
1782453600000,0.83200000,0.84000000,0.82500000,0.83800000,325213.94000000
1782457200000,0.83800000,0.84600000,0.83800000,0.84500000,357310.55000000
1782460800000,0.84500000,0.84600000,0.83500000,0.83800000,248192.88000000
1782464400000,0.83800000,0.84300000,0.83200000,0.83300000,184482.60000000
1782468000000,0.83300000,0.83400000,0.82800000,0.82900000,218641.95000000
1782471600000,0.83000000,0.83600000,0.82500000,0.82900000,213234.51000000
1782475200000,0.82900000,0.84200000,0.82500000,0.82900000,295000.36000000
1782478800000,0.82900000,0.85200000,0.82200000,0.85100000,459080.65000000
1782482400000,0.85000000,0.85500000,0.84100000,0.84300000,277645.31000000
1782486000000,0.84400000,0.85800000,0.84200000,0.85500000,334696.08000000
1782489600000,0.85600000,0.86300000,0.84800000,0.85700000,530823.77000000
1782493200000,0.85600000,0.86400000,0.85500000,0.85900000,212196.52000000
1782496800000,0.85900000,0.86800000,0.85300000,0.85500000,392509.10000000
1782500400000,0.85500000,0.86300000,0.85400000,0.85500000,137598.00000000
1782504000000,0.85500000,0.86500000,0.85400000,0.85500000,341211.66000000
1782507600000,0.85600000,0.85800000,0.85000000,0.85100000,107721.87000000
1782511200000,0.85100000,0.85400000,0.84800000,0.85400000,108327.79000000
1782514800000,0.85300000,0.85500000,0.85100000,0.85200000,90122.01000000
1782518400000,0.85300000,0.85600000,0.84600000,0.84900000,119812.14000000
1782522000000,0.84900000,0.84900000,0.84600000,0.84800000,59350.43000000
1782525600000,0.84800000,0.86100000,0.84700000,0.85800000,156732.57000000
1782529200000,0.85900000,0.86000000,0.85000000,0.85200000,193488.90000000
1782532800000,0.85200000,0.85700000,0.84900000,0.84900000,176818.15000000
1782536400000,0.85000000,0.85200000,0.84700000,0.85200000,67499.44000000
1782540000000,0.85100000,0.85100000,0.84500000,0.84600000,123740.27000000
1782543600000,0.84600000,0.84700000,0.84400000,0.84600000,106432.50000000
1782547200000,0.84500000,0.84600000,0.84200000,0.84400000,122121.20000000
1782550800000,0.84400000,0.84600000,0.84200000,0.84600000,82697.15000000
1782554400000,0.84600000,0.84700000,0.84200000,0.84300000,59586.84000000
1782558000000,0.84400000,0.84400000,0.83800000,0.84300000,160625.69000000
1782561600000,0.84300000,0.84400000,0.84000000,0.84300000,96811.62000000
1782565200000,0.84400000,0.84700000,0.84300000,0.84600000,83964.04000000
1782568800000,0.84500000,0.84900000,0.84300000,0.84400000,81677.97000000
1782572400000,0.84500000,0.85200000,0.84500000,0.84800000,168722.31000000
1782576000000,0.84700000,0.84800000,0.84300000,0.84400000,130739.74000000
1782579600000,0.84400000,0.84400000,0.83300000,0.83400000,320386.61000000
1782583200000,0.83400000,0.83500000,0.83200000,0.83400000,60711.87000000
1782586800000,0.83400000,0.83600000,0.82500000,0.82900000,184355.76000000
1782590400000,0.82900000,0.83200000,0.82900000,0.83000000,78247.36000000
1782594000000,0.83000000,0.83200000,0.82000000,0.82100000,326641.95000000
1782597600000,0.82100000,0.82200000,0.80800000,0.81700000,562262.81000000
1782601200000,0.81700000,0.82000000,0.81500000,0.81600000,202576.69000000
1782604800000,0.81600000,0.81900000,0.81000000,0.81000000,383043.21000000
1782608400000,0.81000000,0.81200000,0.80400000,0.81000000,218994.90000000
1782612000000,0.81000000,0.81600000,0.80900000,0.81500000,118992.24000000
1782615600000,0.81500000,0.82100000,0.81500000,0.81900000,211235.64000000
1782619200000,0.81900000,0.82200000,0.81700000,0.81900000,83632.82000000
1782622800000,0.82000000,0.82000000,0.81000000,0.81200000,139043.68000000
1782626400000,0.81200000,0.81300000,0.80700000,0.81200000,150752.36000000
1782630000000,0.81100000,0.81700000,0.81100000,0.81700000,108991.31000000
1782633600000,0.81700000,0.82200000,0.81400000,0.81800000,98731.44000000
1782637200000,0.81800000,0.82000000,0.80600000,0.80600000,190760.69000000
1782640800000,0.80600000,0.81000000,0.80500000,0.80700000,177189.06000000
1782644400000,0.80700000,0.81200000,0.80400000,0.81100000,224253.47000000
1782648000000,0.81100000,0.81600000,0.80800000,0.81100000,362544.91000000
1782651600000,0.81100000,0.81200000,0.79900000,0.80100000,587280.62000000
1782655200000,0.80200000,0.81200000,0.80100000,0.80900000,525566.39000000
1782658800000,0.80800000,0.81100000,0.80200000,0.81100000,533730.03000000
1782662400000,0.81100000,0.81400000,0.80500000,0.80900000,463017.62000000
1782666000000,0.80900000,0.81100000,0.80100000,0.80800000,191850.28000000
1782669600000,0.80800000,0.81000000,0.80300000,0.81000000,76201.19000000
1782673200000,0.80900000,0.81200000,0.80400000,0.80800000,181977.10000000
1782676800000,0.80800000,0.81500000,0.80700000,0.81300000,105948.22000000
1782680400000,0.81200000,0.81400000,0.79900000,0.80400000,138431.85000000
1782684000000,0.80400000,0.81500000,0.79500000,0.80200000,452803.52000000
1782687600000,0.80200000,0.81400000,0.80100000,0.81000000,159532.19000000
1782691200000,0.81100000,0.82000000,0.80600000,0.81900000,515858.74000000
1782694800000,0.81900000,0.82000000,0.81100000,0.81500000,210171.68000000
1782698400000,0.81400000,0.82400000,0.80800000,0.82200000,307931.54000000
1782702000000,0.82200000,0.82800000,0.82100000,0.82500000,223145.39000000
1782705600000,0.82400000,0.82600000,0.81700000,0.81700000,115787.67000000
1782709200000,0.81800000,0.82200000,0.81300000,0.82100000,114928.94000000
1782712800000,0.82100000,0.82600000,0.82000000,0.82400000,201071.08000000
1782716400000,0.82300000,0.82400000,0.81600000,0.81700000,357183.56000000
1782720000000,0.81600000,0.81800000,0.81100000,0.81300000,272287.28000000
1782723600000,0.81300000,0.82000000,0.81300000,0.81900000,193018.54000000
1782727200000,0.82000000,0.82300000,0.81900000,0.82000000,135687.19000000
1782730800000,0.82000000,0.82300000,0.81400000,0.81700000,350688.70000000
1782734400000,0.81700000,0.83100000,0.81100000,0.82200000,423261.63000000
1782738000000,0.82300000,0.82900000,0.81400000,0.82000000,347912.75000000
1782741600000,0.82000000,0.82100000,0.80900000,0.81900000,432616.87000000
1782745200000,0.82000000,0.82500000,0.81200000,0.82300000,214458.62000000
1782748800000,0.82200000,0.82600000,0.81800000,0.82500000,276734.59000000
1782752400000,0.82600000,0.84000000,0.82500000,0.83500000,647042.94000000
1782756000000,0.83500000,0.83600000,0.83000000,0.83200000,104329.67000000
1782759600000,0.83200000,0.83500000,0.83000000,0.83200000,104771.52000000
1782763200000,0.83100000,0.83200000,0.82600000,0.82600000,178926.34000000
1782766800000,0.82600000,0.83300000,0.82300000,0.83000000,153696.83000000
1782770400000,0.83000000,0.83100000,0.82500000,0.82600000,112004.23000000
1782774000000,0.82600000,0.82700000,0.82300000,0.82600000,83250.31000000
1782777600000,0.82500000,0.83300000,0.81600000,0.82100000,485425.10000000
1782781200000,0.82000000,0.82200000,0.81500000,0.81800000,344169.20000000
1782784800000,0.81700000,0.82000000,0.81300000,0.81800000,119041.86000000
1782788400000,0.81700000,0.82400000,0.81500000,0.81600000,264120.67000000
1782792000000,0.81600000,0.81900000,0.81400000,0.81800000,101968.34000000
1782795600000,0.81800000,0.81900000,0.81400000,0.81800000,86406.77000000
1782799200000,0.81800000,0.82000000,0.81700000,0.81700000,80882.84000000
1782802800000,0.81700000,0.82000000,0.81500000,0.81500000,151597.53000000
1782806400000,0.81500000,0.81700000,0.80900000,0.81400000,534058.52000000
1782810000000,0.81400000,0.81500000,0.81100000,0.81300000,194178.31000000
1782813600000,0.81300000,0.81600000,0.81100000,0.81400000,127362.75000000
1782817200000,0.81400000,0.81500000,0.80900000,0.81100000,224242.78000000
1782820800000,0.81100000,0.81200000,0.80200000,0.80300000,381774.83000000
1782824400000,0.80200000,0.81300000,0.80100000,0.81200000,455043.79000000
1782828000000,0.81100000,0.82200000,0.81000000,0.81500000,334267.18000000
1782831600000,0.81400000,0.82000000,0.81100000,0.81400000,217181.02000000
1782835200000,0.81500000,0.81900000,0.80800000,0.81700000,266173.86000000
1782838800000,0.81700000,0.82200000,0.81600000,0.81700000,208322.18000000
1782842400000,0.81700000,0.82500000,0.81600000,0.82400000,119025.18000000
1782846000000,0.82400000,0.82600000,0.82000000,0.82400000,179442.50000000
1782849600000,0.82400000,0.82600000,0.81600000,0.81900000,238176.11000000
1782853200000,0.81800000,0.82400000,0.81600000,0.82200000,212247.40000000
1782856800000,0.82300000,0.82500000,0.81600000,0.81800000,114773.83000000
1782860400000,0.81800000,0.82300000,0.81700000,0.82200000,44150.27000000
1782864000000,0.82200000,0.82500000,0.81900000,0.82200000,165332.68000000
1782867600000,0.82200000,0.82600000,0.80600000,0.82400000,437794.70000000
1782871200000,0.82400000,0.83400000,0.82300000,0.83100000,288924.75000000
1782874800000,0.83100000,0.84300000,0.82900000,0.83700000,324599.55000000
1782878400000,0.83700000,0.84200000,0.83500000,0.83900000,214582.63000000
1782882000000,0.83900000,0.84000000,0.83200000,0.83500000,93803.77000000
1782885600000,0.83500000,0.83500000,0.82800000,0.83300000,154692.32000000
1782889200000,0.83400000,0.83700000,0.83100000,0.83400000,146292.06000000
1782892800000,0.83400000,0.83800000,0.83000000,0.83800000,119907.68000000
1782896400000,0.83800000,0.84200000,0.83400000,0.83800000,182179.28000000
1782900000000,0.83700000,0.83900000,0.83400000,0.83400000,130955.39000000
1782903600000,0.83400000,0.83900000,0.83100000,0.83200000,207727.01000000
1782907200000,0.83300000,0.83300000,0.82700000,0.82800000,208852.34000000
1782910800000,0.82800000,0.84200000,0.82600000,0.84100000,386258.76000000
1782914400000,0.84100000,0.84600000,0.83700000,0.84000000,221609.24000000
1782918000000,0.84100000,0.85000000,0.84100000,0.84600000,325046.20000000
1782921600000,0.84600000,0.84700000,0.83800000,0.83900000,211130.15000000
1782925200000,0.83900000,0.84100000,0.83500000,0.83900000,101948.39000000
1782928800000,0.84000000,0.84200000,0.83300000,0.83600000,206816.87000000
1782932400000,0.83600000,0.83900000,0.83200000,0.83300000,89690.56000000
1782936000000,0.83300000,0.83800000,0.83100000,0.83600000,210469.41000000
1782939600000,0.83700000,0.84700000,0.83700000,0.84500000,173433.03000000
1782943200000,0.84500000,0.85000000,0.83800000,0.83800000,317761.92000000
1782946800000,0.83800000,0.83800000,0.82700000,0.82900000,374128.85000000
1782950400000,0.82800000,0.83000000,0.82500000,0.83000000,212010.41000000
1782954000000,0.83000000,0.84000000,0.82900000,0.83700000,81321.49000000
1782957600000,0.83800000,0.84300000,0.83700000,0.84000000,149943.34000000
1782961200000,0.84100000,0.85000000,0.83700000,0.84700000,399383.81000000
1782964800000,0.84800000,0.84900000,0.84300000,0.84700000,233353.71000000
1782968400000,0.84600000,0.84600000,0.83800000,0.83900000,172297.73000000
1782972000000,0.83900000,0.84200000,0.83500000,0.83800000,155677.90000000
1782975600000,0.83900000,0.84300000,0.83600000,0.84100000,150432.65000000
1782979200000,0.84000000,0.84800000,0.83900000,0.84800000,309209.74000000
1782982800000,0.84700000,0.85200000,0.84000000,0.84800000,557302.67000000
1782986400000,0.84800000,0.85000000,0.84600000,0.84700000,191577.50000000
1782990000000,0.84800000,0.85200000,0.84600000,0.85100000,309092.04000000
1782993600000,0.85000000,0.85800000,0.84900000,0.85100000,402074.94000000
1782997200000,0.85100000,0.86700000,0.84900000,0.86300000,889319.01000000
1783000800000,0.86400000,0.86800000,0.85400000,0.86000000,417124.55000000
1783004400000,0.86000000,0.86000000,0.85000000,0.85100000,302509.12000000
1783008000000,0.85100000,0.85400000,0.84500000,0.84900000,398353.78000000
1783011600000,0.84800000,0.85000000,0.84200000,0.84600000,271703.18000000
1783015200000,0.84500000,0.84800000,0.84400000,0.84500000,130006.08000000
1783018800000,0.84500000,0.84800000,0.84300000,0.84400000,296288.46000000
1783022400000,0.84500000,0.84600000,0.84200000,0.84400000,157752.09000000
1783026000000,0.84500000,0.84500000,0.83900000,0.84200000,119647.25000000
1783029600000,0.84100000,0.84200000,0.83700000,0.84000000,204649.93000000
1783033200000,0.84000000,0.84300000,0.83600000,0.84200000,130620.19000000
1783036800000,0.84200000,0.84200000,0.83700000,0.84000000,136151.29000000
1783040400000,0.83900000,0.85300000,0.83900000,0.85000000,137589.04000000
1783044000000,0.85000000,0.85200000,0.84600000,0.85200000,208478.35000000
1783047600000,0.85100000,0.85700000,0.84800000,0.85300000,179920.19000000
1783051200000,0.85300000,0.85400000,0.84600000,0.84900000,174944.84000000
1783054800000,0.84800000,0.85500000,0.84800000,0.85200000,122705.68000000
1783058400000,0.85200000,0.85700000,0.85200000,0.85500000,176237.54000000
1783062000000,0.85500000,0.85800000,0.85300000,0.85600000,83690.03000000
1783065600000,0.85600000,0.86300000,0.85500000,0.85800000,186997.22000000
1783069200000,0.85800000,0.86300000,0.85700000,0.86000000,223726.33000000
1783072800000,0.86000000,0.87000000,0.85900000,0.86600000,340197.23000000
1783076400000,0.86600000,0.87200000,0.86500000,0.87000000,229901.57000000
1783080000000,0.87000000,0.87200000,0.86300000,0.86600000,246794.79000000
1783083600000,0.86800000,0.87700000,0.86500000,0.87500000,499456.80000000
1783087200000,0.87600000,0.87700000,0.86800000,0.87200000,405866.22000000
1783090800000,0.87300000,0.87900000,0.87200000,0.87400000,364946.47000000
1783094400000,0.87400000,0.88300000,0.87400000,0.88100000,453133.36000000
1783098000000,0.88100000,0.88600000,0.88000000,0.88400000,363047.38000000
1783101600000,0.88400000,0.88500000,0.87800000,0.88300000,158595.64000000
1783105200000,0.88300000,0.88900000,0.88100000,0.88300000,270568.55000000
1783108800000,0.88300000,0.89100000,0.88200000,0.88600000,720314.00000000
1783112400000,0.88600000,0.89200000,0.88200000,0.88800000,220920.44000000
1783116000000,0.88800000,0.88800000,0.88200000,0.88300000,77205.49000000
1783119600000,0.88300000,0.88500000,0.87800000,0.88100000,239992.69000000
1783123200000,0.88100000,0.88500000,0.87600000,0.87800000,129770.19000000
1783126800000,0.87700000,0.87700000,0.86900000,0.87200000,212258.03000000
1783130400000,0.87100000,0.87800000,0.87000000,0.87700000,237617.39000000
1783134000000,0.87800000,0.88600000,0.87500000,0.88400000,162281.40000000
1783137600000,0.88300000,0.88700000,0.88000000,0.88300000,149420.39000000
1783141200000,0.88300000,0.88300000,0.87500000,0.87700000,157044.90000000
1783144800000,0.87600000,0.88000000,0.87300000,0.87600000,58253.66000000
1783148400000,0.87600000,0.87600000,0.87300000,0.87400000,143110.17000000
1783152000000,0.87400000,0.87500000,0.87200000,0.87400000,113244.80000000
1783155600000,0.87400000,0.87600000,0.86900000,0.86900000,106350.33000000
1783159200000,0.87000000,0.87100000,0.86700000,0.87000000,100328.76000000
1783162800000,0.86900000,0.87500000,0.86800000,0.87200000,184758.15000000
1783166400000,0.87200000,0.87700000,0.87200000,0.87400000,183536.73000000
1783170000000,0.87400000,0.87800000,0.86900000,0.87000000,107561.85000000
1783173600000,0.87000000,0.87800000,0.87000000,0.87700000,129720.98000000
1783177200000,0.87700000,0.89000000,0.87600000,0.88700000,464693.79000000
1783180800000,0.88800000,0.89300000,0.88400000,0.88900000,272273.27000000
1783184400000,0.88900000,0.90000000,0.88600000,0.89600000,276489.16000000
1783188000000,0.89700000,0.89900000,0.89400000,0.89800000,251629.26000000
1783191600000,0.89700000,0.90000000,0.89100000,0.89200000,334432.31000000
1783195200000,0.89200000,0.89500000,0.88700000,0.89000000,184989.63000000
1783198800000,0.88900000,0.89800000,0.88900000,0.89300000,92833.08000000
1783202400000,0.89300000,0.89400000,0.88500000,0.88800000,45458.67000000
1783206000000,0.88900000,0.88900000,0.87800000,0.88500000,214991.53000000
1783209600000,0.88400000,0.88400000,0.87800000,0.88000000,173056.16000000
1783213200000,0.88100000,0.88300000,0.87400000,0.87800000,113887.73000000
1783216800000,0.87700000,0.87700000,0.86800000,0.87100000,142201.62000000
1783220400000,0.87100000,0.87300000,0.86800000,0.87100000,127861.56000000
1783224000000,0.87000000,0.87400000,0.86800000,0.87100000,108996.64000000
1783227600000,0.87100000,0.87200000,0.86400000,0.86600000,96774.34000000
1783231200000,0.86700000,0.87000000,0.86400000,0.86900000,143624.07000000
1783234800000,0.86900000,0.87400000,0.86700000,0.87300000,79448.72000000
1783238400000,0.87300000,0.87400000,0.87000000,0.87100000,65663.31000000
1783242000000,0.87200000,0.87300000,0.86200000,0.86400000,280683.70000000
1783245600000,0.86300000,0.87000000,0.86000000,0.86700000,172845.21000000
1783249200000,0.86700000,0.87000000,0.86500000,0.86800000,91159.45000000
1783252800000,0.86700000,0.87500000,0.86500000,0.87200000,241524.90000000
1783256400000,0.87200000,0.87400000,0.86900000,0.87400000,127722.51000000
1783260000000,0.87400000,0.87900000,0.87200000,0.87800000,116350.31000000
1783263600000,0.87900000,0.88400000,0.87600000,0.87800000,192003.00000000
1783267200000,0.87800000,0.88000000,0.87400000,0.87700000,81667.15000000
1783270800000,0.87700000,0.88300000,0.87600000,0.87800000,191507.09000000
1783274400000,0.87800000,0.88500000,0.87700000,0.88200000,79181.39000000
1783278000000,0.88100000,0.88500000,0.88000000,0.88200000,74505.30000000
1783281600000,0.88300000,0.88300000,0.88000000,0.88200000,41089.75000000
1783285200000,0.88100000,0.88600000,0.87600000,0.88200000,207918.15000000
1783288800000,0.88100000,0.89100000,0.88000000,0.88500000,224192.77000000
1783292400000,0.88500000,0.89100000,0.87900000,0.88100000,129413.55000000
1783296000000,0.88200000,0.88200000,0.87400000,0.88200000,156492.37000000
1783299600000,0.88300000,0.88800000,0.87900000,0.88000000,142581.20000000
1783303200000,0.88000000,0.88200000,0.87500000,0.87800000,164414.90000000
1783306800000,0.87800000,0.87800000,0.87100000,0.87300000,184732.74000000
1783310400000,0.87300000,0.87500000,0.86900000,0.87000000,174777.64000000
1783314000000,0.87000000,0.87100000,0.86000000,0.86400000,306218.28000000
1783317600000,0.86400000,0.86700000,0.86200000,0.86600000,255060.30000000
1783321200000,0.86600000,0.87000000,0.86500000,0.86800000,118792.26000000
1783324800000,0.86900000,0.87200000,0.86600000,0.86800000,227457.39000000
1783328400000,0.86700000,0.86700000,0.86100000,0.86400000,228381.76000000
1783332000000,0.86400000,0.87100000,0.86300000,0.86900000,146639.11000000
1783335600000,0.86900000,0.87000000,0.86200000,0.86200000,115857.76000000
1783339200000,0.86200000,0.86200000,0.84800000,0.85400000,594890.75000000
1783342800000,0.85300000,0.86600000,0.84900000,0.86100000,409151.12000000
1783346400000,0.86100000,0.86800000,0.85900000,0.86200000,326647.58000000
1783350000000,0.86300000,0.88400000,0.86200000,0.88100000,567955.21000000
1783353600000,0.88100000,0.89800000,0.87900000,0.89000000,970039.93000000
1783357200000,0.89000000,0.89500000,0.88400000,0.88700000,267824.47000000
1783360800000,0.88800000,0.89400000,0.88500000,0.88900000,236670.72000000
1783364400000,0.89000000,0.89300000,0.88700000,0.88900000,359905.10000000
1783368000000,0.89000000,0.89000000,0.88500000,0.88700000,118075.47000000
1783371600000,0.88600000,0.90800000,0.88600000,0.89700000,737398.64000000
1783375200000,0.89700000,0.89800000,0.88900000,0.89000000,94431.79000000
1783378800000,0.89000000,0.89200000,0.88500000,0.88500000,129338.96000000
1783382400000,0.88600000,0.88700000,0.88200000,0.88500000,132809.05000000
1783386000000,0.88500000,0.88500000,0.87800000,0.88100000,159095.94000000
1783389600000,0.88100000,0.88200000,0.86900000,0.86900000,234695.76000000
1783393200000,0.86900000,0.87000000,0.85700000,0.86000000,377622.08000000
1783396800000,0.86000000,0.86200000,0.85800000,0.86100000,189845.49000000
1783400400000,0.86000000,0.86600000,0.85300000,0.86500000,831586.11000000
1783404000000,0.86400000,0.87000000,0.86300000,0.86900000,1124522.80000000
1783407600000,0.86900000,0.86900000,0.86100000,0.86100000,168210.11000000
1783411200000,0.86200000,0.86500000,0.86000000,0.86200000,120528.52000000
1783414800000,0.86200000,0.86500000,0.86100000,0.86300000,108548.74000000
1783418400000,0.86400000,0.86700000,0.86100000,0.86300000,186615.70000000
1783422000000,0.86300000,0.86700000,0.86000000,0.86600000,286719.14000000
1783425600000,0.86600000,0.87300000,0.86600000,0.86600000,209097.95000000
1783429200000,0.86600000,0.86700000,0.85900000,0.86000000,682479.02000000
1783432800000,0.86000000,0.86600000,0.85100000,0.86600000,309039.07000000
1783436400000,0.86500000,0.87600000,0.86300000,0.87400000,392443.28000000
1783440000000,0.87400000,0.87800000,0.86800000,0.87400000,437411.65000000
1783443600000,0.87500000,0.87600000,0.87000000,0.87400000,198119.78000000
1783447200000,0.87500000,0.87500000,0.86100000,0.86200000,320942.63000000
1783450800000,0.86100000,0.86500000,0.85500000,0.86500000,374103.09000000
1783454400000,0.86500000,0.86600000,0.85600000,0.85800000,192308.24000000
1783458000000,0.85800000,0.86100000,0.85100000,0.85300000,221987.30000000
1783461600000,0.85300000,0.85500000,0.84600000,0.85400000,339788.29000000
1783465200000,0.85300000,0.85500000,0.85000000,0.85000000,173459.82000000
1783468800000,0.85100000,0.85700000,0.85000000,0.85600000,306919.95000000
1783472400000,0.85700000,0.85700000,0.84000000,0.84100000,435232.61000000
1783476000000,0.84100000,0.84200000,0.83000000,0.83500000,460595.99000000
1783479600000,0.83500000,0.83900000,0.83200000,0.83300000,214474.96000000
1783483200000,0.83300000,0.83700000,0.83100000,0.83600000,142754.36000000
1783486800000,0.83500000,0.83900000,0.83300000,0.83500000,167297.56000000
1783490400000,0.83500000,0.83600000,0.83100000,0.83500000,182458.14000000
1783494000000,0.83600000,0.84200000,0.83200000,0.84000000,281270.47000000
1783497600000,0.84100000,0.84200000,0.82200000,0.82600000,787399.54000000
1783501200000,0.82700000,0.82900000,0.82200000,0.82600000,167254.86000000
1783504800000,0.82600000,0.83400000,0.82500000,0.83300000,118732.55000000
1783508400000,0.83300000,0.83800000,0.83000000,0.83400000,402459.32000000
1783512000000,0.83300000,0.83500000,0.82900000,0.82900000,203374.26000000
1783515600000,0.82900000,0.83300000,0.82300000,0.83000000,428245.74000000
1783519200000,0.83000000,0.83200000,0.81900000,0.82200000,665766.71000000
1783522800000,0.82300000,0.82300000,0.81500000,0.82000000,292100.01000000
1783526400000,0.82100000,0.82900000,0.81900000,0.82800000,399429.08000000
1783530000000,0.82900000,0.83200000,0.82400000,0.82500000,195416.47000000
1783533600000,0.82500000,0.82900000,0.82300000,0.82800000,224416.65000000
1783537200000,0.82800000,0.82800000,0.82300000,0.82600000,135082.55000000
1783540800000,0.82600000,0.82700000,0.82100000,0.82200000,310854.65000000
1783544400000,0.82100000,0.82600000,0.81800000,0.82500000,202425.66000000
1783548000000,0.82400000,0.82800000,0.82400000,0.82500000,230685.93000000
1783551600000,0.82500000,0.82700000,0.82300000,0.82700000,172075.10000000
1783555200000,0.82700000,0.82800000,0.82300000,0.82500000,164623.81000000
1783558800000,0.82600000,0.83500000,0.82500000,0.82700000,202415.88000000
1783562400000,0.82700000,0.83200000,0.82400000,0.82400000,137998.38000000
1783566000000,0.82300000,0.82800000,0.82100000,0.82700000,148048.41000000
1783569600000,0.82700000,0.83500000,0.82500000,0.83400000,188920.26000000
1783573200000,0.83500000,0.83900000,0.83200000,0.83700000,249800.07000000
1783576800000,0.83700000,0.83900000,0.83400000,0.83700000,236017.13000000
1783580400000,0.83700000,0.84000000,0.83200000,0.83500000,284281.52000000
1783584000000,0.83500000,0.83600000,0.83300000,0.83300000,311075.22000000
1783587600000,0.83400000,0.83400000,0.82900000,0.83100000,108162.68000000
1783591200000,0.83200000,0.83200000,0.82700000,0.83000000,114991.29000000
1783594800000,0.83000000,0.83400000,0.83000000,0.83300000,145869.97000000
1783598400000,0.83300000,0.83400000,0.82800000,0.82900000,430612.75000000
1783602000000,0.82900000,0.83500000,0.82500000,0.83500000,157946.36000000
1783605600000,0.83500000,0.83500000,0.82800000,0.83300000,377136.54000000
1783609200000,0.83300000,0.83400000,0.82700000,0.82900000,183159.70000000
1783612800000,0.82900000,0.83100000,0.82400000,0.82700000,169141.42000000
1783616400000,0.82600000,0.83100000,0.82500000,0.83000000,163567.12000000
1783620000000,0.83000000,0.83400000,0.82900000,0.83000000,262691.91000000
1783623600000,0.83000000,0.83000000,0.82500000,0.82600000,170244.33000000
1783627200000,0.82600000,0.82900000,0.82400000,0.82700000,105587.47000000
1783630800000,0.82600000,0.82800000,0.82500000,0.82700000,108504.60000000
1783634400000,0.82700000,0.82900000,0.82500000,0.82800000,51444.52000000
1783638000000,0.82700000,0.82900000,0.82300000,0.82600000,79119.80000000
1783641600000,0.82700000,0.82700000,0.82100000,0.82500000,140953.52000000
1783645200000,0.82500000,0.84200000,0.82300000,0.83600000,512257.88000000
1783648800000,0.83700000,0.84300000,0.83400000,0.84100000,172910.92000000
1783652400000,0.84100000,0.84900000,0.83900000,0.84500000,341598.86000000
1783656000000,0.84600000,0.84700000,0.84200000,0.84400000,96068.31000000
1783659600000,0.84300000,0.85100000,0.84300000,0.85000000,227574.86000000
1783663200000,0.84900000,0.85300000,0.84200000,0.84400000,469259.59000000
1783666800000,0.84300000,0.84900000,0.84200000,0.84800000,311415.90000000
1783670400000,0.84700000,0.86100000,0.84600000,0.85800000,433879.39000000
1783674000000,0.85800000,0.89300000,0.85300000,0.88200000,1621706.43000000
1783677600000,0.88300000,0.89500000,0.87500000,0.88300000,1459965.63000000
1783681200000,0.88200000,0.88800000,0.87600000,0.88400000,682989.68000000
1783684800000,0.88500000,0.88900000,0.87500000,0.87600000,881667.05000000
1783688400000,0.87600000,0.88800000,0.87600000,0.88500000,429552.23000000
1783692000000,0.88600000,0.88800000,0.86900000,0.87000000,747457.87000000
1783695600000,0.87100000,0.87700000,0.86700000,0.87500000,416230.63000000
1783699200000,0.87400000,0.88600000,0.87100000,0.88300000,447810.42000000
1783702800000,0.88300000,0.88400000,0.87600000,0.87600000,556703.56000000
1783706400000,0.87700000,0.88000000,0.86800000,0.86900000,296050.39000000
1783710000000,0.86800000,0.87700000,0.86800000,0.87400000,242554.93000000
1783713600000,0.87300000,0.87500000,0.86900000,0.87100000,193700.63000000
1783717200000,0.87100000,0.88300000,0.87000000,0.88000000,176158.32000000
1783720800000,0.88000000,0.88100000,0.87700000,0.87800000,126483.32000000
1783724400000,0.87800000,0.88000000,0.87600000,0.87700000,139125.40000000
1783728000000,0.87600000,0.88400000,0.87100000,0.88200000,275866.71000000
1783731600000,0.88200000,0.88200000,0.87600000,0.87800000,76932.87000000
1783735200000,0.87900000,0.88200000,0.87600000,0.87900000,109963.75000000
1783738800000,0.88000000,0.88500000,0.87800000,0.88300000,180872.37000000
1783742400000,0.88400000,0.88600000,0.87700000,0.87900000,124780.43000000
1783746000000,0.87900000,0.88200000,0.87600000,0.87700000,119618.10000000
1783749600000,0.87700000,0.88000000,0.87500000,0.87800000,160729.39000000
1783753200000,0.87700000,0.87800000,0.87500000,0.87500000,80526.67000000
1783756800000,0.87600000,0.88100000,0.87400000,0.88000000,105395.82000000
1783760400000,0.88000000,0.88300000,0.87700000,0.88000000,91697.17000000
1783764000000,0.88000000,0.88700000,0.87600000,0.87800000,316584.93000000
1783767600000,0.87800000,0.88200000,0.87700000,0.87900000,105390.10000000
1783771200000,0.88000000,0.88100000,0.87700000,0.87900000,134570.08000000
1783774800000,0.87800000,0.88100000,0.87500000,0.87800000,153204.50000000
1783778400000,0.87800000,0.88300000,0.87700000,0.87900000,170587.01000000
1783782000000,0.87900000,0.88700000,0.87700000,0.88000000,350282.56000000
1783785600000,0.87900000,0.88100000,0.87600000,0.88100000,129738.72000000
1783789200000,0.88000000,0.88300000,0.87900000,0.88000000,82858.00000000
1783792800000,0.88000000,0.88300000,0.87900000,0.88000000,68405.74000000
1783796400000,0.88100000,0.88200000,0.87700000,0.88000000,104819.50000000
1783800000000,0.88000000,0.88400000,0.87900000,0.88200000,46756.77000000
1783803600000,0.88300000,0.88500000,0.87500000,0.87700000,96592.80000000
1783807200000,0.87700000,0.87800000,0.86400000,0.86600000,538557.56000000
1783810800000,0.86500000,0.86700000,0.85000000,0.85400000,448128.07000000
1783814400000,0.85300000,0.85500000,0.84500000,0.85200000,599520.12000000
1783818000000,0.85200000,0.86000000,0.85100000,0.85900000,292485.88000000
1783821600000,0.85800000,0.85900000,0.85400000,0.85500000,124982.41000000
1783825200000,0.85500000,0.85900000,0.85400000,0.85800000,108723.24000000
1783828800000,0.85800000,0.85900000,0.85300000,0.85400000,101579.80000000
1783832400000,0.85500000,0.85600000,0.84900000,0.85400000,154661.23000000
1783836000000,0.85300000,0.85400000,0.84500000,0.84700000,174118.29000000
1783839600000,0.84700000,0.84900000,0.84600000,0.84700000,90650.87000000
1783843200000,0.84800000,0.85200000,0.84700000,0.84900000,120571.13000000
1783846800000,0.85000000,0.85000000,0.84300000,0.84800000,195099.08000000
1783850400000,0.84800000,0.84900000,0.84400000,0.84600000,115183.45000000
1783854000000,0.84700000,0.85100000,0.84300000,0.84900000,175613.62000000
1783857600000,0.84900000,0.85100000,0.84600000,0.84600000,68618.93000000
1783861200000,0.84600000,0.84700000,0.84200000,0.84300000,76666.84000000
1783864800000,0.84200000,0.84700000,0.84000000,0.84600000,278907.09000000
1783868400000,0.84500000,0.84700000,0.84300000,0.84600000,166312.80000000
1783872000000,0.84500000,0.84600000,0.84300000,0.84500000,83817.11000000
1783875600000,0.84500000,0.84500000,0.83400000,0.83700000,274213.84000000
1783879200000,0.83800000,0.84400000,0.83600000,0.84400000,337659.44000000
1783882800000,0.84300000,0.84500000,0.84300000,0.84500000,92605.71000000
1783886400000,0.84500000,0.85200000,0.84400000,0.85200000,202485.43000000
1783890000000,0.85200000,0.85400000,0.84800000,0.84900000,196119.35000000
1783893600000,0.84900000,0.84900000,0.84300000,0.84600000,233257.55000000
1783897200000,0.84600000,0.84700000,0.84400000,0.84400000,161087.71000000
1783900800000,0.84400000,0.86000000,0.84200000,0.84800000,729319.82000000
1783904400000,0.84800000,0.84800000,0.83100000,0.83200000,389543.22000000
1783908000000,0.83200000,0.83800000,0.83000000,0.83400000,427149.86000000
1783911600000,0.83300000,0.83500000,0.82500000,0.83000000,262476.39000000
1783915200000,0.82900000,0.83200000,0.82700000,0.83000000,154058.56000000
1783918800000,0.83000000,0.83600000,0.82800000,0.83400000,231575.50000000
1783922400000,0.83500000,0.83500000,0.83100000,0.83300000,112770.72000000
1783926000000,0.83400000,0.83900000,0.83200000,0.83800000,170925.87000000
1783929600000,0.83900000,0.83900000,0.83100000,0.83600000,107809.02000000
1783933200000,0.83700000,0.83700000,0.83200000,0.83200000,92016.51000000
1783936800000,0.83300000,0.83700000,0.83100000,0.83400000,97746.18000000
1783940400000,0.83400000,0.83800000,0.83000000,0.83200000,326457.07000000
1783944000000,0.83200000,0.83600000,0.82800000,0.83000000,364922.18000000
1783947600000,0.83000000,0.83100000,0.82600000,0.82800000,270292.70000000
1783951200000,0.82900000,0.83800000,0.82500000,0.83800000,635746.55000000
1783954800000,0.83800000,0.84000000,0.83500000,0.83800000,134253.15000000
1783958400000,0.83800000,0.84300000,0.83400000,0.83800000,460724.92000000
1783962000000,0.83900000,0.84100000,0.82600000,0.82700000,230089.34000000
1783965600000,0.82700000,0.83200000,0.82700000,0.83000000,91990.59000000
1783969200000,0.83100000,0.84100000,0.83000000,0.84000000,278819.66000000
1783972800000,0.84100000,0.84100000,0.83300000,0.83500000,206829.05000000
1783976400000,0.83600000,0.83600000,0.82800000,0.83200000,298019.03000000
1783980000000,0.83200000,0.83500000,0.83000000,0.83000000,62016.30000000
1783983600000,0.83100000,0.83800000,0.83000000,0.83600000,158885.67000000
1783987200000,0.83700000,0.84300000,0.83600000,0.84100000,501268.96000000
1783990800000,0.84200000,0.84200000,0.83400000,0.83500000,115205.68000000
1783994400000,0.83500000,0.83600000,0.83000000,0.83200000,279250.81000000
1783998000000,0.83200000,0.83600000,0.82800000,0.83600000,232623.13000000
1784001600000,0.83500000,0.83900000,0.83500000,0.83600000,99349.90000000
1784005200000,0.83700000,0.84900000,0.83600000,0.84500000,535512.33000000
1784008800000,0.84500000,0.84700000,0.83900000,0.84000000,467452.28000000
1784012400000,0.84100000,0.84900000,0.84000000,0.84400000,319947.99000000
1784016000000,0.84400000,0.84700000,0.84200000,0.84400000,108590.03000000
1784019600000,0.84300000,0.85000000,0.84300000,0.84400000,234361.73000000
1784023200000,0.84400000,0.84600000,0.83900000,0.84200000,356640.57000000
1784026800000,0.84200000,0.84300000,0.83700000,0.83700000,360373.92000000
1784030400000,0.83600000,0.84800000,0.83400000,0.84300000,1195453.30000000
1784034000000,0.84300000,0.85400000,0.84200000,0.85000000,672578.64000000
1784037600000,0.85000000,0.85400000,0.84600000,0.85200000,507224.30000000
1784041200000,0.85200000,0.86000000,0.85000000,0.85300000,587896.91000000
1784044800000,0.85300000,0.85900000,0.85100000,0.85600000,403621.39000000
1784048400000,0.85500000,0.85600000,0.84800000,0.85400000,366335.44000000
1784052000000,0.85400000,0.85600000,0.84900000,0.85000000,231274.62000000
1784055600000,0.84900000,0.85100000,0.84500000,0.85000000,220690.11000000
1784059200000,0.85000000,0.85100000,0.84400000,0.84600000,75792.62000000
1784062800000,0.84700000,0.85300000,0.84600000,0.85000000,143533.21000000
1784066400000,0.85000000,0.85400000,0.84600000,0.85100000,193501.29000000
1784070000000,0.85100000,0.85300000,0.84800000,0.85200000,317785.05000000
1784073600000,0.85300000,0.85800000,0.85100000,0.85600000,378550.38000000
1784077200000,0.85600000,0.86000000,0.85400000,0.85700000,235308.98000000
1784080800000,0.85700000,0.85900000,0.85100000,0.85200000,151602.77000000
1784084400000,0.85200000,0.85700000,0.84900000,0.85500000,253194.94000000
1784088000000,0.85500000,0.85600000,0.85000000,0.85200000,80354.09000000
1784091600000,0.85300000,0.85500000,0.84700000,0.85500000,94173.66000000
1784095200000,0.85600000,0.86200000,0.85400000,0.85700000,131194.31000000
1784098800000,0.85700000,0.85800000,0.85100000,0.85300000,219296.41000000
1784102400000,0.85400000,0.85500000,0.85000000,0.85300000,69312.59000000
1784106000000,0.85400000,0.85700000,0.85000000,0.85200000,207108.21000000
1784109600000,0.85200000,0.85500000,0.85000000,0.85100000,81726.03000000
1784113200000,0.85200000,0.85400000,0.84800000,0.85300000,105518.40000000
1784116800000,0.85300000,0.86400000,0.85000000,0.86300000,703290.60000000
1784120400000,0.86200000,0.86900000,0.85600000,0.86100000,764343.01000000
1784124000000,0.86100000,0.86300000,0.85600000,0.86000000,199965.15000000
1784127600000,0.86000000,0.86100000,0.85500000,0.85700000,242034.09000000
1784131200000,0.85600000,0.85700000,0.84200000,0.84900000,645393.23000000
1784134800000,0.84800000,0.85500000,0.84800000,0.85400000,149387.68000000
1784138400000,0.85500000,0.85800000,0.85300000,0.85500000,329866.54000000
1784142000000,0.85600000,0.85800000,0.83800000,0.84100000,811909.61000000
1784145600000,0.84100000,0.84800000,0.84000000,0.84600000,173834.94000000
1784149200000,0.84600000,0.84900000,0.84500000,0.84600000,288887.25000000
1784152800000,0.84600000,0.85100000,0.84600000,0.84700000,134905.75000000
1784156400000,0.84800000,0.84900000,0.84500000,0.84700000,87221.28000000
1784160000000,0.84700000,0.84900000,0.84100000,0.84400000,230335.11000000
1784163600000,0.84300000,0.84600000,0.83800000,0.84500000,143750.20000000
1784167200000,0.84500000,0.84900000,0.84300000,0.84900000,66503.71000000
1784170800000,0.84800000,0.85100000,0.84600000,0.85000000,151899.35000000
1784174400000,0.85000000,0.85100000,0.84100000,0.84200000,318294.66000000
1784178000000,0.84300000,0.84700000,0.84200000,0.84600000,172932.65000000
1784181600000,0.84600000,0.84600000,0.83800000,0.84200000,243251.88000000
1784185200000,0.84100000,0.84200000,0.83200000,0.83600000,271982.48000000
1784188800000,0.83600000,0.83900000,0.82800000,0.83400000,523809.81000000
1784192400000,0.83500000,0.83900000,0.83500000,0.83800000,103367.20000000
1784196000000,0.83700000,0.84100000,0.83700000,0.84100000,41564.92000000
1784199600000,0.84000000,0.84200000,0.83800000,0.84000000,278049.64000000
1784203200000,0.83900000,0.84100000,0.83500000,0.83600000,181936.60000000
1784206800000,0.83700000,0.84800000,0.83500000,0.84700000,300351.96000000
1784210400000,0.84800000,0.85200000,0.84700000,0.85100000,231996.08000000
1784214000000,0.85100000,0.86000000,0.84500000,0.85400000,402330.79000000
1784217600000,0.85500000,0.85800000,0.84300000,0.84700000,533741.84000000
1784221200000,0.84700000,0.85200000,0.84100000,0.84800000,308021.48000000
1784224800000,0.84800000,0.85600000,0.84800000,0.85500000,239394.06000000
1784228400000,0.85400000,0.85800000,0.85100000,0.85700000,165335.42000000
1784232000000,0.85700000,0.86100000,0.85200000,0.85200000,148999.94000000
1784235600000,0.85200000,0.87400000,0.85200000,0.86900000,577840.56000000
1784239200000,0.86900000,0.87200000,0.85500000,0.85700000,391281.95000000
1784242800000,0.85800000,0.85900000,0.85200000,0.85900000,188739.67000000
1784246400000,0.85900000,0.86700000,0.85600000,0.86500000,367864.07000000
1784250000000,0.86600000,0.86900000,0.86000000,0.86100000,497142.36000000
1784253600000,0.86200000,0.86600000,0.85300000,0.85500000,265189.54000000
1784257200000,0.85500000,0.86600000,0.85500000,0.86000000,349770.54000000
1784260800000,0.85900000,0.86200000,0.85600000,0.86000000,159314.60000000
1784264400000,0.85900000,0.86000000,0.84400000,0.84700000,371810.54000000
1784268000000,0.84600000,0.85200000,0.84400000,0.85200000,301413.33000000
1784271600000,0.85200000,0.85800000,0.84900000,0.85000000,552151.56000000
1784275200000,0.85000000,0.85500000,0.84200000,0.85100000,366597.81000000
1784278800000,0.85000000,0.85700000,0.85000000,0.85500000,216017.64000000
1784282400000,0.85500000,0.86200000,0.85500000,0.85900000,352739.47000000
1784286000000,0.85800000,0.85900000,0.85300000,0.85300000,112833.56000000
1784289600000,0.85400000,0.85500000,0.84600000,0.84600000,115820.61000000
1784293200000,0.84600000,0.84600000,0.83400000,0.84400000,532845.02000000
1784296800000,0.84500000,0.85000000,0.84300000,0.84600000,293003.54000000
1784300400000,0.84600000,0.85000000,0.83900000,0.85000000,506789.64000000
1784304000000,0.85000000,0.86500000,0.84700000,0.85700000,925499.20000000
1784307600000,0.85800000,0.86400000,0.85000000,0.85100000,536477.47000000
1784311200000,0.85000000,0.85800000,0.84900000,0.85600000,237154.54000000
1784314800000,0.85700000,0.85800000,0.85100000,0.85300000,73296.69000000
1784318400000,0.85300000,0.85600000,0.85100000,0.85300000,84732.07000000
1784322000000,0.85300000,0.85700000,0.85000000,0.85100000,118130.40000000
1784325600000,0.85100000,0.85200000,0.84800000,0.84900000,83621.99000000
1784329200000,0.84900000,0.85100000,0.84800000,0.84900000,80234.27000000
1784332800000,0.85000000,0.85400000,0.84800000,0.85100000,117017.78000000
1784336400000,0.85100000,0.85200000,0.84800000,0.84900000,73289.13000000
1784340000000,0.84800000,0.85000000,0.84700000,0.84900000,44365.07000000
1784343600000,0.84800000,0.85200000,0.84700000,0.85200000,50535.69000000
1784347200000,0.85200000,0.85300000,0.84900000,0.85000000,54411.58000000
1784350800000,0.85000000,0.85000000,0.84400000,0.84600000,103575.02000000
1784354400000,0.84600000,0.84900000,0.84400000,0.84600000,92322.15000000
1784358000000,0.84700000,0.84800000,0.84100000,0.84400000,255565.95000000
1784361600000,0.84400000,0.84500000,0.84100000,0.84300000,82762.03000000
1784365200000,0.84400000,0.84400000,0.83600000,0.83700000,164044.97000000
1784368800000,0.83800000,0.83900000,0.83600000,0.83700000,72746.32000000
1784372400000,0.83600000,0.83900000,0.83600000,0.83800000,84648.55000000
1784376000000,0.83800000,0.84000000,0.83500000,0.83900000,318057.50000000
1784379600000,0.83800000,0.83900000,0.83400000,0.83600000,132878.37000000
1784383200000,0.83600000,0.83600000,0.83000000,0.83400000,255635.02000000
1784386800000,0.83500000,0.83500000,0.83100000,0.83200000,258579.02000000
1784390400000,0.83300000,0.83500000,0.83000000,0.83200000,242303.52000000
1784394000000,0.83300000,0.83800000,0.83100000,0.83700000,123943.04000000
1784397600000,0.83600000,0.84100000,0.83500000,0.83500000,351945.06000000
1784401200000,0.83600000,0.83700000,0.83400000,0.83600000,80752.91000000
1784404800000,0.83600000,0.83800000,0.83400000,0.83600000,68974.73000000
1784408400000,0.83700000,0.83800000,0.83500000,0.83700000,198696.15000000
1784412000000,0.83800000,0.83800000,0.83500000,0.83600000,109318.85000000
1784415600000,0.83700000,0.83900000,0.83400000,0.83900000,387489.55000000
1784419200000,0.83900000,0.84100000,0.83300000,0.83400000,417420.44000000
1784422800000,0.83500000,0.83500000,0.83200000,0.83400000,77105.59000000
1784426400000,0.83400000,0.84000000,0.83400000,0.83800000,157426.12000000
1784430000000,0.83900000,0.83900000,0.83400000,0.83700000,48865.83000000
1784433600000,0.83800000,0.84100000,0.83600000,0.83800000,210168.57000000
1784437200000,0.83800000,0.83900000,0.83600000,0.83600000,50039.82000000
1784440800000,0.83600000,0.84000000,0.83400000,0.83800000,105242.12000000
1784444400000,0.83900000,0.84000000,0.83600000,0.83700000,57826.66000000
1784448000000,0.83800000,0.83900000,0.83400000,0.83500000,71162.69000000
1784451600000,0.83500000,0.83700000,0.83000000,0.83300000,145252.16000000
1784455200000,0.83200000,0.83600000,0.83100000,0.83300000,93470.86000000
1784458800000,0.83400000,0.83400000,0.83000000,0.83100000,82816.57000000
1784462400000,0.83000000,0.83100000,0.82300000,0.82800000,703036.11000000
1784466000000,0.82700000,0.82700000,0.82300000,0.82600000,467343.06000000
1784469600000,0.82500000,0.83000000,0.82400000,0.82600000,232680.95000000
1784473200000,0.82600000,0.82700000,0.82100000,0.82500000,436569.75000000
1784476800000,0.82500000,0.82600000,0.82200000,0.82200000,151919.14000000
1784480400000,0.82200000,0.82300000,0.80600000,0.81800000,1114850.65000000
1784484000000,0.81800000,0.81800000,0.81000000,0.81300000,325280.02000000
1784487600000,0.81400000,0.81700000,0.81100000,0.81700000,254469.87000000
1784491200000,0.81700000,0.81800000,0.81500000,0.81700000,206189.85000000
1784494800000,0.81800000,0.81800000,0.81500000,0.81600000,69782.54000000
1784498400000,0.81600000,0.82100000,0.81200000,0.81900000,281891.50000000
1784502000000,0.81800000,0.82000000,0.81500000,0.82000000,90689.99000000
1784505600000,0.82000000,0.82700000,0.81200000,0.81400000,454508.81000000
1784509200000,0.81400000,0.82100000,0.80800000,0.81000000,315093.04000000
1784512800000,0.81000000,0.81500000,0.80900000,0.81400000,176910.14000000
1784516400000,0.81500000,0.81700000,0.81200000,0.81400000,111745.90000000
1784520000000,0.81500000,0.81600000,0.80900000,0.81200000,92632.71000000
1784523600000,0.81200000,0.81300000,0.80300000,0.80800000,273056.22000000
1784527200000,0.80900000,0.81000000,0.80200000,0.80500000,179868.89000000
1784530800000,0.80500000,0.80900000,0.80200000,0.80700000,181555.50000000
1784534400000,0.80800000,0.80900000,0.80100000,0.80400000,263531.25000000
1784538000000,0.80300000,0.80700000,0.80300000,0.80600000,150109.58000000
1784541600000,0.80600000,0.81100000,0.80500000,0.80900000,218085.03000000
1784545200000,0.80900000,0.81700000,0.80500000,0.81600000,416246.45000000
1784548800000,0.81700000,0.81800000,0.81200000,0.81200000,210008.78000000
1784552400000,0.81200000,0.81800000,0.81100000,0.81300000,113498.05000000
1784556000000,0.81300000,0.81600000,0.80900000,0.81100000,119027.34000000
1784559600000,0.81200000,0.82600000,0.81100000,0.82200000,347175.92000000
1784563200000,0.82300000,0.82800000,0.81700000,0.82000000,430669.14000000
1784566800000,0.82000000,0.82700000,0.81900000,0.82400000,424787.50000000
1784570400000,0.82400000,0.82800000,0.82100000,0.82200000,114526.91000000
1784574000000,0.82300000,0.82600000,0.82100000,0.82400000,184887.20000000
1784577600000,0.82400000,0.83000000,0.82300000,0.82900000,121288.91000000
1784581200000,0.82800000,0.83200000,0.82600000,0.82600000,486856.99000000
1784584800000,0.82500000,0.82600000,0.82000000,0.82400000,93541.00000000
1784588400000,0.82400000,0.83100000,0.82300000,0.82700000,103804.84000000
1784592000000,0.82600000,0.83100000,0.82500000,0.82900000,133347.12000000
1784595600000,0.82900000,0.83200000,0.82700000,0.82700000,87055.00000000
1784599200000,0.82700000,0.83400000,0.82400000,0.83200000,113977.53000000
1784602800000,0.83300000,0.83800000,0.83300000,0.83800000,80744.95000000
1784606400000,0.83900000,0.84000000,0.83200000,0.83600000,101670.90000000
1784610000000,0.83500000,0.84800000,0.83500000,0.84600000,250912.83000000
1784613600000,0.84700000,0.86400000,0.84700000,0.85700000,734842.74000000
1784617200000,0.85700000,0.86300000,0.85300000,0.85600000,608404.92000000
1784620800000,0.85600000,0.86000000,0.85500000,0.85800000,504286.34000000
1784624400000,0.85700000,0.86700000,0.85600000,0.86600000,623702.52000000
1784628000000,0.86600000,0.86900000,0.85800000,0.86200000,418414.38000000
1784631600000,0.86200000,0.86300000,0.85500000,0.85800000,212954.23000000
1784635200000,0.85800000,0.86100000,0.85500000,0.86000000,128253.10000000
1784638800000,0.86000000,0.86300000,0.85700000,0.86000000,841730.66000000
1784642400000,0.86100000,0.86400000,0.85600000,0.85900000,306279.66000000
1784646000000,0.85900000,0.86000000,0.85200000,0.85700000,235010.88000000
1784649600000,0.85700000,0.85700000,0.85100000,0.85200000,156177.02000000
1784653200000,0.85300000,0.85700000,0.85000000,0.85500000,297086.45000000
1784656800000,0.85600000,0.85700000,0.85200000,0.85500000,113454.38000000
1784660400000,0.85600000,0.85900000,0.85300000,0.85600000,109413.21000000
1784664000000,0.85600000,0.85600000,0.85000000,0.85000000,66124.16000000
1784667600000,0.85100000,0.85600000,0.84900000,0.85200000,94768.40000000
1784671200000,0.85100000,0.85100000,0.84600000,0.84700000,232498.70000000
1784674800000,0.84700000,0.84800000,0.84300000,0.84700000,169073.35000000
1784678400000,0.84800000,0.85300000,0.84700000,0.85300000,339336.32000000
1784682000000,0.85200000,0.85300000,0.84900000,0.85300000,52857.05000000
1784685600000,0.85300000,0.85700000,0.85200000,0.85400000,207610.45000000
1784689200000,0.85400000,0.85800000,0.84800000,0.84800000,798775.85000000
1784692800000,0.84800000,0.85600000,0.84800000,0.85500000,121535.71000000
1784696400000,0.85400000,0.85500000,0.84200000,0.84400000,268989.58000000
1784700000000,0.84400000,0.84400000,0.83900000,0.84100000,99018.67000000
1784703600000,0.84100000,0.84200000,0.83800000,0.84000000,258336.53000000
1784707200000,0.84100000,0.84400000,0.84000000,0.84300000,78496.97000000
1784710800000,0.84200000,0.84300000,0.83600000,0.83800000,151673.87000000
1784714400000,0.83800000,0.84200000,0.83700000,0.84100000,81540.53000000
1784718000000,0.84100000,0.84100000,0.83700000,0.83800000,144314.44000000
1784721600000,0.83800000,0.83900000,0.83400000,0.83600000,205209.80000000
1784725200000,0.83700000,0.84200000,0.83400000,0.84100000,196518.71000000
1784728800000,0.84100000,0.84700000,0.83600000,0.83900000,122601.84000000
1784732400000,0.84000000,0.84600000,0.83900000,0.84400000,68956.92000000
1784736000000,0.84500000,0.85300000,0.84300000,0.85200000,311389.78000000
1784739600000,0.85300000,0.85400000,0.84300000,0.84500000,333165.49000000
1784743200000,0.84600000,0.84600000,0.83800000,0.84100000,144818.28000000
1784746800000,0.84100000,0.84300000,0.83600000,0.84200000,99348.97000000
1784750400000,0.84100000,0.84400000,0.84100000,0.84300000,54777.99000000
1784754000000,0.84300000,0.84400000,0.83800000,0.84000000,116113.73000000
1784757600000,0.84000000,0.84100000,0.83500000,0.83700000,79880.80000000
1784761200000,0.83700000,0.83700000,0.82900000,0.83600000,236512.74000000
1784764800000,0.83600000,0.84200000,0.83400000,0.83900000,125585.84000000
1784768400000,0.83900000,0.84000000,0.83100000,0.83200000,84418.13000000
1784772000000,0.83200000,0.83200000,0.82900000,0.83200000,147588.46000000
1784775600000,0.83200000,0.83200000,0.82100000,0.82200000,374782.82000000
1784779200000,0.82200000,0.82700000,0.82000000,0.82500000,68252.76000000
1784782800000,0.82500000,0.82600000,0.81900000,0.82100000,146643.17000000
1784786400000,0.82100000,0.82400000,0.82000000,0.82300000,71962.59000000
1784790000000,0.82300000,0.82300000,0.81800000,0.82000000,234381.22000000
1784793600000,0.82000000,0.82500000,0.81900000,0.82200000,105067.41000000
1784797200000,0.82200000,0.82300000,0.81700000,0.82000000,131117.25000000
1784800800000,0.82000000,0.82200000,0.81900000,0.82200000,98398.58000000
1784804400000,0.82300000,0.82300000,0.81700000,0.81900000,239014.83000000
1784808000000,0.81900000,0.82400000,0.81400000,0.81900000,356297.21000000
1784811600000,0.81800000,0.81900000,0.81300000,0.81500000,338654.50000000
1784815200000,0.81400000,0.82000000,0.81200000,0.81600000,288230.55000000
1784818800000,0.81500000,0.81600000,0.81100000,0.81500000,170678.83000000
1784822400000,0.81500000,0.81500000,0.81000000,0.81000000,99170.10000000
1784826000000,0.81000000,0.81400000,0.80500000,0.80700000,238431.11000000
1784829600000,0.80800000,0.81700000,0.80700000,0.81600000,163243.53000000
1784833200000,0.81500000,0.81900000,0.81200000,0.81600000,157341.05000000
1784836800000,0.81600000,0.82000000,0.81600000,0.81700000,40717.10000000
1784840400000,0.81600000,0.82000000,0.81500000,0.81700000,39033.82000000
1784844000000,0.81800000,0.81800000,0.81300000,0.81700000,65633.76000000
1784847600000,0.81700000,0.81900000,0.81500000,0.81500000,47966.34000000
1784851200000,0.81500000,0.81700000,0.81200000,0.81600000,95860.57000000
1784854800000,0.81600000,0.82000000,0.81500000,0.81700000,45292.77000000
1784858400000,0.81600000,0.81900000,0.81100000,0.81400000,188330.80000000
1784862000000,0.81400000,0.81800000,0.81300000,0.81500000,54184.21000000
1784865600000,0.81500000,0.81600000,0.81200000,0.81300000,64786.42000000
1784869200000,0.81400000,0.81700000,0.80900000,0.81100000,426745.83000000
1784872800000,0.81000000,0.81300000,0.80800000,0.81000000,382319.23000000
1784876400000,0.81000000,0.81500000,0.80800000,0.81200000,630597.85000000
1784880000000,0.81100000,0.81200000,0.80900000,0.81000000,105970.41000000
1784883600000,0.81000000,0.81100000,0.80600000,0.80700000,133081.66000000
1784887200000,0.80700000,0.80700000,0.80200000,0.80300000,219689.68000000
1784890800000,0.80200000,0.80500000,0.80000000,0.80400000,354967.41000000
1784894400000,0.80400000,0.80500000,0.79900000,0.80000000,352737.33000000
1784898000000,0.80000000,0.80000000,0.78700000,0.79600000,720869.58000000
1784901600000,0.79600000,0.79800000,0.79000000,0.79700000,227128.39000000
1784905200000,0.79600000,0.80100000,0.79400000,0.79900000,318772.73000000
1784908800000,0.79900000,0.80200000,0.79800000,0.80100000,325999.12000000
1784912400000,0.80100000,0.80500000,0.80000000,0.80400000,236086.49000000
1784916000000,0.80400000,0.80800000,0.80200000,0.80600000,204861.14000000
1784919600000,0.80600000,0.80800000,0.80500000,0.80700000,81767.27000000
1784923200000,0.80700000,0.80900000,0.80500000,0.80600000,115276.69000000
1784926800000,0.80500000,0.81100000,0.80200000,0.80600000,267773.18000000
1784930400000,0.80500000,0.80700000,0.80300000,0.80700000,102635.81000000
1784934000000,0.80600000,0.81000000,0.80600000,0.80800000,51590.85000000
1784937600000,0.80800000,0.81000000,0.80600000,0.80900000,85995.54000000
1784941200000,0.80900000,0.81100000,0.80800000,0.80900000,63067.33000000
1784944800000,0.80900000,0.81000000,0.80700000,0.80900000,48725.60000000
1784948400000,0.81000000,0.81300000,0.80900000,0.81100000,75266.35000000
1784952000000,0.81200000,0.81800000,0.81100000,0.81300000,127212.84000000
1784955600000,0.81300000,0.81800000,0.81100000,0.81600000,91478.72000000
1784959200000,0.81500000,0.81700000,0.80900000,0.81400000,97172.75000000
1784962800000,0.81300000,0.81500000,0.81000000,0.81100000,77092.93000000
1784966400000,0.81100000,0.81500000,0.80800000,0.81200000,207178.77000000
1784970000000,0.81100000,0.82000000,0.81100000,0.81600000,180757.13000000
1784973600000,0.81600000,0.81800000,0.81300000,0.81500000,64772.10000000
1784977200000,0.81500000,0.81700000,0.81200000,0.81500000,35765.72000000
1784980800000,0.81500000,0.81900000,0.81300000,0.81900000,155175.35000000
1784984400000,0.81800000,0.82500000,0.81700000,0.82300000,100261.32000000
1784988000000,0.82300000,0.82300000,0.81900000,0.82200000,114437.94000000
1784991600000,0.82200000,0.82400000,0.82000000,0.82200000,77726.37000000
1784995200000,0.82200000,0.82400000,0.82000000,0.82200000,83556.75000000
1784998800000,0.82300000,0.82300000,0.81700000,0.81700000,179241.10000000
1785002400000,0.81700000,0.82000000,0.81700000,0.81800000,35705.91000000
1785006000000,0.81700000,0.81800000,0.81600000,0.81700000,106584.88000000
1785009600000,0.81700000,0.81700000,0.81500000,0.81500000,51956.13000000
1785013200000,0.81500000,0.82000000,0.81300000,0.81700000,79132.41000000
1785016800000,0.81700000,0.81800000,0.81500000,0.81800000,57167.16000000
1785020400000,0.81800000,0.81800000,0.81400000,0.81400000,50748.31000000
1785024000000,0.81400000,0.81800000,0.81300000,0.81600000,71089.55000000
1785027600000,0.81700000,0.81800000,0.81500000,0.81600000,44472.11000000
1785031200000,0.81600000,0.82100000,0.81400000,0.82000000,46747.34000000
1785034800000,0.81900000,0.82200000,0.81800000,0.82000000,223866.37000000
1785038400000,0.81900000,0.82400000,0.81800000,0.82300000,183824.33000000
1785042000000,0.82300000,0.82700000,0.82000000,0.82400000,308480.07000000
1785045600000,0.82400000,0.82600000,0.82000000,0.82500000,134527.31000000
1785049200000,0.82600000,0.82900000,0.82300000,0.82600000,125238.60000000
1785052800000,0.82600000,0.82600000,0.82300000,0.82500000,62753.35000000
1785056400000,0.82500000,0.83000000,0.82300000,0.82900000,109207.64000000
1785060000000,0.82900000,0.83100000,0.82400000,0.82500000,145412.35000000
1785063600000,0.82500000,0.82800000,0.82500000,0.82500000,90194.74000000
1785067200000,0.82400000,0.82900000,0.82400000,0.82600000,125927.98000000
1785070800000,0.82600000,0.82600000,0.82100000,0.82300000,206789.10000000
1785074400000,0.82300000,0.82700000,0.82100000,0.82200000,93010.65000000
1785078000000,0.82200000,0.82600000,0.82100000,0.82500000,205916.35000000
1785081600000,0.82500000,0.82800000,0.82100000,0.82400000,95750.72000000
1785085200000,0.82300000,0.82600000,0.82100000,0.82100000,145579.49000000
1785088800000,0.82200000,0.82200000,0.81800000,0.81900000,173197.92000000
1785092400000,0.81800000,0.82000000,0.81700000,0.81900000,66145.97000000
1785096000000,0.81900000,0.81900000,0.81700000,0.81800000,41477.18000000
1785099600000,0.81700000,0.82000000,0.81700000,0.81900000,85704.29000000
1785103200000,0.81900000,0.83000000,0.81900000,0.82900000,262042.87000000
1785106800000,0.82900000,0.83200000,0.82500000,0.82800000,163497.76000000
1785110400000,0.82800000,0.82900000,0.82300000,0.82400000,242254.03000000
1785114000000,0.82400000,0.82600000,0.81400000,0.82000000,168003.19000000
1785117600000,0.82100000,0.82100000,0.81500000,0.81700000,79067.63000000
1785121200000,0.81700000,0.82000000,0.81600000,0.81800000,56614.56000000
1785124800000,0.81700000,0.82100000,0.81500000,0.81600000,126165.07000000
1785128400000,0.81500000,0.81800000,0.81400000,0.81700000,144247.74000000
1785132000000,0.81700000,0.82100000,0.81600000,0.81800000,135398.53000000
1785135600000,0.81700000,0.81900000,0.81500000,0.81500000,81637.18000000
1785139200000,0.81500000,0.81500000,0.80800000,0.81000000,247301.68000000
1785142800000,0.80900000,0.81200000,0.80700000,0.81000000,144990.80000000
1785146400000,0.81000000,0.81400000,0.81000000,0.81100000,291572.04000000
1785150000000,0.81100000,0.81100000,0.80600000,0.80700000,194218.67000000
1785153600000,0.80700000,0.81000000,0.80300000,0.80900000,253469.67000000
1785157200000,0.80900000,0.81300000,0.80500000,0.80600000,141947.03000000
1785160800000,0.80700000,0.80700000,0.78900000,0.79500000,903624.45000000
1785164400000,0.79400000,0.79600000,0.79100000,0.79300000,216999.57000000
1785168000000,0.79200000,0.79900000,0.79100000,0.79600000,553923.19000000
1785171600000,0.79600000,0.79700000,0.79300000,0.79500000,185673.32000000
1785175200000,0.79600000,0.79600000,0.78800000,0.79100000,257537.32000000
1785178800000,0.79200000,0.79600000,0.79100000,0.79300000,83769.16000000
1785182400000,0.79400000,0.79600000,0.79100000,0.79300000,115280.80000000
1785186000000,0.79300000,0.79400000,0.79100000,0.79200000,93560.19000000
1785189600000,0.79200000,0.79200000,0.75200000,0.75600000,2170757.55000000
1785193200000,0.75500000,0.75900000,0.74800000,0.75900000,638345.06000000
1785196800000,0.75900000,0.76200000,0.75600000,0.75900000,256633.75000000
1785200400000,0.75900000,0.76100000,0.75100000,0.75900000,200754.81000000
1785204000000,0.75900000,0.76300000,0.75800000,0.76200000,94092.62000000
1785207600000,0.76300000,0.76300000,0.75900000,0.76200000,137537.26000000
1785211200000,0.76100000,0.76400000,0.76000000,0.76300000,135570.37000000
1785214800000,0.76200000,0.77200000,0.76200000,0.77000000,375441.25000000
1785218400000,0.77100000,0.77200000,0.76400000,0.76500000,1344227.99000000
1785222000000,0.76500000,0.76500000,0.75500000,0.75900000,1171537.37000000
1785225600000,0.75900000,0.76200000,0.75800000,0.76100000,116978.64000000
1785229200000,0.76100000,0.76500000,0.75900000,0.76400000,199412.68000000
1785232800000,0.76400000,0.76600000,0.76100000,0.76300000,142378.89000000
1785236400000,0.76300000,0.76400000,0.75800000,0.76000000,159024.56000000
1785240000000,0.76000000,0.76500000,0.75700000,0.76300000,257642.06000000
1785243600000,0.76200000,0.76300000,0.74900000,0.75700000,477799.20000000
1785247200000,0.75700000,0.75900000,0.75400000,0.75600000,301801.13000000
1785250800000,0.75600000,0.76600000,0.75400000,0.76300000,268883.30000000
1785254400000,0.76300000,0.76400000,0.75800000,0.76200000,148173.97000000
1785258000000,0.76100000,0.76200000,0.75500000,0.75700000,111844.28000000
1785261600000,0.75800000,0.76100000,0.75700000,0.75800000,120649.95000000
1785265200000,0.75900000,0.76600000,0.75900000,0.76300000,238843.14000000
1785268800000,0.76400000,0.76500000,0.76100000,0.76500000,120323.15000000
1785272400000,0.76400000,0.76900000,0.76400000,0.76700000,319478.79000000
1785276000000,0.76700000,0.76800000,0.76000000,0.76100000,118332.27000000
1785279600000,0.76000000,0.76300000,0.75800000,0.76100000,158296.54000000
1785283200000,0.76100000,0.76700000,0.76100000,0.76500000,354413.81000000
1785286800000,0.76400000,0.76400000,0.75400000,0.75400000,289570.83000000
1785290400000,0.75400000,0.76500000,0.75300000,0.76300000,203023.14000000
1785294000000,0.76300000,0.76600000,0.75800000,0.75800000,236003.47000000
1785297600000,0.75900000,0.76300000,0.75400000,0.76100000,268908.19000000
1785301200000,0.76100000,0.76400000,0.75900000,0.76200000,85651.36000000
1785304800000,0.76200000,0.76600000,0.76000000,0.76400000,191297.43000000
1785308400000,0.76300000,0.76500000,0.76200000,0.76500000,88036.96000000
1785312000000,0.76500000,0.76500000,0.76000000,0.76200000,114120.62000000
1785315600000,0.76300000,0.76600000,0.76200000,0.76500000,145022.31000000
1785319200000,0.76400000,0.76600000,0.76100000,0.76100000,168889.79000000
1785322800000,0.76200000,0.76500000,0.75800000,0.76100000,133789.54000000
1785326400000,0.76200000,0.76300000,0.75900000,0.76000000,149962.26000000
1785330000000,0.76000000,0.76300000,0.75800000,0.76100000,188365.15000000
1785333600000,0.76200000,0.76300000,0.75500000,0.76100000,189424.60000000
1785337200000,0.76000000,0.76200000,0.75800000,0.75900000,152936.28000000
1785340800000,0.75900000,0.76500000,0.75600000,0.75800000,385632.22000000
1785344400000,0.75800000,0.76600000,0.75800000,0.76600000,206981.39000000
1785348000000,0.76600000,0.77700000,0.76300000,0.77500000,677182.88000000
1785351600000,0.77600000,0.77700000,0.75800000,0.75900000,341890.57000000
1785355200000,0.76000000,0.76300000,0.75400000,0.75600000,348538.46000000
1785358800000,0.75600000,0.76200000,0.75200000,0.76200000,262876.70000000
1785362400000,0.76200000,0.76600000,0.76000000,0.76200000,188925.69000000
1785366000000,0.76200000,0.76400000,0.76100000,0.76400000,91078.56000000
1785369600000,0.76300000,0.76600000,0.76100000,0.76200000,171467.13000000
1785373200000,0.76300000,0.77300000,0.76300000,0.77000000,376949.37000000
1785376800000,0.77100000,0.77200000,0.76600000,0.76700000,130400.85000000
1785380400000,0.76700000,0.76900000,0.76500000,0.76600000,99382.65000000
1785384000000,0.76600000,0.76700000,0.76300000,0.76400000,84029.79000000
1785387600000,0.76300000,0.76700000,0.76200000,0.76600000,74537.83000000
1785391200000,0.76700000,0.76800000,0.76500000,0.76700000,65311.18000000
1785394800000,0.76700000,0.76800000,0.76400000,0.76600000,96494.38000000
1785398400000,0.76600000,0.77000000,0.76600000,0.76800000,58168.35000000
1785402000000,0.76900000,0.77000000,0.76700000,0.76800000,64369.85000000
1785405600000,0.76800000,0.77100000,0.76700000,0.76800000,84488.75000000
1785409200000,0.76700000,0.76900000,0.76600000,0.76800000,88497.98000000
1785412800000,0.76800000,0.77000000,0.76600000,0.76700000,104533.76000000
1785416400000,0.76700000,0.77000000,0.76300000,0.77000000,243923.27000000
1785420000000,0.77000000,0.77300000,0.76800000,0.77100000,240993.30000000
1785423600000,0.77100000,0.77200000,0.76400000,0.76900000,167789.97000000
1785427200000,0.76800000,0.77300000,0.76700000,0.77200000,156193.70000000
1785430800000,0.77100000,0.77500000,0.76900000,0.77300000,123842.28000000
1785434400000,0.77400000,0.77700000,0.77300000,0.77300000,129726.25000000
1785438000000,0.77400000,0.77800000,0.77300000,0.77700000,71164.69000000
1785441600000,0.77600000,0.77900000,0.77200000,0.77300000,188202.92000000
1785445200000,0.77300000,0.77600000,0.77100000,0.77400000,77079.48000000
1785448800000,0.77300000,0.77500000,0.77200000,0.77200000,61690.84000000
1785452400000,0.77200000,0.77300000,0.76800000,0.76800000,91048.66000000
1785456000000,0.76900000,0.77000000,0.76700000,0.76800000,315447.42000000
1785459600000,0.76900000,0.77500000,0.76800000,0.76800000,164486.57000000
1785463200000,0.76800000,0.76900000,0.76400000,0.76500000,151990.98000000
1785466800000,0.76600000,0.77000000,0.76300000,0.76900000,172979.45000000
1785470400000,0.76900000,0.76900000,0.76600000,0.76800000,98307.76000000
1785474000000,0.76800000,0.77000000,0.76700000,0.76900000,75764.89000000
1785477600000,0.76900000,0.77000000,0.76700000,0.77000000,113038.48000000
1785481200000,0.77000000,0.77300000,0.76500000,0.77200000,186120.81000000
1785484800000,0.77100000,0.77100000,0.76600000,0.76700000,156793.71000000
1785488400000,0.76700000,0.76700000,0.76100000,0.76200000,152651.11000000
1785492000000,0.76200000,0.76400000,0.75800000,0.76200000,192514.63000000
1785495600000,0.76300000,0.76500000,0.75800000,0.75900000,214278.79000000
1785499200000,0.75900000,0.76100000,0.75600000,0.76000000,72400.22000000
1785502800000,0.76100000,0.76200000,0.75500000,0.75700000,300354.22000000
1785506400000,0.75800000,0.75800000,0.74300000,0.75500000,1082751.31000000
1785510000000,0.75500000,0.75900000,0.75400000,0.75800000,295869.57000000
1785513600000,0.75700000,0.76300000,0.75600000,0.76200000,145587.10000000
1785517200000,0.76300000,0.77000000,0.76200000,0.76900000,181233.28000000
1785520800000,0.76900000,0.76900000,0.76400000,0.76800000,130317.77000000
1785524400000,0.76900000,0.77000000,0.76000000,0.76200000,95096.20000000
1785528000000,0.76200000,0.76500000,0.76000000,0.76100000,106357.91000000
1785531600000,0.76100000,0.76600000,0.76100000,0.76200000,125410.76000000
1785535200000,0.76200000,0.76300000,0.75900000,0.75900000,77158.04000000
1785538800000,0.75900000,0.76000000,0.75800000,0.75900000,28160.02000000
1785542400000,0.75900000,0.76100000,0.75800000,0.75800000,137981.51000000
1785546000000,0.75900000,0.76300000,0.75900000,0.76300000,118568.56000000
1785549600000,0.76300000,0.76600000,0.76200000,0.76500000,77014.71000000
1785553200000,0.76500000,0.76500000,0.76300000,0.76500000,44920.23000000
1785556800000,0.76500000,0.76700000,0.76400000,0.76700000,28081.99000000
1785560400000,0.76600000,0.76800000,0.76300000,0.76400000,51810.00000000
1785564000000,0.76400000,0.76400000,0.76100000,0.76200000,84475.63000000
1785567600000,0.76200000,0.76400000,0.76100000,0.76100000,31538.44000000
1785571200000,0.76100000,0.76300000,0.76100000,0.76200000,37924.58000000
1785574800000,0.76200000,0.76700000,0.76100000,0.76600000,147216.42000000
1785578400000,0.76500000,0.76600000,0.76100000,0.76300000,79534.49000000
1785582000000,0.76200000,0.76700000,0.76200000,0.76600000,85751.36000000
1785585600000,0.76700000,0.77100000,0.76700000,0.77000000,291652.23000000
1785589200000,0.77100000,0.77300000,0.76800000,0.77000000,195607.54000000
1785592800000,0.77000000,0.78500000,0.76900000,0.78200000,650642.99000000
1785596400000,0.78200000,0.78200000,0.77600000,0.77700000,361215.68000000
1785600000000,0.77800000,0.78100000,0.77600000,0.77900000,188045.33000000
1785603600000,0.77900000,0.78200000,0.77200000,0.77500000,254182.11000000
1785607200000,0.77400000,0.77600000,0.76300000,0.77000000,381199.95000000
1785610800000,0.77100000,0.77300000,0.76900000,0.77100000,119067.78000000
1785614400000,0.77100000,0.77400000,0.76900000,0.77200000,90796.09000000
1785618000000,0.77300000,0.78000000,0.77300000,0.77900000,122007.25000000
1785621600000,0.78000000,0.78200000,0.77900000,0.77900000,157549.40000000
1785625200000,0.77900000,0.78300000,0.77800000,0.78200000,171350.38000000
1785628800000,0.78200000,0.78700000,0.78100000,0.78600000,276323.84000000
1785632400000,0.78700000,0.79400000,0.78600000,0.79100000,474801.33000000
1785636000000,0.79100000,0.79900000,0.78800000,0.79800000,929090.57000000
1785639600000,0.79800000,0.79900000,0.79000000,0.79000000,182444.24000000
1785643200000,0.79100000,0.79500000,0.78800000,0.79500000,127833.91000000
1785646800000,0.79500000,0.79700000,0.79100000,0.79400000,161005.07000000
1785650400000,0.79500000,0.79600000,0.79000000,0.79200000,188494.00000000
1785654000000,0.79100000,0.79600000,0.78900000,0.79500000,143303.36000000
1785657600000,0.79500000,0.79700000,0.79100000,0.79600000,150803.74000000
1785661200000,0.79600000,0.80200000,0.79300000,0.79900000,321740.37000000
1785664800000,0.79900000,0.80000000,0.79400000,0.79500000,260720.56000000
1785668400000,0.79500000,0.79500000,0.79200000,0.79300000,101622.98000000
1785672000000,0.79400000,0.79600000,0.79300000,0.79600000,141516.81000000
1785675600000,0.79600000,0.80100000,0.79400000,0.79900000,147815.97000000
1785679200000,0.79900000,0.80100000,0.79700000,0.79700000,141315.80000000
1785682800000,0.79800000,0.79800000,0.79300000,0.79300000,237772.65000000
1785686400000,0.79400000,0.79600000,0.79000000,0.79400000,332664.74000000
1785690000000,0.79400000,0.80000000,0.79400000,0.79800000,65294.43000000
1785693600000,0.79800000,0.80100000,0.79600000,0.79800000,74924.11000000
1785697200000,0.79700000,0.79900000,0.79700000,0.79800000,106143.38000000
1785700800000,0.79700000,0.79800000,0.79500000,0.79600000,35017.81000000
1785704400000,0.79700000,0.79900000,0.79600000,0.79700000,136149.81000000
1785708000000,0.79700000,0.79900000,0.79400000,0.79800000,131162.77000000
1785711600000,0.79800000,0.79900000,0.79600000,0.79900000,74881.98000000
1785715200000,0.79900000,0.79900000,0.79500000,0.79700000,132462.97000000
1785718800000,0.79800000,0.79800000,0.79100000,0.79300000,70804.87000000
1785722400000,0.79300000,0.79500000,0.79000000,0.79100000,108974.86000000
1785726000000,0.79000000,0.79100000,0.78700000,0.79000000,110867.66000000
1785729600000,0.78900000,0.79400000,0.78800000,0.79100000,82451.00000000
1785733200000,0.79100000,0.79700000,0.78900000,0.79600000,157376.99000000
1785736800000,0.79700000,0.79900000,0.79300000,0.79500000,111016.55000000
1785740400000,0.79400000,0.79700000,0.79300000,0.79400000,167920.88000000
1785744000000,0.79300000,0.79800000,0.79000000,0.79700000,203035.21000000
1785747600000,0.79700000,0.80700000,0.79600000,0.80400000,212204.08000000
1785751200000,0.80500000,0.80700000,0.80100000,0.80400000,162870.45000000
1785754800000,0.80400000,0.80800000,0.80000000,0.80700000,186968.81000000
1785758400000,0.80600000,0.81500000,0.80500000,0.81400000,301431.55000000
1785762000000,0.81400000,0.82900000,0.81200000,0.82700000,676203.56000000
1785765600000,0.82800000,0.82900000,0.82000000,0.82400000,434316.15000000
1785769200000,0.82500000,0.82800000,0.81500000,0.82600000,589170.09000000
1785772800000,0.82500000,0.82700000,0.82200000,0.82600000,236284.12000000
1785776400000,0.82600000,0.83100000,0.82400000,0.82800000,181763.27000000
1785780000000,0.82900000,0.83200000,0.82600000,0.83100000,132807.60000000
1785783600000,0.83200000,0.83200000,0.82400000,0.82500000,96637.63000000
1785787200000,0.82500000,0.82500000,0.81900000,0.82200000,218988.77000000
1785790800000,0.82200000,0.82500000,0.82000000,0.82300000,94422.32000000
1785794400000,0.82400000,0.82600000,0.82100000,0.82400000,215450.77000000
1785798000000,0.82300000,0.82500000,0.82000000,0.82500000,121404.01000000
1785801600000,0.82400000,0.82600000,0.82000000,0.82200000,106263.36000000
1785805200000,0.82200000,0.83900000,0.82200000,0.83700000,382919.52000000
1785808800000,0.83700000,0.84800000,0.83700000,0.84300000,334104.81000000
1785812400000,0.84300000,0.84600000,0.83800000,0.84000000,314844.53000000
1785816000000,0.84000000,0.84100000,0.83600000,0.83900000,134534.89000000
1785819600000,0.83800000,0.84000000,0.83300000,0.83600000,158820.32000000
1785823200000,0.83600000,0.83800000,0.83300000,0.83400000,208765.28000000
1785826800000,0.83300000,0.83700000,0.83000000,0.83700000,82630.79000000
1785830400000,0.83600000,0.83900000,0.83000000,0.83600000,281509.06000000
1785834000000,0.83600000,0.83900000,0.83200000,0.83700000,261099.77000000
1785837600000,0.83800000,0.83800000,0.83200000,0.83500000,113110.15000000
1785841200000,0.83600000,0.83600000,0.83200000,0.83300000,80544.12000000
1785844800000,0.83300000,0.83300000,0.82700000,0.83100000,173145.99000000
1785848400000,0.83000000,0.83200000,0.82600000,0.82600000,273876.40000000
1785852000000,0.82600000,0.83100000,0.82500000,0.83000000,112955.68000000
1785855600000,0.83000000,0.83600000,0.82800000,0.83300000,163653.22000000
1785859200000,0.83300000,0.84600000,0.83300000,0.84300000,418190.48000000
1785862800000,0.84300000,0.84300000,0.83600000,0.83700000,207752.51000000
1785866400000,0.83700000,0.84500000,0.83700000,0.84300000,91486.96000000
1785870000000,0.84300000,0.84400000,0.83900000,0.84100000,76080.56000000
1785873600000,0.84200000,0.84800000,0.84100000,0.84600000,248952.80000000
1785877200000,0.84700000,0.86200000,0.84400000,0.85300000,558678.42000000
1785880800000,0.85300000,0.87000000,0.85200000,0.86600000,518832.82000000
1785884400000,0.86700000,0.86900000,0.85600000,0.85700000,355804.51000000
1785888000000,0.85700000,0.87000000,0.85500000,0.86400000,474961.39000000
1785891600000,0.86400000,0.86500000,0.85700000,0.85800000,160903.42000000
1785895200000,0.85900000,0.86100000,0.85600000,0.85600000,148118.91000000
1785898800000,0.85600000,0.85700000,0.84400000,0.84600000,441929.27000000
1785902400000,0.84700000,0.84800000,0.84500000,0.84700000,98669.12000000
1785906000000,0.84700000,0.84900000,0.84600000,0.84800000,113904.91000000
1785909600000,0.84700000,0.85400000,0.84600000,0.85400000,165951.23000000
1785913200000,0.85300000,0.85500000,0.85100000,0.85500000,99644.08000000
1785916800000,0.85600000,0.85700000,0.85200000,0.85500000,152837.02000000
1785920400000,0.85500000,0.85800000,0.85100000,0.85100000,145929.26000000
1785924000000,0.85000000,0.85200000,0.84700000,0.85000000,102165.22000000
1785927600000,0.85100000,0.85400000,0.85000000,0.85200000,66839.48000000
1785931200000,0.85200000,0.85200000,0.84600000,0.84700000,126093.76000000
1785934800000,0.84600000,0.84800000,0.84200000,0.84600000,191780.21000000
1785938400000,0.84600000,0.85100000,0.84300000,0.85000000,240888.06000000
1785942000000,0.85000000,0.85500000,0.84800000,0.85300000,200851.39000000
1785945600000,0.85200000,0.85600000,0.85100000,0.85400000,168876.31000000
1785949200000,0.85400000,0.85500000,0.85200000,0.85300000,110233.16000000
1785952800000,0.85200000,0.85400000,0.85100000,0.85300000,57085.33000000
1785956400000,0.85300000,0.85300000,0.84800000,0.84800000,62532.08000000
1785960000000,0.84800000,0.85100000,0.84700000,0.84900000,64275.94000000
1785963600000,0.84900000,0.85000000,0.84000000,0.84200000,185340.60000000
1785967200000,0.84100000,0.84400000,0.83800000,0.84300000,153493.01000000
1785970800000,0.84300000,0.84500000,0.84100000,0.84200000,68439.85000000
1785974400000,0.84200000,0.84700000,0.84200000,0.84500000,83791.77000000
1785978000000,0.84400000,0.84500000,0.83800000,0.84100000,78241.17000000
1785981600000,0.84100000,0.84300000,0.83900000,0.84200000,120219.71000000
1785985200000,0.84200000,0.84300000,0.84000000,0.84100000,101875.41000000
1785988800000,0.84000000,0.84400000,0.84000000,0.84200000,200770.15000000
1785992400000,0.84200000,0.84500000,0.83500000,0.83800000,143846.01000000
1785996000000,0.83800000,0.83800000,0.83500000,0.83600000,125523.97000000
1785999600000,0.83700000,0.83700000,0.83200000,0.83300000,137301.52000000
1786003200000,0.83300000,0.83600000,0.83300000,0.83400000,75896.40000000
1786006800000,0.83400000,0.83500000,0.82800000,0.82800000,193323.89000000
1786010400000,0.82800000,0.82800000,0.82200000,0.82200000,174993.35000000
1786014000000,0.82300000,0.82800000,0.82200000,0.82500000,104880.82000000
1786017600000,0.82600000,0.82600000,0.81900000,0.82000000,205730.83000000
1786021200000,0.82000000,0.82000000,0.81500000,0.81900000,183039.70000000
1786024800000,0.81900000,0.82300000,0.81500000,0.82100000,239134.91000000
1786028400000,0.82100000,0.82700000,0.82000000,0.82300000,201429.23000000
1786032000000,0.82400000,0.82700000,0.82000000,0.82600000,134696.88000000
1786035600000,0.82500000,0.82700000,0.81900000,0.82100000,296487.76000000
1786039200000,0.82200000,0.82700000,0.81800000,0.82300000,214871.96000000
1786042800000,0.82400000,0.82500000,0.82200000,0.82200000,58485.65000000
1786046400000,0.82300000,0.82800000,0.82200000,0.82600000,64643.07000000
1786050000000,0.82600000,0.82700000,0.82500000,0.82600000,52677.24000000
1786053600000,0.82600000,0.82700000,0.82100000,0.82100000,68759.70000000
1786057200000,0.82100000,0.82200000,0.81900000,0.82200000,51442.74000000
1786060800000,0.82100000,0.82400000,0.82000000,0.82200000,149345.45000000
1786064400000,0.82300000,0.82400000,0.81800000,0.81900000,68035.37000000
1786068000000,0.81900000,0.82200000,0.81700000,0.82100000,118901.51000000
1786071600000,0.82100000,0.82400000,0.81800000,0.81800000,57509.88000000
1786075200000,0.81900000,0.81900000,0.81400000,0.81700000,109604.53000000
1786078800000,0.81700000,0.81800000,0.81000000,0.81500000,165858.48000000
1786082400000,0.81700000,0.81900000,0.81500000,0.81700000,93252.27000000
1786086000000,0.81600000,0.81800000,0.81500000,0.81600000,67654.43000000
1786089600000,0.81700000,0.81800000,0.81300000,0.81400000,53500.03000000
1786093200000,0.81400000,0.81600000,0.81200000,0.81300000,109482.36000000
1786096800000,0.81400000,0.81600000,0.81000000,0.81000000,127429.96000000
1786100400000,0.81100000,0.81700000,0.81000000,0.81700000,132637.11000000
1786104000000,0.81600000,0.82200000,0.81500000,0.81800000,292520.16000000
1786107600000,0.81800000,0.81900000,0.81500000,0.81600000,96605.70000000
1786111200000,0.81600000,0.81600000,0.80500000,0.80700000,287165.28000000
1786114800000,0.80700000,0.81100000,0.80600000,0.80900000,146134.97000000
1786118400000,0.80900000,0.81100000,0.80500000,0.80500000,81680.18000000
1786122000000,0.80500000,0.80600000,0.80200000,0.80400000,205657.89000000
1786125600000,0.80500000,0.81000000,0.80500000,0.80800000,183976.46000000
1786129200000,0.80800000,0.81400000,0.80700000,0.81400000,57836.39000000
1786132800000,0.81400000,0.81800000,0.81300000,0.81700000,53684.00000000
1786136400000,0.81700000,0.81700000,0.81200000,0.81300000,96745.17000000
1786140000000,0.81300000,0.81400000,0.81100000,0.81100000,43705.68000000
1786143600000,0.81200000,0.81900000,0.81200000,0.81800000,172460.27000000
1786147200000,0.81900000,0.82000000,0.81600000,0.82000000,129597.34000000
1786150800000,0.82000000,0.82400000,0.81900000,0.82100000,92218.65000000
1786154400000,0.82100000,0.82100000,0.81800000,0.81800000,59818.54000000
1786158000000,0.81800000,0.82700000,0.81800000,0.82400000,121342.02000000
1786161600000,0.82500000,0.82500000,0.82100000,0.82200000,36273.64000000
1786165200000,0.82200000,0.82400000,0.81900000,0.81900000,78073.65000000
1786168800000,0.81900000,0.82100000,0.81800000,0.81900000,47676.44000000
1786172400000,0.82000000,0.82000000,0.81700000,0.81900000,71872.47000000
1786176000000,0.81900000,0.82100000,0.81800000,0.81800000,42031.99000000
1786179600000,0.81800000,0.81900000,0.81500000,0.81700000,78277.96000000
1786183200000,0.81600000,0.82000000,0.81600000,0.82000000,65400.52000000
1786186800000,0.82000000,0.82100000,0.81800000,0.82000000,78940.37000000
1786190400000,0.82000000,0.82400000,0.81900000,0.82000000,155138.15000000
1786194000000,0.82000000,0.82000000,0.81400000,0.81600000,127386.63000000
1786197600000,0.81500000,0.82000000,0.81400000,0.81900000,138126.13000000
1786201200000,0.81900000,0.82000000,0.81700000,0.81800000,68849.40000000
1786204800000,0.81800000,0.81900000,0.81700000,0.81900000,66638.44000000
1786208400000,0.81900000,0.81900000,0.81600000,0.81700000,35681.36000000
1786212000000,0.81800000,0.81900000,0.81500000,0.81800000,34252.38000000
1786215600000,0.81700000,0.81900000,0.81600000,0.81700000,66236.63000000
1786219200000,0.81700000,0.82100000,0.81600000,0.82100000,74341.75000000
1786222800000,0.82200000,0.82200000,0.81700000,0.81800000,46390.07000000
1786226400000,0.81900000,0.81900000,0.81300000,0.81400000,37453.72000000
1786230000000,0.81400000,0.81600000,0.81300000,0.81600000,28766.77000000
1786233600000,0.81600000,0.81600000,0.81300000,0.81500000,42529.91000000
1786237200000,0.81500000,0.81600000,0.81200000,0.81500000,88384.82000000
1786240800000,0.81500000,0.81600000,0.81400000,0.81500000,60436.62000000
1786244400000,0.81400000,0.81500000,0.81200000,0.81300000,66668.01000000
1786248000000,0.81300000,0.81400000,0.81100000,0.81400000,77959.55000000
1786251600000,0.81300000,0.81300000,0.80600000,0.80900000,206224.88000000
1786255200000,0.80900000,0.81400000,0.80800000,0.81300000,58662.18000000
1786258800000,0.81400000,0.81400000,0.80900000,0.81100000,78656.73000000
1786262400000,0.81100000,0.81300000,0.80800000,0.81000000,90481.44000000
1786266000000,0.81000000,0.81000000,0.80500000,0.80800000,153132.67000000
1786269600000,0.80800000,0.80900000,0.80600000,0.80700000,73529.45000000
1786273200000,0.80600000,0.80800000,0.80500000,0.80800000,62894.57000000
1786276800000,0.80700000,0.81000000,0.80600000,0.81000000,138043.72000000
1786280400000,0.81000000,0.81400000,0.80700000,0.81000000,176608.04000000
1786284000000,0.80900000,0.81300000,0.80900000,0.81300000,100861.93000000
1786287600000,0.81300000,0.81300000,0.81000000,0.81200000,54750.78000000
1786291200000,0.81200000,0.81300000,0.80900000,0.81200000,67346.67000000
1786294800000,0.81200000,0.81200000,0.80600000,0.80700000,94956.46000000
1786298400000,0.80700000,0.80800000,0.80500000,0.80700000,64849.11000000
1786302000000,0.80700000,0.80900000,0.80600000,0.80900000,28598.01000000
1786305600000,0.80800000,0.81000000,0.80800000,0.81000000,50434.47000000
1786309200000,0.80900000,0.81200000,0.80700000,0.80900000,58685.53000000
1786312800000,0.80900000,0.81400000,0.79900000,0.80300000,370137.60000000
1786316400000,0.80200000,0.80300000,0.79600000,0.79900000,273726.37000000
1786320000000,0.79900000,0.80300000,0.79700000,0.79800000,200275.05000000
1786323600000,0.79900000,0.80300000,0.79800000,0.80200000,257264.82000000
1786327200000,0.80200000,0.80400000,0.79800000,0.80300000,86023.26000000
1786330800000,0.80300000,0.80400000,0.79900000,0.80000000,128951.40000000
1786334400000,0.80000000,0.80500000,0.79900000,0.80400000,140902.76000000
1786338000000,0.80400000,0.81100000,0.80400000,0.81000000,229250.89000000
1786341600000,0.81100000,0.81100000,0.80800000,0.81100000,105875.16000000
1786345200000,0.81100000,0.81400000,0.80900000,0.81200000,241173.07000000
1786348800000,0.81300000,0.81400000,0.80600000,0.80800000,248096.65000000
1786352400000,0.80800000,0.81000000,0.80500000,0.80600000,96639.25000000
1786356000000,0.80500000,0.80900000,0.80400000,0.80900000,20679.65000000
1786359600000,0.80800000,0.81000000,0.80700000,0.81000000,158195.89000000
1786363200000,0.80900000,0.81600000,0.80900000,0.81200000,482172.20000000
1786366800000,0.81200000,0.82100000,0.81200000,0.81800000,484998.06000000
1786370400000,0.81800000,0.82100000,0.81300000,0.81500000,383312.76000000
1786374000000,0.81500000,0.81500000,0.80200000,0.80400000,427630.32000000
1786377600000,0.80300000,0.80600000,0.79900000,0.80000000,410808.32000000
1786381200000,0.80100000,0.80800000,0.79900000,0.80700000,115836.56000000
1786384800000,0.80700000,0.80700000,0.80000000,0.80200000,131831.23000000
1786388400000,0.80200000,0.81000000,0.80200000,0.80500000,141060.66000000
1786392000000,0.80500000,0.80800000,0.80400000,0.80500000,68405.41000000
1786395600000,0.80400000,0.81100000,0.80300000,0.80700000,120611.98000000
1786399200000,0.80700000,0.80800000,0.80500000,0.80600000,62266.56000000
1786402800000,0.80600000,0.80800000,0.80400000,0.80500000,92128.34000000
1786406400000,0.80600000,0.80700000,0.80300000,0.80400000,91257.03000000
1786410000000,0.80400000,0.81300000,0.80300000,0.81000000,150960.62000000
1786413600000,0.81100000,0.81300000,0.80600000,0.80600000,141961.42000000
1786417200000,0.80600000,0.80700000,0.80200000,0.80300000,112567.91000000
1786420800000,0.80300000,0.80300000,0.80100000,0.80300000,108545.41000000
1786424400000,0.80200000,0.81000000,0.80100000,0.80700000,163253.96000000
1786428000000,0.80700000,0.80700000,0.80300000,0.80500000,134429.59000000
1786431600000,0.80500000,0.80800000,0.80300000,0.80700000,94152.88000000
1786435200000,0.80700000,0.80900000,0.80600000,0.80800000,105271.34000000
1786438800000,0.80700000,0.81200000,0.80400000,0.80800000,217592.36000000
1786442400000,0.80800000,0.80800000,0.80200000,0.80300000,239678.83000000
1786446000000,0.80300000,0.80500000,0.79700000,0.80000000,306288.83000000
1786449600000,0.80000000,0.80100000,0.79400000,0.79400000,251936.90000000
1786453200000,0.79400000,0.79600000,0.79200000,0.79500000,328368.66000000
1786456800000,0.79400000,0.79400000,0.77900000,0.78100000,478484.68000000
1786460400000,0.78100000,0.78500000,0.77800000,0.78200000,342484.80000000
1786464000000,0.78200000,0.78400000,0.78100000,0.78300000,183345.61000000
1786467600000,0.78400000,0.78500000,0.78100000,0.78200000,226644.66000000
1786471200000,0.78300000,0.78500000,0.78100000,0.78400000,142586.17000000
1786474800000,0.78300000,0.78700000,0.78200000,0.78700000,151477.28000000
1786478400000,0.78700000,0.79000000,0.78600000,0.78900000,100583.07000000
1786482000000,0.78900000,0.79100000,0.78600000,0.78800000,165465.11000000
1786485600000,0.78800000,0.79100000,0.78700000,0.78900000,96436.96000000
1786489200000,0.78900000,0.79200000,0.78700000,0.79100000,88334.70000000
1786492800000,0.79000000,0.79200000,0.78900000,0.79200000,110607.67000000
1786496400000,0.79300000,0.79600000,0.79200000,0.79500000,166402.47000000
1786500000000,0.79500000,0.79600000,0.79200000,0.79300000,107021.62000000
1786503600000,0.79300000,0.79600000,0.79200000,0.79600000,101335.85000000
1786507200000,0.79500000,0.79600000,0.79200000,0.79200000,43868.18000000
1786510800000,0.79300000,0.79600000,0.79200000,0.79400000,78350.40000000
1786514400000,0.79300000,0.79400000,0.78700000,0.78800000,135306.78000000
1786518000000,0.78800000,0.79000000,0.78600000,0.78700000,121710.48000000
1786521600000,0.78700000,0.78900000,0.78500000,0.78500000,69910.09000000
1786525200000,0.78600000,0.79200000,0.78500000,0.79000000,73256.69000000
1786528800000,0.79100000,0.79200000,0.78900000,0.79100000,73095.71000000
1786532400000,0.79100000,0.79200000,0.78900000,0.79200000,139553.04000000
1786536000000,0.79100000,0.79800000,0.79000000,0.79500000,491857.50000000
1786539600000,0.79500000,0.79700000,0.79000000,0.79200000,167648.08000000
1786543200000,0.79100000,0.79200000,0.78000000,0.78000000,234166.88000000
1786546800000,0.78100000,0.78800000,0.78000000,0.78600000,95714.87000000
1786550400000,0.78600000,0.78800000,0.78500000,0.78700000,110282.95000000
1786554000000,0.78700000,0.78800000,0.78500000,0.78500000,59065.63000000
1786557600000,0.78500000,0.78500000,0.78100000,0.78200000,103381.14000000
1786561200000,0.78200000,0.78300000,0.78100000,0.78100000,76256.88000000
1786564800000,0.78200000,0.78300000,0.78100000,0.78100000,57300.96000000
1786568400000,0.78200000,0.78300000,0.77100000,0.77300000,423060.08000000
1786572000000,0.77200000,0.77300000,0.76700000,0.77200000,173857.96000000
1786575600000,0.77200000,0.77500000,0.77000000,0.77400000,152286.84000000
1786579200000,0.77400000,0.77600000,0.77200000,0.77200000,159135.83000000
1786582800000,0.77200000,0.77300000,0.77000000,0.77200000,114008.46000000
1786586400000,0.77100000,0.77300000,0.77000000,0.77200000,73884.62000000
1786590000000,0.77200000,0.77700000,0.77200000,0.77600000,53504.39000000
1786593600000,0.77600000,0.77700000,0.77400000,0.77500000,26172.12000000
1786597200000,0.77500000,0.77700000,0.77300000,0.77600000,122882.08000000
1786600800000,0.77600000,0.77700000,0.77400000,0.77600000,58686.81000000
1786604400000,0.77600000,0.77700000,0.77400000,0.77500000,57182.35000000
1786608000000,0.77500000,0.77600000,0.77300000,0.77400000,64387.64000000
1786611600000,0.77400000,0.77600000,0.77200000,0.77300000,93116.49000000
1786615200000,0.77300000,0.77400000,0.77100000,0.77300000,173204.61000000
1786618800000,0.77400000,0.77500000,0.77000000,0.77100000,67864.33000000
1786622400000,0.77000000,0.77200000,0.76800000,0.77000000,261611.73000000
1786626000000,0.77000000,0.77100000,0.76600000,0.77000000,243361.73000000
1786629600000,0.77000000,0.77600000,0.76800000,0.77500000,110023.45000000
1786633200000,0.77600000,0.77600000,0.77100000,0.77100000,139756.01000000
1786636800000,0.77100000,0.77400000,0.76400000,0.76800000,257312.23000000
1786640400000,0.76900000,0.77200000,0.76800000,0.77000000,48654.49000000
1786644000000,0.76900000,0.77400000,0.76800000,0.77200000,63385.18000000
1786647600000,0.77300000,0.77500000,0.77300000,0.77400000,57956.71000000
1786651200000,0.77500000,0.77600000,0.77100000,0.77100000,206956.92000000
1786654800000,0.77200000,0.77500000,0.77200000,0.77300000,56856.99000000
1786658400000,0.77300000,0.77600000,0.77300000,0.77600000,78042.32000000
1786662000000,0.77500000,0.77700000,0.77100000,0.77300000,213870.05000000
1786665600000,0.77300000,0.77500000,0.77100000,0.77300000,64258.80000000
1786669200000,0.77300000,0.77400000,0.77000000,0.77100000,108078.68000000
1786672800000,0.77100000,0.77300000,0.77000000,0.77000000,30639.16000000
1786676400000,0.77000000,0.77000000,0.76100000,0.76200000,246239.00000000
1786680000000,0.76200000,0.76700000,0.76100000,0.76400000,41341.06000000
1786683600000,0.76400000,0.76500000,0.76200000,0.76400000,57961.15000000
1786687200000,0.76500000,0.76500000,0.75900000,0.75900000,136906.81000000
1786690800000,0.75800000,0.76100000,0.75700000,0.75800000,258081.30000000
1786694400000,0.75800000,0.75900000,0.75400000,0.75800000,387610.08000000
1786698000000,0.75800000,0.75800000,0.75200000,0.75600000,275585.75000000
1786701600000,0.75500000,0.75800000,0.75400000,0.75600000,105559.86000000
1786705200000,0.75600000,0.76000000,0.75500000,0.75700000,64279.22000000
1786708800000,0.75700000,0.76100000,0.75700000,0.76100000,326206.36000000
1786712400000,0.76000000,0.76100000,0.75900000,0.76100000,128182.58000000
1786716000000,0.76100000,0.76300000,0.75900000,0.76100000,111350.28000000
1786719600000,0.76200000,0.76400000,0.76000000,0.76400000,85737.13000000
1786723200000,0.76400000,0.76600000,0.76300000,0.76600000,72936.27000000
1786726800000,0.76600000,0.76700000,0.76200000,0.76200000,55537.72000000
1786730400000,0.76200000,0.76200000,0.75600000,0.75800000,212768.68000000
1786734000000,0.75800000,0.76000000,0.75600000,0.75800000,170926.13000000
1786737600000,0.75900000,0.76000000,0.75600000,0.75800000,93473.05000000
1786741200000,0.75700000,0.75800000,0.75200000,0.75500000,255565.42000000
1786744800000,0.75400000,0.76000000,0.75300000,0.75900000,66217.64000000
1786748400000,0.75800000,0.76600000,0.75800000,0.76500000,125589.94000000
1786752000000,0.76500000,0.76700000,0.76400000,0.76600000,100066.75000000
1786755600000,0.76700000,0.76700000,0.76400000,0.76500000,61642.01000000
1786759200000,0.76600000,0.77900000,0.76600000,0.77400000,288230.60000000
1786762800000,0.77500000,0.77900000,0.77400000,0.77800000,203215.02000000
1786766400000,0.77800000,0.77900000,0.77200000,0.77200000,101872.14000000
1786770000000,0.77300000,0.77300000,0.77100000,0.77100000,68438.51000000
1786773600000,0.77200000,0.77400000,0.77000000,0.77200000,86890.90000000
1786777200000,0.77200000,0.77300000,0.77000000,0.77100000,68195.89000000
1786780800000,0.77000000,0.77200000,0.77000000,0.77100000,54568.14000000
1786784400000,0.77100000,0.78000000,0.77000000,0.77900000,307571.33000000
1786788000000,0.77900000,0.78500000,0.77700000,0.78300000,898389.94000000
1786791600000,0.78400000,0.78500000,0.77500000,0.77500000,182913.19000000
1786795200000,0.77600000,0.77800000,0.77400000,0.77500000,159029.02000000
1786798800000,0.77500000,0.77900000,0.77400000,0.77800000,51636.40000000
1786802400000,0.77800000,0.78100000,0.77700000,0.78000000,99413.90000000
1786806000000,0.78000000,0.78000000,0.77500000,0.77600000,82829.34000000
1786809600000,0.77600000,0.77600000,0.77200000,0.77200000,60525.44000000
1786813200000,0.77300000,0.77500000,0.77200000,0.77400000,43205.53000000
1786816800000,0.77400000,0.77500000,0.76900000,0.77100000,124225.94000000
1786820400000,0.77100000,0.77100000,0.76800000,0.76900000,120349.34000000
1786824000000,0.77000000,0.77000000,0.76500000,0.76600000,98739.48000000
1786827600000,0.76500000,0.76900000,0.76500000,0.76700000,115078.52000000
1786831200000,0.76800000,0.76900000,0.76600000,0.76700000,106960.61000000
1786834800000,0.76700000,0.76700000,0.75900000,0.76200000,269066.00000000
1786838400000,0.76100000,0.76300000,0.75900000,0.75900000,174455.15000000
1786842000000,0.75900000,0.76000000,0.75600000,0.75800000,108141.47000000
1786845600000,0.75800000,0.76100000,0.75600000,0.76000000,41218.38000000
1786849200000,0.75900000,0.76000000,0.75800000,0.75900000,28009.12000000
1786852800000,0.75800000,0.75900000,0.75700000,0.75900000,61372.33000000
1786856400000,0.75800000,0.75900000,0.75600000,0.75800000,41459.82000000
1786860000000,0.75800000,0.76000000,0.75600000,0.75900000,181740.19000000
1786863600000,0.75900000,0.76100000,0.75900000,0.76100000,57413.88000000
1786867200000,0.76000000,0.76100000,0.75900000,0.76100000,67239.15000000
1786870800000,0.76100000,0.76200000,0.75800000,0.76000000,123441.73000000
1786874400000,0.76000000,0.76000000,0.75800000,0.75800000,70067.88000000
1786878000000,0.75800000,0.76400000,0.75800000,0.76200000,102107.64000000
1786881600000,0.76200000,0.76500000,0.76100000,0.76300000,55601.66000000
1786885200000,0.76400000,0.76500000,0.76100000,0.76200000,56839.77000000
1786888800000,0.76200000,0.76400000,0.76100000,0.76300000,48172.37000000
1786892400000,0.76300000,0.76800000,0.76200000,0.76800000,94517.01000000
1786896000000,0.76700000,0.76900000,0.76400000,0.76600000,118906.88000000
1786899600000,0.76500000,0.76700000,0.76200000,0.76200000,129002.20000000
1786903200000,0.76200000,0.76400000,0.76100000,0.76200000,96587.59000000
1786906800000,0.76200000,0.76600000,0.76200000,0.76500000,54247.48000000
1786910400000,0.76500000,0.76600000,0.76300000,0.76400000,78383.51000000
1786914000000,0.76300000,0.76400000,0.75300000,0.75600000,193364.39000000
1786917600000,0.75600000,0.75800000,0.75400000,0.75600000,151027.71000000
1786921200000,0.75700000,0.76000000,0.75600000,0.75900000,79378.22000000
1786924800000,0.75900000,0.76400000,0.75700000,0.76300000,148769.93000000
1786928400000,0.76300000,0.76600000,0.76300000,0.76400000,71574.18000000
1786932000000,0.76400000,0.76600000,0.76100000,0.76600000,271765.64000000
1786935600000,0.76600000,0.76600000,0.76300000,0.76600000,72717.33000000
1786939200000,0.76600000,0.77000000,0.76500000,0.76900000,110270.66000000
1786942800000,0.76900000,0.77000000,0.76600000,0.76600000,63950.79000000
1786946400000,0.76600000,0.76700000,0.76300000,0.76600000,105616.43000000
1786950000000,0.76600000,0.76600000,0.76000000,0.76200000,189802.44000000
1786953600000,0.76200000,0.76200000,0.75700000,0.75800000,104774.46000000
1786957200000,0.75900000,0.76000000,0.75800000,0.75900000,79863.04000000
1786960800000,0.75900000,0.76200000,0.75700000,0.76000000,165134.59000000
1786964400000,0.76000000,0.76200000,0.75800000,0.75900000,163014.78000000
1786968000000,0.75900000,0.75900000,0.75500000,0.75600000,216660.01000000
1786971600000,0.75600000,0.75900000,0.75400000,0.75600000,143186.94000000
1786975200000,0.75500000,0.75800000,0.75400000,0.75700000,141799.55000000
1786978800000,0.75700000,0.75900000,0.75400000,0.75800000,97191.60000000
1786982400000,0.75800000,0.75900000,0.75500000,0.75800000,67781.16000000
1786986000000,0.75800000,0.76100000,0.75600000,0.75700000,108783.12000000
1786989600000,0.75700000,0.76200000,0.75600000,0.76200000,126459.19000000
1786993200000,0.76100000,0.76200000,0.75900000,0.76100000,57582.64000000
1786996800000,0.76000000,0.76500000,0.75800000,0.76300000,38411.61000000
1787000400000,0.76300000,0.76400000,0.76000000,0.76100000,35295.94000000
1787004000000,0.76100000,0.76100000,0.75700000,0.75900000,68681.35000000
1787007600000,0.75900000,0.76300000,0.75800000,0.76200000,46044.48000000
1787011200000,0.76200000,0.76200000,0.76000000,0.76200000,173030.34000000
1787014800000,0.76300000,0.76300000,0.74600000,0.75000000,488839.33000000
1787018400000,0.75000000,0.75000000,0.72300000,0.72900000,1960815.42000000
1787022000000,0.72900000,0.73400000,0.72800000,0.73200000,561288.60000000
1787025600000,0.73200000,0.73600000,0.73100000,0.73500000,207140.13000000
1787029200000,0.73500000,0.73900000,0.73300000,0.73800000,116123.59000000
1787032800000,0.73800000,0.74200000,0.73700000,0.74000000,216809.03000000
1787036400000,0.74000000,0.74100000,0.73500000,0.73700000,149583.85000000
1787040000000,0.73700000,0.73800000,0.73400000,0.73600000,158104.15000000
1787043600000,0.73600000,0.74000000,0.73500000,0.73900000,90326.48000000
1787047200000,0.74000000,0.74100000,0.73900000,0.74100000,127551.11000000
1787050800000,0.74100000,0.74300000,0.74000000,0.74000000,145813.86000000
1787054400000,0.74000000,0.74100000,0.73500000,0.73600000,189529.67000000
1787058000000,0.73600000,0.74100000,0.73600000,0.74000000,71848.27000000
1787061600000,0.74000000,0.75000000,0.73900000,0.74700000,156661.86000000
1787065200000,0.74600000,0.75400000,0.74500000,0.74900000,343085.25000000
1787068800000,0.74900000,0.75400000,0.74800000,0.75200000,269082.02000000
1787072400000,0.75300000,0.75300000,0.74600000,0.74900000,204801.65000000
1787076000000,0.74900000,0.75400000,0.74800000,0.75300000,102627.44000000
1787079600000,0.75200000,0.75300000,0.74600000,0.74700000,93188.95000000
1787083200000,0.74700000,0.74900000,0.74400000,0.74500000,68723.67000000
1787086800000,0.74400000,0.75100000,0.74400000,0.75000000,97142.37000000
1787090400000,0.75000000,0.75300000,0.74900000,0.75200000,131337.07000000
1787094000000,0.75300000,0.75700000,0.74900000,0.75200000,368481.55000000
1787097600000,0.75200000,0.75200000,0.74700000,0.75000000,148164.94000000
1787101200000,0.75000000,0.75600000,0.75000000,0.75500000,298249.03000000
1787104800000,0.75500000,0.75600000,0.75300000,0.75500000,184078.12000000
1787108400000,0.75500000,0.75600000,0.75200000,0.75400000,106285.11000000
1787112000000,0.75500000,0.75500000,0.75200000,0.75400000,72979.95000000
1787115600000,0.75400000,0.75800000,0.75300000,0.75700000,206216.42000000
1787119200000,0.75700000,0.76700000,0.75500000,0.76500000,345766.97000000
1787122800000,0.76600000,0.76800000,0.76000000,0.76200000,775511.01000000
1787126400000,0.76300000,0.76300000,0.75900000,0.76100000,164967.15000000
1787130000000,0.76100000,0.76600000,0.76100000,0.76600000,123887.58000000
1787133600000,0.76600000,0.77800000,0.76500000,0.77600000,366692.14000000
1787137200000,0.77700000,0.77900000,0.77200000,0.77700000,291983.44000000
1787140800000,0.77700000,0.78000000,0.77600000,0.77700000,335499.31000000
1787144400000,0.77700000,0.77800000,0.76900000,0.76900000,342259.02000000
1787148000000,0.76900000,0.77900000,0.76800000,0.77600000,476296.95000000
1787151600000,0.77600000,0.79600000,0.77400000,0.77800000,1817130.03000000
1787155200000,0.77800000,0.78300000,0.77600000,0.77900000,637701.04000000
1787158800000,0.77900000,0.78000000,0.77100000,0.77500000,177206.26000000
1787162400000,0.77600000,0.77800000,0.77300000,0.77400000,171980.74000000
1787166000000,0.77300000,0.78000000,0.77300000,0.78000000,346352.93000000
1787169600000,0.78000000,0.79400000,0.77800000,0.79100000,409686.17000000
1787173200000,0.79000000,0.80700000,0.78900000,0.80500000,744298.18000000
1787176800000,0.80500000,0.80800000,0.78800000,0.79200000,577312.82000000
1787180400000,0.79300000,0.79300000,0.78700000,0.78900000,264022.34000000
1787184000000,0.78900000,0.79400000,0.78900000,0.79100000,265636.07000000
1787187600000,0.79100000,0.79700000,0.78900000,0.79600000,231757.82000000
1787191200000,0.79500000,0.79600000,0.78900000,0.79000000,142913.89000000
1787194800000,0.79000000,0.79000000,0.78000000,0.78400000,230922.52000000
1787198400000,0.78300000,0.78700000,0.78300000,0.78700000,174505.25000000
1787202000000,0.78700000,0.79000000,0.78600000,0.78900000,113405.69000000
1787205600000,0.78800000,0.79400000,0.78800000,0.79300000,117285.36000000
1787209200000,0.79300000,0.79300000,0.78600000,0.79000000,137709.13000000
1787212800000,0.79100000,0.80700000,0.79100000,0.80600000,513423.24000000
1787216400000,0.80600000,0.80700000,0.79800000,0.79900000,310875.75000000
1787220000000,0.80000000,0.81100000,0.79800000,0.80900000,361171.54000000
1787223600000,0.80900000,0.82100000,0.80500000,0.82000000,717587.66000000
1787227200000,0.82100000,0.83000000,0.81800000,0.82500000,1670262.16000000
1787230800000,0.82500000,0.83200000,0.81900000,0.82600000,664790.90000000
1787234400000,0.82600000,0.83200000,0.82500000,0.83200000,377905.22000000
1787238000000,0.83200000,0.83900000,0.82700000,0.83600000,599419.31000000
1787241600000,0.83700000,0.84500000,0.83300000,0.84100000,464455.28000000
1787245200000,0.84100000,0.84700000,0.83800000,0.84600000,447407.65000000
1787248800000,0.84600000,0.84900000,0.82900000,0.83100000,385358.87000000
1787252400000,0.83100000,0.83700000,0.83000000,0.83200000,298928.74000000
1787256000000,0.83200000,0.84100000,0.83200000,0.84000000,233721.27000000
1787259600000,0.84100000,0.84500000,0.83900000,0.84200000,152856.17000000
1787263200000,0.84300000,0.84300000,0.83700000,0.84100000,294340.90000000
1787266800000,0.84100000,0.85100000,0.84000000,0.84800000,249888.43000000
1787270400000,0.84800000,0.85100000,0.84200000,0.84600000,244017.20000000
1787274000000,0.84600000,0.85400000,0.84300000,0.84600000,343221.07000000
1787277600000,0.84700000,0.84700000,0.83700000,0.84100000,451211.82000000
1787281200000,0.84100000,0.85200000,0.83800000,0.85000000,397011.29000000
1787284800000,0.85100000,0.85200000,0.84400000,0.84500000,134480.75000000
1787288400000,0.84600000,0.85200000,0.84200000,0.85100000,421343.96000000
1787292000000,0.85100000,0.85400000,0.84700000,0.85200000,436717.87000000
1787295600000,0.85100000,0.87100000,0.85000000,0.86900000,564220.76000000
1787299200000,0.87000000,0.89600000,0.86700000,0.89400000,869991.28000000
1787302800000,0.89400000,0.89600000,0.86600000,0.89300000,1378735.89000000
1787306400000,0.89300000,0.90500000,0.88300000,0.88800000,1059988.74000000
1787310000000,0.88700000,0.89300000,0.87400000,0.88200000,526526.96000000
1787313600000,0.88300000,0.89800000,0.88000000,0.89300000,514062.34000000
1787317200000,0.89300000,0.90000000,0.88600000,0.89400000,449197.20000000
1787320800000,0.89400000,0.90300000,0.88900000,0.90100000,505008.43000000
1787324400000,0.90200000,0.90600000,0.89100000,0.90000000,439868.10000000
1787328000000,0.90100000,0.90400000,0.89300000,0.89900000,246164.92000000
1787331600000,0.89900000,0.91000000,0.89300000,0.90900000,355104.55000000
1787335200000,0.90800000,0.91100000,0.89000000,0.89700000,687938.37000000
1787338800000,0.89600000,0.89900000,0.88800000,0.89200000,383547.74000000
1787342400000,0.89200000,0.90900000,0.88900000,0.90900000,296169.17000000
1787346000000,0.91000000,0.93000000,0.90800000,0.92800000,543623.83000000
1787349600000,0.92700000,0.94700000,0.92400000,0.94500000,619465.46000000
1787353200000,0.94400000,0.95300000,0.93300000,0.94000000,776709.16000000
1787356800000,0.94000000,0.96600000,0.93500000,0.96600000,624827.50000000
1787360400000,0.96500000,0.98100000,0.96300000,0.97400000,1044574.69000000
1787364000000,0.97500000,1.00100000,0.97500000,0.99800000,1341795.75000000
1787367600000,0.99800000,1.01300000,0.99200000,1.00000000,952566.56000000
1787371200000,1.00100000,1.03200000,0.99700000,1.02000000,1378026.33000000
1787374800000,1.01900000,1.02600000,0.90000000,0.96500000,5274284.36000000
1787378400000,0.96600000,0.96700000,0.94500000,0.95900000,568090.95000000
1787382000000,0.95900000,0.96400000,0.94500000,0.94600000,433291.24000000
1787385600000,0.94600000,0.94900000,0.92400000,0.93200000,839578.31000000
1787389200000,0.93300000,0.93500000,0.92000000,0.92600000,593128.91000000
1787392800000,0.92600000,0.92600000,0.89900000,0.92000000,1071646.54000000
1787396400000,0.92000000,0.92500000,0.91400000,0.92300000,327993.01000000
1787400000000,0.92200000,0.93300000,0.92000000,0.92600000,271021.46000000
1787403600000,0.92700000,0.93400000,0.92300000,0.93200000,411749.12000000
1787407200000,0.93200000,0.93300000,0.91800000,0.92300000,346376.87000000
1787410800000,0.92300000,0.92700000,0.91600000,0.92300000,201217.36000000
1787414400000,0.92300000,0.93900000,0.91800000,0.93600000,370628.34000000
1787418000000,0.93600000,0.93900000,0.92900000,0.93500000,227169.60000000
1787421600000,0.93600000,0.93700000,0.92400000,0.92900000,184865.44000000
1787425200000,0.92900000,0.93800000,0.92800000,0.93400000,155848.55000000
1787428800000,0.93400000,0.93800000,0.92900000,0.93200000,146905.15000000
1787432400000,0.93000000,0.93200000,0.90700000,0.91000000,619643.45000000
1787436000000,0.90900000,0.92300000,0.90600000,0.91900000,261621.37000000
1787439600000,0.91900000,0.92300000,0.91400000,0.92000000,119052.73000000
1787443200000,0.92000000,0.93500000,0.91900000,0.93100000,272597.46000000
1787446800000,0.93000000,0.93000000,0.92000000,0.92200000,206981.24000000
1787450400000,0.92200000,0.92200000,0.90800000,0.90900000,408768.77000000
1787454000000,0.90800000,0.90900000,0.88700000,0.89000000,487765.03000000
1787457600000,0.88900000,0.89300000,0.87600000,0.88000000,472770.60000000
1787461200000,0.88000000,0.89400000,0.87600000,0.88300000,453412.37000000
1787464800000,0.88300000,0.89200000,0.88000000,0.88500000,185601.86000000
1787468400000,0.88500000,0.89500000,0.88400000,0.89200000,210459.19000000
1787472000000,0.89100000,0.90200000,0.89100000,0.89800000,261715.62000000
1787475600000,0.89700000,0.90100000,0.89400000,0.89700000,187115.25000000
1787479200000,0.89800000,0.90900000,0.89700000,0.90600000,400804.55000000
1787482800000,0.90600000,0.91900000,0.90600000,0.91800000,293198.72000000
1787486400000,0.91800000,0.92500000,0.91400000,0.92400000,267337.57000000
1787490000000,0.92400000,0.93600000,0.92400000,0.93400000,386555.04000000
1787493600000,0.93500000,0.93700000,0.91000000,0.92400000,452449.52000000
1787497200000,0.92400000,0.93400000,0.92000000,0.92600000,432265.65000000
1787500800000,0.92700000,0.93000000,0.92000000,0.92600000,310199.50000000
1787504400000,0.92600000,0.93100000,0.92000000,0.92600000,247381.81000000
1787508000000,0.92500000,0.93000000,0.92400000,0.92700000,135020.48000000
1787511600000,0.92800000,0.92900000,0.91800000,0.92100000,202730.47000000
1787515200000,0.92100000,0.92400000,0.91700000,0.92300000,59316.01000000
1787518800000,0.92300000,0.93600000,0.92300000,0.93100000,213207.81000000
1787522400000,0.93100000,0.93400000,0.92500000,0.93000000,130549.50000000
1787526000000,0.92900000,0.93200000,0.92500000,0.92800000,209969.61000000
1787529600000,0.92900000,0.92900000,0.91100000,0.92200000,392516.00000000
1787533200000,0.92200000,0.92200000,0.89900000,0.90000000,554248.72000000
1787536800000,0.89900000,0.91100000,0.89600000,0.91000000,300925.99000000
1787540400000,0.90900000,0.91000000,0.89800000,0.90100000,227000.48000000
1787544000000,0.90100000,0.91500000,0.90100000,0.91100000,308925.31000000
1787547600000,0.91000000,0.91900000,0.90600000,0.91000000,212378.62000000
1787551200000,0.90900000,0.91100000,0.90000000,0.90500000,173450.20000000
1787554800000,0.90500000,0.91200000,0.89900000,0.90000000,191861.06000000
1787558400000,0.90100000,0.90400000,0.89200000,0.89800000,296035.29000000
1787562000000,0.89700000,0.91000000,0.89600000,0.90600000,169529.16000000
1787565600000,0.90700000,0.91100000,0.89900000,0.90000000,283272.64000000
1787569200000,0.90100000,0.92000000,0.89500000,0.91500000,198846.82000000
1787572800000,0.91600000,0.92500000,0.90200000,0.92200000,438571.33000000
1787576400000,0.92200000,0.92400000,0.90100000,0.91000000,397041.40000000
1787580000000,0.90900000,0.91900000,0.90600000,0.91500000,471075.97000000
1787583600000,0.91400000,0.92400000,0.90400000,0.90500000,532139.79000000
1787587200000,0.90600000,0.91900000,0.90600000,0.91000000,390333.17000000
1787590800000,0.91100000,0.91500000,0.89500000,0.90600000,414862.24000000
1787594400000,0.90600000,0.91000000,0.90200000,0.90400000,164814.29000000
1787598000000,0.90400000,0.90800000,0.89800000,0.90400000,223234.39000000
1787601600000,0.90500000,0.90700000,0.89800000,0.90400000,98394.49000000
1787605200000,0.90500000,0.90800000,0.90400000,0.90400000,82383.64000000
1787608800000,0.90400000,0.90500000,0.89300000,0.89500000,217948.87000000
1787612400000,0.89500000,0.90100000,0.89000000,0.89900000,230460.43000000
1787616000000,0.89900000,0.91100000,0.89400000,0.90900000,413268.87000000
1787619600000,0.90800000,0.91100000,0.90300000,0.90500000,189975.38000000
1787623200000,0.90500000,0.92400000,0.90100000,0.91300000,524543.42000000
1787626800000,0.91300000,0.92100000,0.90700000,0.90900000,199582.20000000
1787630400000,0.90900000,0.91500000,0.90800000,0.91500000,331009.91000000
1787634000000,0.91400000,0.92100000,0.91400000,0.91700000,153998.78000000
1787637600000,0.91600000,0.91900000,0.90500000,0.90600000,151241.39000000
1787641200000,0.90700000,0.91400000,0.89300000,0.90200000,336397.57000000
1787644800000,0.90100000,0.90900000,0.90000000,0.90200000,335018.92000000
1787648400000,0.90200000,0.90500000,0.89200000,0.89600000,206237.49000000
1787652000000,0.89600000,0.89800000,0.89200000,0.89700000,199727.28000000
1787655600000,0.89600000,0.89700000,0.89200000,0.89200000,86569.28000000
1787659200000,0.89200000,0.89300000,0.88000000,0.88700000,467595.98000000
1787662800000,0.88700000,0.88700000,0.86400000,0.87500000,1027139.92000000
1787666400000,0.87400000,0.88300000,0.87300000,0.87600000,303382.73000000
1787670000000,0.87600000,0.87800000,0.87200000,0.87600000,231114.36000000
1787673600000,0.87600000,0.87900000,0.87200000,0.87400000,157377.49000000
1787677200000,0.87400000,0.87600000,0.86800000,0.87600000,285086.76000000
1787680800000,0.87500000,0.88000000,0.87400000,0.88000000,235255.02000000
1787684400000,0.87900000,0.88100000,0.87200000,0.87500000,102641.38000000
1787688000000,0.87600000,0.87600000,0.85500000,0.85600000,612036.99000000
1787691600000,0.85600000,0.86200000,0.84300000,0.85800000,477511.47000000
1787695200000,0.85800000,0.86400000,0.85800000,0.86100000,136827.57000000
1787698800000,0.86000000,0.86200000,0.85000000,0.85200000,137746.90000000
1787702400000,0.85200000,0.85300000,0.84700000,0.85200000,328604.81000000
1787706000000,0.85100000,0.85700000,0.84800000,0.85100000,206094.49000000
1787709600000,0.85200000,0.86000000,0.84700000,0.85900000,111391.96000000
1787713200000,0.85900000,0.86100000,0.85500000,0.85700000,174486.18000000
1787716800000,0.85700000,0.85900000,0.85200000,0.85300000,101249.06000000
1787720400000,0.85200000,0.85400000,0.84600000,0.85400000,139345.50000000
1787724000000,0.85400000,0.86100000,0.85200000,0.86100000,195803.40000000
1787727600000,0.86000000,0.86100000,0.85400000,0.85500000,251745.44000000
1787731200000,0.85500000,0.86300000,0.85100000,0.85300000,314790.92000000
1787734800000,0.85300000,0.85400000,0.83900000,0.84400000,407973.25000000
1787738400000,0.84300000,0.85600000,0.84000000,0.85500000,341682.38000000
1787742000000,0.85500000,0.85700000,0.84900000,0.85200000,164834.40000000
1787745600000,0.85200000,0.85700000,0.84500000,0.84800000,314332.94000000
1787749200000,0.84800000,0.85000000,0.83700000,0.84300000,433865.18000000
1787752800000,0.84300000,0.84500000,0.83600000,0.83700000,259644.99000000
1787756400000,0.83600000,0.84200000,0.83100000,0.84000000,252272.03000000
1787760000000,0.83900000,0.84100000,0.83000000,0.83300000,368133.19000000
1787763600000,0.83200000,0.84400000,0.83200000,0.84100000,176604.99000000
1787767200000,0.84000000,0.84400000,0.83800000,0.84200000,125878.90000000
1787770800000,0.84300000,0.84600000,0.84000000,0.84200000,127220.60000000
1787774400000,0.84100000,0.84400000,0.83500000,0.84400000,88933.35000000
1787778000000,0.84400000,0.85100000,0.84300000,0.85000000,211697.32000000
1787781600000,0.85000000,0.85700000,0.84900000,0.85600000,237230.29000000
1787785200000,0.85500000,0.87800000,0.85400000,0.87600000,620127.91000000
1787788800000,0.87600000,0.88400000,0.87100000,0.87300000,587199.83000000
1787792400000,0.87300000,0.88300000,0.87000000,0.87700000,558147.86000000
1787796000000,0.87700000,0.87900000,0.86600000,0.87100000,274231.27000000
1787799600000,0.87100000,0.87500000,0.86600000,0.87000000,248476.91000000
1787803200000,0.87100000,0.87400000,0.86400000,0.86700000,82365.61000000
1787806800000,0.86700000,0.87800000,0.86400000,0.87600000,177427.94000000
1787810400000,0.87600000,0.87800000,0.86900000,0.87600000,152812.03000000
1787814000000,0.87600000,0.87800000,0.87300000,0.87700000,172558.25000000
1787817600000,0.87600000,0.89200000,0.87600000,0.89000000,312535.19000000
1787821200000,0.89000000,0.89600000,0.88100000,0.88200000,386476.52000000
1787824800000,0.88200000,0.88300000,0.86700000,0.87400000,273246.47000000
1787828400000,0.87400000,0.87700000,0.86600000,0.87000000,112271.25000000
1787832000000,0.87100000,0.87600000,0.86700000,0.87300000,331523.57000000
1787835600000,0.87400000,0.87700000,0.86800000,0.87600000,204007.11000000
1787839200000,0.87400000,0.88500000,0.87200000,0.88100000,294730.46000000
1787842800000,0.88100000,0.88800000,0.87800000,0.88500000,398514.91000000
1787846400000,0.88600000,0.89100000,0.88300000,0.88400000,295989.23000000
1787850000000,0.88400000,0.89400000,0.88300000,0.88600000,149767.02000000
1787853600000,0.88600000,0.88800000,0.87700000,0.88300000,370434.60000000
1787857200000,0.88300000,0.88600000,0.88000000,0.88100000,146601.51000000
1787860800000,0.88100000,0.88600000,0.87800000,0.88300000,182968.92000000
1787864400000,0.88300000,0.88400000,0.87800000,0.88300000,109145.71000000
1787868000000,0.88300000,0.88900000,0.88100000,0.88300000,86523.41000000
1787871600000,0.88300000,0.88500000,0.88100000,0.88100000,105002.03000000
1787875200000,0.88200000,0.88400000,0.87800000,0.88100000,234225.79000000
1787878800000,0.88100000,0.89600000,0.87900000,0.88100000,235588.24000000
1787882400000,0.88000000,0.88200000,0.86400000,0.86800000,416451.32000000
1787886000000,0.86800000,0.87500000,0.86600000,0.87100000,242599.05000000
1787889600000,0.87000000,0.87400000,0.86600000,0.87000000,132380.23000000
1787893200000,0.86900000,0.87200000,0.86400000,0.86900000,130140.62000000
1787896800000,0.86900000,0.87800000,0.86900000,0.87700000,63464.99000000
1787900400000,0.87700000,0.87800000,0.86900000,0.87000000,179880.91000000
1787904000000,0.87100000,0.87600000,0.87000000,0.87200000,133805.44000000
1787907600000,0.87200000,0.87300000,0.86700000,0.86800000,199212.85000000
1787911200000,0.86800000,0.88000000,0.86300000,0.87800000,250327.03000000
1787914800000,0.87900000,0.88000000,0.87400000,0.87600000,81398.38000000
1787918400000,0.87500000,0.87600000,0.86700000,0.86900000,161637.56000000
1787922000000,0.86900000,0.87200000,0.86300000,0.86800000,274164.04000000
1787925600000,0.86700000,0.88100000,0.85400000,0.87600000,687931.37000000
1787929200000,0.87700000,0.87900000,0.85600000,0.85700000,281464.51000000
1787932800000,0.85600000,0.85800000,0.83800000,0.85300000,756463.99000000
1787936400000,0.85300000,0.85500000,0.84800000,0.85000000,190575.33000000
1787940000000,0.85000000,0.85000000,0.83600000,0.84200000,299637.35000000
1787943600000,0.84300000,0.84700000,0.84200000,0.84500000,169758.90000000
1787947200000,0.84500000,0.84800000,0.84200000,0.84500000,124121.86000000
1787950800000,0.84600000,0.84700000,0.83800000,0.84000000,87999.38000000
1787954400000,0.84000000,0.85000000,0.84000000,0.84800000,74845.03000000
1787958000000,0.84800000,0.85000000,0.84700000,0.84900000,68378.71000000
1787961600000,0.84900000,0.85400000,0.84900000,0.84900000,101743.31000000
1787965200000,0.84900000,0.84900000,0.84300000,0.84500000,93987.19000000
1787968800000,0.84600000,0.84700000,0.84100000,0.84400000,57791.57000000
1787972400000,0.84400000,0.84500000,0.84000000,0.84100000,75110.93000000
1787976000000,0.84000000,0.84500000,0.83900000,0.84300000,76122.56000000
1787979600000,0.84300000,0.84500000,0.84200000,0.84400000,52051.24000000
1787983200000,0.84400000,0.84400000,0.83500000,0.83900000,139801.45000000
1787986800000,0.83900000,0.84100000,0.83700000,0.83900000,65115.52000000
1787990400000,0.83900000,0.84000000,0.83700000,0.83700000,71897.27000000
1787994000000,0.83800000,0.83900000,0.83600000,0.83800000,87703.88000000
1787997600000,0.83900000,0.84200000,0.83600000,0.84000000,151619.53000000
1788001200000,0.84000000,0.84300000,0.84000000,0.84000000,66427.36000000
1788004800000,0.84000000,0.84600000,0.83000000,0.83600000,1063451.71000000
1788008400000,0.83500000,0.84100000,0.83500000,0.84000000,154010.84000000
1788012000000,0.83900000,0.84800000,0.83700000,0.84700000,156017.02000000
1788015600000,0.84600000,0.84600000,0.83900000,0.84100000,200254.31000000
1788019200000,0.84100000,0.84300000,0.83800000,0.83800000,141363.96000000
1788022800000,0.83800000,0.84100000,0.83700000,0.83800000,128080.83000000
1788026400000,0.83900000,0.84200000,0.83600000,0.84000000,56793.74000000
1788030000000,0.84000000,0.84400000,0.83900000,0.84400000,82005.73000000
1788033600000,0.84400000,0.84500000,0.84100000,0.84200000,81654.02000000
1788037200000,0.84300000,0.84900000,0.84200000,0.84600000,199814.89000000
1788040800000,0.84500000,0.84900000,0.84400000,0.84800000,91423.92000000
1788044400000,0.84800000,0.84900000,0.84500000,0.84600000,106899.88000000
1788048000000,0.84500000,0.84600000,0.83900000,0.84000000,156456.17000000
1788051600000,0.84000000,0.84100000,0.83400000,0.83500000,161293.89000000
1788055200000,0.83500000,0.83900000,0.83400000,0.83700000,109930.41000000
1788058800000,0.83700000,0.84000000,0.83700000,0.83800000,68848.37000000
1788062400000,0.83700000,0.84000000,0.83300000,0.83700000,111768.36000000
1788066000000,0.83700000,0.84500000,0.83700000,0.84200000,66389.86000000
1788069600000,0.84200000,0.84600000,0.84100000,0.84600000,94040.19000000
1788073200000,0.84500000,0.84600000,0.84100000,0.84300000,64007.71000000
1788076800000,0.84300000,0.84500000,0.83900000,0.84100000,124579.52000000
1788080400000,0.84100000,0.84600000,0.84000000,0.84400000,73002.56000000
1788084000000,0.84400000,0.85100000,0.84200000,0.85000000,100519.44000000
1788087600000,0.85000000,0.85400000,0.84900000,0.85300000,205255.03000000
1788091200000,0.85300000,0.86000000,0.85200000,0.85800000,367945.60000000
1788094800000,0.85800000,0.87000000,0.85700000,0.86600000,342221.49000000
1788098400000,0.86600000,0.86800000,0.85500000,0.85600000,313501.65000000
1788102000000,0.85700000,0.85700000,0.85000000,0.85300000,199971.76000000
1788105600000,0.85200000,0.86400000,0.85100000,0.86300000,242955.68000000
1788109200000,0.86400000,0.86400000,0.85600000,0.86000000,142913.76000000
1788112800000,0.86100000,0.86600000,0.85600000,0.86400000,125437.08000000
1788116400000,0.86400000,0.86500000,0.85600000,0.86000000,181099.38000000
1788120000000,0.86100000,0.86400000,0.84700000,0.85100000,249548.44000000
1788123600000,0.85200000,0.85400000,0.84200000,0.85200000,205418.76000000
1788127200000,0.85200000,0.85600000,0.84000000,0.84500000,224714.99000000
1788130800000,0.84400000,0.84500000,0.80800000,0.81900000,1568962.15000000
1788134400000,0.81900000,0.82800000,0.81700000,0.82300000,205277.92000000
1788138000000,0.82300000,0.82600000,0.81600000,0.81800000,251549.18000000
1788141600000,0.81800000,0.82500000,0.81200000,0.81500000,269427.87000000
1788145200000,0.81400000,0.82300000,0.81400000,0.82200000,89237.49000000
1788148800000,0.82100000,0.82100000,0.81800000,0.82100000,198637.07000000
1788152400000,0.82100000,0.83400000,0.82100000,0.83100000,234063.40000000
1788156000000,0.83000000,0.83300000,0.82700000,0.82800000,168818.20000000
1788159600000,0.82800000,0.83300000,0.82700000,0.83200000,91894.90000000
1788163200000,0.83100000,0.83300000,0.82600000,0.82900000,145307.14000000
1788166800000,0.82900000,0.83700000,0.82800000,0.83200000,134789.65000000
1788170400000,0.83200000,0.83500000,0.82800000,0.83200000,295730.06000000
1788174000000,0.83200000,0.83300000,0.82500000,0.82700000,189280.19000000
1788177600000,0.82700000,0.83000000,0.82100000,0.82600000,199134.99000000
1788181200000,0.82600000,0.83000000,0.82000000,0.82300000,295627.29000000
1788184800000,0.82300000,0.83400000,0.82100000,0.83100000,267226.68000000
1788188400000,0.83100000,0.83100000,0.82400000,0.82400000,128350.23000000
1788192000000,0.82500000,0.83000000,0.82300000,0.82700000,91094.52000000
1788195600000,0.82700000,0.84100000,0.82600000,0.83800000,333922.03000000
1788199200000,0.83800000,0.84400000,0.83500000,0.83800000,241363.90000000
1788202800000,0.83900000,0.84200000,0.83500000,0.83600000,191630.52000000
1788206400000,0.83600000,0.84200000,0.83300000,0.83300000,361381.26000000
1788210000000,0.83400000,0.84300000,0.82800000,0.84100000,279283.55000000
1788213600000,0.84100000,0.84200000,0.83500000,0.83700000,111668.34000000
1788217200000,0.83700000,0.84100000,0.83300000,0.84000000,131013.30000000
1788220800000,0.84000000,0.84900000,0.83900000,0.84900000,204739.10000000
1788224400000,0.84900000,0.85600000,0.84200000,0.84900000,399230.79000000
1788228000000,0.84900000,0.85600000,0.84600000,0.85200000,437868.40000000
1788231600000,0.85200000,0.86100000,0.85000000,0.85900000,194339.02000000
1788235200000,0.85800000,0.86000000,0.85100000,0.85200000,126866.46000000
1788238800000,0.85200000,0.85600000,0.84900000,0.85500000,123369.79000000
1788242400000,0.85400000,0.87100000,0.85300000,0.87100000,693535.99000000
1788246000000,0.87100000,0.87700000,0.86800000,0.86900000,332229.19000000
1788249600000,0.86900000,0.87100000,0.85300000,0.85500000,1029201.92000000
1788253200000,0.85600000,0.85800000,0.85100000,0.85400000,411689.13000000
1788256800000,0.85400000,0.87400000,0.85400000,0.86400000,336068.02000000
1788260400000,0.86300000,0.87400000,0.86200000,0.86900000,291628.06000000
1788264000000,0.87000000,0.87000000,0.85700000,0.85900000,299722.70000000
1788267600000,0.85900000,0.86400000,0.85300000,0.86300000,279916.45000000
1788271200000,0.86300000,0.87400000,0.86200000,0.86800000,281366.62000000
1788274800000,0.86900000,0.87000000,0.86000000,0.86900000,163746.66000000
1788278400000,0.86900000,0.86900000,0.85500000,0.86500000,234769.10000000
1788282000000,0.86400000,0.88200000,0.86100000,0.87500000,405539.41000000
1788285600000,0.87600000,0.87700000,0.85500000,0.86600000,523520.42000000
1788289200000,0.86600000,0.88100000,0.86600000,0.87400000,362696.22000000
1788292800000,0.87500000,0.87600000,0.86400000,0.86600000,268503.59000000
1788296400000,0.86600000,0.87000000,0.85600000,0.86500000,208347.89000000
1788300000000,0.86500000,0.86700000,0.85800000,0.86300000,140541.45000000
1788303600000,0.86300000,0.87500000,0.86200000,0.87200000,141115.60000000
1788307200000,0.87200000,0.87600000,0.86500000,0.86700000,269575.86000000
1788310800000,0.86700000,0.87200000,0.85900000,0.86700000,286067.04000000
1788314400000,0.86600000,0.88100000,0.86500000,0.87600000,434895.85000000
1788318000000,0.87600000,0.89100000,0.87600000,0.88700000,563758.64000000
1788321600000,0.88700000,0.89400000,0.87900000,0.89300000,274123.14000000
1788325200000,0.89300000,0.89300000,0.87400000,0.87400000,999897.62000000
1788328800000,0.87500000,0.87600000,0.85700000,0.86100000,583817.67000000
1788332400000,0.86000000,0.86600000,0.85900000,0.86300000,216616.22000000
1788336000000,0.86300000,0.86700000,0.85300000,0.85600000,281692.08000000
1788339600000,0.85700000,0.86100000,0.84700000,0.85100000,340601.69000000
1788343200000,0.85100000,0.85100000,0.83800000,0.84500000,597347.49000000
1788346800000,0.84400000,0.84600000,0.84000000,0.84500000,274817.64000000
1788350400000,0.84500000,0.84900000,0.83900000,0.83900000,295233.95000000
1788354000000,0.84000000,0.85400000,0.83800000,0.85100000,525100.46000000
1788357600000,0.85100000,0.85400000,0.84500000,0.84500000,259939.44000000
1788361200000,0.84600000,0.85300000,0.84200000,0.85100000,255936.18000000
1788364800000,0.85100000,0.85600000,0.84800000,0.85300000,329842.59000000
1788368400000,0.85400000,0.85800000,0.84500000,0.85500000,398033.24000000
1788372000000,0.85500000,0.86200000,0.85200000,0.86100000,329404.41000000
1788375600000,0.86000000,0.86200000,0.85700000,0.86100000,120525.61000000
1788379200000,0.86100000,0.86800000,0.86100000,0.86200000,190855.98000000
1788382800000,0.86100000,0.86700000,0.85800000,0.86300000,116186.31000000
1788386400000,0.86200000,0.86400000,0.85600000,0.86100000,205034.99000000
1788390000000,0.86100000,0.86800000,0.86000000,0.86800000,274100.54000000
1788393600000,0.86800000,0.87000000,0.85700000,0.86000000,122322.02000000
1788397200000,0.85900000,0.88100000,0.85400000,0.87100000,537093.36000000
1788400800000,0.87100000,0.88800000,0.86800000,0.88400000,264350.49000000
1788404400000,0.88300000,0.88400000,0.87100000,0.87300000,172206.06000000
1788408000000,0.87400000,0.88000000,0.87000000,0.87900000,165084.54000000
1788411600000,0.88000000,0.88100000,0.86500000,0.87900000,225088.86000000
1788415200000,0.87900000,0.88000000,0.87500000,0.87500000,191574.11000000
1788418800000,0.87500000,0.88200000,0.87300000,0.87500000,218944.81000000
1788422400000,0.87600000,0.88200000,0.87300000,0.87800000,168889.43000000
1788426000000,0.87800000,0.88000000,0.87500000,0.87500000,134137.98000000
1788429600000,0.87500000,0.88000000,0.87200000,0.87700000,173928.32000000
1788433200000,0.87800000,0.88000000,0.87400000,0.87800000,206488.70000000
1788436800000,0.87700000,0.88300000,0.87400000,0.88100000,308674.15000000
1788440400000,0.88000000,0.88000000,0.86900000,0.87000000,289410.39000000
1788444000000,0.86900000,0.89100000,0.86800000,0.89100000,505263.07000000
1788447600000,0.89100000,0.89500000,0.88200000,0.89300000,500574.22000000
1788451200000,0.89300000,0.89500000,0.88500000,0.88900000,1027832.26000000
1788454800000,0.88900000,0.89000000,0.88600000,0.88900000,391876.76000000
1788458400000,0.88800000,0.89800000,0.88800000,0.89500000,606197.24000000
1788462000000,0.89500000,0.90100000,0.89200000,0.89700000,534215.12000000
1788465600000,0.89700000,0.89800000,0.89200000,0.89700000,161771.12000000
1788469200000,0.89700000,0.90100000,0.89500000,0.89500000,423474.30000000
1788472800000,0.89500000,0.89500000,0.88200000,0.88800000,252334.71000000
1788476400000,0.88800000,0.88900000,0.88600000,0.88900000,192588.16000000
1788480000000,0.88800000,0.89200000,0.88600000,0.88700000,138058.30000000
1788483600000,0.88700000,0.88800000,0.87700000,0.88000000,193281.12000000
1788487200000,0.88100000,0.88100000,0.87500000,0.88000000,103779.89000000
1788490800000,0.88000000,0.88200000,0.87500000,0.87800000,63580.64000000
1788494400000,0.87700000,0.88000000,0.87300000,0.87400000,146663.69000000
1788498000000,0.87400000,0.88200000,0.86500000,0.87000000,267132.87000000
1788501600000,0.87000000,0.87300000,0.86800000,0.87200000,121483.27000000
1788505200000,0.87200000,0.87700000,0.87100000,0.87300000,280817.95000000
1788508800000,0.87300000,0.88200000,0.87200000,0.88100000,372942.58000000
1788512400000,0.88100000,0.88300000,0.87400000,0.87600000,203906.17000000
1788516000000,0.87600000,0.88000000,0.87300000,0.87800000,317076.88000000
1788519600000,0.87800000,0.88400000,0.87800000,0.88100000,160622.11000000
1788523200000,0.88100000,0.88100000,0.84500000,0.85200000,1725035.26000000
1788526800000,0.85100000,0.86400000,0.84900000,0.86000000,333677.63000000
1788530400000,0.85900000,0.86100000,0.84200000,0.84800000,477219.21000000
1788534000000,0.84800000,0.85500000,0.84500000,0.85500000,369792.40000000
1788537600000,0.85400000,0.86100000,0.85200000,0.85900000,230694.20000000
1788541200000,0.85900000,0.86000000,0.85200000,0.85600000,361030.50000000
1788544800000,0.85600000,0.86700000,0.85600000,0.86600000,296339.56000000
1788548400000,0.86500000,0.88100000,0.86400000,0.87500000,385124.94000000
1788552000000,0.87500000,0.87800000,0.86600000,0.86900000,222687.46000000
1788555600000,0.87000000,0.87900000,0.86600000,0.86700000,281406.68000000
1788559200000,0.86700000,0.87500000,0.86700000,0.87000000,216727.90000000
1788562800000,0.87000000,0.90300000,0.86700000,0.90000000,890918.81000000
1788566400000,0.90000000,0.90100000,0.88600000,0.89200000,474917.24000000
1788570000000,0.89100000,0.91200000,0.89000000,0.90400000,749756.16000000
1788573600000,0.90400000,0.90800000,0.89400000,0.89600000,270572.37000000
1788577200000,0.89600000,0.89800000,0.89100000,0.89300000,215909.09000000
1788580800000,0.89300000,0.89300000,0.88400000,0.88900000,185257.84000000
1788584400000,0.88900000,0.90300000,0.88600000,0.90200000,243423.62000000
1788588000000,0.90300000,0.91500000,0.90100000,0.91300000,396184.66000000
1788591600000,0.91400000,0.91600000,0.90500000,0.90700000,355039.09000000
1788595200000,0.90700000,0.90800000,0.89800000,0.90300000,291099.25000000
1788598800000,0.90300000,0.92000000,0.90100000,0.91500000,545894.75000000
1788602400000,0.91500000,0.91500000,0.90600000,0.90900000,203785.42000000
1788606000000,0.91000000,0.91000000,0.90400000,0.90600000,158023.00000000
1788609600000,0.90600000,0.92600000,0.90500000,0.91700000,522558.04000000
1788613200000,0.91800000,0.92000000,0.91100000,0.91600000,472217.36000000
1788616800000,0.91700000,0.91800000,0.91100000,0.91400000,149659.62000000
1788620400000,0.91400000,0.91500000,0.90700000,0.91100000,177104.19000000
1788624000000,0.91100000,0.91300000,0.90600000,0.91000000,190972.47000000
1788627600000,0.91000000,0.91300000,0.90700000,0.91200000,181901.32000000
1788631200000,0.91200000,0.91300000,0.90800000,0.90900000,97018.23000000
1788634800000,0.90800000,0.91200000,0.90700000,0.91000000,294911.28000000
1788638400000,0.91100000,0.91700000,0.90900000,0.91100000,222975.07000000
1788642000000,0.91100000,0.92500000,0.90800000,0.92400000,441720.45000000
1788645600000,0.92500000,0.92800000,0.91900000,0.92100000,215196.57000000
1788649200000,0.92100000,0.92100000,0.91400000,0.91600000,122230.90000000
1788652800000,0.91500000,0.92500000,0.91400000,0.92300000,309369.81000000
1788656400000,0.92300000,0.93200000,0.92100000,0.92900000,341427.29000000
1788660000000,0.92900000,0.93600000,0.92500000,0.92800000,414368.21000000
1788663600000,0.92900000,0.93100000,0.92000000,0.93000000,308364.17000000
1788667200000,0.93100000,0.93200000,0.92300000,0.92800000,184274.53000000
1788670800000,0.92900000,0.93500000,0.92600000,0.93100000,235728.79000000
1788674400000,0.93200000,0.94300000,0.92600000,0.93900000,277628.94000000
1788678000000,0.94000000,0.94400000,0.93200000,0.94300000,323356.50000000
1788681600000,0.94200000,0.96100000,0.93500000,0.93900000,1085809.35000000
1788685200000,0.94000000,0.94700000,0.93500000,0.94300000,417895.20000000
1788688800000,0.94300000,0.97300000,0.94100000,0.97300000,850774.18000000
1788692400000,0.97200000,0.99000000,0.97000000,0.98400000,992154.46000000
1788696000000,0.98400000,0.99200000,0.96600000,0.97000000,765186.46000000
1788699600000,0.97000000,0.97900000,0.96500000,0.97500000,564073.17000000
1788703200000,0.97500000,0.97600000,0.95100000,0.95700000,676561.59000000
1788706800000,0.95700000,0.95700000,0.94600000,0.95400000,419529.54000000
1788710400000,0.95400000,0.97000000,0.95300000,0.97000000,214426.69000000
1788714000000,0.97000000,0.97300000,0.95800000,0.96000000,259464.83000000
1788717600000,0.96000000,0.96700000,0.95700000,0.96100000,232065.14000000
1788721200000,0.96100000,0.96800000,0.95400000,0.96300000,386697.44000000
1788724800000,0.96400000,0.97100000,0.96200000,0.96600000,234284.58000000
1788728400000,0.96700000,0.98600000,0.96600000,0.98400000,387595.45000000
1788732000000,0.98400000,0.98400000,0.96600000,0.97500000,417217.15000000
1788735600000,0.97400000,0.98000000,0.97300000,0.97900000,218178.19000000
1788739200000,0.97900000,1.02900000,0.97700000,1.02600000,1761138.11000000
1788742800000,1.02500000,1.02600000,0.98500000,0.98600000,991790.21000000
1788746400000,0.98600000,0.99900000,0.97900000,0.98500000,565254.26000000
1788750000000,0.98500000,0.98600000,0.96900000,0.97100000,306365.57000000
1788753600000,0.97100000,0.98300000,0.96800000,0.98100000,429378.02000000
1788757200000,0.98100000,0.99300000,0.97400000,0.97500000,458984.94000000
1788760800000,0.97500000,0.98100000,0.96800000,0.97200000,304438.47000000
1788764400000,0.97300000,0.97300000,0.95600000,0.96400000,611602.86000000
1788768000000,0.96400000,0.97500000,0.96400000,0.97400000,310958.23000000
1788771600000,0.97400000,0.98600000,0.97300000,0.97800000,497542.04000000
1788775200000,0.97900000,0.99400000,0.97700000,0.98500000,432898.65000000
1788778800000,0.98400000,0.99300000,0.97800000,0.97900000,592407.27000000
1788782400000,0.97900000,1.02200000,0.97300000,1.02200000,984301.66000000
1788786000000,1.02200000,1.06100000,1.01400000,1.05700000,1946032.03000000
1788789600000,1.05600000,1.07800000,1.04800000,1.06800000,3073675.31000000
1788793200000,1.06900000,1.09100000,1.05700000,1.07800000,2835648.55000000
1788796800000,1.07800000,1.10900000,1.07300000,1.10000000,2440703.13000000
1788800400000,1.10000000,1.10500000,1.08200000,1.09600000,1357070.62000000
1788804000000,1.09600000,1.10600000,1.08200000,1.09100000,2079644.43000000
1788807600000,1.09000000,1.09300000,1.05000000,1.06000000,1899913.99000000
1788811200000,1.05900000,1.06900000,1.04800000,1.06500000,999961.79000000
1788814800000,1.06500000,1.07800000,1.06200000,1.07300000,498504.65000000
1788818400000,1.07200000,1.07500000,1.03900000,1.04300000,1010274.71000000
1788822000000,1.04300000,1.06700000,1.04000000,1.06300000,780565.02000000
1788825600000,1.06200000,1.07200000,1.05800000,1.07200000,453475.80000000
1788829200000,1.07000000,1.07000000,1.05600000,1.05800000,368152.04000000
1788832800000,1.05700000,1.06800000,1.05400000,1.06300000,301214.50000000
1788836400000,1.06300000,1.08700000,1.06300000,1.07900000,739122.27000000
1788840000000,1.07800000,1.08200000,1.06200000,1.06300000,548095.84000000
1788843600000,1.06400000,1.08100000,1.06200000,1.07200000,791153.75000000
1788847200000,1.07300000,1.07300000,1.04700000,1.06300000,602571.62000000
1788850800000,1.06300000,1.06900000,1.05700000,1.06000000,435119.11000000
1788854400000,1.06000000,1.07800000,1.05500000,1.06700000,296117.31000000
1788858000000,1.06700000,1.09600000,1.06100000,1.08700000,567896.72000000
1788861600000,1.08600000,1.09800000,1.07800000,1.08600000,557855.62000000
1788865200000,1.08500000,1.09300000,1.07100000,1.07900000,470739.98000000
1788868800000,1.07800000,1.09300000,1.07400000,1.09000000,410452.22000000
1788872400000,1.09000000,1.09000000,1.06000000,1.07300000,701752.50000000
1788876000000,1.07300000,1.14700000,1.07200000,1.12300000,2076577.62000000
1788879600000,1.12300000,1.20100000,1.11500000,1.19600000,4490499.06000000
1788883200000,1.19600000,1.20000000,1.17500000,1.19000000,1543278.12000000
1788886800000,1.19000000,1.22900000,1.19000000,1.22200000,1737626.68000000
