timestamp,open,high,low,close,volume
1757354400000,23.01000000,23.18000000,23.00000000,23.10000000,123402.00000000
1757358000000,23.10000000,23.10000000,22.90000000,22.99000000,80084.14000000
1757361600000,23.00000000,23.02000000,22.84000000,22.90000000,64766.19000000
1757365200000,22.91000000,23.14000000,22.85000000,23.13000000,60842.00000000
1757368800000,23.14000000,23.18000000,23.04000000,23.06000000,145942.38000000
1757372400000,23.07000000,23.15000000,22.96000000,23.04000000,87932.22000000
1757376000000,23.04000000,23.26000000,23.03000000,23.24000000,302057.27000000
1757379600000,23.24000000,23.30000000,22.98000000,23.05000000,155811.14000000
1757383200000,23.04000000,23.09000000,22.86000000,22.90000000,225689.55000000
1757386800000,22.90000000,23.20000000,22.86000000,23.18000000,95053.97000000
1757390400000,23.18000000,23.32000000,23.09000000,23.21000000,181865.06000000
1757394000000,23.21000000,23.31000000,23.08000000,23.30000000,112994.44000000
1757397600000,23.30000000,23.77000000,23.28000000,23.62000000,468314.65000000
1757401200000,23.63000000,23.78000000,23.57000000,23.67000000,266943.63000000
1757404800000,23.68000000,23.77000000,23.58000000,23.69000000,142903.25000000
1757408400000,23.70000000,23.82000000,23.62000000,23.65000000,191052.15000000
1757412000000,23.65000000,23.78000000,23.60000000,23.64000000,152955.95000000
1757415600000,23.65000000,23.70000000,23.51000000,23.52000000,144911.46000000
1757419200000,23.53000000,23.76000000,23.45000000,23.67000000,252368.25000000
1757422800000,23.66000000,23.71000000,23.47000000,23.57000000,241851.98000000
1757426400000,23.58000000,23.67000000,23.03000000,23.21000000,649725.11000000
1757430000000,23.20000000,23.25000000,22.83000000,22.94000000,281625.82000000
1757433600000,22.93000000,23.01000000,22.84000000,22.98000000,219687.40000000
1757437200000,22.98000000,23.09000000,22.90000000,22.94000000,98822.31000000
1757440800000,22.95000000,23.06000000,22.90000000,22.99000000,95260.91000000
1757444400000,22.98000000,23.11000000,22.92000000,23.07000000,64036.43000000
1757448000000,23.07000000,23.11000000,22.97000000,23.10000000,68279.50000000
1757451600000,23.10000000,23.20000000,22.98000000,22.99000000,83543.28000000
1757455200000,23.00000000,23.13000000,22.96000000,23.11000000,52389.40000000
1757458800000,23.12000000,23.12000000,23.01000000,23.05000000,84898.71000000
1757462400000,23.05000000,23.10000000,22.89000000,22.91000000,71886.91000000
1757466000000,22.91000000,23.08000000,22.89000000,23.05000000,104797.59000000
1757469600000,23.06000000,23.42000000,23.06000000,23.36000000,163084.87000000
1757473200000,23.35000000,23.42000000,23.24000000,23.39000000,139481.12000000
1757476800000,23.40000000,23.40000000,23.21000000,23.28000000,49700.21000000
1757480400000,23.28000000,23.46000000,23.15000000,23.39000000,132664.25000000
1757484000000,23.39000000,23.59000000,23.29000000,23.54000000,109937.45000000
1757487600000,23.55000000,23.67000000,23.26000000,23.44000000,227743.85000000
1757491200000,23.45000000,23.53000000,23.38000000,23.44000000,107922.77000000
1757494800000,23.44000000,23.49000000,23.32000000,23.39000000,96588.09000000
1757498400000,23.38000000,23.45000000,23.32000000,23.38000000,50797.52000000
1757502000000,23.38000000,23.45000000,23.28000000,23.35000000,47216.92000000
1757505600000,23.36000000,23.74000000,23.34000000,23.64000000,454802.13000000
1757509200000,23.64000000,23.93000000,23.59000000,23.77000000,476248.76000000
1757512800000,23.77000000,23.90000000,23.60000000,23.62000000,219450.67000000
1757516400000,23.62000000,23.74000000,23.59000000,23.68000000,96083.13000000
1757520000000,23.67000000,23.70000000,23.45000000,23.63000000,124756.32000000
1757523600000,23.63000000,23.69000000,23.46000000,23.61000000,84353.53000000
1757527200000,23.61000000,23.64000000,23.44000000,23.52000000,59280.63000000
1757530800000,23.53000000,23.55000000,23.20000000,23.32000000,174109.16000000
1757534400000,23.33000000,23.41000000,23.30000000,23.33000000,90350.19000000
1757538000000,23.33000000,23.55000000,23.31000000,23.54000000,94523.31000000
1757541600000,23.55000000,23.61000000,23.49000000,23.59000000,64508.83000000
1757545200000,23.59000000,23.62000000,23.50000000,23.57000000,62464.96000000
1757548800000,23.57000000,23.68000000,23.43000000,23.66000000,84784.29000000
1757552400000,23.67000000,23.77000000,23.62000000,23.74000000,72008.13000000
1757556000000,23.73000000,23.76000000,23.65000000,23.70000000,43305.51000000
1757559600000,23.70000000,23.84000000,23.69000000,23.81000000,80544.10000000
1757563200000,23.81000000,23.86000000,23.76000000,23.78000000,81578.44000000
1757566800000,23.79000000,23.80000000,23.65000000,23.76000000,129356.45000000
1757570400000,23.76000000,23.88000000,23.68000000,23.83000000,98881.82000000
1757574000000,23.83000000,23.90000000,23.76000000,23.83000000,104349.93000000
1757577600000,23.82000000,23.86000000,23.77000000,23.83000000,69016.37000000
1757581200000,23.83000000,23.84000000,23.68000000,23.76000000,97001.93000000
1757584800000,23.75000000,23.83000000,23.71000000,23.76000000,47083.37000000
1757588400000,23.75000000,23.85000000,23.74000000,23.76000000,70988.37000000
1757592000000,23.77000000,24.27000000,23.31000000,23.75000000,1246768.70000000
1757595600000,23.76000000,23.81000000,23.44000000,23.78000000,297633.90000000
1757599200000,23.79000000,23.79000000,23.49000000,23.63000000,135415.25000000
1757602800000,23.62000000,23.68000000,23.48000000,23.52000000,94151.96000000
1757606400000,23.52000000,23.67000000,23.51000000,23.60000000,58150.93000000
1757610000000,23.60000000,23.73000000,23.56000000,23.72000000,93287.00000000
1757613600000,23.72000000,23.83000000,23.68000000,23.81000000,91594.60000000
1757617200000,23.80000000,23.99000000,23.75000000,23.94000000,96577.57000000
1757620800000,23.94000000,24.25000000,23.88000000,24.18000000,406644.79000000
1757624400000,24.18000000,24.22000000,24.12000000,24.18000000,121403.40000000
1757628000000,24.18000000,24.42000000,24.13000000,24.40000000,208953.10000000
1757631600000,24.40000000,24.50000000,24.33000000,24.47000000,196383.65000000
1757635200000,24.47000000,24.75000000,24.36000000,24.65000000,387617.61000000
1757638800000,24.65000000,24.71000000,24.40000000,24.40000000,257053.50000000
1757642400000,24.40000000,24.72000000,24.40000000,24.68000000,203923.00000000
1757646000000,24.68000000,24.71000000,24.55000000,24.69000000,112611.00000000
1757649600000,24.69000000,24.83000000,24.58000000,24.68000000,150158.95000000
1757653200000,24.68000000,24.79000000,24.60000000,24.79000000,124049.01000000
1757656800000,24.79000000,24.80000000,24.61000000,24.64000000,96842.53000000
1757660400000,24.64000000,24.72000000,24.52000000,24.53000000,112495.32000000
1757664000000,24.54000000,24.55000000,24.41000000,24.46000000,97861.26000000
1757667600000,24.46000000,24.54000000,24.41000000,24.50000000,128040.12000000
1757671200000,24.49000000,24.50000000,24.29000000,24.39000000,130455.54000000
1757674800000,24.39000000,24.51000000,24.30000000,24.32000000,156981.70000000
1757678400000,24.32000000,24.40000000,24.16000000,24.35000000,158932.69000000
1757682000000,24.35000000,24.43000000,24.27000000,24.41000000,104815.13000000
1757685600000,24.41000000,24.67000000,24.33000000,24.57000000,663393.50000000
1757689200000,24.58000000,24.58000000,24.35000000,24.49000000,99743.49000000
1757692800000,24.49000000,24.69000000,24.42000000,24.60000000,307387.14000000
1757696400000,24.61000000,24.82000000,24.53000000,24.82000000,199804.74000000
1757700000000,24.82000000,25.02000000,24.78000000,24.98000000,276802.10000000
1757703600000,24.98000000,25.15000000,24.92000000,25.12000000,156836.61000000
1757707200000,25.13000000,25.22000000,24.92000000,25.22000000,231168.68000000
1757710800000,25.21000000,25.22000000,24.92000000,24.94000000,139137.86000000
1757714400000,24.94000000,25.33000000,24.94000000,25.13000000,261532.51000000
1757718000000,25.13000000,25.20000000,25.00000000,25.13000000,88074.71000000
1757721600000,25.12000000,25.14000000,25.02000000,25.07000000,194961.42000000
1757725200000,25.08000000,25.25000000,24.98000000,24.98000000,229875.11000000
1757728800000,24.99000000,25.09000000,24.93000000,25.05000000,89338.22000000
1757732400000,25.04000000,25.30000000,25.04000000,25.23000000,149656.79000000
1757736000000,25.23000000,25.24000000,25.12000000,25.13000000,90704.50000000
1757739600000,25.14000000,25.14000000,25.01000000,25.08000000,181748.77000000
1757743200000,25.08000000,25.23000000,25.06000000,25.14000000,144473.21000000
1757746800000,25.14000000,25.21000000,25.09000000,25.16000000,59865.90000000
1757750400000,25.17000000,25.49000000,25.16000000,25.44000000,278869.82000000
1757754000000,25.44000000,25.64000000,25.39000000,25.53000000,258646.30000000
1757757600000,25.54000000,25.54000000,25.18000000,25.27000000,293327.42000000
1757761200000,25.26000000,25.29000000,25.07000000,25.29000000,253219.44000000
1757764800000,25.28000000,25.33000000,25.20000000,25.33000000,111172.32000000
1757768400000,25.32000000,25.41000000,24.69000000,25.01000000,367750.21000000
1757772000000,25.01000000,25.14000000,24.83000000,24.96000000,211362.10000000
1757775600000,24.97000000,25.09000000,24.77000000,24.83000000,191204.79000000
1757779200000,24.84000000,24.92000000,24.58000000,24.64000000,338733.11000000
1757782800000,24.65000000,24.79000000,24.44000000,24.77000000,234534.43000000
1757786400000,24.77000000,24.80000000,24.66000000,24.74000000,76807.93000000
1757790000000,24.74000000,24.78000000,24.69000000,24.76000000,71113.90000000
1757793600000,24.76000000,24.93000000,24.75000000,24.92000000,125452.77000000
1757797200000,24.91000000,24.98000000,24.81000000,24.85000000,102758.58000000
1757800800000,24.85000000,24.89000000,24.77000000,24.83000000,39198.06000000
1757804400000,24.82000000,24.92000000,24.80000000,24.88000000,59480.68000000
1757808000000,24.88000000,24.91000000,24.73000000,24.80000000,70808.71000000
1757811600000,24.81000000,24.86000000,24.65000000,24.85000000,75414.98000000
1757815200000,24.86000000,25.02000000,24.81000000,24.92000000,163989.95000000
1757818800000,24.92000000,24.94000000,24.63000000,24.66000000,86139.53000000
1757822400000,24.67000000,24.73000000,24.47000000,24.64000000,171053.02000000
1757826000000,24.64000000,24.85000000,24.62000000,24.85000000,65274.91000000
1757829600000,24.85000000,24.89000000,24.65000000,24.73000000,80726.76000000
1757833200000,24.73000000,24.74000000,24.53000000,24.60000000,91787.35000000
1757836800000,24.60000000,24.69000000,24.54000000,24.59000000,50384.98000000
1757840400000,24.59000000,24.72000000,24.55000000,24.69000000,71392.22000000
1757844000000,24.68000000,24.77000000,24.63000000,24.65000000,58809.39000000
1757847600000,24.64000000,24.68000000,24.31000000,24.37000000,185808.84000000
1757851200000,24.37000000,24.49000000,24.18000000,24.29000000,113269.94000000
1757854800000,24.29000000,24.32000000,24.02000000,24.14000000,172329.02000000
1757858400000,24.13000000,24.29000000,23.84000000,23.99000000,311832.29000000
1757862000000,23.99000000,24.10000000,23.88000000,24.04000000,124074.35000000
1757865600000,24.04000000,24.19000000,24.00000000,24.10000000,91034.82000000
1757869200000,24.10000000,24.27000000,24.06000000,24.22000000,110162.13000000
1757872800000,24.23000000,24.23000000,24.08000000,24.11000000,90043.48000000
1757876400000,24.11000000,24.25000000,24.05000000,24.16000000,73246.71000000
1757880000000,24.16000000,24.25000000,24.14000000,24.23000000,56406.24000000
1757883600000,24.22000000,24.36000000,24.08000000,24.30000000,155063.18000000
1757887200000,24.30000000,24.40000000,24.16000000,24.34000000,73404.17000000
1757890800000,24.33000000,24.33000000,24.04000000,24.09000000,58686.19000000
1757894400000,24.10000000,24.26000000,24.04000000,24.10000000,75482.58000000
1757898000000,24.09000000,24.24000000,23.91000000,24.16000000,102317.42000000
1757901600000,24.15000000,24.29000000,24.09000000,24.11000000,78492.71000000
1757905200000,24.10000000,24.32000000,24.08000000,24.26000000,73602.16000000
1757908800000,24.27000000,24.39000000,24.22000000,24.24000000,75412.87000000
1757912400000,24.24000000,24.44000000,24.21000000,24.42000000,87726.44000000
1757916000000,24.43000000,24.44000000,24.01000000,24.13000000,154979.86000000
1757919600000,24.12000000,24.29000000,23.76000000,23.85000000,301655.01000000
1757923200000,23.85000000,23.86000000,23.22000000,23.24000000,871810.77000000
1757926800000,23.24000000,23.46000000,23.19000000,23.42000000,217071.20000000
1757930400000,23.41000000,23.44000000,23.25000000,23.41000000,100629.56000000
1757934000000,23.41000000,23.48000000,23.33000000,23.42000000,65384.23000000
1757937600000,23.42000000,23.45000000,23.20000000,23.24000000,166488.49000000
1757941200000,23.25000000,23.41000000,23.18000000,23.32000000,179167.20000000
1757944800000,23.32000000,23.40000000,23.15000000,23.23000000,204808.32000000
1757948400000,23.23000000,23.31000000,22.99000000,23.17000000,241592.74000000
1757952000000,23.16000000,23.25000000,23.00000000,23.07000000,111646.44000000
1757955600000,23.06000000,23.26000000,22.97000000,23.26000000,99348.89000000
1757959200000,23.25000000,23.35000000,23.17000000,23.32000000,76716.20000000
1757962800000,23.32000000,23.41000000,23.20000000,23.35000000,75050.64000000
1757966400000,23.35000000,23.58000000,23.32000000,23.58000000,101559.83000000
1757970000000,23.58000000,23.85000000,23.49000000,23.81000000,109200.32000000
1757973600000,23.82000000,23.87000000,23.59000000,23.63000000,80226.64000000
1757977200000,23.63000000,23.65000000,23.54000000,23.56000000,48125.42000000
1757980800000,23.56000000,23.59000000,23.45000000,23.52000000,59264.62000000
1757984400000,23.52000000,23.63000000,23.41000000,23.42000000,111741.91000000
1757988000000,23.43000000,23.61000000,23.43000000,23.45000000,71515.27000000
1757991600000,23.45000000,23.51000000,23.36000000,23.36000000,99875.82000000
1757995200000,23.37000000,23.39000000,23.16000000,23.35000000,94404.25000000
1757998800000,23.35000000,23.55000000,23.32000000,23.55000000,88392.92000000
1758002400000,23.55000000,23.58000000,23.32000000,23.40000000,68135.92000000
1758006000000,23.40000000,23.53000000,23.39000000,23.49000000,48604.83000000
1758009600000,23.50000000,23.73000000,23.49000000,23.68000000,122306.53000000
1758013200000,23.67000000,23.76000000,23.60000000,23.72000000,76570.34000000
1758016800000,23.72000000,23.75000000,23.56000000,23.57000000,122765.98000000
1758020400000,23.58000000,23.68000000,23.50000000,23.62000000,60996.49000000
1758024000000,23.62000000,23.70000000,23.54000000,23.55000000,55251.23000000
1758027600000,23.56000000,23.63000000,23.26000000,23.48000000,180229.32000000
1758031200000,23.48000000,23.48000000,23.10000000,23.36000000,192815.85000000
1758034800000,23.36000000,23.48000000,23.25000000,23.45000000,157319.46000000
1758038400000,23.45000000,23.47000000,23.24000000,23.46000000,202114.73000000
1758042000000,23.45000000,23.74000000,23.44000000,23.56000000,213784.62000000
1758045600000,23.57000000,23.68000000,23.43000000,23.49000000,51337.89000000
1758049200000,23.50000000,23.59000000,23.45000000,23.58000000,79210.50000000
1758052800000,23.58000000,23.59000000,23.48000000,23.58000000,99552.89000000
1758056400000,23.58000000,23.70000000,23.52000000,23.69000000,91326.43000000
1758060000000,23.70000000,23.75000000,23.58000000,23.61000000,128661.69000000
1758063600000,23.61000000,23.61000000,23.45000000,23.48000000,89830.96000000
1758067200000,23.49000000,23.54000000,23.38000000,23.53000000,79209.39000000
1758070800000,23.53000000,23.57000000,23.40000000,23.47000000,79674.52000000
1758074400000,23.46000000,23.63000000,23.41000000,23.48000000,64010.48000000
1758078000000,23.48000000,23.55000000,23.29000000,23.31000000,75620.12000000
1758081600000,23.30000000,23.36000000,23.19000000,23.25000000,49755.38000000
1758085200000,23.24000000,23.43000000,23.20000000,23.42000000,62618.27000000
1758088800000,23.41000000,23.58000000,23.32000000,23.57000000,106819.88000000
1758092400000,23.57000000,23.62000000,23.50000000,23.56000000,76963.00000000
1758096000000,23.56000000,23.57000000,23.31000000,23.32000000,94822.88000000
1758099600000,23.32000000,23.32000000,23.22000000,23.24000000,190048.50000000
1758103200000,23.24000000,23.27000000,23.02000000,23.12000000,226571.87000000
1758106800000,23.12000000,23.21000000,23.00000000,23.08000000,222452.56000000
1758110400000,23.07000000,23.11000000,22.75000000,22.98000000,728113.46000000
1758114000000,22.97000000,23.09000000,22.91000000,22.96000000,137958.95000000
1758117600000,22.96000000,23.01000000,22.86000000,22.88000000,151199.52000000
1758121200000,22.89000000,22.98000000,22.86000000,22.97000000,87794.06000000
1758124800000,22.96000000,23.10000000,22.85000000,23.08000000,102117.84000000
1758128400000,23.08000000,23.37000000,22.83000000,22.83000000,279739.99000000
1758132000000,22.83000000,23.31000000,22.77000000,22.95000000,945699.36000000
1758135600000,22.95000000,23.50000000,22.94000000,23.45000000,279759.69000000
1758139200000,23.45000000,23.75000000,23.38000000,23.42000000,251930.27000000
1758142800000,23.41000000,23.75000000,23.23000000,23.69000000,206271.76000000
1758146400000,23.69000000,24.16000000,23.69000000,24.09000000,560317.55000000
1758150000000,24.09000000,24.24000000,23.91000000,23.99000000,256110.38000000
1758153600000,24.00000000,24.07000000,23.83000000,23.90000000,145193.48000000
1758157200000,23.91000000,24.11000000,23.88000000,24.02000000,185361.99000000
1758160800000,24.03000000,24.03000000,23.87000000,24.00000000,83266.85000000
1758164400000,24.00000000,24.19000000,23.94000000,24.13000000,169799.55000000
1758168000000,24.13000000,24.16000000,23.97000000,24.08000000,115552.26000000
1758171600000,24.08000000,24.09000000,23.86000000,23.94000000,95894.30000000
1758175200000,23.95000000,23.98000000,23.68000000,23.83000000,147853.24000000
1758178800000,23.84000000,24.07000000,23.76000000,23.96000000,83935.32000000
1758182400000,23.97000000,24.26000000,23.91000000,24.24000000,118395.50000000
1758186000000,24.25000000,24.43000000,24.16000000,24.29000000,197628.35000000
1758189600000,24.28000000,24.31000000,24.09000000,24.20000000,141438.20000000
1758193200000,24.21000000,24.26000000,24.14000000,24.20000000,106810.81000000
1758196800000,24.21000000,24.33000000,24.10000000,24.31000000,175046.80000000
1758200400000,24.30000000,24.40000000,24.05000000,24.33000000,292029.42000000
1758204000000,24.33000000,24.42000000,24.27000000,24.38000000,181472.93000000
1758207600000,24.39000000,24.50000000,24.33000000,24.47000000,189148.92000000
1758211200000,24.47000000,24.50000000,24.34000000,24.41000000,96905.02000000
1758214800000,24.42000000,24.59000000,24.35000000,24.57000000,183064.77000000
1758218400000,24.56000000,24.60000000,24.48000000,24.59000000,108745.60000000
1758222000000,24.58000000,24.60000000,24.34000000,24.49000000,112203.34000000
1758225600000,24.48000000,24.60000000,24.45000000,24.58000000,96120.50000000
1758229200000,24.59000000,24.65000000,24.51000000,24.58000000,103266.49000000
1758232800000,24.58000000,24.75000000,24.48000000,24.67000000,168473.60000000
1758236400000,24.67000000,24.70000000,24.49000000,24.62000000,206824.79000000
1758240000000,24.63000000,24.78000000,24.63000000,24.72000000,101657.24000000
1758243600000,24.73000000,24.89000000,24.65000000,24.80000000,221651.08000000
1758247200000,24.79000000,24.84000000,24.61000000,24.71000000,159215.21000000
1758250800000,24.71000000,24.80000000,24.42000000,24.47000000,244324.21000000
1758254400000,24.47000000,24.66000000,24.23000000,24.66000000,290590.62000000
1758258000000,24.66000000,24.67000000,24.37000000,24.51000000,163085.62000000
1758261600000,24.51000000,24.59000000,24.38000000,24.39000000,161559.37000000
1758265200000,24.39000000,24.85000000,24.26000000,24.73000000,361955.67000000
1758268800000,24.73000000,24.86000000,24.58000000,24.60000000,228422.22000000
1758272400000,24.61000000,24.70000000,24.36000000,24.41000000,167991.00000000
1758276000000,24.41000000,24.44000000,24.22000000,24.22000000,171739.85000000
1758279600000,24.22000000,24.23000000,23.80000000,23.85000000,304890.91000000
1758283200000,23.85000000,23.99000000,23.81000000,23.82000000,179372.95000000
1758286800000,23.81000000,23.99000000,23.76000000,23.88000000,202605.26000000
1758290400000,23.88000000,23.93000000,23.53000000,23.59000000,226155.43000000
1758294000000,23.58000000,23.63000000,23.33000000,23.61000000,392286.27000000
1758297600000,23.60000000,23.72000000,23.57000000,23.64000000,87942.48000000
1758301200000,23.64000000,23.64000000,23.38000000,23.39000000,149264.74000000
1758304800000,23.39000000,23.50000000,23.27000000,23.42000000,81676.56000000
1758308400000,23.41000000,23.52000000,23.38000000,23.39000000,47879.40000000
1758312000000,23.38000000,23.51000000,23.38000000,23.42000000,62566.67000000
1758315600000,23.41000000,23.56000000,23.36000000,23.55000000,98168.68000000
1758319200000,23.55000000,23.59000000,23.51000000,23.57000000,42237.25000000
1758322800000,23.56000000,23.67000000,23.38000000,23.47000000,110820.21000000
1758326400000,23.48000000,23.66000000,23.44000000,23.65000000,57710.73000000
1758330000000,23.65000000,23.65000000,23.45000000,23.48000000,66352.98000000
1758333600000,23.48000000,23.50000000,23.34000000,23.47000000,90656.34000000
1758337200000,23.48000000,23.48000000,23.36000000,23.42000000,32922.11000000
1758340800000,23.42000000,23.47000000,23.37000000,23.43000000,103180.90000000
1758344400000,23.44000000,23.49000000,23.36000000,23.47000000,64117.36000000
1758348000000,23.48000000,23.53000000,23.38000000,23.53000000,49297.46000000
1758351600000,23.52000000,23.59000000,23.43000000,23.51000000,60549.65000000
1758355200000,23.51000000,23.51000000,23.18000000,23.26000000,165827.17000000
1758358800000,23.27000000,23.32000000,23.16000000,23.17000000,91882.13000000
1758362400000,23.18000000,23.27000000,23.14000000,23.15000000,69616.17000000
1758366000000,23.16000000,23.31000000,23.15000000,23.29000000,110366.16000000
1758369600000,23.29000000,23.31000000,23.16000000,23.19000000,88602.58000000
1758373200000,23.19000000,23.19000000,23.12000000,23.15000000,46069.98000000
1758376800000,23.15000000,23.41000000,23.09000000,23.40000000,94372.89000000
1758380400000,23.40000000,23.58000000,23.38000000,23.42000000,157943.21000000
1758384000000,23.43000000,23.50000000,23.31000000,23.44000000,71096.53000000
1758387600000,23.45000000,23.45000000,23.32000000,23.36000000,46737.56000000
1758391200000,23.35000000,23.36000000,23.23000000,23.27000000,51595.89000000
1758394800000,23.26000000,23.34000000,23.23000000,23.30000000,19401.48000000
1758398400000,23.29000000,23.40000000,23.27000000,23.39000000,42308.48000000
1758402000000,23.39000000,23.46000000,23.36000000,23.39000000,45144.62000000
1758405600000,23.39000000,23.39000000,23.32000000,23.37000000,23809.78000000
1758409200000,23.38000000,23.38000000,23.30000000,23.34000000,42447.37000000
1758412800000,23.33000000,23.43000000,23.28000000,23.40000000,31388.05000000
1758416400000,23.40000000,23.42000000,23.30000000,23.31000000,30403.62000000
1758420000000,23.32000000,23.40000000,23.24000000,23.37000000,61783.13000000
1758423600000,23.37000000,23.38000000,23.31000000,23.37000000,29632.23000000
1758427200000,23.38000000,23.39000000,23.27000000,23.32000000,54171.69000000
1758430800000,23.33000000,23.42000000,23.28000000,23.42000000,53970.31000000
1758434400000,23.43000000,23.49000000,23.35000000,23.35000000,41704.92000000
1758438000000,23.35000000,23.36000000,23.30000000,23.36000000,43019.13000000
1758441600000,23.35000000,23.40000000,23.19000000,23.20000000,78070.06000000
1758445200000,23.21000000,23.23000000,23.02000000,23.20000000,107504.44000000
1758448800000,23.19000000,23.22000000,23.09000000,23.11000000,128915.60000000
1758452400000,23.10000000,23.20000000,23.08000000,23.11000000,69377.51000000
1758456000000,23.11000000,23.27000000,23.09000000,23.13000000,35474.21000000
1758459600000,23.14000000,23.23000000,23.12000000,23.17000000,48772.38000000
1758463200000,23.18000000,23.23000000,23.07000000,23.10000000,62557.94000000
1758466800000,23.09000000,23.16000000,23.04000000,23.09000000,44074.09000000
1758470400000,23.09000000,23.11000000,22.93000000,22.99000000,99736.16000000
1758474000000,23.00000000,23.14000000,22.90000000,23.14000000,59368.17000000
1758477600000,23.14000000,23.20000000,23.08000000,23.19000000,23827.61000000
1758481200000,23.19000000,23.20000000,23.05000000,23.18000000,36347.34000000
1758484800000,23.18000000,23.19000000,23.06000000,23.09000000,30411.62000000
1758488400000,23.10000000,23.13000000,23.02000000,23.05000000,43980.51000000
1758492000000,23.05000000,23.12000000,22.92000000,23.10000000,57276.79000000
1758495600000,23.09000000,23.10000000,22.91000000,22.96000000,50126.24000000
1758499200000,22.95000000,23.05000000,22.22000000,22.33000000,976853.65000000
1758502800000,22.33000000,22.51000000,22.27000000,22.34000000,260200.52000000
1758506400000,22.33000000,22.37000000,21.91000000,22.08000000,498866.99000000
1758510000000,22.09000000,22.22000000,22.07000000,22.17000000,175385.70000000
1758513600000,22.18000000,22.24000000,22.09000000,22.15000000,98752.74000000
1758517200000,22.15000000,22.16000000,21.67000000,21.69000000,213155.90000000
1758520800000,21.69000000,21.72000000,20.24000000,21.34000000,2630195.90000000
1758524400000,21.33000000,21.39000000,21.21000000,21.28000000,432302.50000000
1758528000000,21.28000000,21.40000000,21.18000000,21.34000000,234115.01000000
1758531600000,21.34000000,21.35000000,21.07000000,21.10000000,231900.14000000
1758535200000,21.10000000,21.35000000,21.06000000,21.34000000,136179.45000000
1758538800000,21.33000000,21.40000000,21.18000000,21.21000000,113614.89000000
1758542400000,21.21000000,21.49000000,21.16000000,21.43000000,218869.74000000
1758546000000,21.42000000,21.59000000,21.35000000,21.59000000,246938.11000000
1758549600000,21.58000000,21.61000000,21.33000000,21.38000000,234009.34000000
1758553200000,21.38000000,21.42000000,21.19000000,21.19000000,266285.04000000
1758556800000,21.20000000,21.35000000,21.20000000,21.24000000,173945.09000000
1758560400000,21.25000000,21.31000000,21.13000000,21.21000000,113155.94000000
1758564000000,21.21000000,21.33000000,21.17000000,21.26000000,142615.61000000
1758567600000,21.25000000,21.33000000,21.11000000,21.17000000,378188.95000000
1758571200000,21.17000000,21.49000000,21.15000000,21.47000000,233799.75000000
1758574800000,21.47000000,21.61000000,21.43000000,21.58000000,104878.17000000
1758578400000,21.58000000,21.61000000,21.50000000,21.52000000,45331.55000000
1758582000000,21.52000000,21.68000000,21.51000000,21.65000000,65117.15000000
1758585600000,21.66000000,21.77000000,21.54000000,21.59000000,146507.29000000
1758589200000,21.58000000,21.64000000,21.46000000,21.46000000,151563.21000000
1758592800000,21.47000000,21.57000000,21.26000000,21.27000000,154807.44000000
1758596400000,21.28000000,21.74000000,21.17000000,21.57000000,208808.75000000
1758600000000,21.57000000,21.62000000,21.36000000,21.45000000,80973.99000000
1758603600000,21.45000000,21.65000000,21.38000000,21.51000000,121951.80000000
1758607200000,21.51000000,21.87000000,21.50000000,21.86000000,246834.65000000
1758610800000,21.85000000,21.89000000,21.76000000,21.80000000,180340.29000000
1758614400000,21.80000000,21.87000000,21.71000000,21.79000000,152987.09000000
1758618000000,21.79000000,21.88000000,21.69000000,21.78000000,135626.30000000
1758621600000,21.77000000,21.85000000,21.73000000,21.82000000,79699.02000000
1758625200000,21.83000000,21.85000000,21.69000000,21.78000000,94196.74000000
1758628800000,21.78000000,21.92000000,21.76000000,21.86000000,120860.65000000
1758632400000,21.85000000,21.92000000,21.72000000,21.82000000,144584.86000000
1758636000000,21.83000000,22.05000000,21.77000000,21.86000000,215940.92000000
1758639600000,21.85000000,22.02000000,21.73000000,21.86000000,182326.75000000
1758643200000,21.86000000,21.99000000,21.74000000,21.97000000,203406.16000000
1758646800000,21.97000000,21.98000000,21.64000000,21.70000000,138384.32000000
1758650400000,21.69000000,21.76000000,21.56000000,21.62000000,121359.68000000
1758654000000,21.62000000,21.86000000,21.53000000,21.58000000,141574.08000000
1758657600000,21.58000000,21.74000000,21.48000000,21.73000000,112956.69000000
1758661200000,21.73000000,21.82000000,21.62000000,21.75000000,69155.88000000
1758664800000,21.75000000,21.78000000,21.61000000,21.69000000,51245.73000000
1758668400000,21.69000000,21.73000000,21.50000000,21.52000000,82711.21000000
1758672000000,21.52000000,21.68000000,21.48000000,21.50000000,73823.05000000
1758675600000,21.50000000,21.69000000,21.46000000,21.67000000,65018.66000000
1758679200000,21.67000000,21.67000000,21.41000000,21.52000000,171913.37000000
1758682800000,21.52000000,21.58000000,21.17000000,21.29000000,261494.84000000
1758686400000,21.28000000,21.55000000,20.98000000,21.40000000,525739.70000000
1758690000000,21.39000000,21.71000000,21.38000000,21.68000000,96514.78000000
1758693600000,21.68000000,21.81000000,21.62000000,21.74000000,1534870.37000000
1758697200000,21.75000000,21.79000000,21.62000000,21.71000000,113243.02000000
1758700800000,21.72000000,21.76000000,21.62000000,21.71000000,64044.66000000
1758704400000,21.70000000,21.79000000,21.65000000,21.73000000,69774.40000000
1758708000000,21.73000000,21.78000000,21.64000000,21.75000000,61551.51000000
1758711600000,21.75000000,21.88000000,21.74000000,21.77000000,88597.54000000
1758715200000,21.77000000,21.81000000,21.72000000,21.73000000,71078.28000000
1758718800000,21.74000000,21.80000000,21.55000000,21.57000000,164561.08000000
1758722400000,21.56000000,21.96000000,21.56000000,21.87000000,148954.50000000
1758726000000,21.86000000,21.92000000,21.73000000,21.76000000,108436.30000000
1758729600000,21.77000000,21.87000000,21.71000000,21.80000000,82223.29000000
1758733200000,21.81000000,21.97000000,21.79000000,21.90000000,87283.22000000
1758736800000,21.90000000,21.92000000,21.81000000,21.87000000,33061.11000000
1758740400000,21.87000000,21.88000000,21.76000000,21.82000000,72810.85000000
1758744000000,21.83000000,21.85000000,21.68000000,21.77000000,75797.58000000
1758747600000,21.77000000,21.80000000,21.58000000,21.64000000,73182.36000000
1758751200000,21.63000000,21.73000000,21.62000000,21.64000000,63438.66000000
1758754800000,21.65000000,21.71000000,21.55000000,21.60000000,63343.16000000
1758758400000,21.61000000,21.66000000,21.38000000,21.42000000,145453.69000000
1758762000000,21.42000000,21.47000000,21.23000000,21.30000000,186861.94000000
1758765600000,21.31000000,21.58000000,21.19000000,21.45000000,190380.68000000
1758769200000,21.45000000,21.46000000,21.13000000,21.30000000,229695.11000000
1758772800000,21.29000000,21.36000000,20.90000000,21.03000000,355825.96000000
1758776400000,21.04000000,21.30000000,20.94000000,21.19000000,146517.14000000
1758780000000,21.18000000,21.20000000,20.94000000,20.96000000,133556.70000000
1758783600000,20.96000000,21.11000000,20.92000000,20.96000000,165189.51000000
1758787200000,20.97000000,21.13000000,20.87000000,20.95000000,128448.22000000
1758790800000,20.95000000,21.16000000,20.91000000,20.94000000,152469.44000000
1758794400000,20.94000000,21.13000000,20.90000000,20.90000000,83830.99000000
1758798000000,20.91000000,20.97000000,20.71000000,20.74000000,298787.00000000
1758801600000,20.74000000,21.00000000,20.37000000,20.87000000,744952.93000000
1758805200000,20.87000000,21.06000000,20.69000000,20.85000000,352153.86000000
1758808800000,20.85000000,21.15000000,20.85000000,20.96000000,236629.27000000
1758812400000,20.95000000,20.98000000,20.78000000,20.88000000,136929.04000000
1758816000000,20.88000000,20.90000000,20.40000000,20.44000000,242920.65000000
1758819600000,20.44000000,20.46000000,19.87000000,19.98000000,905950.88000000
1758823200000,19.97000000,20.53000000,19.82000000,20.52000000,414641.13000000
1758826800000,20.52000000,20.65000000,20.37000000,20.40000000,184409.24000000
1758830400000,20.41000000,20.45000000,20.19000000,20.24000000,133008.15000000
1758834000000,20.25000000,20.44000000,20.19000000,20.41000000,148471.20000000
1758837600000,20.41000000,20.54000000,20.20000000,20.25000000,174304.18000000
1758841200000,20.25000000,20.37000000,19.98000000,20.14000000,330166.40000000
1758844800000,20.15000000,20.47000000,20.09000000,20.43000000,135291.42000000
1758848400000,20.43000000,20.57000000,20.35000000,20.48000000,133450.52000000
1758852000000,20.48000000,20.61000000,20.40000000,20.51000000,134008.79000000
1758855600000,20.50000000,20.60000000,20.42000000,20.55000000,105133.77000000
1758859200000,20.55000000,20.65000000,20.38000000,20.41000000,114888.86000000
1758862800000,20.40000000,20.55000000,20.27000000,20.30000000,109337.93000000
1758866400000,20.31000000,20.50000000,20.23000000,20.34000000,168913.39000000
1758870000000,20.35000000,20.47000000,20.23000000,20.37000000,146751.78000000
1758873600000,20.36000000,20.53000000,20.34000000,20.41000000,112560.15000000
1758877200000,20.41000000,20.46000000,20.17000000,20.22000000,130952.51000000
1758880800000,20.23000000,20.24000000,19.99000000,20.03000000,274408.98000000
1758884400000,20.02000000,20.27000000,19.93000000,20.17000000,156806.40000000
1758888000000,20.17000000,20.56000000,20.00000000,20.43000000,548184.80000000
1758891600000,20.43000000,20.60000000,20.25000000,20.56000000,317994.74000000
1758895200000,20.55000000,20.59000000,20.37000000,20.42000000,163488.21000000
1758898800000,20.43000000,20.66000000,20.42000000,20.60000000,171900.52000000
1758902400000,20.59000000,20.87000000,20.57000000,20.85000000,135675.16000000
1758906000000,20.85000000,21.12000000,20.80000000,21.11000000,218304.38000000
1758909600000,21.11000000,21.24000000,21.04000000,21.09000000,186602.52000000
1758913200000,21.10000000,21.10000000,20.85000000,20.96000000,108810.84000000
1758916800000,20.97000000,21.04000000,20.89000000,20.92000000,62551.03000000
1758920400000,20.91000000,21.07000000,20.89000000,21.05000000,98378.94000000
1758924000000,21.05000000,21.13000000,21.02000000,21.03000000,51455.82000000
1758927600000,21.04000000,21.09000000,20.98000000,21.07000000,55830.50000000
1758931200000,21.07000000,21.10000000,21.01000000,21.09000000,47919.58000000
1758934800000,21.10000000,21.11000000,20.96000000,21.06000000,44413.98000000
1758938400000,21.06000000,21.10000000,20.98000000,20.99000000,73764.40000000
1758942000000,20.99000000,21.13000000,20.98000000,21.09000000,50360.95000000
1758945600000,21.08000000,21.15000000,21.02000000,21.05000000,41610.18000000
1758949200000,21.05000000,21.07000000,20.98000000,21.02000000,33212.35000000
1758952800000,21.02000000,21.03000000,20.95000000,21.02000000,24558.51000000
1758956400000,21.02000000,21.06000000,20.90000000,20.95000000,59351.56000000
1758960000000,20.95000000,21.00000000,20.84000000,20.93000000,72677.40000000
1758963600000,20.93000000,21.03000000,20.82000000,21.02000000,68958.19000000
1758967200000,21.02000000,21.11000000,20.97000000,21.05000000,53930.86000000
1758970800000,21.05000000,21.06000000,20.98000000,20.99000000,50992.80000000
1758974400000,20.99000000,21.04000000,20.89000000,21.00000000,70815.48000000
1758978000000,21.00000000,21.03000000,20.93000000,20.98000000,25653.31000000
1758981600000,20.99000000,21.06000000,20.94000000,20.97000000,28218.46000000
1758985200000,20.97000000,20.97000000,20.85000000,20.96000000,33307.41000000
1758988800000,20.96000000,20.96000000,20.83000000,20.87000000,28853.22000000
1758992400000,20.87000000,20.87000000,20.73000000,20.83000000,61412.71000000
1758996000000,20.83000000,20.86000000,20.74000000,20.78000000,15780.14000000
1758999600000,20.79000000,20.85000000,20.76000000,20.84000000,17602.56000000
1759003200000,20.85000000,20.90000000,20.82000000,20.86000000,12539.58000000
1759006800000,20.87000000,20.99000000,20.84000000,20.97000000,17943.88000000
1759010400000,20.97000000,21.10000000,20.94000000,20.98000000,27179.75000000
1759014000000,20.98000000,21.02000000,20.90000000,20.91000000,24952.89000000
1759017600000,20.92000000,20.95000000,20.80000000,20.82000000,39194.90000000
1759021200000,20.81000000,20.83000000,20.65000000,20.69000000,50181.15000000
1759024800000,20.68000000,20.77000000,20.66000000,20.71000000,32092.73000000
1759028400000,20.71000000,20.75000000,20.64000000,20.71000000,31240.92000000
1759032000000,20.72000000,20.77000000,20.66000000,20.74000000,27376.55000000
1759035600000,20.74000000,20.83000000,20.69000000,20.75000000,17085.91000000
1759039200000,20.75000000,20.80000000,20.64000000,20.74000000,36779.83000000
1759042800000,20.73000000,20.79000000,20.67000000,20.73000000,27896.64000000
1759046400000,20.74000000,20.79000000,20.63000000,20.66000000,45623.55000000
1759050000000,20.66000000,20.68000000,20.53000000,20.59000000,80919.28000000
1759053600000,20.60000000,20.64000000,20.52000000,20.63000000,52349.14000000
1759057200000,20.63000000,20.64000000,20.49000000,20.56000000,68834.82000000
1759060800000,20.56000000,20.57000000,20.43000000,20.47000000,74674.36000000
1759064400000,20.48000000,20.82000000,20.47000000,20.79000000,78610.66000000
1759068000000,20.80000000,20.96000000,20.75000000,20.91000000,79846.74000000
1759071600000,20.91000000,21.00000000,20.87000000,20.99000000,63130.99000000
1759075200000,20.99000000,21.33000000,20.99000000,21.21000000,244044.84000000
1759078800000,21.22000000,21.24000000,21.09000000,21.15000000,87756.51000000
1759082400000,21.15000000,21.19000000,21.10000000,21.19000000,29346.57000000
1759086000000,21.19000000,21.23000000,21.12000000,21.21000000,55439.69000000
1759089600000,21.21000000,21.35000000,21.18000000,21.25000000,77434.16000000
1759093200000,21.24000000,21.35000000,21.23000000,21.31000000,33234.50000000
1759096800000,21.31000000,21.70000000,21.31000000,21.66000000,155674.27000000
1759100400000,21.66000000,21.71000000,21.62000000,21.68000000,110871.89000000
1759104000000,21.68000000,21.69000000,21.54000000,21.56000000,76623.05000000
1759107600000,21.56000000,21.56000000,21.41000000,21.42000000,56535.55000000
1759111200000,21.43000000,21.55000000,21.38000000,21.50000000,67388.76000000
1759114800000,21.50000000,21.51000000,21.42000000,21.49000000,55792.18000000
1759118400000,21.48000000,21.49000000,21.34000000,21.35000000,67929.18000000
1759122000000,21.36000000,21.37000000,21.25000000,21.33000000,63368.95000000
1759125600000,21.33000000,21.35000000,21.24000000,21.25000000,60985.04000000
1759129200000,21.24000000,21.34000000,21.15000000,21.25000000,97420.14000000
1759132800000,21.26000000,21.41000000,21.23000000,21.35000000,84740.43000000
1759136400000,21.35000000,21.39000000,21.26000000,21.31000000,60486.70000000
1759140000000,21.31000000,21.35000000,21.18000000,21.19000000,80474.52000000
1759143600000,21.19000000,21.24000000,21.06000000,21.20000000,88371.57000000
1759147200000,21.20000000,21.32000000,20.98000000,21.00000000,108633.85000000
1759150800000,21.01000000,21.44000000,20.90000000,21.35000000,313492.07000000
1759154400000,21.36000000,21.69000000,21.33000000,21.62000000,383537.77000000
1759158000000,21.62000000,21.70000000,21.36000000,21.39000000,139680.59000000
1759161600000,21.40000000,21.52000000,21.28000000,21.30000000,87434.46000000
1759165200000,21.31000000,21.51000000,21.20000000,21.48000000,88273.15000000
1759168800000,21.49000000,21.52000000,21.40000000,21.50000000,44045.09000000
1759172400000,21.50000000,21.75000000,21.48000000,21.73000000,94169.67000000
1759176000000,21.73000000,21.89000000,21.67000000,21.83000000,104326.24000000
1759179600000,21.84000000,21.90000000,21.76000000,21.83000000,75526.78000000
1759183200000,21.84000000,21.89000000,21.73000000,21.84000000,108829.75000000
1759186800000,21.85000000,21.86000000,21.71000000,21.74000000,89270.18000000
1759190400000,21.73000000,21.87000000,21.59000000,21.63000000,186497.63000000
1759194000000,21.63000000,21.74000000,21.51000000,21.61000000,118948.89000000
1759197600000,21.60000000,21.63000000,21.49000000,21.49000000,75862.33000000
1759201200000,21.49000000,21.54000000,21.44000000,21.48000000,140041.89000000
1759204800000,21.47000000,21.56000000,21.44000000,21.49000000,70829.45000000
1759208400000,21.50000000,21.68000000,21.46000000,21.53000000,194908.96000000
1759212000000,21.53000000,21.70000000,21.46000000,21.52000000,67893.19000000
1759215600000,21.52000000,21.60000000,21.35000000,21.41000000,63117.44000000
1759219200000,21.41000000,21.46000000,21.28000000,21.31000000,69503.92000000
1759222800000,21.31000000,21.40000000,21.23000000,21.27000000,52933.02000000
1759226400000,21.26000000,21.50000000,21.25000000,21.38000000,233631.10000000
1759230000000,21.39000000,21.50000000,21.33000000,21.41000000,85257.92000000
1759233600000,21.41000000,21.42000000,21.29000000,21.30000000,77580.07000000
1759237200000,21.30000000,21.51000000,21.23000000,21.34000000,139745.84000000
1759240800000,21.34000000,21.40000000,21.16000000,21.33000000,133916.11000000
1759244400000,21.32000000,21.33000000,20.96000000,21.10000000,217075.19000000
1759248000000,21.10000000,21.17000000,21.03000000,21.08000000,80851.83000000
1759251600000,21.09000000,21.37000000,20.99000000,21.04000000,255008.71000000
1759255200000,21.05000000,21.22000000,20.99000000,21.21000000,83245.53000000
1759258800000,21.20000000,21.55000000,21.19000000,21.53000000,122300.66000000
1759262400000,21.53000000,21.67000000,21.47000000,21.65000000,100300.10000000
1759266000000,21.65000000,21.69000000,21.46000000,21.46000000,96118.21000000
1759269600000,21.47000000,21.58000000,21.32000000,21.34000000,94647.28000000
1759273200000,21.35000000,21.37000000,21.28000000,21.30000000,123022.26000000
1759276800000,21.31000000,21.33000000,21.05000000,21.20000000,157013.15000000
1759280400000,21.21000000,21.53000000,21.14000000,21.52000000,114457.66000000
1759284000000,21.52000000,21.58000000,21.35000000,21.40000000,123124.13000000
1759287600000,21.41000000,21.41000000,21.17000000,21.17000000,73941.14000000
1759291200000,21.18000000,21.40000000,21.14000000,21.21000000,62294.64000000
1759294800000,21.21000000,21.39000000,21.21000000,21.30000000,50234.88000000
1759298400000,21.31000000,21.35000000,21.13000000,21.16000000,58058.31000000
1759302000000,21.16000000,21.39000000,21.15000000,21.34000000,40388.07000000
1759305600000,21.33000000,22.24000000,21.31000000,22.16000000,454591.97000000
1759309200000,22.17000000,22.31000000,22.07000000,22.26000000,315241.69000000
1759312800000,22.27000000,22.29000000,22.06000000,22.19000000,116592.89000000
1759316400000,22.19000000,22.28000000,22.10000000,22.24000000,140301.22000000
1759320000000,22.24000000,22.30000000,22.12000000,22.13000000,162754.70000000
1759323600000,22.13000000,22.31000000,22.13000000,22.25000000,139525.12000000
1759327200000,22.25000000,22.44000000,22.18000000,22.41000000,172529.00000000
1759330800000,22.41000000,22.49000000,22.31000000,22.40000000,113545.18000000
1759334400000,22.41000000,22.50000000,22.36000000,22.42000000,149371.62000000
1759338000000,22.42000000,22.48000000,22.29000000,22.30000000,123980.02000000
1759341600000,22.30000000,22.56000000,22.30000000,22.53000000,90157.73000000
1759345200000,22.52000000,22.63000000,22.50000000,22.54000000,120364.55000000
1759348800000,22.53000000,22.57000000,22.43000000,22.45000000,89775.79000000
1759352400000,22.45000000,22.45000000,22.25000000,22.34000000,120140.92000000
1759356000000,22.35000000,22.48000000,22.33000000,22.40000000,79182.07000000
1759359600000,22.41000000,22.61000000,22.38000000,22.58000000,139818.62000000
1759363200000,22.57000000,22.68000000,22.42000000,22.44000000,242144.24000000
1759366800000,22.43000000,22.79000000,22.41000000,22.75000000,113621.42000000
1759370400000,22.76000000,22.80000000,22.61000000,22.77000000,128464.45000000
1759374000000,22.77000000,22.80000000,22.66000000,22.69000000,101907.51000000
1759377600000,22.69000000,22.77000000,22.55000000,22.71000000,97469.57000000
1759381200000,22.71000000,22.86000000,22.67000000,22.72000000,92131.95000000
1759384800000,22.71000000,22.85000000,22.67000000,22.80000000,159617.68000000
1759388400000,22.79000000,22.84000000,22.56000000,22.57000000,77320.50000000
1759392000000,22.57000000,22.63000000,22.53000000,22.58000000,96205.39000000
1759395600000,22.57000000,22.57000000,22.47000000,22.49000000,107471.18000000
1759399200000,22.50000000,22.53000000,22.43000000,22.48000000,121765.76000000
1759402800000,22.48000000,22.53000000,22.37000000,22.41000000,111740.46000000
1759406400000,22.41000000,22.53000000,22.38000000,22.52000000,202115.23000000
1759410000000,22.52000000,22.57000000,22.26000000,22.39000000,337408.16000000
1759413600000,22.39000000,22.41000000,22.04000000,22.10000000,308032.64000000
1759417200000,22.09000000,22.44000000,21.93000000,22.43000000,254099.40000000
1759420800000,22.43000000,22.63000000,22.38000000,22.51000000,206178.72000000
1759424400000,22.51000000,22.79000000,22.48000000,22.72000000,106668.98000000
1759428000000,22.73000000,23.02000000,22.73000000,22.98000000,273308.64000000
1759431600000,22.98000000,23.13000000,22.91000000,22.93000000,173834.77000000
1759435200000,22.94000000,22.98000000,22.73000000,22.83000000,174499.24000000
1759438800000,22.83000000,22.95000000,22.79000000,22.81000000,78322.26000000
1759442400000,22.81000000,22.86000000,22.65000000,22.69000000,112270.59000000
1759446000000,22.69000000,22.80000000,22.66000000,22.77000000,89630.13000000
1759449600000,22.78000000,22.79000000,22.59000000,22.64000000,125918.88000000
1759453200000,22.64000000,22.73000000,22.54000000,22.57000000,108346.09000000
1759456800000,22.57000000,22.72000000,22.55000000,22.70000000,82862.76000000
1759460400000,22.71000000,22.87000000,22.57000000,22.59000000,144863.97000000
1759464000000,22.60000000,22.70000000,22.52000000,22.62000000,84645.82000000
1759467600000,22.62000000,22.65000000,22.46000000,22.49000000,80832.00000000
1759471200000,22.49000000,22.53000000,22.35000000,22.41000000,86112.65000000
1759474800000,22.40000000,22.43000000,22.30000000,22.39000000,75734.87000000
1759478400000,22.39000000,22.39000000,22.23000000,22.35000000,71674.17000000
1759482000000,22.36000000,22.43000000,22.32000000,22.37000000,85196.20000000
1759485600000,22.37000000,22.38000000,22.32000000,22.35000000,80675.76000000
1759489200000,22.35000000,22.37000000,22.26000000,22.26000000,105823.61000000
1759492800000,22.27000000,22.38000000,22.20000000,22.27000000,173416.01000000
1759496400000,22.27000000,22.43000000,22.15000000,22.26000000,174862.90000000
1759500000000,22.26000000,22.42000000,22.09000000,22.34000000,178870.11000000
1759503600000,22.33000000,22.75000000,22.25000000,22.72000000,472517.44000000
1759507200000,22.73000000,23.09000000,22.60000000,22.64000000,426186.57000000
1759510800000,22.63000000,22.67000000,22.10000000,22.33000000,748489.48000000
1759514400000,22.33000000,22.59000000,22.24000000,22.57000000,182934.92000000
1759518000000,22.58000000,22.73000000,22.50000000,22.62000000,109299.88000000
1759521600000,22.62000000,22.64000000,22.48000000,22.61000000,214502.03000000
1759525200000,22.61000000,22.67000000,22.55000000,22.58000000,89652.70000000
1759528800000,22.59000000,22.71000000,22.59000000,22.62000000,79543.19000000
1759532400000,22.62000000,22.64000000,22.48000000,22.50000000,121637.02000000
1759536000000,22.50000000,22.62000000,22.39000000,22.44000000,83908.05000000
1759539600000,22.44000000,22.45000000,22.21000000,22.24000000,158049.28000000
1759543200000,22.25000000,22.32000000,22.16000000,22.26000000,102735.53000000
1759546800000,22.26000000,22.27000000,22.15000000,22.22000000,67120.80000000
1759550400000,22.22000000,22.26000000,22.14000000,22.22000000,96743.02000000
1759554000000,22.22000000,22.28000000,22.17000000,22.23000000,81288.64000000
1759557600000,22.23000000,22.29000000,22.19000000,22.22000000,62440.61000000
1759561200000,22.21000000,22.23000000,22.04000000,22.08000000,100923.92000000
1759564800000,22.08000000,22.08000000,21.86000000,21.90000000,210778.41000000
1759568400000,21.90000000,22.00000000,21.82000000,21.84000000,99509.50000000
1759572000000,21.84000000,21.94000000,21.77000000,21.80000000,107889.98000000
1759575600000,21.80000000,21.90000000,21.76000000,21.85000000,96370.36000000
1759579200000,21.84000000,21.98000000,21.80000000,21.90000000,128800.13000000
1759582800000,21.91000000,22.13000000,21.90000000,22.05000000,133023.40000000
1759586400000,22.06000000,22.17000000,21.90000000,21.92000000,70520.99000000
1759590000000,21.92000000,22.02000000,21.77000000,21.84000000,152023.07000000
1759593600000,21.83000000,21.99000000,21.81000000,21.98000000,89612.85000000
1759597200000,21.99000000,22.03000000,21.84000000,21.89000000,38981.31000000
1759600800000,21.90000000,21.97000000,21.86000000,21.88000000,37984.50000000
1759604400000,21.89000000,22.00000000,21.89000000,22.00000000,14254.91000000
1759608000000,22.00000000,22.09000000,21.99000000,21.99000000,60273.10000000
1759611600000,22.00000000,22.14000000,21.99000000,22.04000000,34992.29000000
1759615200000,22.04000000,22.11000000,22.02000000,22.05000000,30085.88000000
1759618800000,22.05000000,22.06000000,22.00000000,22.01000000,23519.24000000
1759622400000,22.02000000,22.11000000,21.93000000,21.95000000,32491.86000000
1759626000000,21.96000000,22.13000000,21.94000000,22.12000000,22503.33000000
1759629600000,22.12000000,22.47000000,22.08000000,22.44000000,194319.45000000
1759633200000,22.45000000,22.61000000,22.32000000,22.35000000,184045.64000000
1759636800000,22.36000000,22.64000000,22.33000000,22.54000000,174391.96000000
1759640400000,22.55000000,22.65000000,22.47000000,22.53000000,103984.92000000
1759644000000,22.54000000,22.66000000,22.50000000,22.64000000,72801.60000000
1759647600000,22.63000000,22.85000000,22.60000000,22.81000000,146941.33000000
1759651200000,22.81000000,22.94000000,22.78000000,22.81000000,142373.94000000
1759654800000,22.82000000,22.90000000,22.64000000,22.67000000,250355.65000000
1759658400000,22.67000000,22.77000000,22.49000000,22.62000000,159382.87000000
1759662000000,22.62000000,22.77000000,22.49000000,22.75000000,81802.43000000
1759665600000,22.75000000,22.76000000,22.51000000,22.53000000,96947.59000000
1759669200000,22.53000000,22.58000000,22.47000000,22.50000000,39234.95000000
1759672800000,22.51000000,22.63000000,22.42000000,22.48000000,82368.68000000
1759676400000,22.48000000,22.54000000,22.40000000,22.47000000,43916.98000000
1759680000000,22.46000000,22.59000000,22.37000000,22.58000000,79577.40000000
1759683600000,22.58000000,22.64000000,22.22000000,22.26000000,109799.38000000
1759687200000,22.25000000,22.36000000,22.18000000,22.27000000,73069.39000000
1759690800000,22.28000000,22.28000000,21.89000000,21.95000000,247844.52000000
1759694400000,21.94000000,22.09000000,21.88000000,22.02000000,66889.53000000
1759698000000,22.02000000,22.08000000,21.98000000,22.06000000,92638.92000000
1759701600000,22.07000000,22.15000000,21.93000000,22.06000000,70889.64000000
1759705200000,22.06000000,22.10000000,21.98000000,22.00000000,49705.31000000
1759708800000,22.00000000,22.20000000,21.47000000,21.58000000,1660429.26000000
1759712400000,21.58000000,22.00000000,21.51000000,21.86000000,222092.13000000
1759716000000,21.86000000,22.02000000,21.70000000,21.89000000,117748.53000000
1759719600000,21.88000000,21.97000000,21.83000000,21.90000000,65573.93000000
1759723200000,21.90000000,21.99000000,21.78000000,21.81000000,45594.85000000
1759726800000,21.81000000,21.88000000,21.74000000,21.87000000,48891.33000000
1759730400000,21.87000000,22.16000000,21.86000000,22.04000000,122310.37000000
1759734000000,22.04000000,22.13000000,21.85000000,21.93000000,99548.01000000
1759737600000,21.93000000,22.17000000,21.93000000,22.15000000,64522.33000000
1759741200000,22.16000000,22.24000000,22.11000000,22.13000000,158185.13000000
1759744800000,22.13000000,22.19000000,22.05000000,22.09000000,47599.11000000
1759748400000,22.09000000,22.24000000,22.04000000,22.11000000,79964.97000000
1759752000000,22.12000000,22.36000000,22.12000000,22.33000000,91642.94000000
1759755600000,22.33000000,22.65000000,22.31000000,22.64000000,283788.78000000
1759759200000,22.64000000,22.83000000,22.52000000,22.55000000,288225.43000000
1759762800000,22.55000000,22.98000000,22.54000000,22.82000000,287740.67000000
1759766400000,22.83000000,23.03000000,22.78000000,23.02000000,246836.83000000
1759770000000,23.01000000,23.43000000,22.97000000,23.29000000,432848.35000000
1759773600000,23.30000000,23.49000000,23.29000000,23.41000000,251206.27000000
1759777200000,23.41000000,23.52000000,23.30000000,23.43000000,256409.81000000
1759780800000,23.44000000,23.60000000,23.37000000,23.40000000,270683.89000000
1759784400000,23.40000000,23.48000000,23.26000000,23.39000000,187099.75000000
1759788000000,23.39000000,23.55000000,23.39000000,23.50000000,129092.68000000
1759791600000,23.50000000,23.52000000,23.35000000,23.37000000,151564.30000000
1759795200000,23.37000000,23.57000000,23.34000000,23.55000000,232551.41000000
1759798800000,23.55000000,23.73000000,23.38000000,23.52000000,355041.25000000
1759802400000,23.53000000,23.64000000,23.38000000,23.42000000,181566.84000000
1759806000000,23.41000000,23.49000000,23.33000000,23.34000000,133136.13000000
1759809600000,23.35000000,23.65000000,23.20000000,23.50000000,257144.36000000
1759813200000,23.50000000,23.60000000,23.40000000,23.43000000,150232.90000000
1759816800000,23.43000000,23.45000000,23.01000000,23.03000000,276679.05000000
1759820400000,23.03000000,23.11000000,22.82000000,22.85000000,224617.68000000
1759824000000,22.86000000,22.86000000,22.56000000,22.70000000,266978.72000000
1759827600000,22.69000000,22.76000000,22.65000000,22.71000000,153921.19000000
1759831200000,22.71000000,22.87000000,22.63000000,22.77000000,345137.52000000
1759834800000,22.77000000,22.90000000,22.75000000,22.87000000,172032.26000000
1759838400000,22.86000000,23.04000000,22.70000000,23.03000000,221572.86000000
1759842000000,23.03000000,23.09000000,22.52000000,22.73000000,429049.30000000
1759845600000,22.73000000,22.76000000,22.17000000,22.18000000,468176.72000000
1759849200000,22.19000000,22.25000000,21.84000000,22.00000000,699835.59000000
1759852800000,21.99000000,22.21000000,21.82000000,22.07000000,290623.88000000
1759856400000,22.06000000,22.13000000,21.93000000,21.93000000,94851.81000000
1759860000000,21.94000000,22.00000000,21.83000000,21.84000000,109899.11000000
1759863600000,21.84000000,21.97000000,21.80000000,21.88000000,158309.24000000
1759867200000,21.87000000,22.14000000,21.84000000,22.08000000,150982.66000000
1759870800000,22.09000000,22.19000000,21.96000000,22.03000000,136780.76000000
1759874400000,22.03000000,22.15000000,21.95000000,22.07000000,140648.40000000
1759878000000,22.07000000,22.08000000,21.75000000,21.79000000,195132.92000000
1759881600000,21.80000000,22.07000000,21.79000000,22.00000000,129864.36000000
1759885200000,22.01000000,22.10000000,21.91000000,22.06000000,93649.85000000
1759888800000,22.06000000,22.15000000,21.96000000,21.99000000,101492.24000000
1759892400000,21.98000000,22.00000000,21.66000000,21.75000000,156673.21000000
1759896000000,21.74000000,21.97000000,21.62000000,21.95000000,112527.19000000
1759899600000,21.95000000,21.96000000,21.73000000,21.83000000,115068.52000000
1759903200000,21.83000000,21.91000000,21.75000000,21.83000000,83684.71000000
1759906800000,21.83000000,21.91000000,21.67000000,21.91000000,194285.78000000
1759910400000,21.91000000,22.11000000,21.86000000,22.03000000,165547.61000000
1759914000000,22.03000000,22.07000000,21.91000000,21.99000000,103765.39000000
1759917600000,22.00000000,22.10000000,21.94000000,22.10000000,120903.57000000
1759921200000,22.09000000,22.16000000,22.00000000,22.06000000,105483.03000000
1759924800000,22.07000000,22.15000000,21.94000000,22.12000000,90709.48000000
1759928400000,22.12000000,22.17000000,21.84000000,22.13000000,136001.56000000
1759932000000,22.14000000,22.35000000,21.91000000,21.94000000,187468.39000000
1759935600000,21.94000000,22.13000000,21.92000000,22.00000000,100326.30000000
1759939200000,22.00000000,22.25000000,21.95000000,22.25000000,68104.18000000
1759942800000,22.24000000,22.58000000,22.24000000,22.48000000,147709.93000000
1759946400000,22.49000000,22.55000000,22.33000000,22.48000000,149666.46000000
1759950000000,22.47000000,22.55000000,22.36000000,22.49000000,139449.88000000
1759953600000,22.48000000,22.56000000,22.40000000,22.40000000,79517.95000000
1759957200000,22.40000000,22.58000000,22.40000000,22.51000000,68291.61000000
1759960800000,22.51000000,22.64000000,22.49000000,22.59000000,59582.64000000
1759964400000,22.58000000,22.67000000,22.51000000,22.63000000,80752.39000000
1759968000000,22.63000000,22.67000000,22.51000000,22.52000000,60269.97000000
1759971600000,22.52000000,22.53000000,22.23000000,22.43000000,152974.62000000
1759975200000,22.43000000,22.44000000,21.94000000,21.99000000,204272.94000000
1759978800000,21.99000000,22.28000000,21.98000000,22.27000000,75657.53000000
1759982400000,22.26000000,22.42000000,22.19000000,22.41000000,70372.56000000
1759986000000,22.40000000,22.49000000,22.31000000,22.38000000,127931.19000000
1759989600000,22.39000000,22.40000000,22.13000000,22.16000000,69594.21000000
1759993200000,22.16000000,22.17000000,21.94000000,21.97000000,106888.43000000
1759996800000,21.98000000,21.98000000,21.59000000,21.61000000,253205.49000000
1760000400000,21.60000000,21.77000000,21.59000000,21.69000000,152744.75000000
1760004000000,21.69000000,21.83000000,21.63000000,21.71000000,89009.49000000
1760007600000,21.71000000,21.81000000,21.66000000,21.73000000,127198.26000000
1760011200000,21.72000000,22.04000000,21.70000000,21.94000000,180841.27000000
1760014800000,21.94000000,21.96000000,21.54000000,21.58000000,158956.10000000
1760018400000,21.58000000,21.69000000,21.32000000,21.50000000,363607.46000000
1760022000000,21.51000000,21.64000000,21.36000000,21.49000000,192991.02000000
1760025600000,21.50000000,21.60000000,21.33000000,21.40000000,268945.25000000
1760029200000,21.39000000,21.81000000,21.37000000,21.78000000,143658.54000000
1760032800000,21.78000000,21.91000000,21.70000000,21.73000000,156509.58000000
1760036400000,21.74000000,21.81000000,21.67000000,21.73000000,60162.56000000
1760040000000,21.73000000,21.81000000,21.69000000,21.75000000,55029.51000000
1760043600000,21.75000000,21.84000000,21.71000000,21.81000000,58447.39000000
1760047200000,21.82000000,22.13000000,21.79000000,22.12000000,98394.09000000
1760050800000,22.12000000,22.13000000,21.94000000,21.99000000,93383.51000000
1760054400000,22.00000000,22.18000000,21.97000000,22.15000000,81269.28000000
1760058000000,22.15000000,22.20000000,22.04000000,22.11000000,73816.22000000
1760061600000,22.11000000,22.18000000,22.01000000,22.09000000,102286.74000000
1760065200000,22.09000000,22.60000000,22.02000000,22.40000000,473402.31000000
1760068800000,22.40000000,22.53000000,22.29000000,22.35000000,166820.54000000
1760072400000,22.35000000,22.59000000,22.25000000,22.58000000,122273.24000000
1760076000000,22.58000000,22.62000000,22.28000000,22.34000000,193285.22000000
1760079600000,22.34000000,22.43000000,22.26000000,22.29000000,103165.20000000
1760083200000,22.30000000,22.59000000,22.27000000,22.56000000,134816.42000000
1760086800000,22.56000000,22.78000000,22.48000000,22.50000000,216321.82000000
1760090400000,22.50000000,22.66000000,22.45000000,22.54000000,136631.29000000
1760094000000,22.54000000,22.60000000,22.38000000,22.40000000,136716.26000000
1760097600000,22.41000000,22.60000000,22.36000000,22.60000000,110147.21000000
1760101200000,22.60000000,22.78000000,22.50000000,22.63000000,202547.00000000
1760104800000,22.62000000,22.76000000,22.25000000,22.29000000,316243.03000000
1760108400000,22.29000000,22.33000000,21.20000000,21.37000000,1398970.80000000
1760112000000,21.37000000,21.55000000,21.20000000,21.21000000,586284.59000000
1760115600000,21.21000000,21.43000000,21.09000000,21.15000000,450350.01000000
1760119200000,21.15000000,21.17000000,20.91000000,20.93000000,294205.50000000
1760122800000,20.93000000,21.00000000,20.39000000,20.50000000,575679.18000000
1760126400000,20.49000000,20.70000000,19.16000000,19.52000000,1859255.32000000
1760130000000,19.53000000,19.78000000,7.90000000,17.02000000,7888290.60000000
1760133600000,17.02000000,17.09000000,15.12000000,16.88000000,4518524.59000000
1760137200000,16.88000000,17.99000000,15.99000000,17.31000000,3778421.49000000
1760140800000,17.31000000,17.94000000,16.88000000,17.78000000,1275590.60000000
1760144400000,17.78000000,17.82000000,16.91000000,17.04000000,1019304.74000000
1760148000000,17.05000000,18.16000000,17.02000000,18.02000000,856404.94000000
1760151600000,18.02000000,18.06000000,17.25000000,17.48000000,921357.34000000
1760155200000,17.49000000,17.75000000,17.39000000,17.74000000,685714.91000000
1760158800000,17.73000000,17.79000000,17.32000000,17.57000000,598974.34000000
1760162400000,17.57000000,17.84000000,17.49000000,17.59000000,437076.53000000
1760166000000,17.60000000,17.85000000,17.52000000,17.73000000,451456.37000000
1760169600000,17.74000000,18.40000000,17.64000000,18.32000000,550652.23000000
1760173200000,18.31000000,18.52000000,18.06000000,18.10000000,379381.93000000
1760176800000,18.10000000,18.27000000,17.97000000,18.09000000,242292.54000000
1760180400000,18.09000000,18.11000000,17.79000000,18.05000000,252307.72000000
1760184000000,18.05000000,18.14000000,17.63000000,17.76000000,245925.03000000
1760187600000,17.76000000,17.81000000,17.42000000,17.75000000,408343.68000000
1760191200000,17.75000000,17.78000000,17.53000000,17.73000000,194308.02000000
1760194800000,17.72000000,18.02000000,17.72000000,17.98000000,197720.44000000
1760198400000,17.98000000,18.15000000,17.77000000,17.85000000,257556.15000000
1760202000000,17.84000000,18.08000000,17.83000000,18.00000000,194989.74000000
1760205600000,18.00000000,18.00000000,17.77000000,17.78000000,112513.39000000
1760209200000,17.77000000,17.78000000,17.11000000,17.28000000,479437.03000000
1760212800000,17.28000000,17.32000000,16.74000000,16.90000000,516948.59000000
1760216400000,16.90000000,19.00000000,16.60000000,17.19000000,729627.58000000
1760220000000,17.18000000,17.31000000,17.09000000,17.20000000,236570.03000000
1760223600000,17.21000000,17.25000000,17.13000000,17.20000000,213774.00000000
1760227200000,17.20000000,17.22000000,16.84000000,16.85000000,280580.19000000
1760230800000,16.85000000,17.08000000,16.79000000,16.82000000,268978.40000000
1760234400000,16.81000000,17.04000000,16.68000000,16.81000000,226115.34000000
1760238000000,16.80000000,17.25000000,16.80000000,17.08000000,277794.17000000
1760241600000,17.08000000,17.38000000,17.04000000,17.27000000,178582.88000000
1760245200000,17.28000000,17.45000000,17.22000000,17.32000000,105104.66000000
1760248800000,17.32000000,17.52000000,17.30000000,17.44000000,132278.69000000
1760252400000,17.45000000,17.50000000,17.35000000,17.41000000,157703.87000000
1760256000000,17.41000000,17.51000000,17.35000000,17.36000000,119566.03000000
1760259600000,17.37000000,17.48000000,17.18000000,17.46000000,147380.35000000
1760263200000,17.47000000,17.57000000,17.29000000,17.33000000,133499.59000000
1760266800000,17.33000000,17.50000000,17.32000000,17.40000000,84664.04000000
1760270400000,17.40000000,17.63000000,17.38000000,17.54000000,166304.81000000
1760274000000,17.54000000,17.60000000,17.23000000,17.31000000,198388.35000000
1760277600000,17.31000000,18.23000000,17.29000000,17.96000000,1000415.53000000
1760281200000,17.96000000,18.81000000,17.91000000,18.77000000,1104773.27000000
1760284800000,18.78000000,19.36000000,18.78000000,19.17000000,985346.52000000
1760288400000,19.17000000,19.37000000,18.91000000,19.07000000,421360.50000000
1760292000000,19.07000000,19.20000000,18.86000000,19.02000000,262036.84000000
1760295600000,19.02000000,19.37000000,19.00000000,19.36000000,208864.52000000
1760299200000,19.36000000,19.42000000,19.11000000,19.16000000,243242.90000000
1760302800000,19.16000000,19.33000000,18.82000000,19.05000000,241719.11000000
1760306400000,19.06000000,19.18000000,18.93000000,19.06000000,198212.62000000
1760310000000,19.05000000,19.07000000,18.88000000,19.00000000,177408.48000000
1760313600000,19.00000000,19.19000000,18.73000000,18.87000000,329120.24000000
1760317200000,18.86000000,19.18000000,18.76000000,19.17000000,342447.64000000
1760320800000,19.17000000,19.26000000,18.96000000,19.14000000,254398.57000000
1760324400000,19.14000000,19.23000000,18.97000000,19.03000000,170801.02000000
1760328000000,19.03000000,19.25000000,18.92000000,19.22000000,186450.64000000
1760331600000,19.22000000,19.33000000,19.13000000,19.18000000,207290.91000000
1760335200000,19.19000000,19.54000000,19.07000000,19.42000000,263371.71000000
1760338800000,19.42000000,19.68000000,19.35000000,19.54000000,221819.99000000
1760342400000,19.54000000,19.69000000,19.50000000,19.57000000,297691.40000000
1760346000000,19.57000000,19.65000000,19.45000000,19.62000000,186015.45000000
1760349600000,19.62000000,19.76000000,19.47000000,19.74000000,191380.21000000
1760353200000,19.73000000,19.77000000,18.94000000,19.19000000,844958.54000000
1760356800000,19.20000000,19.58000000,19.06000000,19.28000000,480214.82000000
1760360400000,19.27000000,19.80000000,19.19000000,19.73000000,904465.88000000
1760364000000,19.73000000,19.80000000,19.37000000,19.45000000,830582.70000000
1760367600000,19.45000000,19.84000000,19.45000000,19.74000000,503631.20000000
1760371200000,19.74000000,19.88000000,19.47000000,19.60000000,492753.18000000
1760374800000,19.59000000,19.89000000,19.50000000,19.86000000,369842.32000000
1760378400000,19.85000000,19.94000000,19.68000000,19.85000000,274379.57000000
1760382000000,19.85000000,20.12000000,19.79000000,20.04000000,185548.63000000
1760385600000,20.05000000,20.19000000,19.95000000,20.17000000,168393.07000000
1760389200000,20.17000000,20.19000000,19.98000000,19.99000000,99245.20000000
1760392800000,19.99000000,20.10000000,19.98000000,20.07000000,110918.28000000
1760396400000,20.07000000,20.09000000,19.83000000,19.84000000,133692.72000000
1760400000000,19.84000000,20.07000000,19.84000000,19.96000000,120536.65000000
1760403600000,19.95000000,19.99000000,19.78000000,19.81000000,109134.64000000
1760407200000,19.82000000,19.82000000,19.52000000,19.55000000,311200.39000000
1760410800000,19.55000000,19.56000000,19.31000000,19.46000000,290067.84000000
1760414400000,19.47000000,19.54000000,19.10000000,19.20000000,197853.91000000
1760418000000,19.20000000,19.38000000,18.92000000,19.01000000,275722.30000000
1760421600000,19.01000000,19.13000000,18.28000000,18.64000000,864543.80000000
1760425200000,18.63000000,18.77000000,18.39000000,18.56000000,467278.89000000
1760428800000,18.55000000,18.76000000,18.40000000,18.63000000,223199.86000000
1760432400000,18.63000000,18.71000000,18.47000000,18.53000000,159396.90000000
1760436000000,18.53000000,18.53000000,18.07000000,18.36000000,438207.56000000
1760439600000,18.37000000,18.75000000,18.34000000,18.58000000,263733.79000000
1760443200000,18.59000000,18.74000000,18.32000000,18.37000000,591645.25000000
1760446800000,18.37000000,18.51000000,18.14000000,18.44000000,476321.45000000
1760450400000,18.44000000,18.82000000,18.34000000,18.56000000,349353.81000000
1760454000000,18.56000000,19.05000000,18.42000000,19.04000000,478479.13000000
1760457600000,19.04000000,19.37000000,18.86000000,18.99000000,506184.57000000
1760461200000,18.99000000,19.22000000,18.76000000,19.01000000,380576.12000000
1760464800000,19.02000000,19.18000000,18.94000000,19.01000000,192530.46000000
1760468400000,19.01000000,19.15000000,18.64000000,18.88000000,338882.79000000
1760472000000,18.89000000,19.01000000,18.81000000,19.00000000,123598.54000000
1760475600000,19.00000000,19.04000000,18.82000000,19.03000000,79686.95000000
1760479200000,19.03000000,19.18000000,18.97000000,19.06000000,150952.29000000
1760482800000,19.07000000,19.17000000,19.07000000,19.10000000,73360.94000000
1760486400000,19.10000000,19.13000000,18.95000000,19.08000000,218467.25000000
1760490000000,19.09000000,19.11000000,18.87000000,19.04000000,285569.75000000
1760493600000,19.04000000,19.26000000,19.02000000,19.09000000,103854.70000000
1760497200000,19.08000000,19.11000000,18.84000000,18.91000000,136990.41000000
1760500800000,18.92000000,19.13000000,18.84000000,19.08000000,87937.68000000
1760504400000,19.08000000,19.15000000,18.97000000,19.00000000,125546.57000000
1760508000000,19.00000000,19.07000000,18.83000000,19.03000000,131049.00000000
1760511600000,19.03000000,19.15000000,18.84000000,18.87000000,108273.49000000
1760515200000,18.87000000,19.25000000,18.79000000,18.97000000,470027.62000000
1760518800000,18.97000000,19.01000000,18.82000000,18.87000000,101362.46000000
1760522400000,18.86000000,18.94000000,18.71000000,18.77000000,123556.06000000
1760526000000,18.77000000,18.83000000,18.57000000,18.68000000,175283.42000000
1760529600000,18.68000000,18.73000000,18.53000000,18.67000000,148456.19000000
1760533200000,18.68000000,18.70000000,18.18000000,18.53000000,375013.64000000
1760536800000,18.53000000,18.73000000,18.24000000,18.36000000,220205.72000000
1760540400000,18.35000000,18.44000000,17.95000000,18.12000000,394610.19000000
1760544000000,18.12000000,18.20000000,18.02000000,18.10000000,208145.09000000
1760547600000,18.10000000,18.14000000,17.84000000,18.14000000,273348.96000000
1760551200000,18.13000000,18.26000000,18.02000000,18.23000000,93152.21000000
1760554800000,18.23000000,18.24000000,17.97000000,18.03000000,169435.96000000
1760558400000,18.04000000,18.13000000,17.73000000,17.91000000,233307.69000000
1760562000000,17.91000000,18.07000000,17.76000000,17.92000000,150505.78000000
1760565600000,17.92000000,18.08000000,17.91000000,17.97000000,71656.01000000
1760569200000,17.96000000,18.10000000,17.93000000,18.06000000,104227.24000000
1760572800000,18.05000000,18.08000000,17.91000000,17.94000000,108694.83000000
1760576400000,17.94000000,18.15000000,17.93000000,18.13000000,81263.14000000
1760580000000,18.13000000,18.21000000,18.02000000,18.15000000,154685.11000000
1760583600000,18.16000000,18.18000000,18.02000000,18.04000000,175557.65000000
1760587200000,18.04000000,18.20000000,18.00000000,18.04000000,185229.72000000
1760590800000,18.05000000,18.15000000,17.92000000,18.02000000,103118.87000000
1760594400000,18.02000000,18.21000000,18.00000000,18.19000000,88050.97000000
1760598000000,18.19000000,18.20000000,17.98000000,18.06000000,78366.41000000
1760601600000,18.05000000,18.08000000,17.92000000,17.96000000,75846.23000000
1760605200000,17.97000000,18.24000000,17.55000000,18.17000000,561898.24000000
1760608800000,18.17000000,18.50000000,18.16000000,18.42000000,189210.93000000
1760612400000,18.41000000,18.49000000,18.29000000,18.49000000,130076.65000000
1760616000000,18.49000000,18.63000000,18.41000000,18.50000000,162434.30000000
1760619600000,18.50000000,18.52000000,18.20000000,18.26000000,160479.43000000
1760623200000,18.26000000,18.42000000,17.95000000,18.16000000,460011.68000000
1760626800000,18.15000000,18.18000000,17.60000000,17.65000000,434219.63000000
1760630400000,17.65000000,18.08000000,17.44000000,18.07000000,486311.46000000
1760634000000,18.07000000,18.07000000,17.71000000,17.72000000,286196.90000000
1760637600000,17.72000000,17.78000000,17.51000000,17.68000000,304247.15000000
1760641200000,17.69000000,17.73000000,17.26000000,17.39000000,280508.30000000
1760644800000,17.40000000,17.47000000,17.10000000,17.17000000,246452.60000000
1760648400000,17.17000000,17.44000000,17.16000000,17.42000000,86786.98000000
1760652000000,17.43000000,17.46000000,17.24000000,17.25000000,85797.03000000
1760655600000,17.24000000,17.47000000,17.21000000,17.43000000,77904.30000000
1760659200000,17.42000000,17.53000000,17.39000000,17.53000000,111260.23000000
1760662800000,17.52000000,17.69000000,17.42000000,17.51000000,106474.85000000
1760666400000,17.50000000,17.54000000,17.35000000,17.47000000,85637.73000000
1760670000000,17.48000000,17.55000000,17.43000000,17.52000000,74655.58000000
1760673600000,17.52000000,17.53000000,17.39000000,17.42000000,69469.04000000
1760677200000,17.43000000,17.44000000,17.26000000,17.27000000,157973.83000000
1760680800000,17.28000000,17.35000000,16.76000000,16.79000000,805802.60000000
1760684400000,16.80000000,16.81000000,16.17000000,16.20000000,1121869.81000000
1760688000000,16.21000000,16.29000000,15.79000000,15.88000000,1096425.65000000
1760691600000,15.88000000,16.28000000,15.84000000,15.94000000,460007.43000000
1760695200000,15.94000000,16.12000000,15.69000000,16.06000000,630001.17000000
1760698800000,16.06000000,16.59000000,16.03000000,16.53000000,558591.40000000
1760702400000,16.53000000,16.68000000,16.48000000,16.48000000,270659.11000000
1760706000000,16.48000000,16.70000000,16.30000000,16.57000000,350633.37000000
1760709600000,16.57000000,16.64000000,16.15000000,16.33000000,356638.74000000
1760713200000,16.32000000,16.63000000,16.25000000,16.63000000,307480.60000000
1760716800000,16.63000000,16.86000000,16.45000000,16.49000000,331877.21000000
1760720400000,16.50000000,16.57000000,16.34000000,16.47000000,190949.74000000
1760724000000,16.47000000,16.58000000,16.33000000,16.37000000,161992.25000000
1760727600000,16.37000000,16.46000000,16.25000000,16.39000000,119113.13000000
1760731200000,16.38000000,16.63000000,16.32000000,16.57000000,135838.13000000
1760734800000,16.57000000,16.77000000,16.56000000,16.73000000,202861.06000000
1760738400000,16.73000000,16.77000000,16.60000000,16.68000000,81635.11000000
1760742000000,16.68000000,16.68000000,16.54000000,16.61000000,47998.46000000
1760745600000,16.61000000,16.78000000,16.58000000,16.70000000,121258.52000000
1760749200000,16.71000000,16.90000000,16.70000000,16.87000000,97750.71000000
1760752800000,16.88000000,16.90000000,16.62000000,16.67000000,144060.27000000
1760756400000,16.67000000,16.83000000,16.67000000,16.79000000,36041.44000000
1760760000000,16.80000000,16.80000000,16.57000000,16.58000000,65045.49000000
1760763600000,16.57000000,16.72000000,16.57000000,16.71000000,64350.07000000
1760767200000,16.71000000,16.80000000,16.62000000,16.70000000,87556.69000000
1760770800000,16.70000000,17.01000000,16.65000000,16.71000000,284743.77000000
1760774400000,16.71000000,16.83000000,16.69000000,16.78000000,90911.02000000
1760778000000,16.78000000,16.93000000,16.73000000,16.87000000,97713.72000000
1760781600000,16.87000000,16.91000000,16.77000000,16.85000000,71496.79000000
1760785200000,16.85000000,16.94000000,16.79000000,16.87000000,79470.93000000
1760788800000,16.87000000,16.97000000,16.81000000,16.82000000,86007.96000000
1760792400000,16.82000000,16.82000000,16.64000000,16.71000000,106117.94000000
1760796000000,16.71000000,16.86000000,16.62000000,16.82000000,87823.33000000
1760799600000,16.83000000,16.86000000,16.68000000,16.79000000,50211.95000000
1760803200000,16.79000000,16.82000000,16.63000000,16.75000000,77085.07000000
1760806800000,16.74000000,16.89000000,16.68000000,16.86000000,43895.35000000
1760810400000,16.87000000,16.90000000,16.80000000,16.84000000,27790.51000000
1760814000000,16.84000000,16.86000000,16.79000000,16.85000000,34177.13000000
1760817600000,16.84000000,16.96000000,16.81000000,16.83000000,48141.22000000
1760821200000,16.83000000,16.91000000,16.75000000,16.88000000,50779.75000000
1760824800000,16.88000000,16.93000000,16.81000000,16.83000000,32743.66000000
1760828400000,16.83000000,16.84000000,16.78000000,16.82000000,22264.94000000
1760832000000,16.81000000,16.84000000,16.66000000,16.71000000,66741.89000000
1760835600000,16.71000000,16.76000000,16.64000000,16.71000000,115831.44000000
1760839200000,16.71000000,16.75000000,16.65000000,16.68000000,34052.30000000
1760842800000,16.67000000,16.89000000,16.64000000,16.86000000,55698.68000000
1760846400000,16.86000000,16.88000000,16.76000000,16.85000000,47749.19000000
1760850000000,16.85000000,16.92000000,16.71000000,16.74000000,56224.39000000
1760853600000,16.74000000,16.88000000,16.66000000,16.71000000,442028.60000000
1760857200000,16.70000000,16.80000000,16.68000000,16.80000000,36372.00000000
1760860800000,16.80000000,17.02000000,16.57000000,16.64000000,835734.45000000
1760864400000,16.64000000,17.03000000,16.53000000,16.86000000,321983.90000000
1760868000000,16.87000000,17.17000000,16.80000000,17.11000000,260730.92000000
1760871600000,17.12000000,17.30000000,17.08000000,17.14000000,250411.43000000
1760875200000,17.14000000,17.22000000,17.02000000,17.13000000,127412.68000000
1760878800000,17.13000000,17.42000000,17.06000000,17.38000000,183059.55000000
1760882400000,17.38000000,17.54000000,17.28000000,17.52000000,229108.18000000
1760886000000,17.52000000,17.54000000,17.36000000,17.41000000,127498.85000000
1760889600000,17.41000000,17.50000000,17.31000000,17.43000000,101121.60000000
1760893200000,17.44000000,17.66000000,17.36000000,17.41000000,206045.11000000
1760896800000,17.42000000,17.57000000,17.41000000,17.53000000,79679.27000000
1760900400000,17.52000000,17.53000000,17.42000000,17.46000000,62469.48000000
1760904000000,17.45000000,17.55000000,17.40000000,17.54000000,60739.78000000
1760907600000,17.54000000,17.55000000,17.35000000,17.42000000,54042.59000000
1760911200000,17.43000000,17.52000000,17.41000000,17.45000000,60602.43000000
1760914800000,17.45000000,17.45000000,17.24000000,17.29000000,83944.65000000
1760918400000,17.29000000,17.29000000,16.93000000,17.16000000,181847.01000000
1760922000000,17.16000000,17.22000000,17.09000000,17.11000000,60912.51000000
1760925600000,17.11000000,17.26000000,16.99000000,17.23000000,83723.30000000
1760929200000,17.23000000,17.68000000,17.15000000,17.62000000,144199.43000000
1760932800000,17.62000000,17.77000000,17.58000000,17.76000000,160854.72000000
1760936400000,17.77000000,17.85000000,17.70000000,17.82000000,146310.78000000
1760940000000,17.82000000,18.91000000,17.78000000,18.64000000,1777642.90000000
1760943600000,18.64000000,18.96000000,18.53000000,18.61000000,823984.41000000
1760947200000,18.62000000,18.86000000,18.56000000,18.78000000,363331.15000000
1760950800000,18.78000000,18.93000000,18.65000000,18.86000000,323538.49000000
1760954400000,18.86000000,19.00000000,18.73000000,18.82000000,282674.90000000
1760958000000,18.83000000,19.04000000,18.74000000,19.01000000,215489.70000000
1760961600000,19.00000000,19.19000000,18.91000000,19.01000000,342044.02000000
1760965200000,19.02000000,19.11000000,18.88000000,19.03000000,278768.17000000
1760968800000,19.03000000,19.08000000,18.88000000,19.01000000,258233.57000000
1760972400000,19.02000000,19.11000000,18.76000000,18.76000000,273341.82000000
1760976000000,18.77000000,18.78000000,18.43000000,18.64000000,696055.78000000
1760979600000,18.64000000,18.85000000,18.57000000,18.74000000,254719.07000000
1760983200000,18.74000000,18.89000000,18.67000000,18.88000000,159707.07000000
1760986800000,18.88000000,18.93000000,18.76000000,18.85000000,105729.72000000
1760990400000,18.85000000,18.93000000,18.77000000,18.87000000,102291.06000000
1760994000000,18.87000000,18.95000000,18.70000000,18.73000000,137035.99000000
1760997600000,18.73000000,18.79000000,18.65000000,18.75000000,77031.82000000
1761001200000,18.74000000,18.76000000,18.60000000,18.66000000,101302.26000000
1761004800000,18.66000000,18.96000000,18.65000000,18.86000000,139427.95000000
1761008400000,18.87000000,18.89000000,18.69000000,18.71000000,139242.45000000
1761012000000,18.71000000,18.72000000,18.35000000,18.39000000,238162.42000000
1761015600000,18.39000000,18.44000000,18.13000000,18.15000000,248521.04000000
1761019200000,18.15000000,18.17000000,17.71000000,17.73000000,635833.33000000
1761022800000,17.74000000,17.85000000,17.68000000,17.76000000,224905.10000000
1761026400000,17.76000000,17.91000000,17.66000000,17.84000000,212973.07000000
1761030000000,17.84000000,18.07000000,17.75000000,18.07000000,173115.91000000
1761033600000,18.06000000,18.07000000,17.80000000,18.00000000,160285.95000000
1761037200000,18.00000000,18.05000000,17.87000000,17.88000000,91521.10000000
1761040800000,17.88000000,18.08000000,17.82000000,17.97000000,176710.78000000
1761044400000,17.96000000,18.12000000,17.90000000,18.08000000,78750.90000000
1761048000000,18.07000000,18.35000000,18.01000000,18.18000000,310127.33000000
1761051600000,18.19000000,18.26000000,17.83000000,17.92000000,421965.76000000
1761055200000,17.92000000,18.76000000,17.91000000,18.74000000,668328.09000000
1761058800000,18.74000000,18.97000000,18.51000000,18.80000000,1140823.15000000
1761062400000,18.80000000,18.90000000,18.28000000,18.36000000,520475.36000000
1761066000000,18.36000000,18.47000000,18.07000000,18.31000000,509693.36000000
1761069600000,18.31000000,18.36000000,18.08000000,18.27000000,136360.20000000
1761073200000,18.27000000,18.30000000,18.12000000,18.18000000,146187.22000000
1761076800000,18.18000000,18.22000000,17.88000000,17.98000000,229171.91000000
1761080400000,17.97000000,18.07000000,17.71000000,18.00000000,291770.98000000
1761084000000,18.00000000,18.01000000,17.66000000,17.77000000,306063.70000000
1761087600000,17.76000000,17.83000000,17.53000000,17.61000000,195502.26000000
1761091200000,17.60000000,17.72000000,17.42000000,17.52000000,242468.85000000
1761094800000,17.52000000,17.72000000,17.51000000,17.70000000,130217.67000000
1761098400000,17.70000000,17.74000000,17.61000000,17.64000000,115538.28000000
1761102000000,17.64000000,17.65000000,17.54000000,17.63000000,78779.80000000
1761105600000,17.63000000,17.84000000,17.61000000,17.82000000,108622.19000000
1761109200000,17.81000000,17.83000000,17.43000000,17.59000000,168061.38000000
1761112800000,17.60000000,17.63000000,17.50000000,17.50000000,159054.79000000
1761116400000,17.50000000,17.63000000,17.44000000,17.62000000,136957.17000000
1761120000000,17.62000000,17.62000000,17.49000000,17.53000000,99463.78000000
1761123600000,17.53000000,17.56000000,17.34000000,17.40000000,130477.03000000
1761127200000,17.39000000,17.50000000,17.36000000,17.38000000,80483.64000000
1761130800000,17.38000000,17.54000000,17.13000000,17.41000000,424560.63000000
1761134400000,17.41000000,17.58000000,17.35000000,17.47000000,102243.88000000
1761138000000,17.46000000,17.61000000,17.31000000,17.57000000,223202.35000000
1761141600000,17.57000000,17.57000000,17.14000000,17.52000000,490185.87000000
1761145200000,17.52000000,17.60000000,17.29000000,17.47000000,271976.13000000
1761148800000,17.47000000,17.51000000,17.29000000,17.36000000,268832.71000000
1761152400000,17.36000000,17.43000000,17.18000000,17.21000000,104974.77000000
1761156000000,17.22000000,17.29000000,17.14000000,17.23000000,153453.62000000
1761159600000,17.23000000,17.39000000,17.10000000,17.25000000,173359.49000000
1761163200000,17.25000000,17.28000000,17.08000000,17.15000000,160318.04000000
1761166800000,17.15000000,17.16000000,16.71000000,16.99000000,676086.30000000
1761170400000,16.98000000,17.09000000,16.89000000,16.97000000,127978.99000000
1761174000000,16.97000000,17.26000000,16.96000000,17.20000000,121324.74000000
1761177600000,17.20000000,17.27000000,17.17000000,17.21000000,63651.45000000
1761181200000,17.22000000,17.34000000,17.19000000,17.25000000,92267.16000000
1761184800000,17.26000000,17.37000000,17.24000000,17.27000000,55349.22000000
1761188400000,17.28000000,17.37000000,17.24000000,17.26000000,65492.75000000
1761192000000,17.27000000,17.38000000,17.25000000,17.31000000,53286.37000000
1761195600000,17.31000000,17.41000000,17.30000000,17.40000000,59648.89000000
1761199200000,17.40000000,17.68000000,17.37000000,17.67000000,319350.14000000
1761202800000,17.66000000,17.68000000,17.51000000,17.57000000,101083.10000000
1761206400000,17.58000000,17.71000000,17.57000000,17.60000000,75638.97000000
1761210000000,17.60000000,17.62000000,17.25000000,17.40000000,498439.58000000
1761213600000,17.40000000,17.48000000,17.33000000,17.38000000,251287.38000000
1761217200000,17.38000000,17.42000000,17.26000000,17.30000000,114499.91000000
1761220800000,17.29000000,17.31000000,17.16000000,17.29000000,190605.31000000
1761224400000,17.29000000,17.36000000,17.14000000,17.27000000,183414.61000000
1761228000000,17.27000000,17.37000000,17.09000000,17.28000000,165998.91000000
1761231600000,17.29000000,17.55000000,17.26000000,17.40000000,215194.98000000
1761235200000,17.40000000,17.66000000,17.38000000,17.66000000,120313.45000000
1761238800000,17.66000000,17.79000000,17.46000000,17.72000000,219530.17000000
1761242400000,17.72000000,17.73000000,17.44000000,17.47000000,159116.50000000
1761246000000,17.48000000,17.49000000,17.35000000,17.48000000,85521.01000000
1761249600000,17.47000000,17.47000000,17.18000000,17.26000000,84339.82000000
1761253200000,17.25000000,17.35000000,17.22000000,17.29000000,41889.55000000
1761256800000,17.29000000,17.42000000,17.28000000,17.36000000,75333.51000000
1761260400000,17.37000000,17.44000000,17.34000000,17.44000000,56409.62000000
1761264000000,17.44000000,17.48000000,17.33000000,17.41000000,114104.75000000
1761267600000,17.41000000,17.46000000,17.33000000,17.42000000,70923.75000000
1761271200000,17.41000000,17.46000000,17.34000000,17.40000000,50410.55000000
1761274800000,17.40000000,17.43000000,17.29000000,17.35000000,97683.98000000
1761278400000,17.35000000,17.72000000,17.30000000,17.67000000,167850.70000000
1761282000000,17.67000000,17.74000000,17.61000000,17.67000000,91172.41000000
1761285600000,17.67000000,17.72000000,17.60000000,17.70000000,59134.06000000
1761289200000,17.71000000,17.73000000,17.55000000,17.65000000,139217.10000000
1761292800000,17.65000000,17.82000000,17.57000000,17.73000000,295354.81000000
1761296400000,17.74000000,17.76000000,17.66000000,17.67000000,167799.78000000
1761300000000,17.67000000,17.68000000,17.60000000,17.64000000,47918.54000000
1761303600000,17.64000000,17.76000000,17.54000000,17.74000000,65264.43000000
1761307200000,17.74000000,18.10000000,17.71000000,17.90000000,362206.72000000
1761310800000,17.91000000,17.95000000,17.61000000,17.81000000,248001.02000000
1761314400000,17.80000000,17.80000000,17.45000000,17.58000000,206124.36000000
1761318000000,17.58000000,17.73000000,17.49000000,17.56000000,127465.61000000
1761321600000,17.56000000,17.62000000,17.47000000,17.62000000,99247.58000000
1761325200000,17.62000000,17.76000000,17.61000000,17.65000000,89600.42000000
1761328800000,17.64000000,17.70000000,17.62000000,17.68000000,70801.73000000
1761332400000,17.68000000,17.85000000,17.66000000,17.78000000,151075.75000000
1761336000000,17.78000000,17.91000000,17.76000000,17.84000000,132434.57000000
1761339600000,17.85000000,17.95000000,17.82000000,17.94000000,124954.92000000
1761343200000,17.94000000,17.99000000,17.90000000,17.97000000,64088.12000000
1761346800000,17.97000000,17.97000000,17.85000000,17.89000000,65270.72000000
1761350400000,17.89000000,17.90000000,17.79000000,17.81000000,61570.53000000
1761354000000,17.82000000,17.97000000,17.80000000,17.92000000,40929.18000000
1761357600000,17.93000000,17.94000000,17.85000000,17.86000000,23149.17000000
1761361200000,17.85000000,17.86000000,17.79000000,17.81000000,31464.49000000
1761364800000,17.81000000,17.98000000,17.80000000,17.91000000,70334.52000000
1761368400000,17.91000000,17.94000000,17.85000000,17.91000000,48429.32000000
1761372000000,17.92000000,17.97000000,17.83000000,17.85000000,77849.94000000
1761375600000,17.85000000,18.02000000,17.83000000,17.88000000,58878.11000000
1761379200000,17.87000000,18.02000000,17.87000000,18.01000000,59230.50000000
1761382800000,18.01000000,18.04000000,17.90000000,17.91000000,57433.04000000
1761386400000,17.91000000,17.96000000,17.87000000,17.92000000,41931.02000000
1761390000000,17.93000000,18.02000000,17.89000000,18.00000000,55805.46000000
1761393600000,18.00000000,18.09000000,17.99000000,18.04000000,71530.15000000
1761397200000,18.04000000,18.05000000,17.94000000,17.99000000,46626.92000000
1761400800000,17.99000000,18.07000000,17.98000000,18.07000000,93409.36000000
1761404400000,18.06000000,18.07000000,17.95000000,17.98000000,78102.23000000
1761408000000,17.98000000,18.02000000,17.95000000,17.98000000,40483.66000000
1761411600000,17.98000000,18.05000000,17.97000000,18.01000000,23881.52000000
1761415200000,18.00000000,18.14000000,17.97000000,18.13000000,68863.75000000
1761418800000,18.13000000,18.20000000,18.10000000,18.19000000,51838.65000000
1761422400000,18.19000000,18.25000000,18.07000000,18.08000000,79302.14000000
1761426000000,18.09000000,18.10000000,17.99000000,18.02000000,74460.75000000
1761429600000,18.02000000,18.08000000,17.98000000,18.05000000,49347.62000000
1761433200000,18.05000000,18.06000000,17.99000000,18.02000000,30236.67000000
1761436800000,18.02000000,18.02000000,17.92000000,17.94000000,89294.31000000
1761440400000,17.95000000,17.96000000,17.78000000,17.84000000,123168.48000000
1761444000000,17.83000000,17.86000000,17.74000000,17.77000000,148453.73000000
1761447600000,17.77000000,17.79000000,17.69000000,17.73000000,98328.86000000
1761451200000,17.74000000,17.81000000,17.72000000,17.79000000,74061.13000000
1761454800000,17.78000000,17.83000000,17.74000000,17.79000000,134277.72000000
1761458400000,17.80000000,17.81000000,17.74000000,17.81000000,147532.10000000
1761462000000,17.80000000,17.87000000,17.76000000,17.86000000,44182.10000000
1761465600000,17.85000000,17.95000000,17.85000000,17.92000000,72517.59000000
1761469200000,17.92000000,18.23000000,17.92000000,18.11000000,212324.81000000
1761472800000,18.11000000,18.12000000,17.99000000,18.05000000,88268.98000000
1761476400000,18.05000000,18.35000000,18.00000000,18.32000000,193896.82000000
1761480000000,18.32000000,18.41000000,18.25000000,18.35000000,238311.84000000
1761483600000,18.35000000,18.49000000,18.27000000,18.39000000,141599.21000000
1761487200000,18.39000000,18.44000000,18.31000000,18.33000000,105466.22000000
1761490800000,18.33000000,18.35000000,18.22000000,18.33000000,67109.24000000
1761494400000,18.34000000,18.35000000,18.16000000,18.17000000,209150.25000000
1761498000000,18.16000000,18.21000000,18.08000000,18.11000000,226097.67000000
1761501600000,18.10000000,18.20000000,18.10000000,18.17000000,85650.17000000
1761505200000,18.17000000,18.18000000,18.11000000,18.17000000,49419.14000000
1761508800000,18.17000000,18.18000000,18.07000000,18.10000000,56161.53000000
1761512400000,18.10000000,18.26000000,18.06000000,18.23000000,88981.89000000
1761516000000,18.23000000,18.69000000,18.23000000,18.60000000,504567.07000000
1761519600000,18.60000000,18.69000000,18.52000000,18.55000000,166430.83000000
1761523200000,18.54000000,18.75000000,18.49000000,18.71000000,119578.07000000
1761526800000,18.70000000,18.93000000,18.67000000,18.90000000,152665.67000000
1761530400000,18.91000000,19.04000000,18.79000000,19.01000000,263551.85000000
1761534000000,19.01000000,19.05000000,18.89000000,18.95000000,257345.76000000
1761537600000,18.95000000,18.96000000,18.82000000,18.91000000,118217.33000000
1761541200000,18.92000000,19.04000000,18.88000000,18.94000000,132352.67000000
1761544800000,18.93000000,19.06000000,18.83000000,18.99000000,157062.25000000
1761548400000,19.00000000,19.06000000,18.69000000,18.83000000,247907.23000000
1761552000000,18.83000000,18.92000000,18.57000000,18.67000000,265582.75000000
1761555600000,18.67000000,18.68000000,18.44000000,18.50000000,197899.08000000
1761559200000,18.50000000,18.61000000,18.45000000,18.53000000,67428.07000000
1761562800000,18.52000000,18.58000000,18.37000000,18.49000000,92983.99000000
1761566400000,18.50000000,18.51000000,18.30000000,18.32000000,88964.88000000
1761570000000,18.33000000,18.46000000,18.17000000,18.38000000,142301.03000000
1761573600000,18.39000000,18.41000000,18.19000000,18.31000000,194727.23000000
1761577200000,18.31000000,18.45000000,18.30000000,18.41000000,135610.95000000
1761580800000,18.41000000,18.76000000,18.41000000,18.74000000,142191.31000000
1761584400000,18.74000000,18.80000000,18.67000000,18.73000000,183421.35000000
1761588000000,18.73000000,18.90000000,18.66000000,18.69000000,161121.52000000
1761591600000,18.70000000,18.72000000,18.45000000,18.48000000,230777.93000000
1761595200000,18.49000000,18.49000000,18.28000000,18.29000000,157494.60000000
1761598800000,18.29000000,18.43000000,18.21000000,18.31000000,146491.48000000
1761602400000,18.31000000,18.41000000,18.16000000,18.18000000,122879.43000000
1761606000000,18.18000000,18.26000000,18.08000000,18.22000000,165405.46000000
1761609600000,18.21000000,18.31000000,18.15000000,18.24000000,111511.81000000
1761613200000,18.25000000,18.41000000,18.24000000,18.34000000,64984.23000000
1761616800000,18.35000000,18.39000000,18.07000000,18.19000000,128127.70000000
1761620400000,18.19000000,18.27000000,18.09000000,18.22000000,86782.39000000
1761624000000,18.22000000,18.28000000,18.16000000,18.22000000,48206.47000000
1761627600000,18.23000000,18.26000000,18.02000000,18.02000000,102750.43000000
1761631200000,18.03000000,18.42000000,18.03000000,18.41000000,84927.94000000
1761634800000,18.42000000,18.51000000,18.30000000,18.33000000,160972.47000000
1761638400000,18.33000000,18.55000000,18.29000000,18.50000000,79476.08000000
1761642000000,18.49000000,18.53000000,18.32000000,18.50000000,59440.55000000
1761645600000,18.50000000,18.54000000,18.39000000,18.44000000,167320.92000000
1761649200000,18.45000000,18.55000000,18.38000000,18.39000000,82028.19000000
1761652800000,18.39000000,18.61000000,18.31000000,18.53000000,121822.92000000
1761656400000,18.52000000,18.83000000,18.52000000,18.74000000,279478.13000000
1761660000000,18.74000000,18.77000000,18.07000000,18.42000000,436964.96000000
1761663600000,18.41000000,18.57000000,18.28000000,18.38000000,199276.48000000
1761667200000,18.38000000,18.66000000,18.29000000,18.57000000,164717.49000000
1761670800000,18.56000000,18.64000000,18.49000000,18.59000000,138192.84000000
1761674400000,18.58000000,18.63000000,18.33000000,18.38000000,82747.05000000
1761678000000,18.39000000,18.40000000,17.88000000,17.99000000,292273.93000000
1761681600000,18.00000000,18.00000000,17.52000000,17.66000000,715517.95000000
1761685200000,17.65000000,17.81000000,17.43000000,17.77000000,305465.92000000
1761688800000,17.77000000,17.94000000,17.69000000,17.90000000,115797.52000000
1761692400000,17.90000000,17.91000000,17.76000000,17.83000000,68149.20000000
1761696000000,17.83000000,17.94000000,17.76000000,17.78000000,76595.56000000
1761699600000,17.77000000,18.01000000,17.76000000,17.89000000,83825.26000000
1761703200000,17.90000000,17.90000000,17.78000000,17.83000000,133040.27000000
1761706800000,17.84000000,17.85000000,17.74000000,17.80000000,57964.60000000
1761710400000,17.80000000,17.88000000,17.79000000,17.80000000,38837.43000000
1761714000000,17.80000000,17.96000000,17.77000000,17.84000000,143425.10000000
1761717600000,17.84000000,17.94000000,17.81000000,17.91000000,40349.59000000
1761721200000,17.91000000,17.99000000,17.85000000,17.93000000,63444.90000000
1761724800000,17.92000000,17.94000000,17.75000000,17.78000000,107176.52000000
1761728400000,17.79000000,17.88000000,17.73000000,17.87000000,92521.79000000
1761732000000,17.87000000,18.05000000,17.84000000,17.94000000,218934.56000000
1761735600000,17.94000000,18.16000000,17.91000000,18.11000000,119885.45000000
1761739200000,18.11000000,18.17000000,18.03000000,18.08000000,87452.33000000
1761742800000,18.08000000,18.32000000,18.06000000,18.16000000,218604.87000000
1761746400000,18.15000000,18.28000000,18.02000000,18.23000000,186421.03000000
1761750000000,18.24000000,18.27000000,17.89000000,18.02000000,340825.58000000
1761753600000,18.02000000,18.24000000,17.86000000,18.13000000,419230.92000000
1761757200000,18.12000000,18.44000000,18.04000000,18.40000000,213530.09000000
1761760800000,18.41000000,18.48000000,17.54000000,18.14000000,1577495.06000000
1761764400000,18.15000000,18.52000000,18.10000000,18.26000000,439697.02000000
1761768000000,18.27000000,18.48000000,18.11000000,18.43000000,268612.99000000
1761771600000,18.43000000,18.67000000,18.35000000,18.52000000,192595.41000000
1761775200000,18.53000000,18.55000000,18.34000000,18.38000000,120761.00000000
1761778800000,18.37000000,18.39000000,17.98000000,18.13000000,175448.39000000
1761782400000,18.14000000,18.31000000,18.01000000,18.27000000,138725.67000000
1761786000000,18.28000000,18.28000000,18.07000000,18.11000000,108750.30000000
1761789600000,18.11000000,18.32000000,18.08000000,18.23000000,98894.36000000
1761793200000,18.23000000,18.26000000,18.10000000,18.17000000,114140.16000000
1761796800000,18.17000000,18.17000000,17.47000000,17.67000000,651196.27000000
1761800400000,17.66000000,18.21000000,17.57000000,18.14000000,327513.87000000
1761804000000,18.14000000,18.24000000,17.94000000,18.18000000,199611.07000000
1761807600000,18.18000000,18.43000000,18.15000000,18.37000000,199876.98000000
1761811200000,18.37000000,18.39000000,18.18000000,18.19000000,142145.60000000
1761814800000,18.19000000,18.22000000,17.96000000,17.98000000,226383.07000000
1761818400000,17.98000000,18.01000000,17.76000000,17.79000000,306116.37000000
1761822000000,17.78000000,17.83000000,17.65000000,17.67000000,323943.84000000
1761825600000,17.67000000,17.72000000,17.26000000,17.38000000,540955.20000000
1761829200000,17.38000000,17.49000000,17.12000000,17.13000000,376246.00000000
1761832800000,17.14000000,17.27000000,16.91000000,17.11000000,644987.55000000
1761836400000,17.11000000,17.16000000,16.85000000,16.91000000,261512.47000000
1761840000000,16.91000000,17.02000000,16.80000000,16.96000000,233068.44000000
1761843600000,16.96000000,16.96000000,16.54000000,16.77000000,369821.08000000
1761847200000,16.76000000,16.80000000,16.55000000,16.58000000,136430.06000000
1761850800000,16.57000000,16.62000000,16.34000000,16.40000000,265543.43000000
1761854400000,16.39000000,16.72000000,16.32000000,16.71000000,342693.68000000
1761858000000,16.72000000,16.77000000,16.57000000,16.72000000,125793.29000000
1761861600000,16.72000000,16.78000000,16.65000000,16.76000000,111096.74000000
1761865200000,16.76000000,16.82000000,16.70000000,16.80000000,153715.99000000
1761868800000,16.80000000,16.95000000,16.75000000,16.83000000,227279.04000000
1761872400000,16.83000000,17.09000000,16.73000000,17.06000000,539760.33000000
1761876000000,17.05000000,17.07000000,16.82000000,16.90000000,187494.46000000
1761879600000,16.90000000,17.03000000,16.85000000,16.94000000,135758.33000000
1761883200000,16.94000000,17.24000000,16.93000000,17.23000000,199265.10000000
1761886800000,17.22000000,17.27000000,17.13000000,17.19000000,162627.03000000
1761890400000,17.19000000,17.24000000,17.15000000,17.20000000,129822.56000000
1761894000000,17.20000000,17.31000000,17.15000000,17.22000000,118734.47000000
1761897600000,17.22000000,17.33000000,17.14000000,17.29000000,119349.75000000
1761901200000,17.28000000,17.32000000,17.16000000,17.27000000,105293.30000000
1761904800000,17.26000000,17.33000000,17.19000000,17.20000000,84485.12000000
1761908400000,17.20000000,17.35000000,17.16000000,17.34000000,103045.48000000
1761912000000,17.33000000,17.40000000,17.16000000,17.16000000,150416.65000000
1761915600000,17.17000000,17.32000000,17.09000000,17.26000000,160691.69000000
1761919200000,17.26000000,17.40000000,17.15000000,17.37000000,177928.05000000
1761922800000,17.36000000,17.46000000,17.27000000,17.28000000,177739.43000000
1761926400000,17.29000000,17.29000000,16.85000000,16.90000000,205788.59000000
1761930000000,16.89000000,17.01000000,16.77000000,16.91000000,123760.35000000
1761933600000,16.91000000,17.11000000,16.83000000,17.02000000,159406.25000000
1761937200000,17.01000000,17.37000000,16.92000000,17.31000000,191797.07000000
1761940800000,17.30000000,17.36000000,17.14000000,17.18000000,108636.78000000
1761944400000,17.18000000,17.26000000,17.12000000,17.25000000,63284.26000000
1761948000000,17.25000000,17.36000000,17.22000000,17.28000000,60712.49000000
1761951600000,17.27000000,17.30000000,17.23000000,17.24000000,38367.50000000
1761955200000,17.24000000,17.25000000,17.09000000,17.15000000,151091.59000000
1761958800000,17.14000000,17.25000000,17.12000000,17.12000000,83503.22000000
1761962400000,17.12000000,17.27000000,17.06000000,17.25000000,41179.70000000
1761966000000,17.25000000,17.33000000,17.24000000,17.31000000,53425.93000000
1761969600000,17.32000000,17.34000000,17.19000000,17.31000000,47588.05000000
1761973200000,17.32000000,17.34000000,17.18000000,17.20000000,26831.10000000
1761976800000,17.20000000,17.25000000,17.13000000,17.21000000,52846.32000000
1761980400000,17.21000000,17.34000000,17.18000000,17.33000000,74445.59000000
1761984000000,17.32000000,17.39000000,17.24000000,17.38000000,106525.86000000
1761987600000,17.38000000,17.44000000,17.29000000,17.33000000,95625.86000000
1761991200000,17.34000000,17.41000000,17.31000000,17.35000000,51928.90000000
1761994800000,17.36000000,17.44000000,17.29000000,17.34000000,47970.05000000
1761998400000,17.35000000,17.42000000,17.33000000,17.37000000,56003.66000000
1762002000000,17.37000000,17.40000000,17.20000000,17.28000000,71472.98000000
1762005600000,17.28000000,17.31000000,17.13000000,17.17000000,98458.56000000
1762009200000,17.18000000,17.33000000,17.15000000,17.25000000,93392.21000000
1762012800000,17.25000000,17.34000000,17.19000000,17.25000000,97384.85000000
1762016400000,17.25000000,17.26000000,17.04000000,17.17000000,123885.31000000
1762020000000,17.17000000,17.24000000,17.11000000,17.23000000,67408.92000000
1762023600000,17.23000000,17.24000000,17.16000000,17.23000000,38767.14000000
1762027200000,17.24000000,17.32000000,17.22000000,17.25000000,54561.13000000
1762030800000,17.25000000,17.27000000,17.05000000,17.08000000,90308.94000000
1762034400000,17.07000000,17.15000000,17.06000000,17.13000000,68179.37000000
1762038000000,17.13000000,17.16000000,17.07000000,17.14000000,61507.07000000
1762041600000,17.15000000,17.15000000,17.05000000,17.11000000,41615.33000000
1762045200000,17.11000000,17.15000000,17.04000000,17.09000000,45891.37000000
1762048800000,17.08000000,17.21000000,17.06000000,17.15000000,41513.13000000
1762052400000,17.15000000,17.17000000,17.10000000,17.16000000,25373.46000000
1762056000000,17.15000000,17.40000000,17.11000000,17.36000000,85791.26000000
1762059600000,17.37000000,17.58000000,17.30000000,17.55000000,226061.25000000
1762063200000,17.54000000,17.56000000,17.38000000,17.49000000,197406.71000000
1762066800000,17.49000000,17.60000000,17.44000000,17.54000000,71584.15000000
1762070400000,17.54000000,17.58000000,17.44000000,17.46000000,51770.84000000
1762074000000,17.46000000,17.58000000,17.43000000,17.44000000,57131.62000000
1762077600000,17.44000000,17.50000000,17.25000000,17.33000000,107377.90000000
1762081200000,17.33000000,17.64000000,17.33000000,17.58000000,142355.80000000
1762084800000,17.58000000,17.59000000,17.44000000,17.45000000,75379.52000000
1762088400000,17.46000000,17.50000000,17.31000000,17.37000000,74372.62000000
1762092000000,17.37000000,17.40000000,17.06000000,17.15000000,148042.34000000
1762095600000,17.14000000,17.28000000,17.07000000,17.13000000,94107.64000000
1762099200000,17.13000000,17.29000000,17.00000000,17.29000000,119800.27000000
1762102800000,17.28000000,17.29000000,17.11000000,17.21000000,65700.76000000
1762106400000,17.20000000,17.22000000,17.13000000,17.17000000,26862.44000000
1762110000000,17.17000000,17.18000000,16.99000000,17.05000000,77024.63000000
1762113600000,17.06000000,17.16000000,16.99000000,17.14000000,46915.30000000
1762117200000,17.15000000,17.26000000,17.08000000,17.17000000,49532.59000000
1762120800000,17.18000000,17.24000000,17.09000000,17.18000000,56657.79000000
1762124400000,17.19000000,17.63000000,17.19000000,17.58000000,253839.23000000
1762128000000,17.59000000,17.66000000,17.27000000,17.28000000,214982.72000000
1762131600000,17.27000000,17.30000000,17.02000000,17.06000000,160255.64000000
1762135200000,17.06000000,17.09000000,16.78000000,16.85000000,340597.08000000
1762138800000,16.85000000,16.90000000,16.33000000,16.36000000,419116.75000000
1762142400000,16.36000000,16.41000000,16.18000000,16.41000000,292982.16000000
1762146000000,16.40000000,16.52000000,16.16000000,16.18000000,188976.97000000
1762149600000,16.17000000,16.20000000,15.87000000,16.08000000,339355.11000000
1762153200000,16.07000000,16.27000000,16.01000000,16.13000000,238245.03000000
1762156800000,16.13000000,16.21000000,15.97000000,16.11000000,347230.44000000
1762160400000,16.12000000,16.24000000,15.92000000,15.96000000,195636.13000000
1762164000000,15.95000000,16.05000000,15.80000000,15.85000000,181202.83000000
1762167600000,15.86000000,16.13000000,15.85000000,16.07000000,173897.29000000
1762171200000,16.07000000,16.18000000,16.01000000,16.02000000,132616.19000000
1762174800000,16.01000000,16.19000000,15.93000000,16.17000000,194218.21000000
1762178400000,16.18000000,16.31000000,16.07000000,16.31000000,382025.34000000
1762182000000,16.31000000,16.34000000,14.51000000,15.29000000,2486034.14000000
1762185600000,15.30000000,15.68000000,15.24000000,15.45000000,678264.03000000
1762189200000,15.45000000,15.86000000,15.42000000,15.74000000,314011.62000000
1762192800000,15.74000000,15.76000000,15.47000000,15.50000000,147993.05000000
1762196400000,15.49000000,15.53000000,15.32000000,15.35000000,194217.04000000
1762200000000,15.35000000,15.38000000,15.05000000,15.15000000,274353.61000000
1762203600000,15.15000000,15.43000000,15.05000000,15.37000000,307631.56000000
1762207200000,15.37000000,15.38000000,15.12000000,15.22000000,224838.85000000
1762210800000,15.22000000,15.30000000,15.10000000,15.25000000,124080.60000000
1762214400000,15.25000000,15.50000000,15.11000000,15.33000000,225176.94000000
1762218000000,15.33000000,15.51000000,15.27000000,15.37000000,181340.05000000
1762221600000,15.36000000,15.47000000,15.30000000,15.31000000,101237.97000000
1762225200000,15.32000000,15.50000000,15.27000000,15.43000000,208680.50000000
1762228800000,15.43000000,15.51000000,15.23000000,15.24000000,111840.63000000
1762232400000,15.24000000,15.34000000,14.66000000,14.70000000,692787.80000000
1762236000000,14.69000000,15.18000000,14.69000000,14.89000000,483821.16000000
1762239600000,14.88000000,14.90000000,14.56000000,14.63000000,410242.32000000
1762243200000,14.64000000,14.94000000,14.52000000,14.82000000,363074.58000000
1762246800000,14.83000000,14.91000000,14.75000000,14.88000000,206552.43000000
1762250400000,14.89000000,15.08000000,14.87000000,15.08000000,414878.86000000
1762254000000,15.08000000,15.28000000,15.03000000,15.06000000,415205.42000000
1762257600000,15.06000000,15.11000000,14.80000000,14.86000000,673660.61000000
1762261200000,14.87000000,14.97000000,14.73000000,14.79000000,228763.28000000
1762264800000,14.80000000,15.35000000,14.67000000,15.26000000,482487.73000000
1762268400000,15.26000000,15.43000000,15.02000000,15.12000000,280143.95000000
1762272000000,15.11000000,15.24000000,14.72000000,14.77000000,576864.66000000
1762275600000,14.76000000,14.76000000,14.27000000,14.57000000,813650.31000000
1762279200000,14.57000000,14.65000000,14.13000000,14.59000000,816134.62000000
1762282800000,14.58000000,14.71000000,14.27000000,14.29000000,288363.18000000
1762286400000,14.29000000,14.58000000,13.69000000,14.37000000,1390412.97000000
1762290000000,14.38000000,14.45000000,13.78000000,14.32000000,710254.63000000
1762293600000,14.32000000,14.82000000,14.23000000,14.76000000,515700.54000000
1762297200000,14.76000000,14.87000000,14.67000000,14.68000000,259480.58000000
1762300800000,14.69000000,14.79000000,14.44000000,14.54000000,208175.06000000
1762304400000,14.54000000,14.56000000,13.98000000,14.45000000,402357.37000000
1762308000000,14.46000000,14.74000000,14.45000000,14.70000000,711522.05000000
1762311600000,14.71000000,14.90000000,14.65000000,14.85000000,367701.26000000
1762315200000,14.85000000,14.98000000,14.75000000,14.89000000,154066.16000000
1762318800000,14.88000000,15.02000000,14.80000000,14.86000000,130303.39000000
1762322400000,14.85000000,14.93000000,14.76000000,14.92000000,151810.08000000
1762326000000,14.92000000,14.96000000,14.77000000,14.91000000,117675.86000000
1762329600000,14.90000000,14.90000000,14.60000000,14.68000000,190672.76000000
1762333200000,14.68000000,14.83000000,14.67000000,14.78000000,144726.74000000
1762336800000,14.78000000,14.79000000,14.54000000,14.56000000,107955.69000000
1762340400000,14.56000000,14.86000000,14.55000000,14.83000000,121069.80000000
1762344000000,14.82000000,14.95000000,14.74000000,14.94000000,155516.22000000
1762347600000,14.94000000,15.09000000,14.84000000,15.01000000,170088.65000000
1762351200000,15.01000000,15.06000000,14.76000000,14.94000000,279871.18000000
1762354800000,14.93000000,15.11000000,14.84000000,15.10000000,236122.22000000
1762358400000,15.10000000,15.24000000,14.91000000,15.20000000,263329.08000000
1762362000000,15.20000000,15.28000000,15.12000000,15.25000000,343704.59000000
1762365600000,15.24000000,15.40000000,15.18000000,15.34000000,160127.30000000
1762369200000,15.34000000,15.35000000,15.21000000,15.25000000,126104.77000000
1762372800000,15.26000000,15.36000000,15.15000000,15.21000000,222596.21000000
1762376400000,15.21000000,15.21000000,15.05000000,15.15000000,158750.56000000
1762380000000,15.14000000,15.25000000,15.09000000,15.24000000,87574.09000000
1762383600000,15.23000000,15.32000000,15.08000000,15.09000000,882211.04000000
1762387200000,15.08000000,15.14000000,15.02000000,15.07000000,144969.47000000
1762390800000,15.07000000,15.08000000,14.84000000,15.06000000,232533.73000000
1762394400000,15.05000000,15.20000000,14.91000000,15.12000000,165084.32000000
1762398000000,15.12000000,15.21000000,15.11000000,15.12000000,155328.48000000
1762401600000,15.13000000,15.24000000,15.09000000,15.19000000,90909.81000000
1762405200000,15.18000000,15.19000000,14.88000000,14.92000000,150133.48000000
1762408800000,14.92000000,14.99000000,14.85000000,14.89000000,170911.74000000
1762412400000,14.89000000,15.01000000,14.82000000,14.91000000,129550.55000000
1762416000000,14.90000000,14.96000000,14.83000000,14.88000000,98061.27000000
1762419600000,14.88000000,14.97000000,14.80000000,14.82000000,118577.83000000
1762423200000,14.83000000,14.95000000,14.75000000,14.88000000,122823.97000000
1762426800000,14.88000000,14.98000000,14.78000000,14.94000000,110221.87000000
1762430400000,14.93000000,14.97000000,14.74000000,14.80000000,151312.17000000
1762434000000,14.79000000,15.10000000,14.78000000,15.03000000,156173.65000000
1762437600000,15.04000000,15.09000000,14.60000000,14.64000000,206800.54000000
1762441200000,14.64000000,14.84000000,14.38000000,14.46000000,268567.49000000
1762444800000,14.47000000,14.59000000,14.24000000,14.42000000,296387.80000000
1762448400000,14.42000000,14.64000000,14.32000000,14.62000000,208307.75000000
1762452000000,14.61000000,14.78000000,14.42000000,14.62000000,203440.51000000
1762455600000,14.62000000,14.77000000,14.59000000,14.74000000,173495.85000000
1762459200000,14.74000000,14.80000000,14.50000000,14.60000000,176953.34000000
1762462800000,14.60000000,14.74000000,14.51000000,14.65000000,91439.13000000
1762466400000,14.66000000,14.78000000,14.56000000,14.76000000,120343.94000000
1762470000000,14.76000000,14.76000000,14.56000000,14.74000000,97605.49000000
1762473600000,14.74000000,14.91000000,14.70000000,14.85000000,323087.60000000
1762477200000,14.86000000,14.89000000,14.58000000,14.80000000,320252.11000000
1762480800000,14.80000000,14.95000000,14.71000000,14.94000000,162736.32000000
1762484400000,14.94000000,15.04000000,14.93000000,14.96000000,116596.93000000
1762488000000,14.96000000,14.99000000,14.83000000,14.93000000,105814.75000000
1762491600000,14.92000000,15.11000000,14.90000000,15.09000000,142734.69000000
1762495200000,15.10000000,15.14000000,15.01000000,15.02000000,103198.97000000
1762498800000,15.02000000,15.17000000,14.97000000,15.16000000,144179.51000000
1762502400000,15.17000000,15.19000000,14.97000000,14.99000000,148378.37000000
1762506000000,14.99000000,15.03000000,14.72000000,14.87000000,193171.06000000
1762509600000,14.86000000,14.95000000,14.67000000,14.77000000,178443.52000000
1762513200000,14.76000000,14.76000000,14.50000000,14.68000000,260837.63000000
1762516800000,14.68000000,14.75000000,14.34000000,14.45000000,226827.72000000
1762520400000,14.44000000,14.65000000,14.38000000,14.59000000,195502.05000000
1762524000000,14.58000000,14.89000000,14.31000000,14.82000000,352628.78000000
1762527600000,14.83000000,15.11000000,14.70000000,15.03000000,458599.44000000
1762531200000,15.03000000,15.61000000,14.95000000,15.49000000,568995.87000000
1762534800000,15.48000000,15.98000000,15.38000000,15.96000000,604521.02000000
1762538400000,15.95000000,16.23000000,15.92000000,16.04000000,447674.55000000
1762542000000,16.03000000,16.14000000,15.93000000,16.06000000,245907.79000000
1762545600000,16.07000000,16.16000000,15.92000000,16.11000000,210662.87000000
1762549200000,16.11000000,16.18000000,16.06000000,16.15000000,123885.84000000
1762552800000,16.15000000,16.18000000,16.02000000,16.10000000,134160.76000000
1762556400000,16.10000000,16.10000000,15.73000000,15.79000000,224434.69000000
1762560000000,15.79000000,15.95000000,15.62000000,15.62000000,481276.88000000
1762563600000,15.62000000,15.86000000,15.62000000,15.82000000,209907.05000000
1762567200000,15.82000000,16.03000000,15.77000000,15.82000000,240991.04000000
1762570800000,15.82000000,15.97000000,15.76000000,15.77000000,203045.73000000
1762574400000,15.77000000,15.93000000,15.72000000,15.82000000,128611.12000000
1762578000000,15.82000000,15.88000000,15.64000000,15.69000000,288413.56000000
1762581600000,15.69000000,15.78000000,15.55000000,15.72000000,179636.10000000
1762585200000,15.72000000,15.75000000,15.53000000,15.72000000,111567.21000000
1762588800000,15.72000000,15.81000000,15.63000000,15.74000000,147543.38000000
1762592400000,15.74000000,15.80000000,15.60000000,15.65000000,113590.08000000
1762596000000,15.65000000,15.93000000,15.63000000,15.80000000,409160.19000000
1762599600000,15.81000000,15.88000000,15.60000000,15.68000000,165199.80000000
1762603200000,15.69000000,15.73000000,15.58000000,15.64000000,107719.02000000
1762606800000,15.65000000,15.66000000,15.41000000,15.42000000,207782.96000000
1762610400000,15.43000000,15.54000000,15.27000000,15.45000000,192637.95000000
1762614000000,15.46000000,15.49000000,15.17000000,15.22000000,276173.15000000
1762617600000,15.22000000,15.32000000,15.12000000,15.26000000,159366.19000000
1762621200000,15.26000000,15.39000000,15.19000000,15.32000000,96053.38000000
1762624800000,15.32000000,15.45000000,15.25000000,15.42000000,73428.41000000
1762628400000,15.41000000,15.44000000,15.22000000,15.37000000,82779.27000000
1762632000000,15.36000000,15.44000000,15.27000000,15.40000000,75820.86000000
1762635600000,15.39000000,15.47000000,15.37000000,15.45000000,46030.62000000
1762639200000,15.45000000,15.51000000,15.40000000,15.50000000,61675.47000000
1762642800000,15.49000000,15.55000000,15.46000000,15.51000000,56046.57000000
1762646400000,15.52000000,15.53000000,15.29000000,15.36000000,105391.79000000
1762650000000,15.36000000,15.48000000,15.29000000,15.44000000,97107.21000000
1762653600000,15.43000000,15.45000000,15.10000000,15.14000000,294762.19000000
1762657200000,15.15000000,15.19000000,15.02000000,15.10000000,156408.58000000
1762660800000,15.10000000,15.18000000,15.06000000,15.10000000,88682.90000000
1762664400000,15.10000000,15.28000000,15.05000000,15.26000000,75858.90000000
1762668000000,15.27000000,15.32000000,15.17000000,15.21000000,49287.96000000
1762671600000,15.21000000,15.43000000,15.19000000,15.37000000,126657.64000000
1762675200000,15.37000000,15.38000000,15.25000000,15.30000000,114498.20000000
1762678800000,15.31000000,15.41000000,15.15000000,15.19000000,84217.16000000
1762682400000,15.18000000,15.31000000,15.08000000,15.30000000,164765.10000000
1762686000000,15.31000000,15.50000000,15.30000000,15.44000000,144767.68000000
1762689600000,15.43000000,15.57000000,15.39000000,15.46000000,113938.91000000
1762693200000,15.46000000,15.66000000,15.43000000,15.57000000,149915.97000000
1762696800000,15.58000000,15.94000000,15.52000000,15.70000000,363227.77000000
1762700400000,15.70000000,15.93000000,15.70000000,15.82000000,105562.70000000
1762704000000,15.83000000,15.99000000,15.77000000,15.95000000,122246.13000000
1762707600000,15.94000000,15.95000000,15.73000000,15.77000000,83137.50000000
1762711200000,15.78000000,15.98000000,15.72000000,15.95000000,95155.88000000
1762714800000,15.95000000,16.10000000,15.87000000,16.09000000,133425.01000000
1762718400000,16.10000000,16.13000000,15.96000000,16.03000000,115798.73000000
1762722000000,16.03000000,16.06000000,15.96000000,16.00000000,70880.29000000
1762725600000,16.00000000,16.03000000,15.83000000,15.96000000,93743.38000000
1762729200000,15.97000000,16.12000000,15.87000000,15.93000000,120962.43000000
1762732800000,15.92000000,16.28000000,15.79000000,16.12000000,239233.05000000
1762736400000,16.12000000,16.23000000,16.05000000,16.12000000,157106.69000000
1762740000000,16.12000000,16.22000000,16.09000000,16.21000000,100154.29000000
1762743600000,16.22000000,16.31000000,16.16000000,16.24000000,151870.60000000
1762747200000,16.24000000,16.29000000,16.15000000,16.27000000,111867.97000000
1762750800000,16.28000000,16.39000000,16.16000000,16.30000000,193423.39000000
1762754400000,16.30000000,16.34000000,16.20000000,16.32000000,69842.17000000
1762758000000,16.32000000,16.43000000,16.30000000,16.36000000,127161.75000000
1762761600000,16.37000000,16.39000000,16.19000000,16.30000000,137357.02000000
1762765200000,16.30000000,16.58000000,16.25000000,16.55000000,282213.11000000
1762768800000,16.55000000,16.57000000,16.42000000,16.50000000,204507.19000000
1762772400000,16.51000000,16.65000000,16.49000000,16.51000000,171006.04000000
1762776000000,16.52000000,16.55000000,16.40000000,16.50000000,219161.43000000
1762779600000,16.49000000,16.67000000,16.47000000,16.58000000,135544.08000000
1762783200000,16.58000000,16.58000000,16.01000000,16.13000000,752279.34000000
1762786800000,16.12000000,16.25000000,15.98000000,16.08000000,640389.89000000
1762790400000,16.08000000,16.20000000,15.93000000,16.01000000,168389.99000000
1762794000000,16.02000000,16.26000000,15.98000000,16.20000000,136197.50000000
1762797600000,16.20000000,16.22000000,16.02000000,16.03000000,89024.17000000
1762801200000,16.03000000,16.29000000,16.02000000,16.16000000,88632.29000000
1762804800000,16.15000000,16.31000000,16.12000000,16.20000000,93250.76000000
1762808400000,16.20000000,16.20000000,15.96000000,16.08000000,141686.98000000
1762812000000,16.08000000,16.45000000,16.01000000,16.43000000,158351.17000000
1762815600000,16.43000000,16.46000000,16.28000000,16.36000000,178765.03000000
1762819200000,16.36000000,16.44000000,16.17000000,16.35000000,177674.15000000
1762822800000,16.35000000,16.80000000,16.30000000,16.37000000,350578.13000000
1762826400000,16.37000000,16.75000000,16.25000000,16.60000000,244571.91000000
1762830000000,16.60000000,16.74000000,16.56000000,16.64000000,144700.21000000
1762833600000,16.63000000,16.69000000,16.35000000,16.37000000,122967.17000000
1762837200000,16.36000000,16.37000000,16.14000000,16.17000000,155039.05000000
1762840800000,16.16000000,16.29000000,16.07000000,16.20000000,248576.61000000
1762844400000,16.19000000,16.24000000,15.99000000,16.00000000,161532.21000000
1762848000000,15.99000000,16.12000000,15.95000000,16.08000000,123391.20000000
1762851600000,16.08000000,16.20000000,15.99000000,16.02000000,81064.30000000
1762855200000,16.02000000,16.13000000,16.00000000,16.11000000,70563.77000000
1762858800000,16.11000000,16.23000000,16.11000000,16.20000000,101104.09000000
1762862400000,16.20000000,16.30000000,15.98000000,16.01000000,145039.10000000
1762866000000,16.02000000,16.10000000,15.81000000,15.89000000,263324.73000000
1762869600000,15.89000000,16.10000000,15.79000000,16.08000000,293694.91000000
1762873200000,16.08000000,16.08000000,15.70000000,15.79000000,347456.11000000
1762876800000,15.80000000,15.88000000,15.68000000,15.76000000,159266.25000000
1762880400000,15.76000000,15.89000000,15.65000000,15.75000000,99945.92000000
1762884000000,15.75000000,15.82000000,15.67000000,15.72000000,113144.64000000
1762887600000,15.71000000,15.76000000,15.59000000,15.64000000,98887.81000000
1762891200000,15.63000000,15.66000000,15.43000000,15.46000000,182905.03000000
1762894800000,15.47000000,15.51000000,15.26000000,15.31000000,203411.67000000
1762898400000,15.32000000,15.49000000,15.25000000,15.42000000,143031.70000000
1762902000000,15.41000000,15.48000000,15.26000000,15.28000000,111595.76000000
1762905600000,15.28000000,15.38000000,15.21000000,15.22000000,110257.93000000
1762909200000,15.23000000,15.41000000,15.18000000,15.39000000,164525.24000000
1762912800000,15.39000000,15.47000000,15.25000000,15.38000000,110283.18000000
1762916400000,15.37000000,15.44000000,15.35000000,15.40000000,64165.29000000
1762920000000,15.39000000,15.40000000,15.30000000,15.39000000,88285.00000000
1762923600000,15.40000000,15.55000000,15.37000000,15.41000000,116626.68000000
1762927200000,15.41000000,15.54000000,15.39000000,15.42000000,60116.43000000
1762930800000,15.42000000,15.47000000,15.32000000,15.33000000,57934.29000000
1762934400000,15.34000000,15.69000000,15.34000000,15.62000000,212797.51000000
1762938000000,15.62000000,15.77000000,15.60000000,15.73000000,122265.16000000
1762941600000,15.74000000,15.94000000,15.72000000,15.92000000,126949.23000000
1762945200000,15.92000000,16.17000000,15.88000000,16.11000000,408303.55000000
1762948800000,16.11000000,16.18000000,16.00000000,16.07000000,181927.09000000
1762952400000,16.08000000,16.25000000,16.02000000,16.15000000,187548.55000000
1762956000000,16.14000000,16.18000000,15.67000000,15.80000000,385482.92000000
1762959600000,15.80000000,15.93000000,15.34000000,15.38000000,475010.58000000
1762963200000,15.37000000,15.42000000,15.07000000,15.17000000,475153.09000000
1762966800000,15.17000000,15.41000000,15.07000000,15.24000000,275554.04000000
1762970400000,15.25000000,15.35000000,15.16000000,15.18000000,105870.41000000
1762974000000,15.18000000,15.18000000,14.92000000,15.09000000,261432.46000000
1762977600000,15.08000000,15.31000000,15.03000000,15.20000000,159268.37000000
1762981200000,15.20000000,15.32000000,15.18000000,15.27000000,94048.67000000
1762984800000,15.27000000,15.29000000,15.15000000,15.25000000,83696.30000000
1762988400000,15.25000000,15.26000000,15.11000000,15.15000000,97071.34000000
1762992000000,15.15000000,15.32000000,15.13000000,15.20000000,126383.02000000
1762995600000,15.20000000,15.41000000,15.19000000,15.30000000,182821.22000000
1762999200000,15.30000000,15.39000000,15.25000000,15.31000000,109978.82000000
1763002800000,15.31000000,15.65000000,15.07000000,15.54000000,341870.07000000
1763006400000,15.53000000,15.74000000,15.43000000,15.69000000,206514.98000000
1763010000000,15.68000000,15.94000000,15.58000000,15.89000000,177747.62000000
1763013600000,15.90000000,16.02000000,15.85000000,15.90000000,208022.06000000
1763017200000,15.91000000,15.99000000,15.82000000,15.88000000,175175.34000000
1763020800000,15.87000000,15.96000000,15.83000000,15.84000000,101834.27000000
1763024400000,15.84000000,15.86000000,15.64000000,15.68000000,181858.39000000
1763028000000,15.68000000,15.87000000,15.66000000,15.71000000,117770.61000000
1763031600000,15.71000000,15.81000000,15.70000000,15.74000000,62705.68000000
1763035200000,15.74000000,15.77000000,15.64000000,15.74000000,78182.52000000
1763038800000,15.75000000,15.75000000,15.45000000,15.49000000,219668.90000000
1763042400000,15.49000000,15.78000000,15.32000000,15.63000000,398594.65000000
1763046000000,15.62000000,15.67000000,15.24000000,15.33000000,256902.72000000
1763049600000,15.32000000,15.37000000,15.00000000,15.02000000,294559.97000000
1763053200000,15.02000000,15.03000000,14.63000000,14.66000000,506577.14000000
1763056800000,14.65000000,14.69000000,14.37000000,14.46000000,512132.39000000
1763060400000,14.46000000,14.55000000,14.20000000,14.29000000,418027.28000000
1763064000000,14.28000000,14.34000000,14.14000000,14.23000000,328625.66000000
1763067600000,14.24000000,14.31000000,14.15000000,14.24000000,441001.02000000
1763071200000,14.23000000,14.57000000,14.21000000,14.52000000,237324.57000000
1763074800000,14.52000000,14.73000000,14.44000000,14.54000000,264973.24000000
1763078400000,14.55000000,14.61000000,14.36000000,14.41000000,260909.32000000
1763082000000,14.40000000,14.51000000,14.35000000,14.42000000,161807.90000000
1763085600000,14.42000000,14.60000000,14.41000000,14.55000000,200311.86000000
1763089200000,14.54000000,14.56000000,14.36000000,14.43000000,125684.51000000
1763092800000,14.44000000,14.44000000,13.90000000,14.19000000,577698.70000000
1763096400000,14.19000000,14.45000000,14.17000000,14.37000000,289832.51000000
1763100000000,14.37000000,14.53000000,14.09000000,14.52000000,311640.10000000
1763103600000,14.51000000,14.57000000,14.36000000,14.45000000,479376.97000000
1763107200000,14.45000000,14.46000000,14.30000000,14.36000000,226418.20000000
1763110800000,14.36000000,14.39000000,14.12000000,14.14000000,178595.88000000
1763114400000,14.14000000,14.30000000,14.14000000,14.29000000,195581.04000000
1763118000000,14.29000000,14.38000000,14.12000000,14.19000000,453570.59000000
1763121600000,14.18000000,14.20000000,13.82000000,14.14000000,612711.81000000
1763125200000,14.15000000,14.26000000,13.93000000,14.06000000,304011.58000000
1763128800000,14.06000000,14.42000000,13.93000000,14.32000000,457022.33000000
1763132400000,14.31000000,14.46000000,14.05000000,14.29000000,410192.58000000
1763136000000,14.30000000,14.50000000,14.24000000,14.46000000,189400.70000000
1763139600000,14.46000000,14.47000000,14.09000000,14.16000000,139199.79000000
1763143200000,14.15000000,14.32000000,14.06000000,14.11000000,160459.20000000
1763146800000,14.11000000,14.34000000,14.08000000,14.30000000,108615.56000000
1763150400000,14.30000000,14.31000000,13.84000000,13.90000000,217763.59000000
1763154000000,13.90000000,14.11000000,13.84000000,14.06000000,113571.02000000
1763157600000,14.05000000,14.15000000,13.90000000,13.97000000,128951.12000000
1763161200000,13.98000000,13.98000000,13.58000000,13.81000000,295927.40000000
1763164800000,13.81000000,14.02000000,13.79000000,14.00000000,120112.63000000
1763168400000,14.01000000,14.19000000,13.91000000,14.17000000,155365.83000000
1763172000000,14.17000000,14.25000000,14.09000000,14.24000000,80174.46000000
1763175600000,14.24000000,14.29000000,14.17000000,14.21000000,115297.69000000
1763179200000,14.21000000,14.26000000,14.12000000,14.14000000,94299.09000000
1763182800000,14.15000000,14.22000000,14.11000000,14.19000000,75487.82000000
1763186400000,14.19000000,14.29000000,14.15000000,14.20000000,124389.40000000
1763190000000,14.19000000,14.19000000,14.06000000,14.08000000,163365.06000000
1763193600000,14.08000000,14.09000000,13.83000000,13.88000000,155574.17000000
1763197200000,13.88000000,14.06000000,13.86000000,13.98000000,184920.57000000
1763200800000,13.97000000,14.11000000,13.94000000,14.09000000,118220.67000000
1763204400000,14.08000000,14.11000000,13.98000000,14.01000000,60706.87000000
1763208000000,14.01000000,14.17000000,13.97000000,14.16000000,105710.41000000
1763211600000,14.15000000,14.30000000,14.14000000,14.25000000,98710.67000000
1763215200000,14.25000000,14.26000000,14.13000000,14.19000000,128197.99000000
1763218800000,14.18000000,14.24000000,14.14000000,14.17000000,56818.07000000
1763222400000,14.17000000,14.21000000,14.06000000,14.20000000,95108.86000000
1763226000000,14.20000000,14.33000000,14.16000000,14.30000000,154772.57000000
1763229600000,14.29000000,14.34000000,14.22000000,14.24000000,139259.37000000
1763233200000,14.24000000,14.26000000,14.16000000,14.21000000,56576.93000000
1763236800000,14.21000000,14.22000000,14.07000000,14.09000000,66765.07000000
1763240400000,14.10000000,14.21000000,13.99000000,14.03000000,87083.30000000
1763244000000,14.03000000,14.14000000,14.01000000,14.13000000,66859.42000000
1763247600000,14.13000000,14.15000000,14.09000000,14.14000000,48497.86000000
1763251200000,14.14000000,14.15000000,13.96000000,14.03000000,83839.05000000
1763254800000,14.03000000,14.08000000,13.85000000,14.02000000,168627.58000000
1763258400000,14.03000000,14.21000000,13.97000000,14.21000000,136073.12000000
1763262000000,14.21000000,14.26000000,14.15000000,14.18000000,53160.83000000
1763265600000,14.19000000,14.21000000,14.10000000,14.16000000,49444.90000000
1763269200000,14.15000000,14.29000000,14.15000000,14.22000000,64240.17000000
1763272800000,14.22000000,14.29000000,14.18000000,14.20000000,36185.94000000
1763276400000,14.19000000,14.34000000,14.18000000,14.34000000,60029.65000000
1763280000000,14.34000000,14.40000000,14.24000000,14.30000000,216281.23000000
1763283600000,14.30000000,14.48000000,14.25000000,14.48000000,145440.26000000
1763287200000,14.47000000,14.54000000,14.35000000,14.37000000,280684.85000000
1763290800000,14.37000000,14.41000000,14.03000000,14.06000000,549454.53000000
1763294400000,14.06000000,14.16000000,13.97000000,14.06000000,398279.52000000
1763298000000,14.06000000,14.11000000,13.93000000,14.02000000,188451.50000000
1763301600000,14.03000000,14.18000000,13.98000000,14.12000000,162235.34000000
1763305200000,14.11000000,14.12000000,13.76000000,13.78000000,351589.45000000
1763308800000,13.79000000,13.89000000,13.51000000,13.56000000,487692.58000000
1763312400000,13.55000000,13.62000000,13.40000000,13.59000000,535927.78000000
1763316000000,13.58000000,13.85000000,13.49000000,13.56000000,418432.74000000
1763319600000,13.56000000,13.79000000,13.54000000,13.62000000,179712.74000000
1763323200000,13.63000000,13.77000000,13.60000000,13.60000000,105375.56000000
1763326800000,13.61000000,13.62000000,13.47000000,13.55000000,145735.21000000
1763330400000,13.55000000,13.76000000,13.40000000,13.70000000,220801.79000000
1763334000000,13.71000000,13.85000000,13.40000000,13.73000000,364183.53000000
1763337600000,13.73000000,13.96000000,13.58000000,13.89000000,210342.71000000
1763341200000,13.90000000,13.93000000,13.76000000,13.77000000,118279.83000000
1763344800000,13.78000000,13.91000000,13.73000000,13.86000000,121248.44000000
1763348400000,13.86000000,13.99000000,13.85000000,13.98000000,101492.65000000
1763352000000,13.99000000,14.06000000,13.92000000,13.96000000,102043.75000000
1763355600000,13.96000000,14.00000000,13.92000000,13.97000000,54836.56000000
1763359200000,13.96000000,14.11000000,13.92000000,14.09000000,128721.54000000
1763362800000,14.09000000,14.17000000,14.07000000,14.12000000,107935.50000000
1763366400000,14.13000000,14.17000000,14.04000000,14.07000000,68896.75000000
1763370000000,14.07000000,14.16000000,14.02000000,14.10000000,57253.34000000
1763373600000,14.09000000,14.19000000,14.09000000,14.12000000,58199.59000000
1763377200000,14.12000000,14.21000000,14.09000000,14.17000000,69847.96000000
1763380800000,14.17000000,14.18000000,14.03000000,14.09000000,102352.49000000
1763384400000,14.09000000,14.12000000,13.59000000,13.73000000,422372.25000000
1763388000000,13.73000000,14.29000000,13.65000000,13.96000000,855887.92000000
1763391600000,13.97000000,14.05000000,13.66000000,13.71000000,430352.84000000
1763395200000,13.71000000,13.78000000,13.40000000,13.78000000,352570.68000000
1763398800000,13.78000000,13.80000000,13.34000000,13.39000000,271284.82000000
1763402400000,13.38000000,13.51000000,13.24000000,13.28000000,393825.96000000
1763406000000,13.28000000,13.37000000,13.09000000,13.22000000,518630.41000000
1763409600000,13.22000000,13.31000000,13.08000000,13.24000000,370851.60000000
1763413200000,13.24000000,13.35000000,13.12000000,13.24000000,160549.02000000
1763416800000,13.24000000,13.36000000,13.19000000,13.28000000,158976.21000000
1763420400000,13.28000000,13.34000000,13.22000000,13.33000000,144450.38000000
1763424000000,13.34000000,13.36000000,13.06000000,13.34000000,209749.34000000
1763427600000,13.34000000,13.42000000,13.28000000,13.31000000,139063.24000000
1763431200000,13.31000000,13.52000000,13.15000000,13.28000000,304777.66000000
1763434800000,13.28000000,13.52000000,13.11000000,13.46000000,482186.27000000
1763438400000,13.45000000,13.53000000,13.24000000,13.49000000,328420.83000000
1763442000000,13.49000000,13.59000000,13.36000000,13.46000000,225591.36000000
1763445600000,13.46000000,13.47000000,13.27000000,13.30000000,168069.51000000
1763449200000,13.29000000,13.48000000,13.24000000,13.39000000,180227.14000000
1763452800000,13.39000000,13.60000000,13.37000000,13.55000000,206608.02000000
1763456400000,13.54000000,13.58000000,13.42000000,13.57000000,84715.08000000
1763460000000,13.57000000,13.59000000,13.48000000,13.57000000,67682.53000000
1763463600000,13.56000000,13.57000000,13.47000000,13.49000000,75775.26000000
1763467200000,13.49000000,13.52000000,13.35000000,13.46000000,145177.85000000
1763470800000,13.46000000,13.47000000,13.29000000,13.38000000,180019.78000000
1763474400000,13.39000000,13.60000000,13.33000000,13.40000000,370596.71000000
1763478000000,13.39000000,13.83000000,13.33000000,13.71000000,658314.50000000
1763481600000,13.71000000,13.98000000,13.68000000,13.90000000,373037.25000000
1763485200000,13.90000000,13.92000000,13.74000000,13.81000000,106371.93000000
1763488800000,13.81000000,14.00000000,13.81000000,13.91000000,106117.10000000
1763492400000,13.91000000,13.99000000,13.86000000,13.90000000,74232.66000000
1763496000000,13.91000000,13.96000000,13.87000000,13.88000000,91417.20000000
1763499600000,13.88000000,13.90000000,13.70000000,13.71000000,106065.79000000
1763503200000,13.71000000,13.92000000,13.71000000,13.87000000,142318.92000000
1763506800000,13.87000000,13.88000000,13.77000000,13.79000000,76704.77000000
1763510400000,13.80000000,13.82000000,13.61000000,13.77000000,144934.90000000
1763514000000,13.77000000,13.83000000,13.66000000,13.68000000,183342.34000000
1763517600000,13.68000000,13.72000000,13.56000000,13.66000000,408976.72000000
1763521200000,13.65000000,13.69000000,13.47000000,13.50000000,143792.35000000
1763524800000,13.49000000,13.55000000,13.40000000,13.40000000,147202.08000000
1763528400000,13.40000000,13.43000000,13.12000000,13.25000000,201650.80000000
1763532000000,13.24000000,13.35000000,13.19000000,13.31000000,134255.93000000
1763535600000,13.31000000,13.49000000,13.31000000,13.49000000,155259.53000000
1763539200000,13.48000000,13.53000000,13.38000000,13.42000000,197776.23000000
1763542800000,13.41000000,13.48000000,13.33000000,13.47000000,83038.82000000
1763546400000,13.48000000,13.56000000,13.42000000,13.43000000,112729.86000000
1763550000000,13.43000000,13.49000000,13.38000000,13.40000000,77249.16000000
1763553600000,13.39000000,13.49000000,13.38000000,13.45000000,89576.06000000
1763557200000,13.46000000,13.46000000,13.29000000,13.31000000,95657.05000000
1763560800000,13.31000000,13.37000000,13.15000000,13.31000000,296591.24000000
1763564400000,13.31000000,13.51000000,12.98000000,13.02000000,616038.36000000
1763568000000,13.02000000,13.14000000,12.87000000,12.94000000,410921.59000000
1763571600000,12.94000000,13.00000000,12.78000000,12.98000000,524195.25000000
1763575200000,12.97000000,13.02000000,12.77000000,12.90000000,284669.21000000
1763578800000,12.91000000,12.94000000,12.79000000,12.89000000,196212.65000000
1763582400000,12.88000000,13.16000000,12.85000000,13.11000000,169630.38000000
1763586000000,13.11000000,13.42000000,13.07000000,13.38000000,292613.41000000
1763589600000,13.38000000,13.39000000,13.25000000,13.35000000,120160.04000000
1763593200000,13.34000000,13.58000000,13.34000000,13.53000000,189375.29000000
1763596800000,13.53000000,13.59000000,13.46000000,13.52000000,135967.04000000
1763600400000,13.52000000,13.63000000,13.51000000,13.62000000,85755.15000000
1763604000000,13.62000000,13.70000000,13.59000000,13.65000000,166956.56000000
1763607600000,13.66000000,13.71000000,13.63000000,13.65000000,97546.77000000
1763611200000,13.65000000,13.77000000,13.58000000,13.77000000,149052.64000000
1763614800000,13.77000000,13.82000000,13.66000000,13.79000000,186185.75000000
1763618400000,13.79000000,13.83000000,13.70000000,13.75000000,208654.68000000
1763622000000,13.74000000,13.95000000,13.74000000,13.94000000,233134.33000000
1763625600000,13.94000000,14.00000000,13.88000000,13.94000000,198745.72000000
1763629200000,13.94000000,13.96000000,13.81000000,13.84000000,226772.28000000
1763632800000,13.85000000,13.86000000,13.69000000,13.73000000,292725.65000000
1763636400000,13.73000000,13.74000000,13.57000000,13.71000000,356240.67000000
1763640000000,13.71000000,13.79000000,13.63000000,13.77000000,173545.64000000
1763643600000,13.76000000,13.92000000,13.60000000,13.60000000,488124.98000000
1763647200000,13.61000000,13.71000000,13.46000000,13.63000000,490110.10000000
1763650800000,13.63000000,13.63000000,13.40000000,13.42000000,290600.84000000
1763654400000,13.41000000,13.44000000,12.86000000,12.97000000,903782.94000000
1763658000000,12.97000000,13.04000000,12.77000000,12.98000000,962306.83000000
1763661600000,12.97000000,13.06000000,12.86000000,12.89000000,497864.45000000
1763665200000,12.89000000,13.04000000,12.80000000,13.00000000,279919.50000000
1763668800000,13.00000000,13.03000000,12.84000000,12.96000000,222729.74000000
1763672400000,12.96000000,13.21000000,12.95000000,13.13000000,208358.41000000
1763676000000,13.13000000,13.34000000,13.12000000,13.23000000,174196.94000000
1763679600000,13.24000000,13.26000000,12.91000000,12.93000000,222789.79000000
1763683200000,12.94000000,13.15000000,12.94000000,13.11000000,189270.95000000
1763686800000,13.11000000,13.22000000,13.05000000,13.13000000,109591.03000000
1763690400000,13.13000000,13.13000000,12.79000000,12.83000000,328491.20000000
1763694000000,12.82000000,13.03000000,12.82000000,12.86000000,290038.66000000
1763697600000,12.86000000,12.90000000,12.69000000,12.87000000,287978.59000000
1763701200000,12.86000000,12.93000000,12.73000000,12.78000000,179855.05000000
1763704800000,12.79000000,12.82000000,12.65000000,12.76000000,191222.06000000
1763708400000,12.77000000,12.81000000,11.81000000,12.28000000,1987895.17000000
1763712000000,12.27000000,12.43000000,12.22000000,12.33000000,768719.42000000
1763715600000,12.33000000,12.40000000,11.98000000,12.01000000,403065.20000000
1763719200000,12.01000000,12.11000000,11.92000000,12.02000000,494854.66000000
1763722800000,12.01000000,12.15000000,11.85000000,11.89000000,402200.05000000
1763726400000,11.90000000,12.15000000,11.61000000,12.06000000,894127.86000000
1763730000000,12.06000000,12.18000000,11.99000000,12.09000000,434251.00000000
1763733600000,12.08000000,12.33000000,11.97000000,12.25000000,495721.01000000
1763737200000,12.26000000,12.29000000,11.83000000,11.91000000,439475.72000000
1763740800000,11.91000000,12.20000000,11.72000000,12.18000000,628119.21000000
1763744400000,12.19000000,12.37000000,12.15000000,12.18000000,368193.67000000
1763748000000,12.19000000,12.34000000,11.94000000,12.23000000,316320.83000000
1763751600000,12.24000000,12.29000000,12.07000000,12.12000000,130233.82000000
1763755200000,12.12000000,12.14000000,11.93000000,12.08000000,366758.91000000
1763758800000,12.07000000,12.25000000,11.98000000,12.15000000,236613.14000000
1763762400000,12.15000000,12.21000000,11.84000000,11.85000000,205775.31000000
1763766000000,11.85000000,12.17000000,11.79000000,12.11000000,209657.88000000
1763769600000,12.12000000,12.19000000,12.04000000,12.17000000,149156.63000000
1763773200000,12.16000000,12.25000000,12.10000000,12.23000000,145740.48000000
1763776800000,12.23000000,12.25000000,12.03000000,12.09000000,79196.74000000
1763780400000,12.10000000,12.16000000,12.04000000,12.11000000,71614.77000000
1763784000000,12.11000000,12.12000000,11.87000000,12.04000000,211233.07000000
1763787600000,12.04000000,12.05000000,11.84000000,11.91000000,122959.97000000
1763791200000,11.91000000,12.03000000,11.85000000,12.01000000,369922.66000000
1763794800000,12.01000000,12.05000000,11.96000000,12.00000000,125879.47000000
1763798400000,12.00000000,12.00000000,11.75000000,11.80000000,223680.05000000
1763802000000,11.80000000,11.96000000,11.77000000,11.87000000,133383.01000000
1763805600000,11.87000000,11.94000000,11.78000000,11.85000000,133014.85000000
1763809200000,11.86000000,12.03000000,11.82000000,11.96000000,114838.93000000
1763812800000,11.97000000,11.97000000,11.79000000,11.84000000,103797.25000000
1763816400000,11.84000000,11.91000000,11.74000000,11.79000000,166300.77000000
1763820000000,11.79000000,12.00000000,11.79000000,11.97000000,167960.10000000
1763823600000,11.97000000,12.01000000,11.85000000,11.92000000,158145.75000000
1763827200000,11.92000000,12.10000000,11.91000000,12.08000000,192325.31000000
1763830800000,12.09000000,12.09000000,11.96000000,11.98000000,95129.81000000
1763834400000,11.98000000,12.01000000,11.91000000,11.97000000,100478.23000000
1763838000000,11.96000000,12.04000000,11.93000000,12.00000000,109213.52000000
1763841600000,12.01000000,12.10000000,11.94000000,12.00000000,102221.02000000
1763845200000,12.00000000,12.07000000,11.97000000,12.06000000,67252.69000000
1763848800000,12.06000000,12.31000000,12.00000000,12.25000000,209177.98000000
1763852400000,12.24000000,12.26000000,12.11000000,12.17000000,104280.57000000
1763856000000,12.17000000,12.25000000,12.11000000,12.14000000,114266.46000000
1763859600000,12.15000000,12.35000000,12.14000000,12.32000000,140028.14000000
1763863200000,12.32000000,12.48000000,12.28000000,12.43000000,290212.46000000
1763866800000,12.44000000,12.48000000,12.37000000,12.47000000,126959.61000000
1763870400000,12.47000000,12.60000000,12.46000000,12.52000000,196348.73000000
1763874000000,12.53000000,12.55000000,12.45000000,12.51000000,107600.50000000
1763877600000,12.51000000,12.55000000,12.40000000,12.42000000,101277.68000000
1763881200000,12.42000000,12.44000000,12.30000000,12.37000000,125764.63000000
1763884800000,12.37000000,12.58000000,12.36000000,12.47000000,717819.59000000
1763888400000,12.47000000,12.59000000,12.45000000,12.55000000,97991.41000000
1763892000000,12.56000000,12.62000000,12.48000000,12.50000000,534218.70000000
1763895600000,12.51000000,12.54000000,12.43000000,12.51000000,118576.85000000
1763899200000,12.51000000,12.66000000,12.50000000,12.62000000,262259.82000000
1763902800000,12.62000000,12.67000000,12.56000000,12.66000000,110236.85000000
1763906400000,12.65000000,12.72000000,12.49000000,12.50000000,151533.82000000
1763910000000,12.51000000,12.73000000,12.50000000,12.68000000,180060.20000000
1763913600000,12.68000000,12.75000000,12.52000000,12.54000000,172032.02000000
1763917200000,12.54000000,12.57000000,12.45000000,12.48000000,156016.06000000
1763920800000,12.48000000,12.63000000,12.48000000,12.55000000,110209.15000000
1763924400000,12.56000000,12.71000000,12.54000000,12.64000000,70729.18000000
1763928000000,12.64000000,12.70000000,12.62000000,12.67000000,73847.37000000
1763931600000,12.66000000,12.74000000,12.59000000,12.73000000,122799.89000000
1763935200000,12.73000000,12.75000000,12.67000000,12.71000000,99872.49000000
1763938800000,12.71000000,12.74000000,12.49000000,12.53000000,153473.95000000
1763942400000,12.52000000,12.56000000,12.35000000,12.47000000,236032.82000000
1763946000000,12.47000000,12.56000000,12.38000000,12.55000000,137728.67000000
1763949600000,12.55000000,12.84000000,12.53000000,12.68000000,261064.44000000
1763953200000,12.69000000,12.80000000,12.62000000,12.69000000,205506.40000000
1763956800000,12.69000000,12.76000000,12.47000000,12.54000000,148519.09000000
1763960400000,12.54000000,12.85000000,12.52000000,12.72000000,207679.26000000
1763964000000,12.73000000,12.73000000,12.57000000,12.65000000,182485.73000000
1763967600000,12.64000000,12.66000000,12.55000000,12.59000000,69106.96000000
1763971200000,12.58000000,12.64000000,12.54000000,12.62000000,80905.21000000
1763974800000,12.61000000,12.65000000,12.35000000,12.40000000,163274.79000000
1763978400000,12.40000000,12.50000000,12.38000000,12.44000000,93067.45000000
1763982000000,12.44000000,12.51000000,12.37000000,12.50000000,70620.75000000
1763985600000,12.49000000,12.53000000,12.43000000,12.48000000,108216.23000000
1763989200000,12.47000000,12.60000000,12.46000000,12.47000000,117200.95000000
1763992800000,12.47000000,12.65000000,12.30000000,12.53000000,338549.03000000
1763996400000,12.53000000,12.69000000,12.46000000,12.62000000,209520.67000000
1764000000000,12.63000000,12.77000000,12.61000000,12.68000000,155185.06000000
1764003600000,12.68000000,13.16000000,12.68000000,13.13000000,370328.65000000
1764007200000,13.13000000,13.21000000,13.03000000,13.05000000,396456.32000000
1764010800000,13.06000000,13.17000000,12.95000000,13.00000000,415568.19000000
1764014400000,13.00000000,13.16000000,12.97000000,13.11000000,182871.53000000
1764018000000,13.11000000,13.11000000,12.98000000,13.02000000,117779.95000000
1764021600000,13.02000000,13.13000000,13.00000000,13.05000000,127942.57000000
1764025200000,13.04000000,13.06000000,12.95000000,12.97000000,101388.55000000
1764028800000,12.97000000,13.01000000,12.87000000,12.99000000,148139.38000000
1764032400000,12.99000000,13.03000000,12.90000000,12.90000000,83419.95000000
1764036000000,12.90000000,13.01000000,12.87000000,12.99000000,186035.18000000
1764039600000,12.99000000,13.03000000,12.88000000,12.91000000,107618.76000000
1764043200000,12.90000000,13.05000000,12.89000000,13.02000000,91114.87000000
1764046800000,13.01000000,13.03000000,12.93000000,12.98000000,86484.55000000
1764050400000,12.98000000,12.99000000,12.89000000,12.96000000,82378.87000000
1764054000000,12.95000000,12.97000000,12.80000000,12.81000000,155955.37000000
1764057600000,12.81000000,12.88000000,12.70000000,12.73000000,126765.46000000
1764061200000,12.73000000,12.85000000,12.66000000,12.85000000,127539.35000000
1764064800000,12.85000000,12.85000000,12.76000000,12.82000000,118605.10000000
1764068400000,12.81000000,12.82000000,12.74000000,12.77000000,138735.62000000
1764072000000,12.78000000,12.95000000,12.77000000,12.89000000,130518.89000000
1764075600000,12.88000000,12.93000000,12.71000000,12.76000000,165375.31000000
1764079200000,12.77000000,12.90000000,12.55000000,12.73000000,289863.35000000
1764082800000,12.72000000,12.83000000,12.59000000,12.74000000,283487.83000000
1764086400000,12.73000000,12.97000000,12.73000000,12.93000000,177229.30000000
1764090000000,12.93000000,13.05000000,12.88000000,12.98000000,267254.32000000
1764093600000,12.97000000,13.15000000,12.96000000,13.00000000,566767.75000000
1764097200000,12.99000000,13.03000000,12.76000000,12.98000000,255329.41000000
1764100800000,12.98000000,13.11000000,12.97000000,13.04000000,167835.15000000
1764104400000,13.04000000,13.10000000,12.97000000,12.98000000,505393.88000000
1764108000000,12.98000000,13.15000000,12.86000000,13.11000000,165461.53000000
1764111600000,13.12000000,13.22000000,13.06000000,13.09000000,127877.32000000
1764115200000,13.08000000,13.16000000,13.04000000,13.05000000,88247.35000000
1764118800000,13.04000000,13.17000000,13.00000000,13.12000000,161844.77000000
1764122400000,13.12000000,13.16000000,13.06000000,13.07000000,117289.18000000
1764126000000,13.06000000,13.12000000,12.93000000,12.96000000,77453.88000000
1764129600000,12.96000000,13.01000000,12.92000000,12.96000000,41626.22000000
1764133200000,12.96000000,13.06000000,12.96000000,13.02000000,35179.96000000
1764136800000,13.01000000,13.07000000,12.97000000,13.04000000,80125.98000000
1764140400000,13.05000000,13.08000000,13.01000000,13.08000000,57166.90000000
1764144000000,13.07000000,13.09000000,12.95000000,12.97000000,79975.42000000
1764147600000,12.96000000,12.97000000,12.87000000,12.91000000,102270.02000000
1764151200000,12.90000000,12.95000000,12.84000000,12.90000000,58942.86000000
1764154800000,12.90000000,12.90000000,12.79000000,12.84000000,456891.20000000
1764158400000,12.84000000,12.86000000,12.75000000,12.79000000,97822.58000000
1764162000000,12.79000000,12.93000000,12.78000000,12.92000000,64784.77000000
1764165600000,12.92000000,13.01000000,12.82000000,12.85000000,117028.83000000
1764169200000,12.85000000,12.94000000,12.80000000,12.87000000,83598.91000000
1764172800000,12.88000000,13.08000000,12.88000000,13.01000000,91063.61000000
1764176400000,13.01000000,13.41000000,12.98000000,13.37000000,373710.89000000
1764180000000,13.37000000,13.51000000,13.31000000,13.49000000,309467.39000000
1764183600000,13.49000000,13.49000000,13.39000000,13.45000000,174963.72000000
1764187200000,13.45000000,13.47000000,13.36000000,13.39000000,115473.00000000
1764190800000,13.40000000,13.50000000,13.36000000,13.44000000,96394.02000000
1764194400000,13.44000000,13.50000000,13.41000000,13.45000000,67977.53000000
1764198000000,13.44000000,13.50000000,13.40000000,13.46000000,79689.42000000
1764201600000,13.45000000,13.51000000,13.38000000,13.45000000,126815.04000000
1764205200000,13.44000000,13.54000000,13.42000000,13.50000000,79540.84000000
1764208800000,13.50000000,13.57000000,13.42000000,13.43000000,137766.30000000
1764212400000,13.43000000,13.46000000,13.36000000,13.37000000,114383.94000000
1764216000000,13.38000000,13.46000000,13.36000000,13.42000000,34794.40000000
1764219600000,13.42000000,13.43000000,13.28000000,13.30000000,78280.31000000
1764223200000,13.30000000,13.42000000,13.29000000,13.39000000,51817.35000000
1764226800000,13.40000000,13.40000000,13.31000000,13.35000000,67720.04000000
1764230400000,13.36000000,13.37000000,13.27000000,13.33000000,54011.14000000
1764234000000,13.32000000,13.44000000,13.30000000,13.36000000,66575.94000000
1764237600000,13.36000000,13.40000000,13.33000000,13.38000000,69378.27000000
1764241200000,13.39000000,13.40000000,13.32000000,13.35000000,56447.54000000
1764244800000,13.34000000,13.37000000,13.23000000,13.24000000,112894.44000000
1764248400000,13.23000000,13.36000000,13.23000000,13.32000000,79596.07000000
1764252000000,13.32000000,13.40000000,13.30000000,13.40000000,57032.47000000
1764255600000,13.39000000,13.48000000,13.34000000,13.46000000,68490.66000000
1764259200000,13.46000000,13.54000000,13.41000000,13.48000000,102847.45000000
1764262800000,13.48000000,13.49000000,13.40000000,13.44000000,57215.19000000
1764266400000,13.44000000,13.52000000,13.42000000,13.51000000,42905.28000000
1764270000000,13.50000000,13.51000000,13.43000000,13.47000000,34618.29000000
1764273600000,13.46000000,13.52000000,13.46000000,13.49000000,59048.31000000
1764277200000,13.49000000,13.52000000,13.43000000,13.44000000,48752.46000000
1764280800000,13.45000000,13.47000000,13.30000000,13.35000000,66001.49000000
1764284400000,13.35000000,13.40000000,13.31000000,13.34000000,34526.60000000
1764288000000,13.33000000,13.39000000,13.29000000,13.32000000,50604.85000000
1764291600000,13.33000000,13.33000000,13.15000000,13.17000000,144631.04000000
1764295200000,13.17000000,13.28000000,13.14000000,13.26000000,73355.46000000
1764298800000,13.26000000,13.30000000,13.23000000,13.29000000,70961.69000000
1764302400000,13.29000000,13.32000000,13.23000000,13.24000000,34669.10000000
1764306000000,13.24000000,13.34000000,13.22000000,13.30000000,53613.95000000
1764309600000,13.31000000,13.31000000,13.19000000,13.22000000,25798.11000000
1764313200000,13.22000000,13.32000000,13.22000000,13.22000000,38238.38000000
1764316800000,13.23000000,13.54000000,13.22000000,13.53000000,193292.87000000
1764320400000,13.53000000,13.55000000,13.41000000,13.42000000,137299.64000000
1764324000000,13.42000000,13.49000000,13.40000000,13.46000000,48392.54000000
1764327600000,13.46000000,13.48000000,13.24000000,13.30000000,87050.18000000
1764331200000,13.30000000,13.35000000,13.28000000,13.30000000,32129.54000000
1764334800000,13.30000000,13.51000000,13.25000000,13.46000000,96492.21000000
1764338400000,13.46000000,13.53000000,13.34000000,13.41000000,155829.26000000
1764342000000,13.41000000,13.49000000,13.35000000,13.42000000,113893.94000000
1764345600000,13.43000000,13.43000000,13.16000000,13.18000000,110266.59000000
1764349200000,13.19000000,13.21000000,13.04000000,13.11000000,194092.94000000
1764352800000,13.12000000,13.16000000,13.04000000,13.13000000,98926.87000000
1764356400000,13.13000000,13.23000000,13.11000000,13.21000000,60588.21000000
1764360000000,13.21000000,13.21000000,13.12000000,13.20000000,62053.70000000
1764363600000,13.20000000,13.22000000,13.10000000,13.11000000,110249.01000000
1764367200000,13.11000000,13.21000000,13.07000000,13.18000000,102088.10000000
1764370800000,13.19000000,13.22000000,13.12000000,13.13000000,28691.59000000
1764374400000,13.12000000,13.16000000,13.09000000,13.13000000,86903.16000000
1764378000000,13.14000000,13.21000000,13.13000000,13.15000000,30486.74000000
1764381600000,13.15000000,13.17000000,13.09000000,13.12000000,33946.09000000
1764385200000,13.11000000,13.12000000,13.05000000,13.08000000,54303.50000000
1764388800000,13.08000000,13.16000000,13.04000000,13.14000000,201553.27000000
1764392400000,13.15000000,13.15000000,13.08000000,13.09000000,26635.93000000
1764396000000,13.08000000,13.12000000,12.98000000,13.07000000,140222.35000000
1764399600000,13.07000000,13.16000000,13.06000000,13.10000000,75093.55000000
1764403200000,13.09000000,13.13000000,13.04000000,13.07000000,68364.19000000
1764406800000,13.06000000,13.08000000,13.03000000,13.08000000,69212.04000000
1764410400000,13.07000000,13.15000000,13.02000000,13.13000000,43161.58000000
1764414000000,13.12000000,13.17000000,13.09000000,13.15000000,27279.07000000
1764417600000,13.16000000,13.17000000,13.08000000,13.09000000,17188.33000000
1764421200000,13.09000000,13.15000000,13.07000000,13.09000000,26552.53000000
1764424800000,13.09000000,13.13000000,13.04000000,13.09000000,62608.66000000
1764428400000,13.10000000,13.22000000,13.09000000,13.17000000,53254.70000000
1764432000000,13.17000000,13.18000000,13.10000000,13.13000000,39093.44000000
1764435600000,13.13000000,13.14000000,12.98000000,12.99000000,80804.54000000
1764439200000,13.00000000,13.05000000,12.91000000,13.04000000,99331.21000000
1764442800000,13.04000000,13.05000000,12.99000000,13.02000000,33739.27000000
1764446400000,13.03000000,13.06000000,12.97000000,13.05000000,24298.00000000
1764450000000,13.05000000,13.05000000,12.99000000,13.03000000,26905.61000000
1764453600000,13.03000000,13.03000000,12.96000000,12.97000000,42020.48000000
1764457200000,12.98000000,13.03000000,12.95000000,12.99000000,53139.75000000
1764460800000,12.99000000,13.04000000,12.97000000,13.01000000,34322.45000000
1764464400000,13.01000000,13.10000000,13.00000000,13.07000000,25969.47000000
1764468000000,13.06000000,13.12000000,13.01000000,13.02000000,25099.07000000
1764471600000,13.02000000,13.11000000,12.94000000,13.11000000,58577.40000000
1764475200000,13.11000000,13.11000000,13.03000000,13.06000000,30517.57000000
1764478800000,13.05000000,13.06000000,12.98000000,12.99000000,27434.29000000
1764482400000,13.00000000,13.08000000,12.98000000,13.01000000,35434.93000000
1764486000000,13.01000000,13.07000000,12.99000000,13.05000000,82554.90000000
1764489600000,13.05000000,13.12000000,12.99000000,13.04000000,64626.23000000
1764493200000,13.03000000,13.11000000,13.02000000,13.09000000,60368.64000000
1764496800000,13.10000000,13.10000000,13.05000000,13.05000000,22692.61000000
1764500400000,13.05000000,13.08000000,12.99000000,13.00000000,59619.08000000
1764504000000,13.01000000,13.15000000,12.97000000,13.11000000,60437.66000000
1764507600000,13.12000000,13.33000000,13.09000000,13.32000000,132511.42000000
1764511200000,13.32000000,13.33000000,13.22000000,13.28000000,158956.55000000
1764514800000,13.28000000,13.31000000,13.21000000,13.24000000,90162.67000000
1764518400000,13.24000000,13.42000000,13.24000000,13.38000000,92876.30000000
1764522000000,13.38000000,13.39000000,13.27000000,13.36000000,49606.53000000
1764525600000,13.36000000,13.38000000,13.30000000,13.34000000,48948.30000000
1764529200000,13.34000000,13.38000000,13.28000000,13.32000000,43642.66000000
1764532800000,13.31000000,13.37000000,13.27000000,13.29000000,32958.03000000
1764536400000,13.29000000,13.32000000,13.24000000,13.29000000,47879.01000000
1764540000000,13.29000000,13.34000000,13.22000000,13.28000000,55486.53000000
1764543600000,13.28000000,13.29000000,12.93000000,12.95000000,159686.06000000
1764547200000,12.95000000,12.99000000,12.24000000,12.26000000,1215246.19000000
1764550800000,12.26000000,12.44000000,12.23000000,12.28000000,303706.25000000
1764554400000,12.28000000,12.40000000,12.26000000,12.27000000,214208.33000000
1764558000000,12.27000000,12.27000000,12.10000000,12.15000000,233299.33000000
1764561600000,12.15000000,12.17000000,12.06000000,12.11000000,109193.92000000
1764565200000,12.10000000,12.14000000,12.04000000,12.09000000,145614.02000000
1764568800000,12.09000000,12.19000000,12.08000000,12.12000000,102672.01000000
1764572400000,12.13000000,12.28000000,12.11000000,12.20000000,193305.94000000
1764576000000,12.20000000,12.22000000,12.13000000,12.16000000,86036.90000000
1764579600000,12.16000000,12.21000000,12.11000000,12.15000000,81151.83000000
1764583200000,12.14000000,12.21000000,12.14000000,12.21000000,53982.53000000
1764586800000,12.20000000,12.21000000,12.11000000,12.11000000,67551.89000000
1764590400000,12.12000000,12.14000000,11.93000000,12.12000000,276150.52000000
1764594000000,12.11000000,12.21000000,12.01000000,12.06000000,198354.87000000
1764597600000,12.06000000,12.22000000,12.01000000,12.10000000,413043.02000000
1764601200000,12.11000000,12.12000000,11.81000000,12.00000000,430744.61000000
1764604800000,12.00000000,12.00000000,11.74000000,11.77000000,434435.42000000
1764608400000,11.78000000,11.89000000,11.76000000,11.84000000,148620.93000000
1764612000000,11.83000000,11.96000000,11.82000000,11.92000000,143330.13000000
1764615600000,11.92000000,11.93000000,11.79000000,11.84000000,101811.77000000
1764619200000,11.84000000,12.00000000,11.84000000,11.92000000,144544.75000000
1764622800000,11.92000000,12.08000000,11.92000000,12.03000000,141660.91000000
1764626400000,12.04000000,12.13000000,12.02000000,12.07000000,89388.13000000
1764630000000,12.07000000,12.17000000,12.06000000,12.07000000,194396.83000000
1764633600000,12.07000000,12.12000000,12.04000000,12.08000000,80002.27000000
1764637200000,12.08000000,12.22000000,12.04000000,12.04000000,140547.34000000
1764640800000,12.04000000,12.11000000,12.00000000,12.04000000,92066.68000000
1764644400000,12.04000000,12.13000000,11.98000000,12.09000000,91672.68000000
1764648000000,12.10000000,12.15000000,12.10000000,12.10000000,56957.58000000
1764651600000,12.11000000,12.14000000,12.08000000,12.12000000,141387.00000000
1764655200000,12.11000000,12.19000000,12.07000000,12.16000000,83961.63000000
1764658800000,12.17000000,12.17000000,12.08000000,12.13000000,76755.69000000
1764662400000,12.13000000,12.14000000,11.99000000,12.03000000,110523.19000000
1764666000000,12.02000000,12.12000000,12.02000000,12.06000000,83726.22000000
1764669600000,12.05000000,12.24000000,12.04000000,12.18000000,86669.28000000
1764673200000,12.19000000,12.28000000,12.13000000,12.26000000,177236.25000000
1764676800000,12.26000000,12.29000000,12.19000000,12.23000000,121793.18000000
1764680400000,12.23000000,12.40000000,12.20000000,12.35000000,292284.07000000
1764684000000,12.36000000,12.73000000,12.34000000,12.71000000,538358.12000000
1764687600000,12.70000000,13.42000000,12.70000000,13.30000000,792977.53000000
1764691200000,13.29000000,13.43000000,13.23000000,13.23000000,471865.29000000
1764694800000,13.24000000,13.50000000,13.23000000,13.33000000,319595.20000000
1764698400000,13.34000000,13.44000000,13.28000000,13.37000000,187544.72000000
1764702000000,13.37000000,13.48000000,13.35000000,13.41000000,139976.71000000
1764705600000,13.42000000,13.43000000,13.27000000,13.34000000,255763.61000000
1764709200000,13.35000000,13.45000000,13.31000000,13.42000000,152484.34000000
1764712800000,13.43000000,13.53000000,13.41000000,13.50000000,234713.16000000
1764716400000,13.51000000,13.59000000,13.45000000,13.47000000,240794.25000000
1764720000000,13.47000000,13.64000000,13.43000000,13.58000000,292144.76000000
1764723600000,13.58000000,13.74000000,13.55000000,13.71000000,290931.27000000
1764727200000,13.72000000,13.95000000,13.69000000,13.94000000,351834.77000000
1764730800000,13.94000000,14.01000000,13.83000000,13.95000000,273845.07000000
1764734400000,13.95000000,14.18000000,13.91000000,14.17000000,411155.10000000
1764738000000,14.16000000,14.29000000,14.08000000,14.23000000,362526.27000000
1764741600000,14.23000000,14.43000000,14.20000000,14.28000000,505503.54000000
1764745200000,14.29000000,14.40000000,14.24000000,14.38000000,257975.43000000
1764748800000,14.39000000,14.50000000,14.34000000,14.47000000,362317.17000000
1764752400000,14.47000000,14.52000000,14.30000000,14.46000000,308515.27000000
1764756000000,14.47000000,14.60000000,14.33000000,14.34000000,345555.82000000
1764759600000,14.35000000,14.45000000,14.29000000,14.44000000,211053.54000000
1764763200000,14.44000000,14.60000000,14.41000000,14.46000000,461471.63000000
1764766800000,14.46000000,14.60000000,14.43000000,14.59000000,217778.93000000
1764770400000,14.59000000,14.70000000,14.20000000,14.25000000,1205604.55000000
1764774000000,14.26000000,14.47000000,14.26000000,14.40000000,289829.83000000
1764777600000,14.40000000,14.52000000,14.28000000,14.37000000,241933.88000000
1764781200000,14.37000000,14.51000000,14.36000000,14.49000000,172099.53000000
1764784800000,14.49000000,14.57000000,14.37000000,14.41000000,240444.98000000
1764788400000,14.41000000,14.46000000,14.34000000,14.42000000,84540.76000000
1764792000000,14.42000000,14.50000000,14.35000000,14.43000000,232295.79000000
1764795600000,14.43000000,14.52000000,14.40000000,14.50000000,178348.04000000
1764799200000,14.49000000,14.70000000,14.42000000,14.62000000,358162.60000000
1764802800000,14.62000000,14.75000000,14.59000000,14.64000000,212658.20000000
1764806400000,14.64000000,14.89000000,14.52000000,14.77000000,263470.61000000
1764810000000,14.77000000,14.93000000,14.73000000,14.75000000,249908.22000000
1764813600000,14.75000000,14.87000000,14.70000000,14.78000000,204721.14000000
1764817200000,14.78000000,14.78000000,14.57000000,14.62000000,190504.10000000
1764820800000,14.62000000,14.64000000,14.43000000,14.46000000,191776.12000000
1764824400000,14.46000000,14.47000000,14.35000000,14.39000000,153133.23000000
1764828000000,14.39000000,14.54000000,14.37000000,14.50000000,87081.24000000
1764831600000,14.49000000,14.57000000,14.40000000,14.54000000,124848.27000000
1764835200000,14.54000000,14.58000000,14.44000000,14.53000000,109554.53000000
1764838800000,14.53000000,14.79000000,14.53000000,14.63000000,232630.95000000
1764842400000,14.64000000,14.67000000,14.48000000,14.50000000,137863.68000000
1764846000000,14.51000000,14.54000000,14.46000000,14.49000000,93700.40000000
1764849600000,14.48000000,14.52000000,14.39000000,14.40000000,81878.68000000
1764853200000,14.40000000,14.45000000,14.33000000,14.35000000,154334.04000000
1764856800000,14.35000000,14.48000000,14.22000000,14.23000000,176626.04000000
1764860400000,14.23000000,14.59000000,14.23000000,14.48000000,232273.78000000
1764864000000,14.48000000,14.55000000,14.36000000,14.38000000,240999.54000000
1764867600000,14.38000000,14.42000000,14.25000000,14.40000000,132280.17000000
1764871200000,14.40000000,14.41000000,14.24000000,14.28000000,76923.74000000
1764874800000,14.27000000,14.28000000,13.97000000,14.20000000,351058.62000000
1764878400000,14.20000000,14.38000000,14.16000000,14.37000000,113114.94000000
1764882000000,14.37000000,14.37000000,14.15000000,14.16000000,48079.32000000
1764885600000,14.17000000,14.29000000,14.16000000,14.26000000,47904.09000000
1764889200000,14.26000000,14.31000000,14.24000000,14.25000000,64104.63000000
1764892800000,14.25000000,14.32000000,14.19000000,14.25000000,102341.68000000
1764896400000,14.25000000,14.36000000,14.23000000,14.27000000,69684.61000000
1764900000000,14.27000000,14.40000000,14.24000000,14.33000000,123502.56000000
1764903600000,14.32000000,14.38000000,14.22000000,14.25000000,68124.51000000
1764907200000,14.26000000,14.31000000,14.17000000,14.25000000,62261.26000000
1764910800000,14.24000000,14.27000000,14.14000000,14.15000000,34032.39000000
1764914400000,14.16000000,14.26000000,14.15000000,14.23000000,44788.46000000
1764918000000,14.23000000,14.31000000,14.21000000,14.25000000,56904.73000000
1764921600000,14.25000000,14.33000000,14.21000000,14.32000000,101147.55000000
1764925200000,14.32000000,14.32000000,14.01000000,14.05000000,191024.92000000
1764928800000,14.04000000,14.13000000,14.02000000,14.08000000,97386.49000000
1764932400000,14.09000000,14.13000000,13.97000000,14.06000000,136371.92000000
1764936000000,14.05000000,14.09000000,13.98000000,13.99000000,105114.26000000
1764939600000,13.99000000,14.05000000,13.82000000,13.86000000,235416.57000000
1764943200000,13.85000000,13.90000000,13.74000000,13.84000000,391882.60000000
1764946800000,13.84000000,14.17000000,13.84000000,13.94000000,319000.34000000
1764950400000,13.95000000,13.95000000,13.40000000,13.53000000,543041.35000000
1764954000000,13.53000000,13.60000000,13.36000000,13.55000000,263675.23000000
1764957600000,13.55000000,13.68000000,13.42000000,13.43000000,135306.35000000
1764961200000,13.43000000,13.62000000,13.36000000,13.56000000,104949.51000000
1764964800000,13.56000000,13.64000000,13.51000000,13.57000000,67953.52000000
1764968400000,13.57000000,13.63000000,13.54000000,13.58000000,78069.28000000
1764972000000,13.58000000,13.66000000,13.50000000,13.60000000,74033.45000000
1764975600000,13.60000000,13.64000000,13.47000000,13.59000000,74573.26000000
1764979200000,13.59000000,13.62000000,13.49000000,13.59000000,71073.99000000
1764982800000,13.58000000,13.65000000,13.56000000,13.62000000,35075.30000000
1764986400000,13.63000000,13.67000000,13.57000000,13.66000000,34140.10000000
1764990000000,13.66000000,13.78000000,13.65000000,13.67000000,107006.35000000
1764993600000,13.68000000,13.69000000,13.59000000,13.64000000,53948.80000000
1764997200000,13.64000000,13.68000000,13.62000000,13.63000000,33942.47000000
1765000800000,13.63000000,13.64000000,13.57000000,13.58000000,49051.12000000
1765004400000,13.58000000,13.65000000,13.52000000,13.60000000,73663.17000000
1765008000000,13.60000000,13.60000000,13.50000000,13.52000000,41674.28000000
1765011600000,13.51000000,13.77000000,13.51000000,13.75000000,111033.29000000
1765015200000,13.75000000,13.75000000,13.63000000,13.66000000,42968.70000000
1765018800000,13.66000000,13.76000000,13.63000000,13.75000000,66673.61000000
1765022400000,13.75000000,13.80000000,13.71000000,13.74000000,74743.82000000
1765026000000,13.74000000,13.74000000,13.64000000,13.68000000,68527.73000000
1765029600000,13.68000000,13.92000000,13.64000000,13.85000000,192005.42000000
1765033200000,13.85000000,13.94000000,13.77000000,13.81000000,196443.26000000
1765036800000,13.81000000,14.01000000,13.80000000,13.90000000,126995.63000000
1765040400000,13.90000000,14.03000000,13.86000000,14.03000000,77169.44000000
1765044000000,14.04000000,14.08000000,13.95000000,13.96000000,66227.59000000
1765047600000,13.96000000,13.98000000,13.81000000,13.88000000,102736.08000000
1765051200000,13.88000000,13.99000000,13.88000000,13.97000000,35333.93000000
1765054800000,13.97000000,14.02000000,13.94000000,13.97000000,57375.44000000
1765058400000,13.96000000,14.00000000,13.90000000,13.92000000,43344.19000000
1765062000000,13.92000000,13.96000000,13.85000000,13.92000000,92335.52000000
1765065600000,13.91000000,14.01000000,13.88000000,13.98000000,58148.32000000
1765069200000,13.97000000,13.98000000,13.89000000,13.90000000,32820.88000000
1765072800000,13.89000000,14.02000000,13.89000000,13.99000000,38052.68000000
1765076400000,13.99000000,14.01000000,13.93000000,14.01000000,33835.73000000
1765080000000,14.01000000,14.04000000,13.90000000,13.92000000,39100.83000000
1765083600000,13.91000000,14.00000000,13.89000000,13.96000000,31274.20000000
1765087200000,13.95000000,14.01000000,13.94000000,14.00000000,28754.17000000
1765090800000,14.00000000,14.00000000,13.86000000,13.92000000,49967.70000000
1765094400000,13.93000000,13.94000000,13.83000000,13.85000000,41515.32000000
1765098000000,13.84000000,13.87000000,13.74000000,13.77000000,111927.21000000
1765101600000,13.78000000,13.90000000,13.76000000,13.84000000,45902.43000000
1765105200000,13.85000000,13.86000000,13.78000000,13.78000000,25583.65000000
1765108800000,13.79000000,13.95000000,13.77000000,13.93000000,52392.65000000
1765112400000,13.93000000,13.95000000,13.74000000,13.76000000,150984.41000000
1765116000000,13.76000000,13.77000000,13.22000000,13.24000000,751933.31000000
1765119600000,13.23000000,13.67000000,13.17000000,13.61000000,360899.83000000
1765123200000,13.60000000,13.68000000,13.47000000,13.68000000,161084.73000000
1765126800000,13.67000000,14.12000000,13.60000000,14.05000000,333355.62000000
1765130400000,14.05000000,14.18000000,14.01000000,14.04000000,207991.07000000
1765134000000,14.05000000,14.09000000,13.98000000,14.05000000,64872.48000000
1765137600000,14.06000000,14.12000000,14.04000000,14.11000000,45217.89000000
1765141200000,14.11000000,14.12000000,13.68000000,13.78000000,209419.67000000
1765144800000,13.77000000,13.77000000,13.42000000,13.57000000,297733.07000000
1765148400000,13.57000000,13.67000000,13.49000000,13.65000000,119407.85000000
1765152000000,13.65000000,13.71000000,13.58000000,13.64000000,82108.13000000
1765155600000,13.63000000,14.05000000,13.62000000,13.83000000,273802.63000000
1765159200000,13.83000000,13.96000000,13.80000000,13.93000000,78776.03000000
1765162800000,13.94000000,13.99000000,13.87000000,13.89000000,58021.90000000
1765166400000,13.89000000,14.01000000,13.87000000,13.94000000,69247.27000000
1765170000000,13.94000000,14.06000000,13.90000000,14.02000000,84591.31000000
1765173600000,14.01000000,14.07000000,14.00000000,14.03000000,64071.46000000
1765177200000,14.03000000,14.06000000,13.96000000,14.01000000,46802.88000000
1765180800000,14.01000000,14.12000000,13.97000000,14.12000000,85445.54000000
1765184400000,14.11000000,14.29000000,14.07000000,14.09000000,233424.52000000
1765188000000,14.09000000,14.12000000,14.04000000,14.07000000,62887.76000000
1765191600000,14.08000000,14.09000000,13.91000000,13.94000000,141502.21000000
1765195200000,13.94000000,13.97000000,13.89000000,13.95000000,95703.04000000
1765198800000,13.95000000,14.02000000,13.89000000,13.93000000,100142.67000000
1765202400000,13.93000000,14.10000000,13.87000000,13.88000000,198817.43000000
1765206000000,13.89000000,13.93000000,13.67000000,13.74000000,283363.40000000
1765209600000,13.75000000,13.90000000,13.66000000,13.74000000,150503.01000000
1765213200000,13.74000000,13.82000000,13.65000000,13.77000000,100931.06000000
1765216800000,13.77000000,13.84000000,13.56000000,13.63000000,124612.30000000
1765220400000,13.62000000,13.76000000,13.61000000,13.70000000,73990.04000000
1765224000000,13.71000000,13.84000000,13.70000000,13.80000000,54314.65000000
1765227600000,13.80000000,13.92000000,13.75000000,13.91000000,90938.04000000
1765231200000,13.90000000,13.92000000,13.77000000,13.81000000,45157.64000000
1765234800000,13.82000000,13.85000000,13.72000000,13.76000000,71677.72000000
1765238400000,13.76000000,13.86000000,13.70000000,13.72000000,86403.99000000
1765242000000,13.71000000,13.76000000,13.60000000,13.63000000,73748.54000000
1765245600000,13.63000000,13.71000000,13.59000000,13.61000000,99789.71000000
1765249200000,13.61000000,13.73000000,13.53000000,13.71000000,66062.12000000
1765252800000,13.72000000,13.72000000,13.57000000,13.62000000,79131.26000000
1765256400000,13.62000000,13.74000000,13.57000000,13.66000000,75002.80000000
1765260000000,13.65000000,13.73000000,13.60000000,13.70000000,84076.11000000
1765263600000,13.71000000,13.85000000,13.68000000,13.83000000,76221.57000000
1765267200000,13.84000000,13.87000000,13.79000000,13.84000000,56711.82000000
1765270800000,13.84000000,13.85000000,13.70000000,13.73000000,73729.58000000
1765274400000,13.73000000,13.75000000,13.61000000,13.70000000,121359.98000000
1765278000000,13.71000000,13.77000000,13.66000000,13.73000000,56383.19000000
1765281600000,13.73000000,13.84000000,13.71000000,13.83000000,79278.56000000
1765285200000,13.83000000,13.85000000,13.66000000,13.70000000,75455.32000000
1765288800000,13.70000000,13.76000000,13.64000000,13.73000000,76314.48000000
1765292400000,13.74000000,14.44000000,13.72000000,14.41000000,656726.01000000
1765296000000,14.41000000,14.88000000,14.41000000,14.84000000,730324.24000000
1765299600000,14.85000000,15.01000000,14.73000000,14.84000000,446054.36000000
1765303200000,14.84000000,14.88000000,14.72000000,14.77000000,148015.76000000
1765306800000,14.76000000,14.78000000,14.62000000,14.65000000,106577.60000000
1765310400000,14.65000000,14.65000000,14.39000000,14.48000000,158818.94000000
1765314000000,14.49000000,14.52000000,14.23000000,14.37000000,161389.58000000
1765317600000,14.37000000,14.55000000,14.34000000,14.50000000,90584.42000000
1765321200000,14.49000000,14.54000000,14.40000000,14.41000000,44164.40000000
1765324800000,14.41000000,14.46000000,14.30000000,14.31000000,66815.91000000
1765328400000,14.32000000,14.35000000,14.22000000,14.27000000,72906.95000000
1765332000000,14.27000000,14.35000000,14.21000000,14.26000000,84339.68000000
1765335600000,14.27000000,14.29000000,14.21000000,14.22000000,46687.72000000
1765339200000,14.22000000,14.27000000,14.18000000,14.22000000,73035.74000000
1765342800000,14.21000000,14.28000000,14.15000000,14.18000000,68078.45000000
1765346400000,14.17000000,14.23000000,14.15000000,14.20000000,46964.70000000
1765350000000,14.20000000,14.21000000,14.11000000,14.18000000,84736.43000000
1765353600000,14.18000000,14.21000000,14.15000000,14.17000000,61230.20000000
1765357200000,14.17000000,14.34000000,14.14000000,14.31000000,122080.70000000
1765360800000,14.31000000,14.44000000,14.13000000,14.14000000,212853.01000000
1765364400000,14.14000000,14.19000000,14.05000000,14.18000000,129412.14000000
1765368000000,14.18000000,14.19000000,14.07000000,14.15000000,86964.41000000
1765371600000,14.16000000,14.19000000,14.10000000,14.14000000,91702.09000000
1765375200000,14.14000000,14.15000000,14.01000000,14.06000000,170139.14000000
1765378800000,14.06000000,14.14000000,13.94000000,14.03000000,172038.82000000
1765382400000,14.03000000,14.23000000,13.98000000,14.17000000,341474.23000000
1765386000000,14.17000000,14.33000000,14.16000000,14.29000000,131412.39000000
1765389600000,14.28000000,14.55000000,14.23000000,14.38000000,219639.64000000
1765393200000,14.38000000,14.64000000,14.21000000,14.49000000,670535.73000000
1765396800000,14.50000000,14.89000000,14.36000000,14.44000000,723878.03000000
1765400400000,14.43000000,14.48000000,14.23000000,14.25000000,216619.85000000
1765404000000,14.24000000,14.34000000,14.06000000,14.24000000,256709.19000000
1765407600000,14.24000000,14.28000000,14.08000000,14.10000000,112895.45000000
1765411200000,14.09000000,14.14000000,13.81000000,13.88000000,201007.38000000
1765414800000,13.87000000,13.90000000,13.72000000,13.75000000,138845.47000000
1765418400000,13.74000000,13.74000000,13.59000000,13.61000000,143671.09000000
1765422000000,13.60000000,13.61000000,13.44000000,13.52000000,176346.77000000
1765425600000,13.52000000,13.69000000,13.46000000,13.65000000,141332.28000000
1765429200000,13.65000000,13.67000000,13.59000000,13.67000000,56312.52000000
1765432800000,13.66000000,13.67000000,13.55000000,13.59000000,153195.03000000
1765436400000,13.59000000,13.60000000,13.51000000,13.54000000,88881.79000000
1765440000000,13.53000000,13.53000000,13.42000000,13.48000000,114028.80000000
1765443600000,13.49000000,13.62000000,13.47000000,13.54000000,125989.85000000
1765447200000,13.54000000,13.60000000,13.52000000,13.59000000,35260.86000000
1765450800000,13.59000000,13.63000000,13.57000000,13.60000000,65411.31000000
1765454400000,13.60000000,13.66000000,13.56000000,13.59000000,83951.99000000
1765458000000,13.59000000,13.65000000,13.55000000,13.62000000,68008.69000000
1765461600000,13.62000000,13.66000000,13.43000000,13.48000000,201265.02000000
1765465200000,13.48000000,13.72000000,13.45000000,13.52000000,162090.43000000
1765468800000,13.52000000,13.61000000,13.40000000,13.48000000,134388.28000000
1765472400000,13.48000000,13.60000000,13.46000000,13.55000000,54914.77000000
1765476000000,13.55000000,13.81000000,13.53000000,13.68000000,206080.78000000
1765479600000,13.68000000,13.86000000,13.64000000,13.71000000,190630.88000000
1765483200000,13.70000000,13.95000000,13.70000000,13.94000000,138142.21000000
1765486800000,13.94000000,14.21000000,13.88000000,14.10000000,243347.03000000
1765490400000,14.11000000,14.21000000,14.02000000,14.09000000,260703.13000000
1765494000000,14.10000000,14.14000000,13.98000000,14.07000000,154856.53000000
1765497600000,14.06000000,14.18000000,13.83000000,13.84000000,178161.22000000
1765501200000,13.85000000,14.04000000,13.84000000,13.97000000,113199.47000000
1765504800000,13.97000000,14.12000000,13.92000000,14.06000000,110241.68000000
1765508400000,14.06000000,14.10000000,13.94000000,14.01000000,63359.30000000
1765512000000,14.00000000,14.02000000,13.96000000,14.00000000,39672.69000000
1765515600000,14.00000000,14.12000000,13.95000000,14.12000000,58398.49000000
1765519200000,14.12000000,14.21000000,14.06000000,14.08000000,65511.03000000
1765522800000,14.08000000,14.10000000,14.03000000,14.06000000,35822.79000000
1765526400000,14.06000000,14.07000000,13.93000000,13.99000000,88320.95000000
1765530000000,13.99000000,14.09000000,13.94000000,14.09000000,59152.60000000
1765533600000,14.08000000,14.13000000,14.06000000,14.08000000,72421.92000000
1765537200000,14.08000000,14.12000000,14.03000000,14.12000000,44943.70000000
1765540800000,14.11000000,14.20000000,14.07000000,14.18000000,55793.22000000
1765544400000,14.18000000,14.35000000,14.16000000,14.25000000,141908.11000000
1765548000000,14.26000000,14.33000000,14.14000000,14.18000000,189329.65000000
1765551600000,14.18000000,14.19000000,13.44000000,13.53000000,485899.31000000
1765555200000,13.53000000,13.59000000,13.27000000,13.40000000,446487.53000000
1765558800000,13.40000000,13.58000000,13.38000000,13.49000000,172832.63000000
1765562400000,13.49000000,13.67000000,13.47000000,13.58000000,113078.51000000
1765566000000,13.57000000,13.59000000,13.50000000,13.59000000,45771.30000000
1765569600000,13.58000000,13.64000000,13.54000000,13.59000000,75889.68000000
1765573200000,13.60000000,13.67000000,13.57000000,13.58000000,34050.83000000
1765576800000,13.58000000,13.69000000,13.57000000,13.67000000,57542.84000000
1765580400000,13.67000000,13.70000000,13.62000000,13.63000000,24663.78000000
1765584000000,13.64000000,13.69000000,13.60000000,13.62000000,24729.76000000
1765587600000,13.63000000,13.67000000,13.60000000,13.64000000,22153.50000000
1765591200000,13.63000000,13.71000000,13.63000000,13.68000000,49999.70000000
1765594800000,13.69000000,13.74000000,13.68000000,13.71000000,28477.81000000
1765598400000,13.71000000,13.77000000,13.69000000,13.73000000,42949.03000000
1765602000000,13.73000000,13.80000000,13.71000000,13.79000000,51315.07000000
1765605600000,13.79000000,13.79000000,13.69000000,13.71000000,42063.33000000
1765609200000,13.71000000,13.80000000,13.70000000,13.79000000,45886.40000000
1765612800000,13.79000000,13.97000000,13.78000000,13.92000000,118515.59000000
1765616400000,13.92000000,13.96000000,13.84000000,13.86000000,112048.18000000
1765620000000,13.86000000,13.96000000,13.86000000,13.90000000,46608.68000000
1765623600000,13.90000000,13.91000000,13.80000000,13.81000000,57006.92000000
1765627200000,13.81000000,13.85000000,13.73000000,13.74000000,54051.71000000
1765630800000,13.74000000,13.77000000,13.68000000,13.73000000,58868.59000000
1765634400000,13.73000000,13.76000000,13.65000000,13.72000000,42486.83000000
1765638000000,13.71000000,13.85000000,13.71000000,13.81000000,80628.03000000
1765641600000,13.81000000,13.87000000,13.74000000,13.77000000,50369.79000000
1765645200000,13.78000000,13.78000000,13.69000000,13.70000000,34743.28000000
1765648800000,13.71000000,13.77000000,13.69000000,13.73000000,33745.17000000
1765652400000,13.73000000,13.78000000,13.72000000,13.74000000,12468.78000000
1765656000000,13.75000000,13.76000000,13.68000000,13.69000000,28648.80000000
1765659600000,13.70000000,13.73000000,13.62000000,13.71000000,44550.49000000
1765663200000,13.71000000,13.75000000,13.65000000,13.70000000,32186.63000000
1765666800000,13.71000000,13.75000000,13.68000000,13.74000000,24441.47000000
1765670400000,13.74000000,13.80000000,13.71000000,13.74000000,35475.94000000
1765674000000,13.73000000,13.77000000,13.70000000,13.72000000,23725.81000000
1765677600000,13.72000000,13.79000000,13.70000000,13.78000000,28059.84000000
1765681200000,13.78000000,13.79000000,13.70000000,13.71000000,22185.75000000
1765684800000,13.72000000,13.74000000,13.64000000,13.67000000,35750.21000000
1765688400000,13.66000000,13.69000000,13.62000000,13.68000000,30217.03000000
1765692000000,13.68000000,13.72000000,13.64000000,13.70000000,19822.97000000
1765695600000,13.69000000,13.74000000,13.68000000,13.71000000,26791.60000000
1765699200000,13.72000000,13.76000000,13.64000000,13.65000000,28121.36000000
1765702800000,13.65000000,13.69000000,13.62000000,13.69000000,42764.86000000
1765706400000,13.69000000,13.71000000,13.55000000,13.62000000,82285.36000000
1765710000000,13.62000000,13.62000000,13.44000000,13.56000000,147510.10000000
1765713600000,13.57000000,13.67000000,13.51000000,13.62000000,60555.78000000
1765717200000,13.63000000,13.63000000,13.54000000,13.60000000,51003.81000000
1765720800000,13.60000000,13.63000000,13.42000000,13.49000000,84559.34000000
1765724400000,13.49000000,13.51000000,13.43000000,13.47000000,51213.02000000
1765728000000,13.47000000,13.57000000,13.44000000,13.49000000,63853.78000000
1765731600000,13.50000000,13.52000000,13.34000000,13.38000000,92580.22000000
1765735200000,13.39000000,13.47000000,13.36000000,13.47000000,51194.52000000
1765738800000,13.47000000,13.47000000,13.35000000,13.40000000,39393.23000000
1765742400000,13.39000000,13.44000000,13.32000000,13.33000000,91783.93000000
1765746000000,13.34000000,13.40000000,13.27000000,13.29000000,49785.73000000
1765749600000,13.30000000,13.37000000,13.23000000,13.30000000,90230.08000000
1765753200000,13.30000000,13.36000000,13.09000000,13.28000000,195766.32000000
1765756800000,13.28000000,13.40000000,13.26000000,13.39000000,72178.89000000
1765760400000,13.38000000,13.55000000,13.34000000,13.51000000,98324.96000000
1765764000000,13.51000000,13.72000000,13.51000000,13.57000000,129041.26000000
1765767600000,13.56000000,13.63000000,13.52000000,13.54000000,46085.71000000
1765771200000,13.54000000,13.61000000,13.47000000,13.59000000,70664.63000000
1765774800000,13.59000000,13.65000000,13.57000000,13.62000000,58962.29000000
1765778400000,13.62000000,13.69000000,13.56000000,13.65000000,54240.38000000
1765782000000,13.65000000,13.68000000,13.55000000,13.58000000,49231.69000000
1765785600000,13.57000000,13.66000000,13.55000000,13.59000000,66152.55000000
1765789200000,13.60000000,13.68000000,13.58000000,13.63000000,35005.18000000
1765792800000,13.63000000,13.74000000,13.61000000,13.63000000,72608.65000000
1765796400000,13.63000000,13.66000000,13.59000000,13.62000000,61865.58000000
1765800000000,13.62000000,13.70000000,13.57000000,13.69000000,83101.34000000
1765803600000,13.68000000,13.70000000,13.50000000,13.53000000,85884.87000000
1765807200000,13.53000000,13.68000000,13.17000000,13.27000000,344443.54000000
1765810800000,13.26000000,13.27000000,12.73000000,12.78000000,974251.17000000
1765814400000,12.79000000,12.83000000,12.64000000,12.75000000,335961.71000000
1765818000000,12.74000000,12.77000000,12.56000000,12.59000000,183417.29000000
1765821600000,12.59000000,12.73000000,12.47000000,12.72000000,206981.62000000
1765825200000,12.72000000,12.84000000,12.71000000,12.75000000,171577.58000000
1765828800000,12.75000000,12.75000000,12.61000000,12.63000000,137763.66000000
1765832400000,12.64000000,12.76000000,12.61000000,12.73000000,108289.99000000
1765836000000,12.73000000,12.79000000,12.67000000,12.78000000,108282.54000000
1765839600000,12.78000000,12.90000000,12.77000000,12.85000000,129413.61000000
1765843200000,12.86000000,12.89000000,12.71000000,12.72000000,85950.89000000
1765846800000,12.71000000,12.82000000,12.70000000,12.75000000,98311.11000000
1765850400000,12.75000000,12.84000000,12.70000000,12.79000000,88862.97000000
1765854000000,12.80000000,12.82000000,12.67000000,12.75000000,126221.60000000
1765857600000,12.75000000,12.77000000,12.55000000,12.73000000,154013.09000000
1765861200000,12.73000000,12.76000000,12.69000000,12.73000000,47237.79000000
1765864800000,12.72000000,12.89000000,12.72000000,12.86000000,101508.56000000
1765868400000,12.86000000,12.86000000,12.66000000,12.69000000,112813.19000000
1765872000000,12.70000000,12.87000000,12.69000000,12.79000000,215831.19000000
1765875600000,12.80000000,12.84000000,12.77000000,12.80000000,41393.57000000
1765879200000,12.81000000,12.99000000,12.79000000,12.87000000,261443.90000000
1765882800000,12.87000000,12.97000000,12.83000000,12.96000000,89931.05000000
1765886400000,12.96000000,13.00000000,12.87000000,12.93000000,193214.31000000
1765890000000,12.93000000,13.13000000,12.79000000,12.79000000,340211.33000000
1765893600000,12.78000000,13.00000000,12.69000000,12.92000000,359144.64000000
1765897200000,12.92000000,13.10000000,12.78000000,13.05000000,215975.68000000
1765900800000,13.05000000,13.06000000,12.87000000,12.96000000,134962.27000000
1765904400000,12.95000000,13.02000000,12.79000000,12.80000000,94961.34000000
1765908000000,12.81000000,13.02000000,12.78000000,12.94000000,112164.76000000
1765911600000,12.94000000,13.00000000,12.83000000,12.94000000,61860.03000000
1765915200000,12.94000000,13.00000000,12.91000000,12.95000000,43574.34000000
1765918800000,12.95000000,12.98000000,12.90000000,12.95000000,26428.59000000
1765922400000,12.95000000,12.98000000,12.91000000,12.92000000,34832.44000000
1765926000000,12.93000000,12.96000000,12.87000000,12.93000000,38373.59000000
1765929600000,12.93000000,12.93000000,12.82000000,12.84000000,73016.59000000
1765933200000,12.85000000,13.00000000,12.81000000,12.84000000,87700.95000000
1765936800000,12.84000000,12.93000000,12.76000000,12.88000000,74403.75000000
1765940400000,12.88000000,12.93000000,12.81000000,12.82000000,41418.94000000
1765944000000,12.83000000,12.84000000,12.72000000,12.76000000,51608.64000000
1765947600000,12.75000000,12.80000000,12.64000000,12.76000000,121567.84000000
1765951200000,12.75000000,12.82000000,12.72000000,12.73000000,50056.59000000
1765954800000,12.74000000,12.81000000,12.70000000,12.77000000,36589.24000000
1765958400000,12.78000000,12.78000000,12.67000000,12.67000000,39384.90000000
1765962000000,12.67000000,12.70000000,12.62000000,12.64000000,44223.21000000
1765965600000,12.63000000,12.68000000,12.58000000,12.62000000,69129.40000000
1765969200000,12.63000000,12.73000000,12.61000000,12.70000000,56532.79000000
1765972800000,12.70000000,12.73000000,12.64000000,12.70000000,50605.40000000
1765976400000,12.71000000,12.82000000,12.65000000,12.77000000,96728.37000000
1765980000000,12.77000000,13.02000000,12.49000000,13.02000000,517571.18000000
1765983600000,13.01000000,13.18000000,12.51000000,12.57000000,735401.40000000
1765987200000,12.57000000,12.66000000,12.25000000,12.44000000,1284384.86000000
1765990800000,12.43000000,12.47000000,12.28000000,12.32000000,383186.17000000
1765994400000,12.33000000,12.41000000,12.17000000,12.21000000,179237.49000000
1765998000000,12.22000000,12.30000000,12.12000000,12.28000000,185184.13000000
1766001600000,12.28000000,12.38000000,12.22000000,12.24000000,109080.18000000
1766005200000,12.25000000,12.28000000,12.16000000,12.20000000,71708.69000000
1766008800000,12.20000000,12.30000000,12.16000000,12.27000000,68517.03000000
1766012400000,12.27000000,12.27000000,12.18000000,12.27000000,55529.12000000
1766016000000,12.26000000,12.29000000,12.22000000,12.27000000,52973.01000000
1766019600000,12.27000000,12.28000000,12.17000000,12.19000000,74052.84000000
1766023200000,12.19000000,12.30000000,12.15000000,12.24000000,115030.89000000
1766026800000,12.25000000,12.26000000,12.14000000,12.20000000,66524.99000000
1766030400000,12.19000000,12.25000000,12.18000000,12.22000000,41460.64000000
1766034000000,12.22000000,12.22000000,12.07000000,12.08000000,119367.03000000
1766037600000,12.08000000,12.15000000,12.06000000,12.13000000,66448.53000000
1766041200000,12.13000000,12.19000000,12.10000000,12.18000000,86572.51000000
1766044800000,12.18000000,12.29000000,12.16000000,12.24000000,106842.89000000
1766048400000,12.23000000,12.30000000,12.19000000,12.27000000,111952.51000000
1766052000000,12.28000000,12.30000000,12.24000000,12.27000000,47463.76000000
1766055600000,12.27000000,12.30000000,12.21000000,12.29000000,124392.33000000
1766059200000,12.29000000,12.35000000,12.23000000,12.32000000,94797.80000000
1766062800000,12.33000000,12.76000000,12.32000000,12.75000000,561181.76000000
1766066400000,12.74000000,12.88000000,12.48000000,12.58000000,453398.73000000
1766070000000,12.58000000,12.77000000,12.48000000,12.63000000,230608.66000000
1766073600000,12.64000000,12.66000000,12.52000000,12.60000000,85609.97000000
1766077200000,12.60000000,12.60000000,11.91000000,12.14000000,695841.14000000
1766080800000,12.13000000,12.26000000,11.99000000,12.01000000,251287.30000000
1766084400000,12.02000000,12.05000000,11.74000000,11.76000000,397349.70000000
1766088000000,11.76000000,11.93000000,11.74000000,11.80000000,209308.69000000
1766091600000,11.80000000,12.05000000,11.80000000,12.04000000,206858.78000000
1766095200000,12.04000000,12.07000000,11.94000000,12.00000000,92952.04000000
1766098800000,12.00000000,12.01000000,11.92000000,11.93000000,65821.62000000
1766102400000,11.93000000,12.00000000,11.85000000,11.95000000,106067.10000000
1766106000000,11.95000000,11.96000000,11.85000000,11.88000000,87508.27000000
1766109600000,11.88000000,11.98000000,11.84000000,11.94000000,147755.24000000
1766113200000,11.95000000,12.35000000,11.93000000,12.22000000,386998.78000000
1766116800000,12.22000000,12.31000000,12.22000000,12.29000000,131321.57000000
1766120400000,12.28000000,12.29000000,12.19000000,12.23000000,161648.70000000
1766124000000,12.23000000,12.33000000,12.21000000,12.32000000,64464.70000000
1766127600000,12.33000000,12.51000000,12.33000000,12.37000000,133399.23000000
1766131200000,12.38000000,12.43000000,12.34000000,12.41000000,78356.66000000
1766134800000,12.40000000,12.43000000,12.37000000,12.40000000,93631.86000000
1766138400000,12.40000000,12.45000000,12.37000000,12.43000000,324560.55000000
1766142000000,12.43000000,12.46000000,12.39000000,12.45000000,71180.52000000
1766145600000,12.45000000,12.49000000,12.39000000,12.44000000,81708.16000000
1766149200000,12.45000000,12.50000000,12.41000000,12.43000000,93068.97000000
1766152800000,12.43000000,12.62000000,12.38000000,12.56000000,279566.68000000
1766156400000,12.56000000,12.76000000,12.43000000,12.47000000,331678.62000000
1766160000000,12.46000000,12.70000000,12.45000000,12.55000000,193245.59000000
1766163600000,12.55000000,12.65000000,12.37000000,12.39000000,167369.89000000
1766167200000,12.39000000,12.53000000,12.38000000,12.49000000,68565.18000000
1766170800000,12.49000000,12.69000000,12.49000000,12.63000000,88064.22000000
1766174400000,12.62000000,12.67000000,12.57000000,12.63000000,68090.56000000
1766178000000,12.63000000,12.63000000,12.52000000,12.54000000,33087.24000000
1766181600000,12.53000000,12.64000000,12.53000000,12.61000000,35237.32000000
1766185200000,12.60000000,12.60000000,12.53000000,12.54000000,20537.90000000
1766188800000,12.54000000,12.56000000,12.48000000,12.55000000,28134.22000000
1766192400000,12.55000000,12.57000000,12.50000000,12.52000000,13935.19000000
1766196000000,12.51000000,12.55000000,12.48000000,12.51000000,24631.46000000
1766199600000,12.50000000,12.58000000,12.49000000,12.55000000,22987.66000000
1766203200000,12.54000000,12.57000000,12.48000000,12.51000000,39585.86000000
1766206800000,12.50000000,12.58000000,12.50000000,12.50000000,32641.64000000
1766210400000,12.50000000,12.53000000,12.49000000,12.53000000,19918.84000000
1766214000000,12.52000000,12.63000000,12.51000000,12.61000000,57288.61000000
1766217600000,12.62000000,12.72000000,12.61000000,12.64000000,95471.59000000
1766221200000,12.64000000,12.70000000,12.63000000,12.67000000,37001.61000000
1766224800000,12.67000000,12.69000000,12.62000000,12.63000000,49870.33000000
1766228400000,12.62000000,12.69000000,12.59000000,12.69000000,30385.96000000
1766232000000,12.68000000,12.70000000,12.63000000,12.64000000,27153.88000000
1766235600000,12.64000000,12.67000000,12.55000000,12.62000000,89277.71000000
1766239200000,12.61000000,12.68000000,12.56000000,12.67000000,43711.07000000
1766242800000,12.67000000,12.67000000,12.58000000,12.61000000,45807.64000000
1766246400000,12.62000000,12.64000000,12.58000000,12.61000000,24940.14000000
1766250000000,12.61000000,12.65000000,12.58000000,12.61000000,24411.08000000
1766253600000,12.60000000,12.61000000,12.56000000,12.60000000,66727.68000000
1766257200000,12.60000000,12.62000000,12.58000000,12.59000000,16577.78000000
1766260800000,12.59000000,12.60000000,12.56000000,12.59000000,15812.17000000
1766264400000,12.60000000,12.65000000,12.59000000,12.60000000,32251.45000000
1766268000000,12.60000000,12.60000000,12.55000000,12.58000000,53246.15000000
1766271600000,12.58000000,12.60000000,12.54000000,12.56000000,40054.56000000
1766275200000,12.55000000,12.60000000,12.54000000,12.56000000,36239.52000000
1766278800000,12.56000000,12.56000000,12.46000000,12.47000000,72121.98000000
1766282400000,12.47000000,12.51000000,12.38000000,12.41000000,71653.46000000
1766286000000,12.42000000,12.53000000,12.41000000,12.49000000,69599.34000000
1766289600000,12.49000000,12.53000000,12.48000000,12.51000000,20185.64000000
1766293200000,12.50000000,12.56000000,12.49000000,12.51000000,24626.41000000
1766296800000,12.50000000,12.55000000,12.49000000,12.53000000,34757.72000000
1766300400000,12.52000000,12.54000000,12.49000000,12.52000000,23266.22000000
1766304000000,12.52000000,12.65000000,12.48000000,12.61000000,81177.19000000
1766307600000,12.60000000,12.71000000,12.57000000,12.66000000,77006.37000000
1766311200000,12.66000000,12.70000000,12.57000000,12.60000000,43780.71000000
1766314800000,12.59000000,12.63000000,12.56000000,12.57000000,33763.63000000
1766318400000,12.57000000,12.64000000,12.50000000,12.53000000,78443.08000000
1766322000000,12.53000000,12.54000000,12.22000000,12.26000000,224894.61000000
1766325600000,12.25000000,12.37000000,12.24000000,12.35000000,97764.91000000
1766329200000,12.35000000,12.38000000,12.26000000,12.34000000,106768.78000000
1766332800000,12.33000000,12.39000000,12.29000000,12.38000000,43772.14000000
1766336400000,12.38000000,12.44000000,12.34000000,12.35000000,49586.94000000
1766340000000,12.35000000,12.37000000,12.27000000,12.35000000,46284.55000000
1766343600000,12.35000000,12.43000000,12.31000000,12.41000000,44322.56000000
1766347200000,12.40000000,12.41000000,12.32000000,12.34000000,23566.97000000
1766350800000,12.33000000,12.37000000,12.28000000,12.30000000,48419.40000000
1766354400000,12.29000000,12.39000000,12.28000000,12.39000000,40534.21000000
1766358000000,12.39000000,12.49000000,12.38000000,12.44000000,72931.19000000
1766361600000,12.44000000,12.71000000,12.43000000,12.51000000,222113.15000000
1766365200000,12.50000000,12.65000000,12.49000000,12.50000000,92734.66000000
1766368800000,12.50000000,12.52000000,12.33000000,12.49000000,114205.80000000
1766372400000,12.49000000,12.59000000,12.42000000,12.55000000,54613.67000000
1766376000000,12.55000000,12.65000000,12.54000000,12.61000000,81336.64000000
1766379600000,12.62000000,12.63000000,12.54000000,12.55000000,50031.77000000
1766383200000,12.55000000,12.59000000,12.49000000,12.51000000,52384.11000000
1766386800000,12.51000000,12.60000000,12.51000000,12.58000000,54824.30000000
1766390400000,12.59000000,12.74000000,12.56000000,12.60000000,140876.19000000
1766394000000,12.60000000,12.68000000,12.58000000,12.67000000,83008.67000000
1766397600000,12.68000000,12.70000000,12.63000000,12.64000000,66590.92000000
1766401200000,12.64000000,12.74000000,12.60000000,12.70000000,88689.21000000
1766404800000,12.70000000,12.84000000,12.67000000,12.73000000,126221.10000000
1766408400000,12.73000000,12.75000000,12.67000000,12.71000000,50557.42000000
1766412000000,12.72000000,12.83000000,12.63000000,12.81000000,140361.69000000
1766415600000,12.81000000,12.95000000,12.66000000,12.80000000,193659.22000000
1766419200000,12.80000000,12.86000000,12.71000000,12.73000000,86449.11000000
1766422800000,12.73000000,12.78000000,12.65000000,12.71000000,57054.91000000
1766426400000,12.72000000,12.75000000,12.64000000,12.67000000,56728.88000000
1766430000000,12.67000000,12.68000000,12.42000000,12.45000000,124302.08000000
1766433600000,12.45000000,12.51000000,12.36000000,12.46000000,156981.94000000
1766437200000,12.45000000,12.56000000,12.43000000,12.48000000,62072.80000000
1766440800000,12.48000000,12.67000000,12.45000000,12.61000000,77558.05000000
1766444400000,12.62000000,12.62000000,12.56000000,12.58000000,60436.84000000
1766448000000,12.58000000,12.70000000,12.56000000,12.65000000,76330.94000000
1766451600000,12.65000000,12.68000000,12.59000000,12.61000000,83824.74000000
1766455200000,12.61000000,12.67000000,12.52000000,12.52000000,92403.56000000
1766458800000,12.52000000,12.55000000,12.44000000,12.49000000,74042.24000000
1766462400000,12.50000000,12.53000000,12.42000000,12.42000000,44542.25000000
1766466000000,12.43000000,12.44000000,12.32000000,12.38000000,186721.00000000
1766469600000,12.38000000,12.39000000,12.23000000,12.32000000,222043.62000000
1766473200000,12.32000000,12.37000000,12.30000000,12.34000000,52646.32000000
1766476800000,12.33000000,12.38000000,12.27000000,12.30000000,45504.04000000
1766480400000,12.30000000,12.33000000,12.27000000,12.29000000,62373.37000000
1766484000000,12.29000000,12.36000000,12.28000000,12.34000000,39914.39000000
1766487600000,12.34000000,12.41000000,12.32000000,12.37000000,155224.52000000
1766491200000,12.36000000,12.36000000,12.27000000,12.29000000,131245.10000000
1766494800000,12.28000000,12.33000000,12.14000000,12.22000000,243282.90000000
1766498400000,12.22000000,12.28000000,12.07000000,12.18000000,202651.93000000
1766502000000,12.18000000,12.30000000,12.15000000,12.29000000,155319.79000000
1766505600000,12.28000000,12.44000000,12.26000000,12.40000000,166850.12000000
1766509200000,12.40000000,12.45000000,12.24000000,12.25000000,392074.38000000
1766512800000,12.24000000,12.45000000,12.24000000,12.41000000,155009.72000000
1766516400000,12.42000000,12.44000000,12.34000000,12.36000000,34360.51000000
1766520000000,12.36000000,12.52000000,12.32000000,12.42000000,64603.85000000
1766523600000,12.43000000,12.44000000,12.39000000,12.42000000,29279.85000000
1766527200000,12.43000000,12.44000000,12.32000000,12.36000000,41249.56000000
1766530800000,12.36000000,12.41000000,12.33000000,12.39000000,45074.87000000
1766534400000,12.39000000,12.42000000,12.36000000,12.40000000,62319.63000000
1766538000000,12.40000000,12.44000000,12.34000000,12.37000000,28776.31000000
1766541600000,12.37000000,12.38000000,12.18000000,12.23000000,107054.02000000
1766545200000,12.22000000,12.28000000,12.17000000,12.26000000,47710.53000000
1766548800000,12.26000000,12.32000000,12.20000000,12.20000000,34713.73000000
1766552400000,12.21000000,12.24000000,12.13000000,12.16000000,78082.24000000
1766556000000,12.16000000,12.21000000,12.12000000,12.19000000,67612.45000000
1766559600000,12.19000000,12.25000000,12.18000000,12.19000000,59987.54000000
1766563200000,12.18000000,12.21000000,12.12000000,12.16000000,54477.95000000
1766566800000,12.17000000,12.21000000,12.15000000,12.16000000,40620.21000000
1766570400000,12.16000000,12.22000000,12.16000000,12.18000000,35977.24000000
1766574000000,12.18000000,12.25000000,12.18000000,12.23000000,49993.73000000
1766577600000,12.23000000,12.28000000,12.21000000,12.26000000,39325.94000000
1766581200000,12.26000000,12.26000000,12.14000000,12.18000000,62769.66000000
1766584800000,12.17000000,12.22000000,12.01000000,12.10000000,194842.68000000
1766588400000,12.10000000,12.20000000,12.05000000,12.18000000,124241.65000000
1766592000000,12.18000000,12.28000000,12.13000000,12.20000000,197631.01000000
1766595600000,12.20000000,12.23000000,12.13000000,12.15000000,59404.78000000
1766599200000,12.14000000,12.22000000,12.12000000,12.20000000,35170.31000000
1766602800000,12.21000000,12.26000000,12.18000000,12.25000000,23171.45000000
1766606400000,12.25000000,12.28000000,12.22000000,12.23000000,31832.87000000
1766610000000,12.23000000,12.31000000,12.23000000,12.29000000,28356.26000000
1766613600000,12.29000000,12.37000000,12.28000000,12.36000000,40326.44000000
1766617200000,12.37000000,12.38000000,12.26000000,12.28000000,111518.85000000
1766620800000,12.27000000,12.30000000,12.23000000,12.24000000,41938.19000000
1766624400000,12.24000000,12.31000000,12.23000000,12.29000000,43856.03000000
1766628000000,12.28000000,12.37000000,12.25000000,12.36000000,39734.26000000
1766631600000,12.35000000,12.36000000,12.31000000,12.34000000,27326.99000000
1766635200000,12.33000000,12.36000000,12.32000000,12.34000000,20590.20000000
1766638800000,12.33000000,12.34000000,12.28000000,12.31000000,30919.97000000
1766642400000,12.30000000,12.35000000,12.30000000,12.33000000,30943.21000000
1766646000000,12.32000000,12.33000000,12.28000000,12.31000000,29607.65000000
1766649600000,12.30000000,12.36000000,12.23000000,12.27000000,58447.03000000
1766653200000,12.27000000,12.27000000,12.21000000,12.22000000,71920.25000000
1766656800000,12.21000000,12.23000000,12.11000000,12.15000000,83817.04000000
1766660400000,12.15000000,12.22000000,12.15000000,12.20000000,38574.15000000
1766664000000,12.19000000,12.24000000,12.17000000,12.24000000,50918.78000000
1766667600000,12.23000000,12.29000000,12.19000000,12.26000000,71931.16000000
1766671200000,12.26000000,12.28000000,12.20000000,12.24000000,24513.77000000
1766674800000,12.24000000,12.43000000,12.21000000,12.37000000,116275.93000000
1766678400000,12.37000000,12.43000000,12.31000000,12.32000000,120411.30000000
1766682000000,12.33000000,12.33000000,12.27000000,12.31000000,36220.94000000
1766685600000,12.32000000,12.39000000,12.32000000,12.37000000,45701.16000000
1766689200000,12.36000000,12.39000000,12.33000000,12.39000000,21556.37000000
1766692800000,12.38000000,12.40000000,12.32000000,12.33000000,18842.80000000
1766696400000,12.34000000,12.35000000,12.30000000,12.31000000,13711.29000000
1766700000000,12.31000000,12.32000000,12.08000000,12.14000000,82002.13000000
1766703600000,12.14000000,12.19000000,11.99000000,12.07000000,213859.55000000
1766707200000,12.06000000,12.12000000,12.02000000,12.11000000,78144.80000000
1766710800000,12.12000000,12.19000000,12.10000000,12.18000000,42346.15000000
1766714400000,12.18000000,12.54000000,12.17000000,12.39000000,319752.64000000
1766718000000,12.39000000,12.43000000,12.34000000,12.39000000,101974.55000000
1766721600000,12.39000000,12.45000000,12.32000000,12.43000000,61382.95000000
1766725200000,12.43000000,12.46000000,12.38000000,12.44000000,37204.14000000
1766728800000,12.44000000,12.46000000,12.40000000,12.43000000,60485.10000000
1766732400000,12.43000000,12.48000000,12.32000000,12.35000000,67720.13000000
1766736000000,12.35000000,12.42000000,12.35000000,12.39000000,40034.41000000
1766739600000,12.39000000,12.46000000,12.37000000,12.43000000,41945.55000000
1766743200000,12.44000000,12.46000000,12.42000000,12.45000000,23599.58000000
1766746800000,12.45000000,12.45000000,12.40000000,12.42000000,21363.13000000
1766750400000,12.41000000,12.46000000,12.41000000,12.44000000,23284.77000000
1766754000000,12.45000000,12.49000000,12.43000000,12.47000000,31975.11000000
1766757600000,12.47000000,12.51000000,12.11000000,12.16000000,384935.66000000
1766761200000,12.15000000,12.22000000,12.05000000,12.17000000,235411.39000000
1766764800000,12.18000000,12.23000000,12.12000000,12.13000000,91531.05000000
1766768400000,12.14000000,12.26000000,12.14000000,12.20000000,58598.44000000
1766772000000,12.20000000,12.21000000,12.15000000,12.18000000,44942.02000000
1766775600000,12.18000000,12.24000000,12.13000000,12.20000000,29221.59000000
1766779200000,12.19000000,12.26000000,12.16000000,12.22000000,24464.55000000
1766782800000,12.22000000,12.24000000,12.18000000,12.19000000,21506.60000000
1766786400000,12.18000000,12.21000000,12.15000000,12.20000000,47266.64000000
1766790000000,12.20000000,12.21000000,12.16000000,12.19000000,35146.73000000
1766793600000,12.18000000,12.21000000,12.17000000,12.20000000,35182.15000000
1766797200000,12.20000000,12.23000000,12.16000000,12.23000000,48928.12000000
1766800800000,12.22000000,12.24000000,12.20000000,12.23000000,24216.46000000
1766804400000,12.23000000,12.27000000,12.21000000,12.24000000,57622.86000000
1766808000000,12.25000000,12.25000000,12.18000000,12.18000000,47197.75000000
1766811600000,12.18000000,12.24000000,12.18000000,12.23000000,21453.50000000
1766815200000,12.22000000,12.23000000,12.20000000,12.23000000,20406.61000000
1766818800000,12.22000000,12.28000000,12.22000000,12.25000000,39015.90000000
1766822400000,12.26000000,12.30000000,12.24000000,12.24000000,31070.39000000
1766826000000,12.24000000,12.27000000,12.23000000,12.25000000,24343.76000000
1766829600000,12.25000000,12.27000000,12.17000000,12.22000000,30959.66000000
1766833200000,12.21000000,12.28000000,12.21000000,12.26000000,30041.16000000
1766836800000,12.26000000,12.29000000,12.25000000,12.26000000,30372.09000000
1766840400000,12.26000000,12.29000000,12.23000000,12.27000000,32177.60000000
1766844000000,12.26000000,12.32000000,12.25000000,12.30000000,44383.22000000
1766847600000,12.29000000,12.35000000,12.28000000,12.32000000,87551.57000000
1766851200000,12.32000000,12.34000000,12.28000000,12.29000000,45249.65000000
1766854800000,12.29000000,12.31000000,12.26000000,12.31000000,32218.98000000
1766858400000,12.31000000,12.32000000,12.28000000,12.31000000,17352.94000000
1766862000000,12.31000000,12.35000000,12.30000000,12.34000000,17696.97000000
1766865600000,12.33000000,12.38000000,12.31000000,12.32000000,32153.74000000
1766869200000,12.32000000,12.41000000,12.30000000,12.40000000,67963.29000000
1766872800000,12.40000000,12.49000000,12.35000000,12.38000000,104944.92000000
1766876400000,12.38000000,12.55000000,12.38000000,12.52000000,147163.68000000
1766880000000,12.52000000,12.55000000,12.47000000,12.50000000,104139.11000000
1766883600000,12.49000000,12.52000000,12.45000000,12.46000000,46943.33000000
1766887200000,12.46000000,12.54000000,12.45000000,12.48000000,56853.39000000
1766890800000,12.48000000,12.52000000,12.43000000,12.50000000,77529.22000000
1766894400000,12.49000000,12.52000000,12.48000000,12.48000000,30737.83000000
1766898000000,12.49000000,12.50000000,12.43000000,12.45000000,50594.95000000
1766901600000,12.44000000,12.49000000,12.43000000,12.46000000,38407.09000000
1766905200000,12.45000000,12.48000000,12.41000000,12.43000000,28654.70000000
1766908800000,12.42000000,12.49000000,12.42000000,12.43000000,30862.38000000
1766912400000,12.43000000,12.44000000,12.37000000,12.40000000,36340.78000000
1766916000000,12.41000000,12.49000000,12.40000000,12.49000000,69708.92000000
1766919600000,12.49000000,12.51000000,12.42000000,12.45000000,41622.76000000
1766923200000,12.44000000,12.49000000,12.43000000,12.46000000,70338.25000000
1766926800000,12.46000000,12.51000000,12.43000000,12.45000000,58379.35000000
1766930400000,12.46000000,12.53000000,12.45000000,12.50000000,40137.84000000
1766934000000,12.50000000,12.57000000,12.48000000,12.53000000,43677.79000000
1766937600000,12.53000000,12.60000000,12.49000000,12.50000000,55579.58000000
1766941200000,12.50000000,12.56000000,12.48000000,12.49000000,49349.08000000
1766944800000,12.49000000,12.50000000,12.35000000,12.36000000,145551.21000000
1766948400000,12.37000000,12.40000000,12.33000000,12.35000000,41453.37000000
1766952000000,12.35000000,12.39000000,12.32000000,12.35000000,38699.27000000
1766955600000,12.35000000,12.38000000,12.32000000,12.37000000,25756.68000000
1766959200000,12.37000000,12.48000000,12.35000000,12.46000000,40328.72000000
1766962800000,12.45000000,12.50000000,12.39000000,12.50000000,55641.78000000
1766966400000,12.50000000,12.65000000,12.46000000,12.57000000,141567.04000000
1766970000000,12.57000000,12.67000000,12.47000000,12.63000000,103382.87000000
1766973600000,12.63000000,12.82000000,12.62000000,12.76000000,249243.36000000
1766977200000,12.77000000,12.99000000,12.74000000,12.94000000,322929.83000000
1766980800000,12.94000000,13.03000000,12.90000000,12.94000000,263523.69000000
1766984400000,12.94000000,12.96000000,12.89000000,12.90000000,98887.29000000
1766988000000,12.90000000,12.91000000,12.79000000,12.82000000,104830.20000000
1766991600000,12.83000000,12.85000000,12.73000000,12.80000000,117185.78000000
1766995200000,12.79000000,12.84000000,12.72000000,12.74000000,47176.57000000
1766998800000,12.74000000,12.75000000,12.47000000,12.54000000,202280.86000000
1767002400000,12.54000000,12.62000000,12.52000000,12.56000000,118834.95000000
1767006000000,12.56000000,12.57000000,12.51000000,12.51000000,52095.55000000
1767009600000,12.51000000,12.51000000,12.25000000,12.38000000,342855.46000000
1767013200000,12.39000000,12.39000000,12.28000000,12.31000000,123760.83000000
1767016800000,12.31000000,12.48000000,12.27000000,12.37000000,196411.90000000
1767020400000,12.37000000,12.48000000,12.36000000,12.40000000,104941.10000000
1767024000000,12.40000000,12.45000000,12.34000000,12.41000000,53571.18000000
1767027600000,12.40000000,12.45000000,12.35000000,12.42000000,54901.62000000
1767031200000,12.43000000,12.44000000,12.28000000,12.29000000,53245.53000000
1767034800000,12.29000000,12.38000000,12.28000000,12.30000000,58454.02000000
1767038400000,12.30000000,12.35000000,12.26000000,12.29000000,47343.84000000
1767042000000,12.28000000,12.34000000,12.27000000,12.33000000,22799.86000000
1767045600000,12.32000000,12.37000000,12.29000000,12.33000000,27013.10000000
1767049200000,12.32000000,12.35000000,12.28000000,12.30000000,47617.66000000
1767052800000,12.31000000,12.33000000,12.26000000,12.32000000,52166.17000000
1767056400000,12.32000000,12.38000000,12.29000000,12.36000000,31676.80000000
1767060000000,12.35000000,12.38000000,12.27000000,12.30000000,44832.24000000
1767063600000,12.29000000,12.42000000,12.26000000,12.39000000,62447.43000000
1767067200000,12.39000000,12.42000000,12.34000000,12.35000000,44413.84000000
1767070800000,12.34000000,12.36000000,12.30000000,12.31000000,53626.31000000
1767074400000,12.31000000,12.39000000,12.31000000,12.36000000,51116.13000000
1767078000000,12.35000000,12.39000000,12.34000000,12.37000000,32920.12000000
1767081600000,12.37000000,12.55000000,12.37000000,12.47000000,205667.60000000
1767085200000,12.48000000,12.56000000,12.45000000,12.54000000,67596.66000000
1767088800000,12.54000000,12.56000000,12.48000000,12.49000000,39870.49000000
1767092400000,12.49000000,12.51000000,12.46000000,12.49000000,45587.06000000
1767096000000,12.49000000,12.55000000,12.47000000,12.47000000,53641.52000000
1767099600000,12.48000000,12.52000000,12.46000000,12.50000000,52124.33000000
1767103200000,12.49000000,12.61000000,12.38000000,12.54000000,233030.15000000
1767106800000,12.54000000,12.57000000,12.45000000,12.53000000,104118.56000000
1767110400000,12.53000000,12.59000000,12.44000000,12.48000000,101419.71000000
1767114000000,12.48000000,12.49000000,12.40000000,12.43000000,91716.75000000
1767117600000,12.43000000,12.46000000,12.39000000,12.43000000,60821.41000000
1767121200000,12.43000000,12.44000000,12.34000000,12.43000000,59480.44000000
1767124800000,12.42000000,12.43000000,12.35000000,12.35000000,22492.14000000
1767128400000,12.35000000,12.39000000,12.34000000,12.38000000,32649.44000000
1767132000000,12.38000000,12.43000000,12.36000000,12.40000000,43163.58000000
1767135600000,12.41000000,12.44000000,12.38000000,12.42000000,59530.20000000
1767139200000,12.42000000,12.42000000,12.36000000,12.36000000,53541.91000000
1767142800000,12.36000000,12.47000000,12.35000000,12.42000000,50741.24000000
1767146400000,12.43000000,12.44000000,12.39000000,12.43000000,33567.17000000
1767150000000,12.42000000,12.44000000,12.37000000,12.39000000,29300.62000000
1767153600000,12.40000000,12.43000000,12.36000000,12.39000000,43885.94000000
1767157200000,12.40000000,12.42000000,12.38000000,12.38000000,20067.37000000
1767160800000,12.38000000,12.41000000,12.37000000,12.37000000,28415.29000000
1767164400000,12.38000000,12.44000000,12.34000000,12.42000000,91542.69000000
1767168000000,12.42000000,12.45000000,12.37000000,12.39000000,35479.18000000
1767171600000,12.39000000,12.43000000,12.38000000,12.42000000,26312.70000000
1767175200000,12.42000000,12.43000000,12.39000000,12.41000000,36489.01000000
1767178800000,12.42000000,12.49000000,12.40000000,12.48000000,98089.33000000
1767182400000,12.47000000,12.49000000,12.41000000,12.44000000,60978.99000000
1767186000000,12.44000000,12.49000000,12.42000000,12.47000000,28673.51000000
1767189600000,12.46000000,12.55000000,12.41000000,12.44000000,76896.17000000
1767193200000,12.44000000,12.46000000,12.33000000,12.39000000,131825.32000000
1767196800000,12.40000000,12.42000000,12.19000000,12.29000000,216370.05000000
1767200400000,12.29000000,12.31000000,12.25000000,12.28000000,187217.49000000
1767204000000,12.29000000,12.35000000,12.26000000,12.26000000,61558.36000000
1767207600000,12.27000000,12.30000000,12.24000000,12.24000000,38545.11000000
1767211200000,12.24000000,12.29000000,12.20000000,12.27000000,106445.38000000
1767214800000,12.27000000,12.32000000,12.26000000,12.30000000,25370.11000000
1767218400000,12.30000000,12.30000000,12.22000000,12.24000000,65045.51000000
1767222000000,12.24000000,12.25000000,12.20000000,12.21000000,76645.90000000
1767225600000,12.20000000,12.26000000,12.20000000,12.24000000,35908.45000000
1767229200000,12.24000000,12.28000000,12.23000000,12.25000000,39298.58000000
1767232800000,12.26000000,12.28000000,12.23000000,12.24000000,23446.28000000
1767236400000,12.24000000,12.26000000,12.21000000,12.23000000,32189.92000000
1767240000000,12.23000000,12.23000000,12.15000000,12.17000000,82629.53000000
1767243600000,12.16000000,12.29000000,12.16000000,12.26000000,38554.99000000
1767247200000,12.27000000,12.28000000,12.21000000,12.21000000,17034.89000000
1767250800000,12.22000000,12.23000000,12.18000000,12.19000000,17479.63000000
1767254400000,12.19000000,12.28000000,12.18000000,12.27000000,20337.17000000
1767258000000,12.27000000,12.31000000,12.25000000,12.26000000,48567.38000000
1767261600000,12.26000000,12.28000000,12.25000000,12.26000000,27254.59000000
1767265200000,12.26000000,12.30000000,12.25000000,12.30000000,29371.93000000
1767268800000,12.29000000,12.30000000,12.24000000,12.25000000,30222.65000000
1767272400000,12.25000000,12.30000000,12.24000000,12.29000000,31961.00000000
1767276000000,12.30000000,12.33000000,12.24000000,12.30000000,45290.87000000
1767279600000,12.31000000,12.44000000,12.28000000,12.39000000,87525.12000000
1767283200000,12.39000000,12.41000000,12.33000000,12.36000000,57305.01000000
1767286800000,12.37000000,12.47000000,12.36000000,12.44000000,84282.19000000
1767290400000,12.45000000,12.47000000,12.41000000,12.46000000,77865.94000000
1767294000000,12.46000000,12.53000000,12.44000000,12.52000000,75463.53000000
1767297600000,12.52000000,12.55000000,12.47000000,12.48000000,124133.38000000
1767301200000,12.48000000,12.56000000,12.47000000,12.55000000,66372.98000000
1767304800000,12.54000000,12.64000000,12.51000000,12.61000000,113929.36000000
1767308400000,12.61000000,12.64000000,12.56000000,12.60000000,91891.98000000
1767312000000,12.61000000,12.68000000,12.58000000,12.67000000,90875.32000000
1767315600000,12.66000000,12.68000000,12.61000000,12.64000000,67916.75000000
1767319200000,12.65000000,12.69000000,12.58000000,12.68000000,164946.44000000
1767322800000,12.67000000,12.94000000,12.65000000,12.92000000,403109.47000000
1767326400000,12.93000000,12.99000000,12.85000000,12.89000000,263270.42000000
1767330000000,12.90000000,12.96000000,12.87000000,12.93000000,131635.67000000
1767333600000,12.93000000,12.98000000,12.90000000,12.92000000,155314.25000000
1767337200000,12.93000000,12.97000000,12.83000000,12.84000000,100361.87000000
1767340800000,12.83000000,12.95000000,12.83000000,12.91000000,84373.40000000
1767344400000,12.91000000,13.15000000,12.90000000,13.06000000,215711.26000000
1767348000000,13.07000000,13.12000000,13.01000000,13.03000000,135205.96000000
1767351600000,13.04000000,13.04000000,12.91000000,12.94000000,86654.64000000
1767355200000,12.94000000,13.06000000,12.92000000,13.03000000,81835.43000000
1767358800000,13.02000000,13.07000000,12.99000000,13.00000000,101713.66000000
1767362400000,12.99000000,13.13000000,12.82000000,13.07000000,343604.04000000
1767366000000,13.07000000,13.19000000,12.94000000,13.08000000,228789.09000000
1767369600000,13.07000000,13.35000000,13.06000000,13.30000000,314276.51000000
1767373200000,13.31000000,13.36000000,13.21000000,13.27000000,251762.55000000
1767376800000,13.28000000,13.31000000,13.14000000,13.20000000,135438.02000000
1767380400000,13.20000000,13.31000000,13.19000000,13.28000000,65591.13000000
1767384000000,13.28000000,13.32000000,13.21000000,13.24000000,62694.32000000
1767387600000,13.23000000,13.35000000,13.22000000,13.33000000,149877.47000000
1767391200000,13.34000000,13.43000000,13.33000000,13.37000000,169767.65000000
1767394800000,13.37000000,13.37000000,13.25000000,13.27000000,107358.80000000
1767398400000,13.27000000,13.37000000,13.27000000,13.31000000,115833.68000000
1767402000000,13.31000000,13.33000000,13.23000000,13.28000000,112402.52000000
1767405600000,13.28000000,13.30000000,13.22000000,13.28000000,71313.56000000
1767409200000,13.28000000,13.34000000,13.23000000,13.32000000,87752.74000000
1767412800000,13.32000000,13.33000000,13.21000000,13.22000000,78542.02000000
1767416400000,13.22000000,13.24000000,13.14000000,13.18000000,85190.56000000
1767420000000,13.18000000,13.25000000,13.09000000,13.10000000,110485.27000000
1767423600000,13.10000000,13.12000000,12.97000000,13.01000000,171622.92000000
1767427200000,13.01000000,13.10000000,12.99000000,13.07000000,86302.25000000
1767430800000,13.06000000,13.15000000,13.02000000,13.11000000,89187.10000000
1767434400000,13.11000000,13.13000000,13.07000000,13.12000000,59815.36000000
1767438000000,13.11000000,13.12000000,13.05000000,13.07000000,83001.46000000
1767441600000,13.07000000,13.16000000,13.05000000,13.16000000,81822.28000000
1767445200000,13.15000000,13.18000000,13.10000000,13.13000000,93220.89000000
1767448800000,13.13000000,13.18000000,13.07000000,13.09000000,124607.70000000
1767452400000,13.08000000,13.10000000,13.05000000,13.07000000,34507.26000000
1767456000000,13.08000000,13.21000000,13.07000000,13.19000000,51958.00000000
1767459600000,13.19000000,13.20000000,13.13000000,13.19000000,46075.38000000
1767463200000,13.19000000,13.23000000,13.14000000,13.21000000,43547.98000000
1767466800000,13.21000000,13.21000000,13.16000000,13.18000000,22140.08000000
1767470400000,13.17000000,13.21000000,13.11000000,13.19000000,35791.29000000
1767474000000,13.19000000,13.23000000,13.17000000,13.20000000,53714.22000000
1767477600000,13.20000000,13.25000000,13.18000000,13.24000000,48932.69000000
1767481200000,13.24000000,13.27000000,13.22000000,13.23000000,27788.12000000
1767484800000,13.24000000,13.39000000,13.21000000,13.37000000,135885.82000000
1767488400000,13.36000000,13.37000000,13.26000000,13.36000000,59118.57000000
1767492000000,13.35000000,13.37000000,13.29000000,13.32000000,29520.52000000
1767495600000,13.31000000,13.38000000,13.31000000,13.36000000,62442.53000000
1767499200000,13.36000000,13.42000000,13.34000000,13.37000000,90120.35000000
1767502800000,13.37000000,13.43000000,13.35000000,13.42000000,47546.23000000
1767506400000,13.42000000,13.46000000,13.27000000,13.28000000,118525.17000000
1767510000000,13.29000000,13.37000000,13.27000000,13.34000000,76122.21000000
1767513600000,13.35000000,13.36000000,13.27000000,13.35000000,87680.02000000
1767517200000,13.36000000,13.41000000,13.32000000,13.37000000,94191.26000000
1767520800000,13.38000000,13.42000000,13.35000000,13.37000000,52555.43000000
1767524400000,13.37000000,13.45000000,13.34000000,13.44000000,110149.55000000
1767528000000,13.43000000,13.57000000,13.41000000,13.46000000,144463.68000000
1767531600000,13.47000000,13.50000000,13.36000000,13.50000000,99776.04000000
1767535200000,13.50000000,13.52000000,13.37000000,13.43000000,109697.62000000
1767538800000,13.42000000,13.50000000,13.41000000,13.50000000,110263.15000000
1767542400000,13.50000000,13.56000000,13.48000000,13.55000000,82155.56000000
1767546000000,13.55000000,13.58000000,13.51000000,13.56000000,61926.33000000
1767549600000,13.56000000,13.56000000,13.38000000,13.44000000,78601.26000000
1767553200000,13.44000000,13.44000000,13.31000000,13.39000000,93638.23000000
1767556800000,13.39000000,13.44000000,13.36000000,13.42000000,26862.47000000
1767560400000,13.41000000,13.49000000,13.37000000,13.42000000,36180.02000000
1767564000000,13.41000000,13.49000000,13.39000000,13.42000000,36675.80000000
1767567600000,13.42000000,13.50000000,13.36000000,13.43000000,52434.80000000
1767571200000,13.42000000,13.60000000,13.41000000,13.57000000,150024.80000000
1767574800000,13.58000000,13.88000000,13.54000000,13.78000000,422926.06000000
1767578400000,13.79000000,13.86000000,13.66000000,13.74000000,136433.88000000
1767582000000,13.75000000,13.76000000,13.65000000,13.67000000,82320.66000000
1767585600000,13.68000000,13.70000000,13.46000000,13.58000000,175516.74000000
1767589200000,13.59000000,13.63000000,13.50000000,13.51000000,73446.13000000
1767592800000,13.50000000,13.54000000,13.40000000,13.50000000,92645.99000000
1767596400000,13.51000000,13.59000000,13.47000000,13.58000000,91105.73000000
1767600000000,13.58000000,13.62000000,13.51000000,13.51000000,65242.53000000
1767603600000,13.51000000,13.55000000,13.44000000,13.49000000,124665.78000000
1767607200000,13.49000000,13.61000000,13.48000000,13.54000000,86141.44000000
1767610800000,13.53000000,13.60000000,13.49000000,13.59000000,65907.35000000
1767614400000,13.59000000,13.62000000,13.53000000,13.57000000,62472.42000000
1767618000000,13.56000000,13.57000000,13.40000000,13.46000000,126655.38000000
1767621600000,13.46000000,13.65000000,13.42000000,13.62000000,262106.59000000
1767625200000,13.62000000,13.75000000,13.53000000,13.72000000,293098.15000000
1767628800000,13.72000000,13.76000000,13.63000000,13.70000000,152976.43000000
1767632400000,13.71000000,13.81000000,13.54000000,13.77000000,194719.55000000
1767636000000,13.76000000,13.88000000,13.70000000,13.86000000,159744.52000000
1767639600000,13.86000000,13.87000000,13.73000000,13.77000000,132560.63000000
1767643200000,13.76000000,14.09000000,13.75000000,14.04000000,534484.15000000
1767646800000,14.04000000,14.08000000,13.93000000,14.02000000,203964.59000000
1767650400000,14.03000000,14.13000000,13.98000000,14.01000000,226238.32000000
1767654000000,14.02000000,14.04000000,13.90000000,13.90000000,194076.90000000
1767657600000,13.91000000,13.96000000,13.58000000,13.83000000,525215.41000000
1767661200000,13.82000000,13.96000000,13.78000000,13.80000000,194718.27000000
1767664800000,13.80000000,13.86000000,13.74000000,13.78000000,146945.61000000
1767668400000,13.79000000,13.87000000,13.77000000,13.79000000,81424.01000000
1767672000000,13.80000000,13.88000000,13.77000000,13.84000000,116609.71000000
1767675600000,13.85000000,13.92000000,13.81000000,13.82000000,133964.08000000
1767679200000,13.83000000,13.98000000,13.79000000,13.89000000,164153.78000000
1767682800000,13.89000000,13.91000000,13.68000000,13.73000000,161278.30000000
1767686400000,13.72000000,13.81000000,13.70000000,13.71000000,93038.20000000
1767690000000,13.72000000,13.83000000,13.70000000,13.81000000,86991.66000000
1767693600000,13.80000000,13.87000000,13.78000000,13.83000000,88107.98000000
1767697200000,13.82000000,13.91000000,13.81000000,13.89000000,81846.28000000
1767700800000,13.90000000,13.96000000,13.89000000,13.90000000,100690.93000000
1767704400000,13.90000000,13.91000000,13.82000000,13.83000000,106779.72000000
1767708000000,13.84000000,14.24000000,13.84000000,14.10000000,586459.03000000
1767711600000,14.10000000,14.21000000,13.92000000,13.99000000,342228.53000000
1767715200000,13.99000000,14.02000000,13.67000000,13.77000000,529820.07000000
1767718800000,13.77000000,13.84000000,13.48000000,13.52000000,406745.54000000
1767722400000,13.52000000,13.70000000,13.47000000,13.65000000,193342.40000000
1767726000000,13.66000000,13.72000000,13.62000000,13.63000000,99867.97000000
1767729600000,13.64000000,13.80000000,13.63000000,13.76000000,93654.35000000
1767733200000,13.77000000,14.07000000,13.72000000,13.97000000,235654.28000000
1767736800000,13.97000000,14.03000000,13.88000000,13.94000000,83476.14000000
1767740400000,13.94000000,14.06000000,13.92000000,14.04000000,112595.14000000
1767744000000,14.03000000,14.04000000,13.78000000,13.79000000,170061.18000000
1767747600000,13.79000000,13.86000000,13.69000000,13.72000000,170422.86000000
1767751200000,13.72000000,13.87000000,13.68000000,13.86000000,82725.16000000
1767754800000,13.86000000,13.95000000,13.80000000,13.81000000,148317.76000000
1767758400000,13.81000000,13.85000000,13.74000000,13.76000000,92318.55000000
1767762000000,13.75000000,13.81000000,13.72000000,13.73000000,115478.62000000
1767765600000,13.73000000,13.77000000,13.70000000,13.73000000,121015.75000000
1767769200000,13.73000000,13.89000000,13.73000000,13.88000000,78994.48000000
1767772800000,13.87000000,13.94000000,13.82000000,13.89000000,147924.06000000
1767776400000,13.90000000,13.91000000,13.58000000,13.62000000,217562.30000000
1767780000000,13.62000000,13.72000000,13.60000000,13.68000000,111555.11000000
1767783600000,13.68000000,13.72000000,13.65000000,13.69000000,93683.60000000
1767787200000,13.69000000,13.71000000,13.63000000,13.65000000,65236.51000000
1767790800000,13.65000000,13.73000000,13.59000000,13.63000000,77175.77000000
1767794400000,13.64000000,13.64000000,13.42000000,13.58000000,325046.99000000
1767798000000,13.59000000,13.60000000,13.29000000,13.37000000,380511.71000000
1767801600000,13.37000000,13.46000000,13.33000000,13.41000000,110604.85000000
1767805200000,13.42000000,13.50000000,13.37000000,13.40000000,114525.03000000
1767808800000,13.40000000,13.46000000,13.34000000,13.39000000,137074.78000000
1767812400000,13.39000000,13.43000000,13.31000000,13.40000000,92268.64000000
1767816000000,13.40000000,13.43000000,13.31000000,13.36000000,61056.30000000
1767819600000,13.36000000,13.42000000,13.34000000,13.36000000,47763.91000000
1767823200000,13.35000000,13.45000000,13.31000000,13.36000000,59461.90000000
1767826800000,13.36000000,13.47000000,13.30000000,13.44000000,117176.80000000
1767830400000,13.45000000,13.52000000,13.39000000,13.51000000,97194.37000000
1767834000000,13.51000000,13.56000000,13.49000000,13.52000000,71560.33000000
1767837600000,13.52000000,13.56000000,13.39000000,13.43000000,74321.52000000
1767841200000,13.43000000,13.49000000,13.32000000,13.34000000,72970.79000000
1767844800000,13.34000000,13.47000000,13.32000000,13.42000000,52254.87000000
1767848400000,13.43000000,13.48000000,13.35000000,13.37000000,40921.99000000
1767852000000,13.38000000,13.39000000,13.13000000,13.13000000,184690.35000000
1767855600000,13.14000000,13.33000000,13.07000000,13.32000000,201028.26000000
1767859200000,13.32000000,13.37000000,13.22000000,13.23000000,119635.64000000
1767862800000,13.24000000,13.27000000,13.15000000,13.16000000,75092.88000000
1767866400000,13.16000000,13.32000000,13.09000000,13.28000000,116501.49000000
1767870000000,13.28000000,13.30000000,13.17000000,13.22000000,111767.27000000
1767873600000,13.23000000,13.23000000,13.10000000,13.15000000,272787.24000000
1767877200000,13.15000000,13.20000000,13.10000000,13.16000000,120678.98000000
1767880800000,13.16000000,13.19000000,13.03000000,13.13000000,311929.20000000
1767884400000,13.12000000,13.31000000,13.05000000,13.30000000,256219.31000000
1767888000000,13.30000000,13.32000000,13.15000000,13.30000000,116524.67000000
1767891600000,13.30000000,13.35000000,13.22000000,13.32000000,88206.06000000
1767895200000,13.32000000,13.33000000,13.22000000,13.23000000,58664.79000000
1767898800000,13.24000000,13.29000000,13.17000000,13.20000000,41069.20000000
1767902400000,13.20000000,13.20000000,13.10000000,13.18000000,66891.52000000
1767906000000,13.18000000,13.29000000,13.18000000,13.28000000,58542.19000000
1767909600000,13.28000000,13.34000000,13.21000000,13.27000000,54029.17000000
1767913200000,13.28000000,13.29000000,13.21000000,13.21000000,39033.58000000
1767916800000,13.22000000,13.30000000,13.21000000,13.26000000,56874.64000000
1767920400000,13.27000000,13.38000000,13.17000000,13.21000000,173115.16000000
1767924000000,13.22000000,13.33000000,13.21000000,13.24000000,61813.79000000
1767927600000,13.24000000,13.32000000,13.21000000,13.32000000,51880.27000000
1767931200000,13.31000000,13.33000000,13.20000000,13.22000000,139873.24000000
1767934800000,13.21000000,13.27000000,13.19000000,13.27000000,35685.59000000
1767938400000,13.27000000,13.32000000,13.24000000,13.32000000,51174.15000000
1767942000000,13.32000000,13.32000000,13.26000000,13.27000000,49119.58000000
1767945600000,13.27000000,13.30000000,13.06000000,13.14000000,139483.67000000
1767949200000,13.15000000,13.24000000,13.14000000,13.17000000,94057.52000000
1767952800000,13.17000000,13.20000000,13.14000000,13.20000000,37751.96000000
1767956400000,13.20000000,13.23000000,13.16000000,13.17000000,51603.60000000
1767960000000,13.17000000,13.19000000,13.10000000,13.13000000,60400.58000000
1767963600000,13.13000000,13.30000000,13.12000000,13.24000000,144941.01000000
1767967200000,13.24000000,13.24000000,13.03000000,13.10000000,159676.20000000
1767970800000,13.11000000,13.44000000,13.03000000,13.29000000,293889.05000000
1767974400000,13.29000000,13.45000000,13.28000000,13.41000000,160650.60000000
1767978000000,13.41000000,13.42000000,13.23000000,13.33000000,128735.81000000
1767981600000,13.32000000,13.34000000,13.10000000,13.21000000,98600.18000000
1767985200000,13.20000000,13.21000000,13.06000000,13.09000000,80738.01000000
1767988800000,13.09000000,13.16000000,13.08000000,13.11000000,75854.02000000
1767992400000,13.11000000,13.19000000,13.08000000,13.15000000,60756.90000000
1767996000000,13.15000000,13.19000000,13.11000000,13.18000000,26567.93000000
1767999600000,13.18000000,13.18000000,13.12000000,13.14000000,26908.95000000
1768003200000,13.14000000,13.15000000,13.09000000,13.11000000,38593.86000000
1768006800000,13.10000000,13.17000000,13.09000000,13.15000000,20310.20000000
1768010400000,13.15000000,13.17000000,13.09000000,13.11000000,22867.64000000
1768014000000,13.11000000,13.14000000,13.07000000,13.13000000,67488.20000000
1768017600000,13.14000000,13.14000000,13.07000000,13.08000000,51955.11000000
1768021200000,13.08000000,13.14000000,13.07000000,13.09000000,13208.84000000
1768024800000,13.10000000,13.13000000,13.07000000,13.11000000,19379.48000000
1768028400000,13.11000000,13.18000000,13.10000000,13.17000000,37861.04000000
1768032000000,13.16000000,13.20000000,13.10000000,13.15000000,41637.54000000
1768035600000,13.15000000,13.22000000,13.14000000,13.20000000,40892.35000000
1768039200000,13.21000000,13.23000000,13.17000000,13.21000000,81781.19000000
1768042800000,13.21000000,13.21000000,13.15000000,13.17000000,24476.67000000
1768046400000,13.18000000,13.24000000,13.16000000,13.24000000,45695.38000000
1768050000000,13.24000000,13.26000000,13.21000000,13.22000000,53210.90000000
1768053600000,13.22000000,13.23000000,13.13000000,13.14000000,46920.16000000
1768057200000,13.15000000,13.18000000,13.14000000,13.17000000,21835.61000000
1768060800000,13.16000000,13.18000000,13.12000000,13.16000000,23309.74000000
1768064400000,13.16000000,13.22000000,13.15000000,13.16000000,22277.65000000
1768068000000,13.16000000,13.21000000,13.13000000,13.20000000,25327.65000000
1768071600000,13.21000000,13.22000000,13.20000000,13.22000000,9970.60000000
1768075200000,13.22000000,13.24000000,13.20000000,13.23000000,36095.48000000
1768078800000,13.23000000,13.24000000,13.14000000,13.14000000,192802.09000000
1768082400000,13.14000000,13.16000000,13.08000000,13.10000000,51034.28000000
1768086000000,13.09000000,13.16000000,13.09000000,13.13000000,42256.50000000
1768089600000,13.14000000,13.18000000,13.11000000,13.17000000,22897.66000000
1768093200000,13.18000000,13.20000000,13.13000000,13.19000000,18909.05000000
1768096800000,13.19000000,13.21000000,13.17000000,13.19000000,14873.56000000
1768100400000,13.20000000,13.25000000,13.18000000,13.24000000,22658.94000000
1768104000000,13.23000000,13.26000000,13.19000000,13.24000000,27937.65000000
1768107600000,13.25000000,13.26000000,13.19000000,13.23000000,34350.69000000
1768111200000,13.23000000,13.28000000,13.18000000,13.22000000,39249.94000000
1768114800000,13.22000000,13.24000000,13.20000000,13.24000000,15894.26000000
1768118400000,13.24000000,13.25000000,13.19000000,13.21000000,45186.35000000
1768122000000,13.21000000,13.24000000,13.19000000,13.21000000,16757.76000000
1768125600000,13.22000000,13.24000000,13.18000000,13.22000000,34050.21000000
1768129200000,13.22000000,13.23000000,13.19000000,13.21000000,12497.83000000
1768132800000,13.21000000,13.28000000,13.20000000,13.27000000,42730.93000000
1768136400000,13.27000000,13.28000000,13.20000000,13.21000000,28034.31000000
1768140000000,13.21000000,13.30000000,13.20000000,13.26000000,83410.19000000
1768143600000,13.27000000,13.29000000,13.14000000,13.21000000,98935.71000000
1768147200000,13.20000000,13.37000000,13.20000000,13.29000000,127209.29000000
1768150800000,13.29000000,13.34000000,13.26000000,13.32000000,45140.93000000
1768154400000,13.32000000,13.34000000,13.27000000,13.32000000,38515.23000000
1768158000000,13.32000000,13.36000000,13.24000000,13.25000000,60845.88000000
1768161600000,13.25000000,13.26000000,13.11000000,13.18000000,140371.40000000
1768165200000,13.17000000,13.23000000,13.13000000,13.21000000,51156.58000000
1768168800000,13.21000000,13.21000000,13.10000000,13.14000000,57790.76000000
1768172400000,13.13000000,13.25000000,13.05000000,13.21000000,97919.03000000
1768176000000,13.21000000,13.26000000,13.12000000,13.25000000,105925.51000000
1768179600000,13.26000000,13.35000000,13.23000000,13.31000000,150504.57000000
1768183200000,13.31000000,13.47000000,13.29000000,13.44000000,156848.32000000
1768186800000,13.44000000,13.52000000,13.36000000,13.36000000,163802.94000000
1768190400000,13.37000000,13.44000000,13.34000000,13.42000000,74926.75000000
1768194000000,13.42000000,13.46000000,13.37000000,13.40000000,45838.81000000
1768197600000,13.39000000,13.43000000,13.33000000,13.37000000,73183.88000000
1768201200000,13.37000000,13.42000000,13.25000000,13.28000000,86159.05000000
1768204800000,13.28000000,13.33000000,13.10000000,13.22000000,158524.54000000
1768208400000,13.22000000,13.26000000,13.16000000,13.17000000,98135.68000000
1768212000000,13.18000000,13.20000000,13.11000000,13.13000000,51523.74000000
1768215600000,13.14000000,13.21000000,13.12000000,13.16000000,40691.28000000
1768219200000,13.17000000,13.20000000,13.13000000,13.15000000,30695.95000000
1768222800000,13.15000000,13.18000000,13.07000000,13.10000000,88585.26000000
1768226400000,13.10000000,13.15000000,12.93000000,13.12000000,210952.94000000
1768230000000,13.13000000,13.26000000,13.10000000,13.25000000,152333.98000000
1768233600000,13.24000000,13.33000000,13.19000000,13.25000000,113779.59000000
1768237200000,13.26000000,13.31000000,13.09000000,13.19000000,127480.70000000
1768240800000,13.18000000,13.24000000,13.13000000,13.18000000,58871.62000000
1768244400000,13.17000000,13.21000000,13.12000000,13.19000000,24532.08000000
1768248000000,13.19000000,13.24000000,13.09000000,13.11000000,40191.03000000
1768251600000,13.11000000,13.12000000,13.00000000,13.05000000,54314.78000000
1768255200000,13.04000000,13.10000000,13.03000000,13.06000000,39791.97000000
1768258800000,13.07000000,13.11000000,13.04000000,13.08000000,30088.76000000
1768262400000,13.08000000,13.12000000,13.06000000,13.12000000,75928.46000000
1768266000000,13.11000000,13.17000000,13.06000000,13.09000000,53416.95000000
1768269600000,13.09000000,13.16000000,13.07000000,13.08000000,45662.49000000
1768273200000,13.09000000,13.15000000,13.05000000,13.12000000,38439.44000000
1768276800000,13.11000000,13.19000000,13.11000000,13.16000000,52283.14000000
1768280400000,13.17000000,13.30000000,13.16000000,13.20000000,74704.75000000
1768284000000,13.21000000,13.26000000,13.18000000,13.23000000,84857.74000000
1768287600000,13.23000000,13.24000000,13.17000000,13.19000000,19458.33000000
1768291200000,13.20000000,13.29000000,13.18000000,13.25000000,36846.63000000
1768294800000,13.26000000,13.32000000,13.20000000,13.26000000,82437.48000000
1768298400000,13.26000000,13.30000000,13.23000000,13.25000000,71479.99000000
1768302000000,13.26000000,13.29000000,13.21000000,13.27000000,42420.82000000
1768305600000,13.26000000,13.29000000,13.23000000,13.29000000,50413.26000000
1768309200000,13.28000000,13.40000000,13.26000000,13.32000000,168983.07000000
1768312800000,13.33000000,13.52000000,13.28000000,13.40000000,296839.96000000
1768316400000,13.40000000,13.58000000,13.34000000,13.58000000,233281.29000000
1768320000000,13.58000000,13.67000000,13.53000000,13.61000000,306615.30000000
1768323600000,13.61000000,13.67000000,13.53000000,13.60000000,132378.62000000
1768327200000,13.59000000,13.67000000,13.57000000,13.63000000,113236.36000000
1768330800000,13.63000000,13.71000000,13.58000000,13.69000000,92675.69000000
1768334400000,13.69000000,13.78000000,13.68000000,13.74000000,143556.09000000
1768338000000,13.75000000,13.77000000,13.70000000,13.73000000,76158.38000000
1768341600000,13.72000000,14.18000000,13.72000000,14.12000000,773471.31000000
1768345200000,14.13000000,14.18000000,14.01000000,14.06000000,226533.35000000
1768348800000,14.06000000,14.12000000,14.02000000,14.09000000,118742.37000000
1768352400000,14.09000000,14.17000000,14.07000000,14.13000000,126932.76000000
1768356000000,14.13000000,14.20000000,14.03000000,14.05000000,111788.19000000
1768359600000,14.04000000,14.14000000,14.03000000,14.13000000,96394.58000000
1768363200000,14.14000000,14.17000000,14.03000000,14.04000000,198874.70000000
1768366800000,14.03000000,14.07000000,13.99000000,14.03000000,138824.00000000
1768370400000,14.03000000,14.08000000,13.94000000,14.07000000,109858.10000000
1768374000000,14.07000000,14.12000000,14.03000000,14.05000000,62181.08000000
1768377600000,14.06000000,14.12000000,14.05000000,14.05000000,81246.75000000
1768381200000,14.06000000,14.12000000,14.05000000,14.10000000,44875.34000000
1768384800000,14.10000000,14.11000000,13.99000000,14.01000000,120110.03000000
1768388400000,14.01000000,14.02000000,13.85000000,13.87000000,119957.25000000
1768392000000,13.88000000,13.95000000,13.86000000,13.94000000,58016.24000000
1768395600000,13.94000000,13.97000000,13.87000000,13.90000000,64088.71000000
1768399200000,13.90000000,14.21000000,13.89000000,14.15000000,230183.40000000
1768402800000,14.15000000,14.28000000,14.06000000,14.24000000,307227.94000000
1768406400000,14.24000000,14.40000000,14.22000000,14.29000000,295114.42000000
1768410000000,14.28000000,14.36000000,14.16000000,14.18000000,207089.01000000
1768413600000,14.18000000,14.25000000,14.04000000,14.16000000,170050.64000000
1768417200000,14.15000000,14.40000000,14.11000000,14.23000000,294886.00000000
1768420800000,14.22000000,14.32000000,14.17000000,14.25000000,160648.55000000
1768424400000,14.24000000,14.28000000,14.16000000,14.23000000,87336.06000000
1768428000000,14.22000000,14.22000000,14.08000000,14.09000000,107365.10000000
1768431600000,14.10000000,14.19000000,14.08000000,14.11000000,81875.90000000
1768435200000,14.11000000,14.12000000,14.00000000,14.04000000,126158.82000000
1768438800000,14.04000000,14.10000000,13.93000000,13.97000000,159959.93000000
1768442400000,13.96000000,14.02000000,13.89000000,13.91000000,62780.45000000
1768446000000,13.91000000,13.95000000,13.73000000,13.76000000,188290.28000000
1768449600000,13.76000000,13.88000000,13.75000000,13.86000000,76513.80000000
1768453200000,13.85000000,13.90000000,13.84000000,13.88000000,56704.14000000
1768456800000,13.87000000,13.93000000,13.84000000,13.85000000,66888.18000000
1768460400000,13.86000000,13.97000000,13.85000000,13.94000000,67992.49000000
1768464000000,13.93000000,13.95000000,13.86000000,13.92000000,60671.63000000
1768467600000,13.93000000,14.09000000,13.88000000,14.06000000,127733.28000000
1768471200000,14.06000000,14.07000000,14.00000000,14.03000000,92550.08000000
1768474800000,14.04000000,14.04000000,13.94000000,13.95000000,66627.38000000
1768478400000,13.96000000,14.10000000,13.94000000,14.09000000,76952.57000000
1768482000000,14.09000000,14.17000000,14.03000000,14.13000000,219440.06000000
1768485600000,14.12000000,14.22000000,13.94000000,14.01000000,295362.76000000
1768489200000,14.00000000,14.07000000,13.72000000,13.96000000,324269.43000000
1768492800000,13.96000000,13.99000000,13.85000000,13.92000000,136970.20000000
1768496400000,13.93000000,14.00000000,13.82000000,13.84000000,143367.63000000
1768500000000,13.85000000,13.86000000,13.63000000,13.66000000,176638.43000000
1768503600000,13.67000000,13.71000000,13.59000000,13.69000000,236756.47000000
1768507200000,13.68000000,13.73000000,13.56000000,13.60000000,114882.97000000
1768510800000,13.61000000,13.68000000,13.60000000,13.65000000,49530.35000000
1768514400000,13.66000000,13.78000000,13.64000000,13.75000000,81532.08000000
1768518000000,13.76000000,13.80000000,13.71000000,13.80000000,65660.11000000
1768521600000,13.80000000,13.87000000,13.78000000,13.83000000,69286.98000000
1768525200000,13.82000000,13.83000000,13.74000000,13.77000000,52092.58000000
1768528800000,13.77000000,13.77000000,13.67000000,13.76000000,51008.70000000
1768532400000,13.77000000,13.81000000,13.68000000,13.68000000,59939.14000000
1768536000000,13.68000000,13.73000000,13.59000000,13.65000000,81682.99000000
1768539600000,13.64000000,13.82000000,13.64000000,13.80000000,82947.62000000
1768543200000,13.80000000,13.82000000,13.78000000,13.82000000,43282.01000000
1768546800000,13.82000000,13.82000000,13.75000000,13.79000000,32267.16000000
1768550400000,13.80000000,13.86000000,13.79000000,13.82000000,90656.68000000
1768554000000,13.82000000,13.84000000,13.77000000,13.79000000,49851.08000000
1768557600000,13.78000000,13.81000000,13.71000000,13.73000000,91349.88000000
1768561200000,13.74000000,13.74000000,13.69000000,13.73000000,37676.43000000
1768564800000,13.73000000,13.76000000,13.71000000,13.74000000,26822.46000000
1768568400000,13.74000000,13.75000000,13.67000000,13.71000000,42719.01000000
1768572000000,13.71000000,13.79000000,13.68000000,13.70000000,105365.64000000
1768575600000,13.70000000,13.79000000,13.43000000,13.49000000,288787.54000000
1768579200000,13.48000000,13.62000000,13.46000000,13.58000000,196523.07000000
1768582800000,13.58000000,13.66000000,13.50000000,13.65000000,96983.05000000
1768586400000,13.65000000,13.67000000,13.58000000,13.60000000,66478.90000000
1768590000000,13.59000000,13.61000000,13.53000000,13.59000000,20837.07000000
1768593600000,13.60000000,13.71000000,13.52000000,13.71000000,80994.33000000
1768597200000,13.71000000,13.75000000,13.68000000,13.71000000,62823.20000000
1768600800000,13.71000000,13.73000000,13.64000000,13.70000000,78962.38000000
1768604400000,13.71000000,13.75000000,13.69000000,13.73000000,34424.96000000
1768608000000,13.73000000,13.74000000,13.69000000,13.72000000,28577.36000000
1768611600000,13.72000000,13.75000000,13.69000000,13.70000000,37695.32000000
1768615200000,13.71000000,13.71000000,13.64000000,13.66000000,41271.76000000
1768618800000,13.67000000,13.70000000,13.63000000,13.68000000,43738.72000000
1768622400000,13.68000000,13.72000000,13.65000000,13.71000000,21120.95000000
1768626000000,13.71000000,13.74000000,13.71000000,13.71000000,17958.53000000
1768629600000,13.71000000,13.74000000,13.69000000,13.73000000,23281.94000000
1768633200000,13.73000000,13.73000000,13.69000000,13.70000000,28235.70000000
1768636800000,13.71000000,13.76000000,13.70000000,13.73000000,63788.74000000
1768640400000,13.74000000,13.75000000,13.71000000,13.74000000,20349.31000000
1768644000000,13.73000000,13.79000000,13.70000000,13.72000000,43573.06000000
1768647600000,13.72000000,13.73000000,13.68000000,13.71000000,33667.78000000
1768651200000,13.70000000,13.74000000,13.69000000,13.71000000,46917.64000000
1768654800000,13.71000000,13.79000000,13.69000000,13.79000000,27644.51000000
1768658400000,13.79000000,13.86000000,13.76000000,13.84000000,90737.84000000
1768662000000,13.84000000,13.89000000,13.79000000,13.89000000,76350.77000000
1768665600000,13.89000000,13.90000000,13.76000000,13.79000000,70313.77000000
1768669200000,13.80000000,13.83000000,13.77000000,13.81000000,23762.64000000
1768672800000,13.81000000,13.82000000,13.77000000,13.80000000,38483.52000000
1768676400000,13.79000000,13.81000000,13.77000000,13.79000000,35345.79000000
1768680000000,13.79000000,13.82000000,13.76000000,13.77000000,20763.61000000
1768683600000,13.77000000,13.78000000,13.73000000,13.74000000,29507.19000000
1768687200000,13.74000000,13.74000000,13.66000000,13.70000000,42898.37000000
1768690800000,13.70000000,13.75000000,13.69000000,13.75000000,25216.31000000
1768694400000,13.74000000,13.78000000,13.71000000,13.71000000,29954.71000000
1768698000000,13.72000000,13.73000000,13.62000000,13.67000000,68800.74000000
1768701600000,13.67000000,13.71000000,13.63000000,13.67000000,25963.16000000
1768705200000,13.67000000,13.73000000,13.66000000,13.71000000,17791.45000000
1768708800000,13.71000000,13.72000000,13.67000000,13.71000000,20871.02000000
1768712400000,13.72000000,13.72000000,13.67000000,13.72000000,24453.24000000
1768716000000,13.71000000,13.75000000,13.69000000,13.73000000,58720.25000000
1768719600000,13.72000000,13.77000000,13.70000000,13.74000000,67527.47000000
1768723200000,13.73000000,13.77000000,13.71000000,13.76000000,44474.51000000
1768726800000,13.76000000,13.83000000,13.74000000,13.80000000,50098.12000000
1768730400000,13.80000000,13.82000000,13.76000000,13.81000000,40131.28000000
1768734000000,13.81000000,13.81000000,13.72000000,13.73000000,42356.41000000
1768737600000,13.74000000,13.78000000,13.72000000,13.73000000,40765.77000000
1768741200000,13.74000000,13.79000000,13.70000000,13.76000000,87385.60000000
1768744800000,13.76000000,13.83000000,13.72000000,13.73000000,70937.72000000
1768748400000,13.73000000,13.83000000,13.71000000,13.78000000,176739.95000000
1768752000000,13.77000000,13.83000000,13.75000000,13.76000000,40881.00000000
1768755600000,13.76000000,13.80000000,13.74000000,13.78000000,31027.27000000
1768759200000,13.78000000,13.88000000,13.76000000,13.85000000,57746.71000000
1768762800000,13.85000000,13.86000000,13.77000000,13.77000000,35421.42000000
1768766400000,13.77000000,13.84000000,13.76000000,13.80000000,19664.90000000
1768770000000,13.81000000,13.85000000,13.79000000,13.83000000,13847.20000000
1768773600000,13.84000000,13.87000000,13.82000000,13.84000000,19218.32000000
1768777200000,13.84000000,13.84000000,13.30000000,13.32000000,656611.61000000
1768780800000,13.31000000,13.32000000,12.37000000,12.85000000,2504542.98000000
1768784400000,12.85000000,12.92000000,12.79000000,12.85000000,211260.81000000
1768788000000,12.85000000,12.90000000,12.81000000,12.86000000,158064.01000000
1768791600000,12.86000000,12.89000000,12.79000000,12.86000000,101578.01000000
1768795200000,12.86000000,12.86000000,12.79000000,12.79000000,103412.60000000
1768798800000,12.80000000,12.84000000,12.74000000,12.80000000,162853.46000000
1768802400000,12.80000000,12.80000000,12.72000000,12.76000000,115872.00000000
1768806000000,12.76000000,12.78000000,12.73000000,12.77000000,75303.67000000
1768809600000,12.77000000,12.87000000,12.75000000,12.82000000,170280.31000000
1768813200000,12.82000000,12.83000000,12.74000000,12.81000000,87122.63000000
1768816800000,12.80000000,12.81000000,12.75000000,12.77000000,52347.17000000
1768820400000,12.76000000,12.82000000,12.75000000,12.77000000,63104.94000000
1768824000000,12.78000000,12.81000000,12.73000000,12.77000000,70845.70000000
1768827600000,12.77000000,12.79000000,12.73000000,12.78000000,69473.48000000
1768831200000,12.77000000,12.87000000,12.76000000,12.79000000,105069.27000000
1768834800000,12.80000000,12.82000000,12.75000000,12.76000000,87505.93000000
1768838400000,12.77000000,12.92000000,12.75000000,12.90000000,76057.48000000
1768842000000,12.90000000,12.91000000,12.84000000,12.85000000,43116.16000000
1768845600000,12.84000000,12.89000000,12.83000000,12.88000000,44598.98000000
1768849200000,12.89000000,12.97000000,12.88000000,12.94000000,34025.91000000
1768852800000,12.94000000,13.01000000,12.93000000,12.95000000,83410.40000000
1768856400000,12.95000000,12.98000000,12.89000000,12.89000000,36746.08000000
1768860000000,12.89000000,12.91000000,12.81000000,12.81000000,77940.36000000
1768863600000,12.81000000,12.92000000,12.78000000,12.88000000,85509.59000000
1768867200000,12.88000000,12.91000000,12.84000000,12.85000000,37726.86000000
1768870800000,12.84000000,12.91000000,12.80000000,12.85000000,34996.66000000
1768874400000,12.84000000,12.90000000,12.80000000,12.88000000,48551.78000000
1768878000000,12.88000000,12.89000000,12.81000000,12.87000000,24805.61000000
1768881600000,12.86000000,12.88000000,12.79000000,12.80000000,33493.20000000
1768885200000,12.81000000,12.85000000,12.74000000,12.82000000,85967.37000000
1768888800000,12.81000000,12.82000000,12.61000000,12.62000000,158193.31000000
1768892400000,12.62000000,12.69000000,12.61000000,12.61000000,79629.80000000
1768896000000,12.61000000,12.63000000,12.48000000,12.57000000,205275.25000000
1768899600000,12.57000000,12.57000000,12.48000000,12.49000000,59302.93000000
1768903200000,12.50000000,12.59000000,12.48000000,12.55000000,126108.31000000
1768906800000,12.55000000,12.58000000,12.51000000,12.51000000,67824.70000000
1768910400000,12.51000000,12.57000000,12.50000000,12.55000000,35241.89000000
1768914000000,12.55000000,12.55000000,12.44000000,12.47000000,118115.81000000
1768917600000,12.46000000,12.61000000,12.45000000,12.50000000,170544.29000000
1768921200000,12.49000000,12.52000000,12.34000000,12.44000000,353507.81000000
1768924800000,12.44000000,12.47000000,12.26000000,12.32000000,146676.21000000
1768928400000,12.31000000,12.40000000,12.18000000,12.26000000,185999.62000000
1768932000000,12.27000000,12.30000000,12.19000000,12.23000000,102891.60000000
1768935600000,12.23000000,12.29000000,12.21000000,12.28000000,46151.33000000
1768939200000,12.28000000,12.35000000,12.24000000,12.34000000,59313.95000000
1768942800000,12.35000000,12.36000000,12.21000000,12.23000000,40861.10000000
1768946400000,12.22000000,12.28000000,12.03000000,12.15000000,211168.03000000
1768950000000,12.15000000,12.18000000,12.09000000,12.12000000,130969.99000000
1768953600000,12.13000000,12.28000000,12.10000000,12.28000000,124368.34000000
1768957200000,12.28000000,12.33000000,12.25000000,12.31000000,79974.72000000
1768960800000,12.32000000,12.36000000,12.28000000,12.30000000,97754.40000000
1768964400000,12.30000000,12.36000000,12.29000000,12.31000000,44707.10000000
1768968000000,12.32000000,12.37000000,12.29000000,12.35000000,20578.38000000
1768971600000,12.36000000,12.47000000,12.35000000,12.44000000,51065.60000000
1768975200000,12.44000000,12.44000000,12.35000000,12.37000000,43679.84000000
1768978800000,12.36000000,12.39000000,12.30000000,12.32000000,48187.69000000
1768982400000,12.32000000,12.34000000,12.23000000,12.30000000,108853.40000000
1768986000000,12.31000000,12.34000000,12.28000000,12.29000000,75980.53000000
1768989600000,12.29000000,12.34000000,12.27000000,12.28000000,67317.33000000
1768993200000,12.27000000,12.32000000,12.17000000,12.18000000,72787.31000000
1768996800000,12.18000000,12.20000000,12.06000000,12.19000000,166336.90000000
1769000400000,12.19000000,12.24000000,12.11000000,12.15000000,60656.97000000
1769004000000,12.14000000,12.43000000,12.13000000,12.42000000,270384.91000000
1769007600000,12.42000000,12.55000000,12.35000000,12.44000000,208260.86000000
1769011200000,12.44000000,12.46000000,11.98000000,12.00000000,273998.76000000
1769014800000,12.00000000,12.12000000,11.89000000,12.04000000,192058.42000000
1769018400000,12.03000000,12.17000000,11.98000000,12.12000000,137201.36000000
1769022000000,12.12000000,12.62000000,12.07000000,12.60000000,354917.82000000
1769025600000,12.61000000,12.63000000,12.44000000,12.57000000,165801.53000000
1769029200000,12.57000000,12.65000000,12.54000000,12.60000000,67222.33000000
1769032800000,12.61000000,12.66000000,12.49000000,12.50000000,78232.14000000
1769036400000,12.50000000,12.54000000,12.36000000,12.40000000,135337.08000000
1769040000000,12.40000000,12.49000000,12.40000000,12.43000000,157810.75000000
1769043600000,12.43000000,12.55000000,12.42000000,12.54000000,214781.80000000
1769047200000,12.53000000,12.58000000,12.50000000,12.51000000,67787.17000000
1769050800000,12.51000000,12.54000000,12.41000000,12.45000000,121626.91000000
1769054400000,12.44000000,12.54000000,12.44000000,12.52000000,162327.80000000
1769058000000,12.51000000,12.53000000,12.46000000,12.49000000,24767.68000000
1769061600000,12.48000000,12.50000000,12.43000000,12.47000000,23884.02000000
1769065200000,12.48000000,12.49000000,12.40000000,12.43000000,42803.74000000
1769068800000,12.43000000,12.47000000,12.40000000,12.45000000,78796.32000000
1769072400000,12.45000000,12.49000000,12.42000000,12.48000000,41375.11000000
1769076000000,12.47000000,12.49000000,12.44000000,12.45000000,29091.55000000
1769079600000,12.45000000,12.46000000,12.37000000,12.38000000,34987.07000000
1769083200000,12.38000000,12.41000000,12.37000000,12.38000000,38215.37000000
1769086800000,12.38000000,12.48000000,12.33000000,12.35000000,97078.07000000
1769090400000,12.35000000,12.39000000,12.23000000,12.24000000,141743.66000000
1769094000000,12.24000000,12.31000000,12.12000000,12.23000000,151985.41000000
1769097600000,12.23000000,12.33000000,12.20000000,12.29000000,99270.14000000
1769101200000,12.30000000,12.33000000,12.22000000,12.32000000,56095.33000000
1769104800000,12.31000000,12.33000000,12.21000000,12.22000000,50938.13000000
1769108400000,12.22000000,12.30000000,12.19000000,12.28000000,38824.42000000
1769112000000,12.28000000,12.31000000,12.20000000,12.23000000,35106.21000000
1769115600000,12.24000000,12.29000000,12.22000000,12.24000000,20847.46000000
1769119200000,12.24000000,12.28000000,12.22000000,12.25000000,32360.99000000
1769122800000,12.25000000,12.27000000,12.20000000,12.27000000,51561.94000000
1769126400000,12.26000000,12.28000000,12.22000000,12.24000000,27593.66000000
1769130000000,12.24000000,12.35000000,12.24000000,12.34000000,40393.28000000
1769133600000,12.35000000,12.35000000,12.26000000,12.26000000,17853.46000000
1769137200000,12.27000000,12.35000000,12.26000000,12.33000000,36069.34000000
1769140800000,12.34000000,12.41000000,12.32000000,12.38000000,48801.17000000
1769144400000,12.38000000,12.39000000,12.32000000,12.34000000,51638.92000000
1769148000000,12.35000000,12.39000000,12.27000000,12.27000000,42131.02000000
1769151600000,12.28000000,12.31000000,12.25000000,12.28000000,36079.97000000
1769155200000,12.27000000,12.30000000,12.17000000,12.19000000,44971.10000000
1769158800000,12.20000000,12.25000000,12.17000000,12.21000000,31884.62000000
1769162400000,12.21000000,12.24000000,12.17000000,12.23000000,27093.47000000
1769166000000,12.22000000,12.27000000,12.22000000,12.27000000,28232.93000000
1769169600000,12.26000000,12.28000000,12.23000000,12.26000000,22140.52000000
1769173200000,12.26000000,12.28000000,12.23000000,12.24000000,31594.12000000
1769176800000,12.24000000,12.26000000,12.04000000,12.12000000,200169.20000000
1769180400000,12.12000000,12.28000000,12.06000000,12.25000000,113447.18000000
1769184000000,12.26000000,12.37000000,12.21000000,12.29000000,118678.41000000
1769187600000,12.29000000,12.50000000,12.25000000,12.37000000,139583.16000000
1769191200000,12.37000000,12.44000000,12.34000000,12.38000000,59630.87000000
1769194800000,12.38000000,12.38000000,12.20000000,12.25000000,79831.40000000
1769198400000,12.25000000,12.28000000,12.12000000,12.16000000,61362.83000000
1769202000000,12.16000000,12.23000000,12.14000000,12.16000000,27224.48000000
1769205600000,12.17000000,12.25000000,12.16000000,12.24000000,52085.88000000
1769209200000,12.24000000,12.24000000,12.20000000,12.22000000,32898.50000000
1769212800000,12.22000000,12.27000000,12.21000000,12.25000000,163500.96000000
1769216400000,12.24000000,12.28000000,12.18000000,12.23000000,160531.87000000
1769220000000,12.23000000,12.24000000,12.22000000,12.23000000,15181.32000000
1769223600000,12.23000000,12.27000000,12.21000000,12.25000000,17958.37000000
1769227200000,12.26000000,12.28000000,12.23000000,12.24000000,18999.54000000
1769230800000,12.24000000,12.25000000,12.22000000,12.24000000,17460.16000000
1769234400000,12.24000000,12.25000000,12.22000000,12.23000000,9247.67000000
1769238000000,12.24000000,12.24000000,12.21000000,12.21000000,14651.20000000
1769241600000,12.22000000,12.25000000,12.20000000,12.24000000,25203.58000000
1769245200000,12.23000000,12.25000000,12.21000000,12.21000000,23499.67000000
1769248800000,12.22000000,12.22000000,12.19000000,12.21000000,19444.51000000
1769252400000,12.21000000,12.23000000,12.21000000,12.21000000,9330.60000000
1769256000000,12.21000000,12.24000000,12.19000000,12.21000000,30992.74000000
1769259600000,12.21000000,12.22000000,12.15000000,12.16000000,27387.31000000
1769263200000,12.16000000,12.20000000,12.15000000,12.19000000,40032.99000000
1769266800000,12.19000000,12.22000000,12.15000000,12.15000000,54002.68000000
1769270400000,12.15000000,12.20000000,12.13000000,12.18000000,40278.95000000
1769274000000,12.17000000,12.21000000,12.16000000,12.21000000,18955.81000000
1769277600000,12.21000000,12.24000000,12.19000000,12.21000000,34062.83000000
1769281200000,12.20000000,12.21000000,12.18000000,12.19000000,11164.59000000
1769284800000,12.19000000,12.22000000,12.18000000,12.21000000,13441.49000000
1769288400000,12.21000000,12.23000000,12.18000000,12.22000000,18355.11000000
1769292000000,12.22000000,12.26000000,12.22000000,12.26000000,48959.25000000
1769295600000,12.26000000,12.26000000,12.20000000,12.20000000,41284.63000000
1769299200000,12.21000000,12.22000000,12.16000000,12.18000000,33656.81000000
1769302800000,12.19000000,12.20000000,12.14000000,12.14000000,48927.95000000
1769306400000,12.15000000,12.18000000,12.14000000,12.15000000,27191.68000000
1769310000000,12.15000000,12.15000000,12.06000000,12.08000000,55947.32000000
1769313600000,12.09000000,12.13000000,12.08000000,12.10000000,32430.51000000
1769317200000,12.10000000,12.13000000,12.09000000,12.12000000,18466.80000000
1769320800000,12.12000000,12.13000000,12.05000000,12.10000000,52841.03000000
1769324400000,12.09000000,12.11000000,12.06000000,12.08000000,20942.66000000
1769328000000,12.09000000,12.10000000,12.01000000,12.04000000,66360.76000000
1769331600000,12.03000000,12.10000000,12.01000000,12.07000000,68372.36000000
1769335200000,12.06000000,12.14000000,12.06000000,12.11000000,45712.32000000
1769338800000,12.11000000,12.13000000,12.06000000,12.08000000,25671.10000000
1769342400000,12.08000000,12.09000000,12.03000000,12.09000000,30643.48000000
1769346000000,12.09000000,12.11000000,12.04000000,12.10000000,44135.96000000
1769349600000,12.10000000,12.10000000,11.94000000,12.00000000,181606.46000000
1769353200000,11.99000000,12.02000000,11.94000000,11.97000000,142115.54000000
1769356800000,11.97000000,11.97000000,11.69000000,11.81000000,586864.72000000
1769360400000,11.80000000,11.84000000,11.71000000,11.76000000,191874.21000000
1769364000000,11.75000000,11.76000000,11.55000000,11.62000000,317805.77000000
1769367600000,11.62000000,11.65000000,11.38000000,11.44000000,387845.45000000
1769371200000,11.44000000,11.53000000,11.36000000,11.45000000,231621.02000000
1769374800000,11.46000000,11.54000000,11.45000000,11.52000000,98163.25000000
1769378400000,11.52000000,11.53000000,11.40000000,11.45000000,120455.99000000
1769382000000,11.45000000,11.54000000,11.40000000,11.52000000,112301.09000000
1769385600000,11.53000000,11.66000000,11.51000000,11.66000000,131647.13000000
1769389200000,11.66000000,11.87000000,11.65000000,11.83000000,147906.96000000
1769392800000,11.83000000,11.83000000,11.72000000,11.73000000,122587.04000000
1769396400000,11.74000000,11.78000000,11.66000000,11.70000000,65538.87000000
1769400000000,11.71000000,11.83000000,11.70000000,11.76000000,76959.44000000
1769403600000,11.77000000,11.80000000,11.76000000,11.77000000,56018.03000000
1769407200000,11.77000000,11.85000000,11.74000000,11.83000000,44890.11000000
1769410800000,11.84000000,11.88000000,11.81000000,11.86000000,46751.62000000
1769414400000,11.86000000,11.96000000,11.82000000,11.88000000,81140.82000000
1769418000000,11.88000000,11.88000000,11.76000000,11.78000000,63129.68000000
1769421600000,11.77000000,11.83000000,11.77000000,11.81000000,38285.80000000
1769425200000,11.82000000,11.86000000,11.80000000,11.80000000,74545.47000000
1769428800000,11.80000000,11.87000000,11.80000000,11.84000000,37323.51000000
1769432400000,11.84000000,11.89000000,11.82000000,11.88000000,72624.40000000
1769436000000,11.89000000,12.03000000,11.82000000,12.01000000,171077.75000000
1769439600000,12.00000000,12.13000000,11.87000000,11.92000000,204357.06000000
1769443200000,11.91000000,11.99000000,11.86000000,11.95000000,85727.18000000
1769446800000,11.94000000,11.97000000,11.82000000,11.92000000,97016.59000000
1769450400000,11.91000000,12.03000000,11.90000000,11.99000000,115268.35000000
1769454000000,12.00000000,12.02000000,11.91000000,11.94000000,52710.73000000
1769457600000,11.93000000,11.96000000,11.87000000,11.89000000,71050.23000000
1769461200000,11.89000000,12.04000000,11.87000000,12.00000000,79304.31000000
1769464800000,12.00000000,12.02000000,11.94000000,11.98000000,51577.43000000
1769468400000,11.97000000,12.01000000,11.93000000,11.95000000,45436.27000000
1769472000000,11.94000000,11.98000000,11.93000000,11.96000000,27960.48000000
1769475600000,11.95000000,12.03000000,11.93000000,11.99000000,34541.50000000
1769479200000,12.00000000,12.06000000,11.99000000,12.06000000,61032.27000000
1769482800000,12.05000000,12.06000000,11.98000000,12.00000000,30663.85000000
1769486400000,11.99000000,12.05000000,11.97000000,11.99000000,42941.76000000
1769490000000,11.99000000,12.00000000,11.95000000,11.99000000,15817.43000000
1769493600000,11.99000000,12.00000000,11.94000000,11.96000000,21132.18000000
1769497200000,11.96000000,12.01000000,11.94000000,11.99000000,26893.35000000
1769500800000,11.98000000,12.01000000,11.94000000,11.96000000,18972.16000000
1769504400000,11.96000000,11.96000000,11.88000000,11.89000000,36884.73000000
1769508000000,11.88000000,11.93000000,11.88000000,11.89000000,17928.36000000
1769511600000,11.89000000,11.93000000,11.87000000,11.90000000,16702.39000000
1769515200000,11.91000000,11.92000000,11.87000000,11.88000000,32380.99000000
1769518800000,11.88000000,11.90000000,11.84000000,11.85000000,38572.75000000
1769522400000,11.85000000,12.00000000,11.85000000,11.88000000,68109.59000000
1769526000000,11.89000000,12.01000000,11.86000000,12.00000000,75752.50000000
1769529600000,12.00000000,12.19000000,12.00000000,12.14000000,252377.32000000
1769533200000,12.15000000,12.15000000,11.86000000,11.90000000,156389.19000000
1769536800000,11.89000000,12.05000000,11.87000000,12.01000000,163619.67000000
1769540400000,12.01000000,12.03000000,11.95000000,11.97000000,118427.55000000
1769544000000,11.98000000,12.16000000,11.97000000,12.13000000,408400.92000000
1769547600000,12.13000000,12.15000000,12.01000000,12.02000000,163551.67000000
1769551200000,12.03000000,12.11000000,12.03000000,12.06000000,196150.02000000
1769554800000,12.07000000,12.10000000,12.02000000,12.03000000,147375.18000000
1769558400000,12.03000000,12.07000000,11.97000000,12.04000000,65073.84000000
1769562000000,12.04000000,12.07000000,11.97000000,12.00000000,33754.80000000
1769565600000,11.99000000,12.03000000,11.95000000,12.03000000,33293.16000000
1769569200000,12.02000000,12.03000000,11.96000000,11.98000000,32809.96000000
1769572800000,11.98000000,11.99000000,11.90000000,11.92000000,46647.94000000
1769576400000,11.93000000,11.96000000,11.88000000,11.92000000,50053.26000000
1769580000000,11.92000000,12.00000000,11.92000000,11.98000000,61816.06000000
1769583600000,11.98000000,11.99000000,11.93000000,11.94000000,25053.66000000
1769587200000,11.94000000,11.96000000,11.89000000,11.90000000,50637.19000000
1769590800000,11.91000000,11.99000000,11.86000000,11.97000000,54069.68000000
1769594400000,11.98000000,12.02000000,11.94000000,11.97000000,52499.02000000
1769598000000,11.97000000,12.06000000,11.93000000,12.05000000,111069.02000000
1769601600000,12.04000000,12.04000000,11.91000000,11.94000000,83472.18000000
1769605200000,11.95000000,12.00000000,11.93000000,11.95000000,71528.74000000
1769608800000,11.94000000,11.94000000,11.77000000,11.83000000,217366.47000000
1769612400000,11.83000000,11.87000000,11.71000000,11.77000000,112922.17000000
1769616000000,11.77000000,11.80000000,11.69000000,11.73000000,80444.64000000
1769619600000,11.74000000,11.90000000,11.70000000,11.84000000,76875.68000000
1769623200000,11.85000000,11.85000000,11.77000000,11.82000000,67293.50000000
1769626800000,11.81000000,11.88000000,11.77000000,11.85000000,92450.76000000
1769630400000,11.85000000,11.95000000,11.81000000,11.82000000,74545.60000000
1769634000000,11.83000000,11.88000000,11.75000000,11.86000000,69303.38000000
1769637600000,11.87000000,11.91000000,11.81000000,11.90000000,29700.64000000
1769641200000,11.91000000,11.93000000,11.83000000,11.84000000,51802.17000000
1769644800000,11.85000000,11.87000000,11.76000000,11.81000000,43404.72000000
1769648400000,11.80000000,11.83000000,11.73000000,11.75000000,37513.26000000
1769652000000,11.76000000,11.81000000,11.61000000,11.67000000,149719.36000000
1769655600000,11.66000000,11.74000000,11.63000000,11.64000000,53317.83000000
1769659200000,11.64000000,11.65000000,11.54000000,11.63000000,58602.74000000
1769662800000,11.63000000,11.66000000,11.60000000,11.60000000,21695.07000000
1769666400000,11.61000000,11.65000000,11.59000000,11.64000000,38660.89000000
1769670000000,11.64000000,11.66000000,11.61000000,11.63000000,27385.07000000
1769673600000,11.62000000,11.67000000,11.57000000,11.58000000,53679.28000000
1769677200000,11.58000000,11.62000000,11.57000000,11.58000000,35071.57000000
1769680800000,11.57000000,11.58000000,11.54000000,11.57000000,37315.44000000
1769684400000,11.56000000,11.58000000,11.51000000,11.54000000,78018.63000000
1769688000000,11.55000000,11.58000000,11.50000000,11.56000000,48790.71000000
1769691600000,11.56000000,11.61000000,11.56000000,11.59000000,69464.04000000
1769695200000,11.59000000,11.61000000,11.21000000,11.23000000,274288.39000000
1769698800000,11.23000000,11.23000000,10.86000000,11.04000000,903947.91000000
1769702400000,11.03000000,11.08000000,10.92000000,11.08000000,300936.31000000
1769706000000,11.08000000,11.20000000,11.02000000,11.05000000,337954.73000000
1769709600000,11.05000000,11.09000000,10.83000000,10.85000000,412985.60000000
1769713200000,10.85000000,11.00000000,10.83000000,10.94000000,239367.73000000
1769716800000,10.95000000,11.07000000,10.92000000,11.06000000,148640.27000000
1769720400000,11.06000000,11.14000000,11.05000000,11.10000000,113999.54000000
1769724000000,11.10000000,11.14000000,11.08000000,11.11000000,64220.45000000
1769727600000,11.11000000,11.13000000,11.05000000,11.13000000,77078.34000000
1769731200000,11.13000000,11.17000000,11.09000000,11.13000000,81301.29000000
1769734800000,11.12000000,11.14000000,10.62000000,10.90000000,879720.92000000
1769738400000,10.90000000,10.91000000,10.70000000,10.84000000,383111.67000000
1769742000000,10.84000000,10.92000000,10.82000000,10.86000000,86184.36000000
1769745600000,10.86000000,11.00000000,10.86000000,10.91000000,92647.57000000
1769749200000,10.91000000,10.95000000,10.89000000,10.90000000,65186.06000000
1769752800000,10.90000000,10.91000000,10.65000000,10.72000000,169777.14000000
1769756400000,10.72000000,10.90000000,10.72000000,10.84000000,189936.12000000
1769760000000,10.83000000,10.86000000,10.73000000,10.80000000,150010.80000000
1769763600000,10.80000000,10.84000000,10.73000000,10.79000000,126274.05000000
1769767200000,10.79000000,10.81000000,10.74000000,10.78000000,134970.63000000
1769770800000,10.78000000,10.91000000,10.74000000,10.86000000,114811.42000000
1769774400000,10.86000000,10.88000000,10.70000000,10.74000000,110990.11000000
1769778000000,10.73000000,10.75000000,10.60000000,10.67000000,252849.10000000
1769781600000,10.67000000,10.82000000,10.67000000,10.76000000,240781.39000000
1769785200000,10.77000000,10.85000000,10.65000000,10.76000000,207855.30000000
1769788800000,10.76000000,10.88000000,10.70000000,10.78000000,120433.85000000
1769792400000,10.78000000,10.87000000,10.72000000,10.77000000,120005.35000000
1769796000000,10.77000000,10.95000000,10.51000000,10.91000000,389885.94000000
1769799600000,10.92000000,11.00000000,10.87000000,10.91000000,206618.34000000
1769803200000,10.90000000,10.90000000,10.69000000,10.75000000,309987.42000000
1769806800000,10.75000000,10.86000000,10.73000000,10.80000000,204200.36000000
1769810400000,10.80000000,10.82000000,10.73000000,10.79000000,66249.12000000
1769814000000,10.79000000,10.81000000,10.73000000,10.79000000,82399.01000000
1769817600000,10.79000000,10.80000000,10.75000000,10.77000000,58014.78000000
1769821200000,10.76000000,10.82000000,10.76000000,10.81000000,31184.31000000
1769824800000,10.80000000,10.84000000,10.74000000,10.79000000,56272.23000000
1769828400000,10.80000000,10.82000000,10.73000000,10.75000000,41602.89000000
1769832000000,10.75000000,10.79000000,10.72000000,10.73000000,28113.07000000
1769835600000,10.74000000,10.77000000,10.70000000,10.76000000,73139.85000000
1769839200000,10.76000000,10.76000000,10.63000000,10.68000000,65868.69000000
1769842800000,10.68000000,10.68000000,10.55000000,10.61000000,71298.65000000
1769846400000,10.62000000,10.64000000,10.36000000,10.47000000,385367.61000000
1769850000000,10.47000000,10.58000000,10.46000000,10.51000000,74449.94000000
1769853600000,10.52000000,10.55000000,10.47000000,10.52000000,95820.04000000
1769857200000,10.53000000,10.53000000,10.47000000,10.50000000,130897.37000000
1769860800000,10.50000000,10.51000000,10.42000000,10.44000000,137063.40000000
1769864400000,10.44000000,10.45000000,10.32000000,10.36000000,131205.85000000
1769868000000,10.37000000,10.40000000,9.92000000,10.09000000,1197908.90000000
1769871600000,10.09000000,10.17000000,10.03000000,10.05000000,280982.17000000
1769875200000,10.05000000,10.18000000,9.90000000,9.95000000,621535.68000000
1769878800000,9.96000000,9.98000000,9.35000000,9.60000000,2383414.40000000
1769882400000,9.60000000,9.68000000,8.97000000,9.57000000,2232143.25000000
1769886000000,9.57000000,9.77000000,9.54000000,9.66000000,651213.84000000
1769889600000,9.67000000,9.73000000,9.56000000,9.69000000,245810.39000000
1769893200000,9.68000000,9.85000000,9.63000000,9.82000000,314479.45000000
1769896800000,9.83000000,9.86000000,9.75000000,9.82000000,167002.92000000
1769900400000,9.82000000,10.04000000,9.79000000,9.99000000,248719.29000000
1769904000000,9.99000000,10.05000000,9.97000000,10.02000000,206985.22000000
1769907600000,10.02000000,10.03000000,9.91000000,10.01000000,117986.68000000
1769911200000,10.02000000,10.08000000,10.00000000,10.05000000,149232.02000000
1769914800000,10.05000000,10.08000000,10.01000000,10.04000000,91096.11000000
1769918400000,10.05000000,10.08000000,10.02000000,10.02000000,104971.96000000
1769922000000,10.03000000,10.05000000,9.96000000,9.98000000,134029.45000000
1769925600000,9.99000000,10.03000000,9.92000000,9.93000000,138272.60000000
1769929200000,9.94000000,10.02000000,9.86000000,9.94000000,161270.23000000
1769932800000,9.94000000,10.03000000,9.90000000,9.96000000,139051.24000000
1769936400000,9.96000000,9.98000000,9.88000000,9.97000000,197029.38000000
1769940000000,9.97000000,9.98000000,9.77000000,9.78000000,166840.25000000
1769943600000,9.78000000,9.91000000,9.78000000,9.87000000,123335.00000000
1769947200000,9.87000000,9.88000000,9.77000000,9.83000000,227794.70000000
1769950800000,9.83000000,9.91000000,9.75000000,9.78000000,95182.94000000
1769954400000,9.79000000,9.82000000,9.58000000,9.73000000,278131.18000000
1769958000000,9.72000000,9.73000000,9.41000000,9.54000000,469598.45000000
1769961600000,9.53000000,9.63000000,9.43000000,9.49000000,675362.98000000
1769965200000,9.49000000,9.52000000,9.40000000,9.50000000,266202.01000000
1769968800000,9.50000000,9.72000000,9.50000000,9.62000000,309976.38000000
1769972400000,9.62000000,9.65000000,9.48000000,9.53000000,185312.55000000
1769976000000,9.53000000,9.66000000,9.43000000,9.54000000,178614.55000000
1769979600000,9.54000000,9.54000000,9.42000000,9.46000000,168971.04000000
1769983200000,9.47000000,9.65000000,9.47000000,9.56000000,201868.78000000
1769986800000,9.55000000,9.56000000,9.22000000,9.41000000,648284.22000000
1769990400000,9.40000000,9.63000000,9.31000000,9.52000000,386668.59000000
1769994000000,9.53000000,9.64000000,9.37000000,9.55000000,296374.00000000
1769997600000,9.55000000,9.60000000,9.43000000,9.44000000,251498.81000000
1770001200000,9.44000000,9.46000000,9.02000000,9.38000000,870577.16000000
1770004800000,9.38000000,9.49000000,9.19000000,9.34000000,375079.24000000
1770008400000,9.34000000,9.35000000,9.09000000,9.20000000,326372.84000000
1770012000000,9.19000000,9.48000000,9.07000000,9.35000000,838860.69000000
1770015600000,9.35000000,9.48000000,9.32000000,9.40000000,366929.33000000
1770019200000,9.39000000,9.50000000,9.38000000,9.46000000,339623.76000000
1770022800000,9.45000000,9.65000000,9.40000000,9.58000000,330526.71000000
1770026400000,9.58000000,9.61000000,9.52000000,9.55000000,124252.94000000
1770030000000,9.55000000,9.60000000,9.52000000,9.53000000,121229.00000000
1770033600000,9.53000000,9.67000000,9.53000000,9.65000000,165137.78000000
1770037200000,9.64000000,9.72000000,9.61000000,9.69000000,136662.92000000
1770040800000,9.69000000,9.89000000,9.61000000,9.77000000,440406.37000000
1770044400000,9.78000000,10.04000000,9.74000000,9.93000000,661802.67000000
1770048000000,9.93000000,10.00000000,9.88000000,9.92000000,237357.71000000
1770051600000,9.92000000,9.98000000,9.85000000,9.90000000,179135.78000000
1770055200000,9.91000000,9.92000000,9.79000000,9.87000000,135685.89000000
1770058800000,9.86000000,9.87000000,9.77000000,9.79000000,103714.72000000
1770062400000,9.79000000,9.83000000,9.70000000,9.74000000,132064.38000000
1770066000000,9.74000000,9.84000000,9.74000000,9.80000000,98146.76000000
1770069600000,9.81000000,9.87000000,9.79000000,9.84000000,104755.83000000
1770073200000,9.85000000,9.85000000,9.79000000,9.81000000,111901.91000000
1770076800000,9.80000000,9.85000000,9.74000000,9.83000000,112953.53000000
1770080400000,9.84000000,9.85000000,9.77000000,9.81000000,96189.65000000
1770084000000,9.81000000,9.82000000,9.60000000,9.62000000,136779.29000000
1770087600000,9.62000000,9.79000000,9.58000000,9.77000000,138665.81000000
1770091200000,9.78000000,9.86000000,9.75000000,9.81000000,132590.71000000
1770094800000,9.81000000,9.82000000,9.69000000,9.70000000,127735.87000000
1770098400000,9.71000000,9.75000000,9.65000000,9.73000000,149964.03000000
1770102000000,9.72000000,9.79000000,9.69000000,9.73000000,86452.59000000
1770105600000,9.73000000,9.76000000,9.66000000,9.67000000,118313.09000000
1770109200000,9.67000000,9.70000000,9.52000000,9.60000000,308314.94000000
1770112800000,9.60000000,9.64000000,9.56000000,9.59000000,88130.00000000
1770116400000,9.59000000,9.62000000,9.56000000,9.58000000,105846.14000000
1770120000000,9.59000000,9.69000000,9.56000000,9.68000000,141969.56000000
1770123600000,9.67000000,9.72000000,9.64000000,9.70000000,120929.50000000
1770127200000,9.69000000,9.73000000,9.51000000,9.52000000,234242.33000000
1770130800000,9.51000000,9.77000000,9.49000000,9.75000000,379656.21000000
1770134400000,9.75000000,9.75000000,9.49000000,9.50000000,346095.81000000
1770138000000,9.50000000,9.53000000,9.30000000,9.31000000,322870.15000000
1770141600000,9.31000000,9.35000000,9.08000000,9.12000000,684100.15000000
1770145200000,9.11000000,9.55000000,9.10000000,9.48000000,729493.06000000
1770148800000,9.47000000,9.88000000,9.39000000,9.79000000,725744.94000000
1770152400000,9.78000000,9.90000000,9.67000000,9.67000000,242318.47000000
1770156000000,9.68000000,9.69000000,9.49000000,9.52000000,149494.65000000
1770159600000,9.51000000,9.52000000,9.41000000,9.49000000,161435.55000000
1770163200000,9.49000000,9.61000000,9.45000000,9.55000000,78296.04000000
1770166800000,9.55000000,9.69000000,9.55000000,9.63000000,76400.53000000
1770170400000,9.64000000,9.67000000,9.56000000,9.60000000,190888.61000000
1770174000000,9.60000000,9.78000000,9.58000000,9.73000000,126341.26000000
1770177600000,9.73000000,9.75000000,9.66000000,9.68000000,57494.99000000
1770181200000,9.68000000,9.69000000,9.58000000,9.62000000,112746.56000000
1770184800000,9.61000000,9.70000000,9.60000000,9.66000000,164028.47000000
1770188400000,9.66000000,9.72000000,9.60000000,9.67000000,111957.96000000
1770192000000,9.68000000,9.74000000,9.64000000,9.71000000,258308.20000000
1770195600000,9.71000000,9.72000000,9.60000000,9.63000000,102855.19000000
1770199200000,9.63000000,9.64000000,9.59000000,9.61000000,59156.22000000
1770202800000,9.61000000,9.64000000,9.48000000,9.58000000,209281.55000000
1770206400000,9.59000000,9.62000000,9.52000000,9.56000000,66946.32000000
1770210000000,9.56000000,9.59000000,9.40000000,9.41000000,218015.99000000
1770213600000,9.42000000,9.47000000,9.24000000,9.25000000,461597.40000000
1770217200000,9.24000000,9.37000000,9.13000000,9.22000000,481196.60000000
1770220800000,9.22000000,9.28000000,9.07000000,9.17000000,615069.40000000
1770224400000,9.17000000,9.26000000,9.07000000,9.19000000,381761.44000000
1770228000000,9.20000000,9.42000000,9.02000000,9.29000000,619132.33000000
1770231600000,9.30000000,9.46000000,9.26000000,9.44000000,310114.74000000
1770235200000,9.44000000,9.47000000,9.34000000,9.37000000,104964.38000000
1770238800000,9.38000000,9.40000000,9.14000000,9.21000000,129915.40000000
1770242400000,9.22000000,9.37000000,9.05000000,9.18000000,241924.03000000
1770246000000,9.18000000,9.33000000,9.15000000,9.25000000,204309.61000000
1770249600000,9.26000000,9.32000000,9.21000000,9.24000000,92519.41000000
1770253200000,9.24000000,9.36000000,9.15000000,9.24000000,219541.97000000
1770256800000,9.24000000,9.31000000,9.12000000,9.15000000,283309.34000000
1770260400000,9.15000000,9.22000000,9.07000000,9.10000000,273312.58000000
1770264000000,9.10000000,9.17000000,9.04000000,9.09000000,263459.87000000
1770267600000,9.09000000,9.23000000,9.02000000,9.10000000,330757.59000000
1770271200000,9.11000000,9.12000000,8.97000000,9.02000000,321221.34000000
1770274800000,9.02000000,9.15000000,9.01000000,9.05000000,233596.39000000
1770278400000,9.06000000,9.19000000,9.06000000,9.13000000,131765.38000000
1770282000000,9.13000000,9.27000000,9.13000000,9.18000000,184663.42000000
1770285600000,9.19000000,9.22000000,8.93000000,8.96000000,260541.91000000
1770289200000,8.96000000,9.02000000,8.80000000,8.95000000,460690.39000000
1770292800000,8.94000000,9.00000000,8.83000000,8.92000000,731716.49000000
1770296400000,8.92000000,8.98000000,8.83000000,8.86000000,372676.59000000
1770300000000,8.86000000,9.07000000,8.83000000,8.86000000,395816.58000000
1770303600000,8.85000000,8.88000000,8.30000000,8.46000000,1595049.77000000
1770307200000,8.47000000,8.67000000,8.39000000,8.58000000,824867.29000000
1770310800000,8.58000000,8.62000000,8.26000000,8.35000000,850901.65000000
1770314400000,8.35000000,8.41000000,8.22000000,8.38000000,491075.20000000
1770318000000,8.39000000,8.39000000,8.22000000,8.25000000,302293.49000000
1770321600000,8.25000000,8.33000000,7.85000000,7.99000000,1919730.38000000
1770325200000,7.98000000,8.19000000,7.91000000,7.97000000,1070730.04000000
1770328800000,7.98000000,8.13000000,7.86000000,8.04000000,541731.07000000
1770332400000,8.03000000,8.21000000,7.89000000,7.92000000,396216.29000000
1770336000000,7.92000000,8.03000000,7.15000000,7.91000000,3393671.94000000
1770339600000,7.91000000,8.21000000,7.88000000,8.17000000,729139.49000000
1770343200000,8.17000000,8.24000000,7.97000000,8.04000000,354040.10000000
1770346800000,8.05000000,8.11000000,7.97000000,8.04000000,316577.33000000
1770350400000,8.04000000,8.16000000,7.99000000,8.12000000,177634.77000000
1770354000000,8.11000000,8.37000000,8.10000000,8.33000000,232915.03000000
1770357600000,8.33000000,8.36000000,8.14000000,8.15000000,451671.51000000
1770361200000,8.16000000,8.18000000,8.06000000,8.08000000,337070.06000000
1770364800000,8.09000000,8.13000000,7.98000000,8.04000000,419679.22000000
1770368400000,8.03000000,8.25000000,8.01000000,8.22000000,539198.47000000
1770372000000,8.22000000,8.31000000,8.19000000,8.28000000,292743.56000000
1770375600000,8.28000000,8.36000000,8.26000000,8.33000000,244824.95000000
1770379200000,8.32000000,8.33000000,8.26000000,8.31000000,151132.98000000
1770382800000,8.32000000,8.45000000,8.30000000,8.39000000,355232.81000000
1770386400000,8.39000000,8.61000000,8.32000000,8.55000000,478421.21000000
1770390000000,8.55000000,8.64000000,8.48000000,8.58000000,391388.30000000
1770393600000,8.58000000,8.85000000,8.55000000,8.81000000,520193.36000000
1770397200000,8.81000000,9.00000000,8.77000000,8.89000000,752980.11000000
1770400800000,8.89000000,8.90000000,8.70000000,8.81000000,413796.49000000
1770404400000,8.81000000,8.88000000,8.76000000,8.85000000,235722.66000000
1770408000000,8.84000000,8.93000000,8.76000000,8.86000000,286305.21000000
1770411600000,8.86000000,8.90000000,8.78000000,8.86000000,173117.15000000
1770415200000,8.86000000,9.00000000,8.84000000,8.97000000,224068.93000000
1770418800000,8.97000000,9.01000000,8.85000000,8.88000000,257432.66000000
1770422400000,8.88000000,8.89000000,8.79000000,8.84000000,212375.38000000
1770426000000,8.84000000,8.92000000,8.78000000,8.90000000,169348.42000000
1770429600000,8.89000000,8.91000000,8.83000000,8.89000000,105046.62000000
1770433200000,8.88000000,8.96000000,8.87000000,8.93000000,127338.59000000
1770436800000,8.93000000,9.05000000,8.86000000,8.91000000,344934.82000000
1770440400000,8.91000000,8.98000000,8.89000000,8.95000000,150563.67000000
1770444000000,8.95000000,8.99000000,8.79000000,8.79000000,257197.24000000
1770447600000,8.79000000,8.83000000,8.59000000,8.69000000,389909.75000000
1770451200000,8.69000000,8.74000000,8.65000000,8.70000000,202854.44000000
1770454800000,8.70000000,8.74000000,8.61000000,8.63000000,91018.64000000
1770458400000,8.63000000,8.66000000,8.58000000,8.63000000,82718.26000000
1770462000000,8.62000000,8.67000000,8.61000000,8.66000000,68072.62000000
1770465600000,8.66000000,8.94000000,8.64000000,8.83000000,262137.95000000
1770469200000,8.83000000,8.86000000,8.73000000,8.78000000,117925.99000000
1770472800000,8.78000000,8.81000000,8.67000000,8.69000000,122096.09000000
1770476400000,8.69000000,8.85000000,8.67000000,8.83000000,168093.99000000
1770480000000,8.83000000,9.03000000,8.78000000,8.85000000,3069610.00000000
1770483600000,8.85000000,8.90000000,8.78000000,8.87000000,107923.61000000
1770487200000,8.87000000,9.04000000,8.86000000,8.99000000,150309.10000000
1770490800000,8.98000000,8.99000000,8.92000000,8.94000000,94127.67000000
1770494400000,8.95000000,9.03000000,8.94000000,9.01000000,94943.30000000
1770498000000,9.00000000,9.03000000,8.95000000,8.96000000,77834.82000000
1770501600000,8.97000000,9.00000000,8.93000000,8.93000000,77188.05000000
1770505200000,8.93000000,8.94000000,8.85000000,8.91000000,95539.48000000
1770508800000,8.91000000,8.92000000,8.84000000,8.89000000,77560.81000000
1770512400000,8.88000000,8.95000000,8.88000000,8.94000000,49424.94000000
1770516000000,8.93000000,8.97000000,8.85000000,8.88000000,62081.46000000
1770519600000,8.88000000,8.89000000,8.82000000,8.83000000,95366.69000000
1770523200000,8.83000000,8.85000000,8.78000000,8.85000000,79620.24000000
1770526800000,8.85000000,8.86000000,8.81000000,8.85000000,41040.23000000
1770530400000,8.84000000,8.88000000,8.83000000,8.85000000,31642.54000000
1770534000000,8.84000000,8.86000000,8.79000000,8.84000000,66436.11000000
1770537600000,8.83000000,8.98000000,8.80000000,8.96000000,167064.59000000
1770541200000,8.97000000,8.98000000,8.86000000,8.89000000,199483.96000000
1770544800000,8.89000000,8.95000000,8.81000000,8.85000000,117779.02000000
1770548400000,8.85000000,9.02000000,8.84000000,9.01000000,143542.15000000
1770552000000,9.01000000,9.05000000,8.98000000,9.03000000,131229.38000000
1770555600000,9.03000000,9.04000000,8.94000000,8.97000000,189601.41000000
1770559200000,8.97000000,8.99000000,8.91000000,8.97000000,68693.09000000
1770562800000,8.97000000,8.99000000,8.84000000,8.88000000,168975.86000000
1770566400000,8.88000000,8.91000000,8.72000000,8.75000000,232944.35000000
1770570000000,8.75000000,8.85000000,8.74000000,8.81000000,66408.59000000
1770573600000,8.81000000,8.94000000,8.80000000,8.89000000,69159.89000000
1770577200000,8.90000000,8.98000000,8.88000000,8.96000000,51906.26000000
1770580800000,8.96000000,8.96000000,8.82000000,8.84000000,46682.86000000
1770584400000,8.84000000,8.87000000,8.77000000,8.80000000,63303.04000000
1770588000000,8.81000000,8.86000000,8.80000000,8.85000000,64441.67000000
1770591600000,8.85000000,9.02000000,8.75000000,8.83000000,252006.08000000
1770595200000,8.83000000,8.87000000,8.78000000,8.82000000,102683.17000000
1770598800000,8.81000000,8.89000000,8.72000000,8.78000000,159839.16000000
1770602400000,8.77000000,8.87000000,8.74000000,8.80000000,157692.99000000
1770606000000,8.81000000,8.90000000,8.79000000,8.89000000,108943.79000000
1770609600000,8.88000000,8.88000000,8.81000000,8.83000000,44803.14000000
1770613200000,8.82000000,8.86000000,8.80000000,8.86000000,38652.18000000
1770616800000,8.86000000,8.86000000,8.74000000,8.79000000,72195.58000000
1770620400000,8.78000000,8.81000000,8.72000000,8.74000000,56371.19000000
1770624000000,8.73000000,8.76000000,8.60000000,8.66000000,143320.00000000
1770627600000,8.67000000,8.69000000,8.58000000,8.60000000,92560.96000000
1770631200000,8.60000000,8.63000000,8.44000000,8.51000000,286294.70000000
1770634800000,8.51000000,8.59000000,8.51000000,8.56000000,95605.42000000
1770638400000,8.56000000,8.62000000,8.56000000,8.61000000,49746.19000000
1770642000000,8.61000000,8.66000000,8.56000000,8.57000000,71386.98000000
1770645600000,8.56000000,8.68000000,8.52000000,8.63000000,205349.26000000
1770649200000,8.63000000,8.76000000,8.61000000,8.76000000,217487.87000000
1770652800000,8.76000000,8.90000000,8.66000000,8.82000000,182765.11000000
1770656400000,8.81000000,8.96000000,8.76000000,8.93000000,226269.63000000
1770660000000,8.93000000,8.98000000,8.83000000,8.92000000,136430.35000000
1770663600000,8.91000000,9.00000000,8.89000000,8.97000000,66714.97000000
1770667200000,8.97000000,9.02000000,8.87000000,8.91000000,101901.00000000
1770670800000,8.92000000,8.93000000,8.79000000,8.89000000,77176.48000000
1770674400000,8.89000000,8.91000000,8.86000000,8.88000000,46988.92000000
1770678000000,8.88000000,8.91000000,8.83000000,8.83000000,69801.38000000
1770681600000,8.84000000,8.86000000,8.80000000,8.82000000,35464.61000000
1770685200000,8.82000000,8.89000000,8.80000000,8.87000000,47228.23000000
1770688800000,8.87000000,8.88000000,8.79000000,8.81000000,76690.42000000
1770692400000,8.81000000,8.82000000,8.63000000,8.69000000,127169.36000000
1770696000000,8.68000000,8.73000000,8.68000000,8.72000000,86568.58000000
1770699600000,8.72000000,8.73000000,8.62000000,8.65000000,96471.01000000
1770703200000,8.64000000,8.66000000,8.48000000,8.51000000,230949.36000000
1770706800000,8.51000000,8.57000000,8.50000000,8.55000000,143457.81000000
1770710400000,8.55000000,8.58000000,8.52000000,8.57000000,82388.03000000
1770714000000,8.56000000,8.63000000,8.53000000,8.57000000,93254.61000000
1770717600000,8.56000000,8.59000000,8.53000000,8.53000000,61336.46000000
1770721200000,8.54000000,8.57000000,8.49000000,8.51000000,81725.64000000
1770724800000,8.51000000,8.55000000,8.48000000,8.50000000,83135.81000000
1770728400000,8.49000000,8.59000000,8.47000000,8.58000000,112420.40000000
1770732000000,8.58000000,8.67000000,8.48000000,8.53000000,259446.67000000
1770735600000,8.53000000,8.63000000,8.49000000,8.57000000,214037.65000000
1770739200000,8.57000000,8.64000000,8.52000000,8.60000000,118403.40000000
1770742800000,8.60000000,8.65000000,8.55000000,8.63000000,96474.63000000
1770746400000,8.63000000,8.64000000,8.47000000,8.51000000,91100.24000000
1770750000000,8.51000000,8.59000000,8.48000000,8.55000000,68655.19000000
1770753600000,8.55000000,8.57000000,8.50000000,8.53000000,49848.69000000
1770757200000,8.53000000,8.56000000,8.48000000,8.52000000,46104.85000000
1770760800000,8.52000000,8.59000000,8.51000000,8.55000000,40831.04000000
1770764400000,8.55000000,8.58000000,8.53000000,8.57000000,79915.75000000
1770768000000,8.57000000,8.60000000,8.55000000,8.57000000,92559.00000000
1770771600000,8.56000000,8.59000000,8.53000000,8.57000000,36162.62000000
1770775200000,8.57000000,8.62000000,8.54000000,8.54000000,67437.28000000
1770778800000,8.54000000,8.59000000,8.46000000,8.53000000,102085.33000000
1770782400000,8.54000000,8.55000000,8.38000000,8.41000000,155772.66000000
1770786000000,8.41000000,8.44000000,8.36000000,8.37000000,83378.42000000
1770789600000,8.37000000,8.39000000,8.27000000,8.30000000,209073.66000000
1770793200000,8.30000000,8.37000000,8.29000000,8.32000000,178550.84000000
1770796800000,8.32000000,8.33000000,8.27000000,8.29000000,116873.66000000
1770800400000,8.29000000,8.30000000,8.24000000,8.26000000,96409.86000000
1770804000000,8.25000000,8.26000000,8.19000000,8.22000000,130897.69000000
1770807600000,8.22000000,8.29000000,8.20000000,8.28000000,132636.00000000
1770811200000,8.28000000,8.31000000,8.25000000,8.28000000,103915.49000000
1770814800000,8.28000000,8.36000000,8.24000000,8.34000000,225309.18000000
1770818400000,8.35000000,8.57000000,8.23000000,8.24000000,728108.74000000
1770822000000,8.24000000,8.28000000,8.13000000,8.24000000,396818.48000000
1770825600000,8.24000000,8.36000000,8.16000000,8.17000000,209036.74000000
1770829200000,8.17000000,8.31000000,8.14000000,8.23000000,111857.17000000
1770832800000,8.23000000,8.35000000,8.19000000,8.32000000,108180.51000000
1770836400000,8.32000000,8.37000000,8.27000000,8.32000000,110039.28000000
1770840000000,8.31000000,8.35000000,8.25000000,8.33000000,53627.13000000
1770843600000,8.33000000,8.46000000,8.31000000,8.39000000,98558.02000000
1770847200000,8.40000000,8.41000000,8.31000000,8.34000000,103034.59000000
1770850800000,8.34000000,8.37000000,8.26000000,8.33000000,363119.95000000
1770854400000,8.32000000,8.42000000,8.32000000,8.39000000,80739.08000000
1770858000000,8.39000000,8.46000000,8.39000000,8.39000000,99463.17000000
1770861600000,8.39000000,8.42000000,8.35000000,8.38000000,63958.78000000
1770865200000,8.37000000,8.44000000,8.37000000,8.43000000,40269.07000000
1770868800000,8.42000000,8.45000000,8.39000000,8.41000000,89934.55000000
1770872400000,8.40000000,8.46000000,8.35000000,8.44000000,47562.29000000
1770876000000,8.45000000,8.52000000,8.43000000,8.47000000,61554.96000000
1770879600000,8.48000000,8.49000000,8.42000000,8.45000000,46747.84000000
1770883200000,8.46000000,8.48000000,8.40000000,8.43000000,92127.38000000
1770886800000,8.42000000,8.54000000,8.41000000,8.51000000,98903.17000000
1770890400000,8.52000000,8.59000000,8.48000000,8.58000000,62815.81000000
1770894000000,8.58000000,8.60000000,8.53000000,8.56000000,81034.91000000
1770897600000,8.56000000,8.57000000,8.47000000,8.49000000,51373.53000000
1770901200000,8.49000000,8.58000000,8.47000000,8.57000000,81782.86000000
1770904800000,8.57000000,8.58000000,8.48000000,8.50000000,122726.77000000
1770908400000,8.50000000,8.53000000,8.35000000,8.36000000,130521.36000000
1770912000000,8.36000000,8.38000000,8.17000000,8.21000000,238150.63000000
1770915600000,8.21000000,8.31000000,8.18000000,8.23000000,134532.86000000
1770919200000,8.23000000,8.30000000,8.21000000,8.28000000,92002.91000000
1770922800000,8.28000000,8.42000000,8.25000000,8.31000000,131436.48000000
1770926400000,8.31000000,8.33000000,8.22000000,8.24000000,89792.27000000
1770930000000,8.25000000,8.30000000,8.24000000,8.29000000,99228.99000000
1770933600000,8.28000000,8.39000000,8.25000000,8.37000000,71930.61000000
1770937200000,8.38000000,8.43000000,8.36000000,8.41000000,204305.59000000
1770940800000,8.41000000,8.45000000,8.35000000,8.39000000,141326.30000000
1770944400000,8.39000000,8.45000000,8.38000000,8.40000000,159144.51000000
1770948000000,8.41000000,8.43000000,8.37000000,8.40000000,63932.02000000
1770951600000,8.40000000,8.45000000,8.37000000,8.43000000,71478.29000000
1770955200000,8.43000000,8.43000000,8.37000000,8.38000000,67641.71000000
1770958800000,8.38000000,8.38000000,8.33000000,8.34000000,61841.46000000
1770962400000,8.34000000,8.39000000,8.30000000,8.39000000,51093.99000000
1770966000000,8.38000000,8.43000000,8.36000000,8.38000000,76968.18000000
1770969600000,8.38000000,8.48000000,8.36000000,8.46000000,51220.39000000
1770973200000,8.46000000,8.47000000,8.42000000,8.46000000,35978.86000000
1770976800000,8.45000000,8.48000000,8.43000000,8.46000000,71678.18000000
1770980400000,8.46000000,8.46000000,8.38000000,8.44000000,43272.59000000
1770984000000,8.43000000,8.46000000,8.40000000,8.45000000,42601.57000000
1770987600000,8.44000000,8.53000000,8.41000000,8.50000000,124381.71000000
1770991200000,8.50000000,8.62000000,8.43000000,8.56000000,244990.52000000
1770994800000,8.58000000,8.83000000,8.56000000,8.71000000,220442.29000000
1770998400000,8.71000000,8.91000000,8.69000000,8.86000000,236103.04000000
1771002000000,8.85000000,8.89000000,8.79000000,8.82000000,140380.83000000
1771005600000,8.83000000,8.84000000,8.77000000,8.79000000,96929.28000000
1771009200000,8.80000000,8.84000000,8.77000000,8.80000000,69334.66000000
1771012800000,8.81000000,8.81000000,8.76000000,8.80000000,58777.33000000
1771016400000,8.80000000,8.85000000,8.79000000,8.83000000,56311.09000000
1771020000000,8.84000000,8.87000000,8.80000000,8.81000000,76158.59000000
1771023600000,8.82000000,8.82000000,8.76000000,8.77000000,50803.98000000
1771027200000,8.76000000,8.85000000,8.75000000,8.82000000,74703.79000000
1771030800000,8.83000000,8.91000000,8.80000000,8.87000000,441515.06000000
1771034400000,8.87000000,8.88000000,8.79000000,8.83000000,351479.36000000
1771038000000,8.83000000,8.86000000,8.81000000,8.84000000,53718.59000000
1771041600000,8.85000000,8.87000000,8.82000000,8.84000000,37768.48000000
1771045200000,8.84000000,8.88000000,8.82000000,8.82000000,51427.66000000
1771048800000,8.82000000,8.83000000,8.80000000,8.83000000,35191.57000000
1771052400000,8.83000000,8.90000000,8.81000000,8.89000000,43505.90000000
1771056000000,8.89000000,8.98000000,8.88000000,8.97000000,203211.32000000
1771059600000,8.97000000,9.01000000,8.95000000,8.97000000,120298.98000000
1771063200000,8.98000000,8.98000000,8.92000000,8.93000000,36605.26000000
1771066800000,8.93000000,9.05000000,8.93000000,9.04000000,172649.71000000
1771070400000,9.05000000,9.05000000,8.92000000,8.93000000,90619.91000000
1771074000000,8.94000000,8.97000000,8.90000000,8.95000000,89464.06000000
1771077600000,8.95000000,9.04000000,8.94000000,9.03000000,77619.02000000
1771081200000,9.03000000,9.05000000,8.99000000,9.03000000,72238.20000000
1771084800000,9.04000000,9.08000000,8.97000000,9.07000000,160564.32000000
1771088400000,9.07000000,9.14000000,9.03000000,9.05000000,129719.46000000
1771092000000,9.04000000,9.13000000,9.03000000,9.13000000,53285.14000000
1771095600000,9.12000000,9.19000000,9.09000000,9.17000000,119945.51000000
1771099200000,9.17000000,9.20000000,9.08000000,9.14000000,133501.47000000
1771102800000,9.14000000,9.21000000,9.09000000,9.14000000,107621.62000000
1771106400000,9.15000000,9.19000000,9.12000000,9.12000000,67650.72000000
1771110000000,9.12000000,9.14000000,9.07000000,9.09000000,107402.77000000
1771113600000,9.10000000,9.11000000,9.02000000,9.06000000,64704.66000000
1771117200000,9.06000000,9.12000000,9.00000000,9.07000000,92674.90000000
1771120800000,9.07000000,9.11000000,8.99000000,9.05000000,98470.33000000
1771124400000,9.05000000,9.09000000,8.93000000,9.07000000,144469.25000000
1771128000000,9.06000000,9.18000000,9.06000000,9.10000000,176733.73000000
1771131600000,9.09000000,9.21000000,9.08000000,9.20000000,225803.40000000
1771135200000,9.19000000,9.21000000,9.12000000,9.14000000,67640.32000000
1771138800000,9.15000000,9.25000000,9.13000000,9.20000000,102316.42000000
1771142400000,9.21000000,9.25000000,9.05000000,9.12000000,176706.58000000
1771146000000,9.12000000,9.20000000,9.09000000,9.12000000,64346.41000000
1771149600000,9.12000000,9.13000000,9.03000000,9.08000000,52108.14000000
1771153200000,9.08000000,9.11000000,9.04000000,9.05000000,57344.28000000
1771156800000,9.05000000,9.07000000,8.83000000,8.84000000,306209.52000000
1771160400000,8.83000000,8.93000000,8.77000000,8.79000000,225845.79000000
1771164000000,8.79000000,8.89000000,8.79000000,8.88000000,64381.37000000
1771167600000,8.88000000,8.90000000,8.83000000,8.87000000,64993.42000000
1771171200000,8.86000000,8.88000000,8.78000000,8.87000000,126275.67000000
1771174800000,8.87000000,8.89000000,8.66000000,8.76000000,186906.66000000
1771178400000,8.75000000,8.77000000,8.66000000,8.69000000,154438.44000000
1771182000000,8.69000000,8.71000000,8.60000000,8.65000000,150571.52000000
1771185600000,8.64000000,8.70000000,8.61000000,8.66000000,82087.09000000
1771189200000,8.67000000,8.74000000,8.67000000,8.72000000,76731.94000000
1771192800000,8.72000000,8.79000000,8.69000000,8.78000000,77407.24000000
1771196400000,8.78000000,8.80000000,8.68000000,8.79000000,233657.42000000
1771200000000,8.79000000,8.86000000,8.76000000,8.79000000,150633.73000000
1771203600000,8.79000000,8.83000000,8.71000000,8.76000000,56403.72000000
1771207200000,8.75000000,8.79000000,8.70000000,8.72000000,50634.24000000
1771210800000,8.72000000,8.76000000,8.70000000,8.76000000,89494.86000000
1771214400000,8.76000000,8.82000000,8.75000000,8.80000000,102729.39000000
1771218000000,8.80000000,8.82000000,8.66000000,8.70000000,80652.12000000
1771221600000,8.69000000,8.78000000,8.68000000,8.77000000,50574.40000000
1771225200000,8.76000000,8.80000000,8.74000000,8.76000000,42737.63000000
1771228800000,8.77000000,8.83000000,8.76000000,8.82000000,39370.75000000
1771232400000,8.82000000,8.89000000,8.81000000,8.88000000,47143.50000000
1771236000000,8.88000000,8.89000000,8.81000000,8.83000000,36580.90000000
1771239600000,8.83000000,8.85000000,8.69000000,8.79000000,61256.14000000
1771243200000,8.79000000,8.93000000,8.75000000,8.92000000,85327.81000000
1771246800000,8.92000000,8.99000000,8.73000000,8.77000000,160761.62000000
1771250400000,8.76000000,8.89000000,8.73000000,8.83000000,107074.71000000
1771254000000,8.84000000,8.90000000,8.65000000,8.71000000,228691.52000000
1771257600000,8.71000000,8.81000000,8.71000000,8.78000000,92332.50000000
1771261200000,8.77000000,8.83000000,8.73000000,8.80000000,48713.89000000
1771264800000,8.79000000,8.83000000,8.75000000,8.76000000,54185.27000000
1771268400000,8.76000000,8.82000000,8.74000000,8.79000000,25578.12000000
1771272000000,8.78000000,8.88000000,8.76000000,8.87000000,60732.66000000
1771275600000,8.87000000,8.96000000,8.84000000,8.95000000,85158.41000000
1771279200000,8.95000000,8.97000000,8.88000000,8.90000000,65521.75000000
1771282800000,8.89000000,8.95000000,8.88000000,8.94000000,75197.36000000
1771286400000,8.93000000,8.97000000,8.91000000,8.93000000,99742.30000000
1771290000000,8.93000000,8.97000000,8.88000000,8.90000000,54182.40000000
1771293600000,8.89000000,9.00000000,8.86000000,8.96000000,63338.75000000
1771297200000,8.97000000,8.97000000,8.91000000,8.93000000,39071.65000000
1771300800000,8.93000000,8.96000000,8.89000000,8.91000000,31682.61000000
1771304400000,8.92000000,8.92000000,8.79000000,8.86000000,90787.72000000
1771308000000,8.86000000,8.91000000,8.86000000,8.89000000,31784.46000000
1771311600000,8.89000000,8.90000000,8.83000000,8.87000000,43470.06000000
1771315200000,8.86000000,8.90000000,8.81000000,8.83000000,47209.39000000
1771318800000,8.83000000,8.85000000,8.78000000,8.82000000,42603.54000000
1771322400000,8.82000000,8.83000000,8.73000000,8.76000000,39074.78000000
1771326000000,8.76000000,8.78000000,8.73000000,8.77000000,48764.11000000
1771329600000,8.77000000,8.81000000,8.75000000,8.76000000,60124.94000000
1771333200000,8.77000000,8.88000000,8.75000000,8.86000000,93895.04000000
1771336800000,8.86000000,8.91000000,8.69000000,8.70000000,209852.70000000
1771340400000,8.71000000,8.78000000,8.66000000,8.78000000,155761.11000000
1771344000000,8.78000000,8.95000000,8.77000000,8.82000000,172598.85000000
1771347600000,8.81000000,8.84000000,8.69000000,8.73000000,126523.72000000
1771351200000,8.73000000,8.93000000,8.72000000,8.89000000,127340.73000000
1771354800000,8.90000000,8.95000000,8.86000000,8.89000000,64972.60000000
1771358400000,8.89000000,8.90000000,8.82000000,8.86000000,53193.85000000
1771362000000,8.86000000,8.90000000,8.84000000,8.88000000,30124.81000000
1771365600000,8.88000000,8.90000000,8.84000000,8.86000000,44915.46000000
1771369200000,8.85000000,8.86000000,8.82000000,8.82000000,51030.28000000
1771372800000,8.83000000,8.85000000,8.79000000,8.79000000,57325.15000000
1771376400000,8.80000000,8.81000000,8.74000000,8.80000000,48024.83000000
1771380000000,8.79000000,8.88000000,8.79000000,8.86000000,52801.28000000
1771383600000,8.85000000,8.91000000,8.84000000,8.88000000,51336.13000000
1771387200000,8.89000000,8.89000000,8.83000000,8.85000000,49137.42000000
1771390800000,8.84000000,8.88000000,8.83000000,8.85000000,28586.17000000
1771394400000,8.85000000,8.90000000,8.85000000,8.86000000,15561.24000000
1771398000000,8.86000000,8.94000000,8.84000000,8.92000000,33857.78000000
1771401600000,8.92000000,9.00000000,8.89000000,8.90000000,72017.10000000
1771405200000,8.91000000,8.91000000,8.88000000,8.89000000,67021.13000000
1771408800000,8.89000000,8.94000000,8.83000000,8.85000000,71129.61000000
1771412400000,8.85000000,8.85000000,8.76000000,8.77000000,74454.18000000
1771416000000,8.76000000,8.80000000,8.72000000,8.77000000,78770.59000000
1771419600000,8.78000000,8.80000000,8.67000000,8.70000000,142833.25000000
1771423200000,8.71000000,8.76000000,8.66000000,8.74000000,115949.95000000
1771426800000,8.74000000,8.90000000,8.73000000,8.81000000,132033.82000000
1771430400000,8.81000000,8.81000000,8.68000000,8.72000000,192763.97000000
1771434000000,8.71000000,8.80000000,8.70000000,8.70000000,53793.98000000
1771437600000,8.71000000,8.72000000,8.60000000,8.63000000,101182.87000000
1771441200000,8.62000000,8.67000000,8.52000000,8.57000000,111632.37000000
1771444800000,8.57000000,8.62000000,8.54000000,8.56000000,68392.10000000
1771448400000,8.57000000,8.61000000,8.54000000,8.57000000,65876.24000000
1771452000000,8.57000000,8.60000000,8.52000000,8.57000000,54010.13000000
1771455600000,8.58000000,8.61000000,8.56000000,8.60000000,62207.79000000
1771459200000,8.60000000,8.63000000,8.57000000,8.61000000,48725.99000000
1771462800000,8.61000000,8.68000000,8.61000000,8.68000000,74949.57000000
1771466400000,8.68000000,8.69000000,8.63000000,8.65000000,46749.91000000
1771470000000,8.66000000,8.68000000,8.62000000,8.67000000,22415.14000000
1771473600000,8.67000000,8.72000000,8.67000000,8.68000000,29290.68000000
1771477200000,8.67000000,8.70000000,8.62000000,8.66000000,28490.15000000
1771480800000,8.66000000,8.76000000,8.65000000,8.72000000,37126.83000000
1771484400000,8.72000000,8.74000000,8.69000000,8.70000000,36402.18000000
1771488000000,8.70000000,8.70000000,8.61000000,8.63000000,66497.90000000
1771491600000,8.64000000,8.69000000,8.60000000,8.60000000,61226.28000000
1771495200000,8.60000000,8.62000000,8.56000000,8.59000000,69973.77000000
1771498800000,8.58000000,8.62000000,8.56000000,8.57000000,43436.31000000
1771502400000,8.57000000,8.61000000,8.55000000,8.56000000,54369.62000000
1771506000000,8.56000000,8.56000000,8.37000000,8.41000000,283473.77000000
1771509600000,8.40000000,8.53000000,8.39000000,8.48000000,194958.84000000
1771513200000,8.48000000,8.53000000,8.38000000,8.44000000,126209.75000000
1771516800000,8.44000000,8.48000000,8.35000000,8.44000000,71576.01000000
1771520400000,8.43000000,8.55000000,8.40000000,8.42000000,107269.30000000
1771524000000,8.43000000,8.54000000,8.41000000,8.53000000,66971.47000000
1771527600000,8.53000000,8.54000000,8.46000000,8.51000000,48633.70000000
1771531200000,8.51000000,8.55000000,8.47000000,8.52000000,63643.28000000
1771534800000,8.53000000,8.56000000,8.51000000,8.52000000,28344.24000000
1771538400000,8.52000000,8.54000000,8.48000000,8.53000000,41407.94000000
1771542000000,8.53000000,8.58000000,8.52000000,8.58000000,58593.17000000
1771545600000,8.58000000,8.66000000,8.57000000,8.62000000,84362.76000000
1771549200000,8.62000000,8.65000000,8.59000000,8.62000000,43261.76000000
1771552800000,8.61000000,8.64000000,8.59000000,8.59000000,42245.40000000
1771556400000,8.59000000,8.65000000,8.58000000,8.61000000,36886.86000000
1771560000000,8.60000000,8.61000000,8.52000000,8.57000000,51102.41000000
1771563600000,8.57000000,8.68000000,8.55000000,8.64000000,66109.74000000
1771567200000,8.64000000,8.65000000,8.59000000,8.64000000,30499.82000000
1771570800000,8.64000000,8.68000000,8.63000000,8.66000000,28691.29000000
1771574400000,8.65000000,8.70000000,8.65000000,8.68000000,81100.28000000
1771578000000,8.68000000,8.73000000,8.67000000,8.69000000,74212.35000000
1771581600000,8.70000000,8.73000000,8.66000000,8.68000000,59306.33000000
1771585200000,8.67000000,8.68000000,8.60000000,8.63000000,75561.93000000
1771588800000,8.62000000,8.65000000,8.60000000,8.63000000,73841.66000000
1771592400000,8.62000000,8.63000000,8.45000000,8.51000000,215019.08000000
1771596000000,8.51000000,8.66000000,8.50000000,8.61000000,311666.13000000
1771599600000,8.61000000,8.84000000,8.60000000,8.83000000,559426.07000000
1771603200000,8.83000000,8.97000000,8.81000000,8.92000000,396547.26000000
1771606800000,8.92000000,8.92000000,8.69000000,8.85000000,306511.24000000
1771610400000,8.85000000,8.93000000,8.81000000,8.90000000,166591.13000000
1771614000000,8.89000000,8.92000000,8.86000000,8.91000000,70579.11000000
1771617600000,8.91000000,8.96000000,8.88000000,8.91000000,71441.59000000
1771621200000,8.90000000,8.99000000,8.89000000,8.98000000,79422.68000000
1771624800000,8.97000000,9.02000000,8.94000000,8.97000000,136384.38000000
1771628400000,8.97000000,8.99000000,8.93000000,8.95000000,63672.77000000
1771632000000,8.95000000,8.96000000,8.89000000,8.91000000,50245.06000000
1771635600000,8.91000000,8.96000000,8.90000000,8.95000000,28663.83000000
1771639200000,8.96000000,8.99000000,8.93000000,8.93000000,36581.63000000
1771642800000,8.93000000,8.94000000,8.85000000,8.89000000,292643.60000000
1771646400000,8.89000000,8.89000000,8.85000000,8.89000000,40877.64000000
1771650000000,8.88000000,8.92000000,8.88000000,8.88000000,36338.76000000
1771653600000,8.89000000,8.92000000,8.86000000,8.87000000,35865.89000000
1771657200000,8.87000000,8.89000000,8.86000000,8.87000000,26723.49000000
1771660800000,8.86000000,8.92000000,8.86000000,8.90000000,151643.22000000
1771664400000,8.90000000,8.97000000,8.89000000,8.92000000,205223.42000000
1771668000000,8.92000000,8.94000000,8.91000000,8.92000000,40215.50000000
1771671600000,8.92000000,8.98000000,8.91000000,8.95000000,88946.07000000
1771675200000,8.95000000,8.96000000,8.89000000,8.93000000,56228.90000000
1771678800000,8.93000000,8.99000000,8.90000000,8.98000000,53891.62000000
1771682400000,8.98000000,9.05000000,8.95000000,8.96000000,189872.37000000
1771686000000,8.97000000,8.98000000,8.92000000,8.94000000,60031.31000000
1771689600000,8.94000000,8.95000000,8.85000000,8.89000000,188212.37000000
1771693200000,8.90000000,8.97000000,8.89000000,8.95000000,55622.51000000
1771696800000,8.95000000,9.00000000,8.95000000,8.98000000,47444.03000000
1771700400000,8.98000000,8.98000000,8.92000000,8.94000000,30188.96000000
1771704000000,8.93000000,8.96000000,8.87000000,8.88000000,62357.58000000
1771707600000,8.88000000,8.92000000,8.86000000,8.91000000,37728.35000000
1771711200000,8.92000000,8.93000000,8.87000000,8.88000000,40032.21000000
1771714800000,8.88000000,8.90000000,8.87000000,8.87000000,48986.76000000
1771718400000,8.87000000,8.88000000,8.81000000,8.85000000,112200.10000000
1771722000000,8.85000000,8.90000000,8.84000000,8.89000000,34150.46000000
1771725600000,8.88000000,8.90000000,8.82000000,8.83000000,40843.67000000
1771729200000,8.84000000,8.86000000,8.79000000,8.85000000,57592.52000000
1771732800000,8.84000000,8.87000000,8.83000000,8.84000000,30589.35000000
1771736400000,8.85000000,8.85000000,8.81000000,8.84000000,23041.99000000
1771740000000,8.84000000,8.87000000,8.80000000,8.86000000,58065.83000000
1771743600000,8.86000000,8.88000000,8.84000000,8.85000000,46880.06000000
1771747200000,8.86000000,8.87000000,8.80000000,8.80000000,24729.58000000
1771750800000,8.81000000,8.82000000,8.79000000,8.81000000,32819.60000000
1771754400000,8.81000000,8.85000000,8.80000000,8.83000000,45053.48000000
1771758000000,8.82000000,8.85000000,8.81000000,8.84000000,36283.49000000
1771761600000,8.84000000,8.84000000,8.73000000,8.76000000,146825.36000000
1771765200000,8.76000000,8.77000000,8.70000000,8.73000000,89260.06000000
1771768800000,8.73000000,8.76000000,8.69000000,8.72000000,57191.96000000
1771772400000,8.72000000,8.78000000,8.68000000,8.72000000,126579.69000000
1771776000000,8.72000000,8.72000000,8.67000000,8.70000000,45639.07000000
1771779600000,8.70000000,8.70000000,8.61000000,8.64000000,61847.88000000
1771783200000,8.64000000,8.65000000,8.61000000,8.63000000,32383.13000000
1771786800000,8.63000000,8.65000000,8.60000000,8.65000000,38941.13000000
1771790400000,8.64000000,8.65000000,8.60000000,8.61000000,34197.47000000
1771794000000,8.62000000,8.67000000,8.61000000,8.67000000,29363.24000000
1771797600000,8.67000000,8.71000000,8.65000000,8.70000000,34098.60000000
1771801200000,8.70000000,8.71000000,8.64000000,8.69000000,71721.61000000
1771804800000,8.69000000,8.70000000,8.55000000,8.56000000,122589.89000000
1771808400000,8.55000000,8.56000000,8.17000000,8.21000000,1379354.81000000
1771812000000,8.20000000,8.27000000,8.18000000,8.23000000,291898.38000000
1771815600000,8.23000000,8.29000000,8.19000000,8.25000000,158214.25000000
1771819200000,8.25000000,8.26000000,8.18000000,8.22000000,84584.13000000
1771822800000,8.22000000,8.28000000,8.20000000,8.23000000,76867.33000000
1771826400000,8.24000000,8.36000000,8.23000000,8.35000000,103911.41000000
1771830000000,8.35000000,8.38000000,8.32000000,8.35000000,102498.28000000
1771833600000,8.35000000,8.36000000,8.31000000,8.34000000,58620.81000000
1771837200000,8.34000000,8.53000000,8.34000000,8.52000000,143180.78000000
1771840800000,8.52000000,8.56000000,8.49000000,8.50000000,96362.43000000
1771844400000,8.51000000,8.52000000,8.45000000,8.47000000,82861.41000000
1771848000000,8.47000000,8.58000000,8.44000000,8.53000000,105445.48000000
1771851600000,8.54000000,8.55000000,8.49000000,8.49000000,112672.87000000
1771855200000,8.50000000,8.52000000,8.41000000,8.46000000,156355.09000000
1771858800000,8.46000000,8.49000000,8.40000000,8.41000000,129530.09000000
1771862400000,8.42000000,8.46000000,8.35000000,8.36000000,227152.84000000
1771866000000,8.37000000,8.40000000,8.18000000,8.30000000,339083.80000000
1771869600000,8.29000000,8.36000000,8.25000000,8.27000000,103916.52000000
1771873200000,8.27000000,8.28000000,8.20000000,8.23000000,96524.29000000
1771876800000,8.23000000,8.32000000,8.20000000,8.29000000,102791.05000000
1771880400000,8.28000000,8.34000000,8.28000000,8.30000000,55229.60000000
1771884000000,8.30000000,8.35000000,8.30000000,8.30000000,111386.09000000
1771887600000,8.30000000,8.34000000,8.25000000,8.26000000,66571.22000000
1771891200000,8.27000000,8.34000000,8.27000000,8.33000000,126001.80000000
1771894800000,8.33000000,8.33000000,8.11000000,8.24000000,259164.53000000
1771898400000,8.23000000,8.32000000,8.22000000,8.27000000,124922.85000000
1771902000000,8.27000000,8.27000000,8.17000000,8.21000000,166649.91000000
1771905600000,8.21000000,8.24000000,8.14000000,8.18000000,180686.30000000
1771909200000,8.17000000,8.22000000,8.12000000,8.18000000,132734.60000000
1771912800000,8.18000000,8.20000000,8.13000000,8.15000000,67569.42000000
1771916400000,8.15000000,8.18000000,8.12000000,8.16000000,95402.12000000
1771920000000,8.16000000,8.20000000,8.12000000,8.17000000,104046.95000000
1771923600000,8.18000000,8.19000000,8.10000000,8.17000000,56563.59000000
1771927200000,8.17000000,8.21000000,8.16000000,8.19000000,61566.50000000
1771930800000,8.19000000,8.19000000,8.15000000,8.18000000,36575.06000000
1771934400000,8.17000000,8.20000000,8.14000000,8.14000000,70012.16000000
1771938000000,8.14000000,8.16000000,8.06000000,8.10000000,152475.99000000
1771941600000,8.09000000,8.23000000,8.05000000,8.17000000,114349.67000000
1771945200000,8.18000000,8.23000000,8.15000000,8.22000000,106734.68000000
1771948800000,8.22000000,8.28000000,8.18000000,8.24000000,166877.81000000
1771952400000,8.25000000,8.27000000,8.22000000,8.23000000,98111.89000000
1771956000000,8.23000000,8.27000000,8.18000000,8.25000000,54335.17000000
1771959600000,8.25000000,8.26000000,8.20000000,8.23000000,42370.88000000
1771963200000,8.24000000,8.26000000,8.21000000,8.23000000,23591.54000000
1771966800000,8.23000000,8.24000000,8.16000000,8.20000000,81957.76000000
1771970400000,8.20000000,8.25000000,8.19000000,8.22000000,79596.78000000
1771974000000,8.22000000,8.25000000,8.17000000,8.19000000,187719.47000000
1771977600000,8.20000000,8.25000000,8.18000000,8.23000000,42730.37000000
1771981200000,8.23000000,8.61000000,8.23000000,8.56000000,465455.31000000
1771984800000,8.56000000,8.63000000,8.55000000,8.59000000,214297.05000000
1771988400000,8.60000000,8.63000000,8.49000000,8.50000000,165321.68000000
1771992000000,8.50000000,8.56000000,8.45000000,8.48000000,150800.35000000
1771995600000,8.49000000,8.51000000,8.35000000,8.41000000,157718.05000000
1771999200000,8.40000000,8.45000000,8.39000000,8.40000000,37091.56000000
1772002800000,8.41000000,8.49000000,8.40000000,8.47000000,63746.01000000
1772006400000,8.48000000,8.54000000,8.43000000,8.52000000,152584.27000000
1772010000000,8.53000000,8.59000000,8.51000000,8.58000000,87501.87000000
1772013600000,8.58000000,8.63000000,8.57000000,8.59000000,110423.92000000
1772017200000,8.60000000,8.67000000,8.56000000,8.66000000,120896.26000000
1772020800000,8.66000000,8.83000000,8.64000000,8.81000000,328473.99000000
1772024400000,8.82000000,8.98000000,8.81000000,8.89000000,455027.41000000
1772028000000,8.89000000,9.13000000,8.88000000,9.12000000,460166.81000000
1772031600000,9.12000000,9.33000000,9.10000000,9.27000000,645338.34000000
1772035200000,9.28000000,9.46000000,9.28000000,9.45000000,552878.48000000
1772038800000,9.45000000,9.51000000,9.42000000,9.48000000,306400.64000000
1772042400000,9.47000000,9.51000000,9.38000000,9.43000000,192570.79000000
1772046000000,9.44000000,9.50000000,9.34000000,9.47000000,207517.85000000
1772049600000,9.47000000,9.50000000,9.39000000,9.42000000,129523.98000000
1772053200000,9.42000000,9.59000000,9.37000000,9.48000000,264322.25000000
1772056800000,9.48000000,9.55000000,9.38000000,9.42000000,147904.19000000
1772060400000,9.42000000,9.44000000,9.18000000,9.27000000,223974.68000000
1772064000000,9.27000000,9.34000000,9.19000000,9.24000000,179051.06000000
1772067600000,9.24000000,9.28000000,9.17000000,9.20000000,116211.40000000
1772071200000,9.21000000,9.26000000,9.15000000,9.24000000,140664.57000000
1772074800000,9.25000000,9.26000000,9.20000000,9.22000000,63305.58000000
1772078400000,9.22000000,9.34000000,9.21000000,9.30000000,152732.45000000
1772082000000,9.30000000,9.32000000,9.21000000,9.30000000,132385.63000000
1772085600000,9.30000000,9.34000000,9.25000000,9.27000000,135650.63000000
1772089200000,9.28000000,9.28000000,9.19000000,9.20000000,115138.37000000
1772092800000,9.21000000,9.26000000,9.17000000,9.19000000,153246.36000000
1772096400000,9.18000000,9.32000000,9.18000000,9.30000000,176865.53000000
1772100000000,9.30000000,9.33000000,9.22000000,9.24000000,98669.19000000
1772103600000,9.23000000,9.25000000,9.19000000,9.22000000,53803.10000000
1772107200000,9.21000000,9.31000000,9.20000000,9.30000000,107616.51000000
1772110800000,9.30000000,9.30000000,9.21000000,9.24000000,97646.11000000
1772114400000,9.24000000,9.28000000,9.09000000,9.16000000,236876.45000000
1772118000000,9.16000000,9.17000000,9.02000000,9.12000000,332880.65000000
1772121600000,9.12000000,9.14000000,8.86000000,8.89000000,413117.46000000
1772125200000,8.88000000,8.97000000,8.86000000,8.88000000,145490.69000000
1772128800000,8.89000000,9.00000000,8.86000000,8.98000000,105885.21000000
1772132400000,8.99000000,9.12000000,8.98000000,9.10000000,195927.20000000
1772136000000,9.10000000,9.15000000,9.04000000,9.07000000,71857.00000000
1772139600000,9.07000000,9.10000000,9.04000000,9.08000000,32604.24000000
1772143200000,9.09000000,9.15000000,9.08000000,9.13000000,35499.98000000
1772146800000,9.13000000,9.13000000,9.09000000,9.09000000,75561.65000000
1772150400000,9.10000000,9.11000000,9.00000000,9.04000000,48405.09000000
1772154000000,9.05000000,9.08000000,9.01000000,9.08000000,77596.55000000
1772157600000,9.07000000,9.14000000,9.06000000,9.11000000,65832.15000000
1772161200000,9.12000000,9.20000000,9.09000000,9.19000000,81595.19000000
1772164800000,9.19000000,9.30000000,9.17000000,9.18000000,108434.32000000
1772168400000,9.18000000,9.23000000,9.17000000,9.18000000,61152.92000000
1772172000000,9.19000000,9.21000000,9.13000000,9.19000000,64401.00000000
1772175600000,9.19000000,9.20000000,9.12000000,9.17000000,51844.55000000
1772179200000,9.17000000,9.24000000,9.14000000,9.18000000,62783.37000000
1772182800000,9.18000000,9.20000000,9.07000000,9.09000000,85118.83000000
1772186400000,9.08000000,9.10000000,8.92000000,8.93000000,170868.16000000
1772190000000,8.93000000,8.96000000,8.81000000,8.85000000,137095.06000000
1772193600000,8.84000000,8.87000000,8.77000000,8.82000000,152857.82000000
1772197200000,8.82000000,8.87000000,8.73000000,8.84000000,178702.14000000
1772200800000,8.84000000,8.85000000,8.76000000,8.76000000,101455.58000000
1772204400000,8.77000000,8.84000000,8.75000000,8.82000000,87435.60000000
1772208000000,8.81000000,8.82000000,8.71000000,8.72000000,70197.76000000
1772211600000,8.73000000,8.76000000,8.66000000,8.75000000,127129.16000000
1772215200000,8.75000000,8.76000000,8.66000000,8.68000000,95431.09000000
1772218800000,8.68000000,8.70000000,8.64000000,8.68000000,54020.58000000
1772222400000,8.68000000,8.71000000,8.67000000,8.70000000,56950.78000000
1772226000000,8.70000000,8.74000000,8.64000000,8.68000000,46717.05000000
1772229600000,8.67000000,8.69000000,8.55000000,8.67000000,123745.94000000
1772233200000,8.68000000,8.72000000,8.66000000,8.71000000,76962.12000000
1772236800000,8.71000000,8.75000000,8.67000000,8.74000000,79127.26000000
1772240400000,8.74000000,8.76000000,8.69000000,8.69000000,56768.67000000
1772244000000,8.69000000,8.74000000,8.69000000,8.73000000,28604.09000000
1772247600000,8.74000000,8.75000000,8.66000000,8.68000000,34844.06000000
1772251200000,8.69000000,8.70000000,8.63000000,8.67000000,36500.72000000
1772254800000,8.68000000,8.69000000,8.62000000,8.65000000,34465.39000000
1772258400000,8.65000000,8.65000000,8.25000000,8.28000000,666769.76000000
1772262000000,8.29000000,8.44000000,8.22000000,8.34000000,333981.42000000
1772265600000,8.35000000,8.35000000,8.25000000,8.27000000,172449.59000000
1772269200000,8.27000000,8.31000000,8.22000000,8.27000000,173229.93000000
1772272800000,8.26000000,8.33000000,8.21000000,8.32000000,253170.33000000
1772276400000,8.32000000,8.35000000,8.26000000,8.27000000,139400.47000000
1772280000000,8.28000000,8.33000000,8.27000000,8.32000000,169975.61000000
1772283600000,8.32000000,8.50000000,8.29000000,8.49000000,300433.45000000
1772287200000,8.50000000,8.54000000,8.38000000,8.40000000,310492.20000000
1772290800000,8.40000000,8.47000000,8.35000000,8.44000000,175456.53000000
1772294400000,8.43000000,8.51000000,8.40000000,8.50000000,121217.62000000
1772298000000,8.49000000,8.51000000,8.40000000,8.50000000,143840.52000000
1772301600000,8.49000000,8.66000000,8.46000000,8.62000000,151841.33000000
1772305200000,8.62000000,8.74000000,8.56000000,8.69000000,203970.78000000
1772308800000,8.69000000,8.86000000,8.66000000,8.84000000,284143.78000000
1772312400000,8.84000000,8.85000000,8.74000000,8.80000000,265113.80000000
1772316000000,8.80000000,8.95000000,8.79000000,8.86000000,315824.78000000
1772319600000,8.86000000,8.87000000,8.81000000,8.85000000,121253.36000000
1772323200000,8.85000000,8.88000000,8.80000000,8.82000000,117204.04000000
1772326800000,8.82000000,9.06000000,8.74000000,9.00000000,333493.19000000
1772330400000,9.00000000,9.21000000,9.00000000,9.11000000,348514.08000000
1772334000000,9.10000000,9.14000000,9.03000000,9.06000000,119275.52000000
1772337600000,9.05000000,9.09000000,8.96000000,9.06000000,139386.18000000
1772341200000,9.06000000,9.10000000,9.04000000,9.04000000,67573.54000000
1772344800000,9.05000000,9.06000000,8.92000000,8.96000000,183403.75000000
1772348400000,8.96000000,9.01000000,8.94000000,8.97000000,52015.82000000
1772352000000,8.98000000,9.00000000,8.86000000,8.88000000,114534.16000000
1772355600000,8.88000000,8.97000000,8.85000000,8.89000000,74436.97000000
1772359200000,8.89000000,8.93000000,8.84000000,8.88000000,122619.80000000
1772362800000,8.88000000,8.91000000,8.86000000,8.88000000,50660.88000000
1772366400000,8.87000000,8.91000000,8.82000000,8.83000000,58022.08000000
1772370000000,8.83000000,9.01000000,8.78000000,8.96000000,220325.13000000
1772373600000,8.97000000,9.06000000,8.92000000,8.95000000,175199.61000000
1772377200000,8.94000000,9.00000000,8.91000000,8.91000000,108363.47000000
1772380800000,8.92000000,8.98000000,8.75000000,8.83000000,236110.69000000
1772384400000,8.82000000,8.84000000,8.71000000,8.78000000,165003.27000000
1772388000000,8.78000000,8.92000000,8.78000000,8.81000000,172358.92000000
1772391600000,8.81000000,8.81000000,8.68000000,8.70000000,150647.02000000
1772395200000,8.69000000,8.70000000,8.54000000,8.56000000,194451.64000000
1772398800000,8.56000000,8.64000000,8.55000000,8.62000000,80449.38000000
1772402400000,8.63000000,8.79000000,8.59000000,8.60000000,171548.27000000
1772406000000,8.60000000,8.73000000,8.58000000,8.67000000,101850.83000000
1772409600000,8.67000000,8.81000000,8.66000000,8.77000000,91911.94000000
1772413200000,8.77000000,8.89000000,8.76000000,8.78000000,74172.33000000
1772416800000,8.78000000,8.81000000,8.68000000,8.76000000,86987.50000000
1772420400000,8.76000000,8.86000000,8.73000000,8.83000000,114928.34000000
1772424000000,8.83000000,8.84000000,8.78000000,8.81000000,103199.53000000
1772427600000,8.81000000,8.86000000,8.75000000,8.80000000,97735.50000000
1772431200000,8.80000000,8.80000000,8.66000000,8.69000000,82474.34000000
1772434800000,8.69000000,8.70000000,8.61000000,8.67000000,85860.14000000
1772438400000,8.68000000,8.72000000,8.59000000,8.69000000,141408.21000000
1772442000000,8.69000000,8.78000000,8.68000000,8.68000000,85555.37000000
1772445600000,8.67000000,8.71000000,8.66000000,8.69000000,101960.31000000
1772449200000,8.70000000,8.74000000,8.65000000,8.70000000,97657.86000000
1772452800000,8.69000000,8.71000000,8.62000000,8.67000000,86461.22000000
1772456400000,8.66000000,8.70000000,8.59000000,8.60000000,116146.43000000
1772460000000,8.60000000,8.88000000,8.59000000,8.86000000,274607.46000000
1772463600000,8.86000000,9.18000000,8.83000000,9.11000000,641062.63000000
1772467200000,9.11000000,9.27000000,9.07000000,9.14000000,391915.41000000
1772470800000,9.15000000,9.17000000,8.97000000,9.07000000,190745.37000000
1772474400000,9.06000000,9.08000000,8.99000000,9.02000000,142898.35000000
1772478000000,9.01000000,9.06000000,8.95000000,9.04000000,159567.22000000
1772481600000,9.03000000,9.10000000,8.97000000,8.99000000,104698.71000000
1772485200000,9.00000000,9.05000000,8.96000000,9.03000000,77284.34000000
1772488800000,9.03000000,9.12000000,9.02000000,9.06000000,101912.88000000
1772492400000,9.06000000,9.07000000,8.92000000,8.96000000,164095.07000000
1772496000000,8.95000000,9.02000000,8.92000000,8.97000000,132049.70000000
1772499600000,8.98000000,9.01000000,8.92000000,8.92000000,99418.85000000
1772503200000,8.92000000,8.95000000,8.84000000,8.92000000,133046.09000000
1772506800000,8.92000000,8.93000000,8.86000000,8.88000000,68299.56000000
1772510400000,8.89000000,8.90000000,8.83000000,8.85000000,55237.43000000
1772514000000,8.85000000,8.94000000,8.77000000,8.80000000,111922.36000000
1772517600000,8.81000000,8.83000000,8.77000000,8.81000000,89153.35000000
1772521200000,8.81000000,8.84000000,8.78000000,8.80000000,71508.81000000
1772524800000,8.79000000,8.81000000,8.63000000,8.65000000,143797.46000000
1772528400000,8.65000000,8.70000000,8.60000000,8.64000000,101288.28000000
1772532000000,8.65000000,8.68000000,8.61000000,8.65000000,81635.14000000
1772535600000,8.65000000,8.69000000,8.61000000,8.68000000,73265.12000000
1772539200000,8.68000000,8.79000000,8.66000000,8.70000000,100607.66000000
1772542800000,8.71000000,8.71000000,8.60000000,8.63000000,76693.35000000
1772546400000,8.64000000,8.75000000,8.56000000,8.62000000,192152.14000000
1772550000000,8.63000000,8.76000000,8.58000000,8.75000000,168817.71000000
1772553600000,8.75000000,8.93000000,8.70000000,8.82000000,204666.75000000
1772557200000,8.82000000,8.84000000,8.72000000,8.83000000,83282.95000000
1772560800000,8.83000000,8.91000000,8.77000000,8.84000000,100804.28000000
1772564400000,8.85000000,8.85000000,8.77000000,8.80000000,86832.82000000
1772568000000,8.81000000,8.82000000,8.74000000,8.75000000,53864.79000000
1772571600000,8.76000000,8.76000000,8.68000000,8.73000000,81182.88000000
1772575200000,8.73000000,8.83000000,8.72000000,8.80000000,64868.16000000
1772578800000,8.80000000,8.89000000,8.80000000,8.80000000,70134.59000000
1772582400000,8.81000000,8.82000000,8.73000000,8.80000000,79641.91000000
1772586000000,8.81000000,8.90000000,8.78000000,8.82000000,155623.53000000
1772589600000,8.83000000,8.84000000,8.77000000,8.83000000,122845.04000000
1772593200000,8.83000000,8.84000000,8.68000000,8.76000000,170106.16000000
1772596800000,8.75000000,8.77000000,8.69000000,8.75000000,73978.25000000
1772600400000,8.75000000,8.80000000,8.69000000,8.76000000,123736.55000000
1772604000000,8.76000000,8.81000000,8.71000000,8.80000000,90950.10000000
1772607600000,8.79000000,8.93000000,8.76000000,8.91000000,126630.75000000
1772611200000,8.91000000,9.21000000,8.89000000,9.18000000,334785.83000000
1772614800000,9.19000000,9.30000000,9.15000000,9.22000000,410580.90000000
1772618400000,9.22000000,9.26000000,9.15000000,9.19000000,182529.70000000
1772622000000,9.19000000,9.24000000,9.09000000,9.13000000,140366.90000000
1772625600000,9.13000000,9.14000000,9.02000000,9.11000000,126436.14000000
1772629200000,9.10000000,9.18000000,9.10000000,9.17000000,163490.62000000
1772632800000,9.17000000,9.35000000,9.15000000,9.20000000,344948.03000000
1772636400000,9.21000000,9.51000000,9.21000000,9.50000000,351928.77000000
1772640000000,9.50000000,9.58000000,9.36000000,9.48000000,267090.10000000
1772643600000,9.47000000,9.54000000,9.39000000,9.44000000,137110.84000000
1772647200000,9.45000000,9.51000000,9.39000000,9.48000000,90629.44000000
1772650800000,9.48000000,9.64000000,9.47000000,9.53000000,289506.79000000
1772654400000,9.53000000,9.57000000,9.48000000,9.48000000,132062.63000000
1772658000000,9.48000000,9.49000000,9.41000000,9.45000000,100173.36000000
1772661600000,9.44000000,9.51000000,9.34000000,9.36000000,105516.45000000
1772665200000,9.36000000,9.39000000,9.30000000,9.35000000,113557.21000000
1772668800000,9.35000000,9.39000000,9.33000000,9.34000000,142174.45000000
1772672400000,9.33000000,9.40000000,9.24000000,9.26000000,112719.70000000
1772676000000,9.26000000,9.34000000,9.23000000,9.28000000,187636.73000000
1772679600000,9.28000000,9.31000000,9.23000000,9.27000000,85154.85000000
1772683200000,9.26000000,9.36000000,9.26000000,9.34000000,141825.47000000
1772686800000,9.35000000,9.36000000,9.24000000,9.26000000,120792.86000000
1772690400000,9.26000000,9.30000000,9.21000000,9.29000000,171690.51000000
1772694000000,9.29000000,9.31000000,9.18000000,9.22000000,94745.77000000
1772697600000,9.22000000,9.26000000,9.19000000,9.26000000,79378.07000000
1772701200000,9.26000000,9.34000000,9.24000000,9.31000000,85875.05000000
1772704800000,9.31000000,9.47000000,9.24000000,9.44000000,213240.28000000
1772708400000,9.44000000,9.45000000,9.37000000,9.40000000,127394.08000000
1772712000000,9.40000000,9.49000000,9.37000000,9.48000000,98289.37000000
1772715600000,9.48000000,9.49000000,9.31000000,9.37000000,204084.15000000
1772719200000,9.38000000,9.43000000,9.31000000,9.39000000,301704.30000000
1772722800000,9.39000000,9.41000000,9.17000000,9.24000000,311419.45000000
1772726400000,9.23000000,9.24000000,9.08000000,9.19000000,221608.14000000
1772730000000,9.18000000,9.24000000,9.07000000,9.08000000,158804.25000000
1772733600000,9.08000000,9.18000000,9.07000000,9.17000000,89833.70000000
1772737200000,9.17000000,9.28000000,9.17000000,9.18000000,85760.27000000
1772740800000,9.18000000,9.29000000,9.17000000,9.28000000,108336.44000000
1772744400000,9.28000000,9.33000000,9.20000000,9.22000000,163349.50000000
1772748000000,9.23000000,9.26000000,9.18000000,9.22000000,40695.36000000
1772751600000,9.22000000,9.25000000,9.18000000,9.21000000,64578.21000000
1772755200000,9.20000000,9.24000000,9.18000000,9.20000000,48678.38000000
1772758800000,9.21000000,9.30000000,9.17000000,9.28000000,92171.49000000
1772762400000,9.28000000,9.29000000,9.24000000,9.26000000,61061.46000000
1772766000000,9.26000000,9.29000000,9.22000000,9.26000000,62192.23000000
1772769600000,9.27000000,9.27000000,9.15000000,9.20000000,72605.88000000
1772773200000,9.20000000,9.24000000,9.17000000,9.21000000,77431.33000000
1772776800000,9.21000000,9.24000000,9.18000000,9.20000000,32139.37000000
1772780400000,9.21000000,9.30000000,9.18000000,9.28000000,62743.50000000
1772784000000,9.28000000,9.28000000,9.19000000,9.21000000,59672.88000000
1772787600000,9.22000000,9.22000000,9.07000000,9.12000000,72150.14000000
1772791200000,9.11000000,9.19000000,9.11000000,9.15000000,44926.95000000
1772794800000,9.15000000,9.17000000,9.06000000,9.08000000,72115.45000000
1772798400000,9.08000000,9.10000000,9.01000000,9.07000000,101851.31000000
1772802000000,9.06000000,9.14000000,8.95000000,8.95000000,224587.80000000
1772805600000,8.95000000,8.98000000,8.76000000,8.81000000,269424.17000000
1772809200000,8.81000000,8.88000000,8.74000000,8.79000000,151719.81000000
1772812800000,8.79000000,8.81000000,8.72000000,8.74000000,124222.38000000
1772816400000,8.74000000,8.79000000,8.67000000,8.73000000,113015.59000000
1772820000000,8.72000000,8.81000000,8.71000000,8.78000000,90446.64000000
1772823600000,8.78000000,8.83000000,8.77000000,8.79000000,130590.27000000
1772827200000,8.79000000,8.81000000,8.73000000,8.78000000,93364.46000000
1772830800000,8.78000000,8.79000000,8.74000000,8.79000000,54450.08000000
1772834400000,8.79000000,8.83000000,8.77000000,8.81000000,59639.16000000
1772838000000,8.81000000,8.82000000,8.78000000,8.80000000,49101.21000000
1772841600000,8.80000000,8.84000000,8.79000000,8.81000000,60837.25000000
1772845200000,8.81000000,8.82000000,8.77000000,8.77000000,35330.86000000
1772848800000,8.78000000,8.80000000,8.75000000,8.80000000,23400.88000000
1772852400000,8.80000000,8.86000000,8.78000000,8.79000000,66243.43000000
1772856000000,8.79000000,8.82000000,8.74000000,8.79000000,27760.16000000
1772859600000,8.80000000,8.82000000,8.78000000,8.81000000,22460.72000000
1772863200000,8.80000000,8.81000000,8.76000000,8.76000000,47331.44000000
1772866800000,8.76000000,8.81000000,8.73000000,8.81000000,34191.35000000
1772870400000,8.80000000,8.83000000,8.75000000,8.77000000,173298.23000000
1772874000000,8.76000000,8.82000000,8.74000000,8.81000000,41255.40000000
1772877600000,8.81000000,8.82000000,8.76000000,8.77000000,64402.50000000
1772881200000,8.78000000,8.83000000,8.75000000,8.80000000,34422.92000000
1772884800000,8.79000000,8.82000000,8.77000000,8.79000000,20289.86000000
1772888400000,8.79000000,8.82000000,8.78000000,8.80000000,33311.89000000
1772892000000,8.80000000,8.81000000,8.73000000,8.80000000,53379.55000000
1772895600000,8.79000000,8.81000000,8.73000000,8.76000000,35607.73000000
1772899200000,8.76000000,8.77000000,8.74000000,8.77000000,19909.45000000
1772902800000,8.77000000,8.81000000,8.76000000,8.77000000,28325.04000000
1772906400000,8.77000000,8.77000000,8.68000000,8.71000000,129131.75000000
1772910000000,8.71000000,8.72000000,8.65000000,8.67000000,79149.57000000
1772913600000,8.66000000,8.72000000,8.66000000,8.71000000,31577.92000000
1772917200000,8.70000000,8.72000000,8.67000000,8.70000000,22697.35000000
1772920800000,8.70000000,8.71000000,8.64000000,8.67000000,59462.33000000
1772924400000,8.67000000,8.71000000,8.67000000,8.70000000,39537.59000000
1772928000000,8.70000000,8.72000000,8.65000000,8.66000000,55957.35000000
1772931600000,8.66000000,8.72000000,8.65000000,8.70000000,47832.99000000
1772935200000,8.70000000,8.70000000,8.58000000,8.61000000,140409.96000000
1772938800000,8.61000000,8.63000000,8.58000000,8.60000000,83440.59000000
1772942400000,8.61000000,8.63000000,8.53000000,8.55000000,80159.40000000
1772946000000,8.55000000,8.64000000,8.55000000,8.61000000,80063.67000000
1772949600000,8.61000000,8.62000000,8.57000000,8.60000000,31350.27000000
1772953200000,8.61000000,8.67000000,8.60000000,8.64000000,42990.16000000
1772956800000,8.63000000,8.65000000,8.58000000,8.64000000,63020.05000000
1772960400000,8.63000000,8.71000000,8.62000000,8.69000000,88903.42000000
1772964000000,8.69000000,8.78000000,8.69000000,8.74000000,51271.55000000
1772967600000,8.73000000,8.74000000,8.63000000,8.66000000,57305.66000000
1772971200000,8.66000000,8.68000000,8.55000000,8.66000000,111382.60000000
1772974800000,8.65000000,8.67000000,8.55000000,8.59000000,150220.48000000
1772978400000,8.60000000,8.63000000,8.55000000,8.59000000,56744.66000000
1772982000000,8.59000000,8.60000000,8.54000000,8.56000000,165664.83000000
1772985600000,8.56000000,8.58000000,8.50000000,8.52000000,62560.61000000
1772989200000,8.52000000,8.58000000,8.52000000,8.56000000,65385.72000000
1772992800000,8.57000000,8.57000000,8.51000000,8.54000000,48382.48000000
1772996400000,8.55000000,8.67000000,8.52000000,8.65000000,70418.43000000
1773000000000,8.65000000,8.70000000,8.61000000,8.64000000,86376.35000000
1773003600000,8.64000000,8.65000000,8.56000000,8.60000000,73850.26000000
1773007200000,8.60000000,8.60000000,8.40000000,8.56000000,396760.81000000
1773010800000,8.56000000,8.59000000,8.50000000,8.52000000,120210.66000000
1773014400000,8.51000000,8.66000000,8.51000000,8.57000000,262534.33000000
1773018000000,8.57000000,8.62000000,8.53000000,8.54000000,106750.75000000
1773021600000,8.53000000,8.64000000,8.51000000,8.62000000,98877.18000000
1773025200000,8.61000000,8.80000000,8.61000000,8.68000000,183917.56000000
1773028800000,8.68000000,8.77000000,8.68000000,8.69000000,74411.58000000
1773032400000,8.70000000,8.87000000,8.68000000,8.84000000,169199.95000000
1773036000000,8.84000000,8.85000000,8.73000000,8.73000000,69581.33000000
1773039600000,8.73000000,8.75000000,8.65000000,8.74000000,135225.97000000
1773043200000,8.75000000,8.80000000,8.72000000,8.75000000,89668.68000000
1773046800000,8.75000000,8.86000000,8.71000000,8.78000000,135964.77000000
1773050400000,8.77000000,8.80000000,8.75000000,8.77000000,102557.19000000
1773054000000,8.76000000,8.80000000,8.71000000,8.78000000,50755.10000000
1773057600000,8.78000000,8.85000000,8.77000000,8.82000000,93685.20000000
1773061200000,8.82000000,8.96000000,8.81000000,8.93000000,367482.10000000
1773064800000,8.92000000,8.97000000,8.83000000,8.92000000,293420.76000000
1773068400000,8.93000000,8.97000000,8.88000000,8.93000000,106708.00000000
1773072000000,8.93000000,8.98000000,8.90000000,8.94000000,134639.35000000
1773075600000,8.94000000,8.99000000,8.88000000,8.91000000,94701.93000000
1773079200000,8.91000000,8.96000000,8.86000000,8.90000000,97370.94000000
1773082800000,8.91000000,9.10000000,8.86000000,9.01000000,214537.75000000
1773086400000,9.01000000,9.04000000,8.94000000,8.98000000,113368.36000000
1773090000000,8.97000000,9.02000000,8.97000000,8.99000000,63051.93000000
1773093600000,8.99000000,9.00000000,8.88000000,8.92000000,104873.30000000
1773097200000,8.91000000,8.92000000,8.85000000,8.87000000,64695.59000000
1773100800000,8.87000000,8.97000000,8.85000000,8.92000000,152952.00000000
1773104400000,8.91000000,8.96000000,8.87000000,8.93000000,70001.46000000
1773108000000,8.93000000,9.08000000,8.90000000,9.04000000,204167.08000000
1773111600000,9.03000000,9.05000000,8.92000000,8.93000000,109698.31000000
1773115200000,8.94000000,9.04000000,8.93000000,9.02000000,75518.05000000
1773118800000,9.01000000,9.05000000,8.99000000,9.01000000,49122.56000000
1773122400000,9.01000000,9.03000000,8.97000000,9.01000000,42313.07000000
1773126000000,9.01000000,9.09000000,8.98000000,9.08000000,96170.88000000
1773129600000,9.08000000,9.17000000,9.07000000,9.08000000,294403.35000000
1773133200000,9.07000000,9.16000000,9.07000000,9.13000000,123478.71000000
1773136800000,9.12000000,9.13000000,9.06000000,9.11000000,103525.25000000
1773140400000,9.11000000,9.11000000,9.06000000,9.06000000,81106.74000000
1773144000000,9.07000000,9.08000000,9.02000000,9.04000000,61833.10000000
1773147600000,9.05000000,9.10000000,8.94000000,8.97000000,160680.68000000
1773151200000,8.96000000,9.15000000,8.85000000,9.15000000,280090.30000000
1773154800000,9.15000000,9.19000000,9.06000000,9.14000000,214506.02000000
1773158400000,9.13000000,9.18000000,9.08000000,9.15000000,173554.64000000
1773162000000,9.15000000,9.18000000,9.07000000,9.11000000,170560.81000000
1773165600000,9.10000000,9.11000000,8.95000000,8.97000000,210429.32000000
1773169200000,8.96000000,8.99000000,8.92000000,8.97000000,115125.86000000
1773172800000,8.97000000,9.01000000,8.97000000,8.99000000,47877.37000000
1773176400000,8.99000000,9.01000000,8.91000000,8.94000000,138630.14000000
1773180000000,8.94000000,8.98000000,8.90000000,8.96000000,131333.99000000
1773183600000,8.96000000,9.00000000,8.96000000,8.99000000,51558.44000000
1773187200000,8.98000000,9.00000000,8.92000000,8.98000000,126270.05000000
1773190800000,8.99000000,9.01000000,8.96000000,9.00000000,57897.96000000
1773194400000,8.99000000,9.00000000,8.91000000,8.97000000,121326.53000000
1773198000000,8.96000000,8.99000000,8.92000000,8.93000000,147452.86000000
1773201600000,8.92000000,9.03000000,8.91000000,9.02000000,129873.12000000
1773205200000,9.02000000,9.04000000,8.86000000,8.88000000,84804.69000000
1773208800000,8.88000000,8.97000000,8.87000000,8.95000000,69147.68000000
1773212400000,8.94000000,8.96000000,8.87000000,8.88000000,48473.86000000
1773216000000,8.89000000,8.94000000,8.87000000,8.92000000,121369.16000000
1773219600000,8.91000000,8.94000000,8.88000000,8.89000000,71475.63000000
1773223200000,8.89000000,8.97000000,8.88000000,8.95000000,63644.95000000
1773226800000,8.94000000,8.97000000,8.90000000,8.92000000,63009.23000000
1773230400000,8.92000000,9.04000000,8.88000000,8.97000000,117848.49000000
1773234000000,8.97000000,9.18000000,8.95000000,9.05000000,301090.80000000
1773237600000,9.05000000,9.14000000,9.03000000,9.06000000,201026.91000000
1773241200000,9.06000000,9.07000000,8.90000000,9.00000000,213498.81000000
1773244800000,9.00000000,9.09000000,8.97000000,9.06000000,187854.20000000
1773248400000,9.06000000,9.16000000,9.03000000,9.09000000,201871.32000000
1773252000000,9.08000000,9.12000000,9.06000000,9.09000000,153171.35000000
1773255600000,9.09000000,9.11000000,9.05000000,9.09000000,75513.77000000
1773259200000,9.09000000,9.09000000,9.03000000,9.06000000,57804.06000000
1773262800000,9.07000000,9.09000000,9.04000000,9.07000000,102836.65000000
1773266400000,9.07000000,9.11000000,9.01000000,9.04000000,76046.41000000
1773270000000,9.05000000,9.07000000,8.98000000,8.99000000,77674.49000000
1773273600000,8.99000000,9.02000000,8.98000000,9.01000000,61785.31000000
1773277200000,9.01000000,9.01000000,8.93000000,8.96000000,79137.44000000
1773280800000,8.95000000,8.97000000,8.86000000,8.87000000,124877.93000000
1773284400000,8.87000000,8.91000000,8.83000000,8.86000000,87223.42000000
1773288000000,8.86000000,8.90000000,8.85000000,8.86000000,52116.75000000
1773291600000,8.87000000,8.90000000,8.84000000,8.90000000,79294.55000000
1773295200000,8.89000000,8.92000000,8.87000000,8.92000000,72061.14000000
1773298800000,8.92000000,8.97000000,8.89000000,8.95000000,90456.31000000
1773302400000,8.95000000,9.01000000,8.94000000,8.97000000,45731.31000000
1773306000000,8.97000000,9.04000000,8.92000000,9.00000000,98915.11000000
1773309600000,8.99000000,9.11000000,8.98000000,9.08000000,265660.91000000
1773313200000,9.07000000,9.08000000,9.01000000,9.03000000,98199.06000000
1773316800000,9.03000000,9.07000000,9.00000000,9.03000000,99260.91000000
1773320400000,9.04000000,9.07000000,8.96000000,9.02000000,196673.28000000
1773324000000,9.02000000,9.10000000,8.89000000,8.95000000,222126.84000000
1773327600000,8.95000000,9.09000000,8.91000000,9.04000000,182731.70000000
1773331200000,9.03000000,9.09000000,8.96000000,9.05000000,121011.95000000
1773334800000,9.05000000,9.07000000,8.99000000,9.01000000,57887.95000000
1773338400000,9.01000000,9.03000000,8.97000000,8.98000000,101455.29000000
1773342000000,8.98000000,9.06000000,8.97000000,9.04000000,88231.61000000
1773345600000,9.03000000,9.04000000,8.97000000,8.97000000,126294.88000000
1773349200000,8.97000000,9.04000000,8.97000000,9.02000000,42074.03000000
1773352800000,9.02000000,9.03000000,8.97000000,9.01000000,71430.57000000
1773356400000,9.01000000,9.09000000,9.01000000,9.05000000,153866.45000000
1773360000000,9.06000000,9.40000000,9.03000000,9.25000000,546003.54000000
1773363600000,9.25000000,9.34000000,9.24000000,9.31000000,208673.54000000
1773367200000,9.32000000,9.33000000,9.20000000,9.22000000,209038.69000000
1773370800000,9.22000000,9.31000000,9.20000000,9.29000000,162797.64000000
1773374400000,9.28000000,9.30000000,9.23000000,9.25000000,81078.76000000
1773378000000,9.25000000,9.29000000,9.22000000,9.26000000,113062.25000000
1773381600000,9.27000000,9.28000000,9.17000000,9.19000000,147450.80000000
1773385200000,9.18000000,9.22000000,9.17000000,9.19000000,113411.29000000
1773388800000,9.19000000,9.30000000,9.16000000,9.22000000,126810.17000000
1773392400000,9.22000000,9.30000000,9.20000000,9.27000000,105675.67000000
1773396000000,9.28000000,9.33000000,9.27000000,9.30000000,137145.17000000
1773399600000,9.29000000,9.31000000,9.25000000,9.28000000,94604.10000000
1773403200000,9.27000000,9.44000000,9.27000000,9.39000000,179197.69000000
1773406800000,9.39000000,9.58000000,9.37000000,9.52000000,471213.00000000
1773410400000,9.52000000,9.60000000,9.33000000,9.37000000,486257.17000000
1773414000000,9.37000000,9.43000000,9.23000000,9.26000000,350138.13000000
1773417600000,9.26000000,9.33000000,9.20000000,9.28000000,266488.46000000
1773421200000,9.29000000,9.31000000,9.08000000,9.14000000,280748.91000000
1773424800000,9.14000000,9.19000000,9.11000000,9.12000000,129522.46000000
1773428400000,9.12000000,9.17000000,9.10000000,9.15000000,85230.06000000
1773432000000,9.15000000,9.18000000,9.13000000,9.18000000,46754.93000000
1773435600000,9.18000000,9.21000000,9.12000000,9.13000000,81170.74000000
1773439200000,9.13000000,9.14000000,9.02000000,9.07000000,174482.12000000
1773442800000,9.06000000,9.11000000,9.05000000,9.08000000,63287.59000000
1773446400000,9.08000000,9.12000000,9.05000000,9.06000000,73648.67000000
1773450000000,9.05000000,9.09000000,9.02000000,9.08000000,63777.87000000
1773453600000,9.09000000,9.10000000,9.06000000,9.08000000,79068.08000000
1773457200000,9.09000000,9.13000000,9.07000000,9.11000000,104839.05000000
1773460800000,9.12000000,9.14000000,9.08000000,9.08000000,82478.64000000
1773464400000,9.08000000,9.10000000,9.03000000,9.06000000,122775.95000000
1773468000000,9.06000000,9.06000000,8.96000000,9.00000000,160293.86000000
1773471600000,9.00000000,9.01000000,8.96000000,8.98000000,115260.33000000
1773475200000,8.97000000,8.99000000,8.96000000,8.98000000,99980.24000000
1773478800000,8.97000000,9.01000000,8.92000000,8.94000000,162312.36000000
1773482400000,8.94000000,8.95000000,8.92000000,8.95000000,60193.67000000
1773486000000,8.95000000,9.00000000,8.94000000,9.00000000,43494.75000000
1773489600000,8.99000000,9.01000000,8.97000000,8.99000000,46104.37000000
1773493200000,8.98000000,9.02000000,8.98000000,9.01000000,28333.56000000
1773496800000,9.01000000,9.02000000,8.96000000,8.97000000,74147.92000000
1773500400000,8.98000000,9.01000000,8.96000000,9.01000000,86687.74000000
1773504000000,9.01000000,9.05000000,8.98000000,9.04000000,48000.84000000
1773507600000,9.03000000,9.06000000,9.00000000,9.01000000,64086.99000000
1773511200000,9.00000000,9.03000000,8.98000000,9.02000000,37352.80000000
1773514800000,9.02000000,9.04000000,9.00000000,9.03000000,14884.25000000
1773518400000,9.02000000,9.05000000,9.01000000,9.04000000,41585.51000000
1773522000000,9.04000000,9.10000000,9.02000000,9.08000000,49425.20000000
1773525600000,9.09000000,9.11000000,9.07000000,9.07000000,51631.71000000
1773529200000,9.08000000,9.18000000,9.07000000,9.17000000,166417.96000000
1773532800000,9.17000000,9.19000000,9.14000000,9.15000000,178357.07000000
1773536400000,9.15000000,9.15000000,9.11000000,9.14000000,76782.51000000
1773540000000,9.14000000,9.26000000,9.13000000,9.23000000,157416.26000000
1773543600000,9.23000000,9.25000000,9.18000000,9.21000000,84482.28000000
1773547200000,9.21000000,9.25000000,9.18000000,9.22000000,65080.88000000
1773550800000,9.21000000,9.27000000,9.19000000,9.22000000,93556.58000000
1773554400000,9.21000000,9.24000000,9.19000000,9.21000000,85238.16000000
1773558000000,9.22000000,9.24000000,9.19000000,9.22000000,76757.60000000
1773561600000,9.22000000,9.27000000,9.21000000,9.27000000,105719.65000000
1773565200000,9.27000000,9.32000000,9.25000000,9.26000000,134625.45000000
1773568800000,9.27000000,9.30000000,9.25000000,9.28000000,57498.02000000
1773572400000,9.28000000,9.30000000,9.26000000,9.28000000,49590.64000000
1773576000000,9.27000000,9.28000000,9.24000000,9.25000000,84975.15000000
1773579600000,9.26000000,9.28000000,9.14000000,9.19000000,157415.19000000
1773583200000,9.19000000,9.21000000,9.13000000,9.19000000,98817.95000000
1773586800000,9.18000000,9.18000000,9.14000000,9.15000000,34103.85000000
1773590400000,9.15000000,9.19000000,9.12000000,9.13000000,83887.64000000
1773594000000,9.14000000,9.24000000,9.13000000,9.21000000,61910.98000000
1773597600000,9.21000000,9.22000000,9.13000000,9.15000000,80478.26000000
1773601200000,9.16000000,9.21000000,9.14000000,9.19000000,64161.65000000
1773604800000,9.19000000,9.30000000,9.17000000,9.25000000,209964.11000000
1773608400000,9.25000000,9.34000000,9.23000000,9.31000000,156783.68000000
1773612000000,9.31000000,9.53000000,9.24000000,9.48000000,428638.54000000
1773615600000,9.49000000,9.56000000,9.40000000,9.50000000,402467.82000000
1773619200000,9.50000000,9.55000000,9.43000000,9.46000000,230095.44000000
1773622800000,9.46000000,9.54000000,9.41000000,9.51000000,207707.26000000
1773626400000,9.52000000,9.53000000,9.41000000,9.49000000,151629.88000000
1773630000000,9.48000000,9.81000000,9.46000000,9.70000000,761438.41000000
1773633600000,9.70000000,9.83000000,9.70000000,9.75000000,596833.25000000
1773637200000,9.76000000,9.79000000,9.67000000,9.76000000,683867.27000000
1773640800000,9.76000000,9.77000000,9.67000000,9.71000000,205816.44000000
1773644400000,9.71000000,9.76000000,9.67000000,9.69000000,217732.61000000
1773648000000,9.69000000,9.74000000,9.56000000,9.58000000,275077.51000000
1773651600000,9.59000000,9.66000000,9.58000000,9.64000000,148601.41000000
1773655200000,9.64000000,9.73000000,9.63000000,9.72000000,179589.42000000
1773658800000,9.73000000,9.74000000,9.64000000,9.66000000,131351.47000000
1773662400000,9.67000000,9.77000000,9.66000000,9.70000000,293341.03000000
1773666000000,9.71000000,9.83000000,9.67000000,9.75000000,308213.60000000
1773669600000,9.75000000,9.80000000,9.59000000,9.70000000,351880.20000000
1773673200000,9.71000000,9.78000000,9.68000000,9.72000000,202151.14000000
1773676800000,9.72000000,9.82000000,9.71000000,9.79000000,171454.98000000
1773680400000,9.79000000,9.86000000,9.77000000,9.82000000,217664.34000000
1773684000000,9.83000000,9.93000000,9.82000000,9.86000000,261095.14000000
1773687600000,9.87000000,9.98000000,9.83000000,9.93000000,285943.22000000
1773691200000,9.93000000,9.97000000,9.91000000,9.94000000,123353.66000000
1773694800000,9.94000000,10.05000000,9.92000000,9.99000000,250713.60000000
1773698400000,9.98000000,10.08000000,9.95000000,9.98000000,216547.21000000
1773702000000,9.97000000,9.98000000,9.86000000,9.92000000,201947.98000000
1773705600000,9.92000000,10.02000000,9.88000000,9.96000000,335880.88000000
1773709200000,9.96000000,10.03000000,9.91000000,9.96000000,290487.39000000
1773712800000,9.96000000,9.97000000,9.88000000,9.91000000,201291.05000000
1773716400000,9.91000000,9.92000000,9.78000000,9.83000000,218832.36000000
1773720000000,9.83000000,9.86000000,9.71000000,9.77000000,184990.07000000
1773723600000,9.77000000,9.79000000,9.68000000,9.73000000,109497.34000000
1773727200000,9.73000000,9.79000000,9.69000000,9.75000000,120564.38000000
1773730800000,9.75000000,9.85000000,9.75000000,9.79000000,68523.70000000
1773734400000,9.79000000,9.83000000,9.76000000,9.77000000,112917.70000000
1773738000000,9.78000000,9.81000000,9.74000000,9.76000000,133891.39000000
1773741600000,9.77000000,9.79000000,9.73000000,9.75000000,153637.63000000
1773745200000,9.75000000,9.81000000,9.74000000,9.77000000,115788.47000000
1773748800000,9.76000000,9.80000000,9.71000000,9.72000000,158056.18000000
1773752400000,9.73000000,9.83000000,9.72000000,9.79000000,251888.25000000
1773756000000,9.79000000,9.88000000,9.75000000,9.86000000,226777.99000000
1773759600000,9.87000000,9.95000000,9.74000000,9.81000000,221755.75000000
1773763200000,9.81000000,9.87000000,9.79000000,9.84000000,166284.04000000
1773766800000,9.84000000,9.89000000,9.82000000,9.89000000,88121.97000000
1773770400000,9.89000000,9.92000000,9.86000000,9.88000000,84492.10000000
1773774000000,9.89000000,9.90000000,9.79000000,9.80000000,132886.49000000
1773777600000,9.80000000,9.85000000,9.76000000,9.84000000,135393.72000000
1773781200000,9.85000000,9.91000000,9.83000000,9.89000000,122370.58000000
1773784800000,9.89000000,9.92000000,9.80000000,9.85000000,73493.03000000
1773788400000,9.86000000,9.87000000,9.77000000,9.79000000,113875.28000000
1773792000000,9.79000000,9.82000000,9.75000000,9.81000000,84709.54000000
1773795600000,9.82000000,9.86000000,9.80000000,9.80000000,74562.15000000
1773799200000,9.80000000,9.88000000,9.80000000,9.84000000,64364.37000000
1773802800000,9.85000000,9.93000000,9.84000000,9.89000000,75354.75000000
1773806400000,9.89000000,9.90000000,9.82000000,9.84000000,45857.36000000
1773810000000,9.84000000,9.88000000,9.78000000,9.79000000,98125.91000000
1773813600000,9.80000000,9.87000000,9.80000000,9.81000000,58759.81000000
1773817200000,9.82000000,9.82000000,9.77000000,9.82000000,83496.98000000
1773820800000,9.82000000,9.86000000,9.81000000,9.84000000,75296.37000000
1773824400000,9.85000000,9.90000000,9.81000000,9.83000000,165427.83000000
1773828000000,9.83000000,9.84000000,9.73000000,9.76000000,94597.98000000
1773831600000,9.75000000,9.79000000,9.52000000,9.56000000,325357.80000000
1773835200000,9.55000000,9.56000000,9.36000000,9.39000000,337354.11000000
1773838800000,9.38000000,9.42000000,9.34000000,9.39000000,223922.10000000
1773842400000,9.39000000,9.41000000,9.18000000,9.20000000,252556.55000000
1773846000000,9.21000000,9.24000000,9.12000000,9.21000000,308500.68000000
1773849600000,9.20000000,9.20000000,9.09000000,9.14000000,200925.03000000
1773853200000,9.15000000,9.27000000,9.13000000,9.23000000,136388.61000000
1773856800000,9.23000000,9.31000000,9.15000000,9.18000000,236437.03000000
1773860400000,9.18000000,9.25000000,9.16000000,9.17000000,92056.67000000
1773864000000,9.17000000,9.23000000,9.08000000,9.22000000,196706.47000000
1773867600000,9.21000000,9.27000000,9.21000000,9.24000000,89474.59000000
1773871200000,9.25000000,9.25000000,9.19000000,9.22000000,75829.69000000
1773874800000,9.22000000,9.24000000,9.18000000,9.22000000,105405.78000000
1773878400000,9.23000000,9.25000000,9.20000000,9.21000000,104786.77000000
1773882000000,9.21000000,9.23000000,9.18000000,9.20000000,83277.17000000
1773885600000,9.19000000,9.23000000,9.16000000,9.19000000,75445.87000000
1773889200000,9.19000000,9.34000000,9.19000000,9.26000000,189687.57000000
1773892800000,9.25000000,9.26000000,9.18000000,9.18000000,162957.40000000
1773896400000,9.18000000,9.21000000,9.15000000,9.17000000,94119.41000000
1773900000000,9.17000000,9.20000000,9.14000000,9.16000000,134683.04000000
1773903600000,9.16000000,9.17000000,9.03000000,9.10000000,209693.70000000
1773907200000,9.10000000,9.12000000,9.06000000,9.09000000,152708.99000000
1773910800000,9.09000000,9.17000000,9.08000000,9.17000000,141637.54000000
1773914400000,9.17000000,9.17000000,9.12000000,9.13000000,96065.49000000
1773918000000,9.13000000,9.15000000,9.09000000,9.09000000,56757.01000000
1773921600000,9.09000000,9.10000000,8.95000000,8.96000000,241579.75000000
1773925200000,8.96000000,9.01000000,8.90000000,8.99000000,412748.04000000
1773928800000,9.00000000,9.03000000,8.89000000,8.95000000,191633.77000000
1773932400000,8.95000000,9.00000000,8.89000000,8.97000000,254418.40000000
1773936000000,8.97000000,8.97000000,8.91000000,8.94000000,146056.71000000
1773939600000,8.93000000,9.02000000,8.89000000,9.00000000,150126.20000000
1773943200000,8.99000000,9.00000000,8.96000000,9.00000000,89183.68000000
1773946800000,9.00000000,9.10000000,9.00000000,9.03000000,262938.47000000
1773950400000,9.03000000,9.08000000,9.02000000,9.05000000,62677.55000000
1773954000000,9.06000000,9.10000000,9.05000000,9.08000000,177918.00000000
1773957600000,9.08000000,9.09000000,9.01000000,9.05000000,158987.16000000
1773961200000,9.05000000,9.08000000,9.01000000,9.04000000,112482.10000000
1773964800000,9.05000000,9.10000000,9.04000000,9.08000000,131774.30000000
1773968400000,9.08000000,9.16000000,9.08000000,9.12000000,145328.78000000
1773972000000,9.13000000,9.13000000,9.04000000,9.09000000,117319.09000000
1773975600000,9.09000000,9.14000000,9.08000000,9.12000000,76900.22000000
1773979200000,9.12000000,9.15000000,9.07000000,9.13000000,91169.80000000
1773982800000,9.12000000,9.16000000,9.09000000,9.12000000,101147.88000000
1773986400000,9.11000000,9.12000000,9.07000000,9.07000000,102523.27000000
1773990000000,9.08000000,9.14000000,9.02000000,9.12000000,117393.59000000
1773993600000,9.12000000,9.21000000,9.10000000,9.15000000,129120.41000000
1773997200000,9.15000000,9.15000000,9.06000000,9.10000000,95997.99000000
1774000800000,9.10000000,9.13000000,9.06000000,9.11000000,85731.27000000
1774004400000,9.10000000,9.16000000,9.05000000,9.08000000,68353.01000000
1774008000000,9.08000000,9.13000000,9.05000000,9.08000000,94126.65000000
1774011600000,9.08000000,9.12000000,9.00000000,9.01000000,242798.99000000
1774015200000,9.01000000,9.09000000,8.99000000,9.00000000,265135.66000000
1774018800000,9.00000000,9.04000000,8.97000000,9.03000000,147739.83000000
1774022400000,9.03000000,9.07000000,9.00000000,9.03000000,209046.79000000
1774026000000,9.03000000,9.05000000,8.96000000,9.04000000,71267.25000000
1774029600000,9.04000000,9.05000000,8.96000000,9.00000000,81096.94000000
1774033200000,9.00000000,9.06000000,8.96000000,9.04000000,130070.46000000
1774036800000,9.04000000,9.05000000,8.98000000,9.03000000,80561.81000000
1774040400000,9.03000000,9.12000000,9.01000000,9.10000000,98639.32000000
1774044000000,9.11000000,9.17000000,9.11000000,9.13000000,110530.09000000
1774047600000,9.13000000,9.14000000,9.09000000,9.12000000,31926.48000000
1774051200000,9.11000000,9.16000000,9.11000000,9.13000000,92601.20000000
1774054800000,9.14000000,9.17000000,9.12000000,9.12000000,70581.13000000
1774058400000,9.13000000,9.17000000,9.10000000,9.16000000,48387.74000000
1774062000000,9.16000000,9.17000000,9.12000000,9.13000000,73822.32000000
1774065600000,9.13000000,9.15000000,9.10000000,9.10000000,50140.36000000
1774069200000,9.10000000,9.15000000,9.10000000,9.12000000,37413.17000000
1774072800000,9.11000000,9.14000000,9.11000000,9.13000000,36809.20000000
1774076400000,9.13000000,9.16000000,9.12000000,9.13000000,113862.76000000
1774080000000,9.12000000,9.14000000,9.10000000,9.14000000,50348.42000000
1774083600000,9.14000000,9.17000000,9.13000000,9.15000000,35915.77000000
1774087200000,9.14000000,9.15000000,9.09000000,9.10000000,33138.70000000
1774090800000,9.10000000,9.11000000,9.09000000,9.11000000,10856.85000000
1774094400000,9.11000000,9.12000000,9.09000000,9.11000000,20148.96000000
1774098000000,9.11000000,9.11000000,9.08000000,9.09000000,23853.47000000
1774101600000,9.09000000,9.15000000,9.06000000,9.07000000,54557.04000000
1774105200000,9.07000000,9.11000000,9.05000000,9.11000000,35450.48000000
1774108800000,9.11000000,9.11000000,9.06000000,9.07000000,47508.52000000
1774112400000,9.07000000,9.09000000,9.05000000,9.08000000,34614.64000000
1774116000000,9.07000000,9.09000000,9.05000000,9.06000000,23290.98000000
1774119600000,9.06000000,9.08000000,9.04000000,9.08000000,85461.37000000
1774123200000,9.07000000,9.11000000,9.06000000,9.11000000,34890.02000000
1774126800000,9.11000000,9.11000000,9.08000000,9.09000000,26943.39000000
1774130400000,9.08000000,9.09000000,9.06000000,9.08000000,36561.32000000
1774134000000,9.07000000,9.08000000,8.76000000,8.82000000,463863.17000000
1774137600000,8.82000000,8.90000000,8.67000000,8.86000000,456863.58000000
1774141200000,8.86000000,8.89000000,8.80000000,8.85000000,148518.10000000
1774144800000,8.84000000,8.93000000,8.83000000,8.89000000,138032.94000000
1774148400000,8.90000000,8.97000000,8.86000000,8.91000000,116729.49000000
1774152000000,8.90000000,8.95000000,8.88000000,8.93000000,153505.00000000
1774155600000,8.93000000,8.94000000,8.89000000,8.89000000,89442.36000000
1774159200000,8.89000000,8.91000000,8.87000000,8.89000000,73078.27000000
1774162800000,8.88000000,8.91000000,8.84000000,8.84000000,79734.56000000
1774166400000,8.84000000,8.85000000,8.77000000,8.83000000,215916.53000000
1774170000000,8.83000000,8.86000000,8.80000000,8.83000000,83286.85000000
1774173600000,8.82000000,8.83000000,8.76000000,8.77000000,73523.97000000
1774177200000,8.77000000,8.79000000,8.74000000,8.76000000,111917.59000000
1774180800000,8.75000000,8.83000000,8.75000000,8.80000000,105535.74000000
1774184400000,8.80000000,8.84000000,8.77000000,8.80000000,93065.68000000
1774188000000,8.79000000,8.83000000,8.76000000,8.78000000,94447.62000000
1774191600000,8.78000000,8.81000000,8.76000000,8.79000000,78418.91000000
1774195200000,8.79000000,8.81000000,8.77000000,8.79000000,55674.18000000
1774198800000,8.78000000,8.79000000,8.76000000,8.76000000,51934.52000000
1774202400000,8.77000000,8.79000000,8.71000000,8.77000000,66597.76000000
1774206000000,8.77000000,8.77000000,8.69000000,8.70000000,129339.32000000
1774209600000,8.71000000,8.75000000,8.67000000,8.70000000,94759.17000000
1774213200000,8.70000000,8.71000000,8.57000000,8.66000000,334753.36000000
1774216800000,8.66000000,8.73000000,8.60000000,8.73000000,174767.35000000
1774220400000,8.73000000,8.77000000,8.68000000,8.68000000,92568.60000000
1774224000000,8.69000000,8.73000000,8.63000000,8.67000000,183328.12000000
1774227600000,8.68000000,8.74000000,8.65000000,8.69000000,127475.33000000
1774231200000,8.69000000,8.78000000,8.68000000,8.74000000,109474.82000000
1774234800000,8.74000000,8.78000000,8.70000000,8.70000000,95759.65000000
1774238400000,8.71000000,8.76000000,8.70000000,8.76000000,98608.53000000
1774242000000,8.76000000,8.79000000,8.73000000,8.77000000,105331.08000000
1774245600000,8.76000000,8.76000000,8.59000000,8.64000000,160199.08000000
1774249200000,8.63000000,8.68000000,8.58000000,8.65000000,185734.57000000
1774252800000,8.65000000,8.70000000,8.62000000,8.64000000,80760.31000000
1774256400000,8.64000000,8.65000000,8.58000000,8.65000000,103183.18000000
1774260000000,8.65000000,8.70000000,8.62000000,8.65000000,89057.71000000
1774263600000,8.65000000,9.25000000,8.65000000,8.97000000,1863862.99000000
1774267200000,8.98000000,9.07000000,8.91000000,9.04000000,400084.40000000
1774270800000,9.04000000,9.18000000,9.01000000,9.17000000,270632.91000000
1774274400000,9.17000000,9.25000000,9.15000000,9.23000000,327301.60000000
1774278000000,9.23000000,9.29000000,9.03000000,9.05000000,467046.64000000
1774281600000,9.05000000,9.12000000,8.99000000,9.05000000,322946.12000000
1774285200000,9.06000000,9.14000000,9.01000000,9.13000000,199290.28000000
1774288800000,9.13000000,9.19000000,9.09000000,9.18000000,221488.88000000
1774292400000,9.18000000,9.22000000,9.12000000,9.13000000,192509.99000000
1774296000000,9.13000000,9.18000000,9.11000000,9.17000000,93623.56000000
1774299600000,9.17000000,9.18000000,9.13000000,9.14000000,135894.42000000
1774303200000,9.14000000,9.15000000,9.09000000,9.12000000,160234.33000000
1774306800000,9.11000000,9.12000000,9.06000000,9.11000000,141867.70000000
1774310400000,9.10000000,9.15000000,9.04000000,9.07000000,253732.26000000
1774314000000,9.06000000,9.09000000,9.01000000,9.05000000,155672.09000000
1774317600000,9.06000000,9.10000000,9.04000000,9.05000000,149887.62000000
1774321200000,9.05000000,9.11000000,9.05000000,9.09000000,88045.12000000
1774324800000,9.09000000,9.13000000,9.04000000,9.07000000,144843.73000000
1774328400000,9.07000000,9.11000000,9.01000000,9.08000000,155528.03000000
1774332000000,9.09000000,9.14000000,9.07000000,9.13000000,107826.82000000
1774335600000,9.14000000,9.26000000,9.13000000,9.24000000,248865.63000000
1774339200000,9.24000000,9.26000000,9.19000000,9.21000000,135250.27000000
1774342800000,9.21000000,9.26000000,9.16000000,9.25000000,116756.89000000
1774346400000,9.26000000,9.26000000,9.21000000,9.23000000,92314.00000000
1774350000000,9.24000000,9.26000000,9.17000000,9.25000000,106927.77000000
1774353600000,9.25000000,9.26000000,9.21000000,9.22000000,115105.70000000
1774357200000,9.22000000,9.24000000,9.09000000,9.12000000,210282.17000000
1774360800000,9.12000000,9.15000000,9.04000000,9.12000000,266700.88000000
1774364400000,9.13000000,9.18000000,9.11000000,9.11000000,199936.18000000
1774368000000,9.12000000,9.16000000,9.07000000,9.09000000,114784.39000000
1774371600000,9.10000000,9.11000000,9.01000000,9.05000000,231678.87000000
1774375200000,9.06000000,9.13000000,9.04000000,9.06000000,145924.08000000
1774378800000,9.07000000,9.11000000,9.05000000,9.05000000,39397.86000000
1774382400000,9.05000000,9.24000000,9.05000000,9.21000000,191760.40000000
1774386000000,9.20000000,9.23000000,9.16000000,9.21000000,103077.11000000
1774389600000,9.22000000,9.25000000,9.17000000,9.20000000,98130.58000000
1774393200000,9.20000000,9.27000000,9.19000000,9.25000000,86380.02000000
1774396800000,9.25000000,9.32000000,9.21000000,9.27000000,93622.07000000
1774400400000,9.27000000,9.29000000,9.23000000,9.25000000,103953.28000000
1774404000000,9.25000000,9.25000000,9.20000000,9.21000000,100622.24000000
1774407600000,9.21000000,9.26000000,9.17000000,9.24000000,79986.15000000
1774411200000,9.25000000,9.28000000,9.23000000,9.27000000,64653.59000000
1774414800000,9.26000000,9.34000000,9.25000000,9.30000000,160173.02000000
1774418400000,9.30000000,9.36000000,9.29000000,9.31000000,209704.60000000
1774422000000,9.32000000,9.36000000,9.28000000,9.28000000,117273.76000000
1774425600000,9.29000000,9.42000000,9.29000000,9.37000000,163113.03000000
1774429200000,9.37000000,9.40000000,9.34000000,9.39000000,83179.14000000
1774432800000,9.39000000,9.40000000,9.37000000,9.38000000,79132.89000000
1774436400000,9.37000000,9.46000000,9.36000000,9.41000000,201233.25000000
1774440000000,9.42000000,9.47000000,9.34000000,9.44000000,207244.03000000
1774443600000,9.44000000,9.50000000,9.42000000,9.44000000,161657.68000000
1774447200000,9.45000000,9.46000000,9.39000000,9.40000000,156458.35000000
1774450800000,9.39000000,9.42000000,9.29000000,9.37000000,140611.72000000
1774454400000,9.36000000,9.47000000,9.34000000,9.42000000,130199.84000000
1774458000000,9.43000000,9.45000000,9.32000000,9.34000000,157771.10000000
1774461600000,9.35000000,9.38000000,9.30000000,9.32000000,121447.53000000
1774465200000,9.33000000,9.37000000,9.31000000,9.35000000,87408.72000000
1774468800000,9.35000000,9.35000000,9.27000000,9.31000000,79787.72000000
1774472400000,9.31000000,9.35000000,9.30000000,9.33000000,52513.38000000
1774476000000,9.33000000,9.40000000,9.32000000,9.39000000,131846.86000000
1774479600000,9.38000000,9.40000000,9.35000000,9.37000000,62124.79000000
1774483200000,9.37000000,9.39000000,9.35000000,9.38000000,68646.98000000
1774486800000,9.38000000,9.39000000,9.34000000,9.35000000,44501.71000000
1774490400000,9.35000000,9.36000000,9.23000000,9.26000000,94181.34000000
1774494000000,9.26000000,9.28000000,9.22000000,9.26000000,64698.43000000
1774497600000,9.26000000,9.26000000,9.22000000,9.22000000,70538.33000000
1774501200000,9.22000000,9.23000000,9.09000000,9.10000000,174069.20000000
1774504800000,9.09000000,9.12000000,9.07000000,9.10000000,173125.24000000
1774508400000,9.10000000,9.12000000,9.06000000,9.10000000,64163.84000000
1774512000000,9.11000000,9.11000000,9.05000000,9.09000000,67034.73000000
1774515600000,9.09000000,9.11000000,8.94000000,8.97000000,282493.78000000
1774519200000,8.97000000,8.98000000,8.93000000,8.98000000,98813.41000000
1774522800000,8.98000000,9.00000000,8.92000000,8.95000000,136351.03000000
1774526400000,8.95000000,8.97000000,8.92000000,8.95000000,49508.78000000
1774530000000,8.95000000,9.03000000,8.93000000,8.99000000,190440.23000000
1774533600000,8.99000000,9.02000000,8.92000000,8.95000000,149272.66000000
1774537200000,8.95000000,8.96000000,8.85000000,8.94000000,178748.35000000
1774540800000,8.94000000,8.94000000,8.90000000,8.90000000,96864.59000000
1774544400000,8.90000000,8.96000000,8.85000000,8.86000000,127676.41000000
1774548000000,8.87000000,8.89000000,8.81000000,8.85000000,148185.87000000
1774551600000,8.86000000,8.86000000,8.81000000,8.83000000,61775.56000000
1774555200000,8.84000000,8.98000000,8.82000000,8.91000000,283427.90000000
1774558800000,8.91000000,8.98000000,8.89000000,8.94000000,132221.35000000
1774562400000,8.95000000,8.96000000,8.89000000,8.93000000,183104.25000000
1774566000000,8.93000000,8.96000000,8.90000000,8.91000000,110296.24000000
1774569600000,8.92000000,8.93000000,8.88000000,8.93000000,141534.20000000
1774573200000,8.93000000,8.97000000,8.91000000,8.97000000,75273.55000000
1774576800000,8.97000000,8.98000000,8.94000000,8.94000000,45440.49000000
1774580400000,8.95000000,8.96000000,8.90000000,8.91000000,143102.79000000
1774584000000,8.91000000,8.91000000,8.84000000,8.89000000,83100.83000000
1774587600000,8.89000000,8.95000000,8.87000000,8.89000000,133290.17000000
1774591200000,8.90000000,8.92000000,8.88000000,8.90000000,85328.82000000
1774594800000,8.90000000,8.93000000,8.87000000,8.90000000,72374.87000000
1774598400000,8.90000000,8.93000000,8.77000000,8.83000000,137655.64000000
1774602000000,8.83000000,8.83000000,8.75000000,8.78000000,94154.13000000
1774605600000,8.78000000,8.79000000,8.56000000,8.60000000,397891.23000000
1774609200000,8.60000000,8.62000000,8.55000000,8.60000000,145374.10000000
1774612800000,8.59000000,8.60000000,8.54000000,8.58000000,141689.08000000
1774616400000,8.58000000,8.63000000,8.52000000,8.56000000,169054.07000000
1774620000000,8.56000000,8.60000000,8.52000000,8.59000000,155079.92000000
1774623600000,8.59000000,8.69000000,8.57000000,8.61000000,185064.46000000
1774627200000,8.61000000,8.62000000,8.56000000,8.58000000,114052.54000000
1774630800000,8.58000000,8.64000000,8.53000000,8.55000000,150037.18000000
1774634400000,8.54000000,8.56000000,8.50000000,8.53000000,155413.94000000
1774638000000,8.54000000,8.57000000,8.48000000,8.54000000,170820.69000000
1774641600000,8.54000000,8.56000000,8.49000000,8.54000000,89469.76000000
1774645200000,8.54000000,8.56000000,8.52000000,8.54000000,46953.49000000
1774648800000,8.53000000,8.55000000,8.51000000,8.53000000,88774.49000000
1774652400000,8.53000000,8.58000000,8.51000000,8.57000000,44273.20000000
1774656000000,8.57000000,8.57000000,8.54000000,8.56000000,35529.19000000
1774659600000,8.56000000,8.56000000,8.50000000,8.54000000,78788.60000000
1774663200000,8.54000000,8.56000000,8.50000000,8.52000000,64314.50000000
1774666800000,8.52000000,8.54000000,8.51000000,8.52000000,28207.91000000
1774670400000,8.52000000,8.54000000,8.50000000,8.53000000,33342.65000000
1774674000000,8.53000000,8.55000000,8.51000000,8.54000000,54040.87000000
1774677600000,8.54000000,8.58000000,8.52000000,8.56000000,60445.78000000
1774681200000,8.56000000,8.61000000,8.55000000,8.60000000,72848.75000000
1774684800000,8.61000000,8.62000000,8.55000000,8.55000000,68042.32000000
1774688400000,8.56000000,8.56000000,8.52000000,8.53000000,46300.03000000
1774692000000,8.54000000,8.58000000,8.48000000,8.53000000,112043.54000000
1774695600000,8.53000000,8.55000000,8.51000000,8.55000000,19288.09000000
1774699200000,8.55000000,8.57000000,8.51000000,8.51000000,65587.44000000
1774702800000,8.51000000,8.68000000,8.51000000,8.63000000,197521.08000000
1774706400000,8.63000000,8.66000000,8.58000000,8.61000000,136965.42000000
1774710000000,8.61000000,8.70000000,8.60000000,8.64000000,114690.61000000
1774713600000,8.64000000,8.65000000,8.62000000,8.64000000,97020.32000000
1774717200000,8.63000000,8.66000000,8.59000000,8.60000000,59397.77000000
1774720800000,8.60000000,8.62000000,8.59000000,8.61000000,42252.58000000
1774724400000,8.60000000,8.61000000,8.58000000,8.61000000,24604.64000000
1774728000000,8.61000000,8.63000000,8.60000000,8.61000000,26542.12000000
1774731600000,8.60000000,8.61000000,8.54000000,8.56000000,49497.70000000
1774735200000,8.55000000,8.58000000,8.55000000,8.57000000,51107.58000000
1774738800000,8.58000000,8.58000000,8.37000000,8.44000000,562323.27000000
1774742400000,8.43000000,8.46000000,8.41000000,8.46000000,71243.76000000
1774746000000,8.47000000,8.50000000,8.45000000,8.49000000,103667.14000000
1774749600000,8.49000000,8.51000000,8.47000000,8.51000000,35685.25000000
1774753200000,8.51000000,8.59000000,8.49000000,8.54000000,76523.33000000
1774756800000,8.55000000,8.55000000,8.51000000,8.52000000,26642.15000000
1774760400000,8.53000000,8.54000000,8.50000000,8.53000000,42548.39000000
1774764000000,8.53000000,8.54000000,8.51000000,8.52000000,34830.34000000
1774767600000,8.52000000,8.53000000,8.49000000,8.52000000,34774.87000000
1774771200000,8.52000000,8.54000000,8.51000000,8.52000000,28949.82000000
1774774800000,8.53000000,8.54000000,8.50000000,8.51000000,73365.95000000
1774778400000,8.50000000,8.50000000,8.46000000,8.48000000,32365.67000000
1774782000000,8.47000000,8.53000000,8.47000000,8.51000000,58359.58000000
1774785600000,8.50000000,8.52000000,8.47000000,8.50000000,24422.88000000
1774789200000,8.50000000,8.50000000,8.41000000,8.43000000,64336.46000000
1774792800000,8.44000000,8.49000000,8.42000000,8.43000000,58978.46000000
1774796400000,8.44000000,8.46000000,8.39000000,8.43000000,76877.98000000
1774800000000,8.43000000,8.47000000,8.41000000,8.44000000,28050.12000000
1774803600000,8.44000000,8.45000000,8.39000000,8.44000000,33643.56000000
1774807200000,8.44000000,8.46000000,8.41000000,8.44000000,41995.46000000
1774810800000,8.44000000,8.45000000,8.41000000,8.42000000,37512.34000000
1774814400000,8.41000000,8.49000000,8.41000000,8.45000000,40990.13000000
1774818000000,8.45000000,8.49000000,8.45000000,8.48000000,23543.81000000
1774821600000,8.48000000,8.48000000,8.20000000,8.38000000,327196.35000000
1774825200000,8.37000000,8.45000000,8.37000000,8.42000000,128543.14000000
1774828800000,8.42000000,8.57000000,8.40000000,8.48000000,189928.84000000
1774832400000,8.48000000,8.57000000,8.48000000,8.55000000,103104.67000000
1774836000000,8.55000000,8.67000000,8.53000000,8.62000000,154250.46000000
1774839600000,8.62000000,8.66000000,8.58000000,8.63000000,71745.86000000
1774843200000,8.63000000,8.70000000,8.63000000,8.68000000,113207.44000000
1774846800000,8.68000000,8.73000000,8.66000000,8.67000000,140544.98000000
1774850400000,8.67000000,8.70000000,8.65000000,8.66000000,74244.32000000
1774854000000,8.66000000,8.76000000,8.66000000,8.75000000,106183.29000000
1774857600000,8.75000000,8.82000000,8.73000000,8.79000000,119355.37000000
1774861200000,8.80000000,8.80000000,8.75000000,8.75000000,96916.62000000
1774864800000,8.75000000,8.79000000,8.72000000,8.77000000,51216.91000000
1774868400000,8.77000000,8.90000000,8.76000000,8.86000000,244134.62000000
1774872000000,8.86000000,8.92000000,8.86000000,8.88000000,191472.30000000
1774875600000,8.89000000,8.93000000,8.83000000,8.84000000,231888.08000000
1774879200000,8.85000000,8.89000000,8.77000000,8.88000000,144124.31000000
1774882800000,8.87000000,8.89000000,8.79000000,8.83000000,82913.82000000
1774886400000,8.83000000,8.85000000,8.78000000,8.81000000,265935.48000000
1774890000000,8.82000000,8.84000000,8.68000000,8.71000000,130259.39000000
1774893600000,8.72000000,8.73000000,8.62000000,8.66000000,67637.31000000
1774897200000,8.65000000,8.66000000,8.57000000,8.63000000,93459.90000000
1774900800000,8.62000000,8.66000000,8.61000000,8.63000000,38939.67000000
1774904400000,8.63000000,8.73000000,8.62000000,8.69000000,74518.99000000
1774908000000,8.68000000,8.70000000,8.63000000,8.65000000,92216.36000000
1774911600000,8.65000000,8.65000000,8.58000000,8.62000000,101110.12000000
1774915200000,8.63000000,8.68000000,8.59000000,8.66000000,119302.55000000
1774918800000,8.65000000,8.86000000,8.64000000,8.80000000,128989.87000000
1774922400000,8.79000000,8.83000000,8.77000000,8.79000000,43839.64000000
1774926000000,8.78000000,8.80000000,8.74000000,8.74000000,69253.93000000
1774929600000,8.74000000,8.78000000,8.72000000,8.73000000,64627.98000000
1774933200000,8.73000000,8.78000000,8.69000000,8.76000000,58923.08000000
1774936800000,8.76000000,8.77000000,8.71000000,8.74000000,48564.01000000
1774940400000,8.74000000,8.74000000,8.67000000,8.71000000,62877.74000000
1774944000000,8.71000000,8.72000000,8.63000000,8.64000000,94486.87000000
1774947600000,8.63000000,8.66000000,8.50000000,8.52000000,168518.80000000
1774951200000,8.53000000,8.58000000,8.52000000,8.57000000,79730.44000000
1774954800000,8.56000000,8.64000000,8.55000000,8.62000000,126432.70000000
1774958400000,8.62000000,8.68000000,8.60000000,8.63000000,69356.91000000
1774962000000,8.63000000,8.78000000,8.63000000,8.74000000,171996.05000000
1774965600000,8.75000000,8.81000000,8.59000000,8.63000000,218085.21000000
1774969200000,8.63000000,8.74000000,8.62000000,8.63000000,82922.59000000
1774972800000,8.63000000,8.85000000,8.63000000,8.78000000,242058.12000000
1774976400000,8.79000000,8.89000000,8.75000000,8.76000000,264371.59000000
1774980000000,8.77000000,8.84000000,8.77000000,8.80000000,61963.99000000
1774983600000,8.80000000,8.81000000,8.75000000,8.77000000,83094.95000000
1774987200000,8.78000000,8.82000000,8.77000000,8.80000000,53518.63000000
1774990800000,8.81000000,8.81000000,8.74000000,8.77000000,48721.17000000
1774994400000,8.77000000,8.78000000,8.71000000,8.75000000,81323.11000000
1774998000000,8.75000000,8.80000000,8.73000000,8.78000000,76141.57000000
1775001600000,8.78000000,8.83000000,8.75000000,8.83000000,69079.04000000
1775005200000,8.83000000,8.84000000,8.75000000,8.76000000,83392.97000000
1775008800000,8.76000000,8.79000000,8.74000000,8.76000000,45116.42000000
1775012400000,8.76000000,8.83000000,8.76000000,8.82000000,47095.36000000
1775016000000,8.83000000,8.86000000,8.79000000,8.85000000,48123.94000000
1775019600000,8.85000000,8.95000000,8.82000000,8.91000000,121816.09000000
1775023200000,8.92000000,9.11000000,8.91000000,9.10000000,240130.13000000
1775026800000,9.10000000,9.20000000,9.04000000,9.06000000,360061.27000000
1775030400000,9.06000000,9.11000000,9.04000000,9.05000000,214470.26000000
1775034000000,9.06000000,9.06000000,8.98000000,9.04000000,104318.64000000
1775037600000,9.05000000,9.06000000,9.00000000,9.03000000,69213.92000000
1775041200000,9.02000000,9.04000000,9.00000000,9.02000000,51091.37000000
1775044800000,9.03000000,9.10000000,8.98000000,8.99000000,263183.48000000
1775048400000,8.99000000,9.03000000,8.92000000,8.95000000,168769.42000000
1775052000000,8.95000000,9.01000000,8.93000000,9.00000000,181778.73000000
1775055600000,9.01000000,9.02000000,8.94000000,9.01000000,101106.56000000
1775059200000,9.00000000,9.07000000,8.95000000,9.04000000,130290.11000000
1775062800000,9.05000000,9.14000000,8.98000000,9.01000000,119907.75000000
1775066400000,9.01000000,9.02000000,8.95000000,8.96000000,101682.67000000
1775070000000,8.96000000,9.03000000,8.96000000,9.02000000,68419.15000000
1775073600000,9.02000000,9.03000000,8.93000000,8.97000000,207369.72000000
1775077200000,8.97000000,9.04000000,8.97000000,9.01000000,137065.04000000
1775080800000,9.00000000,9.02000000,8.94000000,8.94000000,112110.86000000
1775084400000,8.95000000,8.97000000,8.92000000,8.94000000,75743.05000000
1775088000000,8.94000000,9.01000000,8.93000000,9.00000000,98650.04000000
1775091600000,8.99000000,9.00000000,8.68000000,8.74000000,450894.35000000
1775095200000,8.74000000,8.76000000,8.59000000,8.62000000,247768.01000000
1775098800000,8.62000000,8.64000000,8.52000000,8.56000000,208876.13000000
1775102400000,8.56000000,8.58000000,8.51000000,8.51000000,131356.60000000
1775106000000,8.52000000,8.56000000,8.50000000,8.55000000,133534.67000000
1775109600000,8.54000000,8.57000000,8.52000000,8.56000000,98463.73000000
1775113200000,8.56000000,8.57000000,8.53000000,8.56000000,122728.87000000
1775116800000,8.56000000,8.57000000,8.50000000,8.50000000,80065.72000000
1775120400000,8.51000000,8.53000000,8.48000000,8.50000000,112614.51000000
1775124000000,8.51000000,8.52000000,8.47000000,8.50000000,123253.74000000
1775127600000,8.51000000,8.52000000,8.45000000,8.49000000,117072.64000000
1775131200000,8.49000000,8.50000000,8.46000000,8.47000000,68955.22000000
1775134800000,8.47000000,8.50000000,8.42000000,8.49000000,185856.93000000
1775138400000,8.49000000,8.64000000,8.48000000,8.60000000,275417.96000000
1775142000000,8.61000000,8.61000000,8.53000000,8.56000000,181606.36000000
1775145600000,8.57000000,8.65000000,8.54000000,8.61000000,119097.05000000
1775149200000,8.60000000,8.66000000,8.53000000,8.53000000,151726.21000000
1775152800000,8.53000000,8.61000000,8.52000000,8.60000000,64038.83000000
1775156400000,8.60000000,8.63000000,8.56000000,8.61000000,45628.02000000
1775160000000,8.61000000,8.66000000,8.58000000,8.64000000,123018.27000000
1775163600000,8.63000000,8.65000000,8.60000000,8.64000000,37469.05000000
1775167200000,8.64000000,8.65000000,8.60000000,8.63000000,92014.12000000
1775170800000,8.63000000,8.64000000,8.60000000,8.63000000,50984.64000000
1775174400000,8.63000000,8.65000000,8.60000000,8.62000000,51294.94000000
1775178000000,8.62000000,8.67000000,8.60000000,8.62000000,71036.67000000
1775181600000,8.63000000,8.67000000,8.59000000,8.64000000,56707.12000000
1775185200000,8.64000000,8.68000000,8.62000000,8.66000000,68753.13000000
1775188800000,8.66000000,8.69000000,8.64000000,8.68000000,62766.92000000
1775192400000,8.68000000,8.73000000,8.65000000,8.69000000,62111.63000000
1775196000000,8.69000000,8.73000000,8.67000000,8.73000000,56860.52000000
1775199600000,8.73000000,8.77000000,8.69000000,8.72000000,34523.42000000
1775203200000,8.72000000,8.75000000,8.70000000,8.71000000,33860.67000000
1775206800000,8.71000000,8.73000000,8.67000000,8.70000000,21382.79000000
1775210400000,8.70000000,8.71000000,8.66000000,8.70000000,29994.86000000
1775214000000,8.70000000,8.73000000,8.69000000,8.72000000,45529.59000000
1775217600000,8.73000000,8.81000000,8.67000000,8.68000000,149593.61000000
1775221200000,8.69000000,8.70000000,8.65000000,8.70000000,50620.02000000
1775224800000,8.70000000,8.74000000,8.68000000,8.73000000,36226.68000000
1775228400000,8.72000000,8.74000000,8.69000000,8.69000000,52861.92000000
1775232000000,8.70000000,8.73000000,8.68000000,8.72000000,52638.62000000
1775235600000,8.72000000,8.73000000,8.67000000,8.69000000,39613.07000000
1775239200000,8.69000000,8.72000000,8.66000000,8.67000000,58664.91000000
1775242800000,8.67000000,8.69000000,8.64000000,8.67000000,39878.94000000
1775246400000,8.67000000,8.70000000,8.67000000,8.69000000,30192.80000000
1775250000000,8.68000000,8.72000000,8.67000000,8.69000000,40300.43000000
1775253600000,8.70000000,8.70000000,8.64000000,8.65000000,42408.08000000
1775257200000,8.65000000,8.67000000,8.64000000,8.65000000,46891.91000000
1775260800000,8.65000000,8.66000000,8.62000000,8.65000000,51969.28000000
1775264400000,8.64000000,8.66000000,8.62000000,8.65000000,46734.97000000
1775268000000,8.64000000,8.66000000,8.62000000,8.64000000,21680.86000000
1775271600000,8.64000000,8.66000000,8.64000000,8.64000000,13063.96000000
1775275200000,8.65000000,8.66000000,8.63000000,8.66000000,15892.27000000
1775278800000,8.66000000,8.67000000,8.64000000,8.64000000,34735.77000000
1775282400000,8.64000000,8.69000000,8.63000000,8.68000000,21000.10000000
1775286000000,8.68000000,8.68000000,8.65000000,8.66000000,15894.25000000
1775289600000,8.66000000,8.68000000,8.64000000,8.65000000,9449.37000000
1775293200000,8.65000000,8.66000000,8.63000000,8.64000000,17007.43000000
1775296800000,8.64000000,8.68000000,8.62000000,8.67000000,23878.18000000
1775300400000,8.67000000,8.68000000,8.65000000,8.66000000,31375.49000000
1775304000000,8.66000000,8.67000000,8.63000000,8.65000000,15293.56000000
1775307600000,8.65000000,8.67000000,8.63000000,8.66000000,66110.87000000
1775311200000,8.66000000,8.67000000,8.61000000,8.66000000,34911.12000000
1775314800000,8.66000000,8.71000000,8.65000000,8.69000000,58684.93000000
1775318400000,8.69000000,8.73000000,8.67000000,8.67000000,41079.52000000
1775322000000,8.67000000,8.71000000,8.66000000,8.70000000,20373.97000000
1775325600000,8.70000000,8.71000000,8.68000000,8.70000000,22417.73000000
1775329200000,8.70000000,8.78000000,8.69000000,8.72000000,70315.63000000
1775332800000,8.73000000,8.73000000,8.69000000,8.70000000,24005.03000000
1775336400000,8.70000000,8.72000000,8.68000000,8.70000000,21350.45000000
1775340000000,8.70000000,8.73000000,8.70000000,8.71000000,32135.31000000
1775343600000,8.71000000,8.72000000,8.67000000,8.69000000,56923.98000000
1775347200000,8.70000000,8.70000000,8.67000000,8.68000000,62718.77000000
1775350800000,8.69000000,8.70000000,8.65000000,8.65000000,30398.37000000
1775354400000,8.65000000,8.67000000,8.64000000,8.66000000,29985.12000000
1775358000000,8.66000000,8.67000000,8.64000000,8.65000000,17578.94000000
1775361600000,8.65000000,8.66000000,8.63000000,8.64000000,11145.86000000
1775365200000,8.64000000,8.65000000,8.59000000,8.61000000,36062.72000000
1775368800000,8.61000000,8.61000000,8.51000000,8.56000000,106560.88000000
1775372400000,8.56000000,8.58000000,8.52000000,8.54000000,52800.62000000
1775376000000,8.53000000,8.56000000,8.53000000,8.55000000,44304.36000000
1775379600000,8.55000000,8.57000000,8.54000000,8.56000000,35339.42000000
1775383200000,8.56000000,8.58000000,8.53000000,8.54000000,46640.03000000
1775386800000,8.54000000,8.56000000,8.53000000,8.55000000,20645.87000000
1775390400000,8.54000000,8.55000000,8.47000000,8.50000000,71682.03000000
1775394000000,8.51000000,8.54000000,8.48000000,8.54000000,47975.45000000
1775397600000,8.54000000,8.56000000,8.52000000,8.55000000,45826.65000000
1775401200000,8.55000000,8.68000000,8.52000000,8.60000000,89497.89000000
1775404800000,8.60000000,8.62000000,8.58000000,8.59000000,24281.92000000
1775408400000,8.59000000,8.63000000,8.57000000,8.62000000,23602.35000000
1775412000000,8.63000000,8.63000000,8.59000000,8.61000000,29676.48000000
1775415600000,8.62000000,8.65000000,8.60000000,8.63000000,19343.90000000
1775419200000,8.63000000,8.67000000,8.61000000,8.66000000,40723.55000000
1775422800000,8.66000000,8.66000000,8.58000000,8.61000000,53724.67000000
1775426400000,8.61000000,8.73000000,8.56000000,8.71000000,184621.00000000
1775430000000,8.72000000,8.87000000,8.69000000,8.82000000,219355.56000000
1775433600000,8.83000000,8.98000000,8.82000000,8.92000000,189803.23000000
1775437200000,8.92000000,8.94000000,8.87000000,8.88000000,122856.44000000
1775440800000,8.88000000,9.03000000,8.88000000,8.97000000,106860.02000000
1775444400000,8.98000000,8.99000000,8.91000000,8.92000000,79321.39000000
1775448000000,8.93000000,8.96000000,8.91000000,8.95000000,56990.43000000
1775451600000,8.95000000,8.96000000,8.92000000,8.95000000,74085.93000000
1775455200000,8.96000000,9.01000000,8.90000000,8.93000000,222265.97000000
1775458800000,8.93000000,8.99000000,8.90000000,8.96000000,79218.38000000
1775462400000,8.96000000,9.02000000,8.95000000,8.98000000,94261.11000000
1775466000000,8.98000000,9.15000000,8.98000000,9.08000000,294207.28000000
1775469600000,9.09000000,9.11000000,9.05000000,9.06000000,95473.10000000
1775473200000,9.06000000,9.07000000,9.02000000,9.05000000,64894.60000000
1775476800000,9.05000000,9.06000000,9.01000000,9.02000000,64193.06000000
1775480400000,9.02000000,9.05000000,9.00000000,9.03000000,153019.41000000
1775484000000,9.03000000,9.09000000,8.99000000,9.06000000,169559.05000000
1775487600000,9.06000000,9.09000000,9.04000000,9.08000000,73820.88000000
1775491200000,9.08000000,9.11000000,9.00000000,9.01000000,102469.66000000
1775494800000,9.00000000,9.01000000,8.94000000,9.00000000,62883.22000000
1775498400000,8.99000000,9.04000000,8.98000000,9.01000000,43399.36000000
1775502000000,9.01000000,9.01000000,8.96000000,8.99000000,43874.80000000
1775505600000,8.99000000,9.02000000,8.97000000,9.00000000,81557.00000000
1775509200000,8.99000000,9.00000000,8.94000000,8.95000000,87585.31000000
1775512800000,8.95000000,8.97000000,8.81000000,8.82000000,131494.97000000
1775516400000,8.82000000,8.82000000,8.72000000,8.81000000,188364.76000000
1775520000000,8.80000000,8.85000000,8.79000000,8.82000000,101509.05000000
1775523600000,8.81000000,8.83000000,8.74000000,8.75000000,60821.49000000
1775527200000,8.75000000,8.80000000,8.72000000,8.78000000,78217.53000000
1775530800000,8.79000000,8.80000000,8.77000000,8.80000000,62424.10000000
1775534400000,8.80000000,8.83000000,8.76000000,8.81000000,91603.96000000
1775538000000,8.81000000,8.81000000,8.75000000,8.77000000,62322.77000000
1775541600000,8.78000000,8.78000000,8.73000000,8.75000000,47046.38000000
1775545200000,8.76000000,8.79000000,8.74000000,8.77000000,42251.09000000
1775548800000,8.77000000,8.84000000,8.77000000,8.83000000,209478.52000000
1775552400000,8.83000000,8.90000000,8.82000000,8.86000000,92271.33000000
1775556000000,8.86000000,8.88000000,8.69000000,8.70000000,186895.42000000
1775559600000,8.70000000,8.71000000,8.67000000,8.68000000,55369.03000000
1775563200000,8.68000000,8.71000000,8.62000000,8.68000000,372088.18000000
1775566800000,8.68000000,8.71000000,8.61000000,8.62000000,136119.47000000
1775570400000,8.62000000,8.65000000,8.57000000,8.59000000,208596.96000000
1775574000000,8.59000000,8.65000000,8.57000000,8.62000000,195159.26000000
1775577600000,8.61000000,8.66000000,8.59000000,8.61000000,133713.94000000
1775581200000,8.61000000,8.73000000,8.59000000,8.67000000,190979.97000000
1775584800000,8.67000000,8.67000000,8.59000000,8.61000000,83169.44000000
1775588400000,8.61000000,8.76000000,8.60000000,8.75000000,273409.69000000
1775592000000,8.75000000,8.79000000,8.71000000,8.72000000,188332.55000000
1775595600000,8.73000000,8.92000000,8.73000000,8.89000000,392400.29000000
1775599200000,8.89000000,9.20000000,8.89000000,9.20000000,868497.28000000
1775602800000,9.20000000,9.42000000,9.20000000,9.29000000,993919.05000000
1775606400000,9.29000000,9.34000000,9.19000000,9.22000000,541715.44000000
1775610000000,9.23000000,9.25000000,9.19000000,9.23000000,220617.49000000
1775613600000,9.23000000,9.29000000,9.19000000,9.20000000,266431.32000000
1775617200000,9.20000000,9.23000000,9.17000000,9.17000000,169055.82000000
1775620800000,9.18000000,9.26000000,9.18000000,9.22000000,154144.57000000
1775624400000,9.22000000,9.26000000,9.22000000,9.23000000,93859.13000000
1775628000000,9.23000000,9.26000000,9.20000000,9.23000000,120484.36000000
1775631600000,9.24000000,9.28000000,9.21000000,9.26000000,112188.24000000
1775635200000,9.26000000,9.27000000,9.23000000,9.25000000,93068.57000000
1775638800000,9.26000000,9.27000000,9.19000000,9.21000000,69160.50000000
1775642400000,9.22000000,9.24000000,9.18000000,9.19000000,44344.62000000
1775646000000,9.19000000,9.22000000,9.15000000,9.19000000,85971.67000000
1775649600000,9.19000000,9.22000000,9.17000000,9.21000000,132962.95000000
1775653200000,9.21000000,9.27000000,9.14000000,9.16000000,256535.09000000
1775656800000,9.16000000,9.17000000,8.97000000,9.00000000,298525.70000000
1775660400000,8.99000000,9.05000000,8.98000000,9.03000000,158639.99000000
1775664000000,9.03000000,9.08000000,9.02000000,9.06000000,53190.03000000
1775667600000,9.07000000,9.12000000,9.04000000,9.11000000,101557.67000000
1775671200000,9.11000000,9.11000000,8.96000000,8.96000000,98419.29000000
1775674800000,8.96000000,8.99000000,8.93000000,8.99000000,111455.64000000
1775678400000,8.99000000,9.00000000,8.95000000,8.98000000,51440.14000000
1775682000000,8.97000000,9.04000000,8.96000000,9.00000000,63587.12000000
1775685600000,9.01000000,9.01000000,8.92000000,8.93000000,163977.09000000
1775689200000,8.93000000,8.93000000,8.84000000,8.85000000,228897.89000000
1775692800000,8.85000000,8.86000000,8.75000000,8.78000000,234109.76000000
1775696400000,8.77000000,8.78000000,8.68000000,8.76000000,287733.75000000
1775700000000,8.76000000,8.78000000,8.73000000,8.77000000,165894.15000000
1775703600000,8.78000000,8.79000000,8.73000000,8.75000000,97312.29000000
1775707200000,8.75000000,8.79000000,8.74000000,8.76000000,95878.86000000
1775710800000,8.76000000,8.80000000,8.75000000,8.76000000,183035.22000000
1775714400000,8.76000000,8.80000000,8.75000000,8.77000000,90040.20000000
1775718000000,8.78000000,8.80000000,8.75000000,8.75000000,113930.70000000
1775721600000,8.75000000,8.79000000,8.74000000,8.78000000,165070.25000000
1775725200000,8.78000000,8.80000000,8.75000000,8.79000000,119098.50000000
1775728800000,8.79000000,8.80000000,8.77000000,8.77000000,75860.47000000
1775732400000,8.77000000,8.79000000,8.74000000,8.77000000,96872.91000000
1775736000000,8.77000000,8.81000000,8.76000000,8.80000000,121703.67000000
1775739600000,8.80000000,8.80000000,8.71000000,8.74000000,178982.13000000
1775743200000,8.73000000,8.81000000,8.69000000,8.79000000,154957.60000000
1775746800000,8.79000000,8.98000000,8.75000000,8.95000000,339020.84000000
1775750400000,8.95000000,8.99000000,8.86000000,8.94000000,215766.13000000
1775754000000,8.94000000,9.02000000,8.93000000,9.02000000,167073.80000000
1775757600000,9.02000000,9.02000000,8.92000000,8.97000000,90113.54000000
1775761200000,8.97000000,9.04000000,8.95000000,9.01000000,107205.62000000
1775764800000,9.01000000,9.04000000,8.99000000,9.02000000,176516.86000000
1775768400000,9.02000000,9.07000000,9.01000000,9.04000000,150394.06000000
1775772000000,9.03000000,9.19000000,9.01000000,9.02000000,264649.74000000
1775775600000,9.02000000,9.03000000,8.93000000,8.95000000,144059.65000000
1775779200000,8.95000000,8.97000000,8.90000000,8.95000000,108937.75000000
1775782800000,8.95000000,9.01000000,8.89000000,8.95000000,128358.50000000
1775786400000,8.95000000,8.99000000,8.93000000,8.94000000,61625.99000000
1775790000000,8.95000000,8.96000000,8.90000000,8.91000000,110836.91000000
1775793600000,8.92000000,8.98000000,8.91000000,8.97000000,51530.13000000
1775797200000,8.97000000,9.00000000,8.94000000,8.97000000,89554.77000000
1775800800000,8.97000000,8.99000000,8.90000000,8.92000000,57751.01000000
1775804400000,8.93000000,8.94000000,8.88000000,8.90000000,51703.73000000
1775808000000,8.90000000,8.95000000,8.88000000,8.91000000,66968.84000000
1775811600000,8.91000000,8.98000000,8.90000000,8.97000000,122709.68000000
1775815200000,8.97000000,8.97000000,8.93000000,8.94000000,59797.72000000
1775818800000,8.93000000,9.02000000,8.93000000,8.99000000,76185.61000000
1775822400000,8.99000000,9.05000000,8.97000000,9.01000000,180845.54000000
1775826000000,9.01000000,9.05000000,8.97000000,9.02000000,88576.87000000
1775829600000,9.02000000,9.15000000,9.01000000,9.13000000,285140.65000000
1775833200000,9.13000000,9.17000000,9.04000000,9.05000000,193450.90000000
1775836800000,9.06000000,9.13000000,9.04000000,9.11000000,118327.10000000
1775840400000,9.11000000,9.12000000,9.06000000,9.11000000,50671.37000000
1775844000000,9.11000000,9.14000000,9.09000000,9.14000000,61419.86000000
1775847600000,9.14000000,9.16000000,9.11000000,9.16000000,63923.96000000
1775851200000,9.16000000,9.18000000,9.11000000,9.16000000,73632.37000000
1775854800000,9.16000000,9.16000000,9.10000000,9.14000000,57299.81000000
1775858400000,9.14000000,9.15000000,9.07000000,9.09000000,101869.26000000
1775862000000,9.10000000,9.10000000,9.06000000,9.09000000,72568.23000000
1775865600000,9.09000000,9.10000000,9.05000000,9.06000000,41684.30000000
1775869200000,9.06000000,9.09000000,9.03000000,9.08000000,60508.97000000
1775872800000,9.08000000,9.11000000,9.06000000,9.08000000,39574.22000000
1775876400000,9.09000000,9.12000000,9.05000000,9.05000000,49243.05000000
1775880000000,9.06000000,9.08000000,9.04000000,9.05000000,37966.22000000
1775883600000,9.06000000,9.06000000,8.99000000,8.99000000,77252.51000000
1775887200000,8.99000000,9.01000000,8.97000000,9.01000000,46184.50000000
1775890800000,9.01000000,9.02000000,8.99000000,9.01000000,27228.48000000
1775894400000,9.01000000,9.03000000,8.99000000,9.00000000,30332.63000000
1775898000000,9.00000000,9.06000000,8.99000000,9.03000000,40315.06000000
1775901600000,9.04000000,9.04000000,9.00000000,9.00000000,34276.37000000
1775905200000,9.00000000,9.02000000,8.99000000,9.01000000,34418.06000000
1775908800000,9.01000000,9.03000000,8.99000000,9.02000000,29510.27000000
1775912400000,9.01000000,9.01000000,8.95000000,8.99000000,106245.91000000
1775916000000,8.98000000,9.01000000,8.96000000,8.99000000,45733.62000000
1775919600000,8.98000000,9.05000000,8.98000000,9.03000000,61588.96000000
1775923200000,9.03000000,9.12000000,9.02000000,9.09000000,120266.48000000
1775926800000,9.10000000,9.11000000,9.07000000,9.09000000,74669.49000000
1775930400000,9.09000000,9.24000000,9.06000000,9.20000000,279393.47000000
1775934000000,9.21000000,9.28000000,9.20000000,9.27000000,167872.98000000
1775937600000,9.27000000,9.27000000,9.16000000,9.19000000,99294.68000000
1775941200000,9.19000000,9.20000000,9.14000000,9.18000000,57392.20000000
1775944800000,9.17000000,9.22000000,9.12000000,9.14000000,91258.85000000
1775948400000,9.14000000,9.14000000,9.04000000,9.06000000,93914.40000000
1775952000000,9.06000000,9.07000000,9.03000000,9.06000000,75943.55000000
1775955600000,9.06000000,9.09000000,8.76000000,8.80000000,466866.15000000
1775959200000,8.79000000,8.85000000,8.75000000,8.84000000,319016.13000000
1775962800000,8.84000000,8.85000000,8.80000000,8.80000000,125655.60000000
1775966400000,8.80000000,8.80000000,8.76000000,8.77000000,90791.22000000
1775970000000,8.78000000,8.81000000,8.75000000,8.80000000,82568.75000000
1775973600000,8.80000000,8.82000000,8.78000000,8.79000000,76422.48000000
1775977200000,8.79000000,8.82000000,8.76000000,8.79000000,119668.11000000
1775980800000,8.80000000,8.81000000,8.79000000,8.80000000,54250.73000000
1775984400000,8.81000000,8.81000000,8.77000000,8.79000000,62641.29000000
1775988000000,8.78000000,8.81000000,8.74000000,8.77000000,118041.82000000
1775991600000,8.77000000,8.80000000,8.75000000,8.79000000,49912.64000000
1775995200000,8.78000000,8.83000000,8.75000000,8.76000000,112970.02000000
1775998800000,8.75000000,8.79000000,8.72000000,8.73000000,127301.87000000
1776002400000,8.73000000,8.76000000,8.69000000,8.71000000,201649.65000000
1776006000000,8.71000000,8.73000000,8.68000000,8.72000000,70970.42000000
1776009600000,8.72000000,8.74000000,8.70000000,8.73000000,77354.26000000
1776013200000,8.73000000,8.79000000,8.72000000,8.78000000,82457.91000000
1776016800000,8.79000000,8.80000000,8.76000000,8.77000000,67022.35000000
1776020400000,8.77000000,8.79000000,8.76000000,8.77000000,32035.55000000
1776024000000,8.76000000,8.84000000,8.74000000,8.83000000,84770.11000000
1776027600000,8.83000000,8.84000000,8.79000000,8.83000000,73989.35000000
1776031200000,8.82000000,8.82000000,8.71000000,8.77000000,191574.63000000
1776034800000,8.76000000,8.76000000,8.71000000,8.73000000,102643.09000000
1776038400000,8.73000000,8.80000000,8.72000000,8.79000000,116162.37000000
1776042000000,8.80000000,8.83000000,8.78000000,8.83000000,58831.22000000
1776045600000,8.82000000,8.84000000,8.79000000,8.79000000,85939.37000000
1776049200000,8.80000000,8.80000000,8.75000000,8.77000000,217191.08000000
1776052800000,8.78000000,8.80000000,8.74000000,8.75000000,49283.33000000
1776056400000,8.75000000,8.76000000,8.72000000,8.74000000,80264.91000000
1776060000000,8.74000000,8.81000000,8.74000000,8.78000000,177425.60000000
1776063600000,8.79000000,8.79000000,8.71000000,8.72000000,86364.74000000
1776067200000,8.72000000,8.74000000,8.69000000,8.72000000,67280.74000000
1776070800000,8.72000000,8.76000000,8.72000000,8.74000000,49778.00000000
1776074400000,8.74000000,8.74000000,8.69000000,8.70000000,44462.86000000
1776078000000,8.71000000,8.74000000,8.70000000,8.74000000,36470.08000000
1776081600000,8.73000000,8.78000000,8.69000000,8.76000000,90656.06000000
1776085200000,8.76000000,8.85000000,8.72000000,8.84000000,136626.31000000
1776088800000,8.85000000,8.92000000,8.77000000,8.91000000,165248.99000000
1776092400000,8.92000000,8.92000000,8.79000000,8.82000000,148452.91000000
1776096000000,8.82000000,8.91000000,8.78000000,8.90000000,227724.12000000
1776099600000,8.90000000,8.96000000,8.87000000,8.87000000,181293.31000000
1776103200000,8.87000000,8.90000000,8.83000000,8.90000000,76228.64000000
1776106800000,8.89000000,9.04000000,8.88000000,9.02000000,191137.77000000
1776110400000,9.02000000,9.03000000,8.95000000,8.96000000,112276.15000000
1776114000000,8.97000000,9.02000000,8.95000000,9.01000000,103793.37000000
1776117600000,9.00000000,9.36000000,9.00000000,9.33000000,707060.55000000
1776121200000,9.33000000,9.44000000,9.28000000,9.36000000,571668.71000000
1776124800000,9.36000000,9.39000000,9.21000000,9.22000000,302799.92000000
1776128400000,9.22000000,9.27000000,9.17000000,9.25000000,225430.60000000
1776132000000,9.25000000,9.27000000,9.22000000,9.23000000,80222.23000000
1776135600000,9.23000000,9.24000000,9.20000000,9.22000000,85430.50000000
1776139200000,9.22000000,9.25000000,9.21000000,9.23000000,436470.81000000
1776142800000,9.23000000,9.23000000,9.14000000,9.16000000,92085.08000000
1776146400000,9.16000000,9.22000000,9.15000000,9.20000000,88985.57000000
1776150000000,9.21000000,9.24000000,9.18000000,9.21000000,157653.65000000
1776153600000,9.21000000,9.26000000,9.18000000,9.23000000,143690.28000000
1776157200000,9.23000000,9.24000000,9.20000000,9.21000000,161201.70000000
1776160800000,9.21000000,9.22000000,9.16000000,9.18000000,65178.60000000
1776164400000,9.18000000,9.20000000,9.16000000,9.18000000,84129.25000000
1776168000000,9.17000000,9.18000000,9.10000000,9.12000000,128556.11000000
1776171600000,9.12000000,9.25000000,9.11000000,9.25000000,230114.40000000
1776175200000,9.25000000,9.30000000,9.14000000,9.15000000,229728.93000000
1776178800000,9.15000000,9.17000000,9.06000000,9.13000000,211352.42000000
1776182400000,9.13000000,9.18000000,9.04000000,9.07000000,136934.21000000
1776186000000,9.08000000,9.12000000,9.03000000,9.09000000,159191.42000000
1776189600000,9.10000000,9.12000000,8.95000000,8.97000000,111906.50000000
1776193200000,8.97000000,9.02000000,8.93000000,8.99000000,151004.87000000
1776196800000,8.99000000,9.03000000,8.97000000,9.00000000,117928.13000000
1776200400000,9.01000000,9.05000000,9.00000000,9.04000000,57363.72000000
1776204000000,9.04000000,9.05000000,8.98000000,9.00000000,96252.13000000
1776207600000,9.00000000,9.04000000,8.99000000,9.02000000,55820.98000000
1776211200000,9.02000000,9.09000000,9.02000000,9.05000000,114458.51000000
1776214800000,9.05000000,9.12000000,9.04000000,9.09000000,83209.82000000
1776218400000,9.08000000,9.10000000,9.03000000,9.06000000,57928.18000000
1776222000000,9.06000000,9.08000000,9.04000000,9.07000000,27276.27000000
1776225600000,9.08000000,9.10000000,9.06000000,9.08000000,74873.64000000
1776229200000,9.08000000,9.12000000,9.02000000,9.04000000,76759.17000000
1776232800000,9.04000000,9.05000000,9.02000000,9.03000000,56835.65000000
1776236400000,9.03000000,9.06000000,8.99000000,9.01000000,118406.29000000
1776240000000,9.01000000,9.10000000,9.00000000,9.08000000,45284.13000000
1776243600000,9.08000000,9.09000000,9.04000000,9.07000000,40303.44000000
1776247200000,9.07000000,9.11000000,9.03000000,9.06000000,79951.43000000
1776250800000,9.07000000,9.16000000,9.06000000,9.14000000,101782.17000000
1776254400000,9.15000000,9.19000000,9.11000000,9.17000000,141875.47000000
1776258000000,9.17000000,9.18000000,9.10000000,9.15000000,169959.73000000
1776261600000,9.14000000,9.22000000,9.13000000,9.20000000,130466.69000000
1776265200000,9.21000000,9.25000000,9.13000000,9.17000000,140527.03000000
1776268800000,9.16000000,9.22000000,9.15000000,9.21000000,99526.66000000
1776272400000,9.21000000,9.26000000,9.20000000,9.25000000,98839.29000000
1776276000000,9.25000000,9.29000000,9.23000000,9.28000000,76392.56000000
1776279600000,9.28000000,9.37000000,9.27000000,9.32000000,211661.36000000
1776283200000,9.33000000,9.34000000,9.25000000,9.29000000,80249.32000000
1776286800000,9.28000000,9.30000000,9.24000000,9.29000000,85686.52000000
1776290400000,9.29000000,9.35000000,9.27000000,9.28000000,125072.32000000
1776294000000,9.27000000,9.28000000,9.22000000,9.26000000,97464.18000000
1776297600000,9.26000000,9.27000000,9.21000000,9.27000000,71467.16000000
1776301200000,9.26000000,9.26000000,9.21000000,9.23000000,41902.37000000
1776304800000,9.24000000,9.34000000,9.24000000,9.28000000,86593.17000000
1776308400000,9.28000000,9.32000000,9.27000000,9.28000000,105092.25000000
1776312000000,9.27000000,9.35000000,9.26000000,9.30000000,144024.74000000
1776315600000,9.30000000,9.37000000,9.28000000,9.31000000,165284.26000000
1776319200000,9.31000000,9.32000000,9.26000000,9.29000000,75512.39000000
1776322800000,9.29000000,9.34000000,9.25000000,9.29000000,154629.51000000
1776326400000,9.30000000,9.33000000,9.27000000,9.29000000,90410.59000000
1776330000000,9.28000000,9.34000000,9.25000000,9.27000000,121901.78000000
1776333600000,9.26000000,9.27000000,9.21000000,9.24000000,91347.74000000
1776337200000,9.25000000,9.29000000,9.24000000,9.28000000,78837.44000000
1776340800000,9.29000000,9.36000000,9.28000000,9.33000000,105691.72000000
1776344400000,9.33000000,9.44000000,9.15000000,9.24000000,388535.60000000
1776348000000,9.24000000,9.27000000,9.11000000,9.24000000,382593.35000000
1776351600000,9.23000000,9.47000000,9.22000000,9.46000000,329207.90000000
1776355200000,9.46000000,9.49000000,9.31000000,9.34000000,283825.43000000
1776358800000,9.34000000,9.44000000,9.31000000,9.41000000,162291.59000000
1776362400000,9.42000000,9.61000000,9.38000000,9.58000000,377591.60000000
1776366000000,9.58000000,9.66000000,9.54000000,9.64000000,229653.69000000
1776369600000,9.65000000,9.68000000,9.49000000,9.54000000,123486.84000000
1776373200000,9.54000000,9.57000000,9.46000000,9.54000000,121388.84000000
1776376800000,9.54000000,9.58000000,9.47000000,9.51000000,202641.36000000
1776380400000,9.50000000,9.61000000,9.50000000,9.59000000,148444.85000000
1776384000000,9.60000000,9.62000000,9.50000000,9.52000000,172004.57000000
1776387600000,9.52000000,9.54000000,9.42000000,9.45000000,157100.53000000
1776391200000,9.45000000,9.48000000,9.39000000,9.43000000,78070.46000000
1776394800000,9.44000000,9.45000000,9.40000000,9.42000000,74182.49000000
1776398400000,9.41000000,9.45000000,9.40000000,9.41000000,51381.64000000
1776402000000,9.41000000,9.41000000,9.34000000,9.34000000,80707.44000000
1776405600000,9.35000000,9.43000000,9.34000000,9.42000000,58700.91000000
1776409200000,9.42000000,9.48000000,9.41000000,9.47000000,59306.16000000
1776412800000,9.47000000,9.57000000,9.46000000,9.54000000,150597.84000000
1776416400000,9.54000000,9.61000000,9.49000000,9.55000000,149472.14000000
1776420000000,9.56000000,9.58000000,9.46000000,9.50000000,116968.05000000
1776423600000,9.50000000,9.57000000,9.49000000,9.51000000,106678.48000000
1776427200000,9.52000000,9.65000000,9.46000000,9.62000000,173927.45000000
1776430800000,9.62000000,9.81000000,9.59000000,9.78000000,437473.36000000
1776434400000,9.79000000,9.87000000,9.76000000,9.82000000,326627.95000000
1776438000000,9.81000000,9.81000000,9.71000000,9.76000000,131884.63000000
1776441600000,9.76000000,9.84000000,9.74000000,9.83000000,171068.89000000
1776445200000,9.83000000,9.83000000,9.67000000,9.74000000,155279.18000000
1776448800000,9.74000000,9.75000000,9.63000000,9.66000000,127782.34000000
1776452400000,9.66000000,9.70000000,9.63000000,9.67000000,68212.81000000
1776456000000,9.67000000,9.69000000,9.60000000,9.64000000,54873.83000000
1776459600000,9.65000000,9.67000000,9.60000000,9.66000000,74392.72000000
1776463200000,9.66000000,9.71000000,9.63000000,9.67000000,85063.14000000
1776466800000,9.66000000,9.67000000,9.58000000,9.62000000,73574.68000000
1776470400000,9.61000000,9.64000000,9.58000000,9.61000000,93863.60000000
1776474000000,9.62000000,9.65000000,9.57000000,9.59000000,82436.47000000
1776477600000,9.59000000,9.63000000,9.56000000,9.61000000,60686.44000000
1776481200000,9.61000000,9.62000000,9.54000000,9.56000000,99416.33000000
1776484800000,9.56000000,9.59000000,9.54000000,9.58000000,48047.45000000
1776488400000,9.57000000,9.62000000,9.57000000,9.60000000,47408.95000000
1776492000000,9.61000000,9.63000000,9.58000000,9.62000000,93403.69000000
1776495600000,9.62000000,9.63000000,9.59000000,9.60000000,45849.92000000
1776499200000,9.61000000,9.61000000,9.44000000,9.49000000,236898.27000000
1776502800000,9.50000000,9.51000000,9.43000000,9.48000000,118400.86000000
1776506400000,9.47000000,9.47000000,9.38000000,9.41000000,286071.16000000
1776510000000,9.40000000,9.42000000,9.33000000,9.41000000,273292.94000000
1776513600000,9.40000000,9.46000000,9.36000000,9.37000000,263127.35000000
1776517200000,9.38000000,9.39000000,9.32000000,9.38000000,174900.72000000
1776520800000,9.38000000,9.42000000,9.36000000,9.40000000,58199.03000000
1776524400000,9.41000000,9.43000000,9.37000000,9.38000000,89205.40000000
1776528000000,9.39000000,9.42000000,9.34000000,9.36000000,85880.53000000
1776531600000,9.36000000,9.39000000,9.34000000,9.37000000,51322.42000000
1776535200000,9.37000000,9.38000000,9.26000000,9.27000000,155004.86000000
1776538800000,9.27000000,9.32000000,9.26000000,9.29000000,52273.91000000
1776542400000,9.29000000,9.33000000,9.26000000,9.31000000,58605.13000000
1776546000000,9.31000000,9.33000000,9.29000000,9.32000000,36045.36000000
1776549600000,9.32000000,9.33000000,9.28000000,9.32000000,49857.03000000
1776553200000,9.33000000,9.35000000,9.28000000,9.28000000,29501.27000000
1776556800000,9.29000000,9.30000000,9.21000000,9.25000000,279900.91000000
1776560400000,9.25000000,9.26000000,9.20000000,9.23000000,85614.17000000
1776564000000,9.23000000,9.23000000,9.16000000,9.20000000,119918.87000000
1776567600000,9.20000000,9.26000000,9.16000000,9.23000000,85085.86000000
1776571200000,9.22000000,9.30000000,9.18000000,9.23000000,224275.19000000
1776574800000,9.23000000,9.25000000,9.20000000,9.20000000,63178.17000000
1776578400000,9.20000000,9.23000000,9.15000000,9.20000000,136021.77000000
1776582000000,9.21000000,9.21000000,9.10000000,9.17000000,200051.04000000
1776585600000,9.17000000,9.19000000,9.15000000,9.17000000,91335.51000000
1776589200000,9.18000000,9.18000000,9.12000000,9.12000000,72487.50000000
1776592800000,9.12000000,9.16000000,9.11000000,9.15000000,43876.92000000
1776596400000,9.15000000,9.23000000,9.14000000,9.21000000,50272.04000000
1776600000000,9.21000000,9.27000000,9.21000000,9.24000000,78958.14000000
1776603600000,9.24000000,9.38000000,9.24000000,9.30000000,164818.62000000
1776607200000,9.30000000,9.35000000,9.26000000,9.32000000,78291.83000000
1776610800000,9.31000000,9.32000000,9.20000000,9.29000000,163359.65000000
1776614400000,9.29000000,9.30000000,9.20000000,9.22000000,90046.82000000
1776618000000,9.22000000,9.23000000,9.13000000,9.14000000,162009.24000000
1776621600000,9.14000000,9.16000000,9.11000000,9.14000000,167956.43000000
1776625200000,9.14000000,9.21000000,9.14000000,9.18000000,102544.11000000
1776628800000,9.18000000,9.18000000,9.11000000,9.14000000,51561.37000000
1776632400000,9.13000000,9.16000000,9.08000000,9.10000000,94046.20000000
1776636000000,9.09000000,9.10000000,9.00000000,9.08000000,262740.32000000
1776639600000,9.08000000,9.08000000,9.02000000,9.06000000,94124.76000000
1776643200000,9.06000000,9.15000000,9.05000000,9.13000000,115632.32000000
1776646800000,9.13000000,9.19000000,9.12000000,9.17000000,56591.26000000
1776650400000,9.17000000,9.18000000,9.12000000,9.15000000,71444.27000000
1776654000000,9.16000000,9.21000000,9.14000000,9.19000000,45913.94000000
1776657600000,9.20000000,9.20000000,9.16000000,9.18000000,28343.64000000
1776661200000,9.19000000,9.19000000,9.10000000,9.12000000,48803.06000000
1776664800000,9.12000000,9.23000000,9.12000000,9.22000000,69756.40000000
1776668400000,9.22000000,9.36000000,9.20000000,9.24000000,270328.89000000
1776672000000,9.25000000,9.26000000,9.16000000,9.17000000,81786.58000000
1776675600000,9.17000000,9.28000000,9.15000000,9.27000000,176165.77000000
1776679200000,9.27000000,9.32000000,9.19000000,9.22000000,334830.98000000
1776682800000,9.22000000,9.23000000,9.19000000,9.21000000,53801.17000000
1776686400000,9.21000000,9.28000000,9.19000000,9.26000000,59872.47000000
1776690000000,9.25000000,9.27000000,9.21000000,9.24000000,96606.43000000
1776693600000,9.24000000,9.30000000,9.16000000,9.19000000,145341.06000000
1776697200000,9.20000000,9.28000000,9.14000000,9.27000000,133772.34000000
1776700800000,9.27000000,9.27000000,9.21000000,9.22000000,52798.22000000
1776704400000,9.22000000,9.32000000,9.20000000,9.29000000,85847.63000000
1776708000000,9.29000000,9.35000000,9.29000000,9.34000000,132902.33000000
1776711600000,9.34000000,9.35000000,9.30000000,9.33000000,59362.64000000
1776715200000,9.32000000,9.37000000,9.30000000,9.36000000,71878.83000000
1776718800000,9.36000000,9.41000000,9.30000000,9.34000000,129514.34000000
1776722400000,9.34000000,9.38000000,9.30000000,9.32000000,92877.96000000
1776726000000,9.31000000,9.31000000,9.26000000,9.29000000,63960.67000000
1776729600000,9.29000000,9.34000000,9.28000000,9.31000000,56354.95000000
1776733200000,9.32000000,9.36000000,9.30000000,9.31000000,45754.58000000
1776736800000,9.31000000,9.32000000,9.28000000,9.29000000,90316.16000000
1776740400000,9.28000000,9.31000000,9.24000000,9.29000000,43479.71000000
1776744000000,9.29000000,9.33000000,9.27000000,9.32000000,76872.44000000
1776747600000,9.33000000,9.38000000,9.32000000,9.35000000,75046.74000000
1776751200000,9.36000000,9.39000000,9.31000000,9.34000000,33840.61000000
1776754800000,9.34000000,9.40000000,9.31000000,9.36000000,85660.76000000
1776758400000,9.37000000,9.45000000,9.34000000,9.38000000,78984.04000000
1776762000000,9.38000000,9.43000000,9.36000000,9.42000000,52064.75000000
1776765600000,9.42000000,9.49000000,9.42000000,9.46000000,58204.86000000
1776769200000,9.47000000,9.47000000,9.37000000,9.42000000,143110.12000000
1776772800000,9.41000000,9.47000000,9.34000000,9.40000000,370248.67000000
1776776400000,9.40000000,9.43000000,9.37000000,9.39000000,94730.39000000
1776780000000,9.39000000,9.47000000,9.35000000,9.38000000,129014.53000000
1776783600000,9.37000000,9.43000000,9.35000000,9.42000000,71477.18000000
1776787200000,9.42000000,9.44000000,9.36000000,9.37000000,83898.35000000
1776790800000,9.36000000,9.39000000,9.27000000,9.34000000,163452.33000000
1776794400000,9.34000000,9.36000000,9.28000000,9.33000000,130952.80000000
1776798000000,9.33000000,9.40000000,9.24000000,9.27000000,111098.35000000
1776801600000,9.26000000,9.41000000,9.26000000,9.37000000,193100.04000000
1776805200000,9.37000000,9.38000000,9.33000000,9.35000000,40377.00000000
1776808800000,9.35000000,9.36000000,9.28000000,9.29000000,89777.36000000
1776812400000,9.29000000,9.42000000,9.29000000,9.40000000,159479.94000000
1776816000000,9.40000000,9.43000000,9.39000000,9.41000000,121345.47000000
1776819600000,9.42000000,9.43000000,9.37000000,9.40000000,75918.15000000
1776823200000,9.40000000,9.53000000,9.39000000,9.52000000,212454.07000000
1776826800000,9.52000000,9.52000000,9.45000000,9.50000000,82289.53000000
1776830400000,9.51000000,9.52000000,9.47000000,9.49000000,52554.73000000
1776834000000,9.49000000,9.56000000,9.48000000,9.53000000,270495.22000000
1776837600000,9.53000000,9.54000000,9.49000000,9.51000000,48741.86000000
1776841200000,9.52000000,9.53000000,9.48000000,9.51000000,80607.32000000
1776844800000,9.50000000,9.53000000,9.47000000,9.51000000,62525.39000000
1776848400000,9.51000000,9.55000000,9.50000000,9.51000000,67335.25000000
1776852000000,9.51000000,9.53000000,9.50000000,9.51000000,46317.33000000
1776855600000,9.52000000,9.54000000,9.50000000,9.53000000,48381.59000000
1776859200000,9.53000000,9.55000000,9.50000000,9.51000000,72430.64000000
1776862800000,9.52000000,9.56000000,9.49000000,9.52000000,179951.72000000
1776866400000,9.52000000,9.55000000,9.46000000,9.51000000,180382.52000000
1776870000000,9.51000000,9.52000000,9.46000000,9.49000000,119488.20000000
1776873600000,9.49000000,9.51000000,9.42000000,9.44000000,94548.24000000
1776877200000,9.43000000,9.48000000,9.43000000,9.47000000,58069.86000000
1776880800000,9.46000000,9.49000000,9.44000000,9.44000000,59288.49000000
1776884400000,9.44000000,9.45000000,9.37000000,9.41000000,81542.74000000
1776888000000,9.42000000,9.42000000,9.37000000,9.38000000,52745.51000000
1776891600000,9.37000000,9.42000000,9.37000000,9.41000000,26807.70000000
1776895200000,9.41000000,9.42000000,9.36000000,9.38000000,83894.99000000
1776898800000,9.37000000,9.38000000,9.28000000,9.29000000,111193.23000000
1776902400000,9.29000000,9.32000000,9.18000000,9.29000000,198158.73000000
1776906000000,9.29000000,9.30000000,9.22000000,9.24000000,108373.07000000
1776909600000,9.24000000,9.25000000,9.17000000,9.20000000,92276.76000000
1776913200000,9.20000000,9.21000000,9.14000000,9.18000000,103677.65000000
1776916800000,9.18000000,9.21000000,9.16000000,9.21000000,44052.32000000
1776920400000,9.21000000,9.23000000,9.18000000,9.22000000,56288.94000000
1776924000000,9.22000000,9.27000000,9.22000000,9.26000000,87434.22000000
1776927600000,9.25000000,9.27000000,9.23000000,9.23000000,48453.82000000
1776931200000,9.23000000,9.25000000,9.20000000,9.22000000,49525.85000000
1776934800000,9.22000000,9.23000000,9.17000000,9.20000000,88588.92000000
1776938400000,9.19000000,9.22000000,9.16000000,9.18000000,158918.83000000
1776942000000,9.18000000,9.28000000,9.18000000,9.26000000,52548.63000000
1776945600000,9.27000000,9.30000000,9.24000000,9.26000000,109124.42000000
1776949200000,9.27000000,9.28000000,9.24000000,9.25000000,43886.59000000
1776952800000,9.25000000,9.34000000,9.24000000,9.34000000,97886.10000000
1776956400000,9.33000000,9.39000000,9.30000000,9.35000000,101495.22000000
1776960000000,9.35000000,9.36000000,9.29000000,9.30000000,51690.59000000
1776963600000,9.30000000,9.31000000,9.15000000,9.24000000,321401.67000000
1776967200000,9.24000000,9.28000000,9.22000000,9.23000000,119642.32000000
1776970800000,9.22000000,9.30000000,9.20000000,9.27000000,162837.17000000
1776974400000,9.27000000,9.32000000,9.27000000,9.30000000,71423.31000000
1776978000000,9.29000000,9.33000000,9.28000000,9.31000000,30738.92000000
1776981600000,9.31000000,9.35000000,9.31000000,9.32000000,49229.59000000
1776985200000,9.32000000,9.36000000,9.30000000,9.35000000,56468.40000000
1776988800000,9.35000000,9.39000000,9.35000000,9.38000000,73160.83000000
1776992400000,9.38000000,9.39000000,9.33000000,9.38000000,67823.87000000
1776996000000,9.38000000,9.39000000,9.32000000,9.33000000,84650.49000000
1776999600000,9.34000000,9.34000000,9.25000000,9.30000000,69514.77000000
1777003200000,9.30000000,9.30000000,9.25000000,9.27000000,45204.73000000
1777006800000,9.26000000,9.31000000,9.24000000,9.29000000,39254.91000000
1777010400000,9.29000000,9.31000000,9.27000000,9.29000000,29854.65000000
1777014000000,9.30000000,9.32000000,9.27000000,9.28000000,34448.62000000
1777017600000,9.28000000,9.32000000,9.27000000,9.29000000,39415.98000000
1777021200000,9.30000000,9.30000000,9.25000000,9.27000000,54592.40000000
1777024800000,9.26000000,9.32000000,9.25000000,9.30000000,26130.65000000
1777028400000,9.30000000,9.39000000,9.30000000,9.35000000,76012.69000000
1777032000000,9.36000000,9.39000000,9.33000000,9.35000000,59123.53000000
1777035600000,9.36000000,9.40000000,9.32000000,9.34000000,67212.46000000
1777039200000,9.33000000,9.37000000,9.30000000,9.35000000,54453.70000000
1777042800000,9.35000000,9.38000000,9.29000000,9.37000000,52823.34000000
1777046400000,9.37000000,9.38000000,9.32000000,9.37000000,48772.10000000
1777050000000,9.37000000,9.40000000,9.34000000,9.38000000,77641.39000000
1777053600000,9.39000000,9.41000000,9.35000000,9.40000000,24818.26000000
1777057200000,9.39000000,9.44000000,9.38000000,9.41000000,30556.75000000
1777060800000,9.41000000,9.44000000,9.37000000,9.43000000,41250.23000000
1777064400000,9.43000000,9.45000000,9.38000000,9.40000000,70262.68000000
1777068000000,9.39000000,9.40000000,9.36000000,9.37000000,38157.65000000
1777071600000,9.37000000,9.39000000,9.36000000,9.38000000,25171.49000000
1777075200000,9.38000000,9.40000000,9.35000000,9.39000000,76720.55000000
1777078800000,9.38000000,9.43000000,9.38000000,9.42000000,35541.11000000
1777082400000,9.41000000,9.43000000,9.40000000,9.42000000,30053.51000000
1777086000000,9.41000000,9.43000000,9.40000000,9.42000000,32393.18000000
1777089600000,9.43000000,9.43000000,9.41000000,9.42000000,21440.41000000
1777093200000,9.42000000,9.43000000,9.39000000,9.42000000,20794.55000000
1777096800000,9.41000000,9.45000000,9.41000000,9.42000000,20839.99000000
1777100400000,9.42000000,9.42000000,9.40000000,9.41000000,20778.19000000
1777104000000,9.40000000,9.42000000,9.39000000,9.41000000,21690.87000000
1777107600000,9.41000000,9.44000000,9.39000000,9.43000000,61179.46000000
1777111200000,9.42000000,9.44000000,9.42000000,9.43000000,17759.34000000
1777114800000,9.43000000,9.43000000,9.37000000,9.40000000,29667.43000000
1777118400000,9.40000000,9.40000000,9.37000000,9.39000000,32103.43000000
1777122000000,9.40000000,9.42000000,9.39000000,9.41000000,35838.95000000
1777125600000,9.41000000,9.42000000,9.38000000,9.38000000,33998.81000000
1777129200000,9.37000000,9.39000000,9.33000000,9.35000000,37240.50000000
1777132800000,9.35000000,9.37000000,9.30000000,9.33000000,72608.30000000
1777136400000,9.32000000,9.35000000,9.30000000,9.31000000,55720.32000000
1777140000000,9.31000000,9.32000000,9.28000000,9.31000000,31322.70000000
1777143600000,9.30000000,9.32000000,9.29000000,9.30000000,8184.77000000
1777147200000,9.31000000,9.33000000,9.29000000,9.32000000,24923.66000000
1777150800000,9.33000000,9.35000000,9.32000000,9.33000000,33998.15000000
1777154400000,9.32000000,9.37000000,9.32000000,9.34000000,36174.12000000
1777158000000,9.35000000,9.36000000,9.33000000,9.34000000,42190.30000000
1777161600000,9.35000000,9.35000000,9.30000000,9.31000000,42951.27000000
1777165200000,9.32000000,9.33000000,9.30000000,9.31000000,28504.04000000
1777168800000,9.30000000,9.34000000,9.30000000,9.32000000,12579.81000000
1777172400000,9.32000000,9.35000000,9.30000000,9.32000000,20592.18000000
1777176000000,9.32000000,9.38000000,9.31000000,9.36000000,28124.43000000
1777179600000,9.36000000,9.42000000,9.35000000,9.39000000,71981.47000000
1777183200000,9.39000000,9.41000000,9.39000000,9.41000000,48006.73000000
1777186800000,9.41000000,9.43000000,9.39000000,9.43000000,55243.01000000
1777190400000,9.43000000,9.45000000,9.40000000,9.42000000,57069.49000000
1777194000000,9.42000000,9.45000000,9.42000000,9.43000000,28260.04000000
1777197600000,9.44000000,9.45000000,9.42000000,9.45000000,25493.01000000
1777201200000,9.45000000,9.49000000,9.43000000,9.47000000,51227.05000000
1777204800000,9.47000000,9.48000000,9.42000000,9.44000000,71151.69000000
1777208400000,9.44000000,9.46000000,9.42000000,9.43000000,37306.47000000
1777212000000,9.43000000,9.50000000,9.42000000,9.48000000,77928.55000000
1777215600000,9.48000000,9.50000000,9.47000000,9.50000000,56129.45000000
1777219200000,9.50000000,9.50000000,9.44000000,9.45000000,64148.68000000
1777222800000,9.44000000,9.47000000,9.43000000,9.45000000,23935.13000000
1777226400000,9.46000000,9.51000000,9.44000000,9.49000000,82048.29000000
1777230000000,9.49000000,9.54000000,9.47000000,9.49000000,85279.05000000
1777233600000,9.48000000,9.50000000,9.45000000,9.45000000,51011.50000000
1777237200000,9.45000000,9.50000000,9.42000000,9.48000000,81922.56000000
1777240800000,9.48000000,9.52000000,9.43000000,9.47000000,100714.88000000
1777244400000,9.46000000,9.53000000,9.45000000,9.48000000,44840.02000000
1777248000000,9.48000000,9.55000000,9.44000000,9.54000000,150949.56000000
1777251600000,9.55000000,9.59000000,9.49000000,9.57000000,124567.81000000
1777255200000,9.58000000,9.58000000,9.53000000,9.56000000,50208.59000000
1777258800000,9.55000000,9.60000000,9.54000000,9.55000000,94919.32000000
1777262400000,9.55000000,9.57000000,9.52000000,9.53000000,68859.40000000
1777266000000,9.54000000,9.54000000,9.33000000,9.35000000,222280.58000000
1777269600000,9.36000000,9.38000000,9.30000000,9.33000000,79140.66000000
1777273200000,9.34000000,9.34000000,9.31000000,9.31000000,58397.24000000
1777276800000,9.31000000,9.34000000,9.30000000,9.33000000,63065.34000000
1777280400000,9.34000000,9.36000000,9.32000000,9.35000000,44194.75000000
1777284000000,9.34000000,9.35000000,9.32000000,9.32000000,33050.61000000
1777287600000,9.32000000,9.34000000,9.30000000,9.33000000,20439.72000000
1777291200000,9.33000000,9.34000000,9.30000000,9.30000000,46152.83000000
1777294800000,9.31000000,9.32000000,9.26000000,9.29000000,97900.93000000
1777298400000,9.30000000,9.38000000,9.29000000,9.32000000,114143.83000000
1777302000000,9.32000000,9.32000000,9.15000000,9.18000000,239939.87000000
1777305600000,9.18000000,9.22000000,9.16000000,9.20000000,98306.24000000
1777309200000,9.20000000,9.25000000,9.20000000,9.23000000,63729.19000000
1777312800000,9.22000000,9.25000000,9.21000000,9.24000000,42095.28000000
1777316400000,9.23000000,9.25000000,9.19000000,9.21000000,29619.84000000
1777320000000,9.22000000,9.24000000,9.21000000,9.23000000,21407.43000000
1777323600000,9.22000000,9.26000000,9.21000000,9.23000000,42235.59000000
1777327200000,9.22000000,9.27000000,9.21000000,9.27000000,52100.51000000
1777330800000,9.26000000,9.34000000,9.26000000,9.33000000,68393.31000000
1777334400000,9.32000000,9.34000000,9.30000000,9.32000000,75989.54000000
1777338000000,9.32000000,9.33000000,9.30000000,9.30000000,44625.70000000
1777341600000,9.31000000,9.32000000,9.24000000,9.27000000,71318.79000000
1777345200000,9.27000000,9.29000000,9.25000000,9.29000000,33579.87000000
1777348800000,9.28000000,9.31000000,9.26000000,9.28000000,47647.79000000
1777352400000,9.27000000,9.32000000,9.27000000,9.29000000,50539.08000000
1777356000000,9.29000000,9.30000000,9.22000000,9.25000000,45377.40000000
1777359600000,9.24000000,9.26000000,9.20000000,9.26000000,47771.93000000
1777363200000,9.26000000,9.28000000,9.23000000,9.26000000,21074.93000000
1777366800000,9.26000000,9.26000000,9.21000000,9.22000000,25219.80000000
1777370400000,9.23000000,9.25000000,9.22000000,9.23000000,16664.92000000
1777374000000,9.24000000,9.25000000,9.18000000,9.20000000,34106.50000000
1777377600000,9.21000000,9.24000000,9.18000000,9.23000000,39495.63000000
1777381200000,9.23000000,9.25000000,9.16000000,9.21000000,83704.25000000
1777384800000,9.21000000,9.21000000,9.15000000,9.20000000,80616.18000000
1777388400000,9.20000000,9.23000000,9.18000000,9.23000000,47394.09000000
1777392000000,9.22000000,9.24000000,9.19000000,9.23000000,48539.29000000
1777395600000,9.23000000,9.25000000,9.19000000,9.23000000,27595.28000000
1777399200000,9.23000000,9.26000000,9.22000000,9.26000000,48582.88000000
1777402800000,9.26000000,9.29000000,9.23000000,9.28000000,22533.66000000
1777406400000,9.28000000,9.29000000,9.26000000,9.26000000,44071.31000000
1777410000000,9.25000000,9.28000000,9.23000000,9.26000000,93816.10000000
1777413600000,9.26000000,9.28000000,9.23000000,9.24000000,36079.64000000
1777417200000,9.23000000,9.25000000,9.22000000,9.24000000,36576.84000000
1777420800000,9.24000000,9.26000000,9.23000000,9.26000000,22165.62000000
1777424400000,9.25000000,9.27000000,9.21000000,9.25000000,63193.67000000
1777428000000,9.25000000,9.27000000,9.22000000,9.25000000,34895.79000000
1777431600000,9.25000000,9.32000000,9.25000000,9.30000000,51838.17000000
1777435200000,9.31000000,9.40000000,9.30000000,9.37000000,74233.51000000
1777438800000,9.37000000,9.39000000,9.35000000,9.37000000,41932.46000000
1777442400000,9.37000000,9.39000000,9.31000000,9.33000000,49940.93000000
1777446000000,9.32000000,9.35000000,9.30000000,9.32000000,40871.00000000
1777449600000,9.32000000,9.33000000,9.27000000,9.28000000,30009.77000000
1777453200000,9.28000000,9.40000000,9.26000000,9.38000000,59599.66000000
1777456800000,9.39000000,9.42000000,9.35000000,9.38000000,68710.51000000
1777460400000,9.37000000,9.39000000,9.34000000,9.36000000,22016.93000000
1777464000000,9.36000000,9.36000000,9.24000000,9.28000000,119219.30000000
1777467600000,9.28000000,9.29000000,9.18000000,9.24000000,82462.30000000
1777471200000,9.23000000,9.25000000,9.19000000,9.21000000,46913.98000000
1777474800000,9.20000000,9.21000000,9.08000000,9.09000000,205319.17000000
1777478400000,9.10000000,9.13000000,9.06000000,9.09000000,84409.98000000
1777482000000,9.09000000,9.16000000,9.09000000,9.16000000,61727.44000000
1777485600000,9.16000000,9.16000000,8.91000000,9.04000000,391686.20000000
1777489200000,9.04000000,9.04000000,8.98000000,9.02000000,68645.09000000
1777492800000,9.02000000,9.08000000,9.01000000,9.07000000,57813.36000000
1777496400000,9.06000000,9.12000000,9.04000000,9.10000000,105824.12000000
1777500000000,9.10000000,9.13000000,9.09000000,9.12000000,66595.61000000
1777503600000,9.11000000,9.14000000,9.09000000,9.11000000,35042.19000000
1777507200000,9.12000000,9.19000000,9.09000000,9.17000000,71173.92000000
1777510800000,9.17000000,9.19000000,9.14000000,9.16000000,36491.36000000
1777514400000,9.17000000,9.18000000,9.06000000,9.10000000,138595.11000000
1777518000000,9.10000000,9.13000000,9.08000000,9.10000000,34517.14000000
1777521600000,9.10000000,9.11000000,9.04000000,9.04000000,85729.54000000
1777525200000,9.05000000,9.10000000,9.02000000,9.07000000,89992.97000000
1777528800000,9.07000000,9.11000000,9.06000000,9.08000000,42586.61000000
1777532400000,9.08000000,9.13000000,9.08000000,9.12000000,36072.12000000
1777536000000,9.13000000,9.14000000,9.11000000,9.12000000,31715.94000000
1777539600000,9.11000000,9.17000000,9.10000000,9.12000000,25233.68000000
1777543200000,9.13000000,9.13000000,9.09000000,9.11000000,27994.28000000
1777546800000,9.11000000,9.16000000,9.10000000,9.12000000,81938.24000000
1777550400000,9.12000000,9.18000000,9.12000000,9.15000000,50389.36000000
1777554000000,9.15000000,9.17000000,9.10000000,9.13000000,56439.01000000
1777557600000,9.13000000,9.16000000,9.08000000,9.12000000,96561.27000000
1777561200000,9.12000000,9.17000000,9.10000000,9.14000000,53860.57000000
1777564800000,9.14000000,9.15000000,9.10000000,9.10000000,18491.84000000
1777568400000,9.11000000,9.13000000,9.09000000,9.11000000,18815.73000000
1777572000000,9.12000000,9.15000000,9.11000000,9.13000000,49540.98000000
1777575600000,9.13000000,9.16000000,9.12000000,9.13000000,41483.87000000
1777579200000,9.14000000,9.15000000,9.12000000,9.13000000,20917.26000000
1777582800000,9.14000000,9.14000000,9.10000000,9.10000000,21130.22000000
1777586400000,9.10000000,9.12000000,9.08000000,9.10000000,43583.46000000
1777590000000,9.09000000,9.12000000,9.08000000,9.11000000,31528.75000000
1777593600000,9.11000000,9.14000000,9.10000000,9.11000000,44830.24000000
1777597200000,9.11000000,9.15000000,9.11000000,9.13000000,14301.37000000
1777600800000,9.13000000,9.14000000,9.10000000,9.12000000,16419.43000000
1777604400000,9.11000000,9.21000000,9.11000000,9.16000000,75731.72000000
1777608000000,9.16000000,9.19000000,9.14000000,9.16000000,39696.77000000
1777611600000,9.16000000,9.18000000,9.14000000,9.16000000,15068.09000000
1777615200000,9.17000000,9.18000000,9.13000000,9.15000000,20287.31000000
1777618800000,9.14000000,9.16000000,9.13000000,9.16000000,17636.25000000
1777622400000,9.15000000,9.19000000,9.14000000,9.18000000,22384.70000000
1777626000000,9.19000000,9.19000000,9.13000000,9.14000000,21602.72000000
1777629600000,9.14000000,9.16000000,9.11000000,9.15000000,29222.38000000
1777633200000,9.14000000,9.17000000,9.13000000,9.15000000,31387.24000000
1777636800000,9.15000000,9.24000000,9.14000000,9.20000000,129000.88000000
1777640400000,9.21000000,9.28000000,9.21000000,9.26000000,130415.60000000
1777644000000,9.26000000,9.28000000,9.20000000,9.24000000,83437.24000000
1777647600000,9.24000000,9.26000000,9.19000000,9.22000000,82385.73000000
1777651200000,9.22000000,9.25000000,9.18000000,9.21000000,114104.90000000
1777654800000,9.20000000,9.23000000,9.18000000,9.22000000,63584.80000000
1777658400000,9.22000000,9.22000000,9.19000000,9.20000000,50794.42000000
1777662000000,9.20000000,9.21000000,9.17000000,9.18000000,32039.04000000
1777665600000,9.17000000,9.18000000,9.07000000,9.09000000,87040.16000000
1777669200000,9.10000000,9.13000000,9.09000000,9.11000000,58964.96000000
1777672800000,9.12000000,9.14000000,9.08000000,9.09000000,54282.34000000
1777676400000,9.09000000,9.10000000,9.06000000,9.10000000,71539.74000000
1777680000000,9.09000000,9.11000000,9.08000000,9.11000000,51805.93000000
1777683600000,9.11000000,9.13000000,9.09000000,9.12000000,34074.47000000
1777687200000,9.11000000,9.13000000,9.09000000,9.12000000,47592.45000000
1777690800000,9.12000000,9.13000000,9.10000000,9.11000000,44145.15000000
1777694400000,9.12000000,9.12000000,9.08000000,9.09000000,37923.18000000
1777698000000,9.09000000,9.10000000,9.06000000,9.08000000,53830.51000000
1777701600000,9.08000000,9.11000000,9.07000000,9.11000000,43551.73000000
1777705200000,9.11000000,9.11000000,9.07000000,9.08000000,37718.49000000
1777708800000,9.08000000,9.09000000,9.07000000,9.08000000,39270.84000000
1777712400000,9.08000000,9.11000000,9.08000000,9.09000000,65109.80000000
1777716000000,9.10000000,9.10000000,9.08000000,9.08000000,30999.69000000
1777719600000,9.09000000,9.10000000,9.07000000,9.08000000,32836.44000000
1777723200000,9.07000000,9.10000000,9.07000000,9.08000000,49619.98000000
1777726800000,9.09000000,9.11000000,9.08000000,9.11000000,40086.85000000
1777730400000,9.12000000,9.14000000,9.10000000,9.13000000,72690.35000000
1777734000000,9.13000000,9.21000000,9.11000000,9.16000000,220045.25000000
1777737600000,9.17000000,9.18000000,9.14000000,9.17000000,52531.75000000
1777741200000,9.17000000,9.17000000,9.12000000,9.13000000,25557.47000000
1777744800000,9.13000000,9.16000000,9.11000000,9.14000000,13735.78000000
1777748400000,9.15000000,9.17000000,9.14000000,9.17000000,15497.18000000
1777752000000,9.16000000,9.18000000,9.16000000,9.16000000,14212.38000000
1777755600000,9.17000000,9.25000000,9.16000000,9.21000000,157630.10000000
1777759200000,9.21000000,9.23000000,9.18000000,9.20000000,55040.66000000
1777762800000,9.21000000,9.21000000,9.17000000,9.17000000,28928.60000000
1777766400000,9.18000000,9.19000000,9.12000000,9.14000000,42813.79000000
1777770000000,9.15000000,9.15000000,9.09000000,9.09000000,38249.11000000
1777773600000,9.10000000,9.10000000,9.07000000,9.09000000,20996.16000000
1777777200000,9.09000000,9.10000000,9.08000000,9.10000000,24705.20000000
1777780800000,9.10000000,9.11000000,9.08000000,9.10000000,26547.60000000
1777784400000,9.10000000,9.11000000,9.08000000,9.09000000,26517.67000000
1777788000000,9.09000000,9.11000000,9.07000000,9.09000000,45196.84000000
1777791600000,9.09000000,9.14000000,9.09000000,9.11000000,30939.13000000
1777795200000,9.11000000,9.14000000,9.10000000,9.11000000,21004.38000000
1777798800000,9.12000000,9.16000000,9.10000000,9.14000000,49078.99000000
1777802400000,9.15000000,9.16000000,9.12000000,9.13000000,30910.78000000
1777806000000,9.12000000,9.20000000,9.11000000,9.18000000,89127.68000000
1777809600000,9.17000000,9.21000000,9.17000000,9.17000000,72380.30000000
1777813200000,9.18000000,9.19000000,9.14000000,9.16000000,47306.19000000
1777816800000,9.16000000,9.16000000,9.12000000,9.16000000,131071.22000000
1777820400000,9.16000000,9.20000000,9.14000000,9.16000000,136932.08000000
1777824000000,9.16000000,9.18000000,9.13000000,9.15000000,45109.39000000
1777827600000,9.15000000,9.17000000,9.14000000,9.15000000,26611.29000000
1777831200000,9.16000000,9.17000000,9.14000000,9.15000000,68913.99000000
1777834800000,9.15000000,9.18000000,9.14000000,9.15000000,53966.17000000
1777838400000,9.16000000,9.20000000,9.15000000,9.16000000,31733.97000000
1777842000000,9.16000000,9.18000000,9.11000000,9.14000000,79933.29000000
1777845600000,9.14000000,9.22000000,9.14000000,9.19000000,133210.50000000
1777849200000,9.19000000,9.21000000,9.12000000,9.13000000,64892.97000000
1777852800000,9.13000000,9.15000000,9.09000000,9.13000000,290903.36000000
1777856400000,9.14000000,9.27000000,9.11000000,9.26000000,197563.61000000
1777860000000,9.26000000,9.36000000,9.23000000,9.32000000,190519.84000000
1777863600000,9.32000000,9.36000000,9.30000000,9.35000000,90492.62000000
1777867200000,9.35000000,9.40000000,9.34000000,9.36000000,85471.83000000
1777870800000,9.36000000,9.37000000,9.31000000,9.34000000,57688.53000000
1777874400000,9.34000000,9.35000000,9.25000000,9.30000000,101303.64000000
1777878000000,9.30000000,9.34000000,9.29000000,9.32000000,93307.18000000
1777881600000,9.32000000,9.45000000,9.31000000,9.40000000,317418.45000000
1777885200000,9.40000000,9.66000000,9.37000000,9.52000000,936942.81000000
1777888800000,9.52000000,9.54000000,9.29000000,9.43000000,1349205.29000000
1777892400000,9.42000000,9.45000000,9.38000000,9.43000000,276995.38000000
1777896000000,9.42000000,9.47000000,9.41000000,9.41000000,137630.64000000
1777899600000,9.41000000,9.46000000,9.34000000,9.42000000,327641.17000000
1777903200000,9.41000000,9.55000000,9.36000000,9.52000000,203054.67000000
1777906800000,9.52000000,9.55000000,9.36000000,9.42000000,435551.08000000
1777910400000,9.42000000,9.45000000,9.34000000,9.39000000,257096.37000000
1777914000000,9.40000000,9.51000000,9.39000000,9.47000000,209721.45000000
1777917600000,9.47000000,9.49000000,9.41000000,9.43000000,192028.92000000
1777921200000,9.44000000,9.44000000,9.37000000,9.40000000,61891.10000000
1777924800000,9.40000000,9.40000000,9.32000000,9.34000000,112040.11000000
1777928400000,9.34000000,9.42000000,9.34000000,9.40000000,53417.85000000
1777932000000,9.40000000,9.43000000,9.36000000,9.37000000,97717.83000000
1777935600000,9.37000000,9.38000000,9.34000000,9.36000000,57394.00000000
1777939200000,9.35000000,9.41000000,9.35000000,9.40000000,64039.79000000
1777942800000,9.40000000,9.44000000,9.38000000,9.43000000,42301.97000000
1777946400000,9.42000000,9.53000000,9.41000000,9.48000000,210518.76000000
1777950000000,9.48000000,9.55000000,9.47000000,9.51000000,109538.20000000
1777953600000,9.50000000,9.55000000,9.49000000,9.54000000,126460.06000000
1777957200000,9.54000000,9.60000000,9.53000000,9.55000000,184836.03000000
1777960800000,9.55000000,9.57000000,9.50000000,9.55000000,97489.63000000
1777964400000,9.55000000,9.64000000,9.52000000,9.60000000,128116.34000000
1777968000000,9.61000000,9.62000000,9.56000000,9.57000000,128786.32000000
1777971600000,9.56000000,9.62000000,9.51000000,9.62000000,284914.94000000
1777975200000,9.62000000,9.70000000,9.56000000,9.70000000,511193.92000000
1777978800000,9.69000000,9.74000000,9.65000000,9.74000000,161380.70000000
1777982400000,9.74000000,9.82000000,9.73000000,9.77000000,245419.98000000
1777986000000,9.78000000,9.80000000,9.68000000,9.69000000,261305.33000000
1777989600000,9.69000000,9.72000000,9.63000000,9.68000000,201627.12000000
1777993200000,9.68000000,9.75000000,9.67000000,9.73000000,99707.92000000
1777996800000,9.73000000,9.74000000,9.67000000,9.71000000,84400.11000000
1778000400000,9.71000000,9.71000000,9.66000000,9.70000000,59029.67000000
1778004000000,9.69000000,9.73000000,9.69000000,9.70000000,31411.50000000
1778007600000,9.70000000,9.75000000,9.69000000,9.73000000,30316.58000000
1778011200000,9.73000000,9.81000000,9.73000000,9.80000000,182222.09000000
1778014800000,9.79000000,9.84000000,9.77000000,9.81000000,141178.40000000
1778018400000,9.82000000,9.85000000,9.74000000,9.79000000,223833.00000000
1778022000000,9.79000000,9.81000000,9.73000000,9.76000000,105605.70000000
1778025600000,9.76000000,9.83000000,9.76000000,9.82000000,150613.75000000
1778029200000,9.82000000,9.85000000,9.80000000,9.83000000,221687.90000000
1778032800000,9.84000000,9.84000000,9.75000000,9.81000000,95335.96000000
1778036400000,9.81000000,9.88000000,9.80000000,9.87000000,172359.07000000
1778040000000,9.87000000,9.90000000,9.80000000,9.83000000,203645.27000000
1778043600000,9.83000000,9.87000000,9.78000000,9.86000000,105565.19000000
1778047200000,9.85000000,9.89000000,9.82000000,9.89000000,60049.23000000
1778050800000,9.89000000,9.92000000,9.86000000,9.88000000,109450.00000000
1778054400000,9.87000000,10.09000000,9.86000000,10.09000000,425222.73000000
1778058000000,10.09000000,10.20000000,10.05000000,10.16000000,974888.58000000
1778061600000,10.17000000,10.20000000,10.12000000,10.16000000,239887.80000000
1778065200000,10.16000000,10.26000000,10.15000000,10.19000000,308322.96000000
1778068800000,10.19000000,10.22000000,10.12000000,10.17000000,216733.82000000
1778072400000,10.17000000,10.17000000,9.95000000,9.97000000,394200.14000000
1778076000000,9.97000000,10.03000000,9.88000000,9.97000000,297157.12000000
1778079600000,9.97000000,10.05000000,9.95000000,10.04000000,122056.94000000
1778083200000,10.03000000,10.09000000,9.97000000,10.01000000,217019.25000000
1778086800000,10.02000000,10.03000000,9.97000000,9.99000000,92478.60000000
1778090400000,9.99000000,10.00000000,9.94000000,9.96000000,97671.81000000
1778094000000,9.96000000,10.03000000,9.95000000,10.01000000,54076.31000000
1778097600000,10.02000000,10.05000000,9.98000000,10.02000000,49479.87000000
1778101200000,10.01000000,10.07000000,9.97000000,10.05000000,72296.81000000
1778104800000,10.05000000,10.05000000,9.96000000,9.99000000,74831.22000000
1778108400000,9.99000000,10.01000000,9.94000000,9.99000000,55786.61000000
1778112000000,9.99000000,10.01000000,9.91000000,9.93000000,98018.87000000
1778115600000,9.94000000,9.96000000,9.86000000,9.91000000,135499.76000000
1778119200000,9.91000000,9.92000000,9.85000000,9.89000000,133517.89000000
1778122800000,9.89000000,9.92000000,9.86000000,9.86000000,158068.58000000
1778126400000,9.86000000,9.96000000,9.86000000,9.95000000,59104.67000000
1778130000000,9.95000000,10.03000000,9.95000000,10.01000000,174691.41000000
1778133600000,10.01000000,10.07000000,9.94000000,10.06000000,128707.24000000
1778137200000,10.06000000,10.13000000,10.05000000,10.12000000,170699.82000000
1778140800000,10.11000000,10.12000000,10.05000000,10.05000000,113286.61000000
1778144400000,10.06000000,10.06000000,9.97000000,10.00000000,131209.60000000
1778148000000,10.00000000,10.03000000,9.95000000,10.00000000,96807.02000000
1778151600000,9.99000000,10.05000000,9.98000000,10.03000000,51429.34000000
1778155200000,10.03000000,10.08000000,10.01000000,10.07000000,79482.89000000
1778158800000,10.06000000,10.07000000,9.91000000,9.96000000,123762.09000000
1778162400000,9.96000000,9.97000000,9.80000000,9.88000000,253655.93000000
1778166000000,9.88000000,9.90000000,9.80000000,9.86000000,157144.97000000
1778169600000,9.86000000,9.94000000,9.84000000,9.87000000,90941.25000000
1778173200000,9.87000000,9.93000000,9.81000000,9.92000000,123309.50000000
1778176800000,9.92000000,9.95000000,9.87000000,9.92000000,48476.75000000
1778180400000,9.92000000,9.94000000,9.87000000,9.89000000,48977.25000000
1778184000000,9.89000000,9.96000000,9.82000000,9.82000000,71221.08000000
1778187600000,9.82000000,9.89000000,9.81000000,9.86000000,67180.84000000
1778191200000,9.85000000,9.88000000,9.81000000,9.84000000,74280.29000000
1778194800000,9.84000000,9.87000000,9.82000000,9.85000000,59831.74000000
1778198400000,9.85000000,9.89000000,9.82000000,9.85000000,86413.70000000
1778202000000,9.85000000,9.87000000,9.81000000,9.85000000,43030.16000000
1778205600000,9.85000000,9.87000000,9.77000000,9.83000000,105554.03000000
1778209200000,9.83000000,9.88000000,9.78000000,9.86000000,57488.47000000
1778212800000,9.86000000,9.90000000,9.82000000,9.85000000,55992.84000000
1778216400000,9.85000000,9.88000000,9.82000000,9.83000000,51077.86000000
1778220000000,9.83000000,9.87000000,9.79000000,9.84000000,48820.80000000
1778223600000,9.84000000,9.90000000,9.80000000,9.90000000,66463.08000000
1778227200000,9.90000000,9.95000000,9.88000000,9.90000000,88759.12000000
1778230800000,9.91000000,9.94000000,9.84000000,9.88000000,174728.78000000
1778234400000,9.88000000,9.94000000,9.86000000,9.90000000,209092.16000000
1778238000000,9.91000000,9.95000000,9.89000000,9.93000000,65133.26000000
1778241600000,9.94000000,10.00000000,9.92000000,9.94000000,125125.24000000
1778245200000,9.94000000,9.95000000,9.88000000,9.93000000,104293.62000000
1778248800000,9.93000000,10.05000000,9.92000000,10.04000000,285516.44000000
1778252400000,10.04000000,10.10000000,9.96000000,10.10000000,267831.89000000
1778256000000,10.10000000,10.10000000,10.03000000,10.10000000,215059.50000000
1778259600000,10.10000000,10.33000000,10.08000000,10.29000000,711898.85000000
1778263200000,10.30000000,10.50000000,10.30000000,10.39000000,901000.45000000
1778266800000,10.38000000,10.43000000,10.33000000,10.37000000,251522.58000000
1778270400000,10.37000000,10.38000000,10.29000000,10.31000000,191451.80000000
1778274000000,10.31000000,10.37000000,10.29000000,10.36000000,168145.75000000
1778277600000,10.35000000,10.40000000,10.34000000,10.39000000,120715.95000000
1778281200000,10.38000000,10.39000000,10.27000000,10.34000000,169665.58000000
1778284800000,10.34000000,10.46000000,10.32000000,10.43000000,165952.04000000
1778288400000,10.43000000,10.60000000,10.41000000,10.58000000,488415.54000000
1778292000000,10.58000000,10.61000000,10.52000000,10.58000000,239719.35000000
1778295600000,10.57000000,10.58000000,10.52000000,10.54000000,190835.59000000
1778299200000,10.54000000,10.61000000,10.50000000,10.51000000,130184.59000000
1778302800000,10.52000000,10.58000000,10.50000000,10.53000000,46874.82000000
1778306400000,10.52000000,10.55000000,10.46000000,10.46000000,88754.95000000
1778310000000,10.47000000,10.49000000,10.45000000,10.47000000,70297.03000000
1778313600000,10.46000000,10.51000000,10.45000000,10.48000000,80868.78000000
1778317200000,10.48000000,10.48000000,10.40000000,10.42000000,75744.78000000
1778320800000,10.43000000,10.44000000,10.40000000,10.43000000,49489.50000000
1778324400000,10.43000000,10.48000000,10.42000000,10.47000000,24554.43000000
1778328000000,10.46000000,10.49000000,10.42000000,10.43000000,46931.34000000
1778331600000,10.43000000,10.44000000,10.38000000,10.40000000,67188.22000000
1778335200000,10.40000000,10.41000000,10.31000000,10.32000000,89632.39000000
1778338800000,10.32000000,10.35000000,10.28000000,10.34000000,119818.96000000
1778342400000,10.33000000,10.37000000,10.30000000,10.32000000,116371.34000000
1778346000000,10.33000000,10.42000000,10.32000000,10.42000000,91250.31000000
1778349600000,10.42000000,10.46000000,10.41000000,10.43000000,45069.15000000
1778353200000,10.43000000,10.45000000,10.40000000,10.45000000,21955.69000000
1778356800000,10.45000000,10.45000000,10.40000000,10.42000000,27617.95000000
1778360400000,10.41000000,10.44000000,10.38000000,10.41000000,40690.22000000
1778364000000,10.41000000,10.42000000,10.38000000,10.40000000,59483.47000000
1778367600000,10.41000000,10.42000000,10.35000000,10.37000000,29609.88000000
1778371200000,10.38000000,10.40000000,10.33000000,10.35000000,107481.65000000
1778374800000,10.35000000,10.36000000,10.28000000,10.33000000,88922.24000000
1778378400000,10.33000000,10.36000000,10.30000000,10.34000000,46244.30000000
1778382000000,10.35000000,10.39000000,10.33000000,10.35000000,26671.20000000
1778385600000,10.36000000,10.39000000,10.34000000,10.36000000,34971.90000000
1778389200000,10.36000000,10.38000000,10.34000000,10.37000000,33103.60000000
1778392800000,10.36000000,10.40000000,10.33000000,10.40000000,26600.28000000
1778396400000,10.40000000,10.46000000,10.39000000,10.42000000,63927.59000000
1778400000000,10.42000000,10.51000000,10.41000000,10.50000000,88489.88000000
1778403600000,10.50000000,10.55000000,10.50000000,10.54000000,72887.90000000
1778407200000,10.53000000,10.55000000,10.46000000,10.51000000,73852.36000000
1778410800000,10.51000000,10.52000000,10.42000000,10.48000000,49687.13000000
1778414400000,10.48000000,10.50000000,10.44000000,10.50000000,63672.36000000
1778418000000,10.50000000,10.60000000,10.49000000,10.58000000,117462.22000000
1778421600000,10.59000000,10.59000000,10.51000000,10.53000000,99095.03000000
1778425200000,10.53000000,10.63000000,10.53000000,10.63000000,151542.94000000
1778428800000,10.63000000,10.72000000,10.59000000,10.71000000,265199.36000000
1778432400000,10.71000000,10.81000000,10.67000000,10.79000000,213829.84000000
1778436000000,10.79000000,10.83000000,10.75000000,10.79000000,162410.51000000
1778439600000,10.78000000,10.87000000,10.71000000,10.83000000,221831.68000000
1778443200000,10.83000000,10.87000000,10.43000000,10.54000000,392904.54000000
1778446800000,10.54000000,10.63000000,10.47000000,10.57000000,258405.46000000
1778450400000,10.56000000,10.76000000,10.54000000,10.73000000,263385.18000000
1778454000000,10.73000000,10.77000000,10.69000000,10.72000000,166461.20000000
1778457600000,10.71000000,10.76000000,10.60000000,10.66000000,208458.11000000
1778461200000,10.66000000,10.73000000,10.61000000,10.68000000,177977.05000000
1778464800000,10.68000000,10.70000000,10.54000000,10.57000000,165881.90000000
1778468400000,10.57000000,10.57000000,10.43000000,10.52000000,193280.73000000
1778472000000,10.52000000,10.56000000,10.46000000,10.54000000,143172.37000000
1778475600000,10.54000000,10.61000000,10.53000000,10.57000000,85012.46000000
1778479200000,10.57000000,10.61000000,10.52000000,10.55000000,86288.62000000
1778482800000,10.55000000,10.55000000,10.49000000,10.53000000,91195.93000000
1778486400000,10.53000000,10.59000000,10.51000000,10.55000000,115520.94000000
1778490000000,10.55000000,10.60000000,10.54000000,10.59000000,79267.28000000
1778493600000,10.59000000,10.65000000,10.55000000,10.56000000,112766.90000000
1778497200000,10.56000000,10.60000000,10.53000000,10.57000000,55073.04000000
1778500800000,10.58000000,10.60000000,10.51000000,10.52000000,129810.93000000
1778504400000,10.53000000,10.57000000,10.45000000,10.53000000,167514.66000000
1778508000000,10.53000000,10.59000000,10.40000000,10.47000000,325814.64000000
1778511600000,10.48000000,10.59000000,10.45000000,10.58000000,102059.65000000
1778515200000,10.58000000,10.66000000,10.55000000,10.58000000,181961.20000000
1778518800000,10.58000000,10.66000000,10.53000000,10.63000000,56605.04000000
1778522400000,10.64000000,10.68000000,10.60000000,10.61000000,86516.24000000
1778526000000,10.62000000,10.70000000,10.59000000,10.68000000,174700.02000000
1778529600000,10.69000000,10.71000000,10.60000000,10.62000000,104949.56000000
1778533200000,10.63000000,10.63000000,10.59000000,10.60000000,43797.52000000
1778536800000,10.60000000,10.62000000,10.57000000,10.59000000,71028.75000000
1778540400000,10.59000000,10.62000000,10.54000000,10.60000000,97327.56000000
1778544000000,10.59000000,10.60000000,10.53000000,10.58000000,111431.10000000
1778547600000,10.58000000,10.59000000,10.39000000,10.47000000,169963.37000000
1778551200000,10.47000000,10.52000000,10.45000000,10.51000000,88323.94000000
1778554800000,10.51000000,10.53000000,10.45000000,10.47000000,68470.44000000
1778558400000,10.46000000,10.52000000,10.45000000,10.50000000,57619.85000000
1778562000000,10.49000000,10.53000000,10.49000000,10.49000000,48978.65000000
1778565600000,10.49000000,10.51000000,10.44000000,10.45000000,39451.24000000
1778569200000,10.45000000,10.47000000,10.39000000,10.44000000,99653.58000000
1778572800000,10.44000000,10.45000000,10.36000000,10.38000000,209050.05000000
1778576400000,10.38000000,10.39000000,10.29000000,10.34000000,275425.83000000
1778580000000,10.34000000,10.35000000,10.25000000,10.29000000,128790.44000000
1778583600000,10.29000000,10.30000000,10.23000000,10.27000000,115776.47000000
1778587200000,10.27000000,10.36000000,10.22000000,10.33000000,427929.59000000
1778590800000,10.32000000,10.35000000,10.21000000,10.24000000,186420.28000000
1778594400000,10.24000000,10.30000000,10.17000000,10.20000000,185961.96000000
1778598000000,10.20000000,10.25000000,10.09000000,10.16000000,399487.99000000
1778601600000,10.16000000,10.21000000,10.12000000,10.15000000,114945.52000000
1778605200000,10.15000000,10.26000000,10.15000000,10.25000000,88113.28000000
1778608800000,10.24000000,10.30000000,10.22000000,10.28000000,172864.02000000
1778612400000,10.28000000,10.33000000,10.27000000,10.32000000,62332.08000000
1778616000000,10.32000000,10.34000000,10.28000000,10.32000000,36841.44000000
1778619600000,10.32000000,10.33000000,10.29000000,10.31000000,34443.75000000
1778623200000,10.32000000,10.36000000,10.31000000,10.31000000,81044.90000000
1778626800000,10.32000000,10.33000000,10.28000000,10.28000000,37790.54000000
1778630400000,10.29000000,10.33000000,10.27000000,10.31000000,42074.62000000
1778634000000,10.32000000,10.42000000,10.32000000,10.39000000,233689.71000000
1778637600000,10.40000000,10.45000000,10.38000000,10.41000000,133710.67000000
1778641200000,10.41000000,10.48000000,10.40000000,10.46000000,92000.71000000
1778644800000,10.47000000,10.50000000,10.44000000,10.48000000,116561.51000000
1778648400000,10.49000000,10.50000000,10.39000000,10.43000000,73315.51000000
1778652000000,10.42000000,10.55000000,10.41000000,10.52000000,184089.21000000
1778655600000,10.52000000,10.59000000,10.51000000,10.58000000,165138.97000000
1778659200000,10.58000000,10.67000000,10.53000000,10.65000000,173611.55000000
1778662800000,10.66000000,10.81000000,10.65000000,10.71000000,397797.43000000
1778666400000,10.70000000,10.74000000,10.62000000,10.65000000,169369.06000000
1778670000000,10.65000000,10.65000000,10.48000000,10.49000000,232366.41000000
1778673600000,10.49000000,10.52000000,10.25000000,10.33000000,421528.17000000
1778677200000,10.33000000,10.38000000,10.12000000,10.21000000,384311.39000000
1778680800000,10.20000000,10.30000000,10.13000000,10.21000000,319456.48000000
1778684400000,10.22000000,10.25000000,10.03000000,10.06000000,621611.09000000
1778688000000,10.07000000,10.20000000,10.06000000,10.16000000,190623.93000000
1778691600000,10.17000000,10.22000000,10.17000000,10.19000000,137827.36000000
1778695200000,10.19000000,10.25000000,10.19000000,10.21000000,82697.48000000
1778698800000,10.21000000,10.22000000,10.15000000,10.17000000,48346.60000000
1778702400000,10.17000000,10.24000000,10.16000000,10.22000000,46046.73000000
1778706000000,10.22000000,10.23000000,10.14000000,10.15000000,82768.90000000
1778709600000,10.16000000,10.22000000,10.12000000,10.21000000,94232.53000000
1778713200000,10.20000000,10.23000000,10.19000000,10.21000000,76643.63000000
1778716800000,10.21000000,10.28000000,10.21000000,10.25000000,130270.70000000
1778720400000,10.25000000,10.26000000,10.21000000,10.24000000,64719.10000000
1778724000000,10.24000000,10.28000000,10.17000000,10.19000000,78617.18000000
1778727600000,10.19000000,10.20000000,10.09000000,10.11000000,174859.98000000
1778731200000,10.11000000,10.21000000,10.09000000,10.20000000,123011.04000000
1778734800000,10.19000000,10.32000000,10.19000000,10.30000000,78224.84000000
1778738400000,10.30000000,10.33000000,10.25000000,10.26000000,212316.69000000
1778742000000,10.25000000,10.27000000,10.22000000,10.23000000,75382.90000000
1778745600000,10.23000000,10.30000000,10.20000000,10.27000000,110328.08000000
1778749200000,10.27000000,10.28000000,10.18000000,10.21000000,143409.35000000
1778752800000,10.21000000,10.27000000,10.19000000,10.24000000,151911.16000000
1778756400000,10.25000000,10.27000000,10.22000000,10.23000000,115756.71000000
1778760000000,10.24000000,10.34000000,10.20000000,10.33000000,165124.33000000
1778763600000,10.33000000,10.38000000,10.25000000,10.27000000,356209.80000000
1778767200000,10.26000000,10.51000000,10.22000000,10.48000000,599842.39000000
1778770800000,10.49000000,10.67000000,10.45000000,10.63000000,437564.76000000
1778774400000,10.64000000,10.77000000,10.59000000,10.71000000,639304.76000000
1778778000000,10.71000000,10.72000000,10.56000000,10.66000000,223032.39000000
1778781600000,10.65000000,10.73000000,10.60000000,10.71000000,174027.46000000
1778785200000,10.71000000,10.73000000,10.59000000,10.63000000,135473.89000000
1778788800000,10.63000000,10.65000000,10.55000000,10.60000000,113303.59000000
1778792400000,10.60000000,10.61000000,10.54000000,10.56000000,98545.02000000
1778796000000,10.57000000,10.59000000,10.55000000,10.55000000,61396.59000000
1778799600000,10.55000000,10.55000000,10.46000000,10.48000000,102114.93000000
1778803200000,10.48000000,10.57000000,10.47000000,10.54000000,132354.20000000
1778806800000,10.53000000,10.55000000,10.43000000,10.44000000,93751.35000000
1778810400000,10.44000000,10.47000000,10.35000000,10.46000000,237005.01000000
1778814000000,10.45000000,10.48000000,10.40000000,10.41000000,78196.78000000
1778817600000,10.42000000,10.42000000,10.32000000,10.33000000,80700.34000000
1778821200000,10.33000000,10.35000000,10.21000000,10.23000000,150281.36000000
1778824800000,10.23000000,10.31000000,10.21000000,10.30000000,149943.30000000
1778828400000,10.30000000,10.40000000,10.29000000,10.38000000,86377.49000000
1778832000000,10.38000000,10.38000000,10.29000000,10.33000000,75075.77000000
1778835600000,10.33000000,10.34000000,10.25000000,10.28000000,108175.95000000
1778839200000,10.28000000,10.36000000,10.26000000,10.35000000,49693.28000000
1778842800000,10.35000000,10.36000000,10.30000000,10.31000000,46989.37000000
1778846400000,10.30000000,10.32000000,10.25000000,10.27000000,59891.06000000
1778850000000,10.26000000,10.28000000,10.00000000,10.01000000,394499.83000000
1778853600000,10.02000000,10.08000000,9.96000000,10.03000000,346002.06000000
1778857200000,10.03000000,10.06000000,9.99000000,10.03000000,243628.82000000
1778860800000,10.03000000,10.12000000,10.00000000,10.08000000,98438.83000000
1778864400000,10.08000000,10.14000000,10.08000000,10.13000000,39587.53000000
1778868000000,10.13000000,10.14000000,10.07000000,10.11000000,50691.65000000
1778871600000,10.12000000,10.12000000,10.06000000,10.06000000,42840.33000000
1778875200000,10.06000000,10.08000000,10.02000000,10.04000000,61369.10000000
1778878800000,10.04000000,10.07000000,10.03000000,10.03000000,36908.74000000
1778882400000,10.04000000,10.09000000,10.04000000,10.08000000,30283.71000000
1778886000000,10.08000000,10.09000000,10.06000000,10.07000000,28397.76000000
1778889600000,10.07000000,10.10000000,10.06000000,10.08000000,38797.72000000
1778893200000,10.09000000,10.09000000,10.04000000,10.08000000,14453.53000000
1778896800000,10.09000000,10.10000000,10.05000000,10.07000000,19092.01000000
1778900400000,10.07000000,10.10000000,10.04000000,10.06000000,77069.67000000
1778904000000,10.07000000,10.07000000,9.91000000,10.01000000,114082.20000000
1778907600000,10.01000000,10.01000000,9.94000000,9.95000000,89094.86000000
1778911200000,9.95000000,9.97000000,9.83000000,9.89000000,101699.59000000
1778914800000,9.89000000,9.89000000,9.73000000,9.83000000,225558.01000000
1778918400000,9.83000000,9.84000000,9.80000000,9.81000000,61169.68000000
1778922000000,9.80000000,9.82000000,9.65000000,9.69000000,308698.65000000
1778925600000,9.68000000,9.69000000,9.61000000,9.66000000,238736.85000000
1778929200000,9.66000000,9.69000000,9.64000000,9.65000000,200798.44000000
1778932800000,9.65000000,9.67000000,9.63000000,9.65000000,157485.38000000
1778936400000,9.66000000,9.66000000,9.62000000,9.64000000,185196.85000000
1778940000000,9.65000000,9.71000000,9.62000000,9.66000000,149403.53000000
1778943600000,9.67000000,9.72000000,9.65000000,9.71000000,160849.72000000
1778947200000,9.70000000,9.76000000,9.70000000,9.75000000,90197.80000000
1778950800000,9.75000000,9.78000000,9.75000000,9.77000000,64292.47000000
1778954400000,9.76000000,9.78000000,9.73000000,9.76000000,63959.22000000
1778958000000,9.76000000,9.77000000,9.74000000,9.75000000,31051.25000000
1778961600000,9.75000000,9.78000000,9.73000000,9.74000000,42675.90000000
1778965200000,9.74000000,9.77000000,9.73000000,9.76000000,52906.00000000
1778968800000,9.76000000,9.77000000,9.71000000,9.72000000,71874.70000000
1778972400000,9.72000000,9.74000000,9.70000000,9.72000000,36388.89000000
1778976000000,9.71000000,9.73000000,9.66000000,9.68000000,72720.07000000
1778979600000,9.68000000,9.71000000,9.63000000,9.64000000,100557.60000000
1778983200000,9.63000000,9.67000000,9.63000000,9.64000000,49104.72000000
1778986800000,9.65000000,9.73000000,9.64000000,9.73000000,85402.14000000
1778990400000,9.73000000,9.79000000,9.72000000,9.77000000,66980.27000000
1778994000000,9.77000000,9.83000000,9.77000000,9.78000000,62367.19000000
1778997600000,9.78000000,9.79000000,9.75000000,9.78000000,42370.62000000
1779001200000,9.78000000,9.81000000,9.76000000,9.78000000,27878.06000000
1779004800000,9.77000000,9.78000000,9.75000000,9.76000000,51849.97000000
1779008400000,9.76000000,9.80000000,9.75000000,9.80000000,48357.32000000
1779012000000,9.80000000,9.85000000,9.79000000,9.81000000,81535.11000000
1779015600000,9.81000000,9.82000000,9.76000000,9.79000000,36023.39000000
1779019200000,9.80000000,9.85000000,9.75000000,9.77000000,106094.86000000
1779022800000,9.77000000,9.83000000,9.73000000,9.81000000,185788.73000000
1779026400000,9.81000000,9.82000000,9.65000000,9.73000000,367408.81000000
1779030000000,9.73000000,9.74000000,9.69000000,9.71000000,72870.62000000
1779033600000,9.72000000,9.74000000,9.68000000,9.70000000,64940.31000000
1779037200000,9.70000000,9.70000000,9.65000000,9.69000000,74592.69000000
1779040800000,9.69000000,9.72000000,9.66000000,9.72000000,48944.90000000
1779044400000,9.73000000,9.77000000,9.72000000,9.76000000,21226.69000000
1779048000000,9.76000000,9.76000000,9.72000000,9.73000000,27945.28000000
1779051600000,9.73000000,9.78000000,9.72000000,9.77000000,48837.02000000
1779055200000,9.76000000,9.76000000,9.67000000,9.69000000,130583.26000000
1779058800000,9.69000000,9.69000000,9.34000000,9.57000000,691435.82000000
1779062400000,9.57000000,9.57000000,9.46000000,9.52000000,183863.57000000
1779066000000,9.51000000,9.54000000,9.45000000,9.52000000,163601.97000000
1779069600000,9.52000000,9.59000000,9.51000000,9.54000000,87879.43000000
1779073200000,9.54000000,9.58000000,9.50000000,9.52000000,93497.80000000
1779076800000,9.52000000,9.58000000,9.49000000,9.57000000,84395.49000000
1779080400000,9.57000000,9.58000000,9.51000000,9.51000000,84928.16000000
1779084000000,9.51000000,9.53000000,9.43000000,9.48000000,134034.15000000
1779087600000,9.48000000,9.50000000,9.42000000,9.48000000,77707.39000000
1779091200000,9.48000000,9.50000000,9.44000000,9.48000000,95209.81000000
1779094800000,9.47000000,9.48000000,9.44000000,9.44000000,85916.07000000
1779098400000,9.45000000,9.45000000,9.40000000,9.41000000,89522.68000000
1779102000000,9.42000000,9.57000000,9.40000000,9.51000000,127255.49000000
1779105600000,9.52000000,9.61000000,9.51000000,9.57000000,133723.87000000
1779109200000,9.58000000,9.58000000,9.45000000,9.48000000,136328.99000000
1779112800000,9.49000000,9.49000000,9.38000000,9.40000000,211743.86000000
1779116400000,9.41000000,9.45000000,9.34000000,9.42000000,194099.69000000
1779120000000,9.43000000,9.46000000,9.38000000,9.42000000,114460.60000000
1779123600000,9.42000000,9.46000000,9.40000000,9.43000000,71423.44000000
1779127200000,9.44000000,9.45000000,9.31000000,9.33000000,174069.32000000
1779130800000,9.34000000,9.54000000,9.32000000,9.51000000,241843.09000000
1779134400000,9.52000000,9.55000000,9.47000000,9.48000000,67737.99000000
1779138000000,9.49000000,9.59000000,9.47000000,9.57000000,79163.89000000
1779141600000,9.58000000,9.62000000,9.55000000,9.59000000,114342.80000000
1779145200000,9.60000000,9.62000000,9.58000000,9.60000000,44593.64000000
1779148800000,9.61000000,9.71000000,9.60000000,9.66000000,163451.08000000
1779152400000,9.66000000,9.66000000,9.60000000,9.61000000,119403.80000000
1779156000000,9.61000000,9.69000000,9.58000000,9.64000000,80218.44000000
1779159600000,9.65000000,9.73000000,9.64000000,9.71000000,104564.81000000
1779163200000,9.71000000,9.74000000,9.66000000,9.74000000,61559.43000000
1779166800000,9.74000000,9.77000000,9.67000000,9.75000000,148162.16000000
1779170400000,9.75000000,9.79000000,9.74000000,9.78000000,85626.34000000
1779174000000,9.77000000,9.83000000,9.74000000,9.80000000,80529.36000000
1779177600000,9.80000000,9.80000000,9.71000000,9.74000000,63980.04000000
1779181200000,9.74000000,9.75000000,9.58000000,9.60000000,171222.52000000
1779184800000,9.61000000,9.63000000,9.55000000,9.61000000,99051.97000000
1779188400000,9.61000000,9.62000000,9.53000000,9.54000000,76327.68000000
1779192000000,9.54000000,9.58000000,9.52000000,9.57000000,46708.72000000
1779195600000,9.57000000,9.62000000,9.52000000,9.58000000,119091.97000000
1779199200000,9.57000000,9.59000000,9.43000000,9.49000000,145662.30000000
1779202800000,9.49000000,9.53000000,9.46000000,9.49000000,96198.11000000
1779206400000,9.49000000,9.56000000,9.47000000,9.56000000,72952.56000000
1779210000000,9.56000000,9.57000000,9.49000000,9.51000000,58753.95000000
1779213600000,9.51000000,9.53000000,9.47000000,9.49000000,70440.33000000
1779217200000,9.49000000,9.53000000,9.45000000,9.47000000,40777.36000000
1779220800000,9.47000000,9.49000000,9.46000000,9.48000000,23713.89000000
1779224400000,9.48000000,9.49000000,9.46000000,9.46000000,54472.68000000
1779228000000,9.46000000,9.47000000,9.43000000,9.45000000,55550.65000000
1779231600000,9.44000000,9.49000000,9.43000000,9.45000000,32837.82000000
1779235200000,9.45000000,9.48000000,9.38000000,9.48000000,215640.67000000
1779238800000,9.48000000,9.52000000,9.41000000,9.46000000,116597.38000000
1779242400000,9.47000000,9.49000000,9.45000000,9.47000000,45201.40000000
1779246000000,9.47000000,9.51000000,9.44000000,9.50000000,47769.21000000
1779249600000,9.50000000,9.51000000,9.46000000,9.50000000,32104.45000000
1779253200000,9.51000000,9.60600000,9.51000000,9.58200000,116344.28000000
1779256800000,9.58200000,9.63200000,9.57500000,9.62600000,105442.08000000
1779260400000,9.62700000,9.63000000,9.57300000,9.58000000,43040.30000000
1779264000000,9.58000000,9.64000000,9.57600000,9.60900000,51643.72000000
1779267600000,9.60900000,9.62900000,9.58000000,9.58500000,34452.79000000
1779271200000,9.58500000,9.63200000,9.58400000,9.60200000,95636.37000000
1779274800000,9.60200000,9.60700000,9.52300000,9.54600000,70762.02000000
1779278400000,9.54500000,9.62300000,9.53500000,9.60200000,78046.68000000
1779282000000,9.60100000,9.60600000,9.48300000,9.53500000,96550.45000000
1779285600000,9.53500000,9.64700000,9.49600000,9.62600000,230945.30000000
1779289200000,9.62600000,9.65500000,9.56900000,9.62900000,171126.77000000
1779292800000,9.63000000,9.65600000,9.56100000,9.62200000,90871.16000000
1779296400000,9.62100000,9.70200000,9.60400000,9.65200000,307167.47000000
1779300000000,9.65200000,9.65200000,9.59100000,9.61200000,86683.86000000
1779303600000,9.61100000,9.68200000,9.59100000,9.65800000,76667.87000000
1779307200000,9.65800000,9.66800000,9.59400000,9.64200000,66682.43000000
1779310800000,9.64200000,9.66200000,9.62000000,9.62000000,65374.14000000
1779314400000,9.62000000,9.62800000,9.56800000,9.62500000,86175.77000000
1779318000000,9.62400000,9.64000000,9.59200000,9.63600000,45702.94000000
1779321600000,9.63500000,9.71600000,9.62900000,9.70000000,213992.33000000
1779325200000,9.70100000,9.74300000,9.68900000,9.71500000,300583.99000000
1779328800000,9.71500000,9.75300000,9.70500000,9.71900000,151635.06000000
1779332400000,9.71800000,9.76900000,9.71100000,9.76200000,57617.98000000
1779336000000,9.76100000,9.77700000,9.72700000,9.74800000,66578.55000000
1779339600000,9.74700000,9.76000000,9.66600000,9.68700000,115295.92000000
1779343200000,9.68700000,9.70000000,9.62700000,9.64300000,84524.06000000
1779346800000,9.64200000,9.70400000,9.62400000,9.69400000,91711.09000000
1779350400000,9.69400000,9.76200000,9.67500000,9.67900000,72758.48000000
1779354000000,9.67800000,9.69900000,9.60300000,9.61700000,88706.73000000
1779357600000,9.61800000,9.63600000,9.52000000,9.55500000,169281.84000000
1779361200000,9.55600000,9.59500000,9.53600000,9.55000000,72081.33000000
1779364800000,9.55000000,9.59700000,9.52400000,9.58100000,80500.73000000
1779368400000,9.58000000,9.63300000,9.52600000,9.61300000,90318.40000000
1779372000000,9.61400000,9.64200000,9.56600000,9.59400000,66232.72000000
1779375600000,9.59400000,9.68700000,9.57700000,9.64800000,83410.26000000
1779379200000,9.64900000,9.67200000,9.61200000,9.64400000,62484.83000000
1779382800000,9.64500000,9.85800000,9.64500000,9.81000000,253627.09000000
1779386400000,9.80900000,9.82600000,9.69600000,9.74100000,118385.95000000
1779390000000,9.74000000,9.81000000,9.73900000,9.80100000,49264.19000000
1779393600000,9.80100000,9.81500000,9.76500000,9.77200000,51432.50000000
1779397200000,9.77200000,9.80400000,9.76700000,9.77500000,31369.96000000
1779400800000,9.77600000,9.78800000,9.73200000,9.73200000,29831.59000000
1779404400000,9.73200000,9.77100000,9.69900000,9.75700000,126027.40000000
1779408000000,9.75500000,9.75900000,9.71600000,9.71800000,79036.65000000
1779411600000,9.71800000,9.78000000,9.71200000,9.78000000,40624.34000000
1779415200000,9.78100000,9.81700000,9.78100000,9.80500000,59671.34000000
1779418800000,9.80600000,9.83700000,9.79500000,9.82700000,68905.54000000
1779422400000,9.82800000,9.86600000,9.79100000,9.81600000,56303.95000000
1779426000000,9.81600000,9.86400000,9.80000000,9.82000000,110473.90000000
1779429600000,9.82000000,9.84300000,9.77300000,9.78100000,83930.71000000
1779433200000,9.78100000,9.85500000,9.75400000,9.82400000,69468.60000000
1779436800000,9.82400000,9.84500000,9.76400000,9.79600000,127037.66000000
1779440400000,9.79600000,9.84900000,9.78100000,9.83300000,101234.97000000
1779444000000,9.83200000,9.84500000,9.79800000,9.81800000,56293.91000000
1779447600000,9.81800000,9.89500000,9.80000000,9.89200000,77488.19000000
1779451200000,9.89100000,10.00000000,9.88200000,9.99800000,207410.26000000
1779454800000,9.99900000,10.03400000,9.91300000,9.96600000,279847.32000000
1779458400000,9.96600000,9.96600000,9.77000000,9.78000000,332625.95000000
1779462000000,9.78000000,9.83800000,9.73900000,9.81100000,106594.88000000
1779465600000,9.81000000,9.83600000,9.75900000,9.81300000,166112.78000000
1779469200000,9.81300000,9.85900000,9.77100000,9.78400000,82946.63000000
1779472800000,9.78300000,9.78300000,9.52000000,9.61300000,341352.55000000
1779476400000,9.61200000,9.63500000,9.37300000,9.46700000,414950.12000000
1779480000000,9.46700000,9.54800000,9.46300000,9.54000000,110281.14000000
1779483600000,9.53900000,9.57400000,9.52800000,9.54800000,41439.42000000
1779487200000,9.54700000,9.54900000,9.48100000,9.51900000,48359.66000000
1779490800000,9.51900000,9.54900000,9.36300000,9.42000000,158035.55000000
1779494400000,9.42000000,9.44000000,9.34300000,9.40000000,144772.31000000
1779498000000,9.40100000,9.42800000,9.37900000,9.41800000,38746.01000000
1779501600000,9.41800000,9.42700000,9.38500000,9.40600000,45146.28000000
1779505200000,9.40600000,9.41700000,9.40300000,9.40700000,29734.74000000
1779508800000,9.40700000,9.41400000,9.36700000,9.37400000,58264.93000000
1779512400000,9.37400000,9.37700000,9.32600000,9.34800000,71146.71000000
1779516000000,9.34700000,9.34900000,9.31300000,9.32900000,81035.58000000
1779519600000,9.33000000,9.33500000,9.05900000,9.13000000,530694.80000000
1779523200000,9.12800000,9.17100000,9.09700000,9.17100000,263810.17000000
1779526800000,9.17100000,9.19400000,9.16800000,9.18300000,64654.22000000
1779530400000,9.18300000,9.22200000,9.18100000,9.19900000,46435.32000000
1779534000000,9.19900000,9.21800000,9.18300000,9.18600000,44975.32000000
1779537600000,9.18500000,9.19700000,9.16000000,9.19200000,46809.70000000
1779541200000,9.19200000,9.27800000,9.19200000,9.26700000,119415.04000000
1779544800000,9.26800000,9.32500000,9.24400000,9.31700000,206440.00000000
1779548400000,9.31800000,9.36800000,9.29100000,9.31900000,129612.20000000
1779552000000,9.31800000,9.34200000,9.28400000,9.31700000,87119.30000000
1779555600000,9.31800000,9.33100000,9.28900000,9.31500000,51162.06000000
1779559200000,9.31500000,9.42900000,9.30900000,9.38300000,119201.60000000
1779562800000,9.38300000,9.41000000,9.35900000,9.40500000,76225.85000000
1779566400000,9.40600000,9.75800000,9.38900000,9.75700000,310153.46000000
1779570000000,9.75800000,9.78400000,9.59100000,9.62200000,177949.50000000
1779573600000,9.62200000,9.66500000,9.50400000,9.56400000,125950.71000000
1779577200000,9.56300000,9.58700000,9.54900000,9.56500000,56755.45000000
1779580800000,9.56600000,9.61000000,9.54400000,9.58200000,62162.77000000
1779584400000,9.58300000,9.63000000,9.57500000,9.59600000,220508.69000000
1779588000000,9.59500000,9.59700000,9.54700000,9.56300000,56873.53000000
1779591600000,9.56300000,9.58800000,9.52500000,9.53900000,45452.85000000
1779595200000,9.54000000,9.56500000,9.52900000,9.53000000,56864.97000000
1779598800000,9.53000000,9.57600000,9.49500000,9.57400000,113417.56000000
1779602400000,9.57300000,9.60800000,9.51300000,9.60300000,216863.09000000
1779606000000,9.60400000,9.63100000,9.54800000,9.55900000,107502.08000000
1779609600000,9.56000000,9.59000000,9.54300000,9.59000000,34621.22000000
1779613200000,9.59100000,9.63000000,9.58200000,9.61700000,79889.97000000
1779616800000,9.61800000,9.65100000,9.57800000,9.59600000,55781.20000000
1779620400000,9.59600000,9.62500000,9.57500000,9.59600000,42829.42000000
1779624000000,9.59600000,9.59700000,9.52600000,9.54500000,53403.37000000
1779627600000,9.54600000,9.55900000,9.46800000,9.49400000,66049.24000000
1779631200000,9.49400000,9.50000000,9.34400000,9.43800000,176080.45000000
1779634800000,9.43800000,9.44900000,9.41800000,9.43100000,33035.58000000
1779638400000,9.43100000,9.47800000,9.42300000,9.46100000,56720.56000000
1779642000000,9.46100000,9.48700000,9.45400000,9.46500000,29638.92000000
1779645600000,9.46600000,9.47000000,9.42700000,9.43500000,21237.22000000
1779649200000,9.43500000,9.45300000,9.41200000,9.43200000,20108.57000000
1779652800000,9.43200000,9.43900000,9.38700000,9.39700000,32118.39000000
1779656400000,9.39700000,9.41200000,9.25000000,9.28600000,126246.85000000
1779660000000,9.28500000,9.42900000,9.28400000,9.38500000,61216.04000000
1779663600000,9.38600000,9.46100000,9.38600000,9.43100000,24177.79000000
1779667200000,9.43100000,9.49400000,9.43100000,9.47500000,40315.34000000
1779670800000,9.47600000,9.48200000,9.38200000,9.38800000,51612.18000000
1779674400000,9.38900000,9.47600000,9.38900000,9.40500000,34830.21000000
1779678000000,9.40500000,9.41700000,9.36800000,9.39200000,67972.70000000
1779681600000,9.39300000,9.49000000,9.38700000,9.47600000,84802.77000000
1779685200000,9.47700000,9.52800000,9.47400000,9.51300000,57654.30000000
1779688800000,9.51200000,9.54400000,9.48200000,9.51100000,72175.14000000
1779692400000,9.51100000,9.54700000,9.48300000,9.52100000,143489.66000000
1779696000000,9.52200000,9.53100000,9.49600000,9.52800000,59017.86000000
1779699600000,9.52800000,9.54900000,9.51600000,9.53300000,37109.27000000
1779703200000,9.53200000,9.59100000,9.52900000,9.58600000,112052.98000000
1779706800000,9.58700000,9.60900000,9.52600000,9.53300000,118350.03000000
1779710400000,9.53300000,9.57700000,9.52100000,9.55000000,53314.42000000
1779714000000,9.55100000,9.57400000,9.54000000,9.57400000,23962.63000000
1779717600000,9.57400000,9.64100000,9.57400000,9.61500000,74286.09000000
1779721200000,9.61500000,9.66400000,9.58200000,9.60200000,89643.92000000
1779724800000,9.60300000,9.67200000,9.57500000,9.64800000,49684.30000000
1779728400000,9.64900000,9.65700000,9.59300000,9.60500000,45216.96000000
1779732000000,9.60500000,9.63000000,9.57200000,9.57200000,19307.69000000
1779735600000,9.57300000,9.57500000,9.52500000,9.55300000,55916.09000000
1779739200000,9.55200000,9.57300000,9.49600000,9.50200000,69756.19000000
1779742800000,9.50300000,9.53300000,9.50100000,9.51700000,16070.78000000
1779746400000,9.51700000,9.52300000,9.45200000,9.45700000,46243.53000000
1779750000000,9.45500000,9.51100000,9.44700000,9.50600000,23824.80000000
1779753600000,9.50600000,9.50900000,9.39200000,9.44100000,74342.81000000
1779757200000,9.44000000,9.44400000,9.37500000,9.40700000,53795.78000000
1779760800000,9.40800000,9.41500000,9.36900000,9.38500000,33114.74000000
1779764400000,9.38500000,9.41300000,9.36000000,9.41300000,33857.83000000
1779768000000,9.41400000,9.47600000,9.40700000,9.46000000,51398.92000000
1779771600000,9.45900000,9.56400000,9.44500000,9.52700000,105954.43000000
1779775200000,9.52600000,9.55400000,9.49400000,9.53600000,58752.82000000
1779778800000,9.53700000,9.54800000,9.45000000,9.48200000,43505.58000000
1779782400000,9.48300000,9.54900000,9.48300000,9.53900000,99271.95000000
1779786000000,9.54000000,9.54700000,9.46600000,9.48100000,99501.24000000
1779789600000,9.48100000,9.64600000,9.46100000,9.60100000,236339.96000000
1779793200000,9.60200000,9.61600000,9.56600000,9.57300000,78830.04000000
1779796800000,9.57300000,9.60800000,9.52100000,9.59700000,72427.35000000
1779800400000,9.59700000,9.63300000,9.51800000,9.60800000,88775.83000000
1779804000000,9.60900000,9.68600000,9.50600000,9.54100000,200205.37000000
1779807600000,9.54000000,9.55000000,9.40500000,9.47500000,212265.86000000
1779811200000,9.47500000,9.47900000,9.40600000,9.45100000,74781.74000000
1779814800000,9.45000000,9.46600000,9.38000000,9.39000000,272349.90000000
1779818400000,9.39000000,9.45500000,9.36600000,9.38300000,79633.35000000
1779822000000,9.38300000,9.42100000,9.34100000,9.40200000,69029.47000000
1779825600000,9.40300000,9.43000000,9.39900000,9.42700000,19390.61000000
1779829200000,9.42700000,9.42700000,9.35100000,9.37500000,58983.31000000
1779832800000,9.37600000,9.39900000,9.34900000,9.36400000,31870.30000000
1779836400000,9.36500000,9.40400000,9.36500000,9.38600000,25077.91000000
1779840000000,9.38600000,9.45800000,9.38500000,9.45500000,32205.16000000
1779843600000,9.45500000,9.46000000,9.41700000,9.42700000,65857.96000000
1779847200000,9.42800000,9.44400000,9.38900000,9.44400000,52051.20000000
1779850800000,9.44500000,9.47500000,9.38700000,9.39600000,62656.66000000
1779854400000,9.39500000,9.40600000,9.28500000,9.40300000,85611.07000000
1779858000000,9.40400000,9.44600000,9.39700000,9.42900000,43520.64000000
1779861600000,9.42900000,9.45500000,9.40900000,9.43700000,35613.19000000
1779865200000,9.43700000,9.44900000,9.40500000,9.44100000,48682.80000000
1779868800000,9.44100000,9.45000000,9.38000000,9.39200000,139176.69000000
1779872400000,9.39300000,9.39600000,9.34300000,9.35200000,118409.91000000
1779876000000,9.35300000,9.38100000,9.33400000,9.33900000,120714.06000000
1779879600000,9.33900000,9.39200000,9.33400000,9.36100000,66760.31000000
1779883200000,9.36200000,9.48000000,9.33500000,9.40400000,119622.84000000
1779886800000,9.40500000,9.41200000,9.27100000,9.32500000,147874.32000000
1779890400000,9.32600000,9.37700000,9.28700000,9.36700000,98595.63000000
1779894000000,9.36700000,9.48400000,9.36500000,9.43400000,190270.00000000
1779897600000,9.43500000,9.45600000,9.31900000,9.35900000,130399.72000000
1779901200000,9.36000000,9.36000000,9.23000000,9.25500000,72261.37000000
1779904800000,9.25500000,9.30500000,9.22200000,9.30300000,40574.49000000
1779908400000,9.30400000,9.34400000,9.29300000,9.32200000,44156.11000000
1779912000000,9.32100000,9.35400000,9.30100000,9.33500000,97308.14000000
1779915600000,9.33500000,9.34300000,9.13500000,9.17000000,169609.87000000
1779919200000,9.17100000,9.21100000,9.13200000,9.14400000,81267.18000000
1779922800000,9.14300000,9.16800000,9.09900000,9.13600000,107534.31000000
1779926400000,9.13500000,9.15300000,9.10500000,9.14700000,67949.06000000
1779930000000,9.14800000,9.15100000,9.06300000,9.10300000,103853.10000000
1779933600000,9.10400000,9.12200000,9.08700000,9.10600000,30076.42000000
1779937200000,9.10700000,9.12300000,8.88400000,8.89000000,441972.92000000
1779940800000,8.89000000,8.90700000,8.76200000,8.90500000,343394.98000000
1779944400000,8.90600000,8.91100000,8.79200000,8.83100000,170555.20000000
1779948000000,8.83000000,8.86800000,8.79900000,8.85200000,98451.32000000
1779951600000,8.85200000,8.91900000,8.84900000,8.90400000,73609.75000000
1779955200000,8.90400000,8.90700000,8.84500000,8.86600000,44659.15000000
1779958800000,8.86600000,8.92800000,8.85800000,8.92300000,31650.05000000
1779962400000,8.92400000,8.93600000,8.86400000,8.87500000,117208.04000000
1779966000000,8.87600000,8.88600000,8.85300000,8.86800000,104596.99000000
1779969600000,8.86800000,8.88900000,8.81100000,8.88900000,230786.67000000
1779973200000,8.88800000,8.91000000,8.83600000,8.86700000,190364.75000000
1779976800000,8.86800000,8.96600000,8.79200000,8.91700000,321136.43000000
1779980400000,8.91800000,8.93400000,8.82600000,8.89900000,107878.99000000
1779984000000,8.89800000,9.02000000,8.86400000,9.00100000,170392.59000000
1779987600000,9.00100000,9.05400000,8.97700000,9.02800000,57912.77000000
1779991200000,9.02700000,9.09100000,9.02200000,9.07100000,64115.40000000
1779994800000,9.07100000,9.07300000,8.99100000,8.99300000,55521.50000000
1779998400000,8.99400000,9.03700000,8.96200000,9.00400000,66478.91000000
1780002000000,9.00500000,9.06900000,9.00000000,9.04300000,66324.96000000
1780005600000,9.04300000,9.06100000,8.97600000,8.98700000,42410.88000000
1780009200000,8.98700000,9.02300000,8.98300000,9.00400000,31896.86000000
1780012800000,9.00400000,9.05000000,9.00400000,9.03100000,35837.05000000
1780016400000,9.03200000,9.05000000,9.00400000,9.02700000,23555.08000000
1780020000000,9.02700000,9.04000000,8.94700000,8.95500000,50380.51000000
1780023600000,8.95600000,9.00300000,8.93900000,8.94300000,32966.56000000
1780027200000,8.94300000,8.98100000,8.91000000,8.98100000,36179.47000000
1780030800000,8.98000000,9.01000000,8.94600000,8.99200000,48157.89000000
1780034400000,8.99100000,9.04200000,8.98900000,9.03100000,43492.21000000
1780038000000,9.03000000,9.04100000,8.96600000,9.00200000,40248.32000000
1780041600000,9.00200000,9.04100000,9.00000000,9.00900000,48501.27000000
1780045200000,9.01000000,9.05400000,9.00600000,9.03000000,49616.40000000
1780048800000,9.02900000,9.02900000,8.98600000,8.99200000,31060.86000000
1780052400000,8.99100000,9.00800000,8.92000000,8.94500000,65327.43000000
1780056000000,8.94400000,8.94600000,8.87400000,8.89000000,73071.14000000
1780059600000,8.89000000,8.92800000,8.85600000,8.89800000,86397.32000000
1780063200000,8.89900000,8.92100000,8.79500000,8.89200000,163681.82000000
1780066800000,8.89200000,9.14600000,8.88200000,9.06800000,280325.71000000
1780070400000,9.06900000,9.11300000,9.01500000,9.10300000,128814.59000000
1780074000000,9.10400000,9.13300000,9.04300000,9.05300000,126266.36000000
1780077600000,9.05300000,9.08100000,8.95000000,8.97900000,127263.15000000
1780081200000,8.97800000,9.02200000,8.92300000,9.00100000,55917.86000000
1780084800000,9.00200000,9.03300000,8.99600000,9.00800000,39662.68000000
1780088400000,9.00900000,9.04800000,8.96100000,8.96300000,47544.36000000
1780092000000,8.96400000,9.00700000,8.94900000,8.99200000,75405.81000000
1780095600000,8.99200000,9.03400000,8.98300000,9.02200000,94688.30000000
1780099200000,9.02200000,9.11200000,9.01900000,9.10300000,201674.12000000
1780102800000,9.10300000,9.20000000,9.09300000,9.19000000,196101.48000000
1780106400000,9.19000000,9.27500000,9.18700000,9.27100000,157270.75000000
1780110000000,9.27200000,9.31500000,9.22400000,9.24300000,129349.67000000
1780113600000,9.24300000,9.27700000,9.08700000,9.14700000,221562.90000000
1780117200000,9.14600000,9.19200000,9.11400000,9.17300000,77157.64000000
1780120800000,9.17400000,9.20900000,9.15400000,9.17200000,50497.00000000
1780124400000,9.17200000,9.17500000,9.13700000,9.16300000,47203.51000000
1780128000000,9.16400000,9.16500000,9.12200000,9.12800000,35233.51000000
1780131600000,9.12900000,9.17100000,9.11700000,9.16100000,27563.80000000
1780135200000,9.16200000,9.18100000,9.13700000,9.14100000,49984.30000000
1780138800000,9.14100000,9.16700000,9.11500000,9.14000000,38941.67000000
1780142400000,9.13900000,9.16300000,9.12900000,9.15900000,18187.00000000
1780146000000,9.16000000,9.19200000,9.14000000,9.18500000,50802.25000000
1780149600000,9.18600000,9.22500000,9.16900000,9.22000000,56788.26000000
1780153200000,9.22100000,9.24100000,9.18500000,9.20200000,66361.37000000
1780156800000,9.20300000,9.24200000,9.19100000,9.24100000,44883.72000000
1780160400000,9.24100000,9.25500000,9.19000000,9.25100000,67344.35000000
1780164000000,9.25000000,9.26200000,9.21100000,9.25500000,26759.36000000
1780167600000,9.25500000,9.26800000,9.22100000,9.26400000,36001.78000000
1780171200000,9.26400000,9.27200000,9.24200000,9.25800000,31190.27000000
1780174800000,9.25900000,9.28900000,9.25600000,9.26600000,88147.97000000
1780178400000,9.26600000,9.26600000,9.17100000,9.19300000,49685.66000000
1780182000000,9.19300000,9.21600000,9.16100000,9.19100000,41532.87000000
1780185600000,9.19200000,9.23500000,9.18400000,9.22500000,50027.80000000
1780189200000,9.22500000,9.27700000,9.22100000,9.24500000,43864.32000000
1780192800000,9.24400000,9.30100000,9.22400000,9.27300000,79689.08000000
1780196400000,9.27400000,9.28200000,9.24900000,9.26100000,43068.51000000
1780200000000,9.26000000,9.26300000,9.23300000,9.25600000,62929.80000000
1780203600000,9.25500000,9.26500000,9.22300000,9.23100000,61681.68000000
1780207200000,9.23100000,9.24100000,9.20600000,9.22900000,79361.97000000
1780210800000,9.22800000,9.22800000,9.17500000,9.20300000,60959.50000000
1780214400000,9.20300000,9.26600000,9.20300000,9.25200000,77876.34000000
1780218000000,9.25100000,9.27600000,9.19200000,9.20600000,44363.67000000
1780221600000,9.20600000,9.21500000,9.15900000,9.20000000,54873.87000000
1780225200000,9.20100000,9.23300000,9.18600000,9.22900000,32015.12000000
1780228800000,9.22800000,9.23800000,9.19200000,9.21600000,30518.40000000
1780232400000,9.21600000,9.26600000,9.20400000,9.21100000,35665.46000000
1780236000000,9.21000000,9.21700000,9.06300000,9.09900000,211694.59000000
1780239600000,9.09900000,9.14900000,9.09400000,9.09500000,55048.33000000
1780243200000,9.09500000,9.11200000,9.02000000,9.03400000,67595.79000000
1780246800000,9.03400000,9.07000000,9.01500000,9.06500000,53745.43000000
1780250400000,9.06400000,9.06500000,9.03500000,9.05200000,37140.90000000
1780254000000,9.05300000,9.06300000,8.99300000,9.04000000,85697.49000000
1780257600000,9.04100000,9.10600000,9.04100000,9.09800000,39921.57000000
1780261200000,9.09800000,9.14500000,9.08400000,9.14100000,52400.21000000
1780264800000,9.14200000,9.16900000,9.10800000,9.15600000,48089.81000000
1780268400000,9.15700000,9.22300000,9.09400000,9.14800000,81126.79000000
1780272000000,9.15000000,9.20200000,9.14000000,9.18000000,51190.70000000
1780275600000,9.18000000,9.18400000,9.04300000,9.04400000,42335.70000000
1780279200000,9.04300000,9.18500000,9.02800000,9.16800000,84405.21000000
1780282800000,9.16800000,9.21400000,9.16000000,9.17800000,104300.60000000
1780286400000,9.17800000,9.19800000,9.06900000,9.11800000,107362.51000000
1780290000000,9.11700000,9.12300000,9.04200000,9.05600000,100257.44000000
1780293600000,9.05600000,9.06300000,8.97300000,9.01600000,116938.94000000
1780297200000,9.01500000,9.04300000,8.95600000,8.96700000,105013.47000000
1780300800000,8.96700000,9.00400000,8.93200000,9.00100000,70596.89000000
1780304400000,9.00100000,9.04800000,9.00100000,9.02600000,66716.64000000
1780308000000,9.02700000,9.03600000,8.98400000,9.01900000,54701.76000000
1780311600000,9.02000000,9.05000000,8.96900000,9.00000000,42693.42000000
1780315200000,9.00100000,9.03700000,8.92000000,9.00500000,105279.71000000
1780318800000,9.00500000,9.00900000,8.84700000,8.90800000,238962.52000000
1780322400000,8.90800000,8.92600000,8.85900000,8.87800000,168094.28000000
1780326000000,8.87900000,8.96900000,8.85000000,8.91400000,154679.40000000
1780329600000,8.91300000,9.00900000,8.86200000,9.00600000,99074.49000000
1780333200000,9.00600000,9.11300000,8.99000000,9.06400000,189193.54000000
1780336800000,9.06300000,9.08300000,9.02900000,9.03300000,69178.19000000
1780340400000,9.03300000,9.09400000,9.02100000,9.08200000,65034.21000000
1780344000000,9.08300000,9.08700000,9.04600000,9.06200000,63988.10000000
1780347600000,9.06300000,9.06700000,8.98200000,8.98900000,105005.89000000
1780351200000,8.98900000,9.05000000,8.94600000,9.04400000,79210.65000000
1780354800000,9.04500000,9.08300000,9.02600000,9.05700000,57681.08000000
1780358400000,9.05800000,9.07300000,9.00200000,9.00300000,71151.69000000
1780362000000,9.00400000,9.01600000,8.90000000,8.90300000,94077.75000000
1780365600000,8.90200000,8.99100000,8.80800000,8.98700000,152655.07000000
1780369200000,8.98800000,9.03300000,8.96800000,9.01800000,99085.60000000
1780372800000,9.01700000,9.03100000,8.94600000,8.94700000,105055.56000000
1780376400000,8.94700000,8.97300000,8.87200000,8.87600000,121385.54000000
1780380000000,8.87500000,8.88700000,8.81300000,8.83900000,158918.53000000
1780383600000,8.84000000,8.88400000,8.79100000,8.84700000,116536.49000000
1780387200000,8.84800000,8.86600000,8.81500000,8.83000000,49236.39000000
1780390800000,8.83000000,8.83300000,8.77400000,8.80600000,95773.41000000
1780394400000,8.80600000,8.87000000,8.78600000,8.86500000,97151.85000000
1780398000000,8.86400000,8.86400000,8.79700000,8.81700000,96119.95000000
1780401600000,8.81700000,8.84700000,8.78600000,8.83700000,85207.33000000
1780405200000,8.83700000,8.87600000,8.82400000,8.84600000,94977.51000000
1780408800000,8.84800000,8.85600000,8.58000000,8.67700000,398601.10000000
1780412400000,8.67700000,8.68500000,8.48300000,8.56900000,345602.74000000
1780416000000,8.56900000,8.74200000,8.54400000,8.60800000,183341.99000000
1780419600000,8.60900000,8.69500000,8.60500000,8.64500000,102920.09000000
1780423200000,8.64500000,8.67500000,8.51000000,8.55000000,156490.62000000
1780426800000,8.55000000,8.57200000,8.38000000,8.52500000,223759.56000000
1780430400000,8.52500000,8.57300000,8.45500000,8.53800000,104243.10000000
1780434000000,8.53900000,8.59000000,8.51400000,8.53400000,100236.15000000
1780437600000,8.53400000,8.53800000,8.31000000,8.34900000,234489.44000000
1780441200000,8.35000000,8.39800000,8.24600000,8.37400000,258262.97000000
1780444800000,8.37400000,8.43800000,8.34800000,8.39300000,162699.60000000
1780448400000,8.39300000,8.42100000,8.34200000,8.41100000,82906.79000000
1780452000000,8.41100000,8.41300000,8.35000000,8.37500000,86634.42000000
1780455600000,8.37500000,8.39100000,8.17000000,8.22900000,296580.50000000
1780459200000,8.22900000,8.37300000,8.22800000,8.37000000,106649.29000000
1780462800000,8.37000000,8.50800000,8.37000000,8.50000000,255279.50000000
1780466400000,8.50000000,8.56900000,8.49100000,8.50800000,235776.96000000
1780470000000,8.50900000,8.56900000,8.48000000,8.54700000,141510.44000000
1780473600000,8.54700000,8.56000000,8.50700000,8.52700000,121237.77000000
1780477200000,8.52700000,8.55400000,8.46800000,8.49400000,155082.69000000
1780480800000,8.49400000,8.58500000,8.49400000,8.57900000,70395.16000000
1780484400000,8.58000000,8.61600000,8.51100000,8.53800000,155293.56000000
1780488000000,8.53800000,8.54100000,8.47100000,8.52900000,109679.73000000
1780491600000,8.53000000,8.56200000,8.45800000,8.51000000,143810.66000000
1780495200000,8.50900000,8.51500000,8.42100000,8.49100000,147710.17000000
1780498800000,8.49200000,8.49700000,8.37500000,8.38000000,138983.39000000
1780502400000,8.38100000,8.39200000,8.22300000,8.32600000,255532.44000000
1780506000000,8.32600000,8.37900000,8.23500000,8.30900000,185152.52000000
1780509600000,8.31000000,8.35900000,8.23900000,8.34900000,92866.00000000
1780513200000,8.34900000,8.35800000,8.18800000,8.21200000,184562.58000000
1780516800000,8.21200000,8.27600000,8.10500000,8.15100000,158668.96000000
1780520400000,8.15100000,8.45000000,8.12300000,8.44600000,324180.96000000
1780524000000,8.44500000,8.46900000,8.34400000,8.39300000,127467.81000000
1780527600000,8.39200000,8.39600000,8.31200000,8.33400000,94976.25000000
1780531200000,8.33400000,8.39900000,8.17300000,8.23400000,280325.58000000
1780534800000,8.23400000,8.27300000,8.01900000,8.05300000,644515.93000000
1780538400000,8.05400000,8.14300000,7.79900000,8.09600000,943850.52000000
1780542000000,8.09700000,8.34000000,8.09500000,8.29500000,253361.18000000
1780545600000,8.29600000,8.33500000,8.20600000,8.22300000,163674.54000000
1780549200000,8.22300000,8.22300000,8.08900000,8.14200000,172893.79000000
1780552800000,8.14100000,8.25000000,8.12400000,8.17600000,92439.81000000
1780556400000,8.17600000,8.18900000,8.06400000,8.06900000,240343.46000000
1780560000000,8.06900000,8.09400000,7.99000000,8.04300000,356912.32000000
1780563600000,8.04400000,8.04700000,7.84300000,7.97500000,404776.99000000
1780567200000,7.97600000,7.97900000,7.80700000,7.84300000,299554.59000000
1780570800000,7.84400000,7.94400000,7.81200000,7.94100000,273941.46000000
1780574400000,7.94200000,8.11500000,7.90400000,8.08500000,296296.41000000
1780578000000,8.08500000,8.12300000,7.95300000,8.09200000,397607.14000000
1780581600000,8.09300000,8.12900000,8.02800000,8.05300000,209858.36000000
1780585200000,8.05300000,8.13200000,8.02900000,8.04700000,215575.83000000
1780588800000,8.04800000,8.07900000,7.99900000,8.04400000,221640.50000000
1780592400000,8.04400000,8.08900000,7.95600000,8.03400000,282550.10000000
1780596000000,8.03500000,8.11900000,7.97000000,8.08700000,167566.44000000
1780599600000,8.08600000,8.13600000,8.04300000,8.06100000,96539.97000000
1780603200000,8.06100000,8.06500000,7.99700000,8.04000000,84483.98000000
1780606800000,8.03900000,8.07700000,7.90700000,7.92100000,202195.43000000
1780610400000,7.92000000,8.00100000,7.88700000,7.99100000,178234.73000000
1780614000000,7.99000000,8.02300000,7.91100000,8.01800000,147756.65000000
1780617600000,8.01700000,8.04100000,7.95200000,7.95400000,127054.13000000
1780621200000,7.95400000,7.98900000,7.87900000,7.96000000,144070.67000000
1780624800000,7.96000000,7.96600000,7.79400000,7.80300000,316075.89000000
1780628400000,7.80400000,7.86900000,7.76700000,7.78900000,213887.86000000
1780632000000,7.79000000,7.89700000,7.75600000,7.88100000,232278.09000000
1780635600000,7.88200000,7.89700000,7.64000000,7.65300000,310218.09000000
1780639200000,7.65400000,7.66800000,7.33800000,7.49200000,750456.22000000
1780642800000,7.49200000,7.64700000,7.37300000,7.62900000,455440.35000000
1780646400000,7.62900000,7.63100000,7.50200000,7.51700000,227892.89000000
1780650000000,7.51800000,7.67200000,7.51400000,7.66600000,275362.41000000
1780653600000,7.66600000,7.68000000,7.57700000,7.62400000,143722.09000000
1780657200000,7.62400000,7.64800000,7.54100000,7.55800000,189591.76000000
1780660800000,7.55900000,7.60000000,7.47300000,7.54700000,245632.57000000
1780664400000,7.54700000,7.65900000,7.37600000,7.37800000,437944.28000000
1780668000000,7.37700000,7.50800000,7.31600000,7.42100000,499032.20000000
1780671600000,7.42100000,7.43200000,7.24200000,7.29300000,570930.62000000
1780675200000,7.29300000,7.51300000,7.16700000,7.48900000,905146.72000000
1780678800000,7.48800000,7.51200000,7.38700000,7.43400000,355193.72000000
1780682400000,7.43500000,7.46200000,7.17900000,7.20100000,389005.65000000
1780686000000,7.20100000,7.34600000,7.11900000,7.30500000,397082.38000000
1780689600000,7.30400000,7.48200000,7.21800000,7.46700000,345722.63000000
1780693200000,7.46600000,7.54600000,7.45300000,7.49800000,253142.26000000
1780696800000,7.49700000,7.50100000,7.38900000,7.45700000,173768.66000000
1780700400000,7.45700000,7.48700000,7.28100000,7.36600000,211098.71000000
1780704000000,7.36700000,7.45200000,7.36400000,7.43000000,130321.34000000
1780707600000,7.43000000,7.45500000,7.36600000,7.37700000,129805.43000000
1780711200000,7.37700000,7.39500000,7.31700000,7.34400000,135861.80000000
1780714800000,7.34400000,7.34800000,7.24700000,7.27700000,213405.28000000
1780718400000,7.27600000,7.31100000,6.99600000,7.06700000,579491.68000000
1780722000000,7.06800000,7.28500000,6.99700000,7.28100000,354146.80000000
1780725600000,7.28100000,7.37300000,7.27100000,7.27600000,171111.78000000
1780729200000,7.27600000,7.40300000,7.26300000,7.39600000,183141.91000000
1780732800000,7.39700000,7.46900000,7.36300000,7.43200000,219583.83000000
1780736400000,7.43200000,7.46800000,7.32400000,7.34900000,190752.94000000
1780740000000,7.35000000,7.35100000,7.19600000,7.27400000,261188.92000000
1780743600000,7.27300000,7.34500000,7.26600000,7.32000000,122499.46000000
1780747200000,7.32000000,7.41400000,7.28000000,7.39400000,180243.84000000
1780750800000,7.39400000,7.40900000,7.33300000,7.37000000,110075.42000000
1780754400000,7.37100000,7.43800000,7.36300000,7.39900000,189368.54000000
1780758000000,7.40000000,7.41000000,7.28400000,7.38200000,172216.45000000
1780761600000,7.38100000,7.41800000,7.31300000,7.37900000,140433.36000000
1780765200000,7.37900000,7.39200000,7.29600000,7.31300000,143850.17000000
1780768800000,7.31200000,7.37200000,7.29400000,7.32800000,88228.46000000
1780772400000,7.32700000,7.36200000,7.30200000,7.30200000,63047.13000000
1780776000000,7.30100000,7.33700000,7.28600000,7.33000000,107737.22000000
1780779600000,7.33000000,7.38700000,7.32300000,7.35200000,98408.14000000
1780783200000,7.35100000,7.37700000,7.31300000,7.34800000,100053.34000000
1780786800000,7.34700000,7.40800000,7.34600000,7.39400000,75248.63000000
1780790400000,7.39500000,7.42900000,7.37300000,7.39900000,84546.20000000
1780794000000,7.39800000,7.60400000,7.39300000,7.55800000,309004.12000000
1780797600000,7.55800000,7.58100000,7.51000000,7.56000000,104132.75000000
1780801200000,7.56000000,7.61000000,7.53500000,7.58200000,132697.27000000
1780804800000,7.58200000,7.61200000,7.53100000,7.59400000,76780.17000000
1780808400000,7.59500000,7.65200000,7.58200000,7.62500000,139945.30000000
1780812000000,7.62600000,7.71700000,7.60100000,7.68500000,203399.77000000
1780815600000,7.68500000,7.72700000,7.65700000,7.71700000,101015.93000000
1780819200000,7.71600000,7.81300000,7.66900000,7.81000000,154761.56000000
1780822800000,7.81000000,7.84900000,7.74700000,7.77000000,122750.33000000
1780826400000,7.77100000,7.78000000,7.69100000,7.70700000,95845.24000000
1780830000000,7.70700000,7.77900000,7.69900000,7.76200000,66804.93000000
1780833600000,7.76200000,7.77500000,7.61400000,7.69900000,188604.06000000
1780837200000,7.69800000,7.71500000,7.66800000,7.70200000,67438.43000000
1780840800000,7.70200000,7.79700000,7.70100000,7.73500000,97629.43000000
1780844400000,7.73600000,7.74200000,7.68400000,7.72800000,125307.56000000
1780848000000,7.72900000,7.76300000,7.67700000,7.73300000,95030.64000000
1780851600000,7.73300000,7.78000000,7.71700000,7.74500000,78235.49000000
1780855200000,7.74500000,7.76300000,7.69700000,7.70000000,27580.21000000
1780858800000,7.70100000,7.70100000,7.55500000,7.59700000,170673.80000000
1780862400000,7.59600000,7.69600000,7.57300000,7.68400000,72659.07000000
1780866000000,7.68300000,7.69500000,7.63700000,7.67100000,50818.00000000
1780869600000,7.67200000,8.03500000,7.66300000,7.85200000,523858.14000000
1780873200000,7.85100000,7.93200000,7.84800000,7.91800000,152667.02000000
1780876800000,7.91800000,8.02000000,7.88100000,7.98100000,224198.85000000
1780880400000,7.98100000,7.98800000,7.82000000,7.90500000,167560.39000000
1780884000000,7.90600000,7.94300000,7.88300000,7.91600000,66070.70000000
1780887600000,7.91600000,7.96300000,7.84200000,7.85800000,116621.00000000
1780891200000,7.85800000,7.87300000,7.76800000,7.76800000,82480.99000000
1780894800000,7.76800000,7.79600000,7.72200000,7.78300000,109074.43000000
1780898400000,7.78300000,7.84600000,7.78200000,7.82300000,68233.65000000
1780902000000,7.82400000,7.93600000,7.80600000,7.90800000,144080.66000000
1780905600000,7.90800000,7.91200000,7.85300000,7.87900000,92297.44000000
1780909200000,7.88000000,7.92500000,7.84200000,7.92200000,130541.62000000
1780912800000,7.92100000,7.93400000,7.85000000,7.87800000,68041.22000000
1780916400000,7.87700000,8.00700000,7.86000000,7.96800000,128230.48000000
1780920000000,7.96900000,8.02700000,7.88300000,8.02000000,176578.58000000
1780923600000,8.02100000,8.02700000,7.95000000,7.97600000,109193.06000000
1780927200000,7.97500000,8.06600000,7.95500000,8.06000000,150203.40000000
1780930800000,8.05900000,8.11200000,8.01200000,8.02600000,169951.41000000
1780934400000,8.02700000,8.07000000,7.98400000,7.99400000,148660.67000000
1780938000000,7.99400000,8.04200000,7.96500000,8.04200000,109670.53000000
1780941600000,8.04200000,8.06300000,7.99200000,8.01700000,75544.19000000
1780945200000,8.01700000,8.07800000,8.01400000,8.06300000,56115.60000000
1780948800000,8.06300000,8.06500000,8.00900000,8.04500000,46863.13000000
1780952400000,8.04600000,8.12800000,8.04400000,8.06100000,83474.68000000
1780956000000,8.06000000,8.06600000,8.00000000,8.04100000,129081.91000000
1780959600000,8.04000000,8.08100000,7.97400000,7.99800000,95051.31000000
1780963200000,7.99700000,8.01700000,7.81000000,7.83200000,246619.56000000
1780966800000,7.83100000,7.87000000,7.81000000,7.84900000,98993.09000000
1780970400000,7.84900000,7.86500000,7.79700000,7.85800000,53029.25000000
1780974000000,7.85900000,7.89000000,7.84300000,7.88400000,48127.35000000
1780977600000,7.88300000,8.00300000,7.85300000,7.97100000,133233.19000000
1780981200000,7.97100000,8.02800000,7.94200000,7.99800000,89350.27000000
1780984800000,7.99900000,8.02200000,7.94900000,7.95600000,95173.43000000
1780988400000,7.95600000,7.98600000,7.90500000,7.93300000,96966.47000000
1780992000000,7.93300000,7.93700000,7.87400000,7.89900000,87620.48000000
1780995600000,7.90000000,7.91900000,7.84900000,7.86600000,58477.28000000
1780999200000,7.86700000,7.90900000,7.84700000,7.89500000,69157.05000000
1781002800000,7.89400000,7.90100000,7.83700000,7.88600000,110375.47000000
1781006400000,7.88500000,7.93900000,7.88300000,7.93300000,99890.45000000
1781010000000,7.93400000,7.95400000,7.87600000,7.89200000,124777.22000000
1781013600000,7.89100000,7.91400000,7.73400000,7.81100000,264596.55000000
1781017200000,7.81000000,7.84000000,7.71300000,7.72400000,141003.94000000
1781020800000,7.72200000,7.75500000,7.65000000,7.73600000,236968.76000000
1781024400000,7.73700000,7.85100000,7.73400000,7.80200000,130699.94000000
1781028000000,7.80200000,7.86800000,7.79500000,7.85700000,64794.27000000
1781031600000,7.85700000,7.90000000,7.83300000,7.87500000,75071.17000000
1781035200000,7.87500000,7.93000000,7.86700000,7.91400000,46135.17000000
1781038800000,7.91400000,7.91900000,7.84400000,7.84600000,40589.49000000
1781042400000,7.84700000,7.88900000,7.82400000,7.82900000,54392.98000000
1781046000000,7.82900000,7.85200000,7.80100000,7.83800000,50363.55000000
1781049600000,7.83800000,7.87200000,7.78300000,7.86600000,58672.40000000
1781053200000,7.86600000,7.87600000,7.78300000,7.80700000,71409.65000000
1781056800000,7.80800000,7.82100000,7.71600000,7.72300000,46420.71000000
1781060400000,7.72200000,7.76800000,7.71900000,7.74900000,26278.17000000
1781064000000,7.74900000,7.75500000,7.69300000,7.70600000,57887.06000000
1781067600000,7.70700000,7.72100000,7.65700000,7.70100000,49468.53000000
1781071200000,7.70100000,7.73000000,7.67700000,7.72300000,35426.59000000
1781074800000,7.72200000,7.80900000,7.72000000,7.78000000,50495.21000000
1781078400000,7.78100000,7.78200000,7.65700000,7.67800000,107399.01000000
1781082000000,7.67800000,7.71500000,7.62200000,7.70000000,106738.29000000
1781085600000,7.70000000,7.71200000,7.65100000,7.69600000,76042.46000000
1781089200000,7.69700000,7.70500000,7.61200000,7.64600000,112706.06000000
1781092800000,7.64700000,7.81000000,7.62900000,7.73600000,138083.88000000
1781096400000,7.73600000,7.90100000,7.72500000,7.82500000,149001.84000000
1781100000000,7.82500000,7.83000000,7.72600000,7.77400000,105755.61000000
1781103600000,7.77500000,7.84000000,7.71400000,7.80800000,167234.89000000
1781107200000,7.80800000,7.82500000,7.69700000,7.73200000,87222.11000000
1781110800000,7.73100000,7.76100000,7.64700000,7.68500000,80315.15000000
1781114400000,7.68500000,7.70200000,7.60700000,7.66000000,96643.15000000
1781118000000,7.66000000,7.66800000,7.59900000,7.62000000,84020.87000000
1781121600000,7.61900000,7.63700000,7.57100000,7.59900000,69440.34000000
1781125200000,7.59800000,7.59900000,7.48100000,7.51700000,130727.54000000
1781128800000,7.51700000,7.57700000,7.49200000,7.53700000,107594.11000000
1781132400000,7.53700000,7.58400000,7.50400000,7.56100000,106155.21000000
1781136000000,7.56000000,7.63100000,7.56000000,7.61400000,91148.65000000
1781139600000,7.61300000,7.73000000,7.61300000,7.70200000,125532.07000000
1781143200000,7.70300000,7.71100000,7.63300000,7.67600000,56796.39000000
1781146800000,7.67600000,7.83300000,7.66100000,7.80300000,141944.85000000
1781150400000,7.80300000,7.82200000,7.77400000,7.80100000,75136.19000000
1781154000000,7.80000000,7.80000000,7.76500000,7.76500000,38515.29000000
1781157600000,7.76400000,7.81100000,7.74700000,7.77000000,79990.73000000
1781161200000,7.76900000,7.79200000,7.75700000,7.77200000,28023.80000000
1781164800000,7.77200000,7.84500000,7.77200000,7.82800000,68319.70000000
1781168400000,7.82800000,7.83600000,7.78500000,7.80200000,79904.74000000
1781172000000,7.80200000,7.83500000,7.78300000,7.83000000,62138.33000000
1781175600000,7.82900000,7.88100000,7.80600000,7.85700000,79055.07000000
1781179200000,7.85800000,7.85900000,7.74600000,7.79600000,147825.76000000
1781182800000,7.79600000,7.84500000,7.76300000,7.81300000,78123.32000000
1781186400000,7.81400000,7.82400000,7.75100000,7.75400000,81008.00000000
1781190000000,7.75300000,7.78300000,7.71300000,7.75800000,74601.96000000
1781193600000,7.75900000,7.79300000,7.71100000,7.71900000,81901.48000000
1781197200000,7.71800000,7.94200000,7.68800000,7.92200000,199337.46000000
1781200800000,7.92200000,7.95000000,7.88500000,7.92800000,107909.24000000
1781204400000,7.92700000,7.98800000,7.90600000,7.94300000,98847.89000000
1781208000000,7.94400000,7.95600000,7.87200000,7.89800000,68846.38000000
1781211600000,7.89900000,7.95800000,7.89900000,7.92400000,39403.34000000
1781215200000,7.92300000,7.95700000,7.90200000,7.91500000,40614.13000000
1781218800000,7.91400000,7.92700000,7.88000000,7.88700000,44457.94000000
1781222400000,7.88800000,7.92300000,7.86800000,7.89800000,40731.94000000
1781226000000,7.89800000,7.89800000,7.84900000,7.88500000,37934.27000000
1781229600000,7.88600000,7.93500000,7.88600000,7.90500000,21202.12000000
1781233200000,7.90500000,7.91900000,7.87600000,7.90500000,22765.28000000
1781236800000,7.90500000,7.93400000,7.88500000,7.91100000,27922.22000000
1781240400000,7.91100000,7.91100000,7.83500000,7.84000000,45376.77000000
1781244000000,7.84000000,7.84900000,7.75300000,7.78000000,54925.23000000
1781247600000,7.78100000,7.83100000,7.78100000,7.81300000,38088.44000000
1781251200000,7.81300000,7.88900000,7.81300000,7.87300000,52731.63000000
1781254800000,7.87400000,7.94200000,7.86300000,7.90800000,51907.28000000
1781258400000,7.90800000,7.92700000,7.86600000,7.89300000,30890.11000000
1781262000000,7.89300000,7.92000000,7.88500000,7.90100000,24374.36000000
1781265600000,7.90000000,7.91000000,7.87500000,7.88900000,122555.38000000
1781269200000,7.88800000,7.89600000,7.78400000,7.81100000,95061.60000000
1781272800000,7.81200000,7.97700000,7.80200000,7.96900000,113330.56000000
1781276400000,7.96900000,8.01100000,7.81200000,7.81700000,147616.61000000
1781280000000,7.81700000,7.90100000,7.79800000,7.89300000,84027.25000000
1781283600000,7.89400000,7.92200000,7.86300000,7.87800000,58674.53000000
1781287200000,7.87800000,7.88700000,7.83100000,7.84200000,48267.64000000
1781290800000,7.84200000,7.88400000,7.83100000,7.84000000,59704.42000000
1781294400000,7.84000000,7.86700000,7.83300000,7.84300000,31398.01000000
1781298000000,7.84400000,7.87600000,7.82400000,7.83200000,24340.67000000
1781301600000,7.83200000,7.87300000,7.82600000,7.84900000,23348.05000000
1781305200000,7.84800000,7.86700000,7.81900000,7.86700000,20105.92000000
1781308800000,7.86700000,7.90100000,7.85900000,7.88900000,26842.26000000
1781312400000,7.88900000,7.94900000,7.88900000,7.94500000,40874.04000000
1781316000000,7.94500000,7.94500000,7.90100000,7.91000000,46652.27000000
1781319600000,7.91000000,7.92100000,7.87100000,7.89300000,43430.84000000
1781323200000,7.89200000,7.91100000,7.86800000,7.87800000,37183.29000000
1781326800000,7.87800000,7.89500000,7.85800000,7.88400000,22976.98000000
1781330400000,7.88500000,7.93400000,7.86700000,7.92500000,36855.59000000
1781334000000,7.92600000,7.97100000,7.89700000,7.96400000,60074.10000000
1781337600000,7.96400000,7.98400000,7.94500000,7.96200000,51262.08000000
1781341200000,7.96200000,7.98000000,7.94800000,7.95400000,27418.64000000
1781344800000,7.95500000,7.97700000,7.94900000,7.96200000,21421.30000000
1781348400000,7.96300000,7.99300000,7.95700000,7.99000000,29669.86000000
1781352000000,7.99000000,8.03100000,7.97600000,8.01000000,49395.84000000
1781355600000,8.01100000,8.01100000,7.97600000,7.99400000,49376.65000000
1781359200000,7.99500000,8.01600000,7.99100000,8.01100000,32628.13000000
1781362800000,8.01200000,8.04400000,8.00000000,8.02600000,75213.31000000
1781366400000,8.02700000,8.02900000,7.93800000,7.99500000,146297.18000000
1781370000000,7.99400000,8.02400000,7.97900000,7.99200000,49843.07000000
1781373600000,7.99200000,8.02200000,7.96500000,7.98400000,35049.51000000
1781377200000,7.98300000,8.01000000,7.96200000,7.99100000,50094.36000000
1781380800000,7.99200000,7.99500000,7.96800000,7.98400000,20253.02000000
1781384400000,7.98400000,8.05000000,7.95700000,8.02300000,69703.92000000
1781388000000,8.02400000,8.02400000,7.98200000,7.98200000,37504.94000000
1781391600000,7.98200000,7.99800000,7.96700000,7.98700000,40986.45000000
1781395200000,7.98700000,7.98700000,7.95900000,7.96800000,29144.93000000
1781398800000,7.96900000,8.00900000,7.95700000,7.97200000,39647.43000000
1781402400000,7.97200000,8.00200000,7.95400000,7.96300000,50951.55000000
1781406000000,7.96200000,7.97500000,7.95300000,7.96500000,28559.45000000
1781409600000,7.96500000,7.96700000,7.90600000,7.91900000,85532.66000000
1781413200000,7.91900000,7.93400000,7.89300000,7.92300000,48741.82000000
1781416800000,7.92400000,7.95400000,7.91500000,7.92200000,25789.05000000
1781420400000,7.92300000,7.92500000,7.88600000,7.90700000,21706.69000000
1781424000000,7.90700000,7.93200000,7.89800000,7.91500000,31577.23000000
1781427600000,7.91500000,7.94800000,7.88100000,7.94700000,42609.09000000
1781431200000,7.94700000,7.95100000,7.91500000,7.91600000,25800.65000000
1781434800000,7.91600000,7.94500000,7.91000000,7.92700000,15721.35000000
1781438400000,7.92700000,7.93200000,7.88000000,7.88400000,21642.14000000
1781442000000,7.88500000,7.89500000,7.85800000,7.87300000,39782.21000000
1781445600000,7.87300000,7.88000000,7.79400000,7.83200000,81192.31000000
1781449200000,7.83100000,7.85100000,7.82800000,7.84100000,28539.46000000
1781452800000,7.84100000,7.87600000,7.83700000,7.84300000,27477.64000000
1781456400000,7.84300000,7.86300000,7.81100000,7.81600000,57215.46000000
1781460000000,7.81700000,7.83600000,7.78300000,7.81500000,48891.11000000
1781463600000,7.81400000,7.84700000,7.80600000,7.82100000,17145.92000000
1781467200000,7.82200000,7.87200000,7.80800000,7.85300000,36157.37000000
1781470800000,7.85400000,8.14700000,7.85100000,8.07200000,219998.54000000
1781474400000,8.07300000,8.13900000,8.04000000,8.11300000,113044.63000000
1781478000000,8.11400000,8.18400000,8.09100000,8.18100000,144781.13000000
1781481600000,8.18100000,8.21900000,8.13400000,8.15700000,134683.80000000
1781485200000,8.15800000,8.16900000,8.10500000,8.12500000,78120.02000000
1781488800000,8.12500000,8.20200000,8.12100000,8.15900000,59309.84000000
1781492400000,8.16000000,8.21500000,8.15200000,8.19700000,70055.62000000
1781496000000,8.19700000,8.20400000,8.15200000,8.16700000,80147.54000000
1781499600000,8.16800000,8.21400000,8.15300000,8.20900000,37256.91000000
1781503200000,8.20900000,8.23100000,8.19200000,8.20100000,47487.52000000
1781506800000,8.20100000,8.22700000,8.17700000,8.18300000,48316.64000000
1781510400000,8.18400000,8.23000000,8.17300000,8.20800000,61790.46000000
1781514000000,8.20900000,8.22800000,8.16300000,8.20600000,49730.53000000
1781517600000,8.20500000,8.34900000,8.20300000,8.33800000,126095.80000000
1781521200000,8.33900000,8.45400000,8.25600000,8.30700000,409390.50000000
1781524800000,8.30700000,8.36300000,8.28200000,8.35500000,180880.70000000
1781528400000,8.35400000,8.52100000,8.33900000,8.47000000,245612.44000000
1781532000000,8.47100000,8.47700000,8.42200000,8.45500000,122185.03000000
1781535600000,8.45400000,8.60000000,8.41900000,8.56100000,222818.13000000
1781539200000,8.56100000,8.58600000,8.50800000,8.55500000,138230.09000000
1781542800000,8.55500000,8.55600000,8.45300000,8.49300000,101821.36000000
1781546400000,8.49300000,8.50100000,8.45700000,8.46200000,69688.82000000
1781550000000,8.46100000,8.50900000,8.37400000,8.41000000,115603.66000000
1781553600000,8.41000000,8.42500000,8.36800000,8.37600000,72865.95000000
1781557200000,8.37700000,8.39800000,8.34300000,8.35400000,55220.86000000
1781560800000,8.35500000,8.37600000,8.26000000,8.26900000,97100.34000000
1781564400000,8.26800000,8.30600000,8.24900000,8.30000000,54868.37000000
1781568000000,8.29900000,8.33800000,8.28000000,8.28400000,70567.36000000
1781571600000,8.28500000,8.31500000,8.25500000,8.25900000,31904.35000000
1781575200000,8.25900000,8.26300000,8.15100000,8.18100000,137601.61000000
1781578800000,8.18100000,8.26100000,8.17000000,8.25400000,95352.58000000
1781582400000,8.25200000,8.27300000,8.18000000,8.18800000,50054.25000000
1781586000000,8.18800000,8.22700000,8.18800000,8.20800000,55535.10000000
1781589600000,8.20700000,8.27100000,8.20600000,8.26200000,33269.99000000
1781593200000,8.26300000,8.29300000,8.24500000,8.28500000,45337.39000000
1781596800000,8.28500000,8.43100000,8.27700000,8.40400000,96187.46000000
1781600400000,8.40500000,8.41400000,8.33300000,8.35000000,67946.98000000
1781604000000,8.34900000,8.37700000,8.33100000,8.34500000,51933.21000000
1781607600000,8.34500000,8.36900000,8.29800000,8.33300000,62494.94000000
1781611200000,8.33400000,8.48400000,8.31200000,8.39100000,102867.84000000
1781614800000,8.39200000,8.39700000,8.24700000,8.25500000,127029.12000000
1781618400000,8.25600000,8.29700000,8.09400000,8.16200000,189124.89000000
1781622000000,8.16100000,8.23200000,8.15300000,8.19700000,65566.29000000
1781625600000,8.19800000,8.21200000,8.16400000,8.17700000,41229.21000000
1781629200000,8.17800000,8.26500000,8.17800000,8.25600000,46117.99000000
1781632800000,8.25700000,8.32900000,8.25100000,8.30300000,68296.95000000
1781636400000,8.30300000,8.30300000,8.23000000,8.25800000,60335.66000000
1781640000000,8.25800000,8.34000000,8.24200000,8.33100000,57306.53000000
1781643600000,8.33200000,8.35100000,8.28600000,8.31400000,50110.33000000
1781647200000,8.31400000,8.33500000,8.28700000,8.30600000,49117.24000000
1781650800000,8.30500000,8.31800000,8.26700000,8.27700000,28428.97000000
1781654400000,8.27700000,8.31200000,8.26700000,8.29400000,32694.44000000
1781658000000,8.29600000,8.36400000,8.25500000,8.35200000,44975.87000000
1781661600000,8.35300000,8.41800000,8.32600000,8.37300000,69686.08000000
1781665200000,8.37200000,8.37200000,8.32000000,8.35300000,27856.34000000
1781668800000,8.35400000,8.39900000,8.33300000,8.35200000,38579.91000000
1781672400000,8.35200000,8.37600000,8.30500000,8.33800000,25951.16000000
1781676000000,8.33800000,8.36100000,8.30400000,8.32500000,31663.88000000
1781679600000,8.32500000,8.36500000,8.26200000,8.29300000,52711.34000000
1781683200000,8.29300000,8.29800000,8.15000000,8.17300000,98274.05000000
1781686800000,8.17200000,8.21300000,8.16700000,8.20200000,92130.52000000
1781690400000,8.20200000,8.21700000,8.16900000,8.17500000,131842.78000000
1781694000000,8.17500000,8.18400000,8.11200000,8.15700000,63847.69000000
1781697600000,8.15700000,8.18400000,8.08400000,8.17700000,75519.56000000
1781701200000,8.17700000,8.22400000,8.14200000,8.17700000,75792.75000000
1781704800000,8.17600000,8.21500000,8.10400000,8.15700000,67703.69000000
1781708400000,8.15800000,8.30000000,8.14700000,8.29300000,96559.65000000
1781712000000,8.29200000,8.37100000,8.26600000,8.27000000,96225.89000000
1781715600000,8.27000000,8.32500000,8.22900000,8.30700000,78554.29000000
1781719200000,8.30700000,8.32900000,8.09600000,8.24400000,259302.57000000
1781722800000,8.24500000,8.26700000,8.00600000,8.03700000,287563.82000000
1781726400000,8.03600000,8.10900000,8.02200000,8.10200000,85382.73000000
1781730000000,8.10200000,8.10400000,8.02300000,8.03700000,47062.21000000
1781733600000,8.03800000,8.06900000,7.93700000,8.04000000,91285.49000000
1781737200000,8.04000000,8.09600000,8.03900000,8.09200000,32666.41000000
1781740800000,8.09300000,8.12800000,8.08100000,8.08600000,49409.09000000
1781744400000,8.08600000,8.13700000,8.06800000,8.08300000,35887.33000000
1781748000000,8.08400000,8.12300000,8.07100000,8.11300000,37327.36000000
1781751600000,8.11300000,8.11500000,8.01500000,8.03000000,47094.96000000
1781755200000,8.03100000,8.03500000,7.91000000,7.95200000,137254.78000000
1781758800000,7.95200000,7.95400000,7.89000000,7.95200000,115940.85000000
1781762400000,7.95200000,7.98900000,7.92800000,7.98300000,54797.42000000
1781766000000,7.98400000,8.04600000,7.95900000,8.03100000,69214.56000000
1781769600000,8.03200000,8.06700000,8.01400000,8.03200000,57364.39000000
1781773200000,8.03300000,8.06400000,8.01700000,8.04000000,21810.29000000
1781776800000,8.04000000,8.04200000,7.98600000,8.02400000,50881.30000000
1781780400000,8.02500000,8.04200000,7.97200000,7.98900000,43585.72000000
1781784000000,7.99000000,8.09900000,7.98400000,8.09300000,123425.47000000
1781787600000,8.09400000,8.12800000,7.96600000,8.02500000,110802.69000000
1781791200000,8.02600000,8.10700000,7.98000000,8.02800000,81614.35000000
1781794800000,8.02800000,8.02900000,7.77200000,7.78800000,247018.47000000
1781798400000,7.78700000,7.85900000,7.78000000,7.85200000,165966.99000000
1781802000000,7.85300000,7.85700000,7.78800000,7.82000000,168795.28000000
1781805600000,7.82000000,7.87200000,7.80800000,7.85300000,87462.45000000
1781809200000,7.85200000,7.93900000,7.84200000,7.92000000,62144.33000000
1781812800000,7.92000000,7.99600000,7.92000000,7.98800000,52478.35000000
1781816400000,7.98800000,7.99900000,7.93100000,7.99500000,33257.78000000
1781820000000,7.99500000,7.99900000,7.95100000,7.98800000,50110.45000000
1781823600000,7.98700000,8.01900000,7.95400000,8.01600000,40637.43000000
1781827200000,8.01500000,8.03400000,7.98900000,8.01500000,49410.73000000
1781830800000,8.01600000,8.04400000,7.98400000,8.02800000,50877.61000000
1781834400000,8.02800000,8.04300000,7.98000000,7.99300000,40836.90000000
1781838000000,7.99400000,8.00300000,7.82300000,7.88100000,152004.45000000
1781841600000,7.88200000,7.91600000,7.81100000,7.82700000,60443.19000000
1781845200000,7.82800000,7.89300000,7.82300000,7.89100000,39965.01000000
1781848800000,7.89100000,7.92000000,7.86200000,7.89700000,86569.13000000
1781852400000,7.89600000,7.89600000,7.82300000,7.84700000,67448.41000000
1781856000000,7.84800000,7.88100000,7.84200000,7.85600000,43789.50000000
1781859600000,7.85700000,7.86600000,7.81700000,7.83600000,70005.21000000
1781863200000,7.83600000,7.85300000,7.80200000,7.83200000,61857.62000000
1781866800000,7.83200000,7.84100000,7.81000000,7.81300000,75776.13000000
1781870400000,7.81400000,7.86300000,7.76400000,7.85700000,99794.14000000
1781874000000,7.85800000,7.95300000,7.82300000,7.93200000,90872.84000000
1781877600000,7.93100000,7.94900000,7.90100000,7.90300000,52695.39000000
1781881200000,7.90300000,7.93000000,7.87300000,7.90600000,66093.04000000
1781884800000,7.90700000,7.93800000,7.86100000,7.86900000,57384.84000000
1781888400000,7.86800000,7.92700000,7.85100000,7.90900000,48041.23000000
1781892000000,7.90900000,7.91400000,7.85600000,7.89000000,26850.98000000
1781895600000,7.89100000,7.90000000,7.85000000,7.88100000,31325.52000000
1781899200000,7.88100000,7.92900000,7.85200000,7.92800000,28162.63000000
1781902800000,7.92700000,7.93200000,7.87900000,7.88800000,26739.83000000
1781906400000,7.88800000,7.93300000,7.87900000,7.92600000,30266.00000000
1781910000000,7.92600000,7.96600000,7.90400000,7.95000000,38455.40000000
1781913600000,7.94900000,7.96100000,7.86900000,7.88600000,120475.04000000
1781917200000,7.88600000,7.92200000,7.87700000,7.91200000,31653.39000000
1781920800000,7.91200000,7.91400000,7.86400000,7.87400000,30857.71000000
1781924400000,7.87400000,7.89900000,7.86700000,7.89400000,13837.89000000
1781928000000,7.89500000,7.93800000,7.88300000,7.93200000,41177.36000000
1781931600000,7.93300000,8.01700000,7.92600000,7.99000000,67400.97000000
1781935200000,7.99000000,8.01200000,7.97600000,7.99000000,43969.84000000
1781938800000,7.99100000,8.00900000,7.95400000,7.96300000,45092.18000000
1781942400000,7.96400000,7.96400000,7.92700000,7.94200000,26560.75000000
1781946000000,7.94200000,7.98500000,7.94200000,7.96900000,22174.79000000
1781949600000,7.96900000,7.97900000,7.94300000,7.95900000,22384.04000000
1781953200000,7.95900000,7.96100000,7.93800000,7.93900000,18752.46000000
1781956800000,7.93900000,7.95200000,7.91400000,7.92800000,31746.68000000
1781960400000,7.92800000,7.93400000,7.85900000,7.87700000,53478.25000000
1781964000000,7.87600000,7.98800000,7.82400000,7.93700000,178914.96000000
1781967600000,7.93700000,8.01000000,7.91900000,7.96800000,93333.43000000
1781971200000,7.96900000,7.97100000,7.92200000,7.96400000,22902.16000000
1781974800000,7.96300000,7.96300000,7.86600000,7.90400000,53268.03000000
1781978400000,7.90400000,7.93100000,7.88800000,7.89300000,37121.26000000
1781982000000,7.89300000,7.91000000,7.88500000,7.90100000,37426.81000000
1781985600000,7.90200000,7.91200000,7.89000000,7.90600000,7756.77000000
1781989200000,7.90700000,7.94200000,7.90500000,7.93400000,32854.18000000
1781992800000,7.93300000,8.01500000,7.91900000,7.99000000,48335.52000000
1781996400000,7.99000000,8.01200000,7.98200000,7.98700000,19478.91000000
1782000000000,7.98900000,7.99400000,7.95700000,7.97400000,14197.15000000
1782003600000,7.97500000,7.97700000,7.95200000,7.96300000,12964.49000000
1782007200000,7.96200000,7.96600000,7.94000000,7.95100000,7297.94000000
1782010800000,7.95000000,7.98800000,7.93800000,7.97100000,13300.85000000
1782014400000,7.97200000,7.98700000,7.93700000,7.94200000,22983.42000000
1782018000000,7.94200000,7.94300000,7.91800000,7.92500000,20773.40000000
1782021600000,7.92600000,7.95500000,7.92300000,7.94100000,12191.22000000
1782025200000,7.94200000,7.97200000,7.92800000,7.95000000,14566.86000000
1782028800000,7.95000000,7.95900000,7.89800000,7.94300000,40892.51000000
1782032400000,7.94300000,7.99200000,7.93400000,7.98500000,46637.98000000
1782036000000,7.98500000,8.01100000,7.97200000,7.97300000,44596.30000000
1782039600000,7.97300000,7.98100000,7.92000000,7.93500000,22862.11000000
1782043200000,7.93600000,7.94600000,7.90300000,7.93900000,34866.64000000
1782046800000,7.93900000,7.96100000,7.93000000,7.95700000,25936.49000000
1782050400000,7.95700000,7.96600000,7.93700000,7.96600000,27073.31000000
1782054000000,7.96600000,7.99100000,7.96200000,7.98800000,71560.61000000
1782057600000,7.98700000,7.99400000,7.91700000,7.95300000,49562.87000000
1782061200000,7.95200000,7.97300000,7.93100000,7.94200000,39181.34000000
1782064800000,7.94100000,7.97100000,7.90700000,7.95800000,53183.56000000
1782068400000,7.95800000,7.97200000,7.94700000,7.95500000,24296.52000000
1782072000000,7.95500000,7.95900000,7.87400000,7.88800000,40185.05000000
1782075600000,7.88800000,7.89300000,7.78100000,7.85200000,70530.65000000
1782079200000,7.85100000,7.87700000,7.80700000,7.83800000,34761.47000000
1782082800000,7.83700000,7.83700000,7.76900000,7.78300000,66297.97000000
1782086400000,7.78400000,7.91000000,7.78200000,7.88900000,58278.89000000
1782090000000,7.88900000,8.02300000,7.87000000,7.96300000,129694.82000000
1782093600000,7.96300000,7.97000000,7.90600000,7.90600000,31499.38000000
1782097200000,7.90500000,7.92900000,7.86000000,7.87000000,46560.18000000
1782100800000,7.87000000,7.90300000,7.85700000,7.90100000,22643.75000000
1782104400000,7.90000000,7.95200000,7.89700000,7.94500000,72519.46000000
1782108000000,7.94600000,7.96700000,7.90000000,7.91000000,44452.15000000
1782111600000,7.91000000,7.99500000,7.90600000,7.96500000,58768.50000000
1782115200000,7.96600000,8.01200000,7.94800000,7.98900000,80628.14000000
1782118800000,7.99000000,8.01200000,7.97900000,7.98600000,46568.71000000
1782122400000,7.98600000,8.02100000,7.98000000,7.99700000,50856.84000000
1782126000000,7.99800000,8.09900000,7.98800000,8.08700000,181224.63000000
1782129600000,8.08800000,8.12900000,8.07600000,8.11300000,107448.04000000
1782133200000,8.11400000,8.15500000,8.08500000,8.14800000,100961.74000000
1782136800000,8.14800000,8.14900000,7.99000000,8.01900000,126810.23000000
1782140400000,8.02000000,8.05700000,7.97500000,7.98700000,113671.02000000
1782144000000,7.98800000,8.00000000,7.95400000,7.98700000,75927.01000000
1782147600000,7.98800000,7.99400000,7.90900000,7.95600000,153755.22000000
1782151200000,7.95700000,7.97800000,7.89500000,7.90400000,78657.83000000
1782154800000,7.90400000,7.92000000,7.88600000,7.91300000,67236.22000000
1782158400000,7.91500000,7.94000000,7.89800000,7.91900000,23909.65000000
1782162000000,7.92000000,7.92600000,7.87000000,7.90000000,24171.97000000
1782165600000,7.90100000,7.91700000,7.82100000,7.85900000,77669.03000000
1782169200000,7.85800000,7.88900000,7.84700000,7.87400000,38053.85000000
1782172800000,7.87300000,7.87800000,7.82800000,7.86900000,41197.53000000
1782176400000,7.86900000,7.91600000,7.83300000,7.88300000,75648.02000000
1782180000000,7.88200000,7.91500000,7.85800000,7.90500000,35438.92000000
1782183600000,7.90400000,7.90400000,7.86200000,7.90200000,15925.44000000
1782187200000,7.90300000,7.90700000,7.83900000,7.84200000,20403.90000000
1782190800000,7.84200000,7.85500000,7.81300000,7.83400000,99655.84000000
1782194400000,7.83500000,7.83600000,7.63300000,7.70100000,224823.18000000
1782198000000,7.70100000,7.72600000,7.65900000,7.66100000,57449.89000000
1782201600000,7.66200000,7.67100000,7.47900000,7.52800000,265901.68000000
1782205200000,7.52800000,7.55500000,7.52000000,7.54200000,51615.04000000
1782208800000,7.54300000,7.57200000,7.52600000,7.54700000,60911.72000000
1782212400000,7.54700000,7.62900000,7.54000000,7.61700000,67358.54000000
1782216000000,7.61600000,7.62100000,7.56500000,7.58400000,96881.58000000
1782219600000,7.58400000,7.63800000,7.54500000,7.62700000,136996.59000000
1782223200000,7.62600000,7.67700000,7.59000000,7.61100000,188134.62000000
1782226800000,7.61200000,7.69400000,7.55900000,7.62300000,324626.05000000
1782230400000,7.62300000,7.66800000,7.60000000,7.60400000,132266.01000000
1782234000000,7.60300000,7.63000000,7.56700000,7.57900000,38591.99000000
1782237600000,7.57800000,7.60500000,7.54700000,7.56700000,26539.74000000
1782241200000,7.56700000,7.60000000,7.56200000,7.58000000,43200.05000000
1782244800000,7.58000000,7.60500000,7.57400000,7.58200000,31327.56000000
1782248400000,7.58300000,7.61700000,7.58300000,7.60700000,21767.90000000
1782252000000,7.60800000,7.64900000,7.60000000,7.61800000,38783.94000000
1782255600000,7.61800000,7.64800000,7.58800000,7.63500000,42329.55000000
1782259200000,7.63600000,7.66500000,7.60700000,7.62100000,203216.87000000
1782262800000,7.62100000,7.66600000,7.58700000,7.63200000,137779.73000000
1782266400000,7.63300000,7.64000000,7.58500000,7.58600000,80914.44000000
1782270000000,7.58600000,7.60500000,7.55200000,7.58600000,37673.66000000
1782273600000,7.58700000,7.60700000,7.53300000,7.59600000,54208.65000000
1782277200000,7.59600000,7.67200000,7.59600000,7.64900000,59134.13000000
1782280800000,7.65000000,7.65700000,7.62900000,7.64200000,39735.47000000
1782284400000,7.64200000,7.65000000,7.60100000,7.60700000,43253.15000000
1782288000000,7.60800000,7.63100000,7.59600000,7.62800000,28145.01000000
1782291600000,7.62800000,7.62900000,7.60000000,7.62500000,23331.07000000
1782295200000,7.62500000,7.62800000,7.57600000,7.58300000,29921.69000000
1782298800000,7.58200000,7.70000000,7.53800000,7.63300000,321324.01000000
1782302400000,7.63300000,7.64100000,7.58100000,7.58700000,96690.23000000
1782306000000,7.58800000,7.59300000,7.45900000,7.47400000,255493.85000000
1782309600000,7.47400000,7.53200000,7.44800000,7.50100000,178616.39000000
1782313200000,7.50100000,7.50300000,7.36500000,7.36800000,150888.95000000
1782316800000,7.36700000,7.45400000,7.23100000,7.26800000,361224.63000000
1782320400000,7.26900000,7.29500000,7.12300000,7.13900000,336293.06000000
1782324000000,7.13900000,7.26300000,7.12400000,7.18900000,145122.03000000
1782327600000,7.19000000,7.25000000,7.17300000,7.24400000,111329.55000000
1782331200000,7.24300000,7.42900000,7.23400000,7.39600000,177216.21000000
1782334800000,7.39700000,7.45200000,7.36400000,7.44900000,91595.80000000
1782338400000,7.44900000,7.48300000,7.40100000,7.40800000,75545.97000000
1782342000000,7.40900000,7.43400000,7.39800000,7.42600000,29412.54000000
1782345600000,7.42700000,7.44500000,7.38900000,7.40100000,44101.65000000
1782349200000,7.40100000,7.41800000,7.38500000,7.41000000,26397.77000000
1782352800000,7.40900000,7.42400000,7.39200000,7.41100000,57445.34000000
1782356400000,7.41200000,7.42300000,7.39000000,7.40400000,35023.84000000
1782360000000,7.40500000,7.47800000,7.38200000,7.46700000,37538.84000000
1782363600000,7.46700000,7.54000000,7.45600000,7.51400000,114057.17000000
1782367200000,7.51400000,7.55300000,7.50900000,7.52400000,101310.17000000
1782370800000,7.52500000,7.53800000,7.50500000,7.53700000,39652.13000000
1782374400000,7.53700000,7.53700000,7.50000000,7.50700000,31367.17000000
1782378000000,7.50800000,7.51700000,7.48400000,7.49200000,20002.11000000
1782381600000,7.49200000,7.49700000,7.44700000,7.45000000,70467.14000000
1782385200000,7.44900000,7.46500000,7.42500000,7.44000000,58479.36000000
1782388800000,7.44100000,7.51000000,7.39100000,7.45000000,129533.45000000
1782392400000,7.45000000,7.49000000,7.01000000,7.03100000,387534.61000000
1782396000000,7.03200000,7.30500000,7.03200000,7.18900000,480143.23000000
1782399600000,7.19100000,7.23500000,7.10300000,7.21600000,232234.88000000
1782403200000,7.21700000,7.28300000,7.16100000,7.19900000,92196.63000000
1782406800000,7.19800000,7.28200000,7.18700000,7.27700000,135103.59000000
1782410400000,7.27800000,7.28600000,7.17600000,7.20100000,112958.84000000
1782414000000,7.20200000,7.20200000,7.13700000,7.18000000,55523.07000000
1782417600000,7.17900000,7.23000000,7.17900000,7.19200000,47330.54000000
1782421200000,7.19200000,7.28400000,7.18800000,7.28400000,43373.06000000
1782424800000,7.28300000,7.28800000,7.23900000,7.24200000,44627.64000000
1782428400000,7.24400000,7.30100000,7.23200000,7.24800000,50874.22000000
1782432000000,7.24800000,7.26600000,7.21900000,7.23300000,80853.73000000
1782435600000,7.23200000,7.25000000,7.16300000,7.17500000,30848.49000000
1782439200000,7.17600000,7.18100000,7.03000000,7.06000000,212543.09000000
1782442800000,7.06100000,7.22400000,7.01600000,7.20600000,185079.75000000
1782446400000,7.20500000,7.22800000,7.17400000,7.17700000,66092.66000000
1782450000000,7.17800000,7.22200000,7.17000000,7.19800000,36557.57000000
1782453600000,7.19700000,7.28200000,7.15700000,7.27800000,68559.72000000
1782457200000,7.27800000,7.34200000,7.27200000,7.32800000,86059.00000000
1782460800000,7.32800000,7.33600000,7.24800000,7.25900000,82077.09000000
1782464400000,7.25900000,7.27100000,7.18800000,7.18800000,64647.62000000
1782468000000,7.18900000,7.20300000,7.15100000,7.16100000,48375.85000000
1782471600000,7.16100000,7.19200000,7.12500000,7.14700000,40879.91000000
1782475200000,7.14900000,7.23200000,7.08900000,7.12700000,115368.92000000
1782478800000,7.12700000,7.27500000,7.05600000,7.27000000,163182.38000000
1782482400000,7.26900000,7.29100000,7.20600000,7.23100000,207592.26000000
1782486000000,7.23200000,7.36000000,7.22000000,7.33700000,187408.38000000
1782489600000,7.33800000,7.40200000,7.30100000,7.34900000,158109.30000000
1782493200000,7.34800000,7.39400000,7.34400000,7.36700000,75712.63000000
1782496800000,7.36700000,7.38600000,7.28800000,7.30000000,45646.42000000
1782500400000,7.30100000,7.37600000,7.28800000,7.32800000,76758.29000000
1782504000000,7.32800000,7.38900000,7.30900000,7.31400000,86765.00000000
1782507600000,7.31300000,7.34200000,7.29600000,7.31200000,22433.18000000
1782511200000,7.31200000,7.35800000,7.29000000,7.35500000,51600.21000000
1782514800000,7.35500000,7.37600000,7.34800000,7.35400000,44718.93000000
1782518400000,7.35500000,7.38500000,7.32400000,7.35300000,31286.60000000
1782522000000,7.35400000,7.36100000,7.34100000,7.35500000,17710.31000000
1782525600000,7.35500000,7.41700000,7.34900000,7.40200000,59474.64000000
1782529200000,7.40100000,7.40400000,7.36100000,7.36600000,41772.15000000
1782532800000,7.36600000,7.40100000,7.36300000,7.36400000,32650.10000000
1782536400000,7.36400000,7.37600000,7.34600000,7.37400000,22028.10000000
1782540000000,7.37300000,7.40500000,7.35300000,7.38200000,43706.45000000
1782543600000,7.38300000,7.39200000,7.36400000,7.38600000,50725.75000000
1782547200000,7.38500000,7.38800000,7.36100000,7.37500000,34216.28000000
1782550800000,7.37400000,7.38300000,7.34300000,7.38000000,45714.41000000
1782554400000,7.37900000,7.38400000,7.35700000,7.36800000,38339.52000000
1782558000000,7.36900000,7.36900000,7.33200000,7.35700000,25300.02000000
1782561600000,7.35700000,7.37900000,7.34200000,7.37700000,22943.85000000
1782565200000,7.37800000,7.39700000,7.37200000,7.39200000,33059.71000000
1782568800000,7.39200000,7.42700000,7.38300000,7.41200000,36538.02000000
1782572400000,7.41300000,7.47800000,7.41100000,7.45400000,66750.34000000
1782576000000,7.45600000,7.46900000,7.43500000,7.45400000,23543.03000000
1782579600000,7.45300000,7.45300000,7.36500000,7.37700000,114627.37000000
1782583200000,7.37700000,7.38900000,7.36300000,7.38700000,13682.91000000
1782586800000,7.38700000,7.40000000,7.30600000,7.32500000,38442.76000000
1782590400000,7.32500000,7.34700000,7.32500000,7.33700000,13821.30000000
1782594000000,7.33800000,7.34600000,7.29600000,7.30700000,20979.86000000
1782597600000,7.30600000,7.32800000,7.24800000,7.32600000,50446.63000000
1782601200000,7.32700000,7.33400000,7.28900000,7.29700000,16017.39000000
1782604800000,7.29600000,7.31800000,7.29000000,7.29700000,15924.48000000
1782608400000,7.29700000,7.30600000,7.28300000,7.29600000,24211.37000000
1782612000000,7.29600000,7.31600000,7.27100000,7.27700000,21147.10000000
1782615600000,7.27700000,7.31000000,7.27700000,7.30700000,17071.31000000
1782619200000,7.30700000,7.31000000,7.28000000,7.29500000,48542.36000000
1782622800000,7.29600000,7.29600000,7.24100000,7.26700000,26937.95000000
1782626400000,7.26700000,7.27000000,7.22000000,7.25700000,76518.63000000
1782630000000,7.25800000,7.30600000,7.25800000,7.30500000,18840.71000000
1782633600000,7.30500000,7.35800000,7.29400000,7.32800000,25574.57000000
1782637200000,7.32700000,7.35100000,7.29200000,7.29200000,22456.32000000
1782640800000,7.29300000,7.31300000,7.23200000,7.24900000,181972.97000000
1782644400000,7.25000000,7.29400000,7.24000000,7.28900000,89169.55000000
1782648000000,7.28900000,7.31600000,7.26200000,7.28800000,28052.16000000
1782651600000,7.28800000,7.28800000,7.24100000,7.25800000,26463.35000000
1782655200000,7.25900000,7.31600000,7.25900000,7.29200000,93679.96000000
1782658800000,7.29300000,7.33200000,7.28500000,7.31700000,95541.09000000
1782662400000,7.31800000,7.32200000,7.22700000,7.24600000,105575.54000000
1782666000000,7.24600000,7.27500000,7.20700000,7.25300000,44222.33000000
1782669600000,7.25300000,7.26700000,7.22500000,7.24900000,13388.58000000
1782673200000,7.24900000,7.26600000,7.19700000,7.23000000,22929.04000000
1782676800000,7.22900000,7.28100000,7.22700000,7.25200000,18944.35000000
1782680400000,7.25200000,7.25800000,7.17200000,7.19400000,35676.13000000
1782684000000,7.19500000,7.27800000,7.16000000,7.19600000,107287.35000000
1782687600000,7.19500000,7.29500000,7.18600000,7.26800000,42730.23000000
1782691200000,7.26900000,7.28300000,7.19500000,7.27900000,52016.78000000
1782694800000,7.28000000,7.28200000,7.22000000,7.26000000,31245.79000000
1782698400000,7.25900000,7.30600000,7.17900000,7.30200000,61803.69000000
1782702000000,7.30300000,7.36700000,7.30300000,7.33200000,125570.13000000
1782705600000,7.33100000,7.33200000,7.27700000,7.28500000,132050.48000000
1782709200000,7.28500000,7.31000000,7.22100000,7.31000000,56732.03000000
1782712800000,7.31000000,7.35300000,7.30600000,7.31200000,56438.34000000
1782716400000,7.31200000,7.33600000,7.28800000,7.32500000,85550.67000000
1782720000000,7.32500000,7.34300000,7.27900000,7.28900000,105014.70000000
1782723600000,7.28900000,7.33300000,7.28600000,7.32400000,115360.42000000
1782727200000,7.32500000,7.36400000,7.32500000,7.33700000,105450.57000000
1782730800000,7.33700000,7.35600000,7.29100000,7.30700000,71812.14000000
1782734400000,7.30600000,7.41300000,7.26400000,7.31800000,130255.35000000
1782738000000,7.31800000,7.36200000,7.24800000,7.28500000,140637.22000000
1782741600000,7.28500000,7.29800000,7.20200000,7.28600000,185617.59000000
1782745200000,7.28700000,7.34500000,7.22200000,7.32700000,108127.01000000
1782748800000,7.32900000,7.35500000,7.28100000,7.33600000,161195.87000000
1782752400000,7.33600000,7.50100000,7.33500000,7.47300000,177248.37000000
1782756000000,7.47300000,7.48100000,7.44000000,7.45100000,54666.50000000
1782759600000,7.45200000,7.48300000,7.43400000,7.47300000,46497.29000000
1782763200000,7.47300000,7.47600000,7.43900000,7.43900000,43527.42000000
1782766800000,7.44000000,7.47600000,7.42300000,7.45400000,52483.00000000
1782770400000,7.45500000,7.46300000,7.41000000,7.41000000,38469.78000000
1782774000000,7.41100000,7.41100000,7.37000000,7.38000000,189772.79000000
1782777600000,7.37900000,7.39700000,7.29400000,7.30700000,453245.01000000
1782781200000,7.30800000,7.33300000,7.27100000,7.30300000,155888.21000000
1782784800000,7.30400000,7.32000000,7.27700000,7.30800000,52732.58000000
1782788400000,7.30800000,7.33000000,7.27800000,7.29200000,58698.73000000
1782792000000,7.29100000,7.31400000,7.26800000,7.30500000,52007.25000000
1782795600000,7.30600000,7.31300000,7.28000000,7.31100000,36068.00000000
1782799200000,7.31200000,7.32500000,7.29300000,7.31000000,48144.61000000
1782802800000,7.31000000,7.31600000,7.29100000,7.30100000,57458.46000000
1782806400000,7.30000000,7.30500000,7.24800000,7.26800000,143393.39000000
1782810000000,7.26800000,7.29000000,7.25800000,7.28400000,36919.56000000
1782813600000,7.28500000,7.29300000,7.27000000,7.28200000,35698.05000000
1782817200000,7.28100000,7.28700000,7.24500000,7.25900000,48670.12000000
1782820800000,7.25800000,7.25800000,7.12200000,7.12500000,129697.78000000
1782824400000,7.12600000,7.21700000,7.12100000,7.21300000,169849.01000000
1782828000000,7.21300000,7.27100000,7.15600000,7.17000000,91507.46000000
1782831600000,7.17000000,7.21500000,7.14500000,7.15700000,138799.98000000
1782835200000,7.15800000,7.19800000,7.12400000,7.18800000,83592.17000000
1782838800000,7.18900000,7.21800000,7.17300000,7.18000000,37266.66000000
1782842400000,7.17900000,7.23600000,7.17000000,7.22200000,36212.82000000
1782846000000,7.22100000,7.23200000,7.19600000,7.21300000,55403.85000000
1782849600000,7.21200000,7.21700000,7.17200000,7.18300000,41724.28000000
1782853200000,7.18200000,7.19200000,7.15200000,7.17900000,34577.24000000
1782856800000,7.18000000,7.20800000,7.16800000,7.17800000,27275.88000000
1782860400000,7.17900000,7.20400000,7.17300000,7.20100000,25753.68000000
1782864000000,7.20200000,7.21100000,7.17200000,7.20100000,40759.83000000
1782867600000,7.20100000,7.24000000,7.07600000,7.21200000,154800.03000000
1782871200000,7.21300000,7.26200000,7.18900000,7.25800000,56278.67000000
1782874800000,7.25800000,7.30800000,7.22900000,7.29300000,73989.50000000
1782878400000,7.29400000,7.33800000,7.28200000,7.31500000,51992.49000000
1782882000000,7.31400000,7.31900000,7.26700000,7.28000000,106015.57000000
1782885600000,7.28000000,7.28100000,7.18400000,7.20300000,126385.61000000
1782889200000,7.20300000,7.21400000,7.18100000,7.20600000,31899.38000000
1782892800000,7.20600000,7.24900000,7.17600000,7.24800000,70751.06000000
1782896400000,7.24900000,7.26800000,7.23500000,7.26000000,149241.26000000
1782900000000,7.25900000,7.26700000,7.22100000,7.22300000,54957.89000000
1782903600000,7.22300000,7.23900000,7.20100000,7.22100000,45371.87000000
1782907200000,7.22100000,7.23100000,7.19300000,7.20400000,139787.56000000
1782910800000,7.20500000,7.31400000,7.19000000,7.31000000,115423.98000000
1782914400000,7.31000000,7.39700000,7.29300000,7.34700000,208506.79000000
1782918000000,7.34700000,7.46200000,7.34700000,7.41500000,158212.07000000
1782921600000,7.41600000,7.44800000,7.36800000,7.37500000,72211.25000000
1782925200000,7.37600000,7.41100000,7.35100000,7.40200000,52587.25000000
1782928800000,7.40300000,7.41000000,7.35300000,7.37000000,46073.10000000
1782932400000,7.37000000,7.41500000,7.36500000,7.38000000,75102.29000000
1782936000000,7.38100000,7.41000000,7.36400000,7.40900000,41719.35000000
1782939600000,7.41000000,7.50300000,7.40900000,7.48000000,84502.32000000
1782943200000,7.47900000,7.53900000,7.44100000,7.44700000,113458.81000000
1782946800000,7.44600000,7.46000000,7.34800000,7.35800000,112880.86000000
1782950400000,7.35900000,7.36200000,7.30600000,7.34300000,60299.31000000
1782954000000,7.34400000,7.43300000,7.34100000,7.42900000,91414.78000000
1782957600000,7.42800000,7.43500000,7.39400000,7.41100000,304268.27000000
1782961200000,7.41100000,7.54900000,7.41000000,7.53800000,162759.36000000
1782964800000,7.53900000,7.54200000,7.49200000,7.51200000,52096.27000000
1782968400000,7.51300000,7.51900000,7.47100000,7.48200000,51330.82000000
1782972000000,7.48200000,7.49200000,7.44500000,7.44800000,34750.72000000
1782975600000,7.44800000,7.46000000,7.42800000,7.45300000,79013.02000000
1782979200000,7.45400000,7.50600000,7.44900000,7.50400000,59478.37000000
1782982800000,7.50500000,7.62000000,7.48500000,7.59100000,303005.63000000
1782986400000,7.59100000,7.66300000,7.58200000,7.63500000,153016.36000000
1782990000000,7.63500000,7.66700000,7.62400000,7.65900000,86797.80000000
1782993600000,7.65800000,7.75400000,7.64300000,7.74100000,153482.59000000
1782997200000,7.74100000,7.91000000,7.72700000,7.87900000,271190.42000000
1783000800000,7.88000000,7.94400000,7.77500000,7.80100000,188599.34000000
1783004400000,7.80000000,7.81400000,7.75300000,7.78700000,80884.53000000
1783008000000,7.78700000,7.82100000,7.72100000,7.77400000,96003.04000000
1783011600000,7.77400000,7.79700000,7.74800000,7.75800000,71019.70000000
1783015200000,7.75800000,7.78900000,7.75500000,7.76300000,83459.34000000
1783018800000,7.76300000,7.77200000,7.72600000,7.74700000,134325.64000000
1783022400000,7.74700000,7.76100000,7.72000000,7.75200000,78802.33000000
1783026000000,7.75200000,7.75600000,7.72200000,7.74000000,53658.66000000
1783029600000,7.74000000,7.74300000,7.69400000,7.71100000,92151.68000000
1783033200000,7.71100000,7.75600000,7.69900000,7.74700000,79015.49000000
1783036800000,7.74700000,7.75700000,7.72200000,7.72800000,76557.87000000
1783040400000,7.72700000,7.83500000,7.72100000,7.81300000,139373.81000000
1783044000000,7.81400000,7.82200000,7.73600000,7.78200000,174806.98000000
1783047600000,7.78100000,7.80200000,7.74600000,7.76700000,101606.31000000
1783051200000,7.76700000,7.77000000,7.72900000,7.73100000,78725.68000000
1783054800000,7.73100000,7.79600000,7.72900000,7.77300000,83678.81000000
1783058400000,7.77300000,7.81000000,7.76000000,7.77300000,81795.47000000
1783062000000,7.77300000,7.78900000,7.74900000,7.76700000,125653.17000000
1783065600000,7.76800000,7.82600000,7.76600000,7.77900000,153563.12000000
1783069200000,7.77900000,7.81600000,7.76400000,7.79100000,74727.08000000
1783072800000,7.79000000,7.88000000,7.78900000,7.84500000,99100.91000000
1783076400000,7.84600000,7.88100000,7.83500000,7.87600000,67470.75000000
1783080000000,7.87600000,7.89400000,7.83400000,7.83800000,72316.37000000
1783083600000,7.83900000,7.87600000,7.83700000,7.86900000,55309.23000000
1783087200000,7.86900000,7.87000000,7.81000000,7.85700000,76266.30000000
1783090800000,7.85700000,7.89600000,7.82700000,7.84700000,54578.28000000
1783094400000,7.84800000,7.87200000,7.81500000,7.86000000,38594.68000000
1783098000000,7.85900000,7.89900000,7.85100000,7.88900000,35426.81000000
1783101600000,7.89000000,7.92500000,7.87900000,7.90900000,34727.79000000
1783105200000,7.90800000,7.97600000,7.90000000,7.94700000,121209.33000000
1783108800000,7.94700000,8.04000000,7.92700000,8.01100000,127925.98000000
1783112400000,8.01100000,8.03300000,7.96100000,7.98500000,52483.45000000
1783116000000,7.98400000,7.99100000,7.94400000,7.95100000,67229.12000000
1783119600000,7.95100000,7.97900000,7.93700000,7.97500000,29223.18000000
1783123200000,7.97500000,7.99200000,7.94600000,7.95300000,43132.28000000
1783126800000,7.95200000,7.95200000,7.89800000,7.91500000,38596.01000000
1783130400000,7.91500000,7.93000000,7.90200000,7.91500000,18412.36000000
1783134000000,7.91600000,7.93900000,7.90200000,7.92200000,132438.15000000
1783137600000,7.92200000,7.97900000,7.91500000,7.97200000,61057.90000000
1783141200000,7.97200000,7.97200000,7.91800000,7.92200000,23332.15000000
1783144800000,7.92200000,7.95300000,7.89300000,7.90800000,28585.98000000
1783148400000,7.90800000,7.92800000,7.89400000,7.92400000,28241.64000000
1783152000000,7.92300000,7.94800000,7.91600000,7.93100000,24516.68000000
1783155600000,7.93200000,7.93700000,7.88300000,7.89100000,25789.52000000
1783159200000,7.89000000,7.91300000,7.88400000,7.90500000,28854.61000000
1783162800000,7.90500000,7.91900000,7.89900000,7.91300000,16851.19000000
1783166400000,7.91300000,7.95900000,7.91200000,7.95700000,16586.13000000
1783170000000,7.95700000,7.99200000,7.92100000,7.94200000,32648.36000000
1783173600000,7.94100000,8.01600000,7.94100000,8.01100000,49757.82000000
1783177200000,8.01100000,8.10200000,8.00700000,8.08800000,138480.25000000
1783180800000,8.08800000,8.10300000,8.05800000,8.08700000,49641.64000000
1783184400000,8.08700000,8.16000000,8.05700000,8.13900000,80737.24000000
1783188000000,8.13900000,8.17600000,8.08100000,8.09200000,128721.57000000
1783191600000,8.09200000,8.10100000,8.06100000,8.07700000,35833.91000000
1783195200000,8.07700000,8.09100000,8.03400000,8.05200000,30766.71000000
1783198800000,8.05200000,8.08400000,8.04600000,8.04800000,21429.33000000
1783202400000,8.04800000,8.05500000,8.01300000,8.02300000,25850.22000000
1783206000000,8.02400000,8.03100000,7.97400000,8.00600000,35725.63000000
1783209600000,8.00600000,8.00900000,7.95100000,7.96700000,35982.61000000
1783213200000,7.96800000,7.98000000,7.91300000,7.94100000,43546.00000000
1783216800000,7.94000000,7.94200000,7.87600000,7.89200000,35420.53000000
1783220400000,7.89100000,7.91900000,7.88100000,7.89300000,38625.07000000
1783224000000,7.89400000,7.93000000,7.88300000,7.90200000,36869.26000000
1783227600000,7.90100000,7.90300000,7.85000000,7.87800000,47311.51000000
1783231200000,7.87800000,7.89400000,7.85400000,7.89100000,30259.03000000
1783234800000,7.89200000,7.93200000,7.87600000,7.92500000,36212.24000000
1783238400000,7.92600000,7.94300000,7.91700000,7.93000000,24010.19000000
1783242000000,7.92900000,7.93300000,7.83300000,7.86400000,70349.78000000
1783245600000,7.86300000,7.89100000,7.83900000,7.88600000,30488.13000000
1783249200000,7.88700000,7.90400000,7.87900000,7.89000000,19580.33000000
1783252800000,7.88900000,7.94700000,7.87300000,7.92300000,40475.01000000
1783256400000,7.92200000,7.93800000,7.90700000,7.93800000,11523.69000000
1783260000000,7.93900000,7.97200000,7.92900000,7.97000000,122168.21000000
1783263600000,7.97100000,8.01000000,7.94700000,7.96600000,45946.90000000
1783267200000,7.96500000,7.97900000,7.94100000,7.96600000,23016.73000000
1783270800000,7.96500000,8.00900000,7.96500000,7.97900000,29357.42000000
1783274400000,7.97800000,8.03700000,7.97800000,8.01900000,26087.15000000
1783278000000,8.01700000,8.03200000,8.00300000,8.01900000,26767.23000000
1783281600000,8.01900000,8.03100000,7.99500000,8.00600000,19658.95000000
1783285200000,8.00600000,8.08400000,7.97600000,8.05100000,53914.89000000
1783288800000,8.05100000,8.15100000,8.03300000,8.09500000,93949.98000000
1783292400000,8.09500000,8.13400000,8.05400000,8.06300000,42535.82000000
1783296000000,8.06300000,8.11000000,8.00300000,8.10900000,53337.24000000
1783299600000,8.10800000,8.13300000,8.05600000,8.05900000,40627.31000000
1783303200000,8.05900000,8.06900000,8.01300000,8.02900000,33279.86000000
1783306800000,8.02800000,8.03400000,7.97200000,7.99800000,37272.06000000
1783310400000,7.99700000,8.00600000,7.97200000,7.98200000,32704.20000000
1783314000000,7.98100000,7.98100000,7.90600000,7.94000000,64277.14000000
1783317600000,7.94000000,7.95100000,7.92100000,7.93200000,68758.64000000
1783321200000,7.93100000,7.96200000,7.92000000,7.95300000,49607.79000000
1783324800000,7.95200000,7.97500000,7.93000000,7.93900000,31411.79000000
1783328400000,7.93900000,7.94000000,7.88500000,7.89900000,37541.86000000
1783332000000,7.89800000,7.97600000,7.89600000,7.97200000,57774.91000000
1783335600000,7.97300000,7.98700000,7.92400000,7.92500000,113193.35000000
1783339200000,7.92500000,7.92500000,7.79900000,7.80500000,262119.84000000
1783342800000,7.80500000,7.87000000,7.76000000,7.82800000,134311.62000000
1783346400000,7.82700000,7.91700000,7.81900000,7.85700000,95865.78000000
1783350000000,7.85800000,8.02600000,7.85800000,8.02100000,123426.58000000
1783353600000,8.02200000,8.08600000,7.99500000,8.03800000,155371.90000000
1783357200000,8.03900000,8.06100000,7.99000000,7.99200000,85337.59000000
1783360800000,7.99200000,8.02800000,7.98500000,8.01400000,78677.69000000
1783364400000,8.01500000,8.03400000,7.99900000,8.00300000,64941.73000000
1783368000000,8.00300000,8.01800000,7.97400000,7.99600000,66692.45000000
1783371600000,7.99600000,8.17200000,7.99600000,8.09300000,174875.35000000
1783375200000,8.09400000,8.10100000,8.04800000,8.05500000,23590.43000000
1783378800000,8.05500000,8.07400000,8.01600000,8.02100000,24200.53000000
1783382400000,8.02200000,8.06800000,8.01600000,8.03700000,25225.61000000
1783386000000,8.03600000,8.03600000,7.95900000,7.97900000,34049.76000000
1783389600000,7.97800000,7.98600000,7.91000000,7.91500000,38122.23000000
1783393200000,7.91400000,7.92400000,7.87600000,7.88700000,28964.65000000
1783396800000,7.88600000,7.88700000,7.85600000,7.87100000,29722.70000000
1783400400000,7.87100000,7.89800000,7.81400000,7.88800000,56608.77000000
1783404000000,7.88900000,7.94100000,7.86500000,7.93000000,40039.12000000
1783407600000,7.93000000,7.94700000,7.90800000,7.90800000,22848.18000000
1783411200000,7.91000000,7.92200000,7.88800000,7.90000000,24946.45000000
1783414800000,7.89900000,7.92800000,7.89000000,7.91200000,19431.92000000
1783418400000,7.91200000,7.95900000,7.90700000,7.91200000,47036.87000000
1783422000000,7.91100000,7.93700000,7.88500000,7.92700000,49114.35000000
1783425600000,7.92600000,7.98700000,7.92500000,7.92900000,60340.18000000
1783429200000,7.93000000,7.93000000,7.85500000,7.86200000,61829.71000000
1783432800000,7.86200000,7.94500000,7.79600000,7.93000000,157989.47000000
1783436400000,7.93000000,8.02400000,7.90700000,7.99900000,101831.19000000
1783440000000,8.00000000,8.04900000,7.97900000,8.01700000,56231.42000000
1783443600000,8.01600000,8.02800000,7.99000000,8.01800000,25984.82000000
1783447200000,8.01900000,8.02000000,7.92100000,7.92100000,47855.46000000
1783450800000,7.92100000,7.94200000,7.86100000,7.92800000,58412.04000000
1783454400000,7.92900000,7.94200000,7.88400000,7.89300000,33883.55000000
1783458000000,7.89400000,7.91500000,7.83200000,7.84300000,48062.25000000
1783461600000,7.84200000,7.88000000,7.80300000,7.87000000,31877.05000000
1783465200000,7.86900000,7.89500000,7.85100000,7.86100000,15064.06000000
1783468800000,7.86100000,7.89700000,7.83700000,7.87800000,43579.33000000
1783472400000,7.87800000,7.88400000,7.73500000,7.75100000,104937.19000000
1783476000000,7.75000000,7.75000000,7.66600000,7.71700000,140968.19000000
1783479600000,7.71800000,7.74200000,7.68800000,7.69600000,38366.41000000
1783483200000,7.69700000,7.71800000,7.68100000,7.70800000,26333.05000000
1783486800000,7.70900000,7.73000000,7.67600000,7.68900000,40787.41000000
1783490400000,7.68900000,7.69300000,7.65000000,7.67800000,42838.26000000
1783494000000,7.67800000,7.71100000,7.65200000,7.70300000,38521.97000000
1783497600000,7.70300000,7.72300000,7.55200000,7.58000000,148695.55000000
1783501200000,7.58000000,7.60500000,7.54600000,7.57900000,103501.49000000
1783504800000,7.57900000,7.61900000,7.55900000,7.61000000,57730.84000000
1783508400000,7.61100000,7.65200000,7.59400000,7.63700000,58194.23000000
1783512000000,7.63700000,7.64500000,7.58900000,7.59000000,44618.77000000
1783515600000,7.59100000,7.63900000,7.56800000,7.62700000,69431.66000000
1783519200000,7.62700000,7.64100000,7.55300000,7.58400000,77338.86000000
1783522800000,7.58400000,7.58700000,7.52200000,7.55300000,63072.11000000
1783526400000,7.55300000,7.62500000,7.54500000,7.62400000,52866.56000000
1783530000000,7.62400000,7.66300000,7.60500000,7.61100000,38713.95000000
1783533600000,7.61100000,7.64200000,7.59700000,7.62700000,35549.28000000
1783537200000,7.62700000,7.64700000,7.61300000,7.64300000,20067.10000000
1783540800000,7.64400000,7.65000000,7.60800000,7.61500000,40534.34000000
1783544400000,7.61600000,7.63700000,7.59300000,7.63200000,18566.30000000
1783548000000,7.63200000,7.66200000,7.63100000,7.65000000,15741.05000000
1783551600000,7.65000000,7.65100000,7.61200000,7.64100000,32823.30000000
1783555200000,7.64100000,7.64600000,7.60600000,7.61600000,23740.80000000
1783558800000,7.61700000,7.70800000,7.58700000,7.59100000,113469.20000000
1783562400000,7.59300000,7.63900000,7.57700000,7.58800000,45833.78000000
1783566000000,7.58800000,7.62800000,7.57000000,7.62500000,26895.87000000
1783569600000,7.62400000,7.68200000,7.61400000,7.67900000,20272.10000000
1783573200000,7.67900000,7.72500000,7.65600000,7.72500000,63634.73000000
1783576800000,7.72600000,7.76000000,7.70400000,7.75600000,60404.56000000
1783580400000,7.75500000,7.78500000,7.71300000,7.72900000,31720.79000000
1783584000000,7.72900000,7.77300000,7.71600000,7.75900000,52792.73000000
1783587600000,7.75800000,7.76300000,7.72500000,7.74600000,44802.41000000
1783591200000,7.74600000,7.75400000,7.70500000,7.72400000,58836.05000000
1783594800000,7.72400000,7.74600000,7.71200000,7.73600000,34468.42000000
1783598400000,7.73600000,7.75000000,7.69800000,7.71400000,103460.19000000
1783602000000,7.71400000,7.77500000,7.69400000,7.75700000,45193.50000000
1783605600000,7.75700000,7.77000000,7.67700000,7.71800000,45169.84000000
1783609200000,7.71900000,7.75200000,7.69300000,7.70300000,32515.03000000
1783612800000,7.70300000,7.72500000,7.67400000,7.70200000,22383.89000000
1783616400000,7.70300000,7.76300000,7.69100000,7.75200000,29325.10000000
1783620000000,7.75300000,7.81100000,7.75300000,7.78000000,62735.81000000
1783623600000,7.78000000,7.80400000,7.76100000,7.77200000,30352.43000000
1783627200000,7.77200000,7.78400000,7.75400000,7.77100000,15311.78000000
1783630800000,7.77200000,7.78600000,7.75900000,7.76400000,16070.93000000
1783634400000,7.76400000,7.77300000,7.74900000,7.75300000,19005.24000000
1783638000000,7.75300000,7.76800000,7.72400000,7.73500000,17463.63000000
1783641600000,7.73300000,7.74700000,7.70900000,7.74600000,27839.92000000
1783645200000,7.74700000,7.92000000,7.72800000,7.87700000,116188.78000000
1783648800000,7.87800000,7.93700000,7.87100000,7.92900000,66041.09000000
1783652400000,7.93000000,7.93200000,7.87800000,7.90700000,49813.23000000
1783656000000,7.90700000,7.91500000,7.87600000,7.89300000,30834.60000000
1783659600000,7.89300000,7.92600000,7.88600000,7.91600000,38859.37000000
1783663200000,7.91500000,7.92500000,7.88800000,7.89800000,20096.21000000
1783666800000,7.89900000,7.92200000,7.88900000,7.89900000,14589.96000000
1783670400000,7.89900000,7.98400000,7.89600000,7.96000000,79817.03000000
1783674000000,7.95900000,7.98600000,7.92600000,7.97000000,49042.70000000
1783677600000,7.97000000,8.01700000,7.95700000,7.98500000,61931.43000000
1783681200000,7.98500000,7.99900000,7.96800000,7.99300000,20653.52000000
1783684800000,7.99300000,8.02000000,7.94600000,7.95200000,64781.47000000
1783688400000,7.95100000,8.00700000,7.95000000,7.98800000,67202.21000000
1783692000000,7.98700000,7.99200000,7.85400000,7.89600000,105490.39000000
1783695600000,7.89700000,7.93900000,7.89200000,7.92400000,42279.33000000
1783699200000,7.92500000,7.97300000,7.91100000,7.96300000,31429.33000000
1783702800000,7.96200000,7.97200000,7.91700000,7.91700000,38612.27000000
1783706400000,7.91700000,7.95100000,7.88800000,7.90200000,36351.85000000
1783710000000,7.90200000,7.94700000,7.89500000,7.91700000,41548.85000000
1783713600000,7.91800000,7.92700000,7.89600000,7.91000000,66277.76000000
1783717200000,7.91000000,7.95600000,7.90900000,7.95100000,33339.50000000
1783720800000,7.95100000,7.97000000,7.95100000,7.96500000,30892.43000000
1783724400000,7.96500000,7.97200000,7.95100000,7.97000000,29977.28000000
1783728000000,7.97000000,7.97300000,7.94000000,7.97100000,29741.61000000
1783731600000,7.97100000,7.99900000,7.95500000,7.96300000,26069.12000000
1783735200000,7.96300000,7.99000000,7.95900000,7.98600000,15568.00000000
1783738800000,7.98600000,8.01100000,7.97100000,7.99700000,38232.79000000
1783742400000,7.99700000,8.00700000,7.98700000,8.00400000,23541.26000000
1783746000000,8.00400000,8.01600000,7.99300000,8.00700000,15891.96000000
1783749600000,8.00700000,8.02100000,7.98400000,7.98400000,30454.91000000
1783753200000,7.98400000,7.99600000,7.97200000,7.99300000,29242.80000000
1783756800000,7.99200000,8.01600000,7.99200000,8.00600000,36821.37000000
1783760400000,8.00500000,8.01300000,7.97700000,7.97900000,19693.28000000
1783764000000,7.97800000,7.99600000,7.97300000,7.98300000,20297.05000000
1783767600000,7.98300000,8.00700000,7.98000000,8.00400000,15292.62000000
1783771200000,8.00500000,8.03200000,7.99800000,8.02900000,22217.24000000
1783774800000,8.02900000,8.06300000,8.01400000,8.02500000,28252.39000000
1783778400000,8.02600000,8.09100000,8.02600000,8.05000000,71911.16000000
1783782000000,8.05000000,8.09200000,8.02300000,8.06300000,121929.68000000
1783785600000,8.06300000,8.07300000,8.03800000,8.07000000,36280.41000000
1783789200000,8.06900000,8.12000000,8.06000000,8.08900000,41505.76000000
1783792800000,8.08800000,8.10800000,8.07900000,8.10000000,75495.96000000
1783796400000,8.10000000,8.10600000,8.06600000,8.08000000,22598.32000000
1783800000000,8.08000000,8.08300000,8.06200000,8.06900000,29530.18000000
1783803600000,8.06900000,8.08300000,8.04900000,8.05000000,24358.85000000
1783807200000,8.04900000,8.05100000,8.00100000,8.00800000,49232.91000000
1783810800000,8.00900000,8.01200000,7.90800000,7.91500000,89331.42000000
1783814400000,7.91400000,7.92800000,7.86100000,7.90100000,59102.07000000
1783818000000,7.90100000,7.97200000,7.89600000,7.96900000,20850.59000000
1783821600000,7.96800000,7.98500000,7.94800000,7.97800000,23333.44000000
1783825200000,7.97800000,8.04500000,7.96800000,8.04200000,44516.15000000
1783828800000,8.04200000,8.04900000,8.00000000,8.01200000,50571.06000000
1783832400000,8.01200000,8.02800000,7.97500000,7.99600000,37111.40000000
1783836000000,7.99600000,7.99600000,7.92800000,7.96500000,39067.00000000
1783839600000,7.96500000,7.98700000,7.96000000,7.97600000,10031.51000000
1783843200000,7.97500000,8.03100000,7.97200000,8.02000000,17298.14000000
1783846800000,8.02000000,8.03500000,7.97900000,8.02800000,23921.62000000
1783850400000,8.02900000,8.03000000,8.00800000,8.02100000,15878.53000000
1783854000000,8.02200000,8.03600000,7.99900000,8.02900000,29852.61000000
1783857600000,8.02800000,8.05600000,8.02000000,8.04900000,17312.15000000
1783861200000,8.05000000,8.06500000,8.03300000,8.03300000,21471.04000000
1783864800000,8.03300000,8.09800000,8.01300000,8.08700000,37551.48000000
1783868400000,8.08700000,8.08900000,8.05400000,8.07000000,34124.78000000
1783872000000,8.07100000,8.07600000,8.03100000,8.07100000,88556.35000000
1783875600000,8.07100000,8.08200000,8.02100000,8.03000000,107743.55000000
1783879200000,8.03100000,8.05700000,8.02100000,8.05600000,18042.17000000
1783882800000,8.05600000,8.08500000,8.04600000,8.07800000,18100.07000000
1783886400000,8.07800000,8.08800000,8.06500000,8.08200000,32399.78000000
1783890000000,8.08200000,8.10300000,8.04300000,8.04300000,30870.56000000
1783893600000,8.04200000,8.04200000,7.94700000,7.98600000,68595.17000000
1783897200000,7.98500000,8.00800000,7.96800000,7.99700000,36416.35000000
1783900800000,7.99600000,8.13600000,7.98100000,8.08900000,100979.46000000
1783904400000,8.08800000,8.11200000,7.97300000,7.97800000,87321.97000000
1783908000000,7.97800000,8.02000000,7.94800000,7.97800000,88358.83000000
1783911600000,7.97700000,7.97900000,7.86900000,7.92000000,95717.98000000
1783915200000,7.92000000,7.94600000,7.90600000,7.90900000,40690.36000000
1783918800000,7.91000000,7.96000000,7.88500000,7.95100000,45976.51000000
1783922400000,7.95100000,7.96500000,7.93100000,7.94500000,17525.84000000
1783926000000,7.94600000,7.99400000,7.93900000,7.97800000,30976.38000000
1783929600000,7.97900000,8.01500000,7.96200000,8.00100000,28764.87000000
1783933200000,8.00100000,8.00300000,7.98300000,7.99700000,21544.17000000
1783936800000,7.99600000,7.99800000,7.94800000,7.95100000,29239.54000000
1783940400000,7.95100000,7.97300000,7.93300000,7.93500000,28353.38000000
1783944000000,7.93500000,7.94600000,7.88800000,7.90100000,55634.14000000
1783947600000,7.90200000,7.93100000,7.87000000,7.90900000,66566.13000000
1783951200000,7.90800000,7.97400000,7.85300000,7.97400000,109771.47000000
1783954800000,7.97300000,7.99200000,7.93600000,7.93800000,41518.83000000
1783958400000,7.93700000,7.95500000,7.88900000,7.89400000,57892.12000000
1783962000000,7.89400000,7.90600000,7.79800000,7.80100000,100200.01000000
1783965600000,7.80100000,7.86700000,7.79500000,7.84600000,84892.92000000
1783969200000,7.84600000,7.91200000,7.84300000,7.90600000,48870.97000000
1783972800000,7.90500000,7.91300000,7.85000000,7.87100000,46568.52000000
1783976400000,7.87100000,7.87100000,7.79800000,7.82800000,42360.48000000
1783980000000,7.82700000,7.86400000,7.82600000,7.83200000,15537.10000000
1783983600000,7.83200000,7.88900000,7.82100000,7.88900000,25649.21000000
1783987200000,7.89000000,7.96000000,7.87900000,7.95400000,37285.95000000
1783990800000,7.95400000,7.96100000,7.91900000,7.93200000,23651.11000000
1783994400000,7.93200000,7.94900000,7.89800000,7.92100000,16152.63000000
1783998000000,7.92100000,7.92500000,7.86600000,7.92000000,12966.35000000
1784001600000,7.92000000,7.96800000,7.91600000,7.94600000,27984.50000000
1784005200000,7.94600000,7.99300000,7.94100000,7.96300000,27946.98000000
1784008800000,7.96400000,7.96600000,7.93100000,7.93900000,34445.39000000
1784012400000,7.93800000,7.96100000,7.91900000,7.92400000,27022.20000000
1784016000000,7.92400000,7.95500000,7.89800000,7.93700000,40460.16000000
1784019600000,7.93700000,7.94900000,7.91400000,7.92400000,18042.48000000
1784023200000,7.92400000,7.98100000,7.91800000,7.97000000,22918.92000000
1784026800000,7.96900000,7.99600000,7.95200000,7.99100000,25535.50000000
1784030400000,7.99100000,8.20600000,7.95100000,8.18800000,316948.97000000
1784034000000,8.18700000,8.33300000,8.17300000,8.30500000,293359.41000000
1784037600000,8.30600000,8.35700000,8.25500000,8.34000000,217326.28000000
1784041200000,8.34000000,8.40600000,8.29300000,8.29900000,160099.65000000
1784044800000,8.30000000,8.31500000,8.26600000,8.27200000,127252.00000000
1784048400000,8.27200000,8.28300000,8.20100000,8.26300000,104351.93000000
1784052000000,8.26300000,8.27400000,8.24100000,8.27100000,80459.52000000
1784055600000,8.27200000,8.30000000,8.25900000,8.29200000,52388.00000000
1784059200000,8.29300000,8.30000000,8.28200000,8.28800000,25631.51000000
1784062800000,8.28700000,8.30600000,8.27000000,8.27000000,41979.63000000
1784066400000,8.27000000,8.33000000,8.25100000,8.29100000,56412.07000000
1784070000000,8.29100000,8.35300000,8.27900000,8.34500000,41975.20000000
1784073600000,8.34600000,8.35900000,8.30600000,8.35300000,49728.37000000
1784077200000,8.35400000,8.35600000,8.30500000,8.31200000,59487.30000000
1784080800000,8.31300000,8.31400000,8.26800000,8.27600000,33391.00000000
1784084400000,8.27700000,8.34000000,8.27000000,8.32100000,56342.27000000
1784088000000,8.32000000,8.36000000,8.31300000,8.33200000,37855.34000000
1784091600000,8.33200000,8.38800000,8.31700000,8.38400000,35443.43000000
1784095200000,8.38400000,8.41200000,8.36200000,8.36500000,62560.26000000
1784098800000,8.36400000,8.36700000,8.31100000,8.33400000,56547.91000000
1784102400000,8.33500000,8.40000000,8.33200000,8.38100000,110236.39000000
1784106000000,8.38000000,8.43700000,8.36600000,8.37100000,89016.69000000
1784109600000,8.37000000,8.38600000,8.32900000,8.33200000,269935.88000000
1784113200000,8.33200000,8.43200000,8.32800000,8.42300000,109853.06000000
1784116800000,8.42400000,8.57500000,8.40200000,8.57500000,209498.40000000
1784120400000,8.57500000,8.63300000,8.48400000,8.51100000,246262.67000000
1784124000000,8.51200000,8.56100000,8.49100000,8.55900000,106716.86000000
1784127600000,8.55900000,8.61500000,8.53800000,8.55200000,93598.05000000
1784131200000,8.55400000,8.55900000,8.42400000,8.48100000,99546.18000000
1784134800000,8.48000000,8.57000000,8.47900000,8.54600000,66746.87000000
1784138400000,8.54600000,8.56400000,8.49500000,8.50400000,63184.29000000
1784142000000,8.50500000,8.52900000,8.48800000,8.50300000,41914.45000000
1784145600000,8.50400000,8.54100000,8.49200000,8.51500000,37429.61000000
1784149200000,8.51400000,8.54300000,8.50400000,8.54300000,42615.06000000
1784152800000,8.54300000,8.58000000,8.52400000,8.54800000,48199.30000000
1784156400000,8.54900000,8.56600000,8.52100000,8.53900000,31579.60000000
1784160000000,8.53800000,8.56500000,8.48200000,8.48600000,51017.85000000
1784163600000,8.48700000,8.52000000,8.45100000,8.51500000,59612.63000000
1784167200000,8.51500000,8.53800000,8.50300000,8.53100000,46870.19000000
1784170800000,8.53000000,8.55300000,8.51700000,8.53100000,57264.82000000
1784174400000,8.53200000,8.55900000,8.51700000,8.55000000,40219.90000000
1784178000000,8.55000000,8.57000000,8.52900000,8.54100000,78873.13000000
1784181600000,8.54100000,8.54900000,8.48200000,8.53100000,41576.04000000
1784185200000,8.53100000,8.55300000,8.46500000,8.51700000,87624.13000000
1784188800000,8.51700000,8.52200000,8.39900000,8.44000000,198926.60000000
1784192400000,8.43900000,8.45500000,8.40700000,8.41100000,38031.90000000
1784196000000,8.41100000,8.44500000,8.40600000,8.44300000,34394.38000000
1784199600000,8.44200000,8.45400000,8.41400000,8.44800000,46317.93000000
1784203200000,8.44800000,8.44900000,8.37300000,8.38700000,100778.19000000
1784206800000,8.38700000,8.49100000,8.38300000,8.44800000,101090.29000000
1784210400000,8.44600000,8.49400000,8.40900000,8.44600000,81663.07000000
1784214000000,8.44600000,8.47600000,8.38700000,8.44400000,51869.52000000
1784217600000,8.44400000,8.45300000,8.39100000,8.42500000,82308.29000000
1784221200000,8.42500000,8.42500000,8.35600000,8.37800000,89114.60000000
1784224800000,8.37800000,8.41500000,8.37100000,8.39500000,50389.58000000
1784228400000,8.39400000,8.41400000,8.36600000,8.40600000,106558.32000000
1784232000000,8.40600000,8.42600000,8.39000000,8.41400000,39907.71000000
1784235600000,8.41400000,8.46100000,8.41000000,8.43700000,86180.03000000
1784239200000,8.43800000,8.45300000,8.36900000,8.37900000,62138.78000000
1784242800000,8.37800000,8.38400000,8.30400000,8.34100000,104963.22000000
1784246400000,8.34200000,8.34800000,8.25800000,8.34800000,92479.73000000
1784250000000,8.34700000,8.37000000,8.26000000,8.28600000,70719.88000000
1784253600000,8.28600000,8.30900000,8.25600000,8.27100000,48258.52000000
1784257200000,8.27000000,8.33300000,8.26100000,8.27900000,37515.20000000
1784260800000,8.28000000,8.30500000,8.24300000,8.28600000,40141.28000000
1784264400000,8.28600000,8.29800000,8.17200000,8.18300000,72500.09000000
1784268000000,8.18300000,8.21500000,8.15400000,8.18200000,137796.08000000
1784271600000,8.18200000,8.19600000,8.16500000,8.17200000,38328.77000000
1784275200000,8.17200000,8.18900000,8.13300000,8.17700000,40996.92000000
1784278800000,8.17600000,8.22000000,8.17400000,8.19700000,179168.21000000
1784282400000,8.19800000,8.22500000,8.19000000,8.19000000,71489.16000000
1784286000000,8.19000000,8.21300000,8.16400000,8.20300000,109126.66000000
1784289600000,8.20400000,8.20600000,8.15500000,8.15500000,65527.09000000
1784293200000,8.15400000,8.15400000,8.00600000,8.11400000,251006.44000000
1784296800000,8.11500000,8.17400000,8.08900000,8.11000000,112649.05000000
1784300400000,8.11000000,8.16800000,8.06700000,8.16800000,83844.44000000
1784304000000,8.16800000,8.23900000,8.14400000,8.22700000,138730.92000000
1784307600000,8.22700000,8.28600000,8.22300000,8.23400000,89463.46000000
1784311200000,8.23400000,8.26300000,8.20800000,8.24700000,47465.72000000
1784314800000,8.24700000,8.25700000,8.19600000,8.24900000,35400.97000000
1784318400000,8.24800000,8.25300000,8.21800000,8.24700000,33697.77000000
1784322000000,8.24800000,8.28200000,8.23800000,8.24300000,40392.55000000
1784325600000,8.24300000,8.26000000,8.22700000,8.24500000,40615.93000000
1784329200000,8.24600000,8.27700000,8.21700000,8.25400000,24916.35000000
1784332800000,8.25600000,8.27600000,8.25300000,8.25400000,28374.20000000
1784336400000,8.25300000,8.26400000,8.23700000,8.25800000,47492.87000000
1784340000000,8.25800000,8.30000000,8.25600000,8.26800000,47251.41000000
1784343600000,8.26900000,8.29600000,8.25300000,8.28300000,33664.57000000
1784347200000,8.28400000,8.28700000,8.25500000,8.25800000,9860.25000000
1784350800000,8.25900000,8.26500000,8.23700000,8.24900000,29188.07000000
1784354400000,8.25000000,8.26700000,8.24100000,8.25100000,13211.57000000
1784358000000,8.25100000,8.25800000,8.23900000,8.25200000,10554.08000000
1784361600000,8.25100000,8.26800000,8.24000000,8.25900000,11032.15000000
1784365200000,8.25900000,8.26100000,8.21100000,8.23000000,32955.32000000
1784368800000,8.23000000,8.27600000,8.23000000,8.26800000,56848.32000000
1784372400000,8.26800000,8.29600000,8.25700000,8.28700000,36861.18000000
1784376000000,8.28700000,8.33000000,8.28100000,8.31300000,144699.02000000
1784379600000,8.31300000,8.31300000,8.25200000,8.26400000,31652.10000000
1784383200000,8.26500000,8.34000000,8.25700000,8.31800000,42130.73000000
1784386800000,8.31900000,8.31900000,8.26800000,8.27400000,98035.98000000
1784390400000,8.27500000,8.30300000,8.26100000,8.28700000,32015.40000000
1784394000000,8.28800000,8.30600000,8.26900000,8.30000000,49173.37000000
1784397600000,8.30000000,8.36200000,8.29400000,8.31800000,58319.30000000
1784401200000,8.31900000,8.34000000,8.31500000,8.33700000,12568.06000000
1784404800000,8.33700000,8.36500000,8.32800000,8.35500000,46182.87000000
1784408400000,8.35500000,8.37800000,8.33900000,8.34400000,27150.80000000
1784412000000,8.34400000,8.37000000,8.34300000,8.36900000,18670.68000000
1784415600000,8.37000000,8.37500000,8.33900000,8.35000000,23002.02000000
1784419200000,8.34900000,8.36000000,8.33600000,8.35400000,16241.11000000
1784422800000,8.35400000,8.35400000,8.33100000,8.33200000,12828.00000000
1784426400000,8.33200000,8.39300000,8.33200000,8.37100000,29279.85000000
1784430000000,8.37100000,8.37700000,8.33500000,8.34800000,7517.45000000
1784433600000,8.34800000,8.37000000,8.33000000,8.35200000,7044.56000000
1784437200000,8.35200000,8.36200000,8.33900000,8.34500000,7270.61000000
1784440800000,8.34400000,8.36500000,8.33900000,8.35600000,22322.83000000
1784444400000,8.35600000,8.38200000,8.35200000,8.36900000,16201.06000000
1784448000000,8.37000000,8.38200000,8.35100000,8.37500000,27225.77000000
1784451600000,8.37600000,8.37900000,8.33400000,8.33600000,19313.55000000
1784455200000,8.33500000,8.38500000,8.32400000,8.37000000,18223.91000000
1784458800000,8.37000000,8.38500000,8.35700000,8.35800000,22735.26000000
1784462400000,8.35800000,8.36600000,8.31900000,8.34900000,34400.15000000
1784466000000,8.35100000,8.35400000,8.32400000,8.34600000,18858.24000000
1784469600000,8.34600000,8.39200000,8.32800000,8.36900000,24729.28000000
1784473200000,8.37000000,8.37800000,8.34400000,8.35800000,24311.80000000
1784476800000,8.35800000,8.37800000,8.33700000,8.33700000,20417.87000000
1784480400000,8.33600000,8.37200000,8.29900000,8.33300000,37050.65000000
1784484000000,8.33400000,8.33500000,8.28700000,8.31900000,30281.33000000
1784487600000,8.32000000,8.33800000,8.30300000,8.33800000,5591.73000000
1784491200000,8.33900000,8.36600000,8.33500000,8.36600000,7822.49000000
1784494800000,8.36600000,8.38900000,8.32700000,8.33700000,28857.31000000
1784498400000,8.33600000,8.41200000,8.32000000,8.37400000,54369.17000000
1784502000000,8.37400000,8.38800000,8.34300000,8.38500000,23984.16000000
1784505600000,8.38500000,8.48000000,8.36500000,8.41000000,65980.92000000
1784509200000,8.41100000,8.53600000,8.40000000,8.42200000,118344.40000000
1784512800000,8.42100000,8.49600000,8.41900000,8.47200000,45231.83000000
1784516400000,8.47200000,8.48600000,8.42800000,8.45700000,20448.95000000
1784520000000,8.45800000,8.47200000,8.41300000,8.42200000,24916.29000000
1784523600000,8.42100000,8.42400000,8.32400000,8.33400000,50833.25000000
1784527200000,8.33500000,8.36400000,8.28900000,8.30900000,60463.34000000
1784530800000,8.31000000,8.36600000,8.29600000,8.36000000,30388.91000000
1784534400000,8.36000000,8.37800000,8.30300000,8.33500000,50884.44000000
1784538000000,8.33600000,8.42100000,8.32800000,8.40300000,24196.73000000
1784541600000,8.40400000,8.42000000,8.39000000,8.39900000,16782.24000000
1784545200000,8.40000000,8.52100000,8.38800000,8.51100000,74303.80000000
1784548800000,8.51100000,8.51100000,8.44100000,8.45300000,70315.57000000
1784552400000,8.45200000,8.47800000,8.34800000,8.36700000,108805.75000000
1784556000000,8.36600000,8.39000000,8.31000000,8.36700000,108276.75000000
1784559600000,8.36700000,8.57100000,8.36400000,8.55500000,77776.05000000
1784563200000,8.55500000,8.58300000,8.50600000,8.53500000,96440.36000000
1784566800000,8.53600000,8.59200000,8.52100000,8.57900000,55391.92000000
1784570400000,8.57800000,8.64600000,8.55400000,8.55800000,98188.05000000
1784574000000,8.55700000,8.57500000,8.51400000,8.55900000,65909.77000000
1784577600000,8.55900000,8.58700000,8.54000000,8.57000000,20845.54000000
1784581200000,8.56900000,8.61600000,8.56400000,8.56800000,24528.28000000
1784584800000,8.56900000,8.57100000,8.52300000,8.53500000,47969.62000000
1784588400000,8.53600000,8.60200000,8.53600000,8.59300000,28555.26000000
1784592000000,8.59200000,8.64200000,8.56700000,8.61300000,60755.91000000
1784595600000,8.61200000,8.63700000,8.59200000,8.59200000,43744.15000000
1784599200000,8.59100000,8.62900000,8.57200000,8.60300000,19257.49000000
1784602800000,8.60200000,8.66600000,8.60200000,8.64000000,93692.64000000
1784606400000,8.63900000,8.75600000,8.62500000,8.71800000,177673.05000000
1784610000000,8.71800000,8.76000000,8.69800000,8.72800000,107940.07000000
1784613600000,8.72700000,8.75100000,8.69300000,8.70200000,79573.58000000
1784617200000,8.70100000,8.74700000,8.68400000,8.74000000,78920.86000000
1784620800000,8.74000000,8.76100000,8.70400000,8.70400000,100613.04000000
1784624400000,8.70300000,8.74000000,8.68600000,8.72600000,63448.59000000
1784628000000,8.72700000,8.73600000,8.70100000,8.71100000,71443.95000000
1784631600000,8.71000000,8.72500000,8.69100000,8.70600000,42821.68000000
1784635200000,8.70500000,8.72200000,8.69000000,8.70900000,36124.21000000
1784638800000,8.70800000,8.73800000,8.67800000,8.72700000,46526.19000000
1784642400000,8.72800000,8.74100000,8.68000000,8.68300000,69830.53000000
1784646000000,8.68200000,8.69900000,8.65000000,8.69200000,75504.60000000
1784649600000,8.69200000,8.70300000,8.66200000,8.67700000,36120.27000000
1784653200000,8.67700000,8.68200000,8.59500000,8.62200000,80595.34000000
1784656800000,8.62100000,8.64100000,8.60200000,8.61900000,45304.10000000
1784660400000,8.62000000,8.62800000,8.60600000,8.62500000,34510.92000000
1784664000000,8.62500000,8.64200000,8.61400000,8.63100000,29714.47000000
1784667600000,8.63200000,8.64500000,8.62000000,8.62900000,28811.97000000
1784671200000,8.62900000,8.63300000,8.60200000,8.62700000,35688.17000000
1784674800000,8.62600000,8.66200000,8.61300000,8.65900000,15566.96000000
1784678400000,8.66000000,8.72300000,8.65400000,8.71300000,41584.65000000
1784682000000,8.71300000,8.72500000,8.68400000,8.71000000,36639.81000000
1784685600000,8.71100000,8.72600000,8.68700000,8.69400000,18935.46000000
1784689200000,8.69300000,8.71600000,8.67700000,8.68600000,31103.23000000
1784692800000,8.68500000,8.74700000,8.68300000,8.73100000,31148.63000000
1784696400000,8.73000000,8.73000000,8.63000000,8.63200000,46940.00000000
1784700000000,8.63100000,8.64500000,8.59600000,8.61700000,72802.54000000
1784703600000,8.61800000,8.62500000,8.57500000,8.58300000,59353.81000000
1784707200000,8.58400000,8.62500000,8.57900000,8.61300000,35579.91000000
1784710800000,8.61200000,8.63500000,8.59600000,8.61800000,41674.32000000
1784714400000,8.61800000,8.68500000,8.61000000,8.66500000,34529.24000000
1784718000000,8.66400000,8.67400000,8.61500000,8.64100000,30982.72000000
1784721600000,8.64100000,8.64400000,8.57500000,8.60700000,51793.72000000
1784725200000,8.60700000,8.69000000,8.59900000,8.68800000,57770.56000000
1784728800000,8.68700000,8.75700000,8.63100000,8.65300000,75572.03000000
1784732400000,8.65300000,8.73100000,8.65300000,8.68900000,67767.87000000
1784736000000,8.68900000,8.73600000,8.65400000,8.70700000,64119.44000000
1784739600000,8.70600000,8.71900000,8.64100000,8.64300000,26114.12000000
1784743200000,8.64400000,8.65500000,8.59200000,8.62600000,55419.63000000
1784746800000,8.62600000,8.65800000,8.58500000,8.62800000,108461.29000000
1784750400000,8.62800000,8.66100000,8.62000000,8.64300000,57947.37000000
1784754000000,8.64400000,8.65600000,8.61800000,8.65400000,17038.88000000
1784757600000,8.65500000,8.65800000,8.61600000,8.64100000,30196.39000000
1784761200000,8.64200000,8.64200000,8.58500000,8.63000000,32513.86000000
1784764800000,8.63100000,8.68300000,8.62100000,8.64200000,34935.29000000
1784768400000,8.64100000,8.66000000,8.60700000,8.61600000,26475.87000000
1784772000000,8.61500000,8.63100000,8.59200000,8.63100000,29891.05000000
1784775600000,8.63100000,8.63300000,8.58600000,8.58800000,18762.95000000
1784779200000,8.58800000,8.62100000,8.57700000,8.58100000,31781.22000000
1784782800000,8.58100000,8.59800000,8.54800000,8.57900000,22377.25000000
1784786400000,8.57900000,8.59400000,8.56600000,8.58500000,31453.84000000
1784790000000,8.58500000,8.58500000,8.52600000,8.53600000,46629.02000000
1784793600000,8.53500000,8.60000000,8.52400000,8.59700000,22593.05000000
1784797200000,8.59700000,8.65000000,8.59000000,8.61900000,61351.22000000
1784800800000,8.61900000,8.66100000,8.61300000,8.62900000,26901.32000000
1784804400000,8.62900000,8.64800000,8.60900000,8.63900000,23917.21000000
1784808000000,8.63900000,8.64200000,8.51100000,8.54100000,77302.37000000
1784811600000,8.54100000,8.54900000,8.48300000,8.48300000,80127.55000000
1784815200000,8.48300000,8.52800000,8.46400000,8.47400000,60375.67000000
1784818800000,8.47400000,8.50600000,8.41400000,8.49700000,66340.97000000
1784822400000,8.49700000,8.50600000,8.45900000,8.49200000,48694.75000000
1784826000000,8.49100000,8.51400000,8.44400000,8.46000000,68181.24000000
1784829600000,8.46000000,8.49000000,8.44900000,8.48200000,35978.78000000
1784833200000,8.48200000,8.49200000,8.43300000,8.46000000,30006.18000000
1784836800000,8.46000000,8.52500000,8.45500000,8.51000000,27438.96000000
1784840400000,8.51000000,8.52700000,8.47700000,8.48000000,15276.84000000
1784844000000,8.48100000,8.49200000,8.44600000,8.47900000,26017.11000000
1784847600000,8.48000000,8.49000000,8.46300000,8.47100000,12983.58000000
1784851200000,8.47100000,8.47100000,8.40700000,8.44100000,48747.39000000
1784854800000,8.44100000,8.46400000,8.42800000,8.43800000,48681.64000000
1784858400000,8.43800000,8.45100000,8.40000000,8.41800000,83239.83000000
1784862000000,8.41800000,8.47500000,8.41200000,8.45600000,24370.25000000
1784865600000,8.45600000,8.45900000,8.41900000,8.42800000,21858.14000000
1784869200000,8.42900000,8.45900000,8.42400000,8.44400000,15598.03000000
1784872800000,8.44400000,8.48400000,8.43900000,8.47500000,21428.29000000
1784876400000,8.47500000,8.58000000,8.47500000,8.56300000,68570.90000000
1784880000000,8.56300000,8.56400000,8.51500000,8.52700000,19104.61000000
1784883600000,8.52800000,8.53600000,8.48700000,8.52200000,18647.95000000
1784887200000,8.52100000,8.52400000,8.45800000,8.47500000,30256.15000000
1784890800000,8.47400000,8.47700000,8.43000000,8.46500000,36501.95000000
1784894400000,8.46400000,8.48900000,8.42200000,8.42200000,21874.43000000
1784898000000,8.42100000,8.42700000,8.29200000,8.32900000,119857.82000000
1784901600000,8.32900000,8.35500000,8.29700000,8.35500000,71079.36000000
1784905200000,8.35500000,8.40200000,8.32400000,8.36900000,56902.45000000
1784908800000,8.36900000,8.37300000,8.31200000,8.33000000,26653.96000000
1784912400000,8.33000000,8.36900000,8.31400000,8.36000000,37088.79000000
1784916000000,8.36000000,8.36500000,8.33600000,8.35600000,21219.41000000
1784919600000,8.35600000,8.36600000,8.34100000,8.36000000,12423.05000000
1784923200000,8.36100000,8.36800000,8.32300000,8.33600000,17843.91000000
1784926800000,8.33700000,8.34000000,8.29800000,8.30500000,25980.31000000
1784930400000,8.30600000,8.34100000,8.30500000,8.33300000,13557.63000000
1784934000000,8.33300000,8.34400000,8.33000000,8.34100000,18023.77000000
1784937600000,8.34200000,8.36400000,8.32300000,8.34100000,48608.95000000
1784941200000,8.34200000,8.35300000,8.32600000,8.32700000,25437.93000000
1784944800000,8.32800000,8.34200000,8.31700000,8.34000000,17945.67000000
1784948400000,8.34000000,8.34900000,8.33300000,8.34200000,17056.99000000
1784952000000,8.34200000,8.35700000,8.33700000,8.33900000,16818.85000000
1784955600000,8.33900000,8.34600000,8.31600000,8.32300000,16094.41000000
1784959200000,8.32300000,8.33000000,8.29200000,8.31800000,12574.82000000
1784962800000,8.31800000,8.31800000,8.29700000,8.29900000,7671.77000000
1784966400000,8.29800000,8.30400000,8.26700000,8.27800000,67463.83000000
1784970000000,8.27900000,8.30100000,8.27200000,8.29500000,10865.76000000
1784973600000,8.29500000,8.31500000,8.29400000,8.31500000,9821.41000000
1784977200000,8.31400000,8.31900000,8.30100000,8.31800000,15078.70000000
1784980800000,8.31900000,8.38200000,8.31200000,8.37300000,68772.83000000
1784984400000,8.37300000,8.40000000,8.35500000,8.36100000,40429.13000000
1784988000000,8.36100000,8.36200000,8.34300000,8.35800000,18270.26000000
1784991600000,8.35900000,8.43200000,8.35500000,8.38800000,115164.72000000
1784995200000,8.38800000,8.41900000,8.37600000,8.40600000,20455.09000000
1784998800000,8.40600000,8.42200000,8.39800000,8.41200000,16233.49000000
1785002400000,8.41300000,8.43800000,8.41300000,8.42100000,14894.86000000
1785006000000,8.42200000,8.42700000,8.39600000,8.40500000,17483.93000000
1785009600000,8.40400000,8.40500000,8.37800000,8.38500000,10916.25000000
1785013200000,8.38500000,8.38700000,8.36100000,8.37400000,20624.23000000
1785016800000,8.37500000,8.38800000,8.37500000,8.38500000,11612.72000000
1785020400000,8.38400000,8.38500000,8.37000000,8.38400000,8591.37000000
1785024000000,8.38500000,8.40700000,8.37900000,8.40200000,10287.66000000
1785027600000,8.40300000,8.40600000,8.39100000,8.39600000,10770.83000000
1785031200000,8.39600000,8.42500000,8.38400000,8.42000000,19744.51000000
1785034800000,8.42200000,8.43300000,8.40800000,8.42800000,8519.74000000
1785038400000,8.42900000,8.47900000,8.41400000,8.45600000,31295.20000000
1785042000000,8.45700000,8.46000000,8.42900000,8.44200000,25030.38000000
1785045600000,8.44200000,8.44900000,8.40200000,8.44600000,20861.31000000
1785049200000,8.44600000,8.45100000,8.41000000,8.42300000,12327.87000000
1785052800000,8.42400000,8.42400000,8.40400000,8.41100000,8121.18000000
1785056400000,8.41000000,8.44200000,8.40800000,8.41500000,16351.44000000
1785060000000,8.41400000,8.43900000,8.40800000,8.43000000,16601.52000000
1785063600000,8.43000000,8.44300000,8.42200000,8.43700000,11251.70000000
1785067200000,8.43700000,8.49600000,8.43700000,8.44300000,32602.85000000
1785070800000,8.44400000,8.46900000,8.42400000,8.45800000,35620.22000000
1785074400000,8.45900000,8.50100000,8.45600000,8.49400000,39978.40000000
1785078000000,8.49400000,8.60000000,8.48800000,8.59600000,76297.83000000
1785081600000,8.59800000,8.66500000,8.57100000,8.64900000,129333.39000000
1785085200000,8.64800000,8.64800000,8.56800000,8.58700000,46767.89000000
1785088800000,8.58700000,8.60900000,8.56100000,8.60900000,30530.04000000
1785092400000,8.60900000,8.61600000,8.58200000,8.58400000,20678.30000000
1785096000000,8.58400000,8.59400000,8.57100000,8.58000000,18638.94000000
1785099600000,8.58100000,8.63800000,8.57400000,8.62100000,26060.48000000
1785103200000,8.62100000,8.80600000,8.62100000,8.79000000,264833.97000000
1785106800000,8.79000000,8.84300000,8.77400000,8.82500000,232996.04000000
1785110400000,8.82600000,8.83300000,8.75200000,8.76900000,97879.58000000
1785114000000,8.76900000,8.80000000,8.74800000,8.78800000,87001.20000000
1785117600000,8.78800000,8.79100000,8.72700000,8.73600000,35274.48000000
1785121200000,8.73600000,8.78500000,8.72300000,8.77800000,33468.81000000
1785124800000,8.77800000,8.81400000,8.76100000,8.77300000,45633.67000000
1785128400000,8.77300000,8.87800000,8.76700000,8.85400000,67383.61000000
1785132000000,8.85500000,8.91600000,8.82400000,8.85300000,92154.35000000
1785135600000,8.85300000,8.85800000,8.80400000,8.81100000,42261.33000000
1785139200000,8.81200000,8.82500000,8.79100000,8.79900000,42343.41000000
1785142800000,8.79800000,8.81800000,8.76200000,8.79400000,65435.51000000
1785146400000,8.79400000,8.82300000,8.77800000,8.79600000,26269.14000000
1785150000000,8.79700000,8.79700000,8.74900000,8.75600000,34212.53000000
1785153600000,8.75600000,8.78600000,8.71300000,8.75300000,64328.15000000
1785157200000,8.75400000,8.82300000,8.70800000,8.77200000,98197.01000000
1785160800000,8.77100000,8.78200000,8.51100000,8.60000000,238585.53000000
1785164400000,8.59900000,8.62400000,8.56100000,8.57700000,74875.44000000
1785168000000,8.57600000,8.65500000,8.55500000,8.64400000,84698.41000000
1785171600000,8.64300000,8.65600000,8.61200000,8.62800000,39099.39000000
1785175200000,8.62800000,8.63300000,8.56400000,8.59700000,67977.88000000
1785178800000,8.59800000,8.66100000,8.58900000,8.63700000,28610.76000000
1785182400000,8.63700000,8.64700000,8.60500000,8.62500000,14823.35000000
1785186000000,8.62400000,8.62500000,8.58500000,8.58600000,29754.09000000
1785189600000,8.58500000,8.58600000,8.42000000,8.43400000,293191.21000000
1785193200000,8.43300000,8.43500000,8.34800000,8.38200000,135291.54000000
1785196800000,8.38200000,8.38500000,8.33000000,8.34800000,45667.99000000
1785200400000,8.34900000,8.36200000,8.28000000,8.32600000,63593.97000000
1785204000000,8.32600000,8.35100000,8.31100000,8.32300000,26834.14000000
1785207600000,8.32300000,8.34800000,8.31200000,8.33600000,41248.16000000
1785211200000,8.33500000,8.36100000,8.33200000,8.34800000,32293.36000000
1785214800000,8.34800000,8.37900000,8.33000000,8.34000000,45205.12000000
1785218400000,8.34100000,8.35500000,8.32000000,8.35100000,31723.84000000
1785222000000,8.35200000,8.35300000,8.30300000,8.32000000,33659.07000000
1785225600000,8.31900000,8.33500000,8.31100000,8.32500000,32574.00000000
1785229200000,8.32400000,8.32800000,8.29500000,8.30400000,32396.69000000
1785232800000,8.30400000,8.32000000,8.29300000,8.30700000,26041.23000000
1785236400000,8.30700000,8.31900000,8.27100000,8.28800000,47524.93000000
1785240000000,8.28800000,8.34300000,8.28200000,8.33900000,56247.87000000
1785243600000,8.34000000,8.34900000,8.19200000,8.23800000,166125.31000000
1785247200000,8.23800000,8.33400000,8.22700000,8.29200000,56070.14000000
1785250800000,8.29200000,8.40200000,8.28300000,8.38200000,145795.11000000
1785254400000,8.38200000,8.41900000,8.37000000,8.40900000,74244.02000000
1785258000000,8.40800000,8.40900000,8.31000000,8.33200000,58405.73000000
1785261600000,8.33300000,8.36100000,8.32700000,8.33800000,25737.21000000
1785265200000,8.33900000,8.38700000,8.33900000,8.38500000,17296.78000000
1785268800000,8.38500000,8.39400000,8.36900000,8.38900000,33693.32000000
1785272400000,8.39000000,8.44500000,8.36700000,8.43700000,87619.59000000
1785276000000,8.43800000,8.45400000,8.37800000,8.37800000,43528.65000000
1785279600000,8.37800000,8.44900000,8.35800000,8.44600000,31673.27000000
1785283200000,8.44700000,8.51200000,8.44700000,8.47400000,75743.86000000
1785286800000,8.47500000,8.48300000,8.38900000,8.39300000,79248.27000000
1785290400000,8.39200000,8.46100000,8.36700000,8.42700000,37210.32000000
1785294000000,8.42800000,8.44200000,8.33000000,8.33600000,42317.28000000
1785297600000,8.33600000,8.37700000,8.29200000,8.36300000,114849.23000000
1785301200000,8.36300000,8.41000000,8.35700000,8.40000000,32724.59000000
1785304800000,8.40000000,8.44200000,8.38100000,8.42800000,22807.95000000
1785308400000,8.42800000,8.44300000,8.40300000,8.44000000,28801.53000000
1785312000000,8.44100000,8.45600000,8.38500000,8.42900000,35528.26000000
1785315600000,8.42900000,8.48100000,8.42700000,8.46800000,42182.78000000
1785319200000,8.46800000,8.46900000,8.38800000,8.40100000,36256.41000000
1785322800000,8.40100000,8.41700000,8.37700000,8.40800000,18232.41000000
1785326400000,8.40700000,8.41000000,8.33400000,8.34000000,49312.49000000
1785330000000,8.33900000,8.36100000,8.29900000,8.34900000,47346.26000000
1785333600000,8.35000000,8.35800000,8.26300000,8.26800000,67823.65000000
1785337200000,8.26800000,8.30000000,8.24800000,8.27600000,64916.54000000
1785340800000,8.27700000,8.30000000,8.24600000,8.28600000,56213.70000000
1785344400000,8.28600000,8.34600000,8.27900000,8.34400000,30794.22000000
1785348000000,8.34300000,8.44400000,8.30600000,8.40300000,153889.48000000
1785351600000,8.40400000,8.41700000,8.23000000,8.23500000,72769.77000000
1785355200000,8.23600000,8.25200000,8.17900000,8.19500000,82715.56000000
1785358800000,8.19600000,8.25400000,8.16200000,8.24900000,60997.10000000
1785362400000,8.25000000,8.31700000,8.25000000,8.30300000,41204.31000000
1785366000000,8.30300000,8.34100000,8.28500000,8.33500000,34006.36000000
1785369600000,8.33400000,8.35200000,8.28100000,8.30300000,37934.84000000
1785373200000,8.30300000,8.39900000,8.29800000,8.38300000,36385.47000000
1785376800000,8.38300000,8.39800000,8.34800000,8.35100000,21873.58000000
1785380400000,8.35100000,8.36800000,8.33100000,8.33900000,18363.14000000
1785384000000,8.33900000,8.34100000,8.29700000,8.29900000,15305.84000000
1785387600000,8.29900000,8.31000000,8.27900000,8.29200000,29181.80000000
1785391200000,8.29200000,8.29800000,8.26300000,8.27000000,28262.87000000
1785394800000,8.27100000,8.30800000,8.27000000,8.29100000,18890.63000000
1785398400000,8.29200000,8.35200000,8.27800000,8.33500000,22791.14000000
1785402000000,8.33500000,8.38800000,8.32200000,8.36200000,50889.13000000
1785405600000,8.36100000,8.38200000,8.35800000,8.38100000,48693.29000000
1785409200000,8.38200000,8.47000000,8.37900000,8.46300000,102270.24000000
1785412800000,8.46300000,8.50700000,8.43900000,8.45300000,87199.53000000
1785416400000,8.45200000,8.53400000,8.41600000,8.52100000,122917.27000000
1785420000000,8.52000000,8.52500000,8.44100000,8.49400000,94152.28000000
1785423600000,8.49400000,8.51200000,8.45000000,8.48500000,59258.29000000
1785427200000,8.48500000,8.51200000,8.47200000,8.49600000,33702.69000000
1785430800000,8.49700000,8.50400000,8.45100000,8.48700000,45590.56000000
1785434400000,8.48700000,8.52000000,8.48500000,8.49000000,62660.60000000
1785438000000,8.49100000,8.52200000,8.47800000,8.49000000,27668.64000000
1785441600000,8.49100000,8.51600000,8.45100000,8.45500000,41567.89000000
1785445200000,8.45500000,8.49000000,8.45500000,8.47500000,25872.95000000
1785448800000,8.47400000,8.50800000,8.45800000,8.47200000,37085.38000000
1785452400000,8.47100000,8.53000000,8.45100000,8.45100000,82396.40000000
1785456000000,8.45200000,8.47300000,8.42500000,8.43600000,32229.71000000
1785459600000,8.43600000,8.51700000,8.39300000,8.40500000,74546.70000000
1785463200000,8.40400000,8.42400000,8.34800000,8.36100000,44571.05000000
1785466800000,8.36100000,8.38600000,8.32200000,8.36900000,31013.40000000
1785470400000,8.36800000,8.37700000,8.34200000,8.34800000,13172.14000000
1785474000000,8.34800000,8.37400000,8.34700000,8.37400000,18770.19000000
1785477600000,8.37300000,8.38700000,8.33800000,8.35300000,19682.57000000
1785481200000,8.35200000,8.35200000,8.24300000,8.30000000,96517.57000000
1785484800000,8.30000000,8.33200000,8.29400000,8.32700000,43090.74000000
1785488400000,8.32800000,8.33000000,8.23000000,8.25100000,73098.27000000
1785492000000,8.25100000,8.27500000,8.21600000,8.26100000,49775.24000000
1785495600000,8.26100000,8.27900000,8.24800000,8.26400000,25513.17000000
1785499200000,8.26500000,8.26800000,8.22600000,8.26200000,42875.08000000
1785502800000,8.26300000,8.27700000,8.12600000,8.13700000,141598.12000000
1785506400000,8.13700000,8.14800000,8.02100000,8.13100000,274326.20000000
1785510000000,8.13100000,8.14000000,8.08800000,8.11300000,109369.07000000
1785513600000,8.11300000,8.15300000,8.10000000,8.15100000,43190.21000000
1785517200000,8.15100000,8.20500000,8.13900000,8.18800000,141933.99000000
1785520800000,8.18700000,8.20000000,8.16700000,8.18000000,15796.84000000
1785524400000,8.17900000,8.18900000,8.16100000,8.17300000,21920.07000000
1785528000000,8.17400000,8.18500000,8.14400000,8.15500000,39118.07000000
1785531600000,8.15500000,8.17300000,8.13200000,8.14600000,28046.13000000
1785535200000,8.14500000,8.17700000,8.14200000,8.16100000,19901.79000000
1785538800000,8.16000000,8.17400000,8.15900000,8.17100000,14900.97000000
1785542400000,8.17300000,8.19800000,8.17200000,8.18300000,33415.10000000
1785546000000,8.18300000,8.21600000,8.18100000,8.21200000,34231.32000000
1785549600000,8.21300000,8.24700000,8.21300000,8.21900000,38435.13000000
1785553200000,8.22000000,8.23600000,8.19400000,8.20900000,30026.83000000
1785556800000,8.21000000,8.23400000,8.20100000,8.23100000,25020.17000000
1785560400000,8.23100000,8.24300000,8.18800000,8.20400000,27046.17000000
1785564000000,8.20400000,8.20400000,8.16400000,8.19000000,136252.29000000
1785567600000,8.19000000,8.20000000,8.13200000,8.13800000,46323.64000000
1785571200000,8.13900000,8.14400000,8.12200000,8.12500000,30859.56000000
1785574800000,8.12400000,8.12600000,8.10100000,8.10100000,33978.74000000
1785578400000,8.10200000,8.11200000,8.08800000,8.09900000,20979.81000000
1785582000000,8.09900000,8.10200000,8.08300000,8.09100000,16010.14000000
1785585600000,8.09100000,8.11300000,8.08700000,8.10900000,14005.87000000
1785589200000,8.10900000,8.11200000,8.09400000,8.09900000,10626.24000000
1785592800000,8.09900000,8.11900000,8.09800000,8.10900000,26573.34000000
1785596400000,8.10800000,8.11600000,8.09000000,8.10200000,25075.13000000
1785600000000,8.10200000,8.11300000,8.07200000,8.09000000,19897.29000000
1785603600000,8.09000000,8.10200000,8.03100000,8.04600000,29903.47000000
1785607200000,8.04600000,8.04900000,7.88800000,7.96300000,158024.05000000
1785610800000,7.96300000,8.02800000,7.96100000,8.00400000,60626.51000000
1785614400000,8.00200000,8.03400000,7.99600000,8.02700000,34111.78000000
1785618000000,8.02700000,8.06600000,8.02600000,8.06600000,32357.17000000
1785621600000,8.06700000,8.08300000,8.06000000,8.07100000,17213.76000000
1785625200000,8.07100000,8.08500000,8.05600000,8.06800000,14018.29000000
1785628800000,8.06900000,8.07900000,8.05700000,8.07300000,33656.44000000
1785632400000,8.07400000,8.16900000,8.07400000,8.15800000,67722.79000000
1785636000000,8.15700000,8.28800000,8.15100000,8.27300000,126383.98000000
1785639600000,8.27300000,8.31100000,8.25800000,8.29200000,60171.00000000
1785643200000,8.29200000,8.38700000,8.28000000,8.37900000,111998.18000000
1785646800000,8.37900000,8.42100000,8.35500000,8.38200000,122638.68000000
1785650400000,8.38200000,8.39200000,8.35000000,8.37100000,48467.81000000
1785654000000,8.37100000,8.39900000,8.35900000,8.38000000,35402.97000000
1785657600000,8.38000000,8.39000000,8.31900000,8.33200000,47919.01000000
1785661200000,8.33200000,8.39300000,8.31400000,8.34500000,155072.45000000
1785664800000,8.34400000,8.34500000,8.30500000,8.30800000,55302.18000000
1785668400000,8.30900000,8.31800000,8.26600000,8.27700000,30032.09000000
1785672000000,8.27800000,8.30000000,8.27700000,8.29500000,33054.57000000
1785675600000,8.29400000,8.31100000,8.28400000,8.28500000,23969.26000000
1785679200000,8.28400000,8.31300000,8.26800000,8.29200000,32934.41000000
1785682800000,8.29200000,8.30400000,8.27300000,8.27700000,20200.13000000
1785686400000,8.27600000,8.29100000,8.25100000,8.27900000,32647.32000000
1785690000000,8.27800000,8.34500000,8.27700000,8.33400000,16064.51000000
1785693600000,8.33300000,8.37300000,8.31500000,8.31500000,31630.14000000
1785697200000,8.31400000,8.34600000,8.31100000,8.33000000,16078.25000000
1785700800000,8.33100000,8.35400000,8.32000000,8.34000000,29775.18000000
1785704400000,8.34100000,8.39500000,8.34100000,8.37600000,24348.08000000
1785708000000,8.37600000,8.45500000,8.36000000,8.40000000,172501.73000000
1785711600000,8.39700000,8.40600000,8.35400000,8.38400000,26355.90000000
1785715200000,8.38400000,8.39400000,8.33800000,8.35500000,19691.16000000
1785718800000,8.35400000,8.37300000,8.32200000,8.33300000,44925.65000000
1785722400000,8.33300000,8.34000000,8.29400000,8.30400000,26095.06000000
1785726000000,8.30400000,8.31000000,8.23400000,8.25200000,84216.52000000
1785729600000,8.25100000,8.28500000,8.23500000,8.23700000,32918.83000000
1785733200000,8.23700000,8.27200000,8.23500000,8.26400000,32542.88000000
1785736800000,8.26500000,8.27300000,8.22300000,8.23000000,21586.71000000
1785740400000,8.22900000,8.25300000,8.21500000,8.22000000,29746.49000000
1785744000000,8.21900000,8.22800000,8.16200000,8.22200000,48280.26000000
1785747600000,8.22300000,8.26600000,8.21900000,8.25400000,19432.93000000
1785751200000,8.25300000,8.25900000,8.19600000,8.20900000,42005.87000000
1785754800000,8.21000000,8.21900000,8.18300000,8.18700000,41304.08000000
1785758400000,8.18700000,8.19900000,8.16200000,8.18100000,49980.48000000
1785762000000,8.18100000,8.29200000,8.17700000,8.28700000,89096.75000000
1785765600000,8.28600000,8.31900000,8.25100000,8.30700000,83010.55000000
1785769200000,8.30700000,8.31000000,8.24000000,8.24800000,58440.34000000
1785772800000,8.24900000,8.28800000,8.23500000,8.24600000,73009.84000000
1785776400000,8.24600000,8.27800000,8.23900000,8.25200000,62621.16000000
1785780000000,8.25300000,8.26700000,8.22500000,8.23900000,30783.74000000
1785783600000,8.24000000,8.27800000,8.23400000,8.23400000,37676.81000000
1785787200000,8.23400000,8.26800000,8.21300000,8.22300000,41011.99000000
1785790800000,8.22300000,8.23300000,8.20900000,8.21100000,30765.30000000
1785794400000,8.21100000,8.22100000,8.18100000,8.19400000,29207.10000000
1785798000000,8.19400000,8.19400000,8.16700000,8.18800000,28148.82000000
1785801600000,8.18800000,8.19500000,8.11800000,8.12600000,71790.95000000
1785805200000,8.12500000,8.23300000,8.11800000,8.21900000,69167.88000000
1785808800000,8.21900000,8.23500000,8.18400000,8.20200000,34482.69000000
1785812400000,8.20300000,8.20900000,8.16600000,8.19600000,32125.12000000
1785816000000,8.19500000,8.26400000,8.17500000,8.22500000,41010.27000000
1785819600000,8.22500000,8.23000000,8.17600000,8.18700000,22851.23000000
1785823200000,8.18700000,8.20300000,8.13200000,8.14500000,48173.76000000
1785826800000,8.14600000,8.17800000,8.12300000,8.17500000,55548.99000000
1785830400000,8.17400000,8.18800000,8.13300000,8.15100000,48702.98000000
1785834000000,8.15100000,8.16000000,8.12600000,8.16000000,26557.98000000
1785837600000,8.16100000,8.22000000,8.13200000,8.19800000,105169.09000000
1785841200000,8.19800000,8.22300000,8.17700000,8.21700000,39930.19000000
1785844800000,8.21600000,8.23600000,8.18700000,8.21000000,16379.52000000
1785848400000,8.20900000,8.24000000,8.16100000,8.18400000,224248.89000000
1785852000000,8.18500000,8.26800000,8.16000000,8.24000000,249091.55000000
1785855600000,8.24000000,8.25200000,8.14000000,8.19600000,72182.80000000
1785859200000,8.19800000,8.20000000,8.16800000,8.18700000,35498.31000000
1785862800000,8.18800000,8.21800000,8.16400000,8.17700000,24691.03000000
1785866400000,8.17700000,8.25200000,8.17400000,8.22800000,36837.56000000
1785870000000,8.22800000,8.24700000,8.20700000,8.21700000,44434.83000000
1785873600000,8.21600000,8.22300000,8.15000000,8.20700000,42804.20000000
1785877200000,8.20800000,8.21100000,8.18500000,8.18600000,15758.81000000
1785880800000,8.18600000,8.19700000,8.16200000,8.17700000,14690.42000000
1785884400000,8.17800000,8.20000000,8.14300000,8.14900000,20050.42000000
1785888000000,8.14900000,8.17000000,8.12000000,8.12400000,44522.02000000
1785891600000,8.12400000,8.18500000,8.10700000,8.17700000,59927.57000000
1785895200000,8.17800000,8.19900000,8.15900000,8.17300000,30837.37000000
1785898800000,8.17300000,8.18300000,8.09400000,8.12800000,34768.34000000
1785902400000,8.12700000,8.14500000,8.12300000,8.13300000,8937.56000000
1785906000000,8.13300000,8.18700000,8.12800000,8.18100000,13090.55000000
1785909600000,8.18000000,8.20300000,8.16000000,8.18000000,29343.55000000
1785913200000,8.18100000,8.18700000,8.13900000,8.18700000,15284.52000000
1785916800000,8.18800000,8.20600000,8.17500000,8.18200000,24715.10000000
1785920400000,8.18300000,8.20300000,8.18000000,8.18900000,13726.05000000
1785924000000,8.18900000,8.18900000,8.14500000,8.15300000,26180.45000000
1785927600000,8.15400000,8.17900000,8.14300000,8.14900000,31373.05000000
1785931200000,8.15100000,8.22800000,8.14400000,8.17300000,71455.50000000
1785934800000,8.17300000,8.17900000,8.06900000,8.15300000,78219.57000000
1785938400000,8.15300000,8.17800000,8.11800000,8.15500000,50634.26000000
1785942000000,8.15400000,8.20600000,8.11100000,8.11400000,58385.34000000
1785945600000,8.11200000,8.22500000,8.10900000,8.20000000,46409.72000000
1785949200000,8.20100000,8.25300000,8.17800000,8.24200000,52702.80000000
1785952800000,8.24200000,8.25800000,8.20800000,8.22100000,41341.94000000
1785956400000,8.22100000,8.23100000,8.18700000,8.18800000,44196.74000000
1785960000000,8.18800000,8.22700000,8.17900000,8.19500000,35075.50000000
1785963600000,8.19500000,8.19500000,8.13300000,8.15800000,38110.87000000
1785967200000,8.15900000,8.17200000,8.14900000,8.15000000,21511.12000000
1785970800000,8.14800000,8.17000000,8.13000000,8.16200000,16187.76000000
1785974400000,8.16200000,8.19700000,8.15800000,8.17400000,20286.26000000
1785978000000,8.17300000,8.18200000,8.13000000,8.13400000,22031.41000000
1785981600000,8.13300000,8.15300000,8.10000000,8.11500000,32261.30000000
1785985200000,8.11500000,8.13100000,8.10400000,8.11700000,16150.51000000
1785988800000,8.11800000,8.19200000,8.10600000,8.18800000,38560.28000000
1785992400000,8.18900000,8.22900000,8.18100000,8.19900000,47985.18000000
1785996000000,8.19800000,8.20400000,8.17200000,8.20000000,15019.88000000
1785999600000,8.20000000,8.20300000,8.18800000,8.19100000,11310.54000000
1786003200000,8.19000000,8.21200000,8.17600000,8.19200000,14026.98000000
1786006800000,8.19100000,8.19100000,8.06800000,8.10300000,172965.99000000
1786010400000,8.10400000,8.10800000,8.08200000,8.09600000,25947.19000000
1786014000000,8.09600000,8.18800000,8.09100000,8.16300000,77371.43000000
1786017600000,8.16200000,8.16400000,8.12400000,8.13100000,27231.31000000
1786021200000,8.13100000,8.14900000,8.10300000,8.14400000,44418.13000000
1786024800000,8.14500000,8.24700000,8.14200000,8.21600000,79082.91000000
1786028400000,8.21700000,8.27300000,8.21500000,8.22400000,62200.93000000
1786032000000,8.22400000,8.26800000,8.21200000,8.24600000,82658.07000000
1786035600000,8.24600000,8.34300000,8.24600000,8.33800000,110101.53000000
1786039200000,8.33700000,8.33800000,8.23400000,8.25200000,77297.62000000
1786042800000,8.25100000,8.26300000,8.19100000,8.19900000,91676.82000000
1786046400000,8.19900000,8.22700000,8.19000000,8.20500000,35882.19000000
1786050000000,8.20500000,8.23900000,8.20400000,8.22600000,26467.68000000
1786053600000,8.22700000,8.23900000,8.18200000,8.20000000,35750.93000000
1786057200000,8.20100000,8.20400000,8.16300000,8.19600000,40383.16000000
1786060800000,8.19600000,8.22100000,8.18600000,8.20700000,19015.32000000
1786064400000,8.20800000,8.24700000,8.20800000,8.22600000,23015.06000000
1786068000000,8.22500000,8.24700000,8.17500000,8.19500000,30186.72000000
1786071600000,8.19400000,8.20900000,8.13900000,8.14100000,35423.86000000
1786075200000,8.14000000,8.16600000,8.10600000,8.14300000,52331.48000000
1786078800000,8.14200000,8.16200000,8.12400000,8.15700000,24140.02000000
1786082400000,8.15700000,8.21000000,8.15300000,8.18800000,28999.46000000
1786086000000,8.18700000,8.21200000,8.17600000,8.18800000,30653.60000000
1786089600000,8.18800000,8.24500000,8.18800000,8.21600000,34990.69000000
1786093200000,8.21700000,8.24900000,8.21300000,8.22000000,35951.99000000
1786096800000,8.22100000,8.23500000,8.19700000,8.20400000,24539.70000000
1786100400000,8.20500000,8.24300000,8.20300000,8.21900000,35225.55000000
1786104000000,8.22000000,8.31200000,8.21800000,8.28300000,100597.58000000
1786107600000,8.28300000,8.31100000,8.24200000,8.28200000,96692.32000000
1786111200000,8.28200000,8.29900000,8.22100000,8.23300000,95597.88000000
1786114800000,8.23400000,8.29500000,8.22900000,8.27900000,38837.54000000
1786118400000,8.28000000,8.31800000,8.23400000,8.23500000,67398.26000000
1786122000000,8.23500000,8.25300000,8.16900000,8.20200000,57831.77000000
1786125600000,8.20100000,8.21800000,8.16400000,8.17900000,44196.55000000
1786129200000,8.17900000,8.24100000,8.17800000,8.21500000,33476.95000000
1786132800000,8.21600000,8.22300000,8.19000000,8.20300000,21976.31000000
1786136400000,8.20200000,8.22000000,8.18400000,8.18600000,19172.74000000
1786140000000,8.18500000,8.19400000,8.15400000,8.17800000,25433.23000000
1786143600000,8.17900000,8.19900000,8.17100000,8.18900000,15521.18000000
1786147200000,8.18900000,8.18900000,8.16600000,8.17600000,24387.78000000
1786150800000,8.17600000,8.21100000,8.17200000,8.18900000,55533.44000000
1786154400000,8.18900000,8.19500000,8.17600000,8.18100000,19054.93000000
1786158000000,8.18000000,8.27500000,8.17900000,8.26200000,66367.25000000
1786161600000,8.26300000,8.28300000,8.24000000,8.26000000,51067.52000000
1786165200000,8.26100000,8.31500000,8.25600000,8.26500000,60908.35000000
1786168800000,8.26600000,8.27000000,8.25000000,8.25300000,23306.22000000
1786172400000,8.25300000,8.26300000,8.24000000,8.26200000,37606.15000000
1786176000000,8.26400000,8.27500000,8.25500000,8.26500000,17301.26000000
1786179600000,8.26600000,8.31300000,8.26400000,8.29700000,56547.21000000
1786183200000,8.29700000,8.35800000,8.29700000,8.34500000,62912.65000000
1786186800000,8.34600000,8.36000000,8.31700000,8.32900000,42859.77000000
1786190400000,8.33000000,8.34400000,8.31100000,8.31300000,25121.13000000
1786194000000,8.31200000,8.33900000,8.30400000,8.32900000,27749.83000000
1786197600000,8.32800000,8.37800000,8.32700000,8.36100000,55298.52000000
1786201200000,8.36200000,8.39900000,8.33300000,8.34300000,50614.59000000
1786204800000,8.34300000,8.36600000,8.33300000,8.34200000,18934.55000000
1786208400000,8.34300000,8.35400000,8.33100000,8.33600000,18132.63000000
1786212000000,8.33600000,8.33900000,8.32400000,8.33000000,16672.72000000
1786215600000,8.33000000,8.34000000,8.32200000,8.33200000,13742.63000000
1786219200000,8.33100000,8.34800000,8.33100000,8.34400000,9262.34000000
1786222800000,8.34300000,8.35000000,8.33600000,8.34500000,22874.27000000
1786226400000,8.34600000,8.35000000,8.30100000,8.30300000,26157.50000000
1786230000000,8.30200000,8.31400000,8.29400000,8.30600000,22360.09000000
1786233600000,8.30600000,8.33000000,8.30600000,8.32600000,29689.44000000
1786237200000,8.32500000,8.33700000,8.29900000,8.30400000,27777.94000000
1786240800000,8.30400000,8.31100000,8.28400000,8.29500000,20886.74000000
1786244400000,8.29400000,8.29600000,8.26600000,8.28600000,21651.54000000
1786248000000,8.28400000,8.31400000,8.28400000,8.29100000,16708.02000000
1786251600000,8.29000000,8.30300000,8.26200000,8.27900000,21455.03000000
1786255200000,8.28000000,8.35000000,8.27400000,8.34700000,40196.79000000
1786258800000,8.34600000,8.35300000,8.33000000,8.34200000,37096.69000000
1786262400000,8.34100000,8.36000000,8.30100000,8.31800000,19510.98000000
1786266000000,8.31800000,8.32300000,8.29500000,8.31800000,16226.55000000
1786269600000,8.31800000,8.33400000,8.29700000,8.30000000,18759.01000000
1786273200000,8.29900000,8.30400000,8.29200000,8.29900000,37628.06000000
1786276800000,8.29800000,8.29800000,8.27900000,8.28700000,11464.47000000
1786280400000,8.28600000,8.32300000,8.28500000,8.30000000,22765.70000000
1786284000000,8.30000000,8.34800000,8.29500000,8.30400000,138846.43000000
1786287600000,8.30400000,8.36700000,8.30200000,8.35400000,150652.98000000
1786291200000,8.35500000,8.36100000,8.32600000,8.34500000,25140.24000000
1786294800000,8.34400000,8.35500000,8.31300000,8.31500000,46969.76000000
1786298400000,8.31500000,8.33900000,8.31500000,8.32500000,18295.33000000
1786302000000,8.32500000,8.32900000,8.30900000,8.32100000,16662.22000000
1786305600000,8.32000000,8.34300000,8.31300000,8.33000000,25001.40000000
1786309200000,8.33100000,8.35000000,8.32500000,8.34300000,21524.65000000
1786312800000,8.34300000,8.39200000,8.22200000,8.26200000,144689.38000000
1786316400000,8.26100000,8.26200000,8.17300000,8.18700000,122989.47000000
1786320000000,8.18600000,8.25600000,8.16500000,8.18700000,94035.66000000
1786323600000,8.18800000,8.26200000,8.17100000,8.23900000,65209.64000000
1786327200000,8.24000000,8.24500000,8.17600000,8.22400000,33144.94000000
1786330800000,8.22400000,8.23000000,8.17300000,8.18700000,40778.99000000
1786334400000,8.18700000,8.21200000,8.17900000,8.19100000,27436.82000000
1786338000000,8.19100000,8.24400000,8.19100000,8.22600000,27721.68000000
1786341600000,8.22600000,8.24700000,8.22600000,8.23800000,36059.46000000
1786345200000,8.23900000,8.24300000,8.21800000,8.22300000,21407.80000000
1786348800000,8.22300000,8.24300000,8.20100000,8.21900000,31646.54000000
1786352400000,8.21800000,8.25500000,8.20100000,8.24100000,98295.08000000
1786356000000,8.24100000,8.30700000,8.23800000,8.27700000,69305.10000000
1786359600000,8.27800000,8.32500000,8.26600000,8.30900000,47564.86000000
1786363200000,8.31000000,8.37200000,8.27500000,8.28600000,105135.77000000
1786366800000,8.28500000,8.31600000,8.25200000,8.28200000,76463.50000000
1786370400000,8.28300000,8.34400000,8.28000000,8.30500000,56917.52000000
1786374000000,8.30400000,8.33000000,8.26400000,8.30300000,120281.89000000
1786377600000,8.30300000,8.31500000,8.22300000,8.23500000,70646.09000000
1786381200000,8.23600000,8.29100000,8.21400000,8.24900000,41815.31000000
1786384800000,8.24900000,8.25600000,8.20800000,8.23800000,24416.96000000
1786388400000,8.23800000,8.31600000,8.23600000,8.27400000,37764.83000000
1786392000000,8.27500000,8.30100000,8.27000000,8.29100000,16379.34000000
1786395600000,8.29000000,8.32200000,8.27800000,8.27800000,26466.97000000
1786399200000,8.27700000,8.31900000,8.25500000,8.31500000,31165.09000000
1786402800000,8.31400000,8.31800000,8.28500000,8.30000000,29230.91000000
1786406400000,8.30100000,8.34300000,8.29100000,8.33500000,135213.59000000
1786410000000,8.33500000,8.46600000,8.32400000,8.42800000,284345.43000000
1786413600000,8.42700000,8.46200000,8.40000000,8.41200000,129870.41000000
1786417200000,8.41200000,8.43600000,8.39100000,8.39100000,56521.92000000
1786420800000,8.39200000,8.41100000,8.36800000,8.38200000,32667.95000000
1786424400000,8.38200000,8.43000000,8.37300000,8.41700000,58935.96000000
1786428000000,8.41700000,8.44700000,8.40300000,8.43500000,104274.49000000
1786431600000,8.43600000,8.47700000,8.41400000,8.47600000,62546.72000000
1786435200000,8.47800000,8.52600000,8.44500000,8.52500000,149619.73000000
1786438800000,8.52500000,8.71500000,8.49800000,8.67700000,665482.05000000
1786442400000,8.67800000,8.70800000,8.62600000,8.66800000,234197.01000000
1786446000000,8.66700000,8.70500000,8.65700000,8.68100000,164302.72000000
1786449600000,8.68100000,8.68700000,8.63000000,8.66000000,165082.51000000
1786453200000,8.66000000,8.70200000,8.61800000,8.65300000,204281.94000000
1786456800000,8.65400000,8.68500000,8.53000000,8.55300000,181709.79000000
1786460400000,8.55200000,8.61600000,8.49700000,8.56400000,239741.17000000
1786464000000,8.56400000,8.61200000,8.54200000,8.55600000,137653.51000000
1786467600000,8.55600000,8.60500000,8.54800000,8.59000000,67202.75000000
1786471200000,8.58900000,8.60600000,8.53200000,8.56800000,70000.58000000
1786474800000,8.56700000,8.61800000,8.54100000,8.61500000,45994.62000000
1786478400000,8.61500000,8.72500000,8.61500000,8.69500000,167401.92000000
1786482000000,8.69500000,8.81000000,8.69500000,8.76900000,214332.44000000
1786485600000,8.76900000,8.78900000,8.75400000,8.78300000,79193.97000000
1786489200000,8.78300000,8.79000000,8.75500000,8.77900000,45451.43000000
1786492800000,8.77900000,8.79800000,8.73900000,8.76000000,108789.34000000
1786496400000,8.76000000,8.82300000,8.75600000,8.78700000,121287.05000000
1786500000000,8.78700000,8.80100000,8.74200000,8.74300000,65923.22000000
1786503600000,8.74300000,8.75200000,8.70800000,8.72400000,60625.80000000
1786507200000,8.72300000,8.74900000,8.71300000,8.72000000,33171.35000000
1786510800000,8.72100000,8.73400000,8.70600000,8.71600000,49940.63000000
1786514400000,8.71500000,8.73800000,8.68100000,8.73200000,71185.69000000
1786518000000,8.73300000,8.76500000,8.72200000,8.75400000,99007.30000000
1786521600000,8.75300000,8.77700000,8.74200000,8.74700000,70156.40000000
1786525200000,8.74600000,8.80400000,8.73600000,8.80200000,78166.43000000
1786528800000,8.80200000,8.88000000,8.79000000,8.80600000,169490.87000000
1786532400000,8.80700000,8.88300000,8.79700000,8.87800000,118541.71000000
1786536000000,8.87800000,8.89600000,8.80300000,8.84900000,234913.35000000
1786539600000,8.85000000,8.85200000,8.78800000,8.82700000,137589.77000000
1786543200000,8.82600000,8.82700000,8.69000000,8.72600000,166327.61000000
1786546800000,8.72500000,8.79100000,8.71900000,8.78100000,61875.57000000
1786550400000,8.78100000,8.78200000,8.73000000,8.75900000,68116.92000000
1786554000000,8.75800000,8.78100000,8.75100000,8.77400000,60004.77000000
1786557600000,8.77500000,8.79200000,8.75100000,8.76400000,86171.09000000
1786561200000,8.76500000,8.76900000,8.71800000,8.74400000,41987.92000000
1786564800000,8.74400000,8.78200000,8.72800000,8.76500000,27013.58000000
1786568400000,8.76600000,8.77300000,8.62400000,8.65000000,165742.03000000
1786572000000,8.64900000,8.69400000,8.63400000,8.66900000,29098.90000000
1786575600000,8.66900000,8.69200000,8.65500000,8.67400000,39232.27000000
1786579200000,8.67300000,8.71300000,8.64800000,8.65300000,51027.25000000
1786582800000,8.65200000,8.67100000,8.62300000,8.63500000,30941.92000000
1786586400000,8.63500000,8.69100000,8.62100000,8.68800000,31939.91000000
1786590000000,8.68900000,8.73700000,8.68900000,8.72700000,65397.42000000
1786593600000,8.72800000,8.77600000,8.72700000,8.75600000,49592.87000000
1786597200000,8.75600000,8.81600000,8.74900000,8.79900000,62065.60000000
1786600800000,8.79800000,8.79900000,8.74600000,8.77300000,32864.38000000
1786604400000,8.77300000,8.77800000,8.75500000,8.75500000,23527.49000000
1786608000000,8.75500000,8.76900000,8.72900000,8.74700000,36022.35000000
1786611600000,8.74600000,8.74700000,8.70000000,8.71000000,36303.78000000
1786615200000,8.71000000,8.74400000,8.69300000,8.74300000,53654.47000000
1786618800000,8.74300000,8.75700000,8.67700000,8.69300000,79947.08000000
1786622400000,8.69200000,8.79300000,8.68100000,8.78200000,77003.09000000
1786626000000,8.78200000,8.84400000,8.76400000,8.80400000,102928.85000000
1786629600000,8.80400000,8.85500000,8.79500000,8.84700000,94034.70000000
1786633200000,8.84800000,8.86600000,8.73700000,8.74600000,108717.33000000
1786636800000,8.74500000,8.75100000,8.68000000,8.72400000,99768.19000000
1786640400000,8.72400000,8.78400000,8.71900000,8.76300000,59102.66000000
1786644000000,8.76400000,8.82100000,8.76200000,8.81200000,26153.82000000
1786647600000,8.81200000,8.83500000,8.77700000,8.82600000,70633.72000000
1786651200000,8.82600000,8.85900000,8.81900000,8.84000000,58954.21000000
1786654800000,8.84000000,8.88000000,8.84000000,8.87300000,61195.50000000
1786658400000,8.87300000,8.90400000,8.83800000,8.84400000,91670.62000000
1786662000000,8.84500000,8.89400000,8.83700000,8.88700000,70918.31000000
1786665600000,8.88700000,8.89100000,8.85300000,8.87300000,28317.07000000
1786669200000,8.87200000,8.87900000,8.83300000,8.85600000,41395.30000000
1786672800000,8.85600000,8.87200000,8.82600000,8.83600000,24554.99000000
1786676400000,8.83600000,8.85200000,8.81400000,8.82000000,26538.39000000
1786680000000,8.82000000,8.83800000,8.79100000,8.79500000,41768.31000000
1786683600000,8.79600000,8.80800000,8.77700000,8.79700000,46273.46000000
1786687200000,8.79600000,8.79600000,8.74800000,8.76400000,33623.73000000
1786690800000,8.76300000,8.77700000,8.75800000,8.77100000,22297.01000000
1786694400000,8.77100000,8.82700000,8.72600000,8.82400000,60549.83000000
1786698000000,8.82400000,8.83500000,8.78000000,8.82000000,86823.13000000
1786701600000,8.82100000,8.88500000,8.78700000,8.79100000,155119.26000000
1786705200000,8.79100000,8.87800000,8.78900000,8.83200000,124180.16000000
1786708800000,8.83300000,8.88700000,8.80900000,8.83800000,82652.40000000
1786712400000,8.83800000,8.84400000,8.79700000,8.84100000,68886.38000000
1786716000000,8.84000000,8.85000000,8.76600000,8.77300000,64848.90000000
1786719600000,8.77200000,8.87900000,8.76200000,8.85800000,67304.09000000
1786723200000,8.85800000,8.89900000,8.82900000,8.87700000,124185.04000000
1786726800000,8.87700000,8.95900000,8.87300000,8.92000000,188512.29000000
1786730400000,8.92100000,8.99000000,8.88600000,8.94600000,161252.79000000
1786734000000,8.94700000,9.01700000,8.93000000,8.98900000,137087.00000000
1786737600000,8.98900000,8.99200000,8.94600000,8.98400000,50287.33000000
1786741200000,8.98500000,8.98600000,8.92600000,8.95100000,36337.76000000
1786744800000,8.95000000,8.97000000,8.92700000,8.94500000,48378.33000000
1786748400000,8.94400000,9.01300000,8.94400000,8.97000000,66388.23000000
1786752000000,8.97100000,9.09500000,8.96800000,9.08700000,142129.80000000
1786755600000,9.08800000,9.33700000,9.07700000,9.31900000,300455.84000000
1786759200000,9.31900000,9.72900000,9.31900000,9.72500000,755487.20000000
1786762800000,9.72500000,9.74600000,9.56000000,9.58000000,402919.08000000
1786766400000,9.58000000,9.61000000,9.44400000,9.45500000,289807.77000000
1786770000000,9.45500000,9.53400000,9.43100000,9.48200000,176939.09000000
1786773600000,9.48100000,9.48200000,9.38300000,9.41900000,129396.49000000
1786777200000,9.41800000,9.41800000,9.32000000,9.33800000,149778.17000000
1786780800000,9.33800000,9.34700000,9.26300000,9.28400000,159315.38000000
1786784400000,9.28400000,9.32000000,9.22600000,9.31900000,109289.77000000
1786788000000,9.32000000,9.36700000,9.30800000,9.34200000,91503.79000000
1786791600000,9.34100000,9.38800000,9.27600000,9.31200000,79208.57000000
1786795200000,9.31100000,9.47000000,9.30500000,9.46400000,185403.19000000
1786798800000,9.46300000,9.49300000,9.43100000,9.47300000,85847.45000000
1786802400000,9.47300000,9.53300000,9.44800000,9.48700000,137382.94000000
1786806000000,9.48700000,9.51700000,9.41400000,9.51200000,167520.60000000
1786809600000,9.51200000,9.61800000,9.49200000,9.61400000,158920.12000000
1786813200000,9.61400000,9.63300000,9.54600000,9.55600000,106930.58000000
1786816800000,9.55600000,9.59400000,9.50300000,9.55000000,97615.45000000
1786820400000,9.55100000,9.59600000,9.53300000,9.58700000,48249.35000000
1786824000000,9.58700000,9.59900000,9.55200000,9.56200000,43988.43000000
1786827600000,9.56300000,9.58600000,9.54200000,9.57600000,24343.96000000
1786831200000,9.57600000,9.58800000,9.51900000,9.53200000,68378.68000000
1786834800000,9.53100000,9.53900000,9.46200000,9.47000000,64219.46000000
1786838400000,9.47000000,9.48700000,9.40900000,9.43700000,86910.85000000
1786842000000,9.43700000,9.50400000,9.42800000,9.50000000,53906.86000000
1786845600000,9.50000000,9.51200000,9.45000000,9.48300000,43603.68000000
1786849200000,9.48300000,9.49200000,9.39800000,9.40000000,76001.81000000
1786852800000,9.39900000,9.41000000,9.34800000,9.38900000,83446.31000000
1786856400000,9.38800000,9.40400000,9.35700000,9.36900000,65552.58000000
1786860000000,9.36900000,9.38600000,9.33200000,9.33800000,46864.91000000
1786863600000,9.33800000,9.38000000,9.32000000,9.37900000,30110.11000000
1786867200000,9.37800000,9.44100000,9.37300000,9.44000000,39969.83000000
1786870800000,9.44000000,9.45900000,9.40300000,9.40900000,32573.40000000
1786874400000,9.40900000,9.42200000,9.38600000,9.40100000,33318.54000000
1786878000000,9.40200000,9.45500000,9.40200000,9.41500000,45045.71000000
1786881600000,9.41600000,9.42000000,9.31500000,9.33600000,96475.79000000
1786885200000,9.33600000,9.35800000,9.31500000,9.32500000,41712.00000000
1786888800000,9.32600000,9.36600000,9.29600000,9.35400000,133700.43000000
1786892400000,9.35400000,9.40000000,9.34500000,9.39300000,49887.87000000
1786896000000,9.39300000,9.41700000,9.36900000,9.39000000,77671.38000000
1786899600000,9.39000000,9.47800000,9.37600000,9.43800000,143389.20000000
1786903200000,9.43900000,9.43900000,9.38900000,9.40300000,20314.21000000
1786906800000,9.40300000,9.47300000,9.40300000,9.46500000,40773.70000000
1786910400000,9.46500000,9.49300000,9.43900000,9.44400000,34613.00000000
1786914000000,9.44500000,9.45200000,9.34800000,9.39300000,55473.73000000
1786917600000,9.39200000,9.39600000,9.35000000,9.37700000,50179.00000000
1786921200000,9.37800000,9.44100000,9.37100000,9.39000000,30727.47000000
1786924800000,9.39000000,9.42000000,9.36100000,9.41000000,30682.88000000
1786928400000,9.41000000,9.55900000,9.40600000,9.49100000,113088.25000000
1786932000000,9.49100000,9.53200000,9.44900000,9.53100000,68078.55000000
1786935600000,9.53200000,9.56800000,9.48300000,9.48800000,55676.37000000
1786939200000,9.48900000,9.50800000,9.46300000,9.46900000,28959.73000000
1786942800000,9.46800000,9.46900000,9.41100000,9.41100000,43241.73000000
1786946400000,9.41100000,9.48000000,9.40900000,9.46200000,75887.33000000
1786950000000,9.46300000,9.49400000,9.40900000,9.40900000,45849.20000000
1786953600000,9.40900000,9.42400000,9.37000000,9.39200000,63554.92000000
1786957200000,9.39200000,9.42900000,9.39200000,9.42200000,23127.85000000
1786960800000,9.42300000,9.53000000,9.41800000,9.50500000,94731.93000000
1786964400000,9.50500000,9.56100000,9.47700000,9.51600000,74614.75000000
1786968000000,9.51600000,9.57400000,9.51100000,9.54800000,105106.33000000
1786971600000,9.54800000,9.56100000,9.47600000,9.49000000,104137.34000000
1786975200000,9.49100000,9.56000000,9.44300000,9.53200000,89097.78000000
1786978800000,9.53300000,9.57400000,9.49900000,9.52100000,89312.64000000
1786982400000,9.52200000,9.58500000,9.48000000,9.56300000,137109.96000000
1786986000000,9.56400000,9.56500000,9.48500000,9.50200000,63875.65000000
1786989600000,9.50100000,9.57300000,9.47500000,9.47900000,52200.28000000
1786993200000,9.48000000,9.49800000,9.46400000,9.49600000,31466.67000000
1786996800000,9.49700000,9.53200000,9.47300000,9.51100000,30950.88000000
1787000400000,9.51200000,9.53300000,9.48000000,9.48900000,13700.78000000
1787004000000,9.48900000,9.50000000,9.47700000,9.49500000,19979.75000000
1787007600000,9.49500000,9.55700000,9.48800000,9.54300000,32890.55000000
1787011200000,9.54300000,9.55300000,9.47500000,9.51200000,55246.04000000
1787014800000,9.51300000,9.51700000,9.43000000,9.44000000,38259.58000000
1787018400000,9.44000000,9.46600000,9.33000000,9.36800000,106209.55000000
1787022000000,9.36800000,9.43000000,9.36400000,9.42300000,47658.46000000
1787025600000,9.42300000,9.45200000,9.40500000,9.42300000,22893.78000000
1787029200000,9.42300000,9.47800000,9.41400000,9.43600000,46716.28000000
1787032800000,9.43500000,9.53000000,9.40700000,9.44100000,79176.32000000
1787036400000,9.44200000,9.45000000,9.39100000,9.43400000,49728.86000000
1787040000000,9.43400000,9.45700000,9.38300000,9.45600000,92207.38000000
1787043600000,9.45500000,9.47300000,9.43100000,9.46700000,57986.32000000
1787047200000,9.46700000,9.49900000,9.45500000,9.46000000,69992.05000000
1787050800000,9.45900000,9.49000000,9.44400000,9.44500000,43439.12000000
1787054400000,9.44400000,9.45000000,9.41100000,9.43400000,36543.00000000
1787058000000,9.43400000,9.44600000,9.40100000,9.42700000,37568.96000000
1787061600000,9.42700000,9.52500000,9.41600000,9.46100000,110211.99000000
1787065200000,9.46100000,9.55900000,9.41800000,9.48000000,135337.60000000
1787068800000,9.48000000,9.54500000,9.47700000,9.52200000,59312.65000000
1787072400000,9.52200000,9.52400000,9.45200000,9.45700000,33934.46000000
1787076000000,9.45800000,9.53000000,9.45800000,9.51600000,36601.71000000
1787079600000,9.51700000,9.52700000,9.49800000,9.50300000,28587.51000000
1787083200000,9.50300000,9.50900000,9.46700000,9.47600000,25569.88000000
1787086800000,9.47500000,9.55900000,9.47500000,9.50400000,62447.03000000
1787090400000,9.50400000,9.51900000,9.47900000,9.48400000,27549.44000000
1787094000000,9.48300000,9.55700000,9.47200000,9.53800000,34028.34000000
1787097600000,9.53900000,9.54600000,9.49000000,9.49600000,40439.39000000
1787101200000,9.49500000,9.53400000,9.49400000,9.50800000,19892.74000000
1787104800000,9.50800000,9.54800000,9.48700000,9.54000000,43583.62000000
1787108400000,9.54100000,9.73200000,9.52300000,9.70500000,262356.29000000
1787112000000,9.70400000,9.71400000,9.57300000,9.59200000,101666.16000000
1787115600000,9.59200000,9.64800000,9.58800000,9.61200000,50737.47000000
1787119200000,9.61100000,9.68200000,9.56300000,9.68000000,69935.01000000
1787122800000,9.68100000,9.72300000,9.63500000,9.69900000,100745.78000000
1787126400000,9.69800000,9.84000000,9.66400000,9.79000000,288185.35000000
1787130000000,9.79000000,9.83000000,9.73300000,9.73800000,121120.54000000
1787133600000,9.73800000,9.80000000,9.71600000,9.79500000,67062.86000000
1787137200000,9.79400000,9.80700000,9.74500000,9.76900000,53474.75000000
1787140800000,9.76800000,9.81800000,9.72700000,9.75200000,85000.25000000
1787144400000,9.75100000,9.77200000,9.65800000,9.68100000,138447.15000000
1787148000000,9.68000000,9.82300000,9.66200000,9.77200000,162781.16000000
1787151600000,9.77300000,10.07700000,9.74000000,9.92200000,849739.34000000
1787155200000,9.92300000,10.03300000,9.90600000,9.93300000,310287.98000000
1787158800000,9.93400000,9.98600000,9.84900000,9.98200000,169448.59000000
1787162400000,9.98300000,10.08100000,9.95700000,9.99100000,269123.13000000
1787166000000,9.99100000,10.14900000,9.98800000,10.11700000,395131.70000000
1787169600000,10.11800000,10.63800000,10.10200000,10.58300000,732868.68000000
1787173200000,10.58300000,10.89200000,10.56800000,10.74100000,810613.74000000
1787176800000,10.74200000,10.77700000,10.54500000,10.57400000,307687.09000000
1787180400000,10.57500000,10.59800000,10.51400000,10.55700000,137925.96000000
1787184000000,10.55700000,10.62900000,10.51500000,10.53600000,200632.10000000
1787187600000,10.53600000,10.59800000,10.46600000,10.53900000,117413.00000000
1787191200000,10.53900000,10.55400000,10.49000000,10.50900000,66738.23000000
1787194800000,10.50800000,10.50800000,10.36500000,10.44200000,135239.17000000
1787198400000,10.44200000,10.48500000,10.41200000,10.44700000,66741.52000000
1787202000000,10.44600000,10.47200000,10.41600000,10.45800000,53607.17000000
1787205600000,10.45900000,10.59300000,10.45400000,10.59000000,94331.14000000
1787209200000,10.59000000,10.59000000,10.51300000,10.54800000,109748.42000000
1787212800000,10.54800000,10.70700000,10.54000000,10.65900000,361785.26000000
1787216400000,10.66000000,10.68700000,10.57200000,10.58400000,143464.28000000
1787220000000,10.58300000,10.71500000,10.57500000,10.70100000,100841.63000000
1787223600000,10.70000000,10.76800000,10.66200000,10.66700000,137174.95000000
1787227200000,10.66700000,10.68900000,10.53000000,10.59600000,176962.20000000
1787230800000,10.59700000,10.65600000,10.52400000,10.60100000,109100.92000000
1787234400000,10.60100000,10.67600000,10.51900000,10.55200000,84253.98000000
1787238000000,10.55100000,10.73700000,10.54600000,10.71400000,217687.64000000
1787241600000,10.71500000,10.81300000,10.64900000,10.77300000,170633.37000000
1787245200000,10.77400000,10.87600000,10.72500000,10.78700000,218934.49000000
1787248800000,10.78800000,10.81100000,10.61700000,10.62600000,161033.88000000
1787252400000,10.62500000,10.67500000,10.61000000,10.65700000,96456.61000000
1787256000000,10.65700000,10.67800000,10.59100000,10.62400000,98959.24000000
1787259600000,10.62300000,10.62700000,10.55000000,10.57300000,102884.26000000
1787263200000,10.57400000,10.63300000,10.50000000,10.62400000,82893.69000000
1787266800000,10.62300000,10.72700000,10.60800000,10.69200000,88085.00000000
1787270400000,10.69300000,10.79600000,10.68700000,10.76500000,103614.19000000
1787274000000,10.76400000,10.90700000,10.70400000,10.83000000,221202.44000000
1787277600000,10.83100000,10.99800000,10.76000000,10.87900000,332238.53000000
1787281200000,10.88000000,11.03800000,10.87500000,10.90600000,208061.87000000
1787284800000,10.90600000,10.97400000,10.86400000,10.90700000,111158.08000000
1787288400000,10.90700000,10.95800000,10.85800000,10.94000000,106133.50000000
1787292000000,10.94100000,11.07400000,10.92500000,10.97600000,213159.73000000
1787295600000,10.97600000,11.85700000,10.97100000,11.54100000,1315292.09000000
1787299200000,11.54200000,11.75200000,11.43400000,11.72900000,437751.67000000
1787302800000,11.72900000,11.74200000,11.33100000,11.47800000,561853.89000000
1787306400000,11.47800000,11.49000000,11.34100000,11.41400000,193250.68000000
1787310000000,11.41300000,11.42000000,11.22300000,11.27000000,248925.98000000
1787313600000,11.27000000,11.40700000,11.23200000,11.36700000,205842.06000000
1787317200000,11.36700000,11.47300000,11.26700000,11.41000000,220496.13000000
1787320800000,11.41000000,11.52200000,11.30000000,11.51100000,318481.86000000
1787324400000,11.51000000,11.63100000,11.46900000,11.52700000,672905.17000000
1787328000000,11.52700000,11.64600000,11.40500000,11.54800000,438563.47000000
1787331600000,11.54800000,11.66100000,11.47500000,11.61600000,266839.93000000
1787335200000,11.61700000,11.67000000,11.49000000,11.59500000,178441.76000000
1787338800000,11.59400000,11.68400000,11.52000000,11.66300000,162712.67000000
1787342400000,11.66400000,11.83200000,11.62900000,11.82200000,316030.63000000
1787346000000,11.82300000,12.18700000,11.80100000,12.16100000,400106.66000000
1787349600000,12.16000000,12.40000000,12.10400000,12.19500000,395427.95000000
1787353200000,12.19600000,12.21900000,11.95900000,11.99000000,251742.61000000
1787356800000,11.99000000,12.10900000,11.86100000,12.09600000,242612.21000000
1787360400000,12.09500000,12.13800000,11.99500000,12.00100000,127640.14000000
1787364000000,12.00100000,12.21800000,12.00100000,12.21800000,173892.80000000
1787367600000,12.21700000,12.45100000,12.17000000,12.37400000,395090.86000000
1787371200000,12.37500000,12.62000000,12.28600000,12.52700000,440518.71000000
1787374800000,12.52700000,12.58700000,10.93600000,11.83900000,1799534.44000000
1787378400000,11.83800000,11.94400000,11.70000000,11.85300000,316912.29000000
1787382000000,11.85200000,11.92300000,11.72800000,11.74800000,254174.50000000
1787385600000,11.74900000,11.83500000,11.52300000,11.60600000,387165.02000000
1787389200000,11.60700000,11.70800000,11.50800000,11.59800000,337388.32000000
1787392800000,11.59800000,11.61000000,11.35000000,11.53100000,393590.40000000
1787396400000,11.53100000,11.71900000,11.49300000,11.68400000,162847.47000000
1787400000000,11.68300000,11.89700000,11.66100000,11.86400000,201209.26000000
1787403600000,11.86400000,11.89600000,11.75200000,11.77700000,142130.54000000
1787407200000,11.77700000,11.79200000,11.60800000,11.65300000,242664.93000000
1787410800000,11.65300000,11.68300000,11.47600000,11.61000000,465204.41000000
1787414400000,11.61000000,11.78300000,11.51900000,11.73700000,282410.48000000
1787418000000,11.73800000,11.77900000,11.65800000,11.72500000,123930.99000000
1787421600000,11.72500000,11.81500000,11.63900000,11.70100000,120254.80000000
1787425200000,11.70000000,11.76600000,11.69100000,11.74300000,84045.46000000
1787428800000,11.74400000,11.81000000,11.68600000,11.71000000,72920.25000000
1787432400000,11.70900000,11.70900000,11.49000000,11.50600000,163455.96000000
1787436000000,11.50500000,11.60700000,11.45900000,11.58200000,123422.49000000
1787439600000,11.58300000,11.67600000,11.55800000,11.64800000,50343.37000000
1787443200000,11.64800000,11.74500000,11.63100000,11.71900000,78973.24000000
1787446800000,11.71800000,11.71800000,11.56900000,11.60300000,107994.50000000
1787450400000,11.60300000,11.61400000,11.48200000,11.53800000,239256.80000000
1787454000000,11.53900000,11.55000000,11.42400000,11.45600000,121186.31000000
1787457600000,11.45600000,11.51600000,11.25800000,11.27000000,303202.15000000
1787461200000,11.26900000,11.30000000,11.00000000,11.12800000,845977.19000000
1787464800000,11.12700000,11.30900000,11.08800000,11.22700000,145751.59000000
1787468400000,11.22700000,11.32400000,11.20900000,11.30100000,85822.38000000
1787472000000,11.30200000,11.41100000,11.26900000,11.32200000,136411.96000000
1787475600000,11.32300000,11.40200000,11.30800000,11.39000000,62475.22000000
1787479200000,11.38900000,11.46800000,11.38700000,11.43800000,113129.48000000
1787482800000,11.43800000,11.47100000,11.24800000,11.41600000,444061.79000000
1787486400000,11.41500000,11.44500000,11.34200000,11.40000000,113710.59000000
1787490000000,11.40100000,11.62400000,11.40000000,11.61700000,340722.96000000
1787493600000,11.61600000,11.65000000,11.26100000,11.50600000,331549.61000000
1787497200000,11.50600000,11.55600000,11.38500000,11.46000000,158229.82000000
1787500800000,11.46100000,11.56100000,11.45600000,11.50900000,88757.22000000
1787504400000,11.51000000,11.53400000,11.43600000,11.48700000,61434.32000000
1787508000000,11.48600000,11.60200000,11.47900000,11.59400000,109588.77000000
1787511600000,11.59500000,11.60100000,11.47100000,11.49300000,68398.21000000
1787515200000,11.49400000,11.52100000,11.43900000,11.50900000,55849.82000000
1787518800000,11.50900000,11.73400000,11.50900000,11.62100000,252566.38000000
1787522400000,11.62200000,11.67000000,11.53900000,11.54900000,117385.39000000
1787526000000,11.55000000,11.57600000,11.46500000,11.54300000,115896.36000000
1787529600000,11.54300000,11.55100000,11.37000000,11.54100000,173063.43000000
1787533200000,11.54200000,11.55700000,11.30900000,11.32100000,194080.64000000
1787536800000,11.32100000,11.50700000,11.29100000,11.46100000,97301.56000000
1787540400000,11.46100000,11.47100000,11.34400000,11.34900000,90900.68000000
1787544000000,11.35000000,11.50600000,11.35000000,11.48800000,109288.88000000
1787547600000,11.48800000,11.59600000,11.45300000,11.50500000,132450.66000000
1787551200000,11.50400000,11.57100000,11.46800000,11.55900000,86751.05000000
1787554800000,11.55900000,11.68000000,11.49800000,11.51600000,158316.23000000
1787558400000,11.51700000,11.52300000,11.36100000,11.49300000,162188.85000000
1787562000000,11.49200000,11.61100000,11.48200000,11.56900000,87921.43000000
1787565600000,11.56900000,11.65000000,11.52200000,11.55800000,107590.54000000
1787569200000,11.55900000,11.75500000,11.49200000,11.72100000,125402.03000000
1787572800000,11.72100000,11.80800000,11.57000000,11.73500000,209098.27000000
1787576400000,11.73600000,11.77500000,11.49200000,11.59800000,275125.02000000
1787580000000,11.59800000,11.78500000,11.59700000,11.72600000,350687.87000000
1787583600000,11.72700000,11.75600000,11.52000000,11.57400000,388661.80000000
1787587200000,11.57400000,11.70300000,11.51000000,11.54500000,170645.52000000
1787590800000,11.54600000,11.56600000,11.41900000,11.50000000,169339.21000000
1787594400000,11.50000000,11.62200000,11.50000000,11.57100000,92889.23000000
1787598000000,11.57200000,11.60700000,11.51600000,11.55600000,66833.86000000
1787601600000,11.55600000,11.60000000,11.50000000,11.59800000,48556.22000000
1787605200000,11.59700000,11.68400000,11.58900000,11.64200000,89457.44000000
1787608800000,11.64200000,11.64500000,11.55500000,11.61400000,88807.96000000
1787612400000,11.61400000,11.64300000,11.55200000,11.62900000,73333.90000000
1787616000000,11.62900000,11.78000000,11.59100000,11.73300000,150198.50000000
1787619600000,11.73300000,11.78800000,11.69500000,11.77900000,134294.46000000
1787623200000,11.77800000,11.96400000,11.73600000,11.81400000,275163.57000000
1787626800000,11.81400000,11.90000000,11.71100000,11.74800000,135834.25000000
1787630400000,11.74900000,11.78700000,11.67300000,11.75700000,158167.15000000
1787634000000,11.75700000,11.84500000,11.73700000,11.80500000,182265.51000000
1787637600000,11.80600000,11.82600000,11.69600000,11.73000000,112695.40000000
1787641200000,11.72900000,11.79500000,11.50000000,11.59000000,248245.90000000
1787644800000,11.59100000,11.67700000,11.57800000,11.60700000,111212.75000000
1787648400000,11.60700000,11.69600000,11.52200000,11.57800000,124442.68000000
1787652000000,11.57800000,11.59500000,11.52900000,11.58100000,105581.32000000
1787655600000,11.58000000,11.60200000,11.53400000,11.55300000,41647.96000000
1787659200000,11.55400000,11.64600000,11.48800000,11.62000000,94905.34000000
1787662800000,11.62000000,11.65100000,11.36300000,11.48000000,198646.22000000
1787666400000,11.48000000,11.60400000,11.45000000,11.59300000,208679.29000000
1787670000000,11.59300000,11.60400000,11.50800000,11.58300000,344672.53000000
1787673600000,11.58300000,11.60500000,11.49200000,11.52500000,54803.94000000
1787677200000,11.52400000,11.57700000,11.43600000,11.53800000,67538.68000000
1787680800000,11.53900000,11.57800000,11.52200000,11.56000000,48731.12000000
1787684400000,11.56000000,11.57500000,11.44200000,11.45600000,69953.42000000
1787688000000,11.45700000,11.47800000,11.25500000,11.28100000,151691.56000000
1787691600000,11.28100000,11.35600000,11.14100000,11.31700000,128845.75000000
1787695200000,11.31600000,11.39900000,11.31400000,11.37700000,62063.27000000
1787698800000,11.37600000,11.40800000,11.24500000,11.29100000,88461.17000000
1787702400000,11.29200000,11.34200000,11.23500000,11.31300000,79464.48000000
1787706000000,11.31300000,11.43000000,11.30700000,11.38200000,67274.64000000
1787709600000,11.38300000,11.43900000,11.33700000,11.43000000,39442.18000000
1787713200000,11.43100000,11.45000000,11.37600000,11.39700000,40291.34000000
1787716800000,11.39600000,11.45700000,11.37300000,11.37300000,49828.26000000
1787720400000,11.37300000,11.40900000,11.30300000,11.39300000,172029.92000000
1787724000000,11.39200000,11.41500000,11.32600000,11.36900000,30381.17000000
1787727600000,11.37000000,11.39000000,11.33100000,11.33500000,52327.34000000
1787731200000,11.33500000,11.38300000,11.28900000,11.30400000,55189.35000000
1787734800000,11.30500000,11.33500000,11.21600000,11.27500000,192757.20000000
1787738400000,11.27500000,11.46500000,11.25300000,11.45000000,68045.34000000
1787742000000,11.45100000,11.48900000,11.36700000,11.39000000,42165.64000000
1787745600000,11.39000000,11.48800000,11.30500000,11.40200000,68968.96000000
1787749200000,11.40100000,11.42200000,11.25900000,11.33800000,85149.84000000
1787752800000,11.33800000,11.36200000,11.15500000,11.17700000,104718.98000000
1787756400000,11.17600000,11.25500000,11.06600000,11.24000000,232177.72000000
1787760000000,11.24000000,11.27200000,11.14000000,11.21500000,141258.96000000
1787763600000,11.21500000,11.33000000,11.20300000,11.25200000,66479.45000000
1787767200000,11.25200000,11.30300000,11.23200000,11.28900000,39964.61000000
1787770800000,11.28900000,11.35000000,11.26700000,11.30700000,29688.29000000
1787774400000,11.30600000,11.30800000,11.20800000,11.30500000,35978.58000000
1787778000000,11.30600000,11.49000000,11.29700000,11.46700000,85822.70000000
1787781600000,11.46700000,11.58200000,11.45700000,11.52100000,118035.50000000
1787785200000,11.52000000,11.63200000,11.50800000,11.62400000,106689.87000000
1787788800000,11.62300000,11.63200000,11.49200000,11.49500000,84041.84000000
1787792400000,11.49400000,11.59200000,11.45000000,11.54500000,110182.80000000
1787796000000,11.54500000,11.60200000,11.50900000,11.54700000,33831.78000000
1787799600000,11.54700000,11.57600000,11.48900000,11.52400000,61993.40000000
1787803200000,11.52500000,11.58100000,11.50200000,11.53500000,92844.92000000
1787806800000,11.53600000,11.65000000,11.50300000,11.62600000,95444.86000000
1787810400000,11.62500000,11.62700000,11.53100000,11.61300000,57402.76000000
1787814000000,11.61200000,11.68300000,11.60900000,11.67400000,79882.05000000
1787817600000,11.67400000,11.89200000,11.66800000,11.85900000,250105.66000000
1787821200000,11.85800000,11.92300000,11.80300000,11.86600000,153963.56000000
1787824800000,11.86700000,11.92400000,11.64800000,11.73700000,202017.82000000
1787828400000,11.73600000,11.78100000,11.68000000,11.74800000,95521.23000000
1787832000000,11.74800000,11.81100000,11.70800000,11.73700000,73186.40000000
1787835600000,11.73600000,11.97300000,11.68500000,11.79800000,319108.05000000
1787839200000,11.79700000,11.87700000,11.72300000,11.83800000,142540.91000000
1787842800000,11.83900000,11.98000000,11.82100000,11.93200000,324357.27000000
1787846400000,11.93300000,11.94700000,11.85200000,11.87300000,246739.27000000
1787850000000,11.87300000,11.96000000,11.84400000,11.90000000,74388.39000000
1787853600000,11.90100000,11.91900000,11.75900000,11.87300000,97918.32000000
1787857200000,11.87400000,11.92100000,11.85600000,11.85900000,50023.33000000
1787860800000,11.85900000,11.91300000,11.83800000,11.90600000,42232.65000000
1787864400000,11.90700000,11.91000000,11.84700000,11.88300000,54002.86000000
1787868000000,11.88200000,11.97800000,11.88200000,11.97400000,98499.63000000
1787871600000,11.97300000,11.98100000,11.90500000,11.91900000,65686.78000000
1787875200000,11.91900000,11.98400000,11.84600000,11.96300000,104934.07000000
1787878800000,11.96400000,12.05900000,11.87800000,11.88500000,161579.54000000
1787882400000,11.88600000,11.89100000,11.69500000,11.74500000,197908.32000000
1787886000000,11.74500000,11.75300000,11.68100000,11.71500000,61593.75000000
1787889600000,11.71400000,11.78300000,11.66200000,11.75500000,62171.89000000
1787893200000,11.75500000,11.81000000,11.70500000,11.78200000,38243.28000000
1787896800000,11.78300000,11.85300000,11.78300000,11.81800000,55159.44000000
1787900400000,11.81900000,11.82200000,11.68900000,11.70000000,174891.83000000
1787904000000,11.70000000,11.73000000,11.64000000,11.66600000,90698.01000000
1787907600000,11.66600000,11.75100000,11.63400000,11.71100000,92853.28000000
1787911200000,11.71100000,11.76900000,11.62400000,11.76600000,85422.18000000
1787914800000,11.76500000,11.80200000,11.73600000,11.78200000,37862.76000000
1787918400000,11.78300000,11.82200000,11.69400000,11.70700000,49832.30000000
1787922000000,11.70700000,11.80000000,11.65700000,11.75500000,102702.04000000
1787925600000,11.75600000,11.86200000,11.55400000,11.83900000,280268.91000000
1787929200000,11.84000000,11.88900000,11.54700000,11.56700000,188955.40000000
1787932800000,11.56800000,11.58400000,11.30100000,11.45500000,370942.13000000
1787936400000,11.45500000,11.52000000,11.43600000,11.47000000,68315.28000000
1787940000000,11.46900000,11.47300000,11.25000000,11.34300000,141735.45000000
1787943600000,11.34400000,11.42600000,11.34300000,11.39200000,40344.87000000
1787947200000,11.39200000,11.41400000,11.34300000,11.35900000,29741.38000000
1787950800000,11.36000000,11.39800000,11.30400000,11.31400000,39931.96000000
1787954400000,11.31500000,11.45000000,11.30500000,11.44000000,34091.12000000
1787958000000,11.44000000,11.44900000,11.41000000,11.43300000,64718.43000000
1787961600000,11.43400000,11.47700000,11.42800000,11.43600000,30656.27000000
1787965200000,11.43600000,11.44200000,11.39000000,11.40300000,28658.76000000
1787968800000,11.40300000,11.42300000,11.35300000,11.38500000,44878.76000000
1787972400000,11.38600000,11.39800000,11.33600000,11.34000000,31231.11000000
1787976000000,11.34000000,11.37100000,11.33700000,11.36200000,31409.39000000
1787979600000,11.36300000,11.39700000,11.36000000,11.37700000,21870.37000000
1787983200000,11.37700000,11.38100000,11.29400000,11.33300000,39828.04000000
1787986800000,11.33300000,11.35500000,11.31600000,11.32400000,38245.75000000
1787990400000,11.32400000,11.32500000,11.28000000,11.30600000,64308.00000000
1787994000000,11.30600000,11.33200000,11.30000000,11.30800000,31938.36000000
1787997600000,11.30800000,11.35400000,11.28400000,11.32100000,47914.60000000
1788001200000,11.32000000,11.34300000,11.30100000,11.30200000,18705.28000000
1788004800000,11.30300000,11.34000000,11.30300000,11.32500000,21282.02000000
1788008400000,11.32400000,11.33300000,11.31100000,11.32600000,27324.17000000
1788012000000,11.32700000,11.49200000,11.32600000,11.46300000,131747.38000000
1788015600000,11.46300000,11.46800000,11.36200000,11.38900000,130378.21000000
1788019200000,11.38900000,11.46200000,11.37300000,11.41300000,133671.97000000
1788022800000,11.41400000,11.44100000,11.36400000,11.39000000,90002.70000000
1788026400000,11.38900000,11.45000000,11.36700000,11.44000000,86321.52000000
1788030000000,11.44000000,11.47200000,11.42600000,11.43300000,33177.92000000
1788033600000,11.43400000,11.48200000,11.43100000,11.45500000,21251.03000000
1788037200000,11.45500000,11.52000000,11.44000000,11.44800000,74196.64000000
1788040800000,11.44800000,11.45500000,11.41100000,11.43900000,26273.02000000
1788044400000,11.43900000,11.46800000,11.41000000,11.45800000,37232.70000000
1788048000000,11.45800000,11.46400000,11.40000000,11.41200000,50781.39000000
1788051600000,11.41100000,11.41700000,11.36800000,11.39100000,44433.27000000
1788055200000,11.39000000,11.41600000,11.37300000,11.40200000,25852.65000000
1788058800000,11.40300000,11.41000000,11.36700000,11.39000000,37267.60000000
1788062400000,11.38900000,11.40400000,11.33600000,11.37000000,41594.33000000
1788066000000,11.37100000,11.41300000,11.37000000,11.40700000,13367.49000000
1788069600000,11.40700000,11.44800000,11.38900000,11.44500000,24624.27000000
1788073200000,11.44600000,11.44700000,11.38800000,11.39000000,27214.29000000
1788076800000,11.38900000,11.41100000,11.36900000,11.38400000,26074.29000000
1788080400000,11.38400000,11.39400000,11.33500000,11.35100000,37934.44000000
1788084000000,11.35000000,11.38700000,11.34000000,11.38300000,16704.02000000
1788087600000,11.38200000,11.42000000,11.36400000,11.41600000,33137.70000000
1788091200000,11.41600000,11.51000000,11.39800000,11.46600000,84289.49000000
1788094800000,11.46600000,11.56200000,11.44600000,11.54900000,58469.06000000
1788098400000,11.54800000,11.56000000,11.51300000,11.54900000,77503.44000000
1788102000000,11.54900000,11.63100000,11.54300000,11.56500000,179764.47000000
1788105600000,11.56600000,11.77000000,11.52900000,11.75300000,164712.95000000
1788109200000,11.75300000,11.80000000,11.60100000,11.65700000,120830.80000000
1788112800000,11.65800000,11.68400000,11.60400000,11.66800000,39181.05000000
1788116400000,11.66800000,11.67500000,11.55400000,11.59700000,43015.57000000
1788120000000,11.59700000,11.61900000,11.47300000,11.51600000,62634.66000000
1788123600000,11.51600000,11.53300000,11.39600000,11.52500000,68899.25000000
1788127200000,11.52600000,11.56500000,11.40900000,11.44000000,58066.06000000
1788130800000,11.44000000,11.44000000,10.99200000,11.14400000,331921.72000000
1788134400000,11.14400000,11.24800000,11.08700000,11.18900000,128649.00000000
1788138000000,11.18900000,11.20500000,11.07900000,11.08700000,81361.96000000
1788141600000,11.08700000,11.20300000,11.01400000,11.08000000,101145.25000000
1788145200000,11.08000000,11.20700000,11.06600000,11.16500000,52780.59000000
1788148800000,11.16500000,11.16700000,11.09400000,11.14100000,54286.19000000
1788152400000,11.14000000,11.31400000,11.12300000,11.26800000,77103.05000000
1788156000000,11.26700000,11.30900000,11.23800000,11.26600000,66138.45000000
1788159600000,11.26500000,11.32200000,11.25100000,11.27000000,130557.56000000
1788163200000,11.27100000,11.31100000,11.21500000,11.27600000,64358.32000000
1788166800000,11.27500000,11.36200000,11.25600000,11.29500000,52716.49000000
1788170400000,11.29600000,11.35100000,11.24700000,11.33100000,41680.00000000
1788174000000,11.33100000,11.33100000,11.24500000,11.24700000,31879.09000000
1788177600000,11.24700000,11.33300000,11.22100000,11.27800000,151366.82000000
1788181200000,11.27800000,11.32000000,11.15500000,11.19400000,268853.88000000
1788184800000,11.19500000,11.34000000,11.16600000,11.33500000,215872.12000000
1788188400000,11.33600000,11.41100000,11.26400000,11.38500000,194832.99000000
1788192000000,11.38600000,11.40100000,11.29000000,11.33100000,78439.75000000
1788195600000,11.33000000,11.41400000,11.29900000,11.38900000,104410.82000000
1788199200000,11.38900000,11.50200000,11.37700000,11.44100000,174060.88000000
1788202800000,11.44200000,11.49300000,11.38600000,11.40200000,128815.37000000
1788206400000,11.40100000,11.44000000,11.36900000,11.38100000,97653.94000000
1788210000000,11.38100000,11.41900000,11.34200000,11.37000000,110425.83000000
1788213600000,11.37000000,11.40800000,11.30500000,11.32900000,127081.51000000
1788217200000,11.32900000,11.38000000,11.24200000,11.32500000,398971.64000000
1788220800000,11.32500000,11.40100000,11.32000000,11.38900000,281259.95000000
1788224400000,11.39000000,11.43200000,11.35300000,11.36200000,285358.78000000
1788228000000,11.36200000,11.38300000,11.29600000,11.36100000,203738.78000000
1788231600000,11.36200000,11.49400000,11.34600000,11.43300000,43151.31000000
1788235200000,11.43300000,11.48600000,11.40900000,11.42000000,48591.87000000
1788238800000,11.42000000,11.52100000,11.41800000,11.51100000,61638.15000000
1788242400000,11.51000000,11.51000000,11.44700000,11.48500000,46635.67000000
1788246000000,11.48500000,11.50700000,11.43300000,11.47400000,52102.03000000
1788249600000,11.47500000,11.48100000,11.29700000,11.34100000,105936.80000000
1788253200000,11.34200000,11.36300000,11.30700000,11.33500000,45504.98000000
1788256800000,11.33400000,11.46100000,11.32700000,11.43700000,57429.57000000
1788260400000,11.43600000,11.49600000,11.40200000,11.46700000,50447.56000000
1788264000000,11.46800000,11.52400000,11.34200000,11.39000000,115515.68000000
1788267600000,11.38900000,11.44300000,11.31800000,11.40200000,137716.00000000
1788271200000,11.40200000,11.49600000,11.38200000,11.44800000,99560.36000000
1788274800000,11.44800000,11.44900000,11.35000000,11.42900000,87821.02000000
1788278400000,11.43000000,11.45000000,11.30600000,11.36400000,105245.19000000
1788282000000,11.36400000,11.41300000,11.29700000,11.30900000,94812.61000000
1788285600000,11.30900000,11.32800000,11.06200000,11.21200000,231769.45000000
1788289200000,11.21200000,11.28200000,11.19800000,11.22000000,168999.34000000
1788292800000,11.22100000,11.27200000,11.18100000,11.24700000,98447.45000000
1788296400000,11.24700000,11.25800000,11.10400000,11.17500000,84658.25000000
1788300000000,11.17600000,11.21600000,11.15100000,11.16900000,81966.78000000
1788303600000,11.16900000,11.26100000,11.15800000,11.23400000,55817.50000000
1788307200000,11.23500000,11.25600000,11.15700000,11.15900000,67797.19000000
1788310800000,11.15900000,11.19500000,11.07500000,11.12300000,90210.41000000
1788314400000,11.12200000,11.20600000,11.09600000,11.17300000,70047.77000000
1788318000000,11.17300000,11.29300000,11.16800000,11.20900000,107152.06000000
1788321600000,11.20900000,11.26000000,11.14100000,11.25100000,134151.07000000
1788325200000,11.25100000,11.30000000,11.22300000,11.29100000,172329.35000000
1788328800000,11.29200000,11.31300000,11.17900000,11.25500000,181214.89000000
1788332400000,11.25500000,11.29900000,11.20400000,11.20700000,48918.77000000
1788336000000,11.20800000,11.23100000,11.06800000,11.09800000,100884.09000000
1788339600000,11.09800000,11.15500000,11.00800000,11.06800000,171441.23000000
1788343200000,11.06800000,11.07100000,10.90800000,10.98000000,208363.98000000
1788346800000,10.97900000,11.05000000,10.92600000,11.02600000,106850.55000000
1788350400000,11.02600000,11.08200000,10.96500000,10.96800000,72643.64000000
1788354000000,10.96800000,11.21600000,10.96800000,11.16100000,171980.79000000
1788357600000,11.16200000,11.19100000,11.06200000,11.06400000,80778.59000000
1788361200000,11.06500000,11.12400000,11.01700000,11.08700000,85042.80000000
1788364800000,11.08800000,11.18400000,11.07000000,11.07000000,71633.01000000
1788368400000,11.06900000,11.13000000,11.02300000,11.12100000,51895.17000000
1788372000000,11.12100000,11.16800000,11.10700000,11.13200000,53087.04000000
1788375600000,11.13100000,11.14000000,11.06400000,11.11300000,34568.79000000
1788379200000,11.11400000,11.17200000,11.09800000,11.12600000,132915.23000000
1788382800000,11.12700000,11.14000000,11.07500000,11.09800000,42728.74000000
1788386400000,11.09900000,11.09900000,11.03700000,11.03900000,24077.75000000
1788390000000,11.03800000,11.12600000,11.02800000,11.11900000,24711.09000000
1788393600000,11.11900000,11.12400000,11.03000000,11.04400000,51675.19000000
1788397200000,11.04300000,11.16600000,11.00100000,11.09900000,148347.73000000
1788400800000,11.09800000,11.22900000,11.07600000,11.21400000,90511.81000000
1788404400000,11.21500000,11.21600000,11.15900000,11.19800000,130981.73000000
1788408000000,11.19800000,11.25200000,11.17500000,11.25200000,108161.09000000
1788411600000,11.25200000,11.26800000,11.10100000,11.23200000,74855.51000000
1788415200000,11.23300000,11.23500000,11.19100000,11.21700000,167438.54000000
1788418800000,11.21600000,11.28000000,11.15100000,11.17900000,131689.76000000
1788422400000,11.18000000,11.26500000,11.18000000,11.20300000,81005.85000000
1788426000000,11.20400000,11.24200000,11.15800000,11.16100000,54034.60000000
1788429600000,11.16100000,11.21300000,11.11500000,11.19800000,61054.16000000
1788433200000,11.19800000,11.32900000,11.18500000,11.27200000,104709.25000000
1788436800000,11.27200000,11.43100000,11.25700000,11.41900000,134712.47000000
1788440400000,11.41900000,11.47900000,11.36400000,11.43700000,135170.52000000
1788444000000,11.43600000,11.79200000,11.39400000,11.79100000,253689.76000000
1788447600000,11.79100000,11.86400000,11.65400000,11.78200000,345401.42000000
1788451200000,11.78200000,11.79100000,11.62900000,11.72100000,202309.97000000
1788454800000,11.72200000,11.76000000,11.69400000,11.74200000,112491.11000000
1788458400000,11.74200000,11.81400000,11.73500000,11.81400000,72813.61000000
1788462000000,11.81400000,11.87300000,11.79300000,11.85900000,147127.83000000
1788465600000,11.85900000,11.90400000,11.81100000,11.88500000,113879.70000000
1788469200000,11.88500000,11.96000000,11.85600000,11.94100000,113241.73000000
1788472800000,11.94100000,11.94800000,11.77100000,11.83200000,113174.49000000
1788476400000,11.83200000,11.85700000,11.77700000,11.83300000,45866.20000000
1788480000000,11.83200000,11.90200000,11.78800000,11.78900000,70917.70000000
1788483600000,11.79000000,11.90200000,11.75900000,11.89900000,108168.25000000
1788487200000,11.90000000,11.91200000,11.80900000,11.90800000,47862.27000000
1788490800000,11.90800000,11.95000000,11.87000000,11.88700000,71195.93000000
1788494400000,11.88600000,12.00500000,11.86900000,11.92900000,90636.84000000
1788498000000,11.92900000,11.96500000,11.83300000,11.88500000,83428.10000000
1788501600000,11.88500000,11.93200000,11.81800000,11.88400000,52502.72000000
1788505200000,11.88500000,11.98000000,11.88200000,11.92900000,98704.14000000
1788508800000,11.93000000,12.08900000,11.88600000,12.08600000,180192.94000000
1788512400000,12.08600000,12.16400000,12.00700000,12.04400000,228343.82000000
1788516000000,12.04400000,12.08600000,11.92800000,12.08000000,125952.37000000
1788519600000,12.08000000,12.08600000,12.02400000,12.03100000,73980.78000000
1788523200000,12.03200000,12.08100000,11.47200000,11.65200000,591215.27000000
1788526800000,11.65100000,11.72100000,11.54200000,11.65300000,200423.77000000
1788530400000,11.65300000,11.68400000,11.46400000,11.52500000,225877.31000000
1788534000000,11.52500000,11.68600000,11.50000000,11.65700000,126114.94000000
1788537600000,11.65600000,11.79000000,11.63600000,11.70000000,98144.88000000
1788541200000,11.70000000,11.70100000,11.57900000,11.59900000,49453.83000000
1788544800000,11.59900000,11.67100000,11.59800000,11.66000000,23400.85000000
1788548400000,11.66000000,11.72700000,11.65000000,11.71200000,54063.63000000
1788552000000,11.71200000,11.72000000,11.67100000,11.67100000,48137.83000000
1788555600000,11.67000000,11.69600000,11.59500000,11.61000000,39520.63000000
1788559200000,11.61000000,11.64500000,11.60900000,11.61200000,27433.58000000
1788562800000,11.61200000,11.65000000,11.59400000,11.63200000,41898.55000000
1788566400000,11.63300000,11.65700000,11.59200000,11.62100000,114517.31000000
1788570000000,11.62000000,11.67200000,11.61600000,11.62800000,54700.07000000
1788573600000,11.62900000,11.69800000,11.62000000,11.68200000,37767.99000000
1788577200000,11.68200000,11.70900000,11.66200000,11.66900000,32637.25000000
1788580800000,11.67000000,11.67500000,11.63000000,11.65200000,51466.97000000
1788584400000,11.65300000,11.67800000,11.61300000,11.65200000,68589.18000000
1788588000000,11.65200000,11.72600000,11.64100000,11.71100000,44354.38000000
1788591600000,11.71000000,11.77700000,11.70500000,11.74200000,64855.14000000
1788595200000,11.74100000,11.79500000,11.72200000,11.78700000,54144.30000000
1788598800000,11.78700000,11.87200000,11.78500000,11.80000000,128793.06000000
1788602400000,11.80100000,11.80600000,11.73700000,11.74900000,56640.63000000
1788606000000,11.74900000,11.76200000,11.71500000,11.72400000,48929.41000000
1788609600000,11.72400000,11.85100000,11.72400000,11.83600000,83901.90000000
1788613200000,11.83600000,11.89000000,11.81800000,11.84500000,103550.32000000
1788616800000,11.84500000,11.89800000,11.84500000,11.88600000,59429.08000000
1788620400000,11.88500000,11.96200000,11.88000000,11.94700000,102521.26000000
1788624000000,11.94800000,11.99000000,11.89500000,11.97100000,76358.08000000
1788627600000,11.97100000,12.23700000,11.95600000,12.09900000,322615.19000000
1788631200000,12.09900000,12.11100000,12.02600000,12.04100000,73781.45000000
1788634800000,12.04100000,12.09000000,11.97000000,12.00900000,72262.93000000
1788638400000,12.01000000,12.05100000,11.93700000,12.02100000,91911.77000000
1788642000000,12.02100000,12.10700000,12.00500000,12.08500000,38895.06000000
1788645600000,12.08600000,12.10600000,11.98300000,12.00400000,49845.52000000
1788649200000,12.00400000,12.07400000,11.97000000,12.04900000,53251.40000000
1788652800000,12.04800000,12.17600000,12.04100000,12.14800000,74913.64000000
1788656400000,12.14800000,12.37300000,12.13400000,12.36200000,176091.41000000
1788660000000,12.36100000,12.46200000,12.22600000,12.23400000,171731.73000000
1788663600000,12.23400000,12.27500000,12.18300000,12.22300000,92498.19000000
1788667200000,12.22400000,12.22700000,12.11900000,12.15300000,74019.33000000
1788670800000,12.15400000,12.33600000,12.13200000,12.29300000,99139.76000000
1788674400000,12.29400000,12.30300000,12.22500000,12.24700000,78064.38000000
1788678000000,12.24700000,12.28600000,12.13200000,12.21100000,73683.26000000
1788681600000,12.21000000,12.26200000,12.16700000,12.19700000,61971.32000000
1788685200000,12.19700000,12.31900000,12.17500000,12.28100000,66230.59000000
1788688800000,12.28100000,12.32100000,12.23600000,12.30800000,59514.93000000
1788692400000,12.30800000,12.31100000,12.25100000,12.27900000,56627.54000000
1788696000000,12.27800000,12.40200000,12.22200000,12.33800000,126408.24000000
1788699600000,12.33800000,12.39500000,12.24900000,12.33000000,94872.42000000
1788703200000,12.33000000,12.39300000,12.07300000,12.16500000,183678.85000000
1788706800000,12.16500000,12.25300000,12.10000000,12.22000000,87501.34000000
1788710400000,12.22000000,12.37800000,12.20000000,12.34700000,133619.56000000
1788714000000,12.34600000,12.35300000,12.25700000,12.31600000,112732.27000000
1788717600000,12.31700000,12.42600000,12.30100000,12.38000000,71557.11000000
1788721200000,12.38000000,12.39400000,12.31300000,12.38000000,42905.45000000
1788724800000,12.38000000,13.13900000,12.33400000,13.09600000,1157088.47000000
1788728400000,13.09600000,13.35600000,12.83400000,12.88400000,622812.31000000
1788732000000,12.88400000,13.08500000,12.78400000,13.04700000,191375.09000000
1788735600000,13.04800000,13.26900000,13.03400000,13.23300000,223901.07000000
1788739200000,13.23400000,13.33300000,13.10100000,13.15300000,255564.71000000
1788742800000,13.15400000,13.20500000,13.00100000,13.00900000,182705.13000000
1788746400000,13.01000000,13.31600000,12.94700000,13.09600000,218798.67000000
1788750000000,13.09700000,13.13000000,12.94900000,13.03000000,108238.96000000
1788753600000,13.03000000,13.23100000,13.02100000,13.07900000,143792.11000000
1788757200000,13.07900000,13.59200000,13.06900000,13.43600000,385849.74000000
1788760800000,13.43600000,13.68500000,13.34100000,13.35500000,325707.09000000
1788764400000,13.35400000,13.39900000,13.04300000,13.19200000,263186.08000000
1788768000000,13.19300000,13.38800000,13.18000000,13.37200000,158991.25000000
1788771600000,13.37300000,13.52800000,13.34900000,13.36700000,166176.04000000
1788775200000,13.36700000,13.41900000,13.21400000,13.23800000,145696.64000000
1788778800000,13.23800000,13.27800000,13.14000000,13.17900000,98381.03000000
1788782400000,13.17800000,13.28700000,13.17200000,13.27000000,113648.81000000
1788786000000,13.26900000,13.33400000,13.11500000,13.14500000,143748.84000000
1788789600000,13.14400000,13.16600000,12.89600000,13.05600000,292765.32000000
1788793200000,13.05600000,13.06400000,12.79900000,12.87200000,291526.32000000
1788796800000,12.87300000,12.93900000,12.81000000,12.92300000,138082.68000000
1788800400000,12.92200000,12.96900000,12.88700000,12.95400000,83082.49000000
1788804000000,12.95400000,12.96700000,12.68500000,12.75700000,235375.34000000
1788807600000,12.75700000,12.84000000,12.72800000,12.82900000,93803.57000000
1788811200000,12.82900000,12.83300000,12.65700000,12.78000000,127589.71000000
1788814800000,12.78100000,12.80500000,12.73700000,12.75400000,68031.42000000
1788818400000,12.75400000,12.77200000,12.60600000,12.70000000,106032.80000000
1788822000000,12.70000000,12.77100000,12.69400000,12.74800000,83121.78000000
1788825600000,12.74900000,12.79700000,12.68600000,12.79000000,127719.09000000
1788829200000,12.78900000,12.80700000,12.75400000,12.78900000,75507.31000000
1788832800000,12.78900000,12.80700000,12.62700000,12.62800000,91032.71000000
1788836400000,12.62800000,12.66500000,12.56300000,12.66000000,100868.22000000
1788840000000,12.66100000,12.68200000,12.63200000,12.64600000,63147.27000000
1788843600000,12.64500000,12.72800000,12.63200000,12.65600000,76997.33000000
1788847200000,12.65700000,12.70900000,12.56500000,12.61700000,109553.76000000
1788850800000,12.61800000,12.72100000,12.61300000,12.68200000,72505.73000000
1788854400000,12.68200000,12.70600000,12.60300000,12.65500000,71080.95000000
1788858000000,12.65500000,12.78400000,12.62800000,12.72700000,72296.09000000
1788861600000,12.72700000,12.79400000,12.64300000,12.64400000,63207.79000000
1788865200000,12.64400000,12.64500000,12.46500000,12.50300000,146131.57000000
1788868800000,12.50400000,12.60000000,12.43000000,12.53100000,248370.70000000
1788872400000,12.53200000,12.55500000,12.29100000,12.46100000,147315.58000000
1788876000000,12.46100000,12.59200000,12.40600000,12.58400000,96432.90000000
1788879600000,12.58400000,12.72100000,12.57900000,12.69200000,105300.44000000
1788883200000,12.69100000,12.79500000,12.62100000,12.74700000,102026.84000000
1788886800000,12.74700000,12.78100000,12.67700000,12.72300000,50760.77000000
