timestamp,open,high,low,close,volume
1757354400000,215.43000000,217.00000000,214.78000000,216.67000000,165044.53300000
1757358000000,216.67000000,217.11000000,214.79000000,216.15000000,328562.34900000
1757361600000,216.16000000,216.22000000,213.92000000,214.47000000,181991.35400000
1757365200000,214.47000000,215.85000000,214.25000000,215.08000000,159559.48000000
1757368800000,215.08000000,215.52000000,214.46000000,214.69000000,76533.93000000
1757372400000,214.70000000,215.24000000,213.55000000,214.11000000,80535.42400000
1757376000000,214.11000000,214.91000000,212.20000000,213.22000000,138055.50600000
1757379600000,213.21000000,214.00000000,212.08000000,213.21000000,163005.73900000
1757383200000,213.21000000,213.50000000,210.79000000,211.62000000,265091.67500000
1757386800000,211.61000000,214.78000000,211.38000000,214.63000000,170109.98600000
1757390400000,214.62000000,215.69000000,213.96000000,214.85000000,197685.09800000
1757394000000,214.85000000,215.45000000,214.05000000,215.23000000,92052.51400000
1757397600000,215.23000000,219.76000000,215.02000000,218.43000000,460945.14700000
1757401200000,218.43000000,219.79000000,218.30000000,219.23000000,272575.83500000
1757404800000,219.23000000,219.50000000,218.46000000,218.99000000,149051.38200000
1757408400000,218.99000000,219.29000000,218.52000000,218.98000000,99703.52000000
1757412000000,218.98000000,219.19000000,217.42000000,217.75000000,154193.04100000
1757415600000,217.75000000,218.04000000,217.00000000,217.25000000,107694.07700000
1757419200000,217.24000000,218.36000000,216.61000000,217.64000000,157648.29400000
1757422800000,217.64000000,218.48000000,216.30000000,218.03000000,204622.93100000
1757426400000,218.04000000,218.54000000,213.23000000,215.49000000,586161.40900000
1757430000000,215.49000000,215.80000000,211.69000000,213.07000000,560346.83300000
1757433600000,213.07000000,214.98000000,213.00000000,214.17000000,175529.84000000
1757437200000,214.16000000,215.69000000,214.02000000,214.90000000,137573.43700000
1757440800000,214.90000000,216.91000000,214.45000000,216.44000000,308415.73400000
1757444400000,216.44000000,216.99000000,215.84000000,216.34000000,99591.04400000
1757448000000,216.35000000,216.40000000,215.24000000,216.32000000,77904.79100000
1757451600000,216.32000000,216.60000000,215.17000000,215.19000000,65103.33700000
1757455200000,215.19000000,217.34000000,215.01000000,217.21000000,192042.97700000
1757458800000,217.22000000,217.80000000,216.58000000,217.21000000,144200.56600000
1757462400000,217.22000000,217.54000000,215.09000000,215.23000000,203844.23100000
1757466000000,215.22000000,216.54000000,215.15000000,216.31000000,133856.75900000
1757469600000,216.32000000,219.65000000,216.32000000,219.19000000,347702.44900000
1757473200000,219.19000000,219.53000000,218.06000000,219.20000000,98768.60300000
1757476800000,219.20000000,219.20000000,217.82000000,218.40000000,85900.87500000
1757480400000,218.40000000,219.29000000,217.86000000,218.63000000,96948.92400000
1757484000000,218.63000000,219.63000000,218.00000000,219.19000000,120875.03700000
1757487600000,219.20000000,222.89000000,219.09000000,222.25000000,528737.79300000
1757491200000,222.25000000,222.45000000,220.42000000,220.74000000,203079.61600000
1757494800000,220.74000000,221.25000000,219.91000000,220.45000000,173382.53200000
1757498400000,220.45000000,220.59000000,218.77000000,220.09000000,209135.22300000
1757502000000,220.09000000,220.43000000,218.93000000,220.25000000,109446.84500000
1757505600000,220.24000000,224.90000000,219.74000000,223.43000000,574455.94800000
1757509200000,223.42000000,226.00000000,222.53000000,224.18000000,506390.24400000
1757512800000,224.18000000,225.08000000,222.31000000,222.71000000,267348.37100000
1757516400000,222.70000000,224.16000000,222.70000000,223.17000000,207022.57400000
1757520000000,223.16000000,223.97000000,222.42000000,223.77000000,159663.90900000
1757523600000,223.76000000,224.13000000,221.55000000,222.67000000,137974.68700000
1757527200000,222.66000000,223.20000000,221.29000000,222.86000000,145710.78500000
1757530800000,222.86000000,222.89000000,220.53000000,221.23000000,155194.19200000
1757534400000,221.23000000,222.63000000,220.95000000,222.52000000,96512.78700000
1757538000000,222.53000000,223.73000000,222.35000000,223.47000000,89161.34600000
1757541600000,223.47000000,224.65000000,223.20000000,224.49000000,107433.80600000
1757545200000,224.48000000,224.60000000,223.67000000,224.07000000,65637.67600000
1757548800000,224.06000000,225.43000000,223.85000000,225.00000000,140047.56700000
1757552400000,225.01000000,225.59000000,224.49000000,224.82000000,125956.49300000
1757556000000,224.83000000,225.05000000,222.94000000,223.02000000,126654.52300000
1757559600000,223.02000000,224.57000000,223.00000000,224.17000000,94596.51800000
1757563200000,224.17000000,224.29000000,222.58000000,223.52000000,112110.88400000
1757566800000,223.52000000,223.96000000,221.72000000,222.27000000,129929.73000000
1757570400000,222.26000000,223.62000000,221.91000000,223.33000000,104475.50900000
1757574000000,223.33000000,223.54000000,221.94000000,223.23000000,102329.05400000
1757577600000,223.23000000,223.57000000,222.28000000,223.50000000,104379.23900000
1757581200000,223.49000000,225.23000000,223.46000000,224.49000000,187619.30300000
1757584800000,224.49000000,225.85000000,224.34000000,225.75000000,148771.74400000
1757588400000,225.74000000,225.75000000,224.47000000,225.03000000,104524.03400000
1757592000000,225.04000000,228.80000000,222.79000000,226.71000000,837797.80900000
1757595600000,226.72000000,228.95000000,224.26000000,228.22000000,431365.97500000
1757599200000,228.23000000,228.30000000,225.66000000,227.09000000,212752.51300000
1757602800000,227.09000000,227.25000000,225.37000000,226.82000000,149500.20500000
1757606400000,226.82000000,228.37000000,225.30000000,225.90000000,214824.36600000
1757610000000,225.90000000,227.69000000,225.64000000,227.49000000,127165.20000000
1757613600000,227.49000000,227.74000000,225.94000000,226.34000000,137329.01900000
1757617200000,226.34000000,226.91000000,225.92000000,226.71000000,140713.07800000
1757620800000,226.69000000,226.71000000,225.47000000,225.57000000,120203.47400000
1757624400000,225.56000000,227.00000000,225.54000000,226.72000000,113956.69500000
1757628000000,226.71000000,228.58000000,226.38000000,228.04000000,246287.22800000
1757631600000,228.04000000,228.94000000,227.96000000,228.73000000,139066.84100000
1757635200000,228.73000000,234.98000000,228.11000000,232.99000000,605179.99800000
1757638800000,232.99000000,233.94000000,231.54000000,232.23000000,214715.44400000
1757642400000,232.24000000,233.86000000,232.15000000,232.70000000,138167.85500000
1757646000000,232.69000000,235.81000000,232.22000000,235.09000000,249612.60800000
1757649600000,235.08000000,238.20000000,234.22000000,237.42000000,466338.82100000
1757653200000,237.42000000,239.86000000,237.05000000,238.63000000,442493.32500000
1757656800000,238.64000000,238.64000000,237.28000000,238.15000000,229694.95100000
1757660400000,238.15000000,238.89000000,237.01000000,237.33000000,237992.56000000
1757664000000,237.33000000,238.35000000,236.72000000,237.73000000,115947.60800000
1757667600000,237.73000000,238.60000000,237.46000000,238.46000000,121568.11100000
1757671200000,238.45000000,239.29000000,237.55000000,239.06000000,107510.86000000
1757674800000,239.07000000,239.55000000,238.51000000,239.18000000,146323.82200000
1757678400000,239.18000000,240.44000000,237.56000000,239.34000000,271559.30000000
1757682000000,239.34000000,240.10000000,238.05000000,239.57000000,238381.45500000
1757685600000,239.57000000,241.84000000,239.00000000,240.26000000,397301.82100000
1757689200000,240.26000000,240.35000000,238.51000000,239.31000000,253528.50200000
1757692800000,239.32000000,239.40000000,237.94000000,238.82000000,151735.60300000
1757696400000,238.82000000,241.30000000,238.26000000,240.25000000,267578.04600000
1757700000000,240.25000000,241.48000000,239.87000000,240.73000000,195442.13600000
1757703600000,240.74000000,241.26000000,239.61000000,241.00000000,149155.59000000
1757707200000,241.00000000,241.24000000,239.00000000,239.72000000,205755.63500000
1757710800000,239.72000000,240.30000000,238.33000000,240.11000000,155068.62600000
1757714400000,240.12000000,244.04000000,240.11000000,241.16000000,354587.03100000
1757718000000,241.16000000,242.70000000,240.00000000,242.18000000,176014.22300000
1757721600000,242.18000000,243.75000000,241.63000000,243.16000000,215093.34900000
1757725200000,243.17000000,244.14000000,241.58000000,241.62000000,190812.37700000
1757728800000,241.62000000,242.88000000,240.68000000,242.51000000,157035.54400000
1757732400000,242.51000000,243.99000000,241.84000000,243.61000000,148467.23400000
1757736000000,243.62000000,243.67000000,242.52000000,242.97000000,110441.79900000
1757739600000,242.98000000,243.35000000,241.23000000,241.69000000,117913.92900000
1757743200000,241.68000000,242.80000000,241.68000000,242.69000000,116022.32500000
1757746800000,242.69000000,243.18000000,242.35000000,242.46000000,71133.98800000
1757750400000,242.45000000,243.50000000,242.01000000,243.49000000,122993.05700000
1757754000000,243.49000000,243.72000000,242.77000000,243.46000000,129603.56200000
1757757600000,243.46000000,243.46000000,242.22000000,242.64000000,114820.37100000
1757761200000,242.64000000,242.65000000,241.26000000,241.93000000,143997.94100000
1757764800000,241.93000000,242.55000000,241.31000000,242.44000000,81010.37100000
1757768400000,242.45000000,243.09000000,237.93000000,240.06000000,282043.31400000
1757772000000,240.06000000,241.08000000,238.59000000,240.35000000,227190.73000000
1757775600000,240.35000000,240.86000000,238.50000000,239.43000000,143665.87600000
1757779200000,239.43000000,239.69000000,237.33000000,237.52000000,193932.11000000
1757782800000,237.53000000,238.41000000,235.73000000,237.80000000,207326.91500000
1757786400000,237.80000000,238.86000000,237.15000000,238.42000000,59895.90200000
1757790000000,238.42000000,239.33000000,238.06000000,238.98000000,69818.72000000
1757793600000,238.98000000,240.39000000,238.84000000,240.23000000,80302.05600000
1757797200000,240.24000000,241.45000000,239.88000000,240.10000000,85400.73100000
1757800800000,240.11000000,242.04000000,239.99000000,241.89000000,80519.09800000
1757804400000,241.89000000,243.18000000,241.71000000,242.38000000,156219.96600000
1757808000000,242.38000000,244.09000000,242.20000000,243.50000000,209189.07800000
1757811600000,243.50000000,246.59000000,242.81000000,245.79000000,286740.15400000
1757815200000,245.79000000,249.20000000,245.75000000,248.68000000,324469.10500000
1757818800000,248.68000000,249.60000000,246.80000000,246.89000000,218669.43100000
1757822400000,246.89000000,248.01000000,244.50000000,246.24000000,230516.66900000
1757826000000,246.25000000,248.08000000,246.04000000,247.71000000,90714.65400000
1757829600000,247.72000000,248.40000000,246.24000000,247.05000000,115288.94600000
1757833200000,247.05000000,247.24000000,245.71000000,246.39000000,103888.72600000
1757836800000,246.40000000,247.10000000,245.88000000,246.42000000,81476.96100000
1757840400000,246.42000000,247.76000000,246.13000000,247.76000000,96427.71500000
1757844000000,247.75000000,248.09000000,246.98000000,247.67000000,87044.81400000
1757847600000,247.67000000,247.92000000,245.58000000,246.09000000,112381.10300000
1757851200000,246.10000000,246.77000000,244.69000000,245.26000000,137490.46200000
1757854800000,245.27000000,245.92000000,243.31000000,243.80000000,235521.47600000
1757858400000,243.79000000,245.10000000,241.53000000,243.24000000,305701.58000000
1757862000000,243.24000000,244.27000000,241.87000000,243.81000000,180948.79400000
1757865600000,243.81000000,245.84000000,243.43000000,245.16000000,165325.23500000
1757869200000,245.16000000,248.45000000,244.51000000,247.92000000,225369.82200000
1757872800000,247.93000000,247.96000000,244.66000000,244.66000000,148608.18500000
1757876400000,244.67000000,245.29000000,242.13000000,242.51000000,217930.49900000
1757880000000,242.50000000,243.47000000,240.99000000,242.45000000,149806.21800000
1757883600000,242.45000000,244.72000000,240.57000000,244.14000000,152751.32300000
1757887200000,244.15000000,244.29000000,240.79000000,242.99000000,144802.40900000
1757890800000,242.98000000,242.98000000,239.23000000,239.76000000,144107.76900000
1757894400000,239.75000000,242.16000000,239.66000000,240.68000000,118287.94400000
1757898000000,240.69000000,241.77000000,239.15000000,241.11000000,113666.16600000
1757901600000,241.12000000,242.76000000,240.34000000,242.10000000,105597.27700000
1757905200000,242.10000000,243.41000000,242.01000000,242.64000000,108069.17500000
1757908800000,242.65000000,243.51000000,242.04000000,242.83000000,118826.50500000
1757912400000,242.83000000,243.97000000,242.59000000,243.97000000,80820.93300000
1757916000000,243.96000000,244.00000000,239.59000000,240.31000000,189330.00100000
1757919600000,240.31000000,241.28000000,236.17000000,237.98000000,322162.56800000
1757923200000,237.98000000,238.11000000,231.77000000,232.07000000,654277.79200000
1757926800000,232.07000000,235.60000000,231.55000000,235.59000000,336817.75400000
1757930400000,235.58000000,236.84000000,234.02000000,236.18000000,217785.75500000
1757934000000,236.18000000,236.95000000,235.19000000,236.45000000,242871.99900000
1757937600000,236.46000000,238.16000000,234.42000000,234.80000000,240303.39300000
1757941200000,234.80000000,237.12000000,234.14000000,235.20000000,295999.74300000
1757944800000,235.20000000,235.64000000,232.72000000,233.44000000,240445.97500000
1757948400000,233.44000000,234.41000000,231.96000000,233.00000000,343275.55300000
1757952000000,233.00000000,233.66000000,230.74000000,231.39000000,199126.56900000
1757955600000,231.38000000,233.37000000,230.15000000,233.30000000,189798.70800000
1757959200000,233.29000000,233.60000000,232.22000000,233.24000000,90122.40300000
1757962800000,233.24000000,234.67000000,231.80000000,233.00000000,200216.86300000
1757966400000,232.99000000,234.47000000,232.78000000,234.34000000,61390.38100000
1757970000000,234.35000000,235.37000000,233.71000000,235.18000000,84407.53600000
1757973600000,235.18000000,235.34000000,233.70000000,233.94000000,105639.19500000
1757977200000,233.93000000,234.52000000,233.04000000,234.31000000,74349.43100000
1757980800000,234.32000000,234.70000000,232.87000000,233.80000000,80532.23600000
1757984400000,233.81000000,235.70000000,233.79000000,233.97000000,171537.19000000
1757988000000,233.97000000,235.05000000,233.83000000,233.87000000,54291.85000000
1757991600000,233.87000000,235.80000000,233.85000000,235.08000000,100170.78900000
1757995200000,235.09000000,235.25000000,232.97000000,234.49000000,100816.64600000
1757998800000,234.49000000,236.61000000,234.37000000,236.55000000,160538.77700000
1758002400000,236.56000000,237.03000000,234.75000000,235.87000000,105780.05900000
1758006000000,235.87000000,236.43000000,235.35000000,235.77000000,72581.27800000
1758009600000,235.77000000,236.93000000,235.12000000,236.10000000,134014.73500000
1758013200000,236.11000000,236.36000000,234.87000000,235.31000000,71537.40600000
1758016800000,235.30000000,236.00000000,234.77000000,235.25000000,60642.37500000
1758020400000,235.25000000,235.91000000,234.81000000,235.37000000,91653.40500000
1758024000000,235.36000000,235.89000000,234.45000000,235.26000000,65626.90900000
1758027600000,235.25000000,235.64000000,231.29000000,233.09000000,244605.41100000
1758031200000,233.08000000,234.35000000,231.26000000,234.14000000,179028.60900000
1758034800000,234.14000000,238.09000000,233.13000000,237.79000000,315413.91500000
1758038400000,237.79000000,239.27000000,236.24000000,238.25000000,382397.29100000
1758042000000,238.24000000,240.95000000,237.83000000,238.16000000,278302.79300000
1758045600000,238.15000000,239.08000000,236.85000000,237.64000000,103796.65300000
1758049200000,237.63000000,238.36000000,237.13000000,237.82000000,78588.72800000
1758052800000,237.82000000,238.40000000,237.32000000,238.29000000,48235.28900000
1758056400000,238.30000000,238.78000000,237.13000000,238.54000000,65294.65400000
1758060000000,238.54000000,239.03000000,237.20000000,237.92000000,100849.99200000
1758063600000,237.92000000,238.21000000,236.44000000,236.96000000,115390.07000000
1758067200000,236.96000000,237.05000000,235.48000000,236.23000000,144477.46200000
1758070800000,236.24000000,236.95000000,235.84000000,236.29000000,75063.56300000
1758074400000,236.30000000,237.85000000,235.84000000,236.33000000,77641.61900000
1758078000000,236.32000000,236.52000000,233.84000000,234.07000000,144903.31900000
1758081600000,234.07000000,234.72000000,233.44000000,233.73000000,85496.55700000
1758085200000,233.73000000,235.44000000,233.20000000,235.07000000,210180.40700000
1758088800000,235.07000000,236.71000000,234.78000000,236.09000000,138124.74600000
1758092400000,236.09000000,238.09000000,235.74000000,237.69000000,140614.71600000
1758096000000,237.69000000,237.73000000,235.06000000,235.87000000,123101.81100000
1758099600000,235.86000000,236.31000000,235.20000000,235.20000000,52587.28100000
1758103200000,235.20000000,236.38000000,233.66000000,234.16000000,183863.29400000
1758106800000,234.16000000,234.70000000,233.92000000,234.17000000,65753.92200000
1758110400000,234.18000000,235.29000000,233.96000000,234.78000000,78175.81700000
1758114000000,234.78000000,235.99000000,234.19000000,235.48000000,133951.17400000
1758117600000,235.48000000,235.93000000,233.56000000,233.96000000,105544.23400000
1758121200000,233.96000000,235.20000000,233.62000000,233.90000000,124788.39100000
1758124800000,233.90000000,234.74000000,232.27000000,234.07000000,241495.14600000
1758128400000,234.06000000,237.21000000,232.50000000,232.51000000,353717.68600000
1758132000000,232.65000000,238.42000000,232.23000000,233.67000000,792019.51800000
1758135600000,233.67000000,239.10000000,233.53000000,238.74000000,379969.05700000
1758139200000,238.74000000,241.24000000,237.61000000,238.01000000,265988.49700000
1758142800000,238.00000000,240.68000000,236.01000000,240.26000000,190692.87800000
1758146400000,240.26000000,245.72000000,240.26000000,244.89000000,386222.36500000
1758150000000,244.89000000,246.62000000,243.79000000,244.84000000,277156.03300000
1758153600000,244.84000000,246.09000000,244.16000000,244.73000000,185356.46800000
1758157200000,244.72000000,247.50000000,244.49000000,246.30000000,191441.93100000
1758160800000,246.31000000,246.60000000,245.07000000,246.42000000,118603.95400000
1758164400000,246.41000000,247.99000000,246.11000000,246.72000000,221496.59200000
1758168000000,246.71000000,246.97000000,245.58000000,246.27000000,118488.23800000
1758171600000,246.26000000,246.36000000,244.33000000,244.93000000,90284.97400000
1758175200000,244.93000000,245.06000000,242.58000000,244.28000000,198972.70400000
1758178800000,244.27000000,245.31000000,244.27000000,244.75000000,94046.11900000
1758182400000,244.75000000,247.17000000,244.34000000,247.03000000,159057.22600000
1758186000000,247.02000000,247.13000000,246.13000000,247.09000000,90890.21500000
1758189600000,247.09000000,247.11000000,245.31000000,246.05000000,96397.95500000
1758193200000,246.06000000,247.04000000,245.64000000,245.97000000,121154.58200000
1758196800000,245.96000000,246.90000000,245.84000000,246.04000000,82964.50000000
1758200400000,246.04000000,248.39000000,245.01000000,246.15000000,284454.09700000
1758204000000,246.15000000,248.15000000,246.10000000,247.73000000,193059.42100000
1758207600000,247.74000000,248.99000000,247.29000000,248.24000000,195094.76000000
1758211200000,248.25000000,250.22000000,247.65000000,249.83000000,271110.58300000
1758214800000,249.82000000,253.51000000,249.24000000,251.38000000,492751.88100000
1758218400000,251.38000000,251.45000000,249.83000000,250.43000000,142375.65700000
1758222000000,250.43000000,250.49000000,247.33000000,248.36000000,175694.30900000
1758225600000,248.36000000,249.22000000,247.84000000,248.33000000,103153.26300000
1758229200000,248.33000000,248.65000000,247.44000000,247.61000000,61168.06900000
1758232800000,247.62000000,248.16000000,246.90000000,247.09000000,92025.35300000
1758236400000,247.09000000,247.73000000,245.88000000,247.50000000,136848.05700000
1758240000000,247.50000000,248.33000000,247.16000000,248.18000000,107994.89900000
1758243600000,248.19000000,248.57000000,246.80000000,247.47000000,108139.77000000
1758247200000,247.47000000,248.03000000,246.42000000,246.71000000,66461.42500000
1758250800000,246.71000000,247.74000000,244.66000000,245.00000000,203859.68400000
1758254400000,245.00000000,245.39000000,242.83000000,245.02000000,243971.45800000
1758258000000,245.02000000,245.73000000,244.29000000,245.67000000,114552.15400000
1758261600000,245.67000000,245.68000000,243.51000000,243.63000000,97688.18000000
1758265200000,243.63000000,244.88000000,243.16000000,243.82000000,134987.63800000
1758268800000,243.81000000,244.83000000,243.46000000,243.80000000,95274.93500000
1758272400000,243.80000000,244.31000000,242.14000000,242.87000000,107128.01100000
1758276000000,242.87000000,243.00000000,241.76000000,242.32000000,110164.77800000
1758279600000,242.32000000,242.42000000,240.00000000,240.91000000,208917.04300000
1758283200000,240.92000000,242.07000000,240.44000000,240.84000000,116438.88400000
1758286800000,240.83000000,242.31000000,240.66000000,242.11000000,114969.54900000
1758290400000,242.11000000,242.71000000,239.54000000,239.60000000,179463.28800000
1758294000000,239.59000000,239.60000000,235.81000000,237.54000000,553657.79900000
1758297600000,237.54000000,238.87000000,237.21000000,238.62000000,118394.73800000
1758301200000,238.62000000,238.69000000,236.45000000,236.65000000,143535.03200000
1758304800000,236.64000000,237.08000000,235.12000000,236.98000000,140774.46500000
1758308400000,236.97000000,237.94000000,235.91000000,235.98000000,150054.00800000
1758312000000,235.98000000,237.75000000,235.98000000,237.00000000,84305.72300000
1758315600000,237.00000000,238.40000000,236.41000000,238.39000000,78545.86400000
1758319200000,238.40000000,238.85000000,238.32000000,238.53000000,43737.94000000
1758322800000,238.52000000,238.56000000,236.78000000,238.53000000,61968.43300000
1758326400000,238.53000000,239.70000000,238.26000000,239.67000000,99701.50300000
1758330000000,239.67000000,239.96000000,238.40000000,238.40000000,83540.89400000
1758333600000,238.40000000,238.52000000,237.36000000,238.37000000,57275.08100000
1758337200000,238.37000000,238.40000000,237.74000000,238.09000000,51760.01100000
1758340800000,238.09000000,238.87000000,237.73000000,238.70000000,43247.23300000
1758344400000,238.69000000,239.49000000,238.46000000,239.42000000,51894.20200000
1758348000000,239.41000000,239.44000000,238.72000000,239.15000000,41920.17300000
1758351600000,239.14000000,239.78000000,238.98000000,239.78000000,51353.00700000
1758355200000,239.77000000,239.78000000,237.50000000,237.62000000,60100.12300000
1758358800000,237.62000000,238.10000000,237.19000000,237.24000000,45828.90000000
1758362400000,237.24000000,237.83000000,236.91000000,237.32000000,42801.69200000
1758366000000,237.33000000,238.45000000,237.33000000,238.14000000,50219.79400000
1758369600000,238.14000000,238.21000000,237.27000000,237.67000000,70358.17900000
1758373200000,237.66000000,238.09000000,237.37000000,237.44000000,37713.15300000
1758376800000,237.44000000,238.99000000,237.05000000,238.77000000,71881.14300000
1758380400000,238.77000000,241.22000000,238.77000000,240.10000000,290685.70500000
1758384000000,240.11000000,241.10000000,239.23000000,240.39000000,97427.67500000
1758387600000,240.40000000,240.56000000,238.92000000,239.14000000,43884.95000000
1758391200000,239.13000000,239.13000000,238.23000000,238.41000000,43433.35600000
1758394800000,238.41000000,239.05000000,237.97000000,238.64000000,45639.52300000
1758398400000,238.64000000,240.04000000,238.44000000,239.73000000,71631.91500000
1758402000000,239.73000000,240.31000000,239.48000000,239.80000000,42780.36000000
1758405600000,239.79000000,240.21000000,239.35000000,240.11000000,28346.89800000
1758409200000,240.11000000,240.21000000,239.01000000,239.48000000,27063.74500000
1758412800000,239.48000000,240.69000000,238.96000000,240.68000000,49281.37600000
1758416400000,240.68000000,240.77000000,239.90000000,240.12000000,49194.94400000
1758420000000,240.12000000,241.12000000,239.89000000,241.12000000,96774.29400000
1758423600000,241.12000000,241.79000000,240.48000000,241.78000000,61561.23100000
1758427200000,241.78000000,241.82000000,240.36000000,240.51000000,61969.43700000
1758430800000,240.51000000,240.80000000,240.16000000,240.39000000,35249.79800000
1758434400000,240.40000000,241.07000000,240.14000000,240.31000000,61873.21800000
1758438000000,240.31000000,240.31000000,239.45000000,239.87000000,53198.03300000
1758441600000,239.87000000,240.09000000,238.53000000,238.84000000,41826.90700000
1758445200000,238.84000000,239.02000000,237.10000000,238.48000000,103050.02500000
1758448800000,238.48000000,239.21000000,238.04000000,238.38000000,36409.50000000
1758452400000,238.38000000,239.06000000,238.20000000,238.64000000,35189.19300000
1758456000000,238.64000000,240.05000000,238.54000000,239.50000000,49669.66400000
1758459600000,239.49000000,240.28000000,239.18000000,239.52000000,40970.41600000
1758463200000,239.51000000,239.91000000,238.45000000,238.58000000,47286.46600000
1758466800000,238.57000000,238.74000000,237.70000000,237.91000000,59040.12600000
1758470400000,237.91000000,238.41000000,236.08000000,237.04000000,128427.26100000
1758474000000,237.04000000,237.85000000,236.27000000,237.82000000,50438.58500000
1758477600000,237.83000000,238.13000000,237.20000000,238.12000000,36418.19300000
1758481200000,238.12000000,238.17000000,237.15000000,237.99000000,34686.60800000
1758484800000,237.99000000,238.03000000,237.24000000,237.64000000,31063.31700000
1758488400000,237.64000000,237.76000000,236.70000000,237.28000000,43730.73600000
1758492000000,237.28000000,238.11000000,235.32000000,237.92000000,116564.00800000
1758495600000,237.93000000,237.93000000,235.96000000,236.16000000,68564.64000000
1758499200000,236.16000000,236.96000000,231.17000000,232.27000000,401323.62200000
1758502800000,232.27000000,234.75000000,232.00000000,233.19000000,234574.37700000
1758506400000,233.18000000,233.97000000,230.50000000,231.69000000,306302.93300000
1758510000000,231.70000000,233.05000000,231.65000000,232.81000000,103076.59500000
1758513600000,232.81000000,233.16000000,231.56000000,231.74000000,80542.63700000
1758517200000,231.73000000,231.94000000,224.78000000,224.99000000,322085.95300000
1758520800000,224.98000000,225.33000000,214.50000000,224.44000000,1203824.64200000
1758524400000,224.44000000,224.49000000,221.82000000,221.88000000,314137.32100000
1758528000000,221.88000000,222.78000000,220.96000000,221.50000000,179968.22700000
1758531600000,221.50000000,221.66000000,219.32000000,220.48000000,319957.41600000
1758535200000,220.48000000,222.67000000,219.93000000,222.41000000,184705.87100000
1758538800000,222.40000000,222.78000000,221.09000000,221.49000000,143606.31200000
1758542400000,221.49000000,222.97000000,220.61000000,222.90000000,125109.42500000
1758546000000,222.90000000,224.03000000,221.36000000,223.74000000,211377.21100000
1758549600000,223.73000000,224.00000000,220.95000000,221.38000000,195876.73400000
1758553200000,221.38000000,221.77000000,219.91000000,220.73000000,239853.37100000
1758556800000,220.73000000,221.53000000,219.17000000,219.71000000,257179.10000000
1758560400000,219.71000000,221.40000000,217.80000000,221.08000000,318156.63600000
1758564000000,221.08000000,221.20000000,219.45000000,219.45000000,74096.31400000
1758567600000,219.45000000,219.59000000,216.56000000,217.10000000,259774.11000000
1758571200000,217.10000000,219.75000000,216.45000000,219.44000000,134566.03000000
1758574800000,219.45000000,221.10000000,218.97000000,220.89000000,110410.87500000
1758578400000,220.89000000,220.89000000,219.70000000,219.83000000,66260.47300000
1758582000000,219.82000000,220.58000000,219.72000000,220.38000000,49827.51800000
1758585600000,220.39000000,221.41000000,219.42000000,219.70000000,121353.78100000
1758589200000,219.69000000,219.91000000,216.54000000,216.60000000,139868.12000000
1758592800000,216.60000000,217.86000000,213.22000000,214.10000000,264817.45000000
1758596400000,214.10000000,217.82000000,212.34000000,216.94000000,383186.16600000
1758600000000,216.94000000,217.42000000,214.02000000,215.78000000,176270.59500000
1758603600000,215.77000000,217.81000000,214.68000000,216.96000000,140092.98400000
1758607200000,216.96000000,220.26000000,216.95000000,219.23000000,187615.35100000
1758610800000,219.22000000,219.47000000,218.63000000,219.00000000,102301.42700000
1758614400000,219.00000000,220.35000000,218.45000000,220.07000000,112002.42800000
1758618000000,220.06000000,220.86000000,218.24000000,218.67000000,130864.03000000
1758621600000,218.67000000,219.26000000,218.23000000,219.08000000,61362.78500000
1758625200000,219.08000000,219.63000000,217.87000000,219.34000000,72236.48600000
1758628800000,219.33000000,220.65000000,218.74000000,219.89000000,100210.36900000
1758632400000,219.88000000,220.18000000,218.56000000,219.04000000,99419.77700000
1758636000000,219.05000000,220.65000000,217.61000000,217.70000000,168491.01100000
1758639600000,217.70000000,219.93000000,216.97000000,219.28000000,126988.00400000
1758643200000,219.27000000,221.71000000,217.85000000,220.43000000,172956.41900000
1758646800000,220.42000000,220.61000000,215.91000000,216.73000000,153049.95000000
1758650400000,216.74000000,217.21000000,215.12000000,215.76000000,185813.86600000
1758654000000,215.75000000,217.16000000,214.35000000,214.52000000,155240.55100000
1758657600000,214.51000000,215.32000000,212.96000000,215.27000000,161605.45000000
1758661200000,215.27000000,216.68000000,214.47000000,215.84000000,78964.50600000
1758664800000,215.83000000,216.45000000,214.76000000,215.29000000,74451.35500000
1758668400000,215.29000000,215.96000000,213.22000000,213.30000000,79745.60700000
1758672000000,213.29000000,215.61000000,213.29000000,213.45000000,94230.73200000
1758675600000,213.45000000,216.42000000,212.82000000,216.20000000,95738.06900000
1758679200000,216.21000000,216.45000000,213.27000000,214.29000000,240434.56700000
1758682800000,214.28000000,214.68000000,207.41000000,208.51000000,766027.40000000
1758686400000,208.50000000,209.19000000,204.81000000,208.04000000,809069.20800000
1758690000000,208.04000000,210.55000000,207.82000000,209.74000000,222807.02000000
1758693600000,209.73000000,211.43000000,208.62000000,210.96000000,265721.08200000
1758697200000,210.97000000,211.02000000,209.53000000,210.63000000,167997.28900000
1758700800000,210.63000000,211.20000000,210.02000000,210.88000000,98355.87600000
1758704400000,210.89000000,211.18000000,209.83000000,210.98000000,97671.35400000
1758708000000,210.98000000,211.47000000,210.12000000,210.90000000,95531.63600000
1758711600000,210.90000000,212.60000000,210.73000000,212.35000000,132891.77400000
1758715200000,212.36000000,213.40000000,211.79000000,211.95000000,102619.30400000
1758718800000,211.96000000,213.14000000,211.43000000,211.62000000,106100.36800000
1758722400000,211.61000000,216.24000000,211.41000000,215.61000000,215715.12700000
1758726000000,215.62000000,216.05000000,213.28000000,213.61000000,281691.16800000
1758729600000,213.60000000,214.45000000,213.21000000,213.87000000,96773.67500000
1758733200000,213.88000000,215.51000000,213.50000000,215.17000000,87022.13000000
1758736800000,215.17000000,215.20000000,213.35000000,213.92000000,68873.24900000
1758740400000,213.93000000,214.21000000,212.41000000,213.18000000,86564.42500000
1758744000000,213.18000000,213.24000000,210.90000000,212.11000000,102918.76500000
1758747600000,212.11000000,212.61000000,210.72000000,211.28000000,51797.40300000
1758751200000,211.28000000,212.32000000,210.94000000,211.74000000,74456.68600000
1758754800000,211.75000000,212.24000000,211.30000000,211.60000000,66449.21900000
1758758400000,211.61000000,212.44000000,210.26000000,210.73000000,114955.84100000
1758762000000,210.72000000,211.22000000,207.73000000,208.22000000,227130.19200000
1758765600000,208.23000000,211.97000000,206.82000000,210.06000000,243744.67700000
1758769200000,210.06000000,210.13000000,206.02000000,207.30000000,263095.02100000
1758772800000,207.30000000,207.63000000,202.76000000,204.36000000,522146.94900000
1758776400000,204.35000000,205.91000000,203.25000000,205.45000000,175308.31500000
1758780000000,205.44000000,205.73000000,203.33000000,203.64000000,153860.09300000
1758783600000,203.63000000,205.24000000,203.30000000,204.19000000,116087.16800000
1758787200000,204.19000000,205.77000000,203.62000000,204.32000000,119063.79300000
1758790800000,204.32000000,205.91000000,201.76000000,202.25000000,270332.15500000
1758794400000,202.26000000,203.69000000,201.93000000,202.00000000,126048.53600000
1758798000000,202.00000000,202.53000000,200.69000000,201.35000000,213729.49300000
1758801600000,201.34000000,202.57000000,197.03000000,198.59000000,566506.39900000
1758805200000,198.59000000,201.62000000,197.57000000,200.79000000,407753.03800000
1758808800000,200.79000000,204.06000000,200.79000000,202.65000000,216480.13200000
1758812400000,202.65000000,203.27000000,200.37000000,201.15000000,167440.32800000
1758816000000,201.14000000,201.95000000,198.38000000,198.72000000,214089.44300000
1758819600000,198.71000000,198.93000000,193.60000000,194.84000000,804032.24000000
1758823200000,194.84000000,199.60000000,194.43000000,199.45000000,457481.21800000
1758826800000,199.46000000,200.89000000,197.34000000,198.09000000,348931.47700000
1758830400000,198.09000000,198.70000000,195.21000000,196.22000000,213346.41200000
1758834000000,196.22000000,197.38000000,194.75000000,196.35000000,192241.16300000
1758837600000,196.35000000,197.58000000,193.90000000,194.64000000,211732.71400000
1758841200000,194.64000000,196.07000000,191.32000000,192.74000000,415720.49400000
1758844800000,192.73000000,195.97000000,192.53000000,195.71000000,239868.36900000
1758848400000,195.71000000,197.18000000,195.18000000,195.90000000,220249.17000000
1758852000000,195.89000000,197.55000000,195.44000000,196.46000000,193798.23700000
1758855600000,196.46000000,197.37000000,195.15000000,196.47000000,139919.97400000
1758859200000,196.47000000,197.42000000,195.10000000,195.76000000,109441.84300000
1758862800000,195.76000000,197.29000000,194.43000000,195.08000000,155449.72900000
1758866400000,195.09000000,196.99000000,193.75000000,195.20000000,223436.77700000
1758870000000,195.20000000,196.85000000,194.05000000,196.31000000,238085.24800000
1758873600000,196.31000000,196.98000000,195.76000000,196.15000000,128448.97200000
1758877200000,196.15000000,196.56000000,193.74000000,194.63000000,143270.54300000
1758880800000,194.63000000,194.70000000,191.78000000,192.11000000,224370.67900000
1758884400000,192.11000000,194.00000000,190.80000000,193.47000000,290744.08000000
1758888000000,193.46000000,198.31000000,192.15000000,196.67000000,555928.31600000
1758891600000,196.67000000,197.37000000,194.44000000,197.16000000,331884.46200000
1758895200000,197.16000000,197.36000000,193.28000000,194.42000000,474356.01200000
1758898800000,194.42000000,196.83000000,194.21000000,196.02000000,215426.01700000
1758902400000,196.02000000,199.80000000,195.81000000,199.60000000,344739.98200000
1758906000000,199.59000000,202.03000000,199.19000000,201.40000000,332637.93800000
1758909600000,201.40000000,202.66000000,200.87000000,201.83000000,229535.99900000
1758913200000,201.83000000,201.97000000,198.92000000,200.68000000,285531.00600000
1758916800000,200.68000000,200.94000000,199.56000000,199.96000000,100451.02500000
1758920400000,199.96000000,202.68000000,199.74000000,202.32000000,132217.88500000
1758924000000,202.32000000,203.97000000,201.86000000,203.57000000,171140.69500000
1758927600000,203.57000000,205.52000000,202.83000000,205.17000000,142269.91600000
1758931200000,205.16000000,205.35000000,204.04000000,205.19000000,138224.30700000
1758934800000,205.18000000,205.43000000,203.57000000,204.35000000,140934.13600000
1758938400000,204.35000000,204.77000000,203.62000000,203.70000000,73226.49500000
1758942000000,203.71000000,205.09000000,203.58000000,203.88000000,115933.09200000
1758945600000,203.88000000,204.12000000,203.16000000,203.66000000,134942.03600000
1758949200000,203.65000000,203.65000000,202.23000000,202.48000000,100852.28600000
1758952800000,202.47000000,202.65000000,201.76000000,202.64000000,55973.47900000
1758956400000,202.65000000,203.11000000,201.52000000,202.05000000,85841.55200000
1758960000000,202.05000000,202.21000000,200.86000000,200.93000000,87880.57000000
1758963600000,200.93000000,201.57000000,199.88000000,201.18000000,140385.91100000
1758967200000,201.17000000,202.07000000,200.49000000,201.63000000,84233.00200000
1758970800000,201.63000000,202.03000000,201.28000000,201.71000000,42949.27300000
1758974400000,201.71000000,203.07000000,200.97000000,202.45000000,97368.91300000
1758978000000,202.45000000,203.39000000,202.17000000,202.90000000,77051.38800000
1758981600000,202.89000000,203.77000000,202.33000000,202.69000000,70845.19400000
1758985200000,202.68000000,203.69000000,201.80000000,203.52000000,76367.47000000
1758988800000,203.52000000,203.61000000,202.72000000,202.93000000,77843.32300000
1758992400000,202.92000000,202.95000000,200.89000000,201.87000000,124346.32800000
1758996000000,201.86000000,202.17000000,200.85000000,201.64000000,142090.51600000
1758999600000,201.65000000,202.33000000,201.28000000,202.19000000,28730.40600000
1759003200000,202.19000000,202.89000000,201.89000000,202.63000000,24979.41500000
1759006800000,202.62000000,204.05000000,202.26000000,203.80000000,43804.08100000
1759010400000,203.81000000,204.89000000,203.40000000,203.89000000,76512.47700000
1759014000000,203.89000000,204.30000000,203.24000000,203.46000000,63617.76500000
1759017600000,203.47000000,204.07000000,202.54000000,202.95000000,127978.52700000
1759021200000,202.96000000,203.19000000,201.00000000,201.13000000,99846.08300000
1759024800000,201.13000000,202.06000000,201.00000000,201.48000000,59819.85500000
1759028400000,201.48000000,201.97000000,200.74000000,201.40000000,53648.37100000
1759032000000,201.40000000,201.99000000,201.20000000,201.90000000,42919.92200000
1759035600000,201.90000000,202.45000000,201.17000000,201.28000000,52535.40500000
1759039200000,201.29000000,201.80000000,200.38000000,201.72000000,55553.57800000
1759042800000,201.73000000,202.30000000,201.16000000,202.10000000,31671.22800000
1759046400000,202.10000000,202.70000000,201.41000000,201.81000000,57045.48800000
1759050000000,201.82000000,202.02000000,200.64000000,200.70000000,73558.19100000
1759053600000,200.69000000,201.05000000,200.21000000,200.83000000,59426.30600000
1759057200000,200.82000000,200.88000000,199.23000000,199.86000000,90311.16700000
1759060800000,199.86000000,199.98000000,198.00000000,198.43000000,120878.62200000
1759064400000,198.43000000,201.40000000,198.30000000,201.17000000,86676.25200000
1759068000000,201.18000000,202.03000000,200.44000000,201.89000000,84858.94600000
1759071600000,201.89000000,203.55000000,201.84000000,203.42000000,153083.09000000
1759075200000,203.43000000,204.75000000,203.26000000,204.05000000,108755.72200000
1759078800000,204.05000000,205.84000000,203.97000000,205.05000000,192859.83900000
1759082400000,205.05000000,206.37000000,204.80000000,206.12000000,82964.73300000
1759086000000,206.13000000,206.67000000,205.41000000,206.18000000,47906.39700000
1759089600000,206.18000000,207.79000000,206.02000000,206.82000000,85735.06700000
1759093200000,206.82000000,207.30000000,206.54000000,207.22000000,56377.16300000
1759096800000,207.23000000,209.98000000,207.23000000,209.54000000,210189.86100000
1759100400000,209.55000000,211.00000000,209.55000000,210.83000000,159660.26100000
1759104000000,210.83000000,210.89000000,209.00000000,209.19000000,144697.18500000
1759107600000,209.19000000,209.95000000,208.74000000,209.40000000,87829.91600000
1759111200000,209.41000000,210.84000000,208.94000000,209.69000000,175320.46800000
1759114800000,209.70000000,210.37000000,209.12000000,210.28000000,72660.36100000
1759118400000,210.27000000,210.64000000,209.83000000,210.06000000,103750.76800000
1759122000000,210.05000000,210.19000000,208.77000000,209.12000000,87217.46300000
1759125600000,209.12000000,209.20000000,207.83000000,208.14000000,98786.84700000
1759129200000,208.14000000,209.36000000,207.37000000,208.95000000,92723.48300000
1759132800000,208.94000000,209.69000000,208.26000000,208.91000000,63471.13600000
1759136400000,208.90000000,209.12000000,207.87000000,208.20000000,55898.19000000
1759140000000,208.21000000,208.32000000,206.48000000,206.60000000,82155.53600000
1759143600000,206.60000000,207.45000000,206.02000000,207.07000000,99172.37400000
1759147200000,207.07000000,208.04000000,205.22000000,205.37000000,134452.56700000
1759150800000,205.37000000,209.49000000,204.58000000,208.86000000,275038.69200000
1759154400000,208.87000000,212.82000000,208.69000000,212.35000000,402124.09200000
1759158000000,212.34000000,213.50000000,209.69000000,210.07000000,313169.55800000
1759161600000,210.07000000,211.57000000,208.36000000,208.72000000,166062.19400000
1759165200000,208.72000000,210.32000000,207.67000000,210.19000000,150099.77600000
1759168800000,210.18000000,210.76000000,209.13000000,210.76000000,104928.10600000
1759172400000,210.77000000,213.50000000,210.45000000,212.93000000,144879.75800000
1759176000000,212.93000000,214.55000000,212.51000000,214.42000000,140563.46500000
1759179600000,214.41000000,214.74000000,213.69000000,214.16000000,65924.58500000
1759183200000,214.16000000,214.30000000,213.06000000,213.58000000,70598.10100000
1759186800000,213.59000000,213.96000000,212.43000000,212.75000000,81574.23000000
1759190400000,212.74000000,213.67000000,211.22000000,211.34000000,153812.49300000
1759194000000,211.33000000,212.97000000,209.83000000,210.58000000,160432.09400000
1759197600000,210.57000000,211.24000000,210.00000000,210.53000000,111637.93100000
1759201200000,210.53000000,211.46000000,210.12000000,210.71000000,76377.25600000
1759204800000,210.71000000,211.72000000,210.20000000,210.22000000,69843.98100000
1759208400000,210.22000000,210.75000000,208.96000000,210.00000000,109049.29100000
1759212000000,210.00000000,210.90000000,209.48000000,210.31000000,62904.09400000
1759215600000,210.32000000,210.82000000,208.55000000,209.00000000,91242.13900000
1759219200000,208.99000000,209.00000000,207.71000000,207.77000000,120003.22400000
1759222800000,207.77000000,207.94000000,205.56000000,205.89000000,159356.12200000
1759226400000,205.89000000,207.01000000,205.53000000,206.58000000,109493.65500000
1759230000000,206.58000000,207.42000000,205.92000000,207.08000000,119192.92500000
1759233600000,207.07000000,207.48000000,206.00000000,206.19000000,65395.44700000
1759237200000,206.18000000,209.64000000,205.69000000,207.71000000,198520.04800000
1759240800000,207.71000000,208.89000000,206.08000000,208.79000000,128671.75000000
1759244400000,208.80000000,208.82000000,204.65000000,206.00000000,259357.35600000
1759248000000,205.99000000,206.31000000,204.29000000,205.12000000,243794.42200000
1759251600000,205.12000000,206.29000000,204.71000000,205.64000000,184273.70300000
1759255200000,205.64000000,207.87000000,205.33000000,207.57000000,125306.79000000
1759258800000,207.56000000,209.21000000,207.13000000,208.92000000,215817.27700000
1759262400000,208.92000000,210.22000000,208.17000000,209.86000000,106560.57700000
1759266000000,209.87000000,210.98000000,209.22000000,209.60000000,183439.05400000
1759269600000,209.61000000,210.93000000,207.81000000,208.06000000,123015.51700000
1759273200000,208.06000000,208.88000000,207.42000000,208.68000000,87284.33900000
1759276800000,208.68000000,209.42000000,206.43000000,207.54000000,119782.28400000
1759280400000,207.53000000,210.73000000,207.13000000,210.59000000,167268.63000000
1759284000000,210.58000000,210.90000000,209.15000000,209.19000000,136633.54400000
1759287600000,209.19000000,209.59000000,206.60000000,206.69000000,181771.21700000
1759291200000,206.68000000,209.50000000,206.31000000,208.50000000,140154.32800000
1759294800000,208.50000000,210.00000000,208.47000000,208.97000000,105991.13500000
1759298400000,208.98000000,209.51000000,207.80000000,207.98000000,82867.25200000
1759302000000,207.98000000,210.34000000,207.87000000,210.18000000,79588.25300000
1759305600000,210.18000000,217.42000000,209.86000000,216.57000000,582661.57600000
1759309200000,216.57000000,217.95000000,215.80000000,217.58000000,326323.43100000
1759312800000,217.57000000,217.74000000,215.99000000,216.59000000,172530.60600000
1759316400000,216.60000000,217.88000000,216.58000000,217.75000000,104065.44600000
1759320000000,217.75000000,219.38000000,217.16000000,218.50000000,246140.46500000
1759323600000,218.51000000,219.96000000,218.33000000,219.36000000,219506.81500000
1759327200000,219.36000000,220.66000000,218.87000000,219.52000000,233379.47900000
1759330800000,219.52000000,220.28000000,218.75000000,220.25000000,190102.34300000
1759334400000,220.24000000,221.00000000,218.87000000,219.09000000,184691.17700000
1759338000000,219.09000000,219.75000000,217.34000000,217.39000000,177737.70800000
1759341600000,217.40000000,219.66000000,217.39000000,219.13000000,96079.96300000
1759345200000,219.13000000,220.45000000,219.02000000,220.05000000,101253.22300000
1759348800000,220.05000000,220.27000000,219.23000000,219.48000000,82454.02100000
1759352400000,219.48000000,219.48000000,218.41000000,219.03000000,95116.19600000
1759356000000,219.04000000,219.97000000,219.03000000,219.58000000,57801.65800000
1759359600000,219.57000000,222.77000000,219.42000000,222.04000000,166360.17100000
1759363200000,222.04000000,222.46000000,219.71000000,219.81000000,220259.36800000
1759366800000,219.81000000,223.07000000,219.52000000,222.83000000,166172.26900000
1759370400000,222.83000000,224.09000000,221.41000000,223.28000000,185800.45600000
1759374000000,223.28000000,225.06000000,222.86000000,223.80000000,194325.23100000
1759377600000,223.81000000,225.01000000,222.70000000,223.82000000,153087.83700000
1759381200000,223.83000000,226.74000000,223.83000000,224.13000000,190078.10300000
1759384800000,224.13000000,225.78000000,223.55000000,224.94000000,172833.43900000
1759388400000,224.93000000,225.28000000,222.43000000,222.90000000,142530.52500000
1759392000000,222.91000000,224.75000000,222.69000000,224.72000000,108757.83600000
1759395600000,224.73000000,225.72000000,224.00000000,225.13000000,114046.86400000
1759399200000,225.13000000,225.72000000,224.81000000,225.11000000,79361.38800000
1759402800000,225.11000000,226.70000000,224.76000000,225.27000000,167563.38400000
1759406400000,225.28000000,227.44000000,225.00000000,227.26000000,211665.77900000
1759410000000,227.27000000,227.44000000,224.64000000,226.52000000,284859.49700000
1759413600000,226.52000000,226.72000000,223.11000000,223.61000000,202080.22000000
1759417200000,223.61000000,227.33000000,222.61000000,227.18000000,272442.19800000
1759420800000,227.19000000,229.29000000,226.24000000,228.00000000,317847.73400000
1759424400000,227.99000000,230.34000000,227.41000000,229.82000000,239943.75500000
1759428000000,229.83000000,233.19000000,229.76000000,232.34000000,378604.74500000
1759431600000,232.34000000,233.79000000,231.57000000,232.30000000,219903.45200000
1759435200000,232.29000000,232.63000000,230.81000000,232.63000000,145438.65300000
1759438800000,232.62000000,234.00000000,232.44000000,232.57000000,124299.71600000
1759442400000,232.57000000,233.88000000,232.12000000,233.13000000,134040.84200000
1759446000000,233.12000000,234.99000000,232.95000000,234.74000000,164753.09700000
1759449600000,234.74000000,234.79000000,231.79000000,231.87000000,128820.89100000
1759453200000,231.88000000,232.73000000,230.56000000,230.95000000,146398.59200000
1759456800000,230.95000000,233.40000000,230.79000000,233.29000000,99716.62500000
1759460400000,233.29000000,234.84000000,232.03000000,232.26000000,122614.23500000
1759464000000,232.26000000,233.23000000,231.36000000,232.08000000,87265.70100000
1759467600000,232.08000000,232.19000000,230.31000000,231.21000000,92228.95900000
1759471200000,231.21000000,231.56000000,227.68000000,229.35000000,154081.19700000
1759474800000,229.35000000,229.72000000,228.55000000,229.41000000,178988.01100000
1759478400000,229.42000000,231.25000000,227.76000000,231.07000000,202625.86300000
1759482000000,231.06000000,231.79000000,230.37000000,230.92000000,201646.87800000
1759485600000,230.92000000,231.68000000,230.38000000,231.29000000,73483.99500000
1759489200000,231.29000000,231.36000000,229.57000000,230.78000000,106403.88800000
1759492800000,230.79000000,231.25000000,229.70000000,230.03000000,113996.42000000
1759496400000,230.02000000,231.00000000,228.43000000,229.72000000,255045.23600000
1759500000000,229.71000000,231.00000000,227.13000000,230.49000000,267684.86700000
1759503600000,230.49000000,234.98000000,229.51000000,234.79000000,271017.20100000
1759507200000,234.79000000,237.00000000,233.73000000,233.91000000,505140.20600000
1759510800000,233.91000000,234.05000000,228.33000000,230.13000000,592719.32400000
1759514400000,230.14000000,233.65000000,229.10000000,233.64000000,165547.74400000
1759518000000,233.63000000,235.50000000,232.80000000,233.17000000,144869.82700000
1759521600000,233.18000000,233.43000000,230.72000000,233.00000000,126558.16700000
1759525200000,233.01000000,233.41000000,231.92000000,232.63000000,46777.02100000
1759528800000,232.63000000,233.99000000,232.63000000,233.19000000,70268.83000000
1759532400000,233.20000000,233.49000000,232.42000000,232.84000000,62711.93600000
1759536000000,232.84000000,234.05000000,231.53000000,231.97000000,111033.99700000
1759539600000,231.97000000,232.09000000,229.57000000,230.31000000,121973.31400000
1759543200000,230.32000000,231.06000000,228.35000000,229.84000000,114179.84900000
1759546800000,229.83000000,230.04000000,227.93000000,229.25000000,110039.75400000
1759550400000,229.24000000,229.92000000,229.00000000,229.57000000,45168.00700000
1759554000000,229.58000000,230.30000000,229.17000000,229.99000000,51793.60600000
1759557600000,229.99000000,230.53000000,229.61000000,229.83000000,44583.82100000
1759561200000,229.84000000,229.90000000,228.73000000,229.11000000,43948.42300000
1759564800000,229.10000000,229.46000000,228.21000000,228.88000000,69322.17700000
1759568400000,228.87000000,229.47000000,228.29000000,228.48000000,48919.47000000
1759572000000,228.47000000,229.92000000,228.32000000,229.18000000,67991.68300000
1759575600000,229.18000000,229.59000000,228.67000000,229.19000000,48087.28600000
1759579200000,229.19000000,229.45000000,227.96000000,228.14000000,53620.66500000
1759582800000,228.13000000,229.84000000,227.93000000,228.80000000,62139.83600000
1759586400000,228.80000000,229.47000000,226.66000000,226.82000000,94248.42000000
1759590000000,226.81000000,227.50000000,224.31000000,224.88000000,267339.94200000
1759593600000,224.87000000,225.69000000,224.07000000,225.65000000,164268.73800000
1759597200000,225.65000000,227.02000000,225.44000000,226.55000000,109171.20600000
1759600800000,226.55000000,226.98000000,225.81000000,226.06000000,45995.58300000
1759604400000,226.06000000,226.91000000,225.98000000,226.91000000,27311.66500000
1759608000000,226.91000000,227.98000000,226.91000000,227.31000000,41760.14700000
1759611600000,227.30000000,228.29000000,227.26000000,227.28000000,37288.24800000
1759615200000,227.28000000,227.99000000,226.94000000,227.73000000,33781.31900000
1759618800000,227.74000000,228.24000000,227.09000000,227.86000000,27443.44900000
1759622400000,227.86000000,228.27000000,226.45000000,226.82000000,65212.16000000
1759626000000,226.83000000,227.93000000,226.60000000,227.75000000,66947.39700000
1759629600000,227.75000000,231.40000000,227.32000000,231.12000000,261542.67700000
1759633200000,231.12000000,232.29000000,230.18000000,230.91000000,172934.09900000
1759636800000,230.91000000,234.94000000,230.90000000,233.78000000,227211.39800000
1759640400000,233.79000000,234.93000000,233.36000000,234.52000000,203134.65400000
1759644000000,234.52000000,235.89000000,234.47000000,235.16000000,190330.90900000
1759647600000,235.16000000,236.93000000,234.97000000,236.59000000,183486.66600000
1759651200000,236.58000000,237.22000000,235.13000000,235.18000000,120319.54000000
1759654800000,235.18000000,235.80000000,232.05000000,233.43000000,207202.06100000
1759658400000,233.44000000,233.59000000,230.76000000,232.03000000,181724.14900000
1759662000000,232.03000000,232.84000000,230.80000000,232.66000000,127155.19600000
1759665600000,232.66000000,232.67000000,230.74000000,231.31000000,85204.59200000
1759669200000,231.32000000,232.04000000,230.40000000,231.64000000,101264.41600000
1759672800000,231.64000000,232.03000000,228.42000000,230.14000000,170660.28100000
1759676400000,230.13000000,230.90000000,229.75000000,230.14000000,87451.74800000
1759680000000,230.13000000,231.23000000,228.80000000,231.09000000,95773.04000000
1759683600000,231.08000000,231.47000000,229.31000000,229.67000000,62611.45100000
1759687200000,229.68000000,229.92000000,227.45000000,228.98000000,124698.65900000
1759690800000,228.98000000,229.03000000,226.72000000,227.07000000,114230.76600000
1759694400000,227.07000000,229.00000000,226.70000000,227.98000000,68193.78400000
1759698000000,227.99000000,228.78000000,227.45000000,228.71000000,54691.50500000
1759701600000,228.71000000,229.26000000,227.06000000,228.32000000,65790.30300000
1759705200000,228.31000000,229.13000000,228.13000000,228.56000000,61862.07500000
1759708800000,228.56000000,230.33000000,227.55000000,228.70000000,134354.54500000
1759712400000,228.69000000,231.71000000,227.76000000,231.42000000,147175.45200000
1759716000000,231.42000000,232.99000000,229.83000000,232.37000000,188357.28700000
1759719600000,232.37000000,233.30000000,231.71000000,232.24000000,94079.87300000
1759723200000,232.23000000,232.31000000,230.59000000,230.67000000,75448.39900000
1759726800000,230.67000000,232.48000000,230.17000000,232.32000000,79888.69800000
1759730400000,232.32000000,234.86000000,232.32000000,233.95000000,146254.05100000
1759734000000,233.95000000,234.26000000,230.63000000,231.36000000,144517.79300000
1759737600000,231.37000000,233.92000000,231.37000000,233.71000000,109584.19700000
1759741200000,233.70000000,234.15000000,232.80000000,233.50000000,84868.76200000
1759744800000,233.49000000,233.76000000,232.33000000,232.67000000,66222.82300000
1759748400000,232.66000000,233.84000000,231.80000000,233.02000000,99139.47900000
1759752000000,233.02000000,234.47000000,232.93000000,234.10000000,111305.08200000
1759755600000,234.09000000,235.13000000,232.63000000,234.78000000,192217.11000000
1759759200000,234.78000000,235.74000000,232.80000000,233.33000000,190315.48800000
1759762800000,233.33000000,236.67000000,233.30000000,235.64000000,203659.00900000
1759766400000,235.64000000,236.25000000,234.05000000,235.70000000,99849.73400000
1759770000000,235.70000000,237.79000000,235.44000000,236.42000000,207918.15700000
1759773600000,236.43000000,237.16000000,234.82000000,236.80000000,115980.64800000
1759777200000,236.81000000,237.00000000,234.70000000,235.35000000,110764.36900000
1759780800000,235.34000000,236.15000000,233.24000000,233.60000000,117077.70000000
1759784400000,233.60000000,234.44000000,232.76000000,234.23000000,86605.22000000
1759788000000,234.22000000,234.99000000,233.92000000,234.62000000,55536.58200000
1759791600000,234.62000000,234.77000000,231.64000000,232.35000000,120807.91700000
1759795200000,232.35000000,233.00000000,231.16000000,232.52000000,119712.04400000
1759798800000,232.51000000,233.12000000,231.00000000,232.72000000,94417.00500000
1759802400000,232.73000000,233.85000000,232.05000000,233.47000000,95343.08700000
1759806000000,233.46000000,233.98000000,232.84000000,233.95000000,75839.64000000
1759809600000,233.95000000,235.21000000,233.00000000,234.85000000,106241.77500000
1759813200000,234.86000000,235.02000000,233.15000000,233.52000000,118303.35200000
1759816800000,233.51000000,233.68000000,229.41000000,230.44000000,239953.48300000
1759820400000,230.43000000,231.14000000,229.53000000,231.01000000,158204.41700000
1759824000000,231.01000000,231.01000000,228.22000000,230.01000000,207401.79900000
1759827600000,230.01000000,230.59000000,229.70000000,230.35000000,124611.41300000
1759831200000,230.36000000,231.64000000,229.77000000,230.86000000,109047.57300000
1759834800000,230.86000000,231.16000000,230.06000000,230.44000000,121930.73500000
1759838400000,230.44000000,231.49000000,229.20000000,231.48000000,191943.33100000
1759842000000,231.48000000,231.59000000,226.33000000,227.93000000,340418.30600000
1759845600000,227.93000000,228.15000000,224.51000000,225.29000000,439067.77700000
1759849200000,225.30000000,225.88000000,220.80000000,223.79000000,647960.31000000
1759852800000,223.79000000,225.31000000,221.85000000,224.40000000,324691.59200000
1759856400000,224.40000000,224.81000000,222.63000000,222.70000000,184998.65900000
1759860000000,222.71000000,223.29000000,221.38000000,221.43000000,101587.54500000
1759863600000,221.43000000,222.89000000,220.71000000,221.69000000,162102.24000000
1759867200000,221.70000000,224.16000000,221.53000000,223.49000000,117652.35200000
1759870800000,223.49000000,224.28000000,222.41000000,223.14000000,109568.16900000
1759874400000,223.15000000,223.66000000,222.01000000,222.49000000,52880.60600000
1759878000000,222.50000000,222.56000000,219.70000000,219.97000000,157168.54700000
1759881600000,219.98000000,221.79000000,217.91000000,220.99000000,249657.41000000
1759885200000,220.99000000,222.32000000,220.48000000,222.04000000,65589.82300000
1759888800000,222.04000000,222.78000000,221.13000000,221.58000000,113880.68300000
1759892400000,221.58000000,221.58000000,217.93000000,218.31000000,202406.52800000
1759896000000,218.30000000,220.54000000,217.30000000,220.40000000,137370.09500000
1759899600000,220.41000000,220.43000000,218.38000000,219.50000000,110725.86000000
1759903200000,219.51000000,220.47000000,218.62000000,220.26000000,78065.27800000
1759906800000,220.26000000,220.98000000,219.44000000,220.95000000,69783.37300000
1759910400000,220.95000000,222.64000000,220.82000000,221.61000000,111435.63900000
1759914000000,221.62000000,222.08000000,220.74000000,221.43000000,90102.91000000
1759917600000,221.43000000,222.21000000,221.02000000,222.12000000,77908.58400000
1759921200000,222.13000000,222.56000000,220.65000000,221.20000000,85515.04600000
1759924800000,221.20000000,222.55000000,221.08000000,222.29000000,84400.73200000
1759928400000,222.30000000,222.71000000,218.78000000,221.45000000,181147.26200000
1759932000000,221.44000000,224.18000000,219.52000000,220.08000000,239546.99000000
1759935600000,220.09000000,222.84000000,219.93000000,221.19000000,106354.46800000
1759939200000,221.20000000,223.70000000,220.71000000,223.57000000,100104.40300000
1759942800000,223.56000000,227.71000000,223.36000000,226.92000000,298267.89600000
1759946400000,226.93000000,229.67000000,226.43000000,228.67000000,211770.05400000
1759950000000,228.66000000,229.60000000,227.52000000,229.34000000,142677.16100000
1759953600000,229.34000000,229.69000000,227.46000000,227.70000000,111220.07500000
1759957200000,227.70000000,229.14000000,227.42000000,228.49000000,78712.81500000
1759960800000,228.48000000,229.72000000,228.48000000,228.61000000,74997.23000000
1759964400000,228.61000000,229.37000000,227.73000000,229.02000000,82120.33000000
1759968000000,229.03000000,229.69000000,228.01000000,228.34000000,77137.37500000
1759971600000,228.33000000,228.65000000,226.01000000,228.45000000,162920.02100000
1759975200000,228.46000000,228.74000000,223.84000000,224.44000000,228648.83800000
1759978800000,224.44000000,226.45000000,224.39000000,226.19000000,101196.27500000
1759982400000,226.19000000,227.57000000,225.46000000,227.47000000,106602.83700000
1759986000000,227.48000000,228.87000000,226.74000000,227.80000000,108249.11500000
1759989600000,227.80000000,228.43000000,226.32000000,226.55000000,97295.70300000
1759993200000,226.54000000,226.89000000,224.14000000,224.50000000,135323.15000000
1759996800000,224.49000000,224.81000000,219.32000000,220.00000000,292719.43000000
1760000400000,220.00000000,222.13000000,219.90000000,221.96000000,113801.50300000
1760004000000,221.97000000,222.96000000,220.96000000,222.28000000,85949.58400000
1760007600000,222.28000000,223.96000000,222.28000000,223.14000000,94786.82400000
1760011200000,223.14000000,226.32000000,222.86000000,225.95000000,112605.43000000
1760014800000,225.95000000,226.23000000,221.87000000,222.28000000,169638.16100000
1760018400000,222.29000000,223.30000000,219.40000000,220.86000000,278538.22800000
1760022000000,220.86000000,222.18000000,218.62000000,219.11000000,220275.65200000
1760025600000,219.11000000,220.14000000,216.53000000,217.22000000,265933.96500000
1760029200000,217.22000000,219.57000000,216.71000000,219.32000000,156235.65000000
1760032800000,219.32000000,219.50000000,217.21000000,217.55000000,114906.26300000
1760036400000,217.56000000,218.94000000,217.43000000,218.29000000,94398.02100000
1760040000000,218.29000000,219.23000000,217.56000000,218.94000000,75209.44600000
1760043600000,218.94000000,220.45000000,218.55000000,220.27000000,77419.35600000
1760047200000,220.27000000,221.64000000,219.88000000,221.25000000,55765.30800000
1760050800000,221.25000000,221.31000000,219.85000000,220.93000000,47397.29600000
1760054400000,220.93000000,222.00000000,220.76000000,221.23000000,65680.89700000
1760058000000,221.22000000,222.09000000,220.52000000,220.97000000,72549.23800000
1760061600000,220.98000000,221.85000000,219.87000000,220.33000000,93624.85500000
1760065200000,220.34000000,222.87000000,219.50000000,221.65000000,114774.02800000
1760068800000,221.64000000,222.90000000,220.88000000,221.22000000,106331.17600000
1760072400000,221.23000000,221.80000000,220.04000000,221.68000000,84451.90400000
1760076000000,221.68000000,222.43000000,219.32000000,219.39000000,94107.23300000
1760079600000,219.39000000,219.56000000,217.92000000,218.12000000,129293.63800000
1760083200000,218.13000000,220.10000000,217.40000000,220.06000000,143885.79900000
1760086800000,220.07000000,220.78000000,218.94000000,218.95000000,93962.15700000
1760090400000,218.95000000,220.63000000,218.75000000,220.40000000,75482.69200000
1760094000000,220.41000000,221.56000000,220.28000000,221.14000000,94499.03300000
1760097600000,221.15000000,221.80000000,220.79000000,221.76000000,81886.65300000
1760101200000,221.76000000,224.46000000,221.52000000,223.41000000,241283.03000000
1760104800000,223.42000000,224.42000000,219.69000000,219.79000000,270623.33700000
1760108400000,219.79000000,220.15000000,209.01000000,210.70000000,1127828.38900000
1760112000000,210.69000000,213.06000000,210.04000000,211.26000000,415253.57000000
1760115600000,211.25000000,211.53000000,208.82000000,209.68000000,201139.38300000
1760119200000,209.68000000,210.07000000,207.47000000,207.47000000,192600.08200000
1760122800000,207.47000000,208.19000000,203.43000000,205.32000000,348619.92100000
1760126400000,205.31000000,207.80000000,193.00000000,196.84000000,797774.66800000
1760130000000,196.84000000,199.15000000,168.79000000,193.41000000,2351646.56200000
1760133600000,193.41000000,194.00000000,182.26000000,189.93000000,1486457.85600000
1760137200000,189.93000000,197.11000000,187.33000000,188.43000000,939079.32800000
1760140800000,188.43000000,190.56000000,184.87000000,188.05000000,580209.57200000
1760144400000,188.05000000,188.28000000,182.16000000,183.10000000,454866.05600000
1760148000000,183.10000000,191.05000000,182.98000000,188.60000000,513115.71000000
1760151600000,188.59000000,189.10000000,182.67000000,184.85000000,419158.68200000
1760155200000,184.86000000,186.88000000,183.89000000,186.13000000,293302.13700000
1760158800000,186.13000000,186.39000000,180.00000000,182.48000000,413120.95200000
1760162400000,182.48000000,186.00000000,182.26000000,183.26000000,269568.04800000
1760166000000,183.27000000,183.97000000,181.83000000,182.75000000,291658.69100000
1760169600000,182.75000000,187.36000000,182.07000000,186.56000000,300971.05300000
1760173200000,186.56000000,189.50000000,184.01000000,184.52000000,434358.11600000
1760176800000,184.52000000,186.07000000,183.05000000,183.97000000,237652.21300000
1760180400000,183.97000000,184.32000000,181.76000000,183.85000000,228432.01000000
1760184000000,183.85000000,184.69000000,181.72000000,183.12000000,227102.18200000
1760187600000,183.13000000,184.57000000,180.77000000,184.26000000,286822.34700000
1760191200000,184.27000000,184.75000000,181.71000000,182.67000000,207407.24200000
1760194800000,182.67000000,185.05000000,182.54000000,183.71000000,253847.57500000
1760198400000,183.71000000,184.61000000,181.78000000,182.66000000,204228.91700000
1760202000000,182.65000000,184.64000000,182.45000000,183.04000000,157567.73400000
1760205600000,183.05000000,183.09000000,182.25000000,182.52000000,132135.69900000
1760209200000,182.53000000,182.59000000,176.60000000,177.57000000,456835.68200000
1760212800000,177.57000000,178.15000000,174.01000000,175.55000000,332690.06700000
1760216400000,175.56000000,177.50000000,172.58000000,176.93000000,320770.17100000
1760220000000,176.93000000,178.11000000,175.91000000,177.39000000,131278.68600000
1760223600000,177.39000000,178.78000000,176.81000000,177.62000000,145287.70600000
1760227200000,177.63000000,177.77000000,173.00000000,173.30000000,202883.32700000
1760230800000,173.30000000,175.49000000,173.20000000,174.09000000,183901.45500000
1760234400000,174.09000000,176.60000000,173.50000000,174.76000000,187687.95700000
1760238000000,174.75000000,178.50000000,174.34000000,177.06000000,204131.83500000
1760241600000,177.06000000,180.91000000,176.61000000,180.11000000,264189.00000000
1760245200000,180.11000000,182.06000000,179.44000000,181.48000000,158242.25800000
1760248800000,181.47000000,182.70000000,180.86000000,182.63000000,272360.14700000
1760252400000,182.64000000,182.97000000,181.51000000,182.55000000,212563.63500000
1760256000000,182.54000000,182.80000000,181.40000000,181.82000000,183657.16700000
1760259600000,181.83000000,182.32000000,180.33000000,182.04000000,154687.80600000
1760263200000,182.04000000,182.75000000,180.65000000,180.75000000,127944.71700000
1760266800000,180.75000000,181.91000000,180.50000000,180.96000000,104918.57700000
1760270400000,180.96000000,183.19000000,180.80000000,181.70000000,194321.57700000
1760274000000,181.70000000,181.79000000,178.20000000,179.18000000,226206.85500000
1760277600000,179.17000000,188.96000000,179.09000000,186.29000000,659281.01200000
1760281200000,186.29000000,191.80000000,185.57000000,191.23000000,868582.84100000
1760284800000,191.23000000,195.52000000,191.22000000,193.81000000,605667.10800000
1760288400000,193.81000000,196.22000000,193.33000000,194.60000000,332841.08500000
1760292000000,194.61000000,195.64000000,191.68000000,193.84000000,258258.53300000
1760295600000,193.84000000,196.60000000,193.51000000,195.85000000,233161.53200000
1760299200000,195.86000000,199.00000000,195.36000000,196.80000000,221782.09800000
1760302800000,196.80000000,197.93000000,193.12000000,195.64000000,266918.48800000
1760306400000,195.64000000,198.07000000,195.55000000,197.43000000,213964.50000000
1760310000000,197.43000000,197.48000000,195.30000000,197.00000000,148846.21100000
1760313600000,196.99000000,199.25000000,195.70000000,197.22000000,268547.74200000
1760317200000,197.21000000,199.47000000,196.00000000,199.42000000,194490.70200000
1760320800000,199.42000000,199.99000000,195.20000000,196.46000000,219377.05900000
1760324400000,196.46000000,197.19000000,194.34000000,194.81000000,177024.92500000
1760328000000,194.82000000,196.43000000,194.18000000,196.20000000,105100.27800000
1760331600000,196.19000000,196.28000000,193.65000000,194.06000000,133661.96100000
1760335200000,194.05000000,197.38000000,192.91000000,197.10000000,177836.61100000
1760338800000,197.09000000,199.50000000,195.96000000,196.81000000,281056.24500000
1760342400000,196.80000000,198.68000000,196.13000000,198.25000000,156901.33500000
1760346000000,198.25000000,198.25000000,196.68000000,196.98000000,154275.88800000
1760349600000,196.98000000,197.04000000,194.91000000,195.42000000,166127.03500000
1760353200000,195.42000000,195.54000000,190.02000000,192.56000000,423781.50300000
1760356800000,192.56000000,194.47000000,191.36000000,191.84000000,220556.99200000
1760360400000,191.83000000,196.96000000,191.31000000,196.15000000,489938.54100000
1760364000000,196.15000000,196.77000000,192.50000000,193.37000000,286436.39500000
1760367600000,193.38000000,197.66000000,193.24000000,196.42000000,271906.52200000
1760371200000,196.42000000,200.40000000,196.23000000,200.04000000,546948.35200000
1760374800000,200.04000000,205.84000000,199.99000000,205.01000000,570738.52100000
1760378400000,205.00000000,206.68000000,203.93000000,205.95000000,512782.44000000
1760382000000,205.94000000,208.75000000,205.58000000,207.10000000,284171.21800000
1760385600000,207.10000000,208.76000000,206.81000000,208.55000000,153978.56200000
1760389200000,208.55000000,208.95000000,207.69000000,207.97000000,149529.85300000
1760392800000,207.96000000,209.28000000,207.65000000,208.40000000,172406.75400000
1760396400000,208.41000000,209.21000000,207.27000000,208.69000000,135586.07700000
1760400000000,208.69000000,211.25000000,208.06000000,209.31000000,296533.09100000
1760403600000,209.30000000,210.11000000,207.89000000,208.41000000,209323.10900000
1760407200000,208.41000000,208.66000000,205.81000000,206.30000000,350683.71800000
1760410800000,206.31000000,206.96000000,204.96000000,205.71000000,274354.80600000
1760414400000,205.72000000,205.95000000,201.07000000,202.07000000,296535.28700000
1760418000000,202.07000000,204.01000000,198.90000000,199.69000000,432647.48100000
1760421600000,199.68000000,200.77000000,192.00000000,195.31000000,578281.33000000
1760425200000,195.32000000,197.23000000,193.42000000,194.47000000,367538.47100000
1760428800000,194.46000000,197.47000000,193.16000000,196.15000000,297307.36600000
1760432400000,196.15000000,197.58000000,194.09000000,194.87000000,198426.68900000
1760436000000,194.86000000,194.89000000,191.03000000,194.24000000,373855.16900000
1760439600000,194.25000000,197.08000000,194.05000000,195.32000000,222909.85000000
1760443200000,195.33000000,195.36000000,192.35000000,193.34000000,263618.79600000
1760446800000,193.35000000,195.66000000,191.50000000,195.02000000,390447.47600000
1760450400000,195.01000000,198.85000000,194.39000000,195.89000000,429400.87200000
1760454000000,195.89000000,202.64000000,194.53000000,202.22000000,430056.40300000
1760457600000,202.23000000,206.48000000,200.03000000,202.53000000,564925.93700000
1760461200000,202.52000000,204.68000000,199.28000000,201.76000000,414771.70200000
1760464800000,201.77000000,204.22000000,200.52000000,201.55000000,186088.34800000
1760468400000,201.56000000,203.79000000,197.05000000,198.54000000,380980.96700000
1760472000000,198.54000000,200.61000000,198.17000000,200.60000000,126283.99700000
1760475600000,200.61000000,201.53000000,198.31000000,201.23000000,94873.69000000
1760479200000,201.24000000,202.17000000,200.30000000,201.44000000,76443.13700000
1760482800000,201.44000000,203.42000000,201.44000000,202.44000000,92880.18300000
1760486400000,202.45000000,204.05000000,201.22000000,203.98000000,180535.91300000
1760490000000,203.97000000,204.10000000,201.12000000,203.69000000,160610.50900000
1760493600000,203.70000000,205.82000000,203.05000000,203.40000000,204292.71700000
1760497200000,203.39000000,203.75000000,200.89000000,201.65000000,189074.80200000
1760500800000,201.65000000,203.55000000,200.47000000,203.46000000,108434.77000000
1760504400000,203.47000000,204.84000000,202.81000000,204.43000000,138950.28300000
1760508000000,204.44000000,205.45000000,201.95000000,204.64000000,242065.90700000
1760511600000,204.64000000,205.08000000,203.22000000,204.66000000,182076.28300000
1760515200000,204.65000000,208.91000000,204.46000000,206.14000000,372912.53000000
1760518800000,206.15000000,207.34000000,205.34000000,205.99000000,148009.71200000
1760522400000,205.99000000,206.33000000,203.48000000,203.90000000,185727.60100000
1760526000000,203.89000000,204.83000000,202.04000000,202.60000000,167414.27000000
1760529600000,202.59000000,203.69000000,201.66000000,203.06000000,154885.33800000
1760533200000,203.05000000,204.32000000,198.04000000,201.16000000,492111.53200000
1760536800000,201.17000000,204.87000000,198.37000000,199.50000000,510120.45200000
1760540400000,199.50000000,200.32000000,196.18000000,197.13000000,379071.24400000
1760544000000,197.14000000,198.73000000,196.83000000,197.38000000,203292.00400000
1760547600000,197.38000000,198.16000000,195.17000000,198.15000000,295846.49200000
1760551200000,198.15000000,198.29000000,196.30000000,198.04000000,124663.67200000
1760554800000,198.04000000,198.08000000,194.18000000,194.81000000,236371.52300000
1760558400000,194.81000000,196.62000000,192.24000000,194.20000000,301215.72900000
1760562000000,194.19000000,195.28000000,192.04000000,192.88000000,195786.76200000
1760565600000,192.89000000,194.60000000,192.60000000,193.33000000,121067.39500000
1760569200000,193.33000000,194.83000000,193.00000000,193.84000000,74617.99900000
1760572800000,193.84000000,194.60000000,193.17000000,193.92000000,97053.45100000
1760576400000,193.91000000,195.44000000,193.81000000,195.12000000,105232.73800000
1760580000000,195.12000000,196.19000000,194.24000000,195.49000000,110665.68300000
1760583600000,195.50000000,196.06000000,193.43000000,193.63000000,112903.31800000
1760587200000,193.64000000,194.60000000,192.30000000,192.45000000,148462.18800000
1760590800000,192.46000000,194.40000000,191.38000000,192.46000000,186289.08200000
1760594400000,192.46000000,195.60000000,192.42000000,195.20000000,131091.21400000
1760598000000,195.21000000,195.36000000,192.33000000,192.93000000,187421.29100000
1760601600000,192.93000000,193.46000000,191.88000000,192.45000000,137223.07900000
1760605200000,192.45000000,194.69000000,186.37000000,193.89000000,584500.28900000
1760608800000,193.89000000,196.68000000,193.58000000,195.75000000,246372.18900000
1760612400000,195.76000000,197.16000000,194.50000000,196.81000000,179512.56600000
1760616000000,196.82000000,198.05000000,196.01000000,197.02000000,179401.46800000
1760619600000,197.01000000,198.42000000,195.18000000,195.78000000,167272.45500000
1760623200000,195.78000000,196.57000000,191.44000000,194.02000000,418605.45900000
1760626800000,194.03000000,194.32000000,186.56000000,187.61000000,483929.77600000
1760630400000,187.61000000,192.28000000,186.36000000,192.27000000,444030.40600000
1760634000000,192.28000000,192.33000000,188.85000000,189.62000000,235019.86900000
1760637600000,189.62000000,189.83000000,186.90000000,189.33000000,200903.69500000
1760641200000,189.33000000,189.48000000,183.56000000,185.04000000,380606.77400000
1760644800000,185.05000000,186.11000000,182.03000000,182.83000000,260221.46700000
1760648400000,182.83000000,185.75000000,182.80000000,185.64000000,154017.74300000
1760652000000,185.64000000,185.96000000,183.11000000,183.14000000,111283.73200000
1760655600000,183.14000000,185.19000000,182.91000000,184.85000000,142620.73100000
1760659200000,184.84000000,186.45000000,184.27000000,186.30000000,126176.43400000
1760662800000,186.31000000,187.55000000,184.76000000,185.66000000,130646.75100000
1760666400000,185.66000000,187.35000000,184.70000000,186.76000000,122160.37400000
1760670000000,186.76000000,187.43000000,186.25000000,187.09000000,122170.86400000
1760673600000,187.09000000,187.44000000,186.34000000,187.06000000,84799.22300000
1760677200000,187.06000000,187.46000000,185.44000000,185.69000000,211426.91500000
1760680800000,185.69000000,186.48000000,179.89000000,180.38000000,511864.45000000
1760684400000,180.38000000,180.81000000,177.34000000,177.75000000,543458.01500000
1760688000000,177.75000000,178.96000000,175.41000000,175.55000000,537360.65000000
1760691600000,175.55000000,180.44000000,175.33000000,176.79000000,294532.19900000
1760695200000,176.78000000,177.94000000,174.06000000,177.40000000,432118.89300000
1760698800000,177.40000000,182.70000000,177.22000000,181.45000000,485483.48700000
1760702400000,181.44000000,182.62000000,179.94000000,180.04000000,198713.43100000
1760706000000,180.04000000,182.13000000,177.95000000,180.65000000,422414.88500000
1760709600000,180.65000000,181.00000000,176.25000000,178.39000000,343744.99200000
1760713200000,178.39000000,182.82000000,178.02000000,182.72000000,264680.31100000
1760716800000,182.71000000,185.03000000,181.63000000,182.34000000,415074.71000000
1760720400000,182.34000000,184.55000000,182.12000000,183.75000000,138966.45800000
1760724000000,183.75000000,185.41000000,183.22000000,183.45000000,131956.83800000
1760727600000,183.45000000,184.18000000,181.42000000,181.98000000,162009.25200000
1760731200000,181.98000000,184.03000000,181.47000000,183.68000000,83869.99500000
1760734800000,183.67000000,186.04000000,183.46000000,185.40000000,160700.95300000
1760738400000,185.40000000,185.94000000,183.18000000,183.96000000,95464.16400000
1760742000000,183.96000000,183.97000000,181.77000000,181.96000000,83114.63300000
1760745600000,181.97000000,183.54000000,181.75000000,182.87000000,101139.79800000
1760749200000,182.87000000,184.96000000,182.66000000,184.63000000,114230.96500000
1760752800000,184.64000000,185.54000000,183.41000000,183.72000000,103491.38700000
1760756400000,183.72000000,185.47000000,183.70000000,184.80000000,70212.26200000
1760760000000,184.80000000,184.80000000,183.11000000,183.44000000,83658.20300000
1760763600000,183.43000000,184.83000000,183.42000000,184.53000000,89552.05600000
1760767200000,184.54000000,186.60000000,184.21000000,186.34000000,119319.66300000
1760770800000,186.33000000,188.26000000,185.87000000,186.27000000,266260.60600000
1760774400000,186.26000000,187.18000000,185.80000000,185.92000000,95996.38900000
1760778000000,185.91000000,186.64000000,185.38000000,185.94000000,84064.78000000
1760781600000,185.93000000,186.25000000,184.40000000,185.18000000,146999.11200000
1760785200000,185.18000000,186.11000000,184.63000000,186.10000000,83890.55200000
1760788800000,186.11000000,187.40000000,185.71000000,186.08000000,59352.34200000
1760792400000,186.08000000,186.15000000,184.80000000,185.20000000,89301.94500000
1760796000000,185.20000000,186.20000000,183.96000000,185.75000000,84421.36800000
1760799600000,185.76000000,185.97000000,184.61000000,185.03000000,47626.79700000
1760803200000,185.04000000,185.57000000,183.20000000,184.23000000,130771.51200000
1760806800000,184.23000000,186.13000000,183.79000000,185.93000000,82367.77300000
1760810400000,185.93000000,186.17000000,185.27000000,185.83000000,36235.76000000
1760814000000,185.83000000,186.41000000,185.64000000,186.34000000,36948.94000000
1760817600000,186.35000000,187.67000000,186.13000000,186.59000000,64606.46000000
1760821200000,186.58000000,187.25000000,185.90000000,187.15000000,47438.36700000
1760824800000,187.15000000,187.84000000,186.81000000,187.27000000,33084.99200000
1760828400000,187.28000000,187.75000000,186.92000000,187.56000000,34869.06600000
1760832000000,187.55000000,187.87000000,185.29000000,185.75000000,71495.60900000
1760835600000,185.76000000,185.88000000,184.88000000,185.86000000,45838.07700000
1760839200000,185.86000000,185.96000000,185.23000000,185.77000000,39467.28200000
1760842800000,185.77000000,187.14000000,184.96000000,187.04000000,82231.34700000
1760846400000,187.03000000,187.14000000,186.38000000,186.83000000,57556.39900000
1760850000000,186.84000000,187.69000000,186.32000000,186.56000000,48960.47600000
1760853600000,186.56000000,186.92000000,185.19000000,185.57000000,41285.45700000
1760857200000,185.57000000,186.14000000,185.24000000,185.90000000,32002.05500000
1760860800000,185.89000000,187.50000000,183.81000000,184.17000000,192827.68600000
1760864400000,184.16000000,188.64000000,183.19000000,187.20000000,274956.35500000
1760868000000,187.19000000,189.96000000,186.71000000,189.07000000,206976.55600000
1760871600000,189.06000000,190.05000000,188.60000000,188.99000000,130114.11600000
1760875200000,189.00000000,189.39000000,188.11000000,188.89000000,69475.22400000
1760878800000,188.89000000,191.00000000,188.32000000,190.60000000,168619.92500000
1760882400000,190.60000000,191.70000000,189.79000000,191.55000000,201287.86700000
1760886000000,191.55000000,191.68000000,190.23000000,190.78000000,111265.99400000
1760889600000,190.77000000,191.61000000,189.97000000,190.87000000,102648.05300000
1760893200000,190.88000000,192.29000000,189.73000000,190.03000000,135935.74600000
1760896800000,190.03000000,190.38000000,189.18000000,189.94000000,99781.54700000
1760900400000,189.93000000,189.95000000,188.33000000,188.88000000,78346.53000000
1760904000000,188.88000000,189.89000000,188.64000000,189.67000000,45672.47600000
1760907600000,189.67000000,189.83000000,188.37000000,189.29000000,76468.78800000
1760911200000,189.30000000,190.16000000,188.92000000,189.83000000,64342.16200000
1760914800000,189.83000000,189.83000000,186.83000000,187.86000000,106408.87300000
1760918400000,187.86000000,187.86000000,183.82000000,185.62000000,185598.79400000
1760922000000,185.62000000,186.34000000,184.97000000,185.65000000,87431.70800000
1760925600000,185.65000000,187.33000000,183.94000000,186.89000000,164675.44800000
1760929200000,186.89000000,191.75000000,185.90000000,191.21000000,305625.92100000
1760932800000,191.21000000,192.47000000,190.60000000,192.17000000,163452.44000000
1760936400000,192.18000000,193.40000000,191.62000000,193.01000000,152759.03600000
1760940000000,193.01000000,194.42000000,192.78000000,193.94000000,135414.88500000
1760943600000,193.93000000,194.50000000,192.76000000,193.02000000,112596.36800000
1760947200000,193.02000000,194.18000000,191.96000000,193.00000000,119542.52000000
1760950800000,193.00000000,193.63000000,192.56000000,193.20000000,93417.01600000
1760954400000,193.19000000,193.75000000,191.41000000,191.62000000,104231.33200000
1760958000000,191.62000000,192.29000000,191.00000000,192.20000000,94648.07600000
1760961600000,192.21000000,192.77000000,191.68000000,192.76000000,57403.28500000
1760965200000,192.77000000,192.99000000,191.60000000,192.41000000,94442.08200000
1760968800000,192.42000000,192.61000000,190.77000000,191.40000000,167724.64200000
1760972400000,191.40000000,192.33000000,190.44000000,190.50000000,120184.00800000
1760976000000,190.51000000,190.51000000,186.71000000,187.54000000,390442.93200000
1760979600000,187.53000000,188.55000000,185.56000000,187.66000000,177603.26900000
1760983200000,187.66000000,188.53000000,187.19000000,188.20000000,78248.85000000
1760986800000,188.20000000,189.44000000,187.53000000,188.83000000,80575.64900000
1760990400000,188.83000000,190.51000000,188.26000000,190.51000000,85201.66600000
1760994000000,190.51000000,191.18000000,188.79000000,188.99000000,78426.49000000
1760997600000,188.99000000,190.88000000,188.78000000,190.74000000,63684.27200000
1761001200000,190.74000000,190.84000000,189.48000000,189.71000000,64670.81000000
1761004800000,189.71000000,190.21000000,188.70000000,189.00000000,87126.80200000
1761008400000,189.00000000,189.24000000,186.21000000,186.72000000,203591.17200000
1761012000000,186.72000000,186.90000000,185.52000000,186.03000000,203697.18400000
1761015600000,186.04000000,186.60000000,185.31000000,185.57000000,75291.27300000
1761019200000,185.57000000,185.63000000,183.20000000,183.75000000,287851.23200000
1761022800000,183.75000000,184.36000000,182.72000000,183.85000000,154340.82500000
1761026400000,183.85000000,185.06000000,183.17000000,184.48000000,90979.98500000
1761030000000,184.47000000,185.23000000,183.73000000,185.03000000,84427.54500000
1761033600000,185.04000000,185.04000000,183.77000000,184.29000000,87368.03400000
1761037200000,184.28000000,184.52000000,183.77000000,184.37000000,54517.24300000
1761040800000,184.37000000,186.75000000,184.20000000,185.92000000,102342.86500000
1761044400000,185.91000000,186.51000000,185.06000000,186.29000000,59515.62200000
1761048000000,186.28000000,187.76000000,185.92000000,186.48000000,120184.67400000
1761051600000,186.49000000,187.00000000,183.94000000,185.09000000,174885.53000000
1761055200000,185.10000000,192.82000000,184.98000000,192.75000000,410498.69300000
1761058800000,192.76000000,197.15000000,191.93000000,196.22000000,563617.62600000
1761062400000,196.22000000,197.71000000,192.11000000,192.60000000,501327.31400000
1761066000000,192.59000000,195.45000000,192.11000000,194.82000000,350409.80900000
1761069600000,194.81000000,195.44000000,193.51000000,194.14000000,138556.49800000
1761073200000,194.14000000,194.55000000,193.07000000,193.96000000,94757.32300000
1761076800000,193.97000000,194.22000000,190.71000000,191.40000000,189546.42900000
1761080400000,191.40000000,191.75000000,188.00000000,191.29000000,252461.93400000
1761084000000,191.29000000,191.49000000,187.79000000,188.56000000,163374.80300000
1761087600000,188.56000000,188.94000000,185.11000000,185.63000000,200412.20600000
1761091200000,185.62000000,186.59000000,184.14000000,185.67000000,196944.06800000
1761094800000,185.68000000,187.20000000,185.61000000,187.00000000,126329.10400000
1761098400000,187.00000000,187.45000000,185.84000000,185.90000000,118434.50800000
1761102000000,185.90000000,185.96000000,184.50000000,185.24000000,114946.26500000
1761105600000,185.23000000,186.31000000,185.06000000,185.89000000,100187.17900000
1761109200000,185.88000000,185.95000000,183.28000000,184.58000000,209282.45800000
1761112800000,184.57000000,184.91000000,183.88000000,184.09000000,94005.43200000
1761116400000,184.09000000,185.15000000,183.42000000,185.01000000,86908.52000000
1761120000000,185.01000000,185.20000000,184.24000000,184.71000000,64994.70000000
1761123600000,184.71000000,184.94000000,183.36000000,184.04000000,89622.21800000
1761127200000,184.05000000,184.50000000,183.22000000,183.55000000,61996.83500000
1761130800000,183.56000000,185.98000000,181.92000000,185.05000000,250771.16600000
1761134400000,185.05000000,186.91000000,184.41000000,185.80000000,118766.26300000
1761138000000,185.81000000,186.88000000,184.15000000,186.53000000,187092.76800000
1761141600000,186.53000000,186.65000000,181.28000000,185.50000000,424647.62400000
1761145200000,185.50000000,186.04000000,182.32000000,183.98000000,235282.01600000
1761148800000,183.99000000,184.96000000,182.50000000,183.62000000,228160.41700000
1761152400000,183.63000000,184.23000000,181.34000000,181.68000000,160935.93600000
1761156000000,181.68000000,182.34000000,180.18000000,180.91000000,197694.62600000
1761159600000,180.90000000,182.56000000,177.07000000,180.20000000,275713.58900000
1761163200000,180.21000000,180.78000000,179.11000000,180.18000000,140329.31800000
1761166800000,180.17000000,180.26000000,177.04000000,178.39000000,269031.79800000
1761170400000,178.38000000,179.57000000,177.79000000,178.88000000,121015.10700000
1761174000000,178.88000000,180.49000000,178.78000000,180.12000000,103912.80000000
1761177600000,180.13000000,181.14000000,179.68000000,181.01000000,89259.87100000
1761181200000,181.02000000,182.05000000,180.58000000,181.78000000,105749.16200000
1761184800000,181.79000000,182.47000000,181.41000000,182.27000000,52073.07000000
1761188400000,182.27000000,183.40000000,182.14000000,182.86000000,86139.62300000
1761192000000,182.87000000,184.28000000,182.70000000,184.02000000,72710.47300000
1761195600000,184.02000000,184.84000000,183.79000000,184.84000000,78646.25500000
1761199200000,184.83000000,187.60000000,184.54000000,187.43000000,211961.84700000
1761202800000,187.44000000,188.00000000,186.17000000,187.48000000,146827.63400000
1761206400000,187.48000000,188.71000000,187.48000000,187.97000000,159517.02900000
1761210000000,187.97000000,188.88000000,187.48000000,188.39000000,133318.49300000
1761213600000,188.39000000,189.34000000,188.22000000,188.25000000,124755.02600000
1761217200000,188.25000000,189.49000000,187.51000000,187.98000000,172699.21700000
1761220800000,187.98000000,189.39000000,186.60000000,189.32000000,191031.40900000
1761224400000,189.32000000,192.62000000,188.40000000,190.37000000,400212.87600000
1761228000000,190.37000000,191.29000000,188.13000000,189.77000000,231092.39400000
1761231600000,189.78000000,191.87000000,189.43000000,191.04000000,262182.11000000
1761235200000,191.04000000,192.43000000,190.42000000,191.95000000,145498.70900000
1761238800000,191.95000000,193.45000000,190.10000000,192.50000000,232036.47200000
1761242400000,192.49000000,192.87000000,190.84000000,191.53000000,106132.19500000
1761246000000,191.52000000,191.87000000,190.55000000,191.15000000,82540.21000000
1761249600000,191.14000000,191.29000000,188.31000000,188.80000000,186406.16900000
1761253200000,188.80000000,189.46000000,188.51000000,188.80000000,87481.95400000
1761256800000,188.79000000,190.58000000,188.65000000,190.43000000,79837.54300000
1761260400000,190.42000000,191.51000000,190.41000000,191.35000000,63849.37400000
1761264000000,191.36000000,193.85000000,190.95000000,192.53000000,168737.85800000
1761267600000,192.54000000,193.39000000,192.15000000,192.96000000,87334.84700000
1761271200000,192.95000000,193.07000000,191.40000000,192.21000000,94748.52600000
1761274800000,192.22000000,192.36000000,190.85000000,191.31000000,70144.93200000
1761278400000,191.31000000,194.60000000,190.82000000,193.49000000,220310.86400000
1761282000000,193.49000000,193.90000000,192.92000000,193.30000000,99036.20300000
1761285600000,193.30000000,193.68000000,192.60000000,193.29000000,71873.04100000
1761289200000,193.30000000,193.43000000,191.50000000,192.15000000,113403.86000000
1761292800000,192.15000000,193.45000000,191.70000000,192.97000000,81875.78500000
1761296400000,192.96000000,193.39000000,191.88000000,192.11000000,78615.47000000
1761300000000,192.11000000,192.16000000,191.44000000,191.78000000,84266.67200000
1761303600000,191.78000000,192.20000000,190.58000000,192.13000000,76522.11000000
1761307200000,192.13000000,197.00000000,192.13000000,193.66000000,471792.92000000
1761310800000,193.67000000,194.28000000,190.84000000,192.47000000,250483.81900000
1761314400000,192.46000000,192.46000000,189.49000000,190.18000000,253438.51200000
1761318000000,190.19000000,190.89000000,188.83000000,189.45000000,360069.16700000
1761321600000,189.45000000,190.70000000,188.83000000,190.65000000,234310.60700000
1761325200000,190.65000000,191.75000000,190.42000000,191.16000000,105540.50600000
1761328800000,191.17000000,191.92000000,191.02000000,191.84000000,78700.98600000
1761332400000,191.83000000,193.64000000,191.83000000,193.09000000,126780.76600000
1761336000000,193.10000000,194.14000000,192.84000000,193.60000000,73854.85200000
1761339600000,193.61000000,194.00000000,193.26000000,193.78000000,52550.30500000
1761343200000,193.78000000,194.14000000,193.20000000,193.79000000,53008.76100000
1761346800000,193.78000000,193.78000000,193.12000000,193.59000000,49361.25700000
1761350400000,193.58000000,193.64000000,192.45000000,192.98000000,73252.97100000
1761354000000,192.99000000,194.49000000,192.86000000,193.76000000,82573.49800000
1761357600000,193.76000000,194.16000000,193.33000000,193.85000000,63962.41700000
1761361200000,193.85000000,194.00000000,193.30000000,193.47000000,54941.00600000
1761364800000,193.48000000,194.48000000,193.44000000,194.21000000,70171.20800000
1761368400000,194.22000000,194.75000000,193.50000000,194.47000000,59835.68400000
1761372000000,194.48000000,194.75000000,194.01000000,194.05000000,70136.10500000
1761375600000,194.06000000,194.91000000,193.83000000,193.96000000,64692.24300000
1761379200000,193.97000000,195.25000000,193.89000000,194.86000000,75182.97500000
1761382800000,194.86000000,194.90000000,192.36000000,192.58000000,108051.88300000
1761386400000,192.58000000,192.75000000,191.19000000,192.00000000,116483.16100000
1761390000000,191.99000000,192.91000000,191.72000000,192.71000000,74902.96100000
1761393600000,192.70000000,194.22000000,192.60000000,193.91000000,65599.92400000
1761397200000,193.92000000,193.95000000,192.50000000,192.90000000,66139.14300000
1761400800000,192.90000000,192.90000000,191.99000000,192.61000000,61643.65200000
1761404400000,192.60000000,192.61000000,191.80000000,191.89000000,83480.77800000
1761408000000,191.88000000,192.11000000,191.42000000,191.93000000,64949.83700000
1761411600000,191.93000000,192.49000000,191.82000000,192.38000000,24731.19800000
1761415200000,192.37000000,194.36000000,192.30000000,194.26000000,115776.98600000
1761418800000,194.26000000,194.65000000,193.93000000,194.53000000,64277.25800000
1761422400000,194.53000000,194.91000000,193.76000000,194.16000000,64004.52700000
1761426000000,194.16000000,194.79000000,193.83000000,194.38000000,47561.19900000
1761429600000,194.39000000,194.72000000,193.93000000,194.51000000,27183.25400000
1761433200000,194.51000000,194.74000000,193.83000000,193.84000000,27305.07000000
1761436800000,193.84000000,194.36000000,193.13000000,193.30000000,48077.20300000
1761440400000,193.29000000,193.73000000,192.31000000,192.84000000,54553.67700000
1761444000000,192.84000000,193.13000000,191.90000000,192.28000000,69538.24400000
1761447600000,192.27000000,193.07000000,192.02000000,192.97000000,41269.49900000
1761451200000,192.98000000,193.50000000,192.81000000,192.90000000,36323.75600000
1761454800000,192.89000000,193.78000000,192.73000000,193.64000000,34604.62500000
1761458400000,193.64000000,194.18000000,193.51000000,194.07000000,46319.62000000
1761462000000,194.07000000,194.31000000,193.85000000,193.86000000,40193.90800000
1761465600000,193.85000000,194.43000000,193.73000000,194.35000000,43622.15400000
1761469200000,194.34000000,196.43000000,193.95000000,195.96000000,196982.10300000
1761472800000,195.96000000,196.11000000,194.60000000,194.80000000,129534.71100000
1761476400000,194.81000000,197.90000000,194.34000000,197.75000000,234629.10000000
1761480000000,197.74000000,198.40000000,196.91000000,198.01000000,206222.26900000
1761483600000,198.01000000,199.66000000,197.53000000,199.07000000,178280.27100000
1761487200000,199.07000000,199.96000000,198.69000000,198.86000000,157954.86700000
1761490800000,198.86000000,199.78000000,198.56000000,199.53000000,99510.08900000
1761494400000,199.53000000,199.55000000,198.18000000,198.74000000,116303.50500000
1761498000000,198.74000000,199.25000000,198.44000000,198.93000000,49300.09700000
1761501600000,198.93000000,199.67000000,198.90000000,199.12000000,56339.22500000
1761505200000,199.12000000,199.13000000,198.51000000,198.87000000,33240.14500000
1761508800000,198.87000000,198.87000000,197.37000000,197.45000000,105397.09200000
1761512400000,197.44000000,198.47000000,196.86000000,198.46000000,69790.70900000
1761516000000,198.47000000,202.43000000,198.47000000,200.20000000,385336.57400000
1761519600000,200.20000000,200.99000000,199.70000000,200.03000000,144426.68700000
1761523200000,200.03000000,203.51000000,199.48000000,203.25000000,239762.98900000
1761526800000,203.24000000,205.05000000,202.81000000,204.37000000,185582.87700000
1761530400000,204.37000000,205.08000000,203.32000000,203.97000000,148001.87200000
1761534000000,203.96000000,204.61000000,203.29000000,204.33000000,106659.06300000
1761537600000,204.33000000,204.61000000,202.93000000,204.01000000,181888.47500000
1761541200000,204.00000000,205.33000000,203.91000000,204.32000000,154704.80800000
1761544800000,204.32000000,204.94000000,203.52000000,204.75000000,136558.83700000
1761548400000,204.76000000,205.21000000,202.26000000,202.51000000,143293.88900000
1761552000000,202.50000000,202.54000000,199.91000000,200.47000000,215261.94300000
1761555600000,200.46000000,200.52000000,198.02000000,199.96000000,308627.72000000
1761559200000,199.96000000,200.77000000,199.64000000,200.43000000,93897.92900000
1761562800000,200.43000000,200.95000000,198.84000000,200.18000000,137156.66700000
1761566400000,200.18000000,200.28000000,199.00000000,199.51000000,88847.85100000
1761570000000,199.50000000,200.58000000,198.45000000,200.33000000,117363.99900000
1761573600000,200.34000000,200.52000000,198.30000000,199.11000000,151743.42700000
1761577200000,199.11000000,200.49000000,198.94000000,200.11000000,109199.34800000
1761580800000,200.11000000,203.11000000,200.02000000,202.47000000,200794.14000000
1761584400000,202.46000000,203.25000000,201.69000000,202.28000000,125930.56400000
1761588000000,202.27000000,203.22000000,201.23000000,201.65000000,128764.00300000
1761591600000,201.66000000,201.74000000,199.82000000,200.03000000,135323.91800000
1761595200000,200.03000000,200.23000000,198.66000000,198.73000000,123437.03700000
1761598800000,198.72000000,199.56000000,197.71000000,198.73000000,98690.08700000
1761602400000,198.73000000,199.43000000,198.05000000,198.30000000,80960.08500000
1761606000000,198.31000000,198.96000000,197.34000000,198.70000000,103157.85900000
1761609600000,198.71000000,200.38000000,198.41000000,199.68000000,100381.99300000
1761613200000,199.69000000,202.05000000,199.68000000,201.36000000,107306.34400000
1761616800000,201.36000000,201.90000000,199.47000000,200.75000000,150669.42900000
1761620400000,200.75000000,201.93000000,199.83000000,201.27000000,99832.37000000
1761624000000,201.27000000,202.16000000,200.42000000,201.12000000,80946.36300000
1761627600000,201.12000000,201.47000000,198.62000000,198.71000000,134617.14200000
1761631200000,198.72000000,200.94000000,198.71000000,200.90000000,84931.22700000
1761634800000,200.90000000,203.00000000,200.69000000,202.35000000,193853.35600000
1761638400000,202.36000000,203.99000000,201.94000000,203.42000000,145439.58900000
1761642000000,203.42000000,203.79000000,201.47000000,201.97000000,116840.24600000
1761645600000,201.96000000,202.03000000,199.86000000,200.31000000,141202.83400000
1761649200000,200.31000000,200.65000000,199.14000000,199.73000000,118322.83600000
1761652800000,199.73000000,200.39000000,198.24000000,200.21000000,196883.73400000
1761656400000,200.22000000,203.03000000,200.14000000,202.73000000,235079.29700000
1761660000000,202.74000000,202.93000000,196.58000000,199.54000000,493609.16900000
1761663600000,199.55000000,200.70000000,198.35000000,198.85000000,212988.00000000
1761667200000,198.86000000,200.67000000,197.94000000,199.82000000,165875.10600000
1761670800000,199.83000000,200.89000000,199.64000000,200.85000000,100594.74600000
1761674400000,200.86000000,201.28000000,198.90000000,199.69000000,102601.64900000
1761678000000,199.70000000,200.14000000,194.48000000,195.35000000,338715.42800000
1761681600000,195.34000000,195.36000000,192.07000000,192.48000000,443397.43900000
1761685200000,192.48000000,194.46000000,190.22000000,193.83000000,303551.54500000
1761688800000,193.83000000,195.16000000,193.33000000,194.93000000,170696.93700000
1761692400000,194.92000000,194.93000000,193.75000000,194.15000000,90833.18200000
1761696000000,194.16000000,195.09000000,193.33000000,193.81000000,89289.77400000
1761699600000,193.81000000,195.02000000,192.68000000,194.12000000,135809.30100000
1761703200000,194.13000000,194.85000000,193.98000000,194.68000000,75164.91800000
1761706800000,194.68000000,194.69000000,193.20000000,193.89000000,109489.26100000
1761710400000,193.90000000,194.76000000,193.75000000,194.57000000,56775.72200000
1761714000000,194.57000000,195.81000000,194.43000000,195.16000000,52305.19100000
1761717600000,195.15000000,195.75000000,194.75000000,195.57000000,49525.52000000
1761721200000,195.58000000,196.07000000,195.12000000,195.65000000,58861.69800000
1761724800000,195.65000000,195.73000000,194.02000000,194.50000000,122582.73400000
1761728400000,194.50000000,194.74000000,193.78000000,194.21000000,80473.67800000
1761732000000,194.20000000,197.07000000,193.95000000,196.25000000,150072.57700000
1761735600000,196.26000000,199.37000000,196.04000000,198.74000000,263315.32700000
1761739200000,198.74000000,199.88000000,198.15000000,199.87000000,106477.36800000
1761742800000,199.87000000,201.70000000,199.15000000,200.75000000,379446.09200000
1761746400000,200.75000000,201.00000000,198.70000000,200.03000000,210767.24400000
1761750000000,200.04000000,200.68000000,196.37000000,196.78000000,247353.11900000
1761753600000,196.78000000,196.88000000,194.72000000,195.35000000,237358.62700000
1761757200000,195.35000000,198.77000000,194.87000000,198.50000000,180684.96000000
1761760800000,198.51000000,198.56000000,189.37000000,193.54000000,1071754.97100000
1761764400000,193.55000000,195.29000000,191.36000000,192.76000000,413211.31000000
1761768000000,192.75000000,196.26000000,191.92000000,195.56000000,196004.59700000
1761771600000,195.56000000,197.06000000,195.08000000,196.03000000,116860.04200000
1761775200000,196.04000000,196.41000000,195.24000000,195.37000000,78841.61900000
1761778800000,195.37000000,195.56000000,192.98000000,193.88000000,138462.17900000
1761782400000,193.89000000,194.72000000,192.12000000,194.67000000,108362.70500000
1761786000000,194.66000000,196.01000000,193.47000000,195.51000000,87317.15800000
1761789600000,195.52000000,198.19000000,195.24000000,198.17000000,135461.76800000
1761793200000,198.18000000,198.19000000,196.60000000,197.10000000,107704.42900000
1761796800000,197.09000000,197.18000000,190.35000000,191.81000000,515476.13900000
1761800400000,191.81000000,195.66000000,191.43000000,195.15000000,209800.38700000
1761804000000,195.15000000,195.45000000,193.33000000,194.18000000,179575.54400000
1761807600000,194.18000000,196.19000000,193.92000000,195.80000000,148024.77500000
1761811200000,195.79000000,196.11000000,194.60000000,195.39000000,122444.70000000
1761814800000,195.38000000,195.46000000,192.32000000,192.39000000,144242.31400000
1761818400000,192.39000000,192.48000000,191.01000000,192.19000000,169057.91200000
1761822000000,192.19000000,192.65000000,191.27000000,191.85000000,98149.37100000
1761825600000,191.85000000,192.06000000,186.36000000,187.85000000,571434.68100000
1761829200000,187.85000000,188.69000000,184.91000000,185.74000000,401711.18700000
1761832800000,185.74000000,187.86000000,185.66000000,187.28000000,204645.67700000
1761836400000,187.27000000,187.64000000,184.49000000,185.02000000,177191.65300000
1761840000000,185.01000000,186.35000000,183.96000000,185.31000000,177003.30500000
1761843600000,185.31000000,185.34000000,181.42000000,183.80000000,246436.44300000
1761847200000,183.80000000,183.94000000,180.82000000,181.31000000,171187.33600000
1761850800000,181.30000000,181.90000000,178.65000000,179.06000000,342175.70300000
1761854400000,179.05000000,182.59000000,178.79000000,182.25000000,263826.29000000
1761858000000,182.26000000,182.71000000,181.13000000,182.39000000,173025.63200000
1761861600000,182.39000000,183.74000000,182.11000000,183.66000000,141173.35600000
1761865200000,183.65000000,184.74000000,182.60000000,184.69000000,159109.79800000
1761868800000,184.69000000,186.52000000,184.06000000,185.45000000,180047.38700000
1761872400000,185.45000000,186.91000000,185.04000000,186.25000000,196692.26000000
1761876000000,186.26000000,186.30000000,183.70000000,184.63000000,165960.36400000
1761879600000,184.63000000,185.75000000,184.13000000,185.15000000,105908.88300000
1761883200000,185.14000000,187.03000000,184.95000000,186.65000000,136123.62500000
1761886800000,186.64000000,186.64000000,185.32000000,185.71000000,121598.09200000
1761890400000,185.71000000,185.87000000,184.94000000,185.55000000,69286.62700000
1761894000000,185.56000000,186.13000000,184.77000000,185.36000000,113664.42100000
1761897600000,185.36000000,186.58000000,184.58000000,186.50000000,97814.49600000
1761901200000,186.50000000,187.03000000,186.00000000,186.63000000,133441.28900000
1761904800000,186.64000000,187.37000000,186.22000000,186.41000000,94435.16700000
1761908400000,186.41000000,189.22000000,186.23000000,188.89000000,132911.96300000
1761912000000,188.89000000,189.40000000,186.34000000,186.51000000,291184.17700000
1761915600000,186.51000000,188.58000000,186.00000000,188.35000000,137648.45500000
1761919200000,188.36000000,189.47000000,186.96000000,189.08000000,164862.45200000
1761922800000,189.08000000,190.26000000,187.95000000,188.13000000,207864.42700000
1761926400000,188.12000000,188.60000000,184.68000000,185.05000000,166225.72200000
1761930000000,185.05000000,185.95000000,184.38000000,185.36000000,154363.03100000
1761933600000,185.35000000,186.57000000,184.50000000,185.97000000,128976.06200000
1761937200000,185.96000000,189.04000000,185.01000000,188.42000000,139820.15600000
1761940800000,188.41000000,188.78000000,186.71000000,186.92000000,107277.45600000
1761944400000,186.92000000,187.70000000,186.54000000,187.25000000,46635.84800000
1761948000000,187.25000000,187.89000000,187.00000000,187.27000000,58188.43500000
1761951600000,187.27000000,187.81000000,187.13000000,187.21000000,42463.04500000
1761955200000,187.21000000,187.34000000,186.04000000,187.11000000,133451.34000000
1761958800000,187.11000000,187.45000000,186.12000000,186.12000000,48567.38800000
1761962400000,186.13000000,186.76000000,185.50000000,186.61000000,53759.07400000
1761966000000,186.60000000,187.48000000,186.57000000,187.20000000,43906.72500000
1761969600000,187.20000000,187.55000000,186.30000000,187.08000000,56005.72500000
1761973200000,187.07000000,187.13000000,186.16000000,186.23000000,27091.73000000
1761976800000,186.23000000,186.38000000,185.00000000,185.71000000,69833.42500000
1761980400000,185.71000000,186.37000000,185.32000000,185.80000000,51689.84200000
1761984000000,185.79000000,186.54000000,185.66000000,186.54000000,46145.51400000
1761987600000,186.54000000,186.72000000,185.73000000,185.82000000,54782.70600000
1761991200000,185.82000000,186.42000000,185.28000000,186.16000000,56410.36500000
1761994800000,186.16000000,186.65000000,185.70000000,186.22000000,65394.97000000
1761998400000,186.22000000,186.65000000,186.22000000,186.40000000,70672.85500000
1762002000000,186.41000000,186.49000000,184.80000000,185.34000000,69152.25700000
1762005600000,185.33000000,185.59000000,183.79000000,185.03000000,96841.36300000
1762009200000,185.03000000,186.43000000,184.88000000,186.42000000,107061.49400000
1762012800000,186.42000000,187.12000000,186.00000000,186.43000000,85951.46500000
1762016400000,186.44000000,186.55000000,184.90000000,184.96000000,72155.66000000
1762020000000,184.96000000,185.76000000,184.87000000,185.73000000,88213.79900000
1762023600000,185.73000000,186.37000000,185.40000000,186.27000000,27690.58400000
1762027200000,186.28000000,186.96000000,186.15000000,186.49000000,44783.36100000
1762030800000,186.49000000,186.61000000,185.30000000,185.35000000,35010.40400000
1762034400000,185.35000000,186.26000000,184.98000000,186.14000000,55688.98500000
1762038000000,186.14000000,186.56000000,185.84000000,186.35000000,24244.18900000
1762041600000,186.35000000,186.37000000,185.07000000,185.10000000,57358.67600000
1762045200000,185.10000000,185.50000000,184.66000000,184.80000000,81094.95600000
1762048800000,184.81000000,186.00000000,184.78000000,185.37000000,42525.10700000
1762052400000,185.37000000,185.52000000,184.97000000,185.29000000,27976.04700000
1762056000000,185.30000000,188.03000000,185.02000000,187.79000000,114772.27900000
1762059600000,187.80000000,187.84000000,186.54000000,187.09000000,71515.38100000
1762063200000,187.09000000,187.69000000,186.62000000,187.41000000,39164.11200000
1762066800000,187.41000000,188.34000000,186.70000000,187.72000000,64430.30100000
1762070400000,187.72000000,187.95000000,186.96000000,187.14000000,43605.50300000
1762074000000,187.14000000,187.91000000,185.81000000,185.91000000,65180.64000000
1762077600000,185.91000000,186.20000000,184.45000000,185.04000000,123117.99800000
1762081200000,185.04000000,186.38000000,184.88000000,186.15000000,85039.90300000
1762084800000,186.14000000,186.50000000,185.26000000,185.52000000,113746.77900000
1762088400000,185.53000000,185.57000000,183.93000000,185.09000000,86662.83500000
1762092000000,185.09000000,185.37000000,183.53000000,184.35000000,109372.50200000
1762095600000,184.36000000,185.05000000,183.73000000,183.77000000,86702.77100000
1762099200000,183.77000000,184.45000000,182.00000000,184.29000000,149045.21900000
1762102800000,184.29000000,184.61000000,183.58000000,184.42000000,64296.95000000
1762106400000,184.42000000,184.68000000,184.00000000,184.25000000,25900.26100000
1762110000000,184.25000000,184.30000000,183.06000000,184.02000000,42054.49200000
1762113600000,184.02000000,184.57000000,183.58000000,184.56000000,16164.69500000
1762117200000,184.57000000,186.00000000,184.53000000,185.49000000,47645.81300000
1762120800000,185.49000000,185.68000000,184.34000000,184.91000000,63683.48700000
1762124400000,184.92000000,188.10000000,184.92000000,187.71000000,140240.85000000
1762128000000,187.71000000,189.13000000,186.58000000,186.58000000,165577.78700000
1762131600000,186.58000000,187.17000000,185.36000000,185.53000000,106464.44900000
1762135200000,185.53000000,185.93000000,183.00000000,183.48000000,246972.88800000
1762138800000,183.47000000,183.67000000,176.73000000,177.57000000,575363.31000000
1762142400000,177.56000000,178.40000000,175.88000000,177.94000000,277066.64400000
1762146000000,177.95000000,178.75000000,176.44000000,176.81000000,171084.11400000
1762149600000,176.82000000,177.26000000,174.22000000,176.11000000,288462.42600000
1762153200000,176.11000000,177.13000000,175.44000000,176.50000000,127048.54800000
1762156800000,176.51000000,176.61000000,173.00000000,175.67000000,430375.48100000
1762160400000,175.67000000,176.92000000,173.99000000,174.94000000,213493.69300000
1762164000000,174.93000000,175.92000000,173.64000000,174.11000000,177548.72700000
1762167600000,174.12000000,176.11000000,174.09000000,175.32000000,181289.82700000
1762171200000,175.32000000,176.60000000,175.03000000,175.56000000,131368.18800000
1762174800000,175.56000000,176.33000000,174.97000000,175.84000000,130171.03200000
1762178400000,175.83000000,176.95000000,174.86000000,176.44000000,167019.45600000
1762182000000,176.44000000,176.75000000,165.00000000,166.79000000,1906040.97900000
1762185600000,166.79000000,169.20000000,165.61000000,168.37000000,537018.31500000
1762189200000,168.38000000,171.00000000,168.08000000,169.93000000,328721.16700000
1762192800000,169.93000000,170.15000000,167.76000000,167.88000000,184021.16900000
1762196400000,167.88000000,168.34000000,166.62000000,166.74000000,153801.46600000
1762200000000,166.75000000,167.24000000,163.15000000,164.40000000,315609.26100000
1762203600000,164.39000000,166.22000000,163.25000000,165.94000000,259845.09000000
1762207200000,165.94000000,166.28000000,164.20000000,165.75000000,153558.59000000
1762210800000,165.75000000,166.32000000,164.47000000,166.06000000,99690.45600000
1762214400000,166.06000000,167.24000000,164.18000000,166.58000000,161881.22000000
1762218000000,166.58000000,168.37000000,165.88000000,167.85000000,131070.58000000
1762221600000,167.84000000,168.42000000,166.43000000,166.68000000,79289.23400000
1762225200000,166.69000000,168.26000000,166.26000000,167.66000000,84038.16900000
1762228800000,167.66000000,168.13000000,164.75000000,165.03000000,195337.89500000
1762232400000,165.04000000,165.49000000,157.17000000,157.69000000,812100.26600000
1762236000000,157.70000000,161.34000000,157.62000000,158.58000000,326245.58600000
1762239600000,158.59000000,158.92000000,155.87000000,157.07000000,393551.36100000
1762243200000,157.07000000,160.47000000,156.41000000,159.25000000,322775.34100000
1762246800000,159.25000000,160.46000000,158.66000000,160.39000000,176771.80200000
1762250400000,160.38000000,161.40000000,159.95000000,160.49000000,184227.37100000
1762254000000,160.48000000,162.25000000,160.33000000,161.71000000,194561.84500000
1762257600000,161.71000000,162.54000000,160.82000000,161.43000000,166880.17300000
1762261200000,161.42000000,162.62000000,160.51000000,161.28000000,212334.45400000
1762264800000,161.27000000,164.76000000,159.32000000,164.39000000,379136.70600000
1762268400000,164.40000000,165.27000000,161.27000000,161.50000000,309460.53300000
1762272000000,161.50000000,162.36000000,158.16000000,158.20000000,333480.06300000
1762275600000,158.21000000,158.24000000,153.05000000,156.21000000,658528.12100000
1762279200000,156.20000000,156.56000000,152.26000000,156.43000000,524363.33300000
1762282800000,156.42000000,157.44000000,154.21000000,154.62000000,241710.90800000
1762286400000,154.62000000,155.07000000,148.29000000,153.40000000,865709.66200000
1762290000000,153.41000000,154.12000000,145.85000000,151.17000000,836885.62900000
1762293600000,151.17000000,155.60000000,150.48000000,155.22000000,437695.20100000
1762297200000,155.22000000,155.90000000,153.90000000,155.03000000,260542.11200000
1762300800000,155.04000000,155.64000000,152.49000000,153.35000000,218765.78600000
1762304400000,153.35000000,153.56000000,147.29000000,152.66000000,484387.46700000
1762308000000,152.65000000,156.21000000,152.60000000,156.13000000,400664.71100000
1762311600000,156.13000000,157.42000000,155.06000000,156.93000000,207687.55800000
1762315200000,156.93000000,158.06000000,155.66000000,157.04000000,165584.46900000
1762318800000,157.05000000,158.62000000,156.83000000,157.52000000,119400.29900000
1762322400000,157.52000000,158.15000000,156.60000000,158.03000000,181080.03300000
1762326000000,158.03000000,158.11000000,155.95000000,156.47000000,152677.47800000
1762329600000,156.47000000,156.48000000,153.67000000,155.70000000,346107.66400000
1762333200000,155.69000000,157.34000000,155.58000000,157.04000000,145075.77000000
1762336800000,157.03000000,157.08000000,154.69000000,154.86000000,94961.18900000
1762340400000,154.87000000,157.63000000,154.87000000,157.48000000,102372.87100000
1762344000000,157.48000000,158.77000000,156.77000000,158.30000000,153535.57600000
1762347600000,158.29000000,159.93000000,157.60000000,159.45000000,196577.33600000
1762351200000,159.44000000,159.65000000,156.94000000,158.74000000,228593.63000000
1762354800000,158.75000000,160.57000000,157.91000000,160.50000000,269349.57400000
1762358400000,160.50000000,162.09000000,158.57000000,161.83000000,211150.40400000
1762362000000,161.84000000,162.49000000,160.93000000,162.03000000,219631.13700000
1762365600000,162.03000000,163.93000000,161.70000000,163.14000000,204265.22400000
1762369200000,163.15000000,163.44000000,162.20000000,162.53000000,158212.71900000
1762372800000,162.53000000,163.97000000,162.36000000,162.57000000,119966.18300000
1762376400000,162.56000000,162.56000000,161.12000000,161.86000000,130541.73200000
1762380000000,161.86000000,162.91000000,161.31000000,162.82000000,63011.65400000
1762383600000,162.82000000,163.06000000,162.14000000,162.37000000,76931.22400000
1762387200000,162.37000000,162.37000000,160.47000000,161.38000000,223957.95400000
1762390800000,161.37000000,161.67000000,159.70000000,160.80000000,234381.82000000
1762394400000,160.80000000,162.33000000,160.11000000,161.75000000,107268.14500000
1762398000000,161.75000000,162.91000000,161.61000000,162.45000000,80977.58900000
1762401600000,162.46000000,162.75000000,161.71000000,162.13000000,57337.74600000
1762405200000,162.12000000,162.12000000,158.83000000,159.33000000,132302.65700000
1762408800000,159.32000000,160.00000000,158.78000000,158.80000000,95834.25700000
1762412400000,158.80000000,159.99000000,158.25000000,158.84000000,89893.37300000
1762416000000,158.84000000,159.53000000,158.51000000,159.34000000,87833.43300000
1762419600000,159.34000000,159.90000000,158.77000000,158.78000000,88443.98900000
1762423200000,158.78000000,159.76000000,157.66000000,159.05000000,129108.90600000
1762426800000,159.06000000,159.40000000,158.18000000,158.85000000,157030.87200000
1762430400000,158.85000000,159.43000000,157.11000000,157.49000000,147578.01300000
1762434000000,157.48000000,161.33000000,157.48000000,160.65000000,222195.91500000
1762437600000,160.64000000,161.51000000,157.35000000,157.80000000,222752.58400000
1762441200000,157.79000000,158.99000000,155.40000000,155.92000000,340487.70000000
1762444800000,155.92000000,156.99000000,153.80000000,155.40000000,329661.76000000
1762448400000,155.40000000,157.64000000,154.84000000,157.26000000,184872.92800000
1762452000000,157.26000000,158.67000000,155.46000000,157.49000000,148588.91700000
1762455600000,157.49000000,157.83000000,156.15000000,156.89000000,105767.76200000
1762459200000,156.89000000,157.82000000,154.64000000,155.31000000,121415.74600000
1762462800000,155.31000000,156.94000000,154.67000000,156.49000000,84805.62100000
1762466400000,156.49000000,156.81000000,154.26000000,155.58000000,85506.31600000
1762470000000,155.57000000,155.57000000,153.45000000,155.28000000,98749.32400000
1762473600000,155.27000000,157.14000000,154.89000000,156.77000000,135922.01900000
1762477200000,156.78000000,157.25000000,154.22000000,157.05000000,137526.93400000
1762480800000,157.04000000,158.10000000,156.16000000,158.01000000,123148.04800000
1762484400000,158.02000000,158.62000000,156.79000000,156.85000000,119919.01500000
1762488000000,156.86000000,157.08000000,155.24000000,156.17000000,122441.88900000
1762491600000,156.17000000,158.24000000,156.15000000,158.09000000,94691.07100000
1762495200000,158.10000000,158.28000000,156.80000000,156.80000000,57406.75700000
1762498800000,156.81000000,157.87000000,156.37000000,157.79000000,69055.41500000
1762502400000,157.79000000,158.21000000,156.85000000,157.30000000,60839.18100000
1762506000000,157.30000000,157.33000000,154.13000000,154.74000000,128493.03900000
1762509600000,154.73000000,155.76000000,153.64000000,154.25000000,126437.20300000
1762513200000,154.26000000,154.26000000,151.67000000,153.85000000,241802.46500000
1762516800000,153.86000000,154.17000000,150.92000000,151.64000000,222011.62800000
1762520400000,151.64000000,153.22000000,151.00000000,152.31000000,310067.16900000
1762524000000,152.30000000,155.14000000,149.82000000,154.76000000,423319.77600000
1762527600000,154.77000000,156.27000000,153.29000000,155.42000000,252038.43300000
1762531200000,155.42000000,158.13000000,154.40000000,157.29000000,243395.13000000
1762534800000,157.28000000,161.52000000,156.51000000,161.16000000,384423.48700000
1762538400000,161.17000000,162.97000000,160.91000000,162.11000000,206551.90800000
1762542000000,162.12000000,164.48000000,161.52000000,164.17000000,185229.97100000
1762545600000,164.17000000,164.41000000,161.84000000,163.36000000,238203.65500000
1762549200000,163.35000000,163.82000000,162.68000000,163.52000000,112819.40800000
1762552800000,163.51000000,163.91000000,162.76000000,163.22000000,88510.55800000
1762556400000,163.23000000,163.27000000,161.61000000,161.79000000,128823.81300000
1762560000000,161.80000000,162.60000000,160.59000000,160.88000000,131557.29800000
1762563600000,160.87000000,162.48000000,160.82000000,162.04000000,99704.89700000
1762567200000,162.04000000,164.44000000,161.93000000,163.41000000,144615.48500000
1762570800000,163.41000000,164.89000000,162.48000000,162.52000000,170517.62600000
1762574400000,162.52000000,163.66000000,162.51000000,162.71000000,68812.79900000
1762578000000,162.72000000,163.08000000,161.03000000,161.37000000,81931.21800000
1762581600000,161.37000000,161.97000000,160.16000000,161.14000000,92089.14500000
1762585200000,161.14000000,161.20000000,159.58000000,161.06000000,104110.11400000
1762588800000,161.05000000,162.07000000,160.30000000,161.56000000,93749.07800000
1762592400000,161.57000000,162.34000000,161.00000000,161.13000000,82948.49800000
1762596000000,161.13000000,161.25000000,160.52000000,160.82000000,72498.19100000
1762599600000,160.83000000,161.18000000,159.01000000,159.39000000,172512.73000000
1762603200000,159.39000000,159.70000000,158.78000000,159.43000000,84517.89400000
1762606800000,159.44000000,159.48000000,158.12000000,158.21000000,127693.27900000
1762610400000,158.22000000,158.53000000,156.80000000,157.67000000,174149.77400000
1762614000000,157.67000000,157.83000000,155.90000000,156.65000000,186259.97900000
1762617600000,156.65000000,157.38000000,155.80000000,156.76000000,134382.04300000
1762621200000,156.75000000,157.69000000,156.03000000,157.60000000,71865.34200000
1762624800000,157.59000000,158.18000000,156.94000000,157.96000000,77058.02500000
1762628400000,157.95000000,158.04000000,156.22000000,157.36000000,92622.58400000
1762632000000,157.36000000,158.28000000,157.22000000,157.69000000,106145.69900000
1762635600000,157.69000000,158.26000000,157.60000000,158.05000000,40158.28600000
1762639200000,158.05000000,158.40000000,157.62000000,158.02000000,38753.24200000
1762642800000,158.02000000,158.44000000,157.85000000,158.02000000,54274.01400000
1762646400000,158.01000000,158.02000000,156.60000000,156.84000000,54963.99600000
1762650000000,156.84000000,158.32000000,156.77000000,158.18000000,30916.59300000
1762653600000,158.17000000,158.18000000,155.72000000,156.02000000,121017.75700000
1762657200000,156.03000000,156.51000000,155.11000000,155.88000000,99182.14100000
1762660800000,155.89000000,157.64000000,155.85000000,157.23000000,140285.63000000
1762664400000,157.23000000,158.33000000,157.13000000,158.11000000,91151.00800000
1762668000000,158.12000000,159.12000000,157.85000000,158.26000000,83918.13300000
1762671600000,158.26000000,159.58000000,157.85000000,159.30000000,114511.82000000
1762675200000,159.29000000,159.69000000,158.76000000,159.46000000,59046.75200000
1762678800000,159.46000000,159.94000000,158.17000000,158.27000000,73600.20400000
1762682400000,158.26000000,158.45000000,157.28000000,158.44000000,56575.34700000
1762686000000,158.44000000,159.50000000,158.44000000,159.06000000,74354.86200000
1762689600000,159.06000000,159.97000000,158.59000000,159.10000000,94203.58500000
1762693200000,159.10000000,160.51000000,159.00000000,160.06000000,168503.25600000
1762696800000,160.05000000,163.12000000,159.26000000,160.15000000,542792.01500000
1762700400000,160.15000000,163.98000000,159.72000000,162.53000000,345997.62200000
1762704000000,162.53000000,163.17000000,161.81000000,162.93000000,115045.38500000
1762707600000,162.94000000,163.00000000,161.23000000,161.80000000,110431.30900000
1762711200000,161.80000000,164.08000000,161.35000000,163.99000000,121217.89100000
1762714800000,163.99000000,166.31000000,163.36000000,166.15000000,282139.87900000
1762718400000,166.16000000,166.36000000,165.01000000,165.33000000,177454.01500000
1762722000000,165.33000000,165.80000000,164.38000000,165.22000000,81850.43200000
1762725600000,165.22000000,165.67000000,164.12000000,165.44000000,74422.11600000
1762729200000,165.44000000,166.57000000,163.93000000,164.53000000,118207.82700000
1762732800000,164.53000000,168.37000000,163.42000000,167.50000000,263291.81500000
1762736400000,167.49000000,168.30000000,166.33000000,167.07000000,173174.60000000
1762740000000,167.08000000,168.00000000,166.40000000,167.76000000,138768.76300000
1762743600000,167.76000000,168.76000000,167.07000000,168.12000000,181151.83900000
1762747200000,168.13000000,168.92000000,166.67000000,168.03000000,167062.91100000
1762750800000,168.04000000,168.59000000,166.92000000,167.54000000,93058.12900000
1762754400000,167.55000000,167.75000000,166.38000000,166.94000000,91350.26200000
1762758000000,166.94000000,168.19000000,166.80000000,167.38000000,77954.18100000
1762761600000,167.38000000,167.44000000,166.11000000,166.64000000,114882.96600000
1762765200000,166.64000000,169.81000000,166.31000000,169.47000000,174129.26900000
1762768800000,169.48000000,169.65000000,168.00000000,168.35000000,145353.30400000
1762772400000,168.35000000,168.82000000,168.03000000,168.33000000,70180.85400000
1762776000000,168.32000000,168.50000000,166.93000000,168.13000000,157987.16600000
1762779600000,168.12000000,170.48000000,167.99000000,169.72000000,175012.43100000
1762783200000,169.72000000,169.73000000,165.26000000,166.15000000,300145.58200000
1762786800000,166.15000000,167.28000000,165.20000000,166.26000000,307415.99900000
1762790400000,166.26000000,167.06000000,165.25000000,166.11000000,268492.65800000
1762794000000,166.10000000,168.49000000,165.95000000,167.84000000,126942.89800000
1762797600000,167.83000000,168.12000000,165.66000000,165.66000000,113957.34200000
1762801200000,165.66000000,167.68000000,165.60000000,167.19000000,89645.86200000
1762804800000,167.19000000,168.41000000,166.85000000,167.85000000,114100.12200000
1762808400000,167.85000000,167.87000000,164.81000000,165.52000000,99471.96400000
1762812000000,165.52000000,167.80000000,165.14000000,167.64000000,119356.18500000
1762815600000,167.64000000,168.10000000,167.19000000,167.31000000,66074.02400000
1762819200000,167.31000000,167.61000000,166.00000000,167.51000000,71447.22800000
1762822800000,167.50000000,171.00000000,166.63000000,167.41000000,256478.02500000
1762826400000,167.41000000,171.00000000,166.25000000,170.28000000,215232.17400000
1762830000000,170.28000000,171.94000000,169.50000000,169.97000000,210410.92600000
1762833600000,169.97000000,170.11000000,166.57000000,166.92000000,196267.46900000
1762837200000,166.92000000,166.93000000,165.00000000,165.16000000,319156.46600000
1762840800000,165.16000000,165.32000000,163.57000000,164.95000000,291943.10800000
1762844400000,164.95000000,165.22000000,163.87000000,163.98000000,115577.50500000
1762848000000,163.98000000,164.93000000,163.60000000,164.01000000,96172.89500000
1762851600000,164.01000000,164.97000000,163.15000000,164.02000000,120651.19400000
1762855200000,164.02000000,164.38000000,162.70000000,163.77000000,261443.24500000
1762858800000,163.78000000,164.58000000,163.00000000,163.69000000,98181.05700000
1762862400000,163.69000000,164.37000000,162.56000000,163.34000000,113864.38600000
1762866000000,163.34000000,163.96000000,162.29000000,162.81000000,99199.64900000
1762869600000,162.80000000,163.28000000,160.91000000,163.00000000,386843.93400000
1762873200000,162.99000000,162.99000000,160.00000000,160.89000000,580929.39400000
1762876800000,160.88000000,161.22000000,159.70000000,160.64000000,238334.29000000
1762880400000,160.64000000,161.04000000,158.25000000,159.51000000,194186.30300000
1762884000000,159.50000000,159.80000000,158.37000000,158.96000000,78028.08400000
1762887600000,158.96000000,158.96000000,157.42000000,157.58000000,118871.01000000
1762891200000,157.59000000,157.87000000,156.27000000,156.77000000,136404.30100000
1762894800000,156.78000000,157.40000000,155.64000000,156.08000000,154943.78000000
1762898400000,156.08000000,157.27000000,155.52000000,156.68000000,140349.93000000
1762902000000,156.69000000,156.93000000,153.93000000,154.63000000,207187.86000000
1762905600000,154.63000000,155.32000000,153.59000000,153.83000000,192634.72600000
1762909200000,153.84000000,155.56000000,153.66000000,155.42000000,148967.09300000
1762912800000,155.41000000,155.58000000,153.73000000,154.30000000,148568.65600000
1762916400000,154.31000000,155.00000000,153.96000000,154.57000000,97059.18300000
1762920000000,154.58000000,155.05000000,154.20000000,154.95000000,63962.22400000
1762923600000,154.96000000,156.06000000,154.91000000,155.48000000,235182.10700000
1762927200000,155.48000000,156.49000000,155.35000000,155.93000000,154225.25000000
1762930800000,155.93000000,156.57000000,154.83000000,155.02000000,91023.72000000
1762934400000,155.03000000,158.14000000,155.00000000,158.00000000,260454.67700000
1762938000000,158.00000000,158.95000000,157.70000000,158.07000000,193950.91500000
1762941600000,158.08000000,160.47000000,157.99000000,160.29000000,203478.69100000
1762945200000,160.29000000,161.14000000,159.48000000,160.03000000,155768.84200000
1762948800000,160.03000000,160.77000000,159.09000000,159.85000000,188462.90100000
1762952400000,159.84000000,161.04000000,158.85000000,160.57000000,112348.81100000
1762956000000,160.58000000,161.06000000,157.12000000,158.57000000,260280.48000000
1762959600000,158.57000000,159.57000000,155.23000000,155.73000000,287167.21400000
1762963200000,155.73000000,156.21000000,152.17000000,152.79000000,416772.23900000
1762966800000,152.80000000,154.84000000,152.38000000,153.34000000,192786.57100000
1762970400000,153.33000000,154.21000000,152.78000000,152.78000000,134222.10600000
1762974000000,152.78000000,153.76000000,151.20000000,153.05000000,266522.06100000
1762977600000,153.04000000,154.68000000,152.54000000,153.75000000,107196.90300000
1762981200000,153.76000000,154.31000000,153.34000000,154.13000000,62567.03800000
1762984800000,154.13000000,154.14000000,152.72000000,153.89000000,78524.92400000
1762988400000,153.88000000,153.90000000,152.84000000,153.42000000,87078.13500000
1762992000000,153.43000000,154.40000000,152.41000000,153.01000000,123158.09100000
1762995600000,153.01000000,154.48000000,152.27000000,152.75000000,164481.84200000
1762999200000,152.75000000,153.39000000,152.41000000,152.90000000,73991.60900000
1763002800000,152.90000000,155.78000000,150.42000000,154.33000000,312684.62800000
1763006400000,154.33000000,154.93000000,153.40000000,154.30000000,155194.32100000
1763010000000,154.30000000,156.80000000,153.77000000,156.14000000,154552.82800000
1763013600000,156.14000000,157.12000000,155.72000000,156.72000000,179971.52800000
1763017200000,156.73000000,157.20000000,154.86000000,155.31000000,171154.88400000
1763020800000,155.30000000,156.49000000,154.92000000,155.93000000,70336.88100000
1763024400000,155.94000000,156.06000000,153.86000000,155.01000000,119010.40600000
1763028000000,155.02000000,156.17000000,154.88000000,155.43000000,105992.73900000
1763031600000,155.43000000,156.50000000,155.42000000,156.30000000,121931.93500000
1763035200000,156.30000000,156.96000000,155.78000000,156.43000000,125208.78800000
1763038800000,156.44000000,156.55000000,153.66000000,153.82000000,209212.87500000
1763042400000,153.83000000,156.71000000,152.26000000,155.30000000,312513.70900000
1763046000000,155.30000000,155.84000000,152.51000000,153.13000000,215742.85600000
1763049600000,153.12000000,153.41000000,150.73000000,151.10000000,266995.45200000
1763053200000,151.10000000,151.26000000,146.70000000,147.09000000,441064.63900000
1763056800000,147.09000000,147.77000000,144.52000000,145.43000000,436595.17200000
1763060400000,145.43000000,146.34000000,142.04000000,142.73000000,456238.74500000
1763064000000,142.73000000,143.28000000,141.04000000,142.73000000,375191.57900000
1763067600000,142.74000000,143.72000000,141.27000000,142.10000000,249284.02000000
1763071200000,142.10000000,144.84000000,141.75000000,144.59000000,227690.04000000
1763074800000,144.58000000,146.25000000,143.91000000,144.73000000,349990.13000000
1763078400000,144.74000000,145.26000000,142.94000000,143.33000000,272360.75300000
1763082000000,143.33000000,144.59000000,142.80000000,143.68000000,194144.71800000
1763085600000,143.68000000,145.68000000,143.65000000,145.32000000,104619.96200000
1763089200000,145.32000000,145.58000000,143.65000000,144.28000000,118574.64400000
1763092800000,144.27000000,144.37000000,138.71000000,141.93000000,675723.69900000
1763096400000,141.94000000,143.66000000,141.43000000,143.18000000,229329.90100000
1763100000000,143.18000000,144.12000000,140.00000000,143.94000000,283208.85700000
1763103600000,143.94000000,144.48000000,142.39000000,142.85000000,244376.63300000
1763107200000,142.85000000,142.96000000,141.40000000,142.49000000,149817.46700000
1763110800000,142.48000000,143.19000000,140.51000000,140.93000000,172877.28900000
1763114400000,140.93000000,142.91000000,140.84000000,141.95000000,136787.01300000
1763118000000,141.95000000,142.20000000,139.84000000,140.77000000,310023.16600000
1763121600000,140.76000000,140.76000000,135.76000000,138.72000000,649582.62200000
1763125200000,138.72000000,139.78000000,135.95000000,138.95000000,546774.32500000
1763128800000,138.95000000,142.85000000,137.54000000,142.21000000,574758.88600000
1763132400000,142.21000000,143.76000000,140.21000000,142.23000000,336176.27400000
1763136000000,142.23000000,144.22000000,141.57000000,143.42000000,286299.10600000
1763139600000,143.42000000,143.95000000,140.57000000,141.42000000,165569.86000000
1763143200000,141.42000000,142.92000000,140.70000000,141.29000000,127696.07900000
1763146800000,141.29000000,143.59000000,140.96000000,143.14000000,105874.50800000
1763150400000,143.14000000,143.24000000,139.29000000,139.63000000,141865.63200000
1763154000000,139.64000000,141.23000000,139.10000000,140.66000000,110315.92900000
1763157600000,140.66000000,141.80000000,139.63000000,140.32000000,82372.00600000
1763161200000,140.33000000,140.33000000,137.20000000,138.92000000,157295.81800000
1763164800000,138.93000000,141.31000000,138.75000000,141.11000000,104138.69900000
1763168400000,141.11000000,142.35000000,140.27000000,142.03000000,121875.37900000
1763172000000,142.02000000,143.18000000,141.59000000,143.10000000,155015.17200000
1763175600000,143.09000000,143.35000000,142.43000000,142.53000000,104831.33700000
1763179200000,142.54000000,143.10000000,141.81000000,142.40000000,78301.29100000
1763182800000,142.40000000,143.18000000,142.32000000,142.83000000,83304.87400000
1763186400000,142.84000000,143.59000000,142.35000000,142.66000000,96831.45400000
1763190000000,142.67000000,143.37000000,142.33000000,142.76000000,62615.51500000
1763193600000,142.75000000,142.84000000,140.50000000,140.79000000,92333.53500000
1763197200000,140.79000000,141.70000000,140.51000000,140.95000000,110790.62300000
1763200800000,140.95000000,141.41000000,140.59000000,141.22000000,86318.52200000
1763204400000,141.23000000,141.39000000,139.97000000,140.22000000,69312.31100000
1763208000000,140.21000000,141.02000000,139.98000000,140.89000000,63627.07500000
1763211600000,140.89000000,141.95000000,140.61000000,141.66000000,134004.74500000
1763215200000,141.66000000,141.75000000,140.76000000,141.49000000,71914.79700000
1763218800000,141.49000000,142.26000000,141.25000000,141.72000000,75814.12800000
1763222400000,141.72000000,142.84000000,140.81000000,142.76000000,119171.66400000
1763226000000,142.77000000,144.69000000,142.53000000,143.44000000,195745.05000000
1763229600000,143.43000000,143.45000000,142.19000000,142.50000000,86459.03400000
1763233200000,142.50000000,142.92000000,141.72000000,141.77000000,50185.33300000
1763236800000,141.78000000,141.96000000,140.13000000,140.43000000,92292.20900000
1763240400000,140.43000000,140.83000000,138.61000000,138.98000000,111272.53400000
1763244000000,138.98000000,140.02000000,138.65000000,139.85000000,113548.58800000
1763247600000,139.85000000,140.20000000,139.47000000,139.61000000,71774.15300000
1763251200000,139.60000000,139.79000000,138.63000000,139.25000000,85737.46100000
1763254800000,139.24000000,139.53000000,137.39000000,138.78000000,135933.91700000
1763258400000,138.78000000,140.86000000,138.45000000,140.85000000,97946.38100000
1763262000000,140.86000000,141.52000000,140.28000000,141.43000000,89479.55500000
1763265600000,141.43000000,141.63000000,140.73000000,141.36000000,50967.95800000
1763269200000,141.36000000,142.22000000,141.27000000,141.46000000,77621.33400000
1763272800000,141.46000000,142.17000000,141.33000000,141.68000000,48266.00500000
1763276400000,141.69000000,142.46000000,141.21000000,142.31000000,72447.44300000
1763280000000,142.31000000,142.63000000,141.63000000,142.21000000,49236.39800000
1763283600000,142.21000000,143.38000000,141.38000000,143.29000000,90115.79900000
1763287200000,143.28000000,143.34000000,142.70000000,142.93000000,87842.61500000
1763290800000,142.94000000,143.12000000,139.50000000,139.92000000,209112.67200000
1763294400000,139.91000000,140.63000000,139.10000000,140.04000000,151374.85100000
1763298000000,140.04000000,140.58000000,138.82000000,139.47000000,105014.60800000
1763301600000,139.46000000,140.85000000,139.46000000,140.43000000,68078.19200000
1763305200000,140.43000000,140.48000000,137.15000000,137.48000000,176083.24600000
1763308800000,137.47000000,138.23000000,135.38000000,135.73000000,359387.48100000
1763312400000,135.73000000,136.43000000,134.42000000,135.83000000,301285.49000000
1763316000000,135.83000000,138.51000000,135.25000000,135.84000000,296909.87800000
1763319600000,135.84000000,138.03000000,135.74000000,136.83000000,155751.82500000
1763323200000,136.83000000,138.17000000,136.63000000,136.65000000,108609.58200000
1763326800000,136.65000000,136.78000000,135.43000000,136.43000000,140368.52500000
1763330400000,136.44000000,137.95000000,135.09000000,137.31000000,151009.51600000
1763334000000,137.31000000,138.14000000,134.91000000,137.17000000,276853.55200000
1763337600000,137.17000000,139.51000000,136.09000000,139.17000000,228169.87500000
1763341200000,139.17000000,139.49000000,138.14000000,138.26000000,165881.29300000
1763344800000,138.26000000,139.36000000,137.96000000,138.89000000,129072.66900000
1763348400000,138.89000000,140.79000000,138.86000000,140.28000000,155052.22700000
1763352000000,140.28000000,140.80000000,139.66000000,140.36000000,120524.99700000
1763355600000,140.36000000,140.83000000,139.85000000,140.60000000,71962.41300000
1763359200000,140.59000000,141.56000000,140.13000000,141.38000000,96905.79600000
1763362800000,141.38000000,141.85000000,141.09000000,141.33000000,92327.49600000
1763366400000,141.33000000,141.79000000,141.01000000,141.35000000,161140.06300000
1763370000000,141.35000000,142.64000000,140.94000000,142.00000000,166566.40900000
1763373600000,142.00000000,142.52000000,141.80000000,142.27000000,116200.98800000
1763377200000,142.27000000,142.80000000,141.72000000,141.90000000,86603.06700000
1763380800000,141.90000000,142.65000000,141.56000000,141.78000000,111029.25800000
1763384400000,141.79000000,141.99000000,137.14000000,138.03000000,408515.36200000
1763388000000,138.02000000,143.28000000,136.80000000,140.14000000,559509.65700000
1763391600000,140.15000000,140.80000000,136.86000000,137.16000000,294999.01300000
1763395200000,137.16000000,137.21000000,133.30000000,135.88000000,620189.11300000
1763398800000,135.87000000,135.94000000,131.75000000,132.04000000,422549.73500000
1763402400000,132.03000000,133.17000000,130.44000000,130.52000000,417655.62700000
1763406000000,130.52000000,131.33000000,129.37000000,129.65000000,416318.59200000
1763409600000,129.64000000,130.88000000,128.82000000,130.31000000,321649.46400000
1763413200000,130.32000000,131.01000000,129.83000000,130.70000000,175208.23300000
1763416800000,130.70000000,131.97000000,130.30000000,131.31000000,151501.06700000
1763420400000,131.31000000,131.77000000,130.25000000,130.99000000,135188.36100000
1763424000000,131.00000000,131.54000000,129.00000000,131.30000000,207514.28100000
1763427600000,131.30000000,132.39000000,130.96000000,131.96000000,151979.98600000
1763431200000,131.95000000,134.67000000,130.45000000,132.40000000,407215.30200000
1763434800000,132.39000000,135.23000000,131.40000000,134.51000000,433651.12600000
1763438400000,134.52000000,136.11000000,132.52000000,135.53000000,353286.25300000
1763442000000,135.54000000,136.78000000,134.92000000,135.95000000,300257.67800000
1763445600000,135.95000000,137.17000000,135.02000000,135.70000000,482489.82900000
1763449200000,135.69000000,137.81000000,135.03000000,136.92000000,340341.75800000
1763452800000,136.93000000,138.27000000,136.93000000,137.76000000,213799.97700000
1763456400000,137.77000000,138.17000000,136.47000000,137.85000000,196859.45800000
1763460000000,137.84000000,139.12000000,137.60000000,137.98000000,182771.31500000
1763463600000,137.98000000,138.21000000,137.28000000,137.88000000,115247.76100000
1763467200000,137.88000000,138.60000000,136.99000000,138.23000000,165892.97500000
1763470800000,138.23000000,138.40000000,136.84000000,138.29000000,153943.59100000
1763474400000,138.28000000,139.89000000,137.50000000,137.50000000,264594.31300000
1763478000000,137.50000000,142.17000000,137.20000000,139.70000000,493333.75900000
1763481600000,139.70000000,142.00000000,138.77000000,141.09000000,328742.56800000
1763485200000,141.09000000,141.18000000,139.32000000,140.05000000,119571.90900000
1763488800000,140.06000000,141.83000000,140.00000000,141.46000000,104864.99500000
1763492400000,141.47000000,142.12000000,140.90000000,141.44000000,104291.79700000
1763496000000,141.45000000,142.12000000,141.13000000,141.13000000,116006.09300000
1763499600000,141.13000000,141.58000000,139.66000000,139.74000000,104985.52200000
1763503200000,139.75000000,141.89000000,139.71000000,141.43000000,126442.72300000
1763506800000,141.44000000,141.61000000,140.46000000,140.69000000,60763.84100000
1763510400000,140.68000000,141.65000000,139.29000000,141.15000000,162654.70800000
1763514000000,141.16000000,141.80000000,139.82000000,140.38000000,142832.82600000
1763517600000,140.38000000,142.84000000,140.04000000,142.20000000,131761.45500000
1763521200000,142.20000000,142.47000000,139.44000000,139.81000000,182358.71700000
1763524800000,139.80000000,140.25000000,138.39000000,138.66000000,129536.00000000
1763528400000,138.67000000,139.14000000,137.12000000,138.00000000,269654.55200000
1763532000000,138.00000000,139.33000000,137.60000000,139.06000000,143798.40000000
1763535600000,139.07000000,141.14000000,138.97000000,140.58000000,118026.33600000
1763539200000,140.57000000,141.03000000,139.78000000,140.18000000,111978.00900000
1763542800000,140.18000000,140.19000000,139.00000000,139.71000000,97352.56700000
1763546400000,139.72000000,140.33000000,139.24000000,139.54000000,55620.48600000
1763550000000,139.55000000,139.82000000,138.35000000,138.56000000,103719.92900000
1763553600000,138.57000000,139.23000000,138.18000000,138.95000000,92181.81500000
1763557200000,138.95000000,138.96000000,136.69000000,136.73000000,183347.95100000
1763560800000,136.74000000,137.86000000,136.00000000,137.23000000,304852.19500000
1763564400000,137.23000000,139.08000000,134.42000000,134.62000000,420610.20500000
1763568000000,134.61000000,135.45000000,132.86000000,133.39000000,330681.95100000
1763571600000,133.38000000,133.81000000,131.34000000,132.21000000,201676.92500000
1763575200000,132.20000000,132.51000000,130.53000000,131.51000000,181860.29200000
1763578800000,131.51000000,132.11000000,130.83000000,131.74000000,130180.57900000
1763582400000,131.74000000,133.56000000,131.36000000,133.21000000,180935.02500000
1763586000000,133.21000000,136.00000000,132.73000000,135.45000000,317848.86000000
1763589600000,135.45000000,135.70000000,134.21000000,135.57000000,140597.86800000
1763593200000,135.57000000,137.06000000,135.40000000,137.06000000,134399.39300000
1763596800000,137.06000000,138.14000000,136.38000000,137.72000000,149884.89400000
1763600400000,137.73000000,139.82000000,137.47000000,139.67000000,154066.03000000
1763604000000,139.67000000,144.22000000,139.37000000,143.67000000,807871.88300000
1763607600000,143.67000000,144.46000000,142.89000000,143.18000000,265283.70800000
1763611200000,143.18000000,144.74000000,142.40000000,144.66000000,220774.31100000
1763614800000,144.67000000,144.80000000,143.62000000,144.10000000,182969.67900000
1763618400000,144.10000000,144.33000000,142.19000000,142.84000000,177630.75000000
1763622000000,142.85000000,143.89000000,142.72000000,143.80000000,140853.39900000
1763625600000,143.80000000,143.96000000,142.89000000,143.39000000,182742.29700000
1763629200000,143.39000000,143.42000000,141.39000000,142.04000000,169553.47800000
1763632800000,142.05000000,142.34000000,141.07000000,142.26000000,149938.27700000
1763636400000,142.26000000,142.50000000,141.54000000,142.12000000,100270.58300000
1763640000000,142.12000000,142.47000000,141.36000000,142.02000000,152673.58800000
1763643600000,142.02000000,143.39000000,140.50000000,140.70000000,329007.22400000
1763647200000,140.70000000,141.53000000,138.98000000,140.95000000,291849.32800000
1763650800000,140.95000000,141.11000000,138.35000000,138.57000000,228662.92100000
1763654400000,138.56000000,138.74000000,131.56000000,132.65000000,1148919.17600000
1763658000000,132.64000000,133.15000000,131.11000000,132.81000000,614388.74100000
1763661600000,132.80000000,134.58000000,132.01000000,132.57000000,473340.17000000
1763665200000,132.56000000,134.47000000,131.63000000,133.92000000,270486.25700000
1763668800000,133.91000000,134.67000000,132.66000000,133.69000000,308409.62200000
1763672400000,133.69000000,135.29000000,133.58000000,134.13000000,213970.22800000
1763676000000,134.13000000,136.68000000,133.97000000,136.45000000,144207.45700000
1763679600000,136.45000000,136.55000000,133.31000000,133.67000000,170500.22300000
1763683200000,133.67000000,135.06000000,133.63000000,134.19000000,157891.53600000
1763686800000,134.19000000,135.05000000,133.61000000,134.24000000,151515.11600000
1763690400000,134.24000000,134.66000000,131.03000000,131.39000000,281096.57200000
1763694000000,131.38000000,133.64000000,131.37000000,132.62000000,260874.76700000
1763697600000,132.62000000,133.06000000,130.47000000,132.64000000,211279.50100000
1763701200000,132.64000000,133.10000000,131.58000000,132.09000000,116158.79200000
1763704800000,132.10000000,132.37000000,130.55000000,130.87000000,246425.56400000
1763708400000,130.87000000,131.39000000,122.20000000,127.55000000,1369424.62000000
1763712000000,127.55000000,129.45000000,126.87000000,128.10000000,466164.39600000
1763715600000,128.10000000,128.96000000,125.47000000,125.50000000,379806.95300000
1763719200000,125.50000000,126.59000000,124.85000000,125.09000000,473173.75700000
1763722800000,125.09000000,126.37000000,123.79000000,124.32000000,350373.85600000
1763726400000,124.32000000,127.26000000,121.66000000,126.25000000,816743.09200000
1763730000000,126.25000000,128.34000000,125.58000000,127.21000000,469647.99700000
1763733600000,127.21000000,129.61000000,126.22000000,128.62000000,412464.00600000
1763737200000,128.62000000,129.00000000,124.78000000,125.41000000,388528.13700000
1763740800000,125.40000000,128.83000000,123.58000000,128.66000000,404122.54800000
1763744400000,128.65000000,130.62000000,128.35000000,129.22000000,339816.12300000
1763748000000,129.23000000,130.39000000,126.54000000,129.54000000,236937.24100000
1763751600000,129.54000000,129.88000000,127.55000000,128.12000000,130141.01900000
1763755200000,128.12000000,128.40000000,125.95000000,127.18000000,214586.62400000
1763758800000,127.18000000,129.35000000,126.67000000,128.87000000,144654.36000000
1763762400000,128.88000000,129.36000000,125.43000000,125.49000000,131169.84800000
1763766000000,125.49000000,128.88000000,125.11000000,128.68000000,132889.26800000
1763769600000,128.69000000,129.44000000,127.98000000,128.46000000,138335.79500000
1763773200000,128.46000000,129.94000000,128.39000000,129.48000000,96098.03800000
1763776800000,129.49000000,129.63000000,127.27000000,128.03000000,107858.18900000
1763780400000,128.04000000,128.43000000,126.82000000,127.13000000,134577.72000000
1763784000000,127.13000000,127.42000000,125.68000000,126.99000000,146315.13100000
1763787600000,127.00000000,127.30000000,125.38000000,126.25000000,120401.92800000
1763791200000,126.25000000,128.29000000,125.35000000,128.06000000,126995.63500000
1763794800000,128.07000000,128.39000000,127.36000000,127.74000000,125936.44700000
1763798400000,127.74000000,127.74000000,125.50000000,125.93000000,126589.62300000
1763802000000,125.93000000,127.55000000,125.69000000,126.47000000,111914.48800000
1763805600000,126.47000000,127.21000000,125.57000000,125.92000000,82198.60100000
1763809200000,125.92000000,127.47000000,125.32000000,126.68000000,154392.43100000
1763812800000,126.68000000,126.72000000,125.22000000,125.81000000,98532.07400000
1763816400000,125.81000000,126.42000000,125.08000000,125.62000000,67325.09200000
1763820000000,125.62000000,127.51000000,125.53000000,127.13000000,85397.30400000
1763823600000,127.12000000,127.79000000,126.16000000,127.13000000,189373.88400000
1763827200000,127.13000000,128.60000000,126.86000000,128.21000000,146990.49700000
1763830800000,128.21000000,128.45000000,127.30000000,127.61000000,122736.36700000
1763834400000,127.61000000,128.06000000,127.41000000,127.77000000,68720.96000000
1763838000000,127.78000000,128.09000000,126.79000000,127.20000000,76256.57000000
1763841600000,127.20000000,127.64000000,126.10000000,126.45000000,61764.90200000
1763845200000,126.44000000,126.84000000,126.12000000,126.64000000,38954.55000000
1763848800000,126.64000000,128.92000000,126.20000000,128.25000000,103044.52400000
1763852400000,128.24000000,128.47000000,127.30000000,127.59000000,81777.10900000
1763856000000,127.60000000,128.65000000,127.56000000,128.03000000,73607.29500000
1763859600000,128.04000000,129.86000000,127.88000000,129.46000000,198977.92300000
1763863200000,129.46000000,130.80000000,129.11000000,130.05000000,137826.74300000
1763866800000,130.04000000,130.41000000,129.38000000,129.96000000,80616.50500000
1763870400000,129.95000000,131.90000000,129.95000000,130.74000000,153771.53300000
1763874000000,130.74000000,130.93000000,130.20000000,130.53000000,83991.15100000
1763877600000,130.53000000,130.91000000,129.16000000,129.34000000,86050.76900000
1763881200000,129.34000000,129.42000000,128.11000000,128.86000000,167440.28100000
1763884800000,128.86000000,129.78000000,128.83000000,129.68000000,71726.79800000
1763888400000,129.68000000,130.99000000,129.45000000,130.09000000,104001.11000000
1763892000000,130.08000000,130.19000000,129.42000000,129.96000000,49388.57000000
1763895600000,129.95000000,130.00000000,129.02000000,129.75000000,74999.81000000
1763899200000,129.76000000,131.72000000,129.65000000,130.88000000,199741.85300000
1763902800000,130.89000000,131.73000000,130.34000000,131.58000000,131458.95500000
1763906400000,131.57000000,132.75000000,130.50000000,130.75000000,179426.29200000
1763910000000,130.74000000,133.13000000,130.43000000,132.87000000,249949.64300000
1763913600000,132.88000000,133.47000000,131.73000000,131.79000000,152503.54400000
1763917200000,131.78000000,131.91000000,130.84000000,131.39000000,114516.98800000
1763920800000,131.39000000,132.93000000,131.38000000,132.19000000,81976.82100000
1763924400000,132.20000000,133.10000000,131.98000000,132.38000000,64287.96200000
1763928000000,132.39000000,132.85000000,132.09000000,132.64000000,47015.28900000
1763931600000,132.63000000,133.54000000,131.52000000,133.14000000,86247.57900000
1763935200000,133.15000000,133.32000000,132.28000000,132.67000000,76704.61500000
1763938800000,132.67000000,132.87000000,130.52000000,130.58000000,152487.16100000
1763942400000,130.58000000,132.11000000,129.31000000,130.81000000,228619.11500000
1763946000000,130.81000000,131.76000000,130.00000000,131.49000000,109123.98300000
1763949600000,131.50000000,134.40000000,131.42000000,133.39000000,223678.52700000
1763953200000,133.40000000,134.41000000,132.84000000,133.43000000,105795.82000000
1763956800000,133.42000000,133.54000000,130.60000000,131.38000000,220646.59300000
1763960400000,131.38000000,133.93000000,131.21000000,132.96000000,147144.17000000
1763964000000,132.95000000,133.03000000,130.67000000,131.18000000,210087.63700000
1763967600000,131.17000000,131.43000000,130.19000000,130.34000000,158551.07700000
1763971200000,130.33000000,130.76000000,129.63000000,130.58000000,158759.21700000
1763974800000,130.58000000,130.68000000,128.44000000,128.89000000,149244.12600000
1763978400000,128.90000000,129.47000000,128.76000000,129.23000000,91624.79900000
1763982000000,129.23000000,129.93000000,128.78000000,129.62000000,88531.99200000
1763985600000,129.61000000,130.00000000,129.00000000,129.53000000,127532.95900000
1763989200000,129.52000000,130.58000000,129.38000000,129.76000000,161123.03700000
1763992800000,129.75000000,131.62000000,128.54000000,130.75000000,325442.20400000
1763996400000,130.75000000,132.60000000,130.03000000,131.94000000,251356.12100000
1764000000000,131.93000000,134.42000000,131.82000000,133.70000000,378960.58300000
1764003600000,133.71000000,137.19000000,133.58000000,136.91000000,413147.99700000
1764007200000,136.92000000,138.00000000,136.48000000,137.41000000,224171.62300000
1764010800000,137.41000000,137.82000000,136.67000000,137.24000000,154940.91300000
1764014400000,137.24000000,139.36000000,137.24000000,139.00000000,424561.35200000
1764018000000,138.99000000,139.18000000,138.04000000,138.97000000,145868.71700000
1764021600000,138.97000000,139.87000000,138.44000000,139.05000000,162768.68000000
1764025200000,139.04000000,139.22000000,138.20000000,138.44000000,83175.80400000
1764028800000,138.43000000,138.99000000,137.64000000,138.43000000,133534.22200000
1764032400000,138.43000000,138.98000000,137.77000000,137.81000000,81011.20900000
1764036000000,137.82000000,138.39000000,137.25000000,138.18000000,75068.53500000
1764039600000,138.17000000,138.67000000,137.28000000,137.80000000,50046.48100000
1764043200000,137.80000000,138.97000000,137.73000000,138.55000000,57801.61800000
1764046800000,138.54000000,138.83000000,137.86000000,138.58000000,57455.94000000
1764050400000,138.57000000,138.63000000,137.41000000,138.17000000,69398.94900000
1764054000000,138.18000000,138.20000000,136.30000000,136.33000000,98700.51700000
1764057600000,136.33000000,136.70000000,135.15000000,135.44000000,171271.51000000
1764061200000,135.44000000,136.35000000,134.73000000,136.29000000,135282.07800000
1764064800000,136.30000000,136.84000000,135.86000000,136.62000000,96072.97200000
1764068400000,136.63000000,136.74000000,135.95000000,136.29000000,114107.79800000
1764072000000,136.29000000,136.98000000,135.66000000,136.32000000,159363.01800000
1764075600000,136.31000000,136.97000000,135.17000000,135.47000000,158756.19700000
1764079200000,135.47000000,136.24000000,133.13000000,134.69000000,260512.68500000
1764082800000,134.69000000,135.50000000,133.45000000,134.86000000,194538.07400000
1764086400000,134.86000000,137.08000000,134.54000000,136.07000000,124460.05900000
1764090000000,136.06000000,138.02000000,135.73000000,136.91000000,161785.00800000
1764093600000,136.92000000,137.69000000,136.30000000,136.34000000,104837.73400000
1764097200000,136.34000000,136.74000000,134.24000000,136.72000000,180068.09700000
1764100800000,136.73000000,138.03000000,136.27000000,137.75000000,97311.99100000
1764104400000,137.75000000,138.13000000,136.98000000,137.17000000,66844.90400000
1764108000000,137.17000000,139.59000000,135.98000000,138.99000000,152810.85500000
1764111600000,138.98000000,140.50000000,138.56000000,138.96000000,193779.40200000
1764115200000,138.96000000,139.87000000,138.81000000,139.04000000,86446.13600000
1764118800000,139.04000000,140.68000000,138.57000000,140.02000000,121096.37000000
1764122400000,140.01000000,140.23000000,139.06000000,139.25000000,112160.33600000
1764126000000,139.26000000,139.78000000,137.92000000,138.15000000,146926.09100000
1764129600000,138.15000000,138.55000000,137.72000000,138.04000000,96227.96100000
1764133200000,138.04000000,139.29000000,137.99000000,139.02000000,57607.93700000
1764136800000,139.01000000,139.77000000,138.41000000,139.56000000,136351.85100000
1764140400000,139.56000000,139.95000000,139.10000000,139.89000000,132565.57800000
1764144000000,139.88000000,139.93000000,137.91000000,137.93000000,139358.79500000
1764147600000,137.93000000,138.14000000,136.21000000,136.72000000,193774.63200000
1764151200000,136.72000000,137.45000000,136.61000000,137.27000000,87645.59600000
1764154800000,137.28000000,137.38000000,136.60000000,136.87000000,61401.06600000
1764158400000,136.86000000,137.10000000,135.56000000,135.65000000,121626.21400000
1764162000000,135.64000000,136.92000000,135.50000000,136.73000000,109079.84000000
1764165600000,136.73000000,138.29000000,135.70000000,136.32000000,359740.48200000
1764169200000,136.31000000,137.45000000,135.78000000,136.66000000,297739.16400000
1764172800000,136.67000000,138.10000000,136.46000000,137.06000000,142314.68200000
1764176400000,137.07000000,141.04000000,136.75000000,140.75000000,251692.60100000
1764180000000,140.76000000,144.71000000,140.70000000,144.63000000,649135.12500000
1764183600000,144.64000000,144.75000000,143.67000000,143.99000000,224497.30300000
1764187200000,143.99000000,144.03000000,142.53000000,142.91000000,153933.85600000
1764190800000,142.90000000,144.23000000,142.85000000,143.53000000,112824.97500000
1764194400000,143.52000000,144.11000000,142.80000000,143.06000000,147618.87400000
1764198000000,143.05000000,143.45000000,142.51000000,143.02000000,80097.20500000
1764201600000,143.01000000,143.75000000,142.23000000,142.83000000,96769.59200000
1764205200000,142.84000000,143.70000000,142.07000000,143.31000000,92892.92500000
1764208800000,143.30000000,144.14000000,142.80000000,143.00000000,118141.46100000
1764212400000,143.00000000,143.72000000,142.35000000,142.52000000,119839.83700000
1764216000000,142.52000000,143.03000000,142.33000000,142.87000000,65204.05100000
1764219600000,142.86000000,143.49000000,142.55000000,142.77000000,78428.19500000
1764223200000,142.78000000,144.14000000,142.77000000,143.95000000,94752.09700000
1764226800000,143.96000000,144.29000000,143.61000000,143.77000000,96924.29900000
1764230400000,143.77000000,143.90000000,142.12000000,142.59000000,102248.33900000
1764234000000,142.60000000,143.06000000,141.65000000,141.74000000,92590.25300000
1764237600000,141.74000000,142.35000000,141.51000000,142.31000000,74771.96400000
1764241200000,142.32000000,142.34000000,141.67000000,142.08000000,55750.66800000
1764244800000,142.08000000,142.19000000,140.99000000,141.13000000,87751.21300000
1764248400000,141.13000000,141.54000000,140.67000000,141.24000000,110106.88400000
1764252000000,141.24000000,141.80000000,140.85000000,141.26000000,95642.33900000
1764255600000,141.26000000,142.54000000,141.07000000,142.15000000,113880.48900000
1764259200000,142.15000000,142.46000000,141.60000000,142.20000000,160650.90100000
1764262800000,142.20000000,142.28000000,141.43000000,141.61000000,157954.82500000
1764266400000,141.60000000,143.15000000,141.52000000,142.94000000,164111.13100000
1764270000000,142.93000000,142.94000000,142.25000000,142.73000000,65815.84700000
1764273600000,142.73000000,142.91000000,142.42000000,142.48000000,72313.45400000
1764277200000,142.47000000,142.56000000,141.79000000,141.93000000,77516.68800000
1764280800000,141.93000000,142.04000000,140.51000000,140.82000000,86058.87200000
1764284400000,140.81000000,141.45000000,140.47000000,140.85000000,51556.86500000
1764288000000,140.85000000,141.45000000,140.49000000,141.00000000,52114.40100000
1764291600000,141.01000000,141.05000000,138.85000000,139.05000000,141229.85300000
1764295200000,139.06000000,139.63000000,138.59000000,139.49000000,91495.23800000
1764298800000,139.50000000,139.87000000,139.16000000,139.68000000,129251.38100000
1764302400000,139.68000000,140.25000000,139.55000000,140.07000000,60001.82400000
1764306000000,140.06000000,140.60000000,139.86000000,140.37000000,140098.21400000
1764309600000,140.37000000,140.37000000,139.21000000,139.47000000,69624.46300000
1764313200000,139.47000000,140.05000000,138.97000000,138.97000000,67705.01600000
1764316800000,138.98000000,141.62000000,138.95000000,141.48000000,124927.14700000
1764320400000,141.48000000,142.64000000,141.04000000,141.70000000,289113.66100000
1764324000000,141.69000000,142.38000000,141.58000000,142.07000000,110856.98900000
1764327600000,142.08000000,142.08000000,139.96000000,140.99000000,89863.56200000
1764331200000,140.99000000,141.56000000,140.77000000,140.79000000,133936.72300000
1764334800000,140.80000000,143.40000000,140.43000000,142.51000000,216782.35600000
1764338400000,142.52000000,143.55000000,141.72000000,142.59000000,231677.59200000
1764342000000,142.59000000,143.60000000,141.31000000,141.61000000,354783.50300000
1764345600000,141.62000000,141.65000000,138.76000000,138.79000000,253093.09300000
1764349200000,138.80000000,138.84000000,136.77000000,137.18000000,290685.01400000
1764352800000,137.18000000,137.54000000,136.01000000,137.18000000,222105.91500000
1764356400000,137.18000000,137.99000000,137.05000000,137.53000000,130868.75500000
1764360000000,137.54000000,137.98000000,136.93000000,137.90000000,78347.81000000
1764363600000,137.90000000,138.04000000,137.31000000,137.40000000,52132.40100000
1764367200000,137.40000000,137.88000000,136.59000000,137.81000000,116847.19200000
1764370800000,137.80000000,138.30000000,137.28000000,137.33000000,54967.92800000
1764374400000,137.33000000,137.89000000,137.15000000,137.66000000,59041.01400000
1764378000000,137.65000000,137.84000000,137.26000000,137.41000000,45712.70200000
1764381600000,137.42000000,137.71000000,136.89000000,137.21000000,87470.18300000
1764385200000,137.20000000,137.40000000,136.70000000,136.83000000,54531.50000000
1764388800000,136.84000000,137.72000000,136.84000000,137.64000000,41405.20600000
1764392400000,137.65000000,137.66000000,137.14000000,137.22000000,60045.13000000
1764396000000,137.22000000,137.60000000,136.22000000,137.11000000,162032.31200000
1764399600000,137.11000000,137.55000000,136.93000000,137.28000000,52995.01300000
1764403200000,137.28000000,137.48000000,136.64000000,136.98000000,84762.58200000
1764406800000,136.98000000,137.12000000,136.60000000,136.67000000,61895.57200000
1764410400000,136.68000000,137.01000000,136.39000000,136.82000000,73404.53200000
1764414000000,136.81000000,137.37000000,136.66000000,137.33000000,45066.19000000
1764417600000,137.33000000,137.47000000,136.87000000,136.94000000,39342.96500000
1764421200000,136.94000000,137.08000000,136.67000000,136.91000000,44345.38700000
1764424800000,136.91000000,136.91000000,136.50000000,136.54000000,42988.30700000
1764428400000,136.54000000,137.66000000,136.54000000,137.58000000,107679.38700000
1764432000000,137.58000000,137.84000000,137.05000000,137.66000000,64119.84000000
1764435600000,137.67000000,138.10000000,136.07000000,136.19000000,173154.74100000
1764439200000,136.19000000,136.35000000,134.76000000,135.69000000,216814.77300000
1764442800000,135.69000000,136.24000000,135.42000000,135.68000000,72615.37200000
1764446400000,135.67000000,136.33000000,135.33000000,136.23000000,59025.38600000
1764450000000,136.24000000,136.52000000,135.76000000,136.46000000,36682.60200000
1764453600000,136.45000000,136.46000000,135.38000000,135.81000000,121295.74500000
1764457200000,135.82000000,136.20000000,135.49000000,135.91000000,52894.73000000
1764460800000,135.92000000,136.45000000,135.73000000,135.95000000,93845.17900000
1764464400000,135.95000000,136.61000000,135.86000000,136.29000000,114935.77700000
1764468000000,136.30000000,136.80000000,135.85000000,135.93000000,105466.42600000
1764471600000,135.92000000,136.50000000,135.25000000,136.40000000,116839.28600000
1764475200000,136.41000000,136.95000000,136.22000000,136.34000000,65092.34100000
1764478800000,136.35000000,136.35000000,135.57000000,135.77000000,41459.43000000
1764482400000,135.77000000,136.49000000,135.52000000,136.33000000,67203.65200000
1764486000000,136.33000000,136.72000000,136.19000000,136.53000000,63671.39800000
1764489600000,136.52000000,137.09000000,136.12000000,136.81000000,111045.09500000
1764493200000,136.81000000,137.10000000,136.46000000,136.82000000,63055.05900000
1764496800000,136.82000000,136.96000000,136.52000000,136.68000000,44352.39000000
1764500400000,136.67000000,136.90000000,136.23000000,136.42000000,35599.50300000
1764504000000,136.43000000,137.73000000,136.20000000,137.58000000,107166.54200000
1764507600000,137.58000000,140.19000000,137.33000000,139.26000000,307421.58800000
1764511200000,139.26000000,139.47000000,138.13000000,138.51000000,203846.27200000
1764514800000,138.51000000,138.54000000,137.51000000,138.33000000,83536.33300000
1764518400000,138.34000000,139.82000000,138.29000000,139.52000000,116194.66200000
1764522000000,139.52000000,139.52000000,138.36000000,138.46000000,111076.85300000
1764525600000,138.47000000,138.64000000,137.86000000,138.61000000,90928.52600000
1764529200000,138.61000000,138.67000000,137.37000000,137.63000000,108764.09100000
1764532800000,137.62000000,137.93000000,136.87000000,137.30000000,101103.66200000
1764536400000,137.29000000,137.40000000,136.62000000,137.04000000,78211.95600000
1764540000000,137.03000000,137.89000000,136.99000000,137.72000000,64844.11900000
1764543600000,137.72000000,137.79000000,133.26000000,133.48000000,312505.18900000
1764547200000,133.48000000,133.74000000,127.53000000,127.57000000,958104.52600000
1764550800000,127.57000000,129.33000000,127.46000000,127.96000000,252307.44500000
1764554400000,127.96000000,128.66000000,127.47000000,127.57000000,236817.85900000
1764558000000,127.58000000,127.58000000,126.53000000,126.97000000,167417.96700000
1764561600000,126.97000000,127.05000000,126.19000000,126.38000000,156787.12800000
1764565200000,126.38000000,126.57000000,125.81000000,126.11000000,133038.87300000
1764568800000,126.10000000,126.86000000,126.02000000,126.72000000,95904.62000000
1764572400000,126.72000000,127.47000000,126.32000000,127.42000000,123914.42500000
1764576000000,127.41000000,127.82000000,127.00000000,127.72000000,130667.75300000
1764579600000,127.71000000,128.09000000,126.86000000,127.02000000,132932.33400000
1764583200000,127.01000000,127.56000000,126.96000000,127.25000000,54382.56400000
1764586800000,127.25000000,127.38000000,126.89000000,127.12000000,63172.65500000
1764590400000,127.12000000,127.19000000,125.38000000,126.60000000,229039.46800000
1764594000000,126.59000000,127.72000000,126.13000000,126.49000000,149498.06000000
1764597600000,126.49000000,127.09000000,125.55000000,126.11000000,182077.10800000
1764601200000,126.12000000,126.31000000,123.11000000,125.11000000,504343.48100000
1764604800000,125.11000000,125.34000000,123.38000000,123.53000000,378648.16400000
1764608400000,123.54000000,124.98000000,123.51000000,124.44000000,174059.99300000
1764612000000,124.44000000,125.31000000,123.76000000,124.51000000,152769.47600000
1764615600000,124.52000000,124.60000000,123.27000000,123.86000000,122853.99600000
1764619200000,123.86000000,125.36000000,123.83000000,124.45000000,137375.98300000
1764622800000,124.44000000,127.17000000,124.22000000,126.10000000,260903.56200000
1764626400000,126.10000000,127.43000000,125.85000000,126.83000000,117782.72400000
1764630000000,126.83000000,127.40000000,126.54000000,126.66000000,92703.89300000
1764633600000,126.66000000,127.56000000,126.46000000,127.37000000,117394.75200000
1764637200000,127.36000000,128.54000000,126.79000000,126.99000000,109171.60900000
1764640800000,126.99000000,128.14000000,126.63000000,126.97000000,100722.83700000
1764644400000,126.97000000,127.68000000,126.02000000,127.23000000,115367.49900000
1764648000000,127.23000000,127.85000000,126.87000000,126.89000000,95543.14300000
1764651600000,126.89000000,127.09000000,126.46000000,126.69000000,89214.10700000
1764655200000,126.69000000,127.85000000,126.44000000,127.68000000,70928.37800000
1764658800000,127.68000000,127.71000000,127.00000000,127.26000000,48129.44700000
1764662400000,127.26000000,127.32000000,126.01000000,126.17000000,76214.60700000
1764666000000,126.16000000,127.21000000,126.14000000,126.77000000,87538.87300000
1764669600000,126.77000000,128.84000000,126.71000000,128.30000000,112452.27500000
1764673200000,128.30000000,128.53000000,127.82000000,128.31000000,112572.34300000
1764676800000,128.32000000,129.03000000,128.20000000,128.88000000,164984.74500000
1764680400000,128.87000000,131.02000000,128.46000000,130.61000000,367693.71200000
1764684000000,130.60000000,133.45000000,130.40000000,132.97000000,395093.23900000
1764687600000,132.97000000,139.87000000,132.95000000,137.84000000,991212.58600000
1764691200000,137.83000000,139.71000000,137.38000000,139.37000000,547630.62700000
1764694800000,139.38000000,140.88000000,139.25000000,139.48000000,362605.69900000
1764698400000,139.47000000,140.30000000,139.37000000,139.84000000,197001.63000000
1764702000000,139.85000000,140.64000000,139.77000000,140.25000000,124838.57400000
1764705600000,140.26000000,140.38000000,138.20000000,138.73000000,368016.48800000
1764709200000,138.73000000,139.29000000,138.37000000,139.11000000,118281.54300000
1764712800000,139.11000000,139.98000000,138.86000000,139.92000000,147987.71200000
1764716400000,139.92000000,139.94000000,138.40000000,138.68000000,102260.32200000
1764720000000,138.67000000,138.95000000,137.76000000,138.16000000,203105.22600000
1764723600000,138.16000000,139.23000000,137.88000000,138.87000000,140556.92800000
1764727200000,138.87000000,140.32000000,138.80000000,140.03000000,139297.22800000
1764730800000,140.03000000,140.65000000,139.79000000,140.33000000,108686.89300000
1764734400000,140.33000000,142.49000000,140.18000000,142.26000000,276283.25900000
1764738000000,142.26000000,143.25000000,142.16000000,143.06000000,211439.11300000
1764741600000,143.05000000,144.26000000,142.37000000,142.46000000,173358.79200000
1764745200000,142.45000000,142.58000000,141.83000000,141.88000000,93978.52800000
1764748800000,141.89000000,142.67000000,141.47000000,142.14000000,87600.12900000
1764752400000,142.14000000,142.46000000,141.55000000,142.09000000,101078.73500000
1764756000000,142.09000000,142.28000000,141.18000000,141.30000000,67221.70100000
1764759600000,141.30000000,141.75000000,140.75000000,141.72000000,82997.59300000
1764763200000,141.72000000,142.09000000,141.09000000,141.92000000,72351.04200000
1764766800000,141.91000000,142.46000000,141.50000000,141.87000000,85679.48000000
1764770400000,141.87000000,143.59000000,138.78000000,140.95000000,454651.31700000
1764774000000,140.95000000,142.09000000,140.14000000,141.00000000,134395.86800000
1764777600000,141.00000000,142.00000000,139.87000000,140.70000000,218344.64300000
1764781200000,140.71000000,142.10000000,140.47000000,141.83000000,135367.86500000
1764784800000,141.82000000,142.39000000,140.67000000,141.17000000,173813.12600000
1764788400000,141.17000000,141.60000000,141.02000000,141.28000000,106188.91600000
1764792000000,141.27000000,142.24000000,140.74000000,141.70000000,104944.46900000
1764795600000,141.70000000,146.08000000,141.61000000,145.49000000,265536.70000000
1764799200000,145.50000000,145.92000000,143.08000000,144.55000000,336417.16000000
1764802800000,144.56000000,145.63000000,144.48000000,144.67000000,180850.09400000
1764806400000,144.67000000,145.38000000,143.64000000,145.01000000,114011.95200000
1764810000000,145.02000000,146.91000000,144.11000000,144.18000000,174274.94400000
1764813600000,144.18000000,146.10000000,143.99000000,145.60000000,83194.08800000
1764817200000,145.60000000,145.64000000,144.32000000,144.67000000,68731.33900000
1764820800000,144.68000000,144.90000000,143.72000000,144.17000000,59093.23800000
1764824400000,144.16000000,144.23000000,142.95000000,143.24000000,92367.98600000
1764828000000,143.24000000,144.29000000,143.10000000,143.96000000,81169.58900000
1764831600000,143.97000000,144.01000000,142.64000000,143.47000000,125423.49300000
1764835200000,143.47000000,144.07000000,142.74000000,142.90000000,63497.32700000
1764838800000,142.90000000,144.20000000,142.89000000,143.91000000,68326.48400000
1764842400000,143.92000000,144.19000000,143.29000000,143.35000000,57914.32800000
1764846000000,143.35000000,143.50000000,142.70000000,143.06000000,91661.96100000
1764849600000,143.05000000,143.50000000,142.40000000,142.88000000,78252.97000000
1764853200000,142.88000000,143.18000000,141.79000000,142.23000000,152773.59900000
1764856800000,142.23000000,143.34000000,141.44000000,141.82000000,168508.42000000
1764860400000,141.81000000,144.26000000,141.78000000,143.21000000,233885.39600000
1764864000000,143.20000000,143.85000000,142.25000000,142.62000000,121354.23000000
1764867600000,142.62000000,142.81000000,141.11000000,142.14000000,120102.87400000
1764871200000,142.14000000,142.22000000,140.32000000,140.75000000,105505.95000000
1764874800000,140.75000000,140.87000000,137.80000000,139.67000000,290381.51100000
1764878400000,139.66000000,140.50000000,139.18000000,140.37000000,104406.31000000
1764882000000,140.38000000,140.43000000,138.50000000,138.72000000,108024.50900000
1764885600000,138.72000000,139.78000000,138.72000000,139.39000000,80918.49700000
1764889200000,139.39000000,139.43000000,138.70000000,139.01000000,50461.24600000
1764892800000,139.01000000,139.72000000,138.90000000,139.24000000,72058.70000000
1764896400000,139.24000000,140.20000000,139.14000000,139.82000000,79938.51500000
1764900000000,139.83000000,140.15000000,139.25000000,139.81000000,101601.45700000
1764903600000,139.80000000,140.18000000,138.30000000,138.56000000,104393.14700000
1764907200000,138.55000000,139.14000000,138.07000000,138.52000000,97628.06300000
1764910800000,138.52000000,138.74000000,137.77000000,138.04000000,94173.45700000
1764914400000,138.05000000,139.00000000,138.03000000,138.89000000,60035.59100000
1764918000000,138.90000000,140.75000000,138.77000000,139.68000000,161682.94000000
1764921600000,139.67000000,139.67000000,137.81000000,138.19000000,135576.52500000
1764925200000,138.20000000,138.27000000,136.28000000,136.34000000,229985.94700000
1764928800000,136.34000000,137.98000000,136.13000000,137.71000000,147047.80800000
1764932400000,137.71000000,138.09000000,136.87000000,137.02000000,100748.05000000
1764936000000,137.01000000,137.14000000,135.21000000,136.67000000,179328.14800000
1764939600000,136.67000000,137.06000000,135.77000000,135.94000000,143257.04100000
1764943200000,135.94000000,136.31000000,134.41000000,134.74000000,188627.58400000
1764946800000,134.73000000,137.20000000,134.63000000,135.05000000,290534.91200000
1764950400000,135.04000000,135.20000000,131.18000000,132.20000000,416442.87600000
1764954000000,132.20000000,132.73000000,131.11000000,132.16000000,188683.57900000
1764957600000,132.16000000,133.03000000,131.17000000,131.35000000,130922.88800000
1764961200000,131.36000000,133.04000000,130.73000000,132.50000000,147747.82000000
1764964800000,132.49000000,132.90000000,131.96000000,132.56000000,103897.29200000
1764968400000,132.57000000,133.16000000,132.00000000,132.40000000,106120.31800000
1764972000000,132.40000000,132.86000000,132.11000000,132.72000000,37192.60900000
1764975600000,132.72000000,133.43000000,132.27000000,133.29000000,49733.87600000
1764979200000,133.29000000,133.70000000,132.80000000,133.46000000,45224.67400000
1764982800000,133.47000000,133.83000000,133.20000000,133.49000000,37205.33600000
1764986400000,133.49000000,133.52000000,132.88000000,133.45000000,45719.74900000
1764990000000,133.45000000,134.13000000,133.33000000,133.74000000,66216.01700000
1764993600000,133.73000000,133.75000000,132.97000000,133.20000000,58904.45000000
1764997200000,133.20000000,133.42000000,132.89000000,133.07000000,32040.73600000
1765000800000,133.07000000,133.24000000,132.76000000,132.95000000,23033.96300000
1765004400000,132.96000000,133.20000000,132.56000000,132.72000000,30548.12300000
1765008000000,132.73000000,132.87000000,131.88000000,131.99000000,49689.89500000
1765011600000,131.99000000,132.80000000,131.99000000,132.52000000,56019.38300000
1765015200000,132.51000000,132.99000000,132.41000000,132.71000000,34998.65000000
1765018800000,132.71000000,133.29000000,132.69000000,133.22000000,44018.50300000
1765022400000,133.23000000,133.23000000,132.62000000,132.65000000,41071.90400000
1765026000000,132.65000000,133.27000000,132.59000000,132.94000000,24009.80800000
1765029600000,132.95000000,133.99000000,132.82000000,133.74000000,123327.82700000
1765033200000,133.74000000,133.80000000,132.21000000,132.87000000,90312.56800000
1765036800000,132.88000000,133.54000000,132.79000000,133.09000000,54966.10900000
1765040400000,133.08000000,133.42000000,132.67000000,132.95000000,111266.49600000
1765044000000,132.96000000,133.19000000,132.61000000,132.79000000,79863.86800000
1765047600000,132.80000000,132.97000000,131.78000000,132.06000000,114769.07300000
1765051200000,132.07000000,132.62000000,132.06000000,132.50000000,34539.83900000
1765054800000,132.49000000,132.93000000,132.22000000,132.40000000,33292.49400000
1765058400000,132.40000000,132.62000000,131.80000000,132.15000000,31076.83400000
1765062000000,132.15000000,132.36000000,131.28000000,132.19000000,79479.13200000
1765065600000,132.20000000,132.71000000,131.93000000,132.38000000,37131.24400000
1765069200000,132.37000000,132.80000000,132.30000000,132.31000000,33642.60800000
1765072800000,132.31000000,133.46000000,132.30000000,133.28000000,67608.10000000
1765076400000,133.28000000,133.59000000,133.02000000,133.50000000,48020.93900000
1765080000000,133.50000000,133.54000000,132.86000000,133.02000000,54370.80900000
1765083600000,133.02000000,133.23000000,132.66000000,132.82000000,20042.03000000
1765087200000,132.82000000,133.25000000,132.72000000,133.10000000,22654.45200000
1765090800000,133.09000000,133.14000000,131.91000000,132.08000000,63402.94800000
1765094400000,132.09000000,132.59000000,131.68000000,131.90000000,58987.63800000
1765098000000,131.90000000,132.11000000,131.53000000,131.89000000,72869.25800000
1765101600000,131.89000000,132.54000000,131.69000000,132.27000000,45132.93400000
1765105200000,132.28000000,132.52000000,132.15000000,132.44000000,22303.75900000
1765108800000,132.43000000,133.07000000,132.36000000,132.90000000,64094.51200000
1765112400000,132.90000000,133.02000000,131.51000000,131.73000000,103341.21700000
1765116000000,131.72000000,131.84000000,127.70000000,128.16000000,477688.40400000
1765119600000,128.16000000,132.22000000,128.03000000,132.03000000,417732.20700000
1765123200000,132.03000000,132.04000000,130.49000000,131.97000000,183621.68000000
1765126800000,131.97000000,135.54000000,131.28000000,134.81000000,483357.43400000
1765130400000,134.82000000,136.29000000,134.82000000,136.04000000,185187.63600000
1765134000000,136.05000000,136.16000000,135.20000000,135.72000000,80987.48600000
1765137600000,135.73000000,136.35000000,135.64000000,136.18000000,51405.37300000
1765141200000,136.18000000,136.18000000,132.46000000,133.10000000,179624.08200000
1765144800000,133.09000000,133.10000000,129.80000000,131.26000000,262629.16600000
1765148400000,131.25000000,132.40000000,130.61000000,132.24000000,95968.57500000
1765152000000,132.25000000,132.75000000,131.55000000,131.61000000,83508.38100000
1765155600000,131.61000000,134.47000000,131.52000000,133.37000000,132187.10000000
1765159200000,133.37000000,134.20000000,133.14000000,134.04000000,64951.79100000
1765162800000,134.05000000,134.71000000,133.76000000,134.32000000,77363.36700000
1765166400000,134.32000000,135.20000000,134.07000000,135.05000000,61671.52500000
1765170000000,135.06000000,135.44000000,134.59000000,135.20000000,59971.40900000
1765173600000,135.20000000,136.00000000,134.65000000,135.73000000,87966.44300000
1765177200000,135.73000000,135.98000000,134.91000000,135.85000000,160796.00100000
1765180800000,135.85000000,136.95000000,135.65000000,136.71000000,107937.46400000
1765184400000,136.70000000,138.90000000,136.68000000,138.14000000,204960.86000000
1765188000000,138.14000000,139.36000000,138.05000000,138.74000000,121536.94400000
1765191600000,138.74000000,139.14000000,138.13000000,138.37000000,107979.07700000
1765195200000,138.37000000,138.59000000,137.25000000,137.84000000,168122.32700000
1765198800000,137.84000000,139.32000000,137.55000000,138.13000000,141944.52800000
1765202400000,138.13000000,139.00000000,136.86000000,137.19000000,191367.86600000
1765206000000,137.20000000,137.57000000,135.24000000,135.55000000,269180.05100000
1765209600000,135.54000000,136.54000000,134.86000000,135.60000000,189943.86200000
1765213200000,135.60000000,136.30000000,134.78000000,135.83000000,130194.74800000
1765216800000,135.83000000,136.25000000,133.02000000,133.62000000,195886.26100000
1765220400000,133.62000000,134.68000000,133.46000000,133.67000000,139034.77000000
1765224000000,133.66000000,134.94000000,133.43000000,134.09000000,133733.06500000
1765227600000,134.09000000,134.58000000,133.24000000,134.48000000,141822.80800000
1765231200000,134.48000000,134.55000000,133.38000000,133.58000000,82974.76600000
1765234800000,133.58000000,133.79000000,132.45000000,133.25000000,190080.01200000
1765238400000,133.24000000,133.61000000,132.57000000,133.01000000,131933.77700000
1765242000000,133.02000000,133.33000000,132.62000000,133.13000000,77130.35300000
1765245600000,133.12000000,133.65000000,132.75000000,132.78000000,54685.37000000
1765249200000,132.78000000,134.42000000,132.47000000,134.18000000,107067.97500000
1765252800000,134.18000000,134.26000000,132.35000000,132.65000000,93745.61300000
1765256400000,132.65000000,133.01000000,131.77000000,132.10000000,177954.03600000
1765260000000,132.10000000,132.79000000,131.97000000,132.62000000,61276.83800000
1765263600000,132.62000000,133.30000000,132.36000000,133.20000000,50977.06000000
1765267200000,133.21000000,133.42000000,132.65000000,133.13000000,50733.66200000
1765270800000,133.12000000,133.13000000,132.28000000,132.35000000,40993.68800000
1765274400000,132.35000000,132.88000000,132.01000000,132.74000000,79391.49200000
1765278000000,132.74000000,133.03000000,132.39000000,132.95000000,41928.73900000
1765281600000,132.95000000,133.57000000,132.73000000,133.12000000,69236.11700000
1765285200000,133.11000000,133.30000000,132.04000000,132.41000000,107504.85700000
1765288800000,132.42000000,132.84000000,131.62000000,132.52000000,135781.99200000
1765292400000,132.52000000,138.50000000,132.39000000,138.45000000,577463.72500000
1765296000000,138.46000000,144.64000000,138.45000000,143.67000000,978402.24500000
1765299600000,143.67000000,144.93000000,142.52000000,143.12000000,488200.08600000
1765303200000,143.13000000,143.28000000,141.66000000,142.50000000,269251.09200000
1765306800000,142.50000000,142.85000000,141.70000000,142.10000000,120789.59400000
1765310400000,142.11000000,142.34000000,139.65000000,140.15000000,254594.74300000
1765314000000,140.16000000,140.47000000,136.71000000,137.74000000,203852.62000000
1765317600000,137.75000000,139.43000000,137.43000000,138.78000000,197348.52300000
1765321200000,138.77000000,138.82000000,137.68000000,137.88000000,138277.83700000
1765324800000,137.87000000,138.34000000,137.19000000,137.28000000,124047.36600000
1765328400000,137.28000000,138.51000000,137.20000000,137.85000000,340280.12400000
1765332000000,137.85000000,138.14000000,137.19000000,137.73000000,95954.93700000
1765335600000,137.74000000,138.61000000,137.54000000,138.15000000,100622.95700000
1765339200000,138.15000000,140.22000000,138.05000000,139.03000000,182167.27100000
1765342800000,139.03000000,139.60000000,138.63000000,139.16000000,83138.22300000
1765346400000,139.17000000,139.44000000,138.72000000,139.23000000,43677.36700000
1765350000000,139.23000000,139.23000000,138.36000000,139.20000000,62306.61200000
1765353600000,139.20000000,139.44000000,138.42000000,138.50000000,83487.14900000
1765357200000,138.50000000,139.10000000,138.14000000,138.97000000,77100.06200000
1765360800000,138.97000000,139.88000000,136.81000000,136.97000000,207333.15400000
1765364400000,136.96000000,137.50000000,136.33000000,137.24000000,144892.30200000
1765368000000,137.23000000,138.15000000,136.81000000,137.90000000,92081.60100000
1765371600000,137.89000000,138.16000000,137.47000000,137.70000000,76103.02500000
1765375200000,137.69000000,137.74000000,136.52000000,137.17000000,144101.45800000
1765378800000,137.18000000,137.66000000,135.71000000,136.17000000,173675.21800000
1765382400000,136.16000000,137.45000000,135.73000000,136.14000000,187027.49100000
1765386000000,136.13000000,137.19000000,135.92000000,136.85000000,169330.67800000
1765389600000,136.84000000,139.52000000,136.41000000,137.72000000,306007.08700000
1765393200000,137.72000000,139.64000000,136.19000000,138.67000000,599151.42100000
1765396800000,138.67000000,142.57000000,137.43000000,138.34000000,791126.48400000
1765400400000,138.33000000,138.87000000,136.80000000,137.15000000,218565.98000000
1765404000000,137.16000000,137.85000000,135.39000000,137.61000000,137587.93100000
1765407600000,137.60000000,137.82000000,136.11000000,136.26000000,80464.37800000
1765411200000,136.26000000,136.43000000,133.45000000,133.86000000,228643.02700000
1765414800000,133.86000000,134.19000000,132.66000000,132.89000000,174931.90200000
1765418400000,132.89000000,132.94000000,130.52000000,130.78000000,457794.03900000
1765422000000,130.78000000,130.78000000,129.00000000,129.39000000,386650.02200000
1765425600000,129.39000000,131.52000000,129.04000000,131.04000000,232060.31200000
1765429200000,131.04000000,131.30000000,130.47000000,131.19000000,121709.08200000
1765432800000,131.19000000,131.42000000,130.37000000,131.06000000,105175.52000000
1765436400000,131.06000000,131.40000000,130.66000000,131.03000000,83938.72200000
1765440000000,131.03000000,131.13000000,130.15000000,131.10000000,99287.83100000
1765443600000,131.10000000,131.41000000,130.83000000,130.95000000,91863.94300000
1765447200000,130.94000000,131.11000000,130.50000000,130.83000000,66541.63100000
1765450800000,130.83000000,131.22000000,130.76000000,130.93000000,64281.74400000
1765454400000,130.93000000,131.87000000,130.73000000,131.23000000,93567.13100000
1765458000000,131.22000000,131.52000000,130.88000000,131.31000000,63568.31000000
1765461600000,131.31000000,131.51000000,129.84000000,130.63000000,209484.40200000
1765465200000,130.63000000,132.82000000,130.31000000,131.18000000,200128.33800000
1765468800000,131.17000000,132.00000000,130.12000000,131.34000000,102105.98500000
1765472400000,131.33000000,132.60000000,130.80000000,132.36000000,119635.50300000
1765476000000,132.35000000,135.58000000,132.01000000,134.46000000,409025.78600000
1765479600000,134.47000000,135.49000000,133.62000000,133.91000000,225786.50600000
1765483200000,133.90000000,136.98000000,133.82000000,136.10000000,211236.70200000
1765486800000,136.11000000,137.79000000,136.10000000,137.03000000,316532.88200000
1765490400000,137.03000000,137.49000000,135.83000000,136.17000000,225673.07800000
1765494000000,136.17000000,136.77000000,135.68000000,136.41000000,88074.63800000
1765497600000,136.41000000,137.49000000,135.35000000,135.50000000,140105.20300000
1765501200000,135.51000000,137.25000000,135.51000000,136.74000000,124114.81800000
1765504800000,136.73000000,137.95000000,136.51000000,137.22000000,116214.26500000
1765508400000,137.21000000,137.45000000,136.56000000,137.08000000,78799.81900000
1765512000000,137.08000000,137.19000000,136.77000000,137.04000000,68751.42800000
1765515600000,137.04000000,138.93000000,136.52000000,138.90000000,179135.53500000
1765519200000,138.91000000,140.12000000,138.71000000,139.13000000,239723.12500000
1765522800000,139.14000000,139.42000000,138.79000000,139.09000000,90951.48600000
1765526400000,139.09000000,139.15000000,137.46000000,137.95000000,162531.20200000
1765530000000,137.94000000,138.47000000,137.19000000,138.25000000,106624.38500000
1765533600000,138.24000000,138.56000000,137.95000000,138.35000000,86799.44200000
1765537200000,138.36000000,138.77000000,137.86000000,138.71000000,73823.25500000
1765540800000,138.72000000,139.86000000,138.33000000,139.64000000,110230.66200000
1765544400000,139.64000000,139.64000000,138.72000000,138.98000000,110526.80800000
1765548000000,138.99000000,139.58000000,138.09000000,138.48000000,176109.19200000
1765551600000,138.47000000,138.51000000,132.85000000,133.49000000,675688.08700000
1765555200000,133.48000000,133.95000000,131.53000000,132.20000000,450201.63000000
1765558800000,132.20000000,133.59000000,131.37000000,132.14000000,263303.92300000
1765562400000,132.15000000,133.27000000,131.46000000,132.75000000,203825.05900000
1765566000000,132.75000000,132.85000000,130.35000000,131.27000000,178943.40100000
1765569600000,131.27000000,131.92000000,131.00000000,131.59000000,115012.64200000
1765573200000,131.58000000,132.07000000,131.25000000,131.86000000,67609.12400000
1765576800000,131.86000000,132.86000000,131.82000000,132.74000000,107617.15300000
1765580400000,132.75000000,133.07000000,132.21000000,132.27000000,78966.61800000
1765584000000,132.28000000,132.75000000,132.28000000,132.62000000,77336.03100000
1765587600000,132.63000000,132.97000000,132.38000000,132.66000000,73299.28900000
1765591200000,132.67000000,133.00000000,132.57000000,132.63000000,46279.63400000
1765594800000,132.63000000,133.00000000,132.55000000,132.88000000,30080.43700000
1765598400000,132.88000000,132.95000000,132.58000000,132.87000000,35002.12200000
1765602000000,132.86000000,132.98000000,132.33000000,132.68000000,53956.85700000
1765605600000,132.67000000,132.97000000,132.40000000,132.88000000,31017.80300000
1765609200000,132.88000000,133.02000000,132.80000000,132.93000000,28184.89400000
1765612800000,132.94000000,134.21000000,132.93000000,134.00000000,143165.63900000
1765616400000,134.00000000,134.28000000,133.52000000,133.58000000,69687.36500000
1765620000000,133.59000000,134.27000000,133.47000000,133.96000000,63912.33800000
1765623600000,133.96000000,134.06000000,133.20000000,133.32000000,64691.28400000
1765627200000,133.31000000,133.68000000,132.62000000,132.96000000,53952.93500000
1765630800000,132.97000000,133.37000000,132.63000000,133.13000000,42959.86800000
1765634400000,133.14000000,133.43000000,132.61000000,133.19000000,60761.84200000
1765638000000,133.19000000,133.66000000,133.11000000,133.31000000,72561.23700000
1765641600000,133.30000000,133.82000000,132.88000000,133.17000000,49668.65000000
1765645200000,133.17000000,133.20000000,132.13000000,132.21000000,156908.13600000
1765648800000,132.21000000,132.79000000,132.11000000,132.32000000,67540.99100000
1765652400000,132.32000000,132.95000000,132.30000000,132.72000000,32105.65500000
1765656000000,132.73000000,132.98000000,132.22000000,132.29000000,29243.27300000
1765659600000,132.28000000,132.73000000,131.60000000,132.70000000,77836.13200000
1765663200000,132.70000000,133.07000000,132.20000000,132.85000000,58628.37400000
1765666800000,132.85000000,133.27000000,132.59000000,133.14000000,53702.94900000
1765670400000,133.13000000,133.66000000,132.71000000,133.26000000,90723.40700000
1765674000000,133.27000000,133.57000000,133.01000000,133.31000000,22442.87200000
1765677600000,133.30000000,133.54000000,133.09000000,133.35000000,31142.65700000
1765681200000,133.35000000,133.47000000,132.84000000,132.95000000,36256.07700000
1765684800000,132.95000000,133.19000000,132.42000000,132.49000000,34080.84100000
1765688400000,132.49000000,132.69000000,132.08000000,132.66000000,75660.18700000
1765692000000,132.66000000,133.04000000,132.46000000,132.92000000,28830.81400000
1765695600000,132.92000000,133.39000000,132.83000000,133.29000000,28413.23000000
1765699200000,133.28000000,133.50000000,132.67000000,132.69000000,73454.40100000
1765702800000,132.68000000,132.80000000,132.33000000,132.34000000,57177.31000000
1765706400000,132.33000000,132.59000000,130.98000000,131.80000000,200109.28500000
1765710000000,131.80000000,131.98000000,130.14000000,131.47000000,152416.35400000
1765713600000,131.46000000,131.90000000,130.88000000,131.38000000,80797.06200000
1765717200000,131.38000000,131.65000000,130.94000000,131.64000000,51900.83300000
1765720800000,131.64000000,131.79000000,130.42000000,130.90000000,59571.11000000
1765724400000,130.89000000,131.06000000,130.33000000,130.67000000,45214.43500000
1765728000000,130.67000000,131.60000000,130.50000000,131.02000000,56464.96700000
1765731600000,131.02000000,131.24000000,129.40000000,130.04000000,151996.63300000
1765735200000,130.04000000,130.73000000,129.89000000,130.64000000,45145.61300000
1765738800000,130.63000000,130.64000000,130.00000000,130.31000000,38429.11100000
1765742400000,130.30000000,130.71000000,129.86000000,130.04000000,68699.11200000
1765746000000,130.03000000,130.32000000,129.57000000,129.89000000,42527.44000000
1765749600000,129.89000000,130.30000000,129.58000000,130.19000000,51409.04500000
1765753200000,130.19000000,130.80000000,127.98000000,129.40000000,208751.84100000
1765756800000,129.39000000,130.38000000,129.29000000,130.14000000,93547.40000000
1765760400000,130.14000000,131.59000000,129.81000000,131.17000000,87035.37400000
1765764000000,131.17000000,133.25000000,131.17000000,131.53000000,205586.31100000
1765767600000,131.53000000,131.71000000,130.93000000,131.16000000,50659.99700000
1765771200000,131.17000000,132.00000000,130.88000000,131.82000000,74916.78700000
1765774800000,131.83000000,132.15000000,131.67000000,131.98000000,51082.24500000
1765778400000,131.98000000,132.71000000,131.69000000,132.41000000,86380.98500000
1765782000000,132.42000000,132.65000000,131.82000000,132.34000000,66388.44200000
1765785600000,132.34000000,132.71000000,132.13000000,132.39000000,68974.71900000
1765789200000,132.40000000,133.02000000,132.14000000,132.74000000,57055.97300000
1765792800000,132.73000000,133.03000000,132.32000000,132.64000000,51911.34900000
1765796400000,132.64000000,132.80000000,132.06000000,132.26000000,77651.49500000
1765800000000,132.25000000,133.14000000,131.79000000,132.77000000,84917.12800000
1765803600000,132.76000000,133.29000000,131.72000000,132.66000000,160328.65200000
1765807200000,132.67000000,135.43000000,129.60000000,130.49000000,476708.47200000
1765810800000,130.48000000,130.60000000,126.45000000,126.89000000,713478.62400000
1765814400000,126.89000000,127.30000000,125.57000000,126.48000000,325704.66200000
1765818000000,126.49000000,126.78000000,124.51000000,124.94000000,244364.05700000
1765821600000,124.93000000,125.29000000,123.63000000,124.89000000,206717.63900000
1765825200000,124.89000000,125.85000000,124.68000000,125.02000000,219099.53500000
1765828800000,125.01000000,125.62000000,123.88000000,125.00000000,197066.67900000
1765832400000,125.00000000,126.44000000,124.96000000,125.85000000,129629.74700000
1765836000000,125.86000000,126.42000000,125.60000000,126.37000000,77418.02600000
1765839600000,126.38000000,127.87000000,126.30000000,127.81000000,115806.70200000
1765843200000,127.81000000,128.03000000,126.14000000,126.20000000,118382.96100000
1765846800000,126.20000000,126.86000000,125.54000000,126.37000000,103837.06900000
1765850400000,126.38000000,127.34000000,125.95000000,126.76000000,64733.64500000
1765854000000,126.77000000,126.94000000,124.94000000,126.51000000,91693.52900000
1765857600000,126.50000000,126.80000000,124.87000000,126.13000000,106519.59900000
1765861200000,126.12000000,126.69000000,125.92000000,126.39000000,70907.22600000
1765864800000,126.40000000,127.48000000,126.30000000,127.34000000,65033.56700000
1765868400000,127.35000000,127.40000000,125.55000000,125.57000000,70942.93500000
1765872000000,125.57000000,126.61000000,125.43000000,126.00000000,86247.05500000
1765875600000,125.99000000,126.50000000,125.90000000,126.29000000,63073.32000000
1765879200000,126.30000000,128.87000000,126.14000000,128.46000000,149600.91800000
1765882800000,128.46000000,129.04000000,127.94000000,128.63000000,143255.84500000
1765886400000,128.62000000,128.99000000,128.23000000,128.63000000,89149.62700000
1765890000000,128.64000000,129.90000000,126.77000000,126.77000000,259611.98000000
1765893600000,126.78000000,129.80000000,126.11000000,128.57000000,399245.36900000
1765897200000,128.58000000,130.14000000,127.27000000,129.75000000,216346.14500000
1765900800000,129.75000000,129.85000000,127.77000000,128.33000000,171956.81700000
1765904400000,128.33000000,128.59000000,127.13000000,127.27000000,97656.93700000
1765908000000,127.27000000,128.61000000,126.97000000,128.03000000,130625.46200000
1765911600000,128.02000000,128.09000000,126.77000000,127.73000000,90369.23700000
1765915200000,127.72000000,128.93000000,127.43000000,128.42000000,104872.39800000
1765918800000,128.41000000,128.73000000,127.99000000,128.48000000,57537.46900000
1765922400000,128.47000000,129.00000000,128.27000000,128.61000000,51838.89100000
1765926000000,128.61000000,129.52000000,128.16000000,129.15000000,81345.99700000
1765929600000,129.15000000,129.16000000,128.26000000,128.91000000,58279.87600000
1765933200000,128.91000000,129.82000000,128.76000000,129.19000000,68442.12000000
1765936800000,129.18000000,129.50000000,128.45000000,129.29000000,85791.88300000
1765940400000,129.30000000,129.64000000,128.21000000,128.24000000,62167.34600000
1765944000000,128.25000000,128.46000000,127.43000000,127.87000000,68742.92600000
1765947600000,127.86000000,128.09000000,127.02000000,127.62000000,58618.59300000
1765951200000,127.61000000,128.01000000,127.57000000,127.76000000,33550.56600000
1765954800000,127.76000000,128.57000000,127.64000000,128.27000000,52066.85600000
1765958400000,128.26000000,128.26000000,126.80000000,126.92000000,72606.73400000
1765962000000,126.92000000,127.03000000,125.96000000,126.75000000,77685.20400000
1765965600000,126.74000000,126.95000000,126.28000000,126.58000000,72126.43700000
1765969200000,126.58000000,127.93000000,126.50000000,127.62000000,125998.95400000
1765972800000,127.62000000,128.17000000,127.39000000,127.97000000,146429.61500000
1765976400000,127.97000000,129.45000000,127.57000000,129.22000000,163492.84000000
1765980000000,129.22000000,132.70000000,126.98000000,132.62000000,566043.65200000
1765983600000,132.62000000,133.99000000,126.58000000,126.77000000,875827.74500000
1765987200000,126.76000000,127.98000000,123.80000000,124.90000000,521515.45800000
1765990800000,124.91000000,125.21000000,122.55000000,123.06000000,470586.68800000
1765994400000,123.06000000,123.99000000,121.70000000,122.10000000,318093.53400000
1765998000000,122.11000000,122.50000000,121.36000000,122.39000000,199425.93700000
1766001600000,122.39000000,123.76000000,122.03000000,123.00000000,188951.00900000
1766005200000,122.99000000,123.11000000,121.95000000,122.44000000,77424.00400000
1766008800000,122.43000000,123.55000000,122.07000000,123.46000000,91171.05100000
1766012400000,123.47000000,123.50000000,122.80000000,123.27000000,70541.18800000
1766016000000,123.28000000,123.77000000,123.03000000,123.67000000,71622.04000000
1766019600000,123.67000000,123.79000000,122.98000000,123.38000000,57775.65600000
1766023200000,123.38000000,124.16000000,123.08000000,123.71000000,72167.87100000
1766026800000,123.70000000,123.97000000,123.03000000,123.65000000,67456.17700000
1766030400000,123.64000000,124.13000000,123.58000000,123.66000000,67148.98700000
1766034000000,123.66000000,123.66000000,122.35000000,122.41000000,101276.07100000
1766037600000,122.41000000,122.87000000,122.21000000,122.80000000,43005.73200000
1766041200000,122.80000000,123.40000000,122.44000000,122.83000000,62723.99500000
1766044800000,122.83000000,123.40000000,122.46000000,123.03000000,71597.41100000
1766048400000,123.03000000,123.91000000,122.65000000,123.70000000,53414.92900000
1766052000000,123.70000000,124.15000000,123.38000000,123.93000000,88700.86500000
1766055600000,123.94000000,124.07000000,123.20000000,124.07000000,94367.15600000
1766059200000,124.07000000,124.52000000,123.65000000,123.94000000,73719.74400000
1766062800000,123.95000000,126.88000000,123.95000000,126.39000000,406020.75200000
1766066400000,126.39000000,127.92000000,124.70000000,125.88000000,449698.45300000
1766070000000,125.88000000,129.05000000,125.61000000,127.40000000,487285.40800000
1766073600000,127.41000000,127.50000000,126.08000000,126.86000000,208349.10100000
1766077200000,126.86000000,126.90000000,120.58000000,122.97000000,660882.90500000
1766080800000,122.97000000,123.95000000,121.20000000,121.54000000,220249.19800000
1766084400000,121.54000000,121.64000000,117.44000000,117.56000000,635632.84000000
1766088000000,117.55000000,119.00000000,116.88000000,117.21000000,258661.05500000
1766091600000,117.21000000,120.20000000,117.08000000,120.10000000,323590.13700000
1766095200000,120.10000000,120.12000000,119.17000000,119.80000000,107842.47100000
1766098800000,119.80000000,119.97000000,119.31000000,119.60000000,107606.05400000
1766102400000,119.60000000,119.88000000,117.90000000,118.44000000,94440.45600000
1766106000000,118.44000000,118.57000000,117.61000000,118.38000000,103343.31100000
1766109600000,118.37000000,119.22000000,117.90000000,118.96000000,80736.44000000
1766113200000,118.96000000,122.54000000,118.90000000,121.59000000,342028.02900000
1766116800000,121.58000000,123.04000000,121.35000000,122.83000000,177459.12600000
1766120400000,122.84000000,123.38000000,121.75000000,122.63000000,195471.20000000
1766124000000,122.62000000,123.65000000,122.17000000,123.43000000,133101.56300000
1766127600000,123.43000000,125.34000000,123.43000000,124.44000000,260728.99400000
1766131200000,124.43000000,125.61000000,123.86000000,124.97000000,142191.81100000
1766134800000,124.96000000,125.08000000,124.38000000,124.72000000,98500.63300000
1766138400000,124.72000000,125.02000000,124.52000000,124.74000000,86019.48200000
1766142000000,124.75000000,125.74000000,124.67000000,125.36000000,103253.76900000
1766145600000,125.36000000,126.18000000,124.91000000,125.79000000,144520.93400000
1766149200000,125.79000000,126.52000000,125.61000000,125.91000000,169336.31100000
1766152800000,125.91000000,126.91000000,124.68000000,126.02000000,348124.07600000
1766156400000,126.02000000,127.66000000,124.78000000,125.09000000,370593.40900000
1766160000000,125.09000000,126.97000000,124.85000000,125.28000000,208255.93300000
1766163600000,125.29000000,126.14000000,123.65000000,123.65000000,233510.90600000
1766167200000,123.65000000,125.36000000,123.59000000,124.79000000,153279.94700000
1766170800000,124.79000000,126.64000000,124.79000000,126.25000000,192582.11400000
1766174400000,126.25000000,127.87000000,126.08000000,127.18000000,193123.83300000
1766178000000,127.18000000,127.38000000,126.48000000,126.79000000,167995.93000000
1766181600000,126.80000000,127.35000000,126.76000000,126.87000000,60437.30000000
1766185200000,126.86000000,126.86000000,126.14000000,126.27000000,31513.08500000
1766188800000,126.27000000,126.35000000,125.62000000,125.80000000,57469.96000000
1766192400000,125.80000000,126.03000000,125.52000000,125.55000000,47806.20000000
1766196000000,125.56000000,126.18000000,125.30000000,125.84000000,63943.49100000
1766199600000,125.84000000,126.49000000,125.51000000,126.21000000,42248.75200000
1766203200000,126.21000000,126.48000000,125.87000000,126.26000000,61344.11300000
1766206800000,126.26000000,126.69000000,126.09000000,126.38000000,47780.85600000
1766210400000,126.39000000,126.68000000,126.23000000,126.28000000,18904.67100000
1766214000000,126.29000000,126.37000000,125.94000000,126.17000000,43120.02500000
1766217600000,126.18000000,126.89000000,126.11000000,126.47000000,69129.25600000
1766221200000,126.47000000,126.75000000,126.22000000,126.27000000,40771.35200000
1766224800000,126.27000000,126.40000000,126.00000000,126.05000000,41533.76000000
1766228400000,126.05000000,126.50000000,125.87000000,126.47000000,34074.05200000
1766232000000,126.47000000,126.48000000,126.08000000,126.29000000,20545.75500000
1766235600000,126.28000000,126.40000000,125.45000000,126.14000000,100840.47800000
1766239200000,126.13000000,126.41000000,125.57000000,126.37000000,88765.77500000
1766242800000,126.38000000,126.67000000,126.00000000,126.58000000,88902.25800000
1766246400000,126.59000000,126.71000000,126.11000000,126.30000000,58393.36700000
1766250000000,126.30000000,126.47000000,125.98000000,126.02000000,33810.15900000
1766253600000,126.02000000,126.14000000,125.75000000,126.00000000,53065.93400000
1766257200000,126.01000000,126.19000000,125.77000000,126.05000000,26044.26000000
1766260800000,126.05000000,126.46000000,125.92000000,126.45000000,40197.56200000
1766264400000,126.46000000,126.55000000,126.25000000,126.33000000,63595.39700000
1766268000000,126.34000000,126.39000000,125.76000000,126.03000000,47223.93500000
1766271600000,126.02000000,126.08000000,125.63000000,125.81000000,39842.21800000
1766275200000,125.80000000,126.11000000,125.70000000,126.03000000,39559.20900000
1766278800000,126.03000000,126.03000000,125.07000000,125.09000000,106423.45300000
1766282400000,125.10000000,125.36000000,124.68000000,124.89000000,103474.62300000
1766286000000,124.89000000,125.55000000,124.84000000,125.22000000,52683.90500000
1766289600000,125.22000000,125.43000000,125.15000000,125.19000000,26369.53000000
1766293200000,125.19000000,125.48000000,125.07000000,125.28000000,17133.77700000
1766296800000,125.29000000,125.49000000,125.13000000,125.41000000,15006.07100000
1766300400000,125.42000000,125.54000000,125.20000000,125.30000000,29758.01500000
1766304000000,125.29000000,125.93000000,124.80000000,125.57000000,79141.28000000
1766307600000,125.57000000,126.60000000,125.47000000,126.28000000,106855.85200000
1766311200000,126.29000000,126.62000000,125.61000000,125.83000000,67771.22400000
1766314800000,125.83000000,125.88000000,125.33000000,125.48000000,84794.58100000
1766318400000,125.47000000,126.06000000,125.10000000,125.58000000,107013.24500000
1766322000000,125.58000000,125.60000000,123.40000000,123.64000000,227140.65400000
1766325600000,123.63000000,124.70000000,123.51000000,124.42000000,68573.49300000
1766329200000,124.42000000,125.26000000,123.95000000,125.05000000,86476.46600000
1766332800000,125.05000000,125.62000000,124.80000000,125.50000000,141521.32200000
1766336400000,125.49000000,126.35000000,125.39000000,125.50000000,137953.39900000
1766340000000,125.50000000,125.51000000,124.37000000,125.14000000,67214.84300000
1766343600000,125.15000000,125.88000000,125.07000000,125.67000000,46187.03700000
1766347200000,125.67000000,125.79000000,125.32000000,125.36000000,47569.36100000
1766350800000,125.35000000,125.38000000,124.70000000,124.89000000,29048.11100000
1766354400000,124.88000000,125.91000000,124.79000000,125.82000000,48174.89900000
1766358000000,125.83000000,126.30000000,125.51000000,126.03000000,76258.83900000
1766361600000,126.03000000,128.56000000,125.99000000,126.26000000,277034.91500000
1766365200000,126.25000000,127.33000000,125.80000000,126.03000000,104004.97000000
1766368800000,126.02000000,126.06000000,124.50000000,125.23000000,164700.38800000
1766372400000,125.23000000,126.54000000,124.93000000,126.02000000,87742.51700000
1766376000000,126.02000000,126.73000000,125.82000000,126.53000000,78084.28300000
1766379600000,126.53000000,126.70000000,126.07000000,126.33000000,37107.49400000
1766383200000,126.33000000,126.56000000,125.74000000,125.74000000,36998.28100000
1766386800000,125.74000000,126.51000000,125.56000000,126.31000000,57855.39400000
1766390400000,126.30000000,127.38000000,125.61000000,125.64000000,101706.76600000
1766394000000,125.64000000,126.38000000,125.49000000,126.23000000,78994.63800000
1766397600000,126.23000000,126.91000000,125.88000000,126.72000000,71895.19800000
1766401200000,126.72000000,127.46000000,126.37000000,127.01000000,71145.57200000
1766404800000,127.00000000,127.72000000,126.68000000,126.99000000,105964.45200000
1766408400000,126.99000000,127.14000000,126.32000000,127.02000000,83423.58700000
1766412000000,127.03000000,128.30000000,126.51000000,127.84000000,239807.59900000
1766415600000,127.85000000,128.78000000,126.45000000,128.07000000,170653.36900000
1766419200000,128.07000000,128.37000000,127.13000000,127.24000000,139465.01300000
1766422800000,127.23000000,127.31000000,126.46000000,126.91000000,107949.53900000
1766426400000,126.91000000,127.50000000,126.34000000,126.51000000,68714.56200000
1766430000000,126.50000000,126.51000000,124.64000000,124.66000000,228074.51900000
1766433600000,124.66000000,125.29000000,124.20000000,124.43000000,148023.69900000
1766437200000,124.43000000,125.59000000,124.35000000,125.16000000,82820.40800000
1766440800000,125.16000000,126.03000000,125.00000000,125.86000000,75228.80800000
1766444400000,125.87000000,125.97000000,125.43000000,125.93000000,50193.17500000
1766448000000,125.93000000,126.93000000,125.78000000,126.73000000,80459.73600000
1766451600000,126.73000000,126.81000000,125.93000000,126.20000000,36598.01400000
1766455200000,126.19000000,126.63000000,125.47000000,125.64000000,59157.23200000
1766458800000,125.64000000,126.15000000,124.90000000,125.63000000,97454.63600000
1766462400000,125.62000000,126.08000000,125.41000000,125.43000000,39430.56000000
1766466000000,125.42000000,125.52000000,124.58000000,124.99000000,56766.79200000
1766469600000,124.99000000,125.28000000,124.14000000,124.34000000,106141.24400000
1766473200000,124.34000000,124.62000000,123.77000000,124.19000000,132272.98200000
1766476800000,124.19000000,124.64000000,124.02000000,124.19000000,77054.27700000
1766480400000,124.19000000,124.38000000,123.93000000,124.16000000,55600.81200000
1766484000000,124.16000000,124.88000000,124.11000000,124.83000000,43832.03800000
1766487600000,124.84000000,125.23000000,124.72000000,124.86000000,62405.82600000
1766491200000,124.85000000,124.93000000,123.95000000,124.16000000,72471.65900000
1766494800000,124.17000000,124.64000000,122.74000000,123.34000000,213343.18100000
1766498400000,123.34000000,123.75000000,122.16000000,122.68000000,219549.42300000
1766502000000,122.67000000,123.51000000,122.38000000,123.37000000,119655.11700000
1766505600000,123.36000000,124.94000000,123.00000000,124.62000000,257410.43200000
1766509200000,124.62000000,124.84000000,122.78000000,122.85000000,181423.63700000
1766512800000,122.85000000,124.17000000,122.84000000,123.99000000,97184.19500000
1766516400000,123.99000000,124.55000000,123.49000000,123.99000000,55844.95200000
1766520000000,123.99000000,125.65000000,123.46000000,124.70000000,118930.83500000
1766523600000,124.71000000,124.77000000,123.95000000,124.29000000,133981.71400000
1766527200000,124.28000000,124.51000000,123.58000000,123.87000000,49328.18800000
1766530800000,123.87000000,124.16000000,123.46000000,124.01000000,73733.39000000
1766534400000,124.02000000,124.30000000,123.58000000,123.86000000,39808.48200000
1766538000000,123.87000000,124.21000000,122.94000000,123.11000000,65608.42500000
1766541600000,123.11000000,123.13000000,121.78000000,122.31000000,112441.95700000
1766545200000,122.31000000,122.81000000,121.76000000,122.72000000,70645.33600000
1766548800000,122.71000000,123.06000000,121.51000000,121.63000000,95278.41400000
1766552400000,121.63000000,122.03000000,121.14000000,121.47000000,75664.77500000
1766556000000,121.48000000,121.59000000,120.63000000,121.59000000,80036.46800000
1766559600000,121.59000000,121.87000000,121.29000000,121.31000000,45217.01200000
1766563200000,121.32000000,121.67000000,121.11000000,121.40000000,62356.83400000
1766566800000,121.40000000,121.75000000,121.30000000,121.43000000,46439.79700000
1766570400000,121.42000000,122.23000000,121.39000000,121.76000000,58376.40600000
1766574000000,121.76000000,122.22000000,121.76000000,122.04000000,56461.97900000
1766577600000,122.04000000,122.55000000,121.92000000,122.45000000,47838.97800000
1766581200000,122.45000000,122.45000000,121.74000000,121.96000000,38816.72300000
1766584800000,121.96000000,122.30000000,120.70000000,121.48000000,118538.09800000
1766588400000,121.48000000,122.94000000,121.30000000,122.73000000,129322.33700000
1766592000000,122.73000000,123.46000000,122.41000000,122.71000000,131529.80300000
1766595600000,122.70000000,122.98000000,121.98000000,122.03000000,61306.09400000
1766599200000,122.04000000,122.70000000,121.77000000,122.47000000,46488.24000000
1766602800000,122.47000000,122.86000000,121.98000000,122.86000000,43426.14700000
1766606400000,122.86000000,123.12000000,122.60000000,122.67000000,65042.93000000
1766610000000,122.67000000,123.10000000,122.62000000,123.01000000,45804.91900000
1766613600000,123.01000000,123.40000000,122.92000000,123.31000000,38206.37200000
1766617200000,123.31000000,123.34000000,122.47000000,122.53000000,30793.97200000
1766620800000,122.52000000,122.70000000,122.09000000,122.17000000,33294.18800000
1766624400000,122.17000000,122.78000000,122.14000000,122.74000000,24940.51100000
1766628000000,122.75000000,123.15000000,122.46000000,123.04000000,30222.31700000
1766631600000,123.05000000,123.15000000,122.55000000,122.70000000,36077.60700000
1766635200000,122.70000000,122.86000000,122.61000000,122.78000000,18242.84600000
1766638800000,122.78000000,122.78000000,122.22000000,122.37000000,54746.23500000
1766642400000,122.37000000,122.51000000,122.18000000,122.46000000,65837.89500000
1766646000000,122.46000000,122.47000000,122.10000000,122.27000000,53225.38000000
1766649600000,122.27000000,122.65000000,121.62000000,122.09000000,94932.63800000
1766653200000,122.09000000,122.17000000,121.78000000,122.09000000,40925.84300000
1766656800000,122.09000000,122.09000000,121.31000000,121.55000000,56400.79700000
1766660400000,121.55000000,121.86000000,121.51000000,121.65000000,29589.43300000
1766664000000,121.65000000,122.06000000,121.58000000,122.06000000,23927.84600000
1766667600000,122.05000000,122.35000000,121.67000000,122.07000000,47759.61100000
1766671200000,122.06000000,122.34000000,121.77000000,122.12000000,35860.82200000
1766674800000,122.12000000,124.10000000,121.88000000,123.68000000,196836.33900000
1766678400000,123.68000000,124.46000000,123.35000000,123.53000000,256356.36900000
1766682000000,123.52000000,123.62000000,122.80000000,123.07000000,70494.49000000
1766685600000,123.08000000,124.18000000,123.07000000,124.01000000,94345.88700000
1766689200000,124.02000000,124.08000000,123.35000000,123.47000000,35425.61900000
1766692800000,123.47000000,123.50000000,122.96000000,123.31000000,32185.81000000
1766696400000,123.30000000,123.52000000,123.12000000,123.21000000,27306.56400000
1766700000000,123.22000000,123.45000000,121.40000000,121.82000000,88061.31700000
1766703600000,121.81000000,122.12000000,119.71000000,120.06000000,371328.78400000
1766707200000,120.05000000,120.34000000,119.24000000,120.33000000,179799.18500000
1766710800000,120.34000000,121.18000000,120.19000000,120.81000000,164884.98900000
1766714400000,120.81000000,124.39000000,120.81000000,123.47000000,514404.85300000
1766718000000,123.47000000,123.74000000,122.48000000,122.67000000,180765.88400000
1766721600000,122.67000000,122.99000000,121.80000000,122.85000000,92107.86100000
1766725200000,122.85000000,123.49000000,122.67000000,123.29000000,52100.30800000
1766728800000,123.30000000,123.79000000,123.30000000,123.48000000,91728.15300000
1766732400000,123.48000000,123.99000000,122.57000000,122.72000000,149239.38700000
1766736000000,122.71000000,123.13000000,122.29000000,122.69000000,153212.18000000
1766739600000,122.69000000,124.13000000,122.53000000,123.68000000,140144.21600000
1766743200000,123.69000000,123.92000000,123.44000000,123.75000000,86920.08300000
1766746800000,123.76000000,123.93000000,123.34000000,123.84000000,66920.44200000
1766750400000,123.83000000,124.20000000,123.76000000,123.96000000,60970.44900000
1766754000000,123.97000000,125.14000000,123.87000000,124.89000000,143919.77900000
1766757600000,124.90000000,124.98000000,122.07000000,122.24000000,298026.10900000
1766761200000,122.23000000,122.23000000,120.45000000,121.55000000,417737.33800000
1766764800000,121.55000000,122.26000000,121.17000000,121.24000000,93943.02900000
1766768400000,121.25000000,122.40000000,121.24000000,121.85000000,102740.00000000
1766772000000,121.85000000,122.22000000,121.74000000,122.07000000,69756.43400000
1766775600000,122.07000000,122.40000000,121.74000000,122.15000000,73995.85500000
1766779200000,122.16000000,122.67000000,121.90000000,122.41000000,72974.68200000
1766782800000,122.42000000,122.64000000,122.05000000,122.07000000,51803.02300000
1766786400000,122.07000000,122.45000000,121.82000000,122.45000000,39801.32100000
1766790000000,122.45000000,122.57000000,122.18000000,122.26000000,28621.00200000
1766793600000,122.27000000,122.38000000,121.91000000,122.09000000,100676.43100000
1766797200000,122.09000000,122.32000000,121.86000000,122.31000000,46724.19900000
1766800800000,122.32000000,122.44000000,122.13000000,122.33000000,23006.81200000
1766804400000,122.33000000,123.80000000,122.29000000,123.67000000,170513.03300000
1766808000000,123.67000000,123.74000000,122.90000000,122.99000000,66207.16500000
1766811600000,122.99000000,123.29000000,122.97000000,123.17000000,40541.74300000
1766815200000,123.18000000,123.18000000,122.77000000,123.03000000,26167.47000000
1766818800000,123.04000000,123.44000000,123.03000000,123.16000000,25476.39400000
1766822400000,123.15000000,123.34000000,122.83000000,122.84000000,30277.21700000
1766826000000,122.84000000,123.22000000,122.83000000,123.00000000,33476.38000000
1766829600000,123.00000000,123.13000000,122.51000000,122.88000000,35012.05300000
1766833200000,122.89000000,123.21000000,122.84000000,122.99000000,31583.75100000
1766836800000,122.98000000,123.21000000,122.75000000,122.89000000,23413.82800000
1766840400000,122.89000000,123.30000000,122.74000000,123.00000000,39170.12800000
1766844000000,123.01000000,123.35000000,122.85000000,123.33000000,24686.75100000
1766847600000,123.33000000,123.66000000,123.15000000,123.31000000,41184.88600000
1766851200000,123.32000000,123.44000000,122.93000000,122.97000000,41362.13300000
1766854800000,122.97000000,123.45000000,122.76000000,123.38000000,89372.77500000
1766858400000,123.38000000,123.45000000,123.00000000,123.22000000,43468.30000000
1766862000000,123.21000000,123.45000000,123.05000000,123.28000000,27777.74900000
1766865600000,123.27000000,123.81000000,123.27000000,123.59000000,85884.04800000
1766869200000,123.59000000,124.58000000,123.58000000,124.55000000,108600.63200000
1766872800000,124.55000000,124.97000000,123.67000000,123.91000000,119901.75400000
1766876400000,123.91000000,125.08000000,123.91000000,124.73000000,83316.48000000
1766880000000,124.74000000,124.90000000,124.28000000,124.38000000,52007.20000000
1766883600000,124.37000000,124.62000000,123.96000000,123.98000000,59759.42700000
1766887200000,123.98000000,124.41000000,123.90000000,124.22000000,43172.70300000
1766890800000,124.23000000,124.30000000,123.96000000,124.13000000,33317.81400000
1766894400000,124.12000000,124.32000000,124.00000000,124.10000000,23922.35000000
1766898000000,124.10000000,124.10000000,123.61000000,123.78000000,35443.59900000
1766901600000,123.78000000,124.22000000,123.75000000,124.11000000,30007.09500000
1766905200000,124.12000000,124.34000000,123.84000000,124.23000000,43250.85300000
1766908800000,124.23000000,124.69000000,124.17000000,124.28000000,55644.18300000
1766912400000,124.28000000,124.40000000,124.00000000,124.08000000,39324.70300000
1766916000000,124.08000000,124.63000000,124.02000000,124.52000000,68337.50100000
1766919600000,124.51000000,124.84000000,124.40000000,124.65000000,47339.01000000
1766923200000,124.65000000,124.78000000,124.38000000,124.42000000,39070.62700000
1766926800000,124.42000000,124.80000000,124.30000000,124.63000000,60035.75800000
1766930400000,124.63000000,124.99000000,124.50000000,124.56000000,64849.17500000
1766934000000,124.57000000,125.03000000,124.42000000,124.44000000,82373.83700000
1766937600000,124.44000000,124.67000000,124.18000000,124.30000000,70536.77900000
1766941200000,124.30000000,124.77000000,124.30000000,124.46000000,38039.76600000
1766944800000,124.45000000,124.52000000,123.13000000,123.14000000,266982.69200000
1766948400000,123.13000000,123.64000000,123.08000000,123.30000000,151668.58500000
1766952000000,123.30000000,123.69000000,123.10000000,123.43000000,32381.84600000
1766955600000,123.43000000,123.86000000,123.30000000,123.86000000,125940.73300000
1766959200000,123.86000000,124.34000000,123.53000000,124.24000000,163285.63900000
1766962800000,124.24000000,125.64000000,123.93000000,125.27000000,202268.57600000
1766966400000,125.27000000,128.18000000,125.01000000,127.01000000,380941.76600000
1766970000000,127.00000000,130.16000000,126.23000000,128.72000000,575234.09200000
1766973600000,128.73000000,129.49000000,128.17000000,128.73000000,265044.48900000
1766977200000,128.74000000,129.52000000,128.50000000,128.58000000,349636.73900000
1766980800000,128.58000000,129.15000000,128.22000000,128.57000000,188780.97900000
1766984400000,128.57000000,128.58000000,127.59000000,127.72000000,138116.35800000
1766988000000,127.72000000,128.07000000,127.50000000,127.78000000,94853.89000000
1766991600000,127.79000000,127.99000000,127.20000000,127.88000000,119032.27600000
1766995200000,127.88000000,128.47000000,127.71000000,127.90000000,130710.74700000
1766998800000,127.90000000,128.00000000,125.41000000,126.07000000,230033.38500000
1767002400000,126.07000000,126.37000000,125.50000000,125.69000000,167720.60900000
1767006000000,125.68000000,125.68000000,125.01000000,125.08000000,115690.94000000
1767009600000,125.08000000,125.41000000,122.91000000,123.71000000,380665.78800000
1767013200000,123.72000000,124.12000000,122.96000000,123.27000000,191311.75600000
1767016800000,123.26000000,124.55000000,122.36000000,123.45000000,304561.71600000
1767020400000,123.45000000,124.13000000,123.15000000,123.44000000,85320.43900000
1767024000000,123.43000000,123.73000000,122.63000000,123.48000000,122580.71900000
1767027600000,123.48000000,123.90000000,123.02000000,123.90000000,77258.22700000
1767031200000,123.89000000,123.98000000,122.98000000,123.13000000,79755.99100000
1767034800000,123.13000000,123.51000000,122.86000000,123.06000000,87138.03500000
1767038400000,123.07000000,123.62000000,122.86000000,123.34000000,96413.85800000
1767042000000,123.33000000,123.59000000,123.16000000,123.45000000,31609.44800000
1767045600000,123.45000000,123.61000000,123.18000000,123.43000000,34345.99200000
1767049200000,123.43000000,123.60000000,123.20000000,123.28000000,60836.86600000
1767052800000,123.28000000,123.34000000,122.90000000,123.10000000,38407.42100000
1767056400000,123.11000000,123.46000000,122.76000000,123.19000000,51325.61300000
1767060000000,123.20000000,123.26000000,122.58000000,122.99000000,50964.32200000
1767063600000,123.00000000,123.93000000,122.76000000,123.80000000,71593.01500000
1767067200000,123.79000000,124.22000000,123.60000000,123.95000000,135577.88700000
1767070800000,123.95000000,124.02000000,123.20000000,123.42000000,41703.05100000
1767074400000,123.42000000,124.06000000,123.38000000,123.91000000,35100.58500000
1767078000000,123.91000000,124.35000000,123.80000000,124.02000000,80365.82200000
1767081600000,124.02000000,125.15000000,124.00000000,124.81000000,162877.11600000
1767085200000,124.81000000,125.09000000,124.40000000,124.84000000,84828.71200000
1767088800000,124.84000000,124.98000000,124.48000000,124.58000000,43627.66400000
1767092400000,124.59000000,124.65000000,124.02000000,124.30000000,108012.19600000
1767096000000,124.29000000,124.65000000,124.10000000,124.28000000,83284.08600000
1767099600000,124.28000000,124.44000000,123.92000000,124.27000000,124177.43300000
1767103200000,124.27000000,125.35000000,123.54000000,125.03000000,180905.31500000
1767106800000,125.03000000,125.26000000,124.03000000,125.16000000,173208.59000000
1767110400000,125.16000000,126.52000000,124.88000000,125.67000000,250474.89500000
1767114000000,125.67000000,126.00000000,124.43000000,124.71000000,124562.18600000
1767117600000,124.70000000,124.72000000,124.20000000,124.54000000,167839.31500000
1767121200000,124.53000000,124.81000000,123.78000000,124.71000000,153043.93600000
1767124800000,124.71000000,124.82000000,123.86000000,124.03000000,61687.34300000
1767128400000,124.03000000,124.20000000,123.50000000,123.99000000,104400.79300000
1767132000000,123.99000000,124.60000000,123.89000000,124.44000000,51056.77700000
1767135600000,124.43000000,125.14000000,124.30000000,125.01000000,101607.44300000
1767139200000,125.02000000,125.07000000,124.41000000,124.95000000,117447.45100000
1767142800000,124.94000000,125.95000000,124.83000000,125.54000000,122215.05000000
1767146400000,125.53000000,126.09000000,125.32000000,126.01000000,83863.54700000
1767150000000,126.02000000,126.09000000,125.17000000,125.82000000,62020.67800000
1767153600000,125.81000000,125.96000000,125.38000000,125.46000000,54301.30000000
1767157200000,125.46000000,125.77000000,125.41000000,125.64000000,29055.18300000
1767160800000,125.65000000,126.10000000,125.60000000,125.89000000,57404.10200000
1767164400000,125.90000000,126.05000000,125.65000000,125.99000000,63422.00100000
1767168000000,125.99000000,126.30000000,125.44000000,125.57000000,63080.40700000
1767171600000,125.57000000,126.40000000,125.56000000,126.30000000,51221.99700000
1767175200000,126.30000000,126.42000000,126.00000000,126.40000000,73234.42200000
1767178800000,126.39000000,126.85000000,126.23000000,126.73000000,66739.26700000
1767182400000,126.73000000,126.77000000,126.07000000,126.18000000,43606.79700000
1767186000000,126.19000000,126.51000000,125.95000000,126.29000000,59678.57700000
1767189600000,126.29000000,127.44000000,125.38000000,125.79000000,157292.31900000
1767193200000,125.79000000,125.84000000,125.01000000,125.59000000,223799.35600000
1767196800000,125.58000000,125.74000000,124.31000000,124.84000000,106785.74800000
1767200400000,124.84000000,125.24000000,124.57000000,125.04000000,74452.50300000
1767204000000,125.05000000,125.53000000,124.64000000,124.79000000,76853.62800000
1767207600000,124.79000000,125.22000000,124.37000000,124.39000000,65445.26100000
1767211200000,124.38000000,132.75000000,122.99000000,124.19000000,1058788.32100000
1767214800000,124.19000000,124.48000000,123.98000000,124.46000000,90506.43800000
1767218400000,124.45000000,125.16000000,124.25000000,124.86000000,88871.07600000
1767222000000,124.86000000,125.05000000,124.60000000,124.65000000,51558.22900000
1767225600000,124.64000000,125.25000000,124.60000000,125.15000000,51890.42700000
1767229200000,125.15000000,125.80000000,124.91000000,124.99000000,89320.41600000
1767232800000,124.98000000,125.22000000,124.79000000,125.18000000,53034.16800000
1767236400000,125.18000000,125.41000000,125.01000000,125.21000000,51681.32700000
1767240000000,125.22000000,125.27000000,124.80000000,124.96000000,46321.07100000
1767243600000,124.95000000,125.32000000,124.95000000,125.30000000,30922.78200000
1767247200000,125.30000000,125.32000000,124.88000000,124.89000000,20148.98000000
1767250800000,124.89000000,125.00000000,124.22000000,124.24000000,58996.54600000
1767254400000,124.24000000,124.72000000,124.15000000,124.68000000,67204.30700000
1767258000000,124.69000000,125.14000000,124.59000000,125.05000000,130236.67900000
1767261600000,125.05000000,125.29000000,124.98000000,125.05000000,102698.87100000
1767265200000,125.05000000,125.23000000,124.76000000,125.22000000,43113.12000000
1767268800000,125.23000000,125.28000000,125.01000000,125.02000000,56707.55600000
1767272400000,125.03000000,125.13000000,124.71000000,124.73000000,51727.98100000
1767276000000,124.73000000,124.92000000,124.39000000,124.71000000,127476.02500000
1767279600000,124.71000000,125.23000000,124.58000000,124.96000000,74840.98700000
1767283200000,124.96000000,125.02000000,124.28000000,124.45000000,83420.80300000
1767286800000,124.44000000,125.65000000,124.30000000,125.20000000,195309.96100000
1767290400000,125.20000000,125.39000000,125.03000000,125.35000000,70465.58000000
1767294000000,125.34000000,125.79000000,125.22000000,125.76000000,35341.64900000
1767297600000,125.76000000,125.95000000,125.31000000,125.39000000,53454.86800000
1767301200000,125.39000000,125.69000000,125.31000000,125.41000000,19874.92800000
1767304800000,125.41000000,126.25000000,125.37000000,126.08000000,49625.22900000
1767308400000,126.08000000,127.25000000,125.75000000,126.90000000,169850.71700000
1767312000000,126.91000000,127.16000000,126.44000000,126.79000000,74686.49200000
1767315600000,126.79000000,126.95000000,126.05000000,126.18000000,117222.17000000
1767319200000,126.18000000,126.67000000,125.84000000,126.58000000,65348.77500000
1767322800000,126.57000000,127.99000000,126.41000000,127.53000000,123310.72500000
1767326400000,127.53000000,127.72000000,126.95000000,126.98000000,44989.19900000
1767330000000,126.98000000,127.42000000,126.75000000,127.34000000,35007.51100000
1767333600000,127.34000000,127.72000000,127.25000000,127.32000000,55279.25000000
1767337200000,127.33000000,127.58000000,126.91000000,127.13000000,45062.25500000
1767340800000,127.14000000,127.97000000,127.13000000,127.96000000,69445.74400000
1767344400000,127.96000000,129.89000000,127.81000000,129.40000000,275803.63900000
1767348000000,129.39000000,129.99000000,128.88000000,128.94000000,170117.09500000
1767351600000,128.95000000,128.98000000,128.00000000,128.22000000,110177.80700000
1767355200000,128.21000000,128.65000000,127.91000000,128.42000000,91303.14400000
1767358800000,128.43000000,128.80000000,128.28000000,128.37000000,64831.51300000
1767362400000,128.37000000,129.65000000,126.82000000,128.73000000,263476.22200000
1767366000000,128.74000000,129.53000000,127.41000000,128.98000000,208059.68100000
1767369600000,128.98000000,131.79000000,128.68000000,130.92000000,346163.77000000
1767373200000,130.92000000,132.30000000,130.69000000,131.44000000,189737.83800000
1767376800000,131.44000000,132.03000000,130.35000000,130.80000000,116804.84800000
1767380400000,130.80000000,131.79000000,130.64000000,131.63000000,93264.36400000
1767384000000,131.63000000,132.13000000,130.83000000,131.14000000,93661.78400000
1767387600000,131.14000000,132.16000000,131.14000000,131.92000000,50749.63000000
1767391200000,131.93000000,133.25000000,131.90000000,132.64000000,139843.75500000
1767394800000,132.63000000,132.75000000,131.92000000,132.29000000,79880.16100000
1767398400000,132.28000000,132.93000000,132.24000000,132.53000000,65120.03900000
1767402000000,132.53000000,132.97000000,132.36000000,132.64000000,39194.72000000
1767405600000,132.64000000,133.11000000,132.06000000,132.85000000,100264.94700000
1767409200000,132.85000000,133.17000000,132.19000000,132.83000000,66264.95900000
1767412800000,132.83000000,132.93000000,132.19000000,132.37000000,50009.13000000
1767416400000,132.37000000,132.54000000,131.63000000,131.90000000,73601.02600000
1767420000000,131.89000000,132.28000000,131.05000000,131.18000000,66266.22400000
1767423600000,131.18000000,131.40000000,129.60000000,130.10000000,178441.65600000
1767427200000,130.09000000,131.03000000,129.80000000,130.69000000,76819.74100000
1767430800000,130.69000000,131.44000000,130.38000000,131.17000000,75803.72600000
1767434400000,131.17000000,131.23000000,130.80000000,130.96000000,57389.67300000
1767438000000,130.96000000,131.00000000,130.46000000,130.71000000,43591.87000000
1767441600000,130.71000000,130.94000000,130.50000000,130.91000000,47052.30500000
1767445200000,130.90000000,131.40000000,130.80000000,131.29000000,55206.35500000
1767448800000,131.30000000,132.18000000,131.13000000,131.99000000,61438.62700000
1767452400000,132.00000000,132.03000000,131.23000000,131.47000000,74865.05000000
1767456000000,131.48000000,132.00000000,131.47000000,131.78000000,55959.56700000
1767459600000,131.77000000,132.04000000,131.65000000,131.89000000,27187.87100000
1767463200000,131.90000000,132.12000000,131.61000000,131.97000000,44069.50600000
1767466800000,131.97000000,131.97000000,131.66000000,131.78000000,23508.78500000
1767470400000,131.78000000,132.03000000,131.35000000,131.99000000,39065.21900000
1767474000000,131.99000000,133.07000000,131.81000000,132.87000000,71888.13600000
1767477600000,132.87000000,133.99000000,132.59000000,133.43000000,84528.12200000
1767481200000,133.43000000,133.76000000,133.10000000,133.37000000,43086.24500000
1767484800000,133.37000000,134.97000000,133.31000000,134.57000000,156334.50500000
1767488400000,134.57000000,134.75000000,133.42000000,133.96000000,79064.37600000
1767492000000,133.96000000,134.02000000,133.48000000,133.73000000,61968.01900000
1767495600000,133.73000000,134.70000000,133.66000000,134.62000000,99718.28100000
1767499200000,134.62000000,134.87000000,134.24000000,134.30000000,70514.84600000
1767502800000,134.31000000,134.62000000,134.26000000,134.57000000,29719.63500000
1767506400000,134.56000000,135.00000000,133.70000000,133.76000000,117636.35200000
1767510000000,133.76000000,134.14000000,133.66000000,133.80000000,84514.53300000
1767513600000,133.80000000,134.18000000,133.20000000,134.12000000,85882.01900000
1767517200000,134.11000000,134.57000000,133.84000000,134.32000000,55854.95300000
1767520800000,134.32000000,134.88000000,134.23000000,134.70000000,79656.02300000
1767524400000,134.70000000,134.70000000,134.16000000,134.39000000,41786.19800000
1767528000000,134.39000000,134.90000000,134.20000000,134.34000000,81045.06500000
1767531600000,134.34000000,134.56000000,133.75000000,134.52000000,59178.13300000
1767535200000,134.53000000,135.00000000,134.25000000,134.96000000,79310.87300000
1767538800000,134.97000000,135.35000000,134.29000000,134.91000000,131236.14500000
1767542400000,134.91000000,135.54000000,134.75000000,135.11000000,71149.42100000
1767546000000,135.11000000,135.37000000,134.81000000,134.83000000,55598.27100000
1767549600000,134.83000000,134.88000000,133.71000000,134.21000000,102170.83500000
1767553200000,134.20000000,134.21000000,133.12000000,133.56000000,110680.69000000
1767556800000,133.55000000,134.26000000,133.40000000,134.03000000,31281.25800000
1767560400000,134.04000000,134.58000000,133.72000000,133.94000000,35042.90700000
1767564000000,133.93000000,134.44000000,133.79000000,134.16000000,28429.87100000
1767567600000,134.17000000,134.86000000,133.66000000,134.12000000,61495.90400000
1767571200000,134.12000000,135.84000000,134.01000000,135.55000000,192370.70700000
1767574800000,135.55000000,137.75000000,135.28000000,136.75000000,256690.59600000
1767578400000,136.76000000,137.23000000,135.69000000,136.87000000,127983.22400000
1767582000000,136.88000000,137.33000000,136.58000000,136.64000000,74836.46600000
1767585600000,136.64000000,136.79000000,135.00000000,135.69000000,102719.31900000
1767589200000,135.69000000,136.32000000,135.03000000,135.07000000,62378.04800000
1767592800000,135.06000000,135.71000000,134.63000000,135.63000000,103250.58700000
1767596400000,135.63000000,135.76000000,135.09000000,135.45000000,60463.17100000
1767600000000,135.45000000,135.95000000,135.21000000,135.22000000,85947.10100000
1767603600000,135.21000000,135.69000000,134.75000000,135.45000000,110133.71500000
1767607200000,135.45000000,136.06000000,135.27000000,135.80000000,80563.91200000
1767610800000,135.81000000,135.82000000,135.24000000,135.77000000,66113.49600000
1767614400000,135.77000000,135.83000000,134.91000000,135.13000000,80342.28200000
1767618000000,135.13000000,135.40000000,133.26000000,133.81000000,204636.64000000
1767621600000,133.81000000,135.62000000,133.18000000,134.99000000,276200.46400000
1767625200000,134.99000000,136.47000000,134.14000000,136.13000000,237682.59700000
1767628800000,136.13000000,136.30000000,134.98000000,135.40000000,136963.20400000
1767632400000,135.41000000,136.85000000,134.31000000,136.52000000,174002.66600000
1767636000000,136.53000000,137.58000000,135.70000000,137.37000000,203397.95800000
1767639600000,137.38000000,138.82000000,137.10000000,138.23000000,251113.90900000
1767643200000,138.23000000,139.87000000,137.72000000,137.87000000,214126.26500000
1767646800000,137.87000000,138.75000000,137.87000000,138.41000000,98836.39000000
1767650400000,138.40000000,139.16000000,138.29000000,138.80000000,61748.41300000
1767654000000,138.80000000,138.95000000,137.88000000,137.90000000,65066.35400000
1767657600000,137.91000000,138.20000000,136.89000000,137.72000000,126620.60700000
1767661200000,137.72000000,138.53000000,137.35000000,137.58000000,95407.63800000
1767664800000,137.58000000,138.01000000,137.32000000,137.61000000,64469.31600000
1767668400000,137.60000000,138.63000000,137.57000000,138.38000000,55215.64800000
1767672000000,138.38000000,139.00000000,138.20000000,138.45000000,79499.07600000
1767675600000,138.45000000,140.08000000,138.08000000,139.56000000,158530.23600000
1767679200000,139.56000000,139.78000000,138.85000000,139.02000000,133150.56400000
1767682800000,139.02000000,139.11000000,137.35000000,137.61000000,135865.22900000
1767686400000,137.60000000,138.13000000,137.40000000,137.62000000,86925.44600000
1767690000000,137.61000000,138.42000000,137.50000000,137.79000000,81500.84200000
1767693600000,137.79000000,138.11000000,137.42000000,137.74000000,76434.41500000
1767697200000,137.74000000,139.70000000,137.65000000,139.50000000,171181.22500000
1767700800000,139.50000000,139.62000000,138.86000000,139.09000000,84117.45600000
1767704400000,139.08000000,139.45000000,138.72000000,139.10000000,95082.39200000
1767708000000,139.11000000,143.48000000,139.11000000,142.00000000,648244.59100000
1767711600000,142.00000000,143.22000000,141.12000000,141.60000000,336686.73400000
1767715200000,141.59000000,141.95000000,138.15000000,138.92000000,311241.54700000
1767718800000,138.91000000,139.17000000,136.42000000,136.52000000,318451.56000000
1767722400000,136.51000000,138.00000000,136.19000000,137.57000000,154970.92200000
1767726000000,137.57000000,138.08000000,137.31000000,137.53000000,56972.82300000
1767729600000,137.53000000,139.19000000,137.51000000,138.95000000,115009.65200000
1767733200000,138.96000000,141.99000000,138.68000000,140.24000000,216177.40200000
1767736800000,140.23000000,141.00000000,139.51000000,140.03000000,91267.49100000
1767740400000,140.04000000,141.37000000,140.03000000,141.08000000,78772.30500000
1767744000000,141.08000000,141.40000000,139.78000000,139.85000000,86612.48800000
1767747600000,139.85000000,140.63000000,138.80000000,138.91000000,107125.19000000
1767751200000,138.90000000,140.10000000,138.52000000,139.95000000,120744.72900000
1767754800000,139.95000000,140.55000000,139.38000000,139.58000000,51158.80300000
1767758400000,139.59000000,139.72000000,138.72000000,138.78000000,45514.31100000
1767762000000,138.78000000,139.34000000,138.15000000,138.52000000,80758.31000000
1767765600000,138.52000000,139.08000000,138.47000000,138.79000000,70474.70400000
1767769200000,138.80000000,139.45000000,138.79000000,139.39000000,58162.06700000
1767772800000,139.39000000,139.80000000,139.09000000,139.41000000,73725.19800000
1767776400000,139.40000000,139.49000000,136.56000000,136.89000000,243466.14500000
1767780000000,136.89000000,137.71000000,136.75000000,137.57000000,103091.59300000
1767783600000,137.58000000,138.21000000,137.51000000,137.93000000,55242.72600000
1767787200000,137.93000000,138.21000000,137.61000000,137.92000000,48477.93700000
1767790800000,137.93000000,138.51000000,137.55000000,138.13000000,72559.76600000
1767794400000,138.14000000,138.21000000,136.58000000,138.02000000,180577.06600000
1767798000000,138.03000000,138.08000000,135.25000000,135.70000000,267740.45200000
1767801600000,135.70000000,136.68000000,135.32000000,135.70000000,128986.94700000
1767805200000,135.70000000,136.48000000,135.39000000,135.60000000,78599.63000000
1767808800000,135.60000000,135.91000000,134.73000000,135.26000000,130696.42100000
1767812400000,135.25000000,136.00000000,134.41000000,135.76000000,63710.75000000
1767816000000,135.76000000,136.00000000,135.00000000,135.79000000,50598.47700000
1767819600000,135.79000000,136.35000000,135.68000000,136.19000000,44424.62200000
1767823200000,136.18000000,136.82000000,135.77000000,136.50000000,65380.96000000
1767826800000,136.50000000,137.05000000,135.86000000,136.39000000,93812.88600000
1767830400000,136.39000000,136.97000000,136.00000000,136.83000000,50559.87300000
1767834000000,136.83000000,137.42000000,136.70000000,136.82000000,57996.73900000
1767837600000,136.82000000,138.00000000,136.58000000,137.93000000,176153.47400000
1767841200000,137.93000000,138.32000000,136.59000000,136.75000000,97293.92200000
1767844800000,136.74000000,138.33000000,136.43000000,137.65000000,101238.12700000
1767848400000,137.65000000,138.07000000,136.50000000,136.64000000,67911.07200000
1767852000000,136.65000000,136.76000000,134.74000000,134.85000000,145510.57500000
1767855600000,134.86000000,135.99000000,133.79000000,135.90000000,178654.59700000
1767859200000,135.90000000,136.22000000,135.05000000,135.11000000,67713.59200000
1767862800000,135.12000000,135.52000000,134.36000000,134.47000000,74168.63000000
1767866400000,134.48000000,135.44000000,133.92000000,135.10000000,113503.18200000
1767870000000,135.10000000,135.29000000,134.28000000,134.79000000,68221.89000000
1767873600000,134.80000000,134.83000000,133.72000000,134.14000000,85890.65100000
1767877200000,134.13000000,134.59000000,133.72000000,134.46000000,66373.58300000
1767880800000,134.46000000,134.50000000,132.67000000,134.04000000,302785.64200000
1767884400000,134.03000000,136.55000000,133.40000000,136.41000000,208878.70000000
1767888000000,136.41000000,138.22000000,136.25000000,138.19000000,200574.02100000
1767891600000,138.19000000,138.83000000,137.27000000,138.72000000,178988.65100000
1767895200000,138.72000000,139.06000000,137.90000000,138.08000000,142072.66000000
1767898800000,138.09000000,138.41000000,137.20000000,137.53000000,113751.75300000
1767902400000,137.53000000,137.86000000,136.52000000,137.69000000,132032.94400000
1767906000000,137.69000000,139.84000000,137.69000000,139.61000000,143222.13500000
1767909600000,139.61000000,140.07000000,138.30000000,138.87000000,189954.69700000
1767913200000,138.87000000,139.19000000,138.24000000,138.37000000,149986.72500000
1767916800000,138.37000000,139.35000000,138.28000000,139.13000000,103915.38900000
1767920400000,139.13000000,139.60000000,137.74000000,138.29000000,162596.57300000
1767924000000,138.28000000,139.54000000,138.21000000,138.98000000,113541.93200000
1767927600000,138.97000000,141.17000000,138.90000000,140.81000000,277494.87400000
1767931200000,140.81000000,141.08000000,139.65000000,139.76000000,135037.31700000
1767934800000,139.75000000,140.16000000,139.46000000,139.95000000,69128.25600000
1767938400000,139.95000000,140.86000000,139.66000000,140.70000000,67231.41200000
1767942000000,140.71000000,140.73000000,139.54000000,139.54000000,100116.47300000
1767945600000,139.55000000,139.68000000,137.04000000,137.93000000,291724.20500000
1767949200000,137.94000000,139.08000000,137.90000000,138.43000000,140247.94000000
1767952800000,138.43000000,139.00000000,138.13000000,138.72000000,62350.54800000
1767956400000,138.73000000,138.91000000,138.07000000,138.28000000,126942.87200000
1767960000000,138.27000000,138.64000000,137.58000000,137.72000000,71511.06900000
1767963600000,137.72000000,139.44000000,137.66000000,138.64000000,219601.68800000
1767967200000,138.64000000,138.64000000,136.46000000,136.87000000,241081.18700000
1767970800000,136.86000000,140.89000000,136.13000000,138.82000000,433149.69500000
1767974400000,138.82000000,140.25000000,138.72000000,139.95000000,154716.87300000
1767978000000,139.95000000,140.08000000,137.35000000,138.50000000,219286.10400000
1767981600000,138.50000000,138.50000000,135.79000000,136.83000000,319016.54200000
1767985200000,136.83000000,136.83000000,135.44000000,135.81000000,83723.13800000
1767988800000,135.80000000,136.07000000,134.98000000,135.61000000,196665.74800000
1767992400000,135.61000000,136.45000000,135.40000000,136.00000000,70179.71000000
1767996000000,136.01000000,136.23000000,135.57000000,136.17000000,45662.57300000
1767999600000,136.16000000,136.45000000,135.77000000,135.97000000,73625.87800000
1768003200000,135.96000000,136.13000000,135.68000000,135.90000000,46804.16700000
1768006800000,135.90000000,136.49000000,135.76000000,136.47000000,54354.72600000
1768010400000,136.46000000,136.69000000,135.92000000,136.39000000,53371.95800000
1768014000000,136.40000000,136.40000000,135.92000000,136.15000000,51754.12900000
1768017600000,136.15000000,136.19000000,135.75000000,135.86000000,27102.89400000
1768021200000,135.86000000,136.34000000,135.78000000,135.94000000,25916.61900000
1768024800000,135.95000000,136.20000000,135.75000000,135.99000000,40571.23200000
1768028400000,136.00000000,136.26000000,135.96000000,136.09000000,33870.34900000
1768032000000,136.09000000,136.38000000,136.00000000,136.23000000,23629.92500000
1768035600000,136.23000000,136.66000000,136.10000000,136.62000000,61219.46000000
1768039200000,136.63000000,137.05000000,136.42000000,137.01000000,84107.47800000
1768042800000,137.01000000,137.01000000,136.40000000,136.58000000,34510.73800000
1768046400000,136.58000000,137.04000000,136.55000000,136.64000000,45814.89500000
1768050000000,136.64000000,136.64000000,136.07000000,136.35000000,47479.27400000
1768053600000,136.35000000,136.46000000,136.01000000,136.13000000,47292.25300000
1768057200000,136.14000000,136.54000000,136.06000000,136.42000000,40229.92500000
1768060800000,136.42000000,136.64000000,136.16000000,136.41000000,26141.26200000
1768064400000,136.41000000,136.71000000,136.13000000,136.15000000,28181.49500000
1768068000000,136.16000000,136.33000000,135.85000000,136.16000000,77259.65500000
1768071600000,136.16000000,136.24000000,135.99000000,136.22000000,32073.05800000
1768075200000,136.22000000,136.27000000,135.99000000,136.08000000,24107.53300000
1768078800000,136.08000000,136.09000000,135.72000000,135.75000000,31970.58200000
1768082400000,135.76000000,135.94000000,135.37000000,135.56000000,36910.36800000
1768086000000,135.56000000,136.06000000,135.50000000,135.84000000,26163.02900000
1768089600000,135.85000000,136.45000000,135.75000000,136.39000000,45546.79000000
1768093200000,136.39000000,136.47000000,136.10000000,136.30000000,21840.66800000
1768096800000,136.30000000,136.46000000,135.94000000,136.01000000,36339.98400000
1768100400000,136.01000000,136.33000000,135.83000000,136.26000000,36717.43200000
1768104000000,136.26000000,136.40000000,135.97000000,136.20000000,29898.73300000
1768107600000,136.19000000,136.43000000,136.00000000,136.28000000,31454.38900000
1768111200000,136.28000000,136.40000000,135.88000000,136.15000000,40724.64600000
1768114800000,136.15000000,136.26000000,135.98000000,136.20000000,16515.67500000
1768118400000,136.20000000,136.91000000,136.10000000,136.76000000,59048.20400000
1768122000000,136.76000000,136.86000000,136.37000000,136.50000000,72588.27000000
1768125600000,136.50000000,136.74000000,136.30000000,136.57000000,37319.10900000
1768129200000,136.57000000,136.79000000,136.48000000,136.58000000,28211.37500000
1768132800000,136.58000000,137.28000000,136.52000000,137.10000000,68357.43400000
1768136400000,137.10000000,137.35000000,136.93000000,137.24000000,66430.41600000
1768140000000,137.24000000,139.47000000,137.23000000,139.21000000,129425.14100000
1768143600000,139.21000000,139.55000000,137.83000000,138.43000000,210106.41500000
1768147200000,138.44000000,141.60000000,138.43000000,140.04000000,513335.18200000
1768150800000,140.04000000,140.21000000,138.75000000,139.69000000,111659.45400000
1768154400000,139.68000000,140.20000000,139.12000000,140.03000000,57797.29100000
1768158000000,140.02000000,140.14000000,139.05000000,139.43000000,92805.25700000
1768161600000,139.42000000,139.43000000,137.97000000,138.54000000,182631.95300000
1768165200000,138.54000000,138.95000000,137.97000000,138.69000000,85066.66900000
1768168800000,138.69000000,138.69000000,137.71000000,138.23000000,66771.63600000
1768172400000,138.22000000,139.77000000,137.49000000,139.70000000,169321.08300000
1768176000000,139.69000000,141.36000000,138.92000000,141.33000000,468967.51800000
1768179600000,141.32000000,141.95000000,140.73000000,141.05000000,308958.67100000
1768183200000,141.06000000,142.76000000,140.96000000,142.42000000,183546.83100000
1768186800000,142.42000000,144.40000000,142.39000000,142.54000000,315984.93100000
1768190400000,142.54000000,143.09000000,142.46000000,142.75000000,89250.69700000
1768194000000,142.74000000,143.23000000,142.48000000,142.79000000,68717.11600000
1768197600000,142.79000000,143.35000000,141.86000000,142.00000000,119910.88100000
1768201200000,142.01000000,142.46000000,141.36000000,141.41000000,152578.51700000
1768204800000,141.42000000,142.05000000,139.05000000,140.06000000,201499.22600000
1768208400000,140.05000000,140.26000000,139.15000000,139.57000000,154582.09700000
1768212000000,139.57000000,140.20000000,139.04000000,139.26000000,93262.81100000
1768215600000,139.26000000,140.16000000,139.18000000,140.03000000,75355.25300000
1768219200000,140.02000000,140.30000000,139.68000000,139.77000000,65183.51900000
1768222800000,139.76000000,140.14000000,139.37000000,139.77000000,67382.76100000
1768226400000,139.76000000,140.82000000,138.69000000,140.44000000,206570.59600000
1768230000000,140.45000000,142.74000000,140.05000000,142.58000000,193484.77200000
1768233600000,142.58000000,144.33000000,142.11000000,142.97000000,370806.03500000
1768237200000,142.98000000,143.71000000,141.15000000,141.94000000,199143.30800000
1768240800000,141.94000000,142.88000000,140.58000000,141.23000000,182146.81600000
1768244400000,141.22000000,141.48000000,140.63000000,140.99000000,107825.57700000
1768248000000,141.00000000,141.86000000,140.00000000,140.23000000,91997.55800000
1768251600000,140.23000000,140.25000000,138.34000000,138.81000000,160216.38900000
1768255200000,138.82000000,139.85000000,138.78000000,139.17000000,108863.68400000
1768258800000,139.17000000,139.52000000,138.62000000,139.22000000,173884.52700000
1768262400000,139.21000000,139.45000000,138.69000000,139.30000000,125493.61300000
1768266000000,139.30000000,139.58000000,138.46000000,138.88000000,162597.99600000
1768269600000,138.88000000,139.31000000,138.12000000,138.38000000,165662.26500000
1768273200000,138.37000000,138.79000000,137.82000000,138.74000000,84335.46700000
1768276800000,138.75000000,139.15000000,138.39000000,139.14000000,44572.81600000
1768280400000,139.14000000,140.51000000,138.81000000,139.95000000,200246.13900000
1768284000000,139.95000000,140.76000000,139.83000000,140.62000000,116065.51300000
1768287600000,140.62000000,140.69000000,139.97000000,139.97000000,59826.48100000
1768291200000,139.97000000,141.85000000,139.97000000,141.60000000,85091.75400000
1768294800000,141.59000000,143.12000000,141.27000000,141.96000000,298962.12700000
1768298400000,141.96000000,142.62000000,141.70000000,142.09000000,208453.46700000
1768302000000,142.10000000,142.27000000,141.53000000,141.84000000,83747.21400000
1768305600000,141.84000000,142.36000000,141.37000000,142.24000000,76441.87000000
1768309200000,142.24000000,143.46000000,141.79000000,142.46000000,353071.18300000
1768312800000,142.45000000,143.84000000,141.66000000,142.06000000,246327.06900000
1768316400000,142.05000000,143.53000000,141.21000000,143.51000000,231930.16000000
1768320000000,143.51000000,144.55000000,142.87000000,143.17000000,223050.40200000
1768323600000,143.17000000,143.63000000,142.43000000,142.90000000,128020.99200000
1768327200000,142.89000000,143.89000000,142.68000000,143.47000000,85579.69300000
1768330800000,143.47000000,144.44000000,143.08000000,144.24000000,96376.70600000
1768334400000,144.24000000,144.43000000,143.00000000,143.82000000,119304.12300000
1768338000000,143.82000000,144.30000000,143.37000000,143.38000000,74674.33600000
1768341600000,143.39000000,148.74000000,143.39000000,146.96000000,651459.78900000
1768345200000,146.96000000,147.60000000,144.63000000,145.51000000,273791.29300000
1768348800000,145.52000000,145.88000000,144.33000000,145.05000000,219968.56700000
1768352400000,145.05000000,146.20000000,144.93000000,145.70000000,151934.94600000
1768356000000,145.69000000,146.60000000,145.32000000,145.51000000,117888.75900000
1768359600000,145.50000000,146.37000000,145.17000000,146.29000000,150554.75300000
1768363200000,146.28000000,146.46000000,144.81000000,144.91000000,147571.76500000
1768366800000,144.91000000,145.19000000,144.34000000,144.47000000,108928.39600000
1768370400000,144.47000000,144.72000000,143.92000000,144.70000000,144819.29200000
1768374000000,144.70000000,145.06000000,144.15000000,144.86000000,139269.20000000
1768377600000,144.85000000,145.19000000,144.64000000,144.91000000,88516.67900000
1768381200000,144.91000000,145.63000000,144.86000000,145.50000000,89044.97600000
1768384800000,145.49000000,145.76000000,144.55000000,144.74000000,103057.58700000
1768388400000,144.74000000,144.74000000,143.53000000,143.77000000,98787.23500000
1768392000000,143.76000000,144.78000000,143.37000000,144.57000000,120304.72800000
1768395600000,144.57000000,144.92000000,144.04000000,144.24000000,181116.41400000
1768399200000,144.23000000,147.56000000,144.23000000,146.64000000,341295.90900000
1768402800000,146.64000000,147.55000000,145.95000000,147.07000000,283189.81400000
1768406400000,147.07000000,148.44000000,146.84000000,147.08000000,401069.46300000
1768410000000,147.07000000,147.65000000,145.73000000,145.98000000,173793.25700000
1768413600000,145.98000000,147.46000000,145.32000000,146.35000000,134813.38400000
1768417200000,146.35000000,147.58000000,146.14000000,146.80000000,143224.48500000
1768420800000,146.80000000,147.73000000,146.56000000,147.52000000,105589.51500000
1768424400000,147.53000000,147.53000000,146.27000000,146.93000000,74112.75200000
1768428000000,146.93000000,147.17000000,145.84000000,146.18000000,83089.69800000
1768431600000,146.19000000,147.11000000,146.05000000,146.69000000,93135.80400000
1768435200000,146.70000000,146.73000000,145.49000000,146.05000000,83594.11300000
1768438800000,146.06000000,146.51000000,144.76000000,145.18000000,115903.85800000
1768442400000,145.17000000,145.53000000,144.28000000,144.52000000,123493.30100000
1768446000000,144.53000000,144.73000000,143.21000000,143.49000000,158910.68900000
1768449600000,143.49000000,144.46000000,143.28000000,144.45000000,101399.36300000
1768453200000,144.45000000,144.83000000,144.30000000,144.60000000,51200.55800000
1768456800000,144.60000000,144.89000000,144.07000000,144.19000000,63020.55700000
1768460400000,144.20000000,145.29000000,144.08000000,144.99000000,63410.71300000
1768464000000,145.00000000,145.25000000,144.02000000,144.89000000,89288.78300000
1768467600000,144.89000000,146.00000000,144.46000000,145.63000000,83355.25800000
1768471200000,145.63000000,145.68000000,145.19000000,145.43000000,58879.81600000
1768474800000,145.42000000,145.69000000,144.82000000,144.86000000,61676.79900000
1768478400000,144.85000000,145.07000000,144.32000000,144.88000000,105925.38300000
1768482000000,144.88000000,145.34000000,144.51000000,145.19000000,141167.31700000
1768485600000,145.19000000,145.65000000,143.21000000,143.94000000,206045.78400000
1768489200000,143.93000000,144.36000000,141.78000000,143.48000000,306760.06200000
1768492800000,143.48000000,144.03000000,142.80000000,143.54000000,115664.14800000
1768496400000,143.54000000,144.20000000,142.50000000,142.66000000,86540.91300000
1768500000000,142.67000000,143.03000000,141.46000000,141.57000000,142585.05900000
1768503600000,141.56000000,141.85000000,140.90000000,141.53000000,104634.67500000
1768507200000,141.53000000,141.91000000,141.02000000,141.45000000,82328.27300000
1768510800000,141.45000000,142.27000000,141.30000000,142.10000000,39102.47700000
1768514400000,142.10000000,142.58000000,141.98000000,142.41000000,35220.17400000
1768518000000,142.40000000,142.66000000,142.06000000,142.40000000,42035.06600000
1768521600000,142.41000000,142.82000000,142.23000000,142.46000000,46380.84500000
1768525200000,142.45000000,142.73000000,141.98000000,142.35000000,38518.92000000
1768528800000,142.35000000,142.35000000,141.68000000,142.19000000,55342.56700000
1768532400000,142.20000000,142.47000000,141.87000000,141.97000000,48072.17500000
1768536000000,141.97000000,142.74000000,141.39000000,141.68000000,129512.98200000
1768539600000,141.67000000,143.63000000,141.40000000,143.19000000,119303.57300000
1768543200000,143.19000000,143.38000000,142.74000000,143.32000000,49600.34400000
1768546800000,143.32000000,143.33000000,142.60000000,142.95000000,59662.52900000
1768550400000,142.95000000,143.46000000,142.93000000,143.16000000,62351.58800000
1768554000000,143.15000000,143.47000000,142.88000000,143.06000000,41938.07200000
1768557600000,143.05000000,143.17000000,142.71000000,143.09000000,30512.40000000
1768561200000,143.10000000,143.55000000,142.80000000,143.14000000,85469.55800000
1768564800000,143.14000000,143.86000000,143.11000000,143.66000000,104014.66900000
1768568400000,143.66000000,143.66000000,142.68000000,143.07000000,56983.08500000
1768572000000,143.07000000,143.75000000,142.83000000,143.02000000,71843.64200000
1768575600000,143.01000000,143.67000000,140.26000000,140.78000000,211734.09500000
1768579200000,140.77000000,142.00000000,140.65000000,141.91000000,106520.20600000
1768582800000,141.92000000,143.42000000,141.41000000,143.31000000,92724.77500000
1768586400000,143.31000000,144.19000000,142.98000000,143.53000000,116011.27800000
1768590000000,143.53000000,144.52000000,143.01000000,144.18000000,73840.05500000
1768593600000,144.17000000,145.00000000,143.49000000,144.95000000,73945.83600000
1768597200000,144.95000000,145.55000000,144.69000000,145.03000000,98084.81100000
1768600800000,145.03000000,145.13000000,144.58000000,144.92000000,77066.72600000
1768604400000,144.93000000,145.20000000,144.73000000,144.89000000,51444.29500000
1768608000000,144.90000000,144.99000000,144.20000000,144.32000000,43065.20100000
1768611600000,144.33000000,144.82000000,144.22000000,144.66000000,98048.34300000
1768615200000,144.65000000,144.68000000,144.25000000,144.59000000,22399.00000000
1768618800000,144.59000000,144.62000000,144.24000000,144.37000000,20460.20700000
1768622400000,144.36000000,144.50000000,144.23000000,144.33000000,21696.78900000
1768626000000,144.33000000,144.37000000,143.94000000,143.96000000,26863.51300000
1768629600000,143.97000000,144.10000000,143.76000000,143.85000000,18570.34500000
1768633200000,143.86000000,143.97000000,143.64000000,143.64000000,19923.39100000
1768636800000,143.64000000,144.28000000,143.60000000,144.21000000,31291.30600000
1768640400000,144.22000000,144.65000000,143.99000000,144.45000000,36944.73700000
1768644000000,144.46000000,144.63000000,143.92000000,143.96000000,37234.82300000
1768647600000,143.95000000,144.19000000,143.32000000,144.00000000,57313.16900000
1768651200000,144.00000000,144.08000000,143.67000000,143.76000000,23242.72800000
1768654800000,143.77000000,144.05000000,143.60000000,143.99000000,33223.90100000
1768658400000,144.00000000,144.26000000,143.74000000,143.92000000,53532.72400000
1768662000000,143.91000000,144.35000000,143.70000000,144.33000000,42307.02800000
1768665600000,144.33000000,144.33000000,143.64000000,143.89000000,67847.95300000
1768669200000,143.89000000,144.25000000,143.83000000,144.07000000,26003.95500000
1768672800000,144.07000000,144.29000000,143.98000000,144.28000000,16887.89800000
1768676400000,144.28000000,144.55000000,144.12000000,144.27000000,26110.80100000
1768680000000,144.26000000,144.58000000,144.19000000,144.51000000,19865.15300000
1768683600000,144.51000000,144.58000000,144.22000000,144.26000000,26901.17800000
1768687200000,144.25000000,144.26000000,143.51000000,143.76000000,30788.04900000
1768690800000,143.76000000,144.10000000,143.65000000,143.72000000,34632.56900000
1768694400000,143.73000000,144.00000000,143.07000000,143.23000000,89537.90800000
1768698000000,143.23000000,143.41000000,142.08000000,142.77000000,134176.09000000
1768701600000,142.76000000,143.04000000,141.95000000,142.54000000,85758.37700000
1768705200000,142.55000000,142.95000000,142.36000000,142.83000000,41352.36500000
1768708800000,142.82000000,142.94000000,142.54000000,142.83000000,27137.77100000
1768712400000,142.83000000,143.00000000,142.54000000,142.84000000,69150.81000000
1768716000000,142.85000000,143.04000000,142.55000000,142.70000000,75252.27600000
1768719600000,142.71000000,142.72000000,142.03000000,142.11000000,64400.64500000
1768723200000,142.12000000,142.46000000,141.93000000,142.43000000,57490.39400000
1768726800000,142.43000000,142.65000000,142.32000000,142.54000000,34931.13900000
1768730400000,142.53000000,142.55000000,142.17000000,142.43000000,44702.17300000
1768734000000,142.42000000,142.49000000,142.19000000,142.39000000,24865.19000000
1768737600000,142.39000000,142.53000000,142.17000000,142.24000000,35991.34400000
1768741200000,142.24000000,142.50000000,142.00000000,142.38000000,55892.74000000
1768744800000,142.37000000,142.73000000,141.62000000,141.72000000,88440.84000000
1768748400000,141.73000000,142.13000000,141.50000000,142.00000000,55161.23500000
1768752000000,141.99000000,142.23000000,141.75000000,142.03000000,29577.66500000
1768755600000,142.02000000,142.52000000,141.85000000,142.36000000,110528.81500000
1768759200000,142.35000000,142.97000000,142.08000000,142.76000000,99369.12800000
1768762800000,142.76000000,143.25000000,142.10000000,142.27000000,87371.66500000
1768766400000,142.28000000,142.56000000,141.94000000,142.46000000,37109.28500000
1768770000000,142.47000000,142.79000000,142.40000000,142.65000000,20372.61800000
1768773600000,142.66000000,143.04000000,142.48000000,142.86000000,101328.62400000
1768777200000,142.86000000,142.86000000,137.74000000,137.87000000,407539.60100000
1768780800000,137.87000000,137.87000000,130.00000000,133.77000000,1224549.27000000
1768784400000,133.76000000,134.46000000,133.42000000,133.80000000,245111.52000000
1768788000000,133.80000000,134.11000000,133.47000000,133.82000000,96915.87400000
1768791600000,133.81000000,134.12000000,133.61000000,133.94000000,93363.29700000
1768795200000,133.93000000,134.09000000,133.50000000,133.69000000,90622.55300000
1768798800000,133.69000000,133.99000000,133.34000000,133.35000000,117106.41200000
1768802400000,133.36000000,133.44000000,132.71000000,133.28000000,96467.94600000
1768806000000,133.28000000,133.57000000,133.20000000,133.47000000,51951.64700000
1768809600000,133.47000000,134.05000000,133.28000000,133.87000000,110205.60700000
1768813200000,133.86000000,134.03000000,133.54000000,133.75000000,80968.94700000
1768816800000,133.75000000,133.85000000,133.53000000,133.80000000,58949.71700000
1768820400000,133.80000000,134.37000000,133.63000000,134.13000000,68998.73300000
1768824000000,134.12000000,134.19000000,133.71000000,134.13000000,64466.46700000
1768827600000,134.13000000,134.16000000,133.58000000,133.73000000,54556.59700000
1768831200000,133.73000000,133.78000000,133.27000000,133.51000000,58745.10700000
1768834800000,133.51000000,133.93000000,133.42000000,133.55000000,59831.42800000
1768838400000,133.55000000,134.65000000,133.48000000,134.46000000,67821.69600000
1768842000000,134.47000000,134.52000000,134.08000000,134.29000000,50323.27400000
1768845600000,134.30000000,134.43000000,133.89000000,134.28000000,34538.12000000
1768849200000,134.28000000,134.71000000,134.24000000,134.45000000,27722.07000000
1768852800000,134.46000000,135.16000000,134.45000000,134.69000000,35874.41100000
1768856400000,134.69000000,134.99000000,134.07000000,134.09000000,27738.89200000
1768860000000,134.09000000,134.21000000,132.91000000,132.97000000,86603.82600000
1768863600000,132.97000000,133.94000000,132.74000000,133.44000000,69091.35900000
1768867200000,133.44000000,133.95000000,133.07000000,133.73000000,46933.25700000
1768870800000,133.72000000,134.28000000,133.29000000,133.86000000,33309.57800000
1768874400000,133.87000000,134.15000000,133.35000000,133.84000000,54643.63100000
1768878000000,133.84000000,134.63000000,133.49000000,134.24000000,112017.82200000
1768881600000,134.25000000,134.27000000,133.21000000,133.39000000,79047.10700000
1768885200000,133.39000000,133.53000000,132.40000000,133.03000000,121125.29600000
1768888800000,133.03000000,133.03000000,131.07000000,131.23000000,271732.46700000
1768892400000,131.23000000,131.78000000,130.56000000,130.62000000,149037.82100000
1768896000000,130.62000000,130.80000000,128.36000000,129.09000000,545824.97700000
1768899600000,129.08000000,129.15000000,128.55000000,128.91000000,148367.88300000
1768903200000,128.91000000,129.35000000,128.73000000,128.91000000,89562.35100000
1768906800000,128.90000000,129.47000000,128.72000000,128.81000000,78146.93800000
1768910400000,128.81000000,129.52000000,128.73000000,129.34000000,81875.59900000
1768914000000,129.34000000,129.36000000,128.40000000,128.43000000,111135.01400000
1768917600000,128.43000000,129.77000000,127.97000000,128.87000000,233867.72700000
1768921200000,128.87000000,128.97000000,127.24000000,127.86000000,254362.61100000
1768924800000,127.86000000,128.59000000,126.30000000,127.07000000,272307.42900000
1768928400000,127.08000000,127.95000000,126.36000000,126.98000000,140397.77200000
1768932000000,126.97000000,127.71000000,126.84000000,126.97000000,132571.95700000
1768935600000,126.96000000,127.53000000,126.59000000,127.25000000,58754.41200000
1768939200000,127.24000000,128.08000000,127.00000000,127.82000000,97927.42900000
1768942800000,127.82000000,127.96000000,126.95000000,126.96000000,40542.75700000
1768946400000,126.96000000,127.48000000,124.68000000,126.10000000,261340.30300000
1768950000000,126.09000000,126.50000000,125.60000000,125.80000000,117591.74200000
1768953600000,125.81000000,127.50000000,125.75000000,127.31000000,89787.89500000
1768957200000,127.31000000,127.86000000,127.20000000,127.35000000,77415.64200000
1768960800000,127.36000000,127.80000000,126.78000000,126.93000000,62484.62500000
1768964400000,126.93000000,127.84000000,126.88000000,127.61000000,51402.93900000
1768968000000,127.61000000,128.04000000,127.45000000,127.77000000,40569.41600000
1768971600000,127.77000000,128.75000000,127.74000000,128.52000000,95036.43700000
1768975200000,128.51000000,128.62000000,128.02000000,128.24000000,57434.73600000
1768978800000,128.24000000,128.45000000,127.50000000,127.62000000,68333.69700000
1768982400000,127.61000000,127.69000000,127.00000000,127.17000000,57353.60700000
1768986000000,127.16000000,127.78000000,127.05000000,127.47000000,72434.25300000
1768989600000,127.46000000,128.19000000,127.42000000,127.73000000,61664.34400000
1768993200000,127.74000000,127.91000000,126.80000000,126.94000000,72723.83400000
1768996800000,126.94000000,127.44000000,126.17000000,127.42000000,130888.22100000
1769000400000,127.42000000,127.63000000,126.81000000,127.10000000,76221.51000000
1769004000000,127.10000000,129.75000000,126.96000000,129.55000000,358370.20800000
1769007600000,129.55000000,131.18000000,129.37000000,130.43000000,355549.43300000
1769011200000,130.43000000,130.47000000,125.51000000,125.59000000,264324.28700000
1769014800000,125.58000000,127.05000000,125.26000000,126.92000000,222449.59700000
1769018400000,126.92000000,127.86000000,126.35000000,127.62000000,109162.99500000
1769022000000,127.61000000,131.68000000,127.20000000,131.50000000,362798.94200000
1769025600000,131.49000000,131.65000000,130.01000000,131.15000000,188285.57600000
1769029200000,131.15000000,132.17000000,130.75000000,131.05000000,107730.86500000
1769032800000,131.06000000,131.76000000,130.59000000,130.61000000,86630.35800000
1769036400000,130.61000000,131.05000000,129.16000000,129.54000000,92682.94300000
1769040000000,129.53000000,130.36000000,129.53000000,130.01000000,43551.62800000
1769043600000,130.01000000,130.62000000,129.88000000,130.25000000,60620.12700000
1769047200000,130.24000000,130.62000000,129.73000000,129.80000000,48014.11300000
1769050800000,129.80000000,130.30000000,129.54000000,129.86000000,41744.71100000
1769054400000,129.85000000,130.50000000,129.80000000,130.36000000,51765.30200000
1769058000000,130.36000000,130.45000000,129.97000000,130.11000000,25118.50600000
1769061600000,130.12000000,130.43000000,129.75000000,130.35000000,46026.26900000
1769065200000,130.36000000,130.44000000,129.77000000,129.81000000,36721.15100000
1769068800000,129.80000000,130.10000000,129.35000000,129.94000000,59426.73200000
1769072400000,129.93000000,130.27000000,129.60000000,130.16000000,45100.85400000
1769076000000,130.16000000,130.35000000,130.02000000,130.16000000,36724.93300000
1769079600000,130.16000000,130.34000000,129.72000000,130.11000000,52218.10600000
1769083200000,130.11000000,130.45000000,129.98000000,130.10000000,49086.16600000
1769086800000,130.09000000,130.94000000,129.10000000,129.37000000,109079.81800000
1769090400000,129.36000000,129.50000000,127.84000000,127.91000000,191547.35000000
1769094000000,127.91000000,128.63000000,126.73000000,127.41000000,274223.32400000
1769097600000,127.42000000,128.33000000,126.92000000,127.90000000,135459.05300000
1769101200000,127.90000000,128.82000000,127.55000000,128.70000000,82632.67100000
1769104800000,128.70000000,128.80000000,127.63000000,127.73000000,88755.30700000
1769108400000,127.74000000,129.37000000,127.45000000,129.26000000,91462.68200000
1769112000000,129.26000000,129.76000000,128.33000000,128.49000000,80006.67700000
1769115600000,128.50000000,129.07000000,128.22000000,128.31000000,62674.62800000
1769119200000,128.32000000,128.78000000,128.02000000,128.71000000,71075.18000000
1769122800000,128.71000000,128.72000000,128.12000000,128.47000000,28551.17400000
1769126400000,128.47000000,128.52000000,128.08000000,128.35000000,20335.59800000
1769130000000,128.36000000,128.94000000,128.29000000,128.90000000,50300.82900000
1769133600000,128.91000000,128.98000000,128.18000000,128.19000000,87449.14600000
1769137200000,128.18000000,128.78000000,128.14000000,128.76000000,23921.89600000
1769140800000,128.76000000,129.29000000,128.62000000,129.12000000,51597.83000000
1769144400000,129.13000000,129.13000000,128.36000000,128.67000000,32387.49200000
1769148000000,128.68000000,129.14000000,127.23000000,127.50000000,92786.78600000
1769151600000,127.51000000,128.10000000,127.51000000,127.93000000,41541.86800000
1769155200000,127.93000000,128.00000000,127.00000000,127.11000000,52730.90800000
1769158800000,127.11000000,127.39000000,126.94000000,127.08000000,56779.19000000
1769162400000,127.08000000,127.50000000,127.02000000,127.28000000,42307.32400000
1769166000000,127.29000000,127.76000000,127.23000000,127.54000000,39080.05900000
1769169600000,127.54000000,127.54000000,127.16000000,127.19000000,31937.54800000
1769173200000,127.19000000,127.40000000,126.76000000,126.83000000,104557.34300000
1769176800000,126.84000000,127.37000000,125.28000000,126.11000000,220683.56800000
1769180400000,126.11000000,128.10000000,125.53000000,127.90000000,179137.66800000
1769184000000,127.90000000,129.20000000,127.46000000,128.46000000,258702.17100000
1769187600000,128.46000000,130.20000000,127.88000000,128.45000000,179723.02900000
1769191200000,128.45000000,129.56000000,128.26000000,129.05000000,88852.20000000
1769194800000,129.05000000,129.13000000,127.77000000,128.08000000,114421.46700000
1769198400000,128.08000000,128.26000000,126.54000000,126.97000000,117205.54200000
1769202000000,126.97000000,127.57000000,126.89000000,127.15000000,39357.23700000
1769205600000,127.14000000,127.89000000,127.11000000,127.68000000,34580.72800000
1769209200000,127.67000000,127.67000000,127.26000000,127.43000000,83685.65000000
1769212800000,127.43000000,127.75000000,127.37000000,127.41000000,30867.44100000
1769216400000,127.40000000,127.57000000,127.29000000,127.55000000,21845.97600000
1769220000000,127.55000000,127.80000000,127.49000000,127.72000000,24715.92900000
1769223600000,127.72000000,128.12000000,127.60000000,127.91000000,37298.55500000
1769227200000,127.91000000,128.11000000,127.69000000,127.85000000,36257.04300000
1769230800000,127.85000000,127.91000000,127.64000000,127.81000000,25243.28500000
1769234400000,127.82000000,127.83000000,127.54000000,127.66000000,15150.56500000
1769238000000,127.66000000,127.68000000,126.89000000,127.11000000,104041.19600000
1769241600000,127.12000000,127.40000000,126.99000000,127.36000000,35736.72900000
1769245200000,127.36000000,127.36000000,127.00000000,127.09000000,31043.61600000
1769248800000,127.10000000,127.25000000,126.93000000,127.19000000,30637.27800000
1769252400000,127.19000000,127.37000000,127.12000000,127.17000000,22638.71500000
1769256000000,127.17000000,127.38000000,127.09000000,127.31000000,31336.46300000
1769259600000,127.30000000,127.31000000,126.94000000,126.94000000,36123.53500000
1769263200000,126.94000000,127.28000000,126.81000000,127.16000000,32917.11400000
1769266800000,127.16000000,127.41000000,126.80000000,126.85000000,36656.11200000
1769270400000,126.85000000,127.13000000,126.64000000,127.01000000,39338.25700000
1769274000000,127.02000000,127.29000000,126.96000000,127.26000000,21514.48800000
1769277600000,127.26000000,127.47000000,127.16000000,127.39000000,38254.84000000
1769281200000,127.39000000,127.51000000,127.24000000,127.30000000,43682.61600000
1769284800000,127.30000000,127.51000000,127.26000000,127.29000000,17456.93800000
1769288400000,127.30000000,127.34000000,127.10000000,127.13000000,34314.23500000
1769292000000,127.13000000,127.71000000,127.12000000,127.64000000,31966.36900000
1769295600000,127.64000000,127.76000000,127.17000000,127.21000000,28382.70000000
1769299200000,127.22000000,127.46000000,126.82000000,127.34000000,39333.83300000
1769302800000,127.33000000,127.42000000,126.96000000,127.14000000,35681.15100000
1769306400000,127.15000000,127.42000000,126.92000000,127.05000000,37772.36000000
1769310000000,127.06000000,127.13000000,126.35000000,126.64000000,49535.01200000
1769313600000,126.64000000,127.00000000,126.50000000,126.77000000,34334.07100000
1769317200000,126.77000000,126.96000000,126.63000000,126.94000000,24859.00600000
1769320800000,126.94000000,126.94000000,126.43000000,126.72000000,25678.70900000
1769324400000,126.72000000,126.72000000,126.35000000,126.47000000,33653.29900000
1769328000000,126.47000000,126.83000000,125.98000000,126.23000000,78413.62000000
1769331600000,126.23000000,126.90000000,126.11000000,126.70000000,62316.97900000
1769335200000,126.69000000,127.20000000,126.61000000,126.94000000,39173.01200000
1769338800000,126.95000000,126.97000000,126.56000000,126.77000000,17769.40800000
1769342400000,126.77000000,127.04000000,126.58000000,127.03000000,40222.81200000
1769346000000,127.03000000,127.12000000,126.48000000,126.96000000,36667.01300000
1769349600000,126.97000000,126.98000000,125.68000000,126.09000000,65097.28600000
1769353200000,126.09000000,126.32000000,125.48000000,125.59000000,83147.17400000
1769356800000,125.58000000,125.58000000,122.20000000,122.78000000,745309.57000000
1769360400000,122.78000000,122.99000000,121.60000000,122.22000000,279850.17300000
1769364000000,122.22000000,122.31000000,120.74000000,121.69000000,320298.73200000
1769367600000,121.69000000,121.87000000,117.15000000,117.96000000,959971.67700000
1769371200000,117.96000000,118.70000000,117.38000000,118.33000000,843492.71500000
1769374800000,118.33000000,118.95000000,117.62000000,118.83000000,351319.28700000
1769378400000,118.83000000,118.85000000,117.90000000,118.42000000,132522.11200000
1769382000000,118.42000000,119.45000000,117.53000000,118.85000000,204460.43800000
1769385600000,118.85000000,119.80000000,118.53000000,119.65000000,144927.54100000
1769389200000,119.65000000,122.77000000,119.57000000,122.40000000,175806.34800000
1769392800000,122.40000000,122.68000000,121.29000000,122.03000000,77299.77900000
1769396400000,122.03000000,122.33000000,121.11000000,121.57000000,80916.44400000
1769400000000,121.58000000,123.62000000,121.57000000,122.59000000,104472.38600000
1769403600000,122.59000000,122.90000000,122.41000000,122.48000000,42577.68100000
1769407200000,122.48000000,122.77000000,122.19000000,122.48000000,46486.88700000
1769410800000,122.49000000,123.01000000,122.23000000,122.89000000,55540.07500000
1769414400000,122.90000000,123.59000000,122.27000000,122.69000000,97546.89800000
1769418000000,122.70000000,122.74000000,121.76000000,121.93000000,83548.74400000
1769421600000,121.94000000,122.70000000,121.94000000,122.45000000,72701.76200000
1769425200000,122.46000000,122.70000000,122.41000000,122.50000000,41233.72300000
1769428800000,122.51000000,122.99000000,122.35000000,122.68000000,88321.94000000
1769432400000,122.69000000,123.28000000,122.53000000,123.16000000,69724.09200000
1769436000000,123.16000000,124.26000000,122.66000000,123.80000000,190226.06200000
1769439600000,123.80000000,125.20000000,123.04000000,123.53000000,246381.08000000
1769443200000,123.53000000,124.88000000,123.17000000,124.30000000,127507.63200000
1769446800000,124.31000000,124.67000000,123.03000000,124.28000000,130365.53000000
1769450400000,124.29000000,125.60000000,123.96000000,124.90000000,155853.93100000
1769454000000,124.91000000,125.13000000,124.18000000,124.31000000,58613.36000000
1769457600000,124.31000000,124.47000000,123.42000000,123.70000000,85142.47800000
1769461200000,123.70000000,124.81000000,123.52000000,124.52000000,81675.69400000
1769464800000,124.52000000,124.88000000,124.26000000,124.54000000,47220.75800000
1769468400000,124.53000000,124.87000000,124.13000000,124.24000000,51660.53800000
1769472000000,124.24000000,124.42000000,123.88000000,124.09000000,35086.72700000
1769475600000,124.09000000,124.58000000,123.73000000,124.34000000,54064.27600000
1769479200000,124.35000000,125.12000000,124.32000000,125.04000000,74452.00900000
1769482800000,125.04000000,125.17000000,124.40000000,124.51000000,58439.72200000
1769486400000,124.51000000,125.15000000,124.27000000,124.42000000,48741.12300000
1769490000000,124.43000000,124.53000000,124.15000000,124.47000000,52340.97100000
1769493600000,124.47000000,124.74000000,124.00000000,124.21000000,36585.91300000
1769497200000,124.22000000,124.65000000,124.04000000,124.52000000,60099.20800000
1769500800000,124.52000000,124.79000000,123.99000000,124.06000000,73380.18600000
1769504400000,124.06000000,124.08000000,123.57000000,123.74000000,85718.06000000
1769508000000,123.75000000,124.14000000,123.69000000,123.72000000,32290.29900000
1769511600000,123.72000000,124.29000000,123.61000000,124.12000000,32874.89400000
1769515200000,124.12000000,124.34000000,123.83000000,123.89000000,38733.44700000
1769518800000,123.89000000,123.93000000,123.12000000,123.20000000,41637.01800000
1769522400000,123.20000000,124.52000000,123.17000000,123.64000000,118292.71900000
1769526000000,123.65000000,125.06000000,123.45000000,125.01000000,98820.87100000
1769529600000,125.01000000,126.79000000,124.99000000,126.32000000,241959.35600000
1769533200000,126.31000000,126.33000000,123.55000000,124.05000000,172575.78000000
1769536800000,124.05000000,126.30000000,123.80000000,125.81000000,132642.28200000
1769540400000,125.82000000,126.27000000,125.40000000,125.85000000,88198.19500000
1769544000000,125.84000000,127.52000000,125.73000000,127.36000000,213405.07400000
1769547600000,127.36000000,127.84000000,126.93000000,127.06000000,121165.48700000
1769551200000,127.07000000,127.80000000,126.98000000,127.62000000,67943.24200000
1769554800000,127.62000000,127.65000000,127.12000000,127.19000000,57062.18300000
1769558400000,127.18000000,127.31000000,126.65000000,127.26000000,69587.43800000
1769562000000,127.26000000,127.52000000,126.71000000,127.09000000,49972.43800000
1769565600000,127.08000000,127.40000000,126.70000000,127.07000000,41292.05700000
1769569200000,127.07000000,127.25000000,126.71000000,126.96000000,36247.35700000
1769572800000,126.96000000,127.03000000,126.47000000,126.84000000,54792.49400000
1769576400000,126.84000000,126.99000000,126.45000000,126.77000000,39744.00900000
1769580000000,126.77000000,127.53000000,126.77000000,127.40000000,48840.51900000
1769583600000,127.41000000,127.54000000,126.95000000,127.10000000,47577.07100000
1769587200000,127.09000000,127.29000000,126.61000000,126.67000000,60888.16800000
1769590800000,126.68000000,127.61000000,125.97000000,127.60000000,113796.57400000
1769594400000,127.61000000,128.13000000,127.29000000,127.32000000,71196.70600000
1769598000000,127.32000000,128.34000000,127.17000000,128.17000000,106916.05300000
1769601600000,128.16000000,128.25000000,127.03000000,127.25000000,93775.52600000
1769605200000,127.25000000,127.87000000,126.87000000,127.35000000,124448.16900000
1769608800000,127.35000000,127.35000000,126.48000000,126.87000000,138652.41700000
1769612400000,126.86000000,127.17000000,125.52000000,126.07000000,159457.56100000
1769616000000,126.06000000,126.64000000,125.60000000,126.09000000,77690.15400000
1769619600000,126.09000000,127.04000000,125.26000000,126.53000000,116096.45400000
1769623200000,126.53000000,126.55000000,125.70000000,126.09000000,75739.89800000
1769626800000,126.09000000,126.72000000,125.30000000,126.01000000,164495.31600000
1769630400000,126.00000000,126.68000000,125.34000000,125.44000000,117569.40200000
1769634000000,125.44000000,125.84000000,124.78000000,125.48000000,96195.11200000
1769637600000,125.49000000,125.85000000,125.16000000,125.73000000,37148.61000000
1769641200000,125.73000000,125.78000000,125.07000000,125.35000000,55744.02500000
1769644800000,125.34000000,125.51000000,124.57000000,125.13000000,54357.45200000
1769648400000,125.12000000,125.24000000,124.13000000,124.33000000,72618.16500000
1769652000000,124.33000000,124.82000000,123.14000000,123.52000000,146265.48600000
1769655600000,123.51000000,123.79000000,122.70000000,123.07000000,105761.16400000
1769659200000,123.07000000,123.52000000,122.50000000,123.42000000,57827.31000000
1769662800000,123.42000000,123.82000000,123.15000000,123.26000000,47319.80800000
1769666400000,123.25000000,123.72000000,123.11000000,123.69000000,37534.72200000
1769670000000,123.69000000,123.98000000,123.65000000,123.78000000,39771.65700000
1769673600000,123.78000000,123.93000000,123.16000000,123.30000000,54359.57800000
1769677200000,123.30000000,123.38000000,122.96000000,123.03000000,39351.24200000
1769680800000,123.03000000,123.30000000,122.92000000,123.21000000,40721.49000000
1769684400000,123.21000000,123.30000000,122.66000000,122.76000000,69819.86100000
1769688000000,122.76000000,123.18000000,122.45000000,122.85000000,57908.85200000
1769691600000,122.85000000,123.34000000,122.68000000,122.91000000,56247.17600000
1769695200000,122.91000000,123.09000000,120.29000000,120.37000000,214142.81400000
1769698800000,120.38000000,120.44000000,116.12000000,117.69000000,822416.59300000
1769702400000,117.69000000,118.99000000,116.74000000,118.96000000,373616.32000000
1769706000000,118.95000000,119.96000000,117.68000000,117.91000000,282061.16400000
1769709600000,117.92000000,118.19000000,115.39000000,115.78000000,407264.53200000
1769713200000,115.77000000,117.21000000,115.43000000,116.84000000,288909.91100000
1769716800000,116.84000000,117.47000000,116.56000000,116.95000000,181237.67800000
1769720400000,116.95000000,117.72000000,116.92000000,117.45000000,119123.65400000
1769724000000,117.46000000,117.79000000,117.32000000,117.58000000,70192.14900000
1769727600000,117.58000000,117.91000000,117.27000000,117.82000000,91784.69500000
1769731200000,117.82000000,118.14000000,117.50000000,117.63000000,72173.69700000
1769734800000,117.64000000,117.91000000,112.14000000,115.22000000,700460.01500000
1769738400000,115.22000000,115.37000000,112.78000000,114.12000000,304132.80200000
1769742000000,114.12000000,114.68000000,113.55000000,114.43000000,157237.66600000
1769745600000,114.44000000,115.83000000,114.29000000,115.58000000,206669.16900000
1769749200000,115.58000000,116.10000000,115.44000000,115.46000000,92621.64000000
1769752800000,115.47000000,115.47000000,113.01000000,113.86000000,186173.89400000
1769756400000,113.87000000,116.13000000,113.87000000,115.78000000,230423.41000000
1769760000000,115.78000000,116.18000000,115.17000000,115.39000000,98998.31400000
1769763600000,115.39000000,116.04000000,114.67000000,115.37000000,187833.93300000
1769767200000,115.37000000,115.99000000,115.08000000,115.92000000,135180.29300000
1769770800000,115.91000000,117.28000000,115.77000000,117.08000000,112192.16000000
1769774400000,117.08000000,117.33000000,115.96000000,116.27000000,125964.16500000
1769778000000,116.28000000,116.40000000,115.21000000,115.81000000,158022.98700000
1769781600000,115.81000000,117.64000000,115.78000000,116.36000000,205040.88800000
1769785200000,116.36000000,117.14000000,114.58000000,116.80000000,229905.55900000
1769788800000,116.80000000,117.99000000,116.21000000,117.14000000,197452.45100000
1769792400000,117.14000000,117.77000000,116.55000000,116.64000000,135370.50900000
1769796000000,116.63000000,118.60000000,114.34000000,118.10000000,407588.86700000
1769799600000,118.10000000,119.12000000,118.10000000,118.30000000,308936.13200000
1769803200000,118.29000000,118.43000000,116.52000000,117.01000000,287832.55600000
1769806800000,117.01000000,118.00000000,116.86000000,117.38000000,111021.08000000
1769810400000,117.38000000,117.56000000,116.58000000,117.40000000,51433.97400000
1769814000000,117.39000000,117.63000000,116.90000000,117.59000000,58340.58100000
1769817600000,117.60000000,117.98000000,117.39000000,117.55000000,74010.13400000
1769821200000,117.54000000,118.37000000,117.54000000,118.17000000,88350.51600000
1769824800000,118.17000000,118.56000000,117.60000000,118.31000000,91171.03900000
1769828400000,118.31000000,118.66000000,118.18000000,118.39000000,67125.54000000
1769832000000,118.39000000,118.85000000,118.28000000,118.44000000,71708.23700000
1769835600000,118.44000000,118.77000000,118.01000000,118.62000000,113508.25300000
1769839200000,118.62000000,118.80000000,117.90000000,118.54000000,127097.96700000
1769842800000,118.55000000,118.60000000,117.20000000,117.37000000,123774.52700000
1769846400000,117.38000000,117.53000000,114.29000000,115.62000000,515928.38400000
1769850000000,115.62000000,116.83000000,115.39000000,116.36000000,159270.20800000
1769853600000,116.35000000,116.92000000,116.04000000,116.78000000,95584.74400000
1769857200000,116.79000000,116.79000000,115.97000000,116.05000000,98006.58100000
1769860800000,116.06000000,116.19000000,115.01000000,115.19000000,149919.93900000
1769864400000,115.19000000,115.23000000,113.61000000,114.16000000,233995.44200000
1769868000000,114.16000000,114.43000000,108.23000000,109.14000000,1084375.26100000
1769871600000,109.14000000,110.20000000,108.39000000,108.65000000,322151.58900000
1769875200000,108.65000000,109.83000000,105.61000000,106.28000000,714247.32000000
1769878800000,106.27000000,106.73000000,100.26000000,103.31000000,1607334.10600000
1769882400000,103.30000000,103.88000000,96.40000000,101.96000000,1364930.58000000
1769886000000,101.96000000,103.49000000,101.50000000,101.78000000,540174.93200000
1769889600000,101.77000000,102.58000000,100.40000000,101.99000000,248996.89500000
1769893200000,101.99000000,103.80000000,101.31000000,103.49000000,272806.79400000
1769896800000,103.50000000,104.39000000,103.32000000,104.12000000,144380.85400000
1769900400000,104.11000000,106.55000000,103.86000000,105.58000000,258548.48400000
1769904000000,105.58000000,106.43000000,105.32000000,105.67000000,126041.39400000
1769907600000,105.67000000,105.81000000,104.23000000,104.99000000,134368.76900000
1769911200000,104.99000000,105.99000000,104.77000000,105.56000000,86468.39500000
1769914800000,105.56000000,105.68000000,104.53000000,104.97000000,74562.00800000
1769918400000,104.97000000,105.51000000,104.80000000,105.20000000,70836.34100000
1769922000000,105.21000000,105.71000000,104.50000000,104.69000000,107662.53800000
1769925600000,104.69000000,105.44000000,104.53000000,105.07000000,67431.94300000
1769929200000,105.08000000,106.02000000,103.96000000,105.20000000,150931.22400000
1769932800000,105.20000000,106.06000000,104.81000000,105.52000000,104946.08700000
1769936400000,105.52000000,105.94000000,104.96000000,105.79000000,70479.47600000
1769940000000,105.80000000,105.85000000,103.59000000,103.75000000,172599.20000000
1769943600000,103.76000000,105.40000000,103.73000000,105.05000000,114098.12000000
1769947200000,105.06000000,105.19000000,104.13000000,105.05000000,112117.40900000
1769950800000,105.04000000,106.69000000,104.08000000,104.45000000,239797.43700000
1769954400000,104.45000000,104.81000000,101.75000000,102.95000000,396592.17900000
1769958000000,102.96000000,102.96000000,100.21000000,101.69000000,285436.95300000
1769961600000,101.70000000,102.89000000,100.93000000,101.73000000,193048.48500000
1769965200000,101.73000000,102.50000000,101.13000000,102.44000000,138966.92400000
1769968800000,102.44000000,104.27000000,102.43000000,103.45000000,221112.84400000
1769972400000,103.44000000,103.77000000,101.56000000,101.94000000,121292.53000000
1769976000000,101.94000000,102.87000000,100.19000000,101.59000000,243862.73500000
1769979600000,101.59000000,101.71000000,100.13000000,100.85000000,173272.63400000
1769983200000,100.85000000,102.88000000,100.82000000,101.80000000,148936.33600000
1769986800000,101.79000000,102.05000000,98.02000000,100.79000000,649394.09000000
1769990400000,100.78000000,102.90000000,99.65000000,102.28000000,388170.01400000
1769994000000,102.28000000,103.14000000,100.41000000,102.09000000,200480.78900000
1769997600000,102.10000000,102.74000000,100.57000000,100.75000000,171221.39600000
1770001200000,100.75000000,100.88000000,95.95000000,100.07000000,751071.30500000
1770004800000,100.08000000,101.79000000,98.66000000,100.31000000,256969.43300000
1770008400000,100.30000000,100.46000000,97.67000000,98.30000000,320609.52000000
1770012000000,98.30000000,101.40000000,97.07000000,100.72000000,663349.31000000
1770015600000,100.72000000,102.43000000,100.46000000,101.43000000,334885.95200000
1770019200000,101.42000000,102.49000000,101.36000000,101.70000000,265638.56500000
1770022800000,101.71000000,103.19000000,101.42000000,102.79000000,271740.85000000
1770026400000,102.79000000,103.45000000,102.62000000,102.88000000,128297.42800000
1770030000000,102.89000000,103.44000000,102.65000000,102.78000000,125649.77100000
1770033600000,102.78000000,103.78000000,102.78000000,103.30000000,103997.09200000
1770037200000,103.29000000,103.70000000,102.83000000,103.33000000,94483.56900000
1770040800000,103.33000000,105.14000000,102.39000000,103.97000000,326326.23200000
1770044400000,103.97000000,106.12000000,103.56000000,104.70000000,361531.85300000
1770048000000,104.69000000,105.78000000,104.28000000,105.00000000,168382.67600000
1770051600000,105.00000000,105.58000000,104.45000000,104.81000000,139614.84700000
1770055200000,104.81000000,105.04000000,103.88000000,104.72000000,110398.20200000
1770058800000,104.72000000,104.84000000,103.51000000,103.89000000,97318.24000000
1770062400000,103.88000000,104.26000000,103.32000000,103.84000000,117301.34900000
1770066000000,103.85000000,104.99000000,103.80000000,104.84000000,71731.11900000
1770069600000,104.84000000,105.20000000,104.55000000,105.02000000,50345.64600000
1770073200000,105.02000000,105.07000000,104.41000000,104.55000000,54517.52300000
1770076800000,104.54000000,104.67000000,103.70000000,104.18000000,104401.33400000
1770080400000,104.17000000,104.40000000,103.56000000,104.39000000,74503.01400000
1770084000000,104.40000000,104.40000000,102.35000000,102.44000000,94235.25700000
1770087600000,102.44000000,104.42000000,102.18000000,104.16000000,139835.88100000
1770091200000,104.17000000,105.10000000,103.86000000,104.68000000,65013.81100000
1770094800000,104.68000000,104.73000000,103.65000000,103.72000000,59729.76300000
1770098400000,103.72000000,104.08000000,102.96000000,103.98000000,93535.53300000
1770102000000,103.98000000,104.91000000,103.75000000,104.70000000,84268.47700000
1770105600000,104.70000000,105.04000000,104.07000000,104.11000000,91071.16900000
1770109200000,104.11000000,104.21000000,102.54000000,103.15000000,169415.45200000
1770112800000,103.14000000,103.35000000,102.50000000,102.90000000,94786.20400000
1770116400000,102.91000000,103.42000000,102.83000000,103.01000000,70281.31300000
1770120000000,103.01000000,103.38000000,102.53000000,103.13000000,120153.51800000
1770123600000,103.13000000,103.59000000,102.74000000,103.42000000,92001.77900000
1770127200000,103.41000000,103.65000000,100.75000000,100.86000000,240476.16400000
1770130800000,100.85000000,102.79000000,100.41000000,102.56000000,363592.43500000
1770134400000,102.56000000,102.56000000,99.96000000,100.73000000,292972.48600000
1770138000000,100.72000000,100.97000000,99.03000000,99.11000000,261309.98500000
1770141600000,99.11000000,99.43000000,96.64000000,96.84000000,492016.12500000
1770145200000,96.83000000,100.10000000,96.70000000,99.02000000,422917.45600000
1770148800000,99.01000000,102.07000000,98.31000000,101.14000000,463864.09500000
1770152400000,101.14000000,101.85000000,100.00000000,100.20000000,217826.19900000
1770156000000,100.21000000,100.29000000,98.15000000,98.48000000,174220.53100000
1770159600000,98.48000000,98.60000000,97.21000000,97.89000000,231590.13400000
1770163200000,97.89000000,98.80000000,97.17000000,97.99000000,159961.64500000
1770166800000,97.99000000,99.67000000,97.99000000,99.12000000,218613.58500000
1770170400000,99.12000000,99.20000000,97.41000000,97.93000000,114405.67300000
1770174000000,97.94000000,99.64000000,97.92000000,99.13000000,152272.14400000
1770177600000,99.12000000,99.35000000,98.04000000,98.09000000,92965.52800000
1770181200000,98.10000000,98.46000000,96.46000000,97.02000000,179530.99500000
1770184800000,97.02000000,98.80000000,96.78000000,98.25000000,152204.95900000
1770188400000,98.25000000,98.25000000,97.41000000,97.90000000,137254.97000000
1770192000000,97.91000000,97.96000000,96.77000000,97.73000000,129646.36000000
1770195600000,97.72000000,97.79000000,96.76000000,97.14000000,218414.91400000
1770199200000,97.14000000,97.29000000,96.76000000,97.03000000,137721.34800000
1770202800000,97.03000000,97.07000000,94.71000000,96.11000000,538023.22400000
1770206400000,96.12000000,96.73000000,95.86000000,96.47000000,115606.18800000
1770210000000,96.47000000,96.48000000,94.17000000,94.39000000,239663.68400000
1770213600000,94.38000000,95.04000000,92.95000000,93.13000000,424135.44300000
1770217200000,93.12000000,94.20000000,91.31000000,92.79000000,528333.29400000
1770220800000,92.80000000,93.13000000,90.98000000,91.97000000,433203.06500000
1770224400000,91.97000000,92.63000000,90.00000000,91.44000000,421163.31400000
1770228000000,91.45000000,93.24000000,90.35000000,92.30000000,451732.67400000
1770231600000,92.30000000,94.71000000,92.28000000,94.38000000,315268.82500000
1770235200000,94.38000000,94.50000000,93.00000000,93.24000000,165959.33300000
1770238800000,93.24000000,93.39000000,90.73000000,91.32000000,329000.46100000
1770242400000,91.33000000,92.90000000,89.30000000,90.82000000,348795.70900000
1770246000000,90.82000000,92.94000000,90.26000000,92.12000000,247582.03600000
1770249600000,92.11000000,92.76000000,91.37000000,91.74000000,135956.97800000
1770253200000,91.75000000,92.89000000,90.52000000,91.94000000,229315.95300000
1770256800000,91.94000000,92.72000000,90.70000000,90.93000000,251723.33700000
1770260400000,90.92000000,91.69000000,90.24000000,91.15000000,233855.04200000
1770264000000,91.14000000,91.92000000,90.32000000,91.13000000,309041.12600000
1770267600000,91.13000000,92.11000000,89.92000000,91.17000000,338190.78400000
1770271200000,91.17000000,91.24000000,89.68000000,90.21000000,290107.66800000
1770274800000,90.22000000,91.66000000,90.16000000,90.54000000,206321.30000000
1770278400000,90.55000000,92.46000000,90.55000000,91.77000000,187136.51500000
1770282000000,91.77000000,93.43000000,91.74000000,92.50000000,221009.00200000
1770285600000,92.51000000,92.66000000,89.80000000,90.31000000,256513.57100000
1770289200000,90.31000000,90.82000000,88.66000000,89.98000000,396887.14600000
1770292800000,89.98000000,90.76000000,88.68000000,89.53000000,335956.94500000
1770296400000,89.52000000,90.06000000,88.20000000,88.48000000,235626.32100000
1770300000000,88.48000000,91.43000000,88.31000000,88.60000000,402176.13400000
1770303600000,88.60000000,88.99000000,83.44000000,84.61000000,1244012.12400000
1770307200000,84.61000000,86.20000000,83.69000000,85.55000000,620015.93900000
1770310800000,85.55000000,85.73000000,82.44000000,82.70000000,566133.87700000
1770314400000,82.70000000,83.34000000,81.21000000,82.96000000,519726.28700000
1770318000000,82.96000000,83.31000000,81.41000000,81.68000000,257589.95400000
1770321600000,81.68000000,82.30000000,77.68000000,78.84000000,1411253.15100000
1770325200000,78.84000000,81.20000000,78.38000000,79.00000000,617082.21500000
1770328800000,79.01000000,80.68000000,77.60000000,79.81000000,540957.90200000
1770332400000,79.81000000,81.63000000,78.08000000,78.35000000,436766.20900000
1770336000000,78.34000000,78.80000000,67.50000000,75.51000000,3089489.44300000
1770339600000,75.51000000,79.79000000,75.48000000,79.60000000,700827.46700000
1770343200000,79.60000000,80.30000000,76.40000000,76.95000000,611199.89300000
1770346800000,76.95000000,77.40000000,75.73000000,76.71000000,456321.36300000
1770350400000,76.71000000,78.03000000,76.22000000,77.76000000,253885.58700000
1770354000000,77.75000000,81.65000000,77.59000000,81.15000000,395672.11400000
1770357600000,81.15000000,81.60000000,79.39000000,79.50000000,345800.29700000
1770361200000,79.51000000,80.61000000,78.76000000,79.59000000,322896.13200000
1770364800000,79.60000000,80.23000000,78.67000000,79.07000000,298250.31300000
1770368400000,79.07000000,81.69000000,78.95000000,81.34000000,275609.17500000
1770372000000,81.34000000,82.04000000,80.74000000,80.81000000,287047.94400000
1770375600000,80.81000000,81.75000000,80.46000000,81.36000000,193389.34400000
1770379200000,81.36000000,81.96000000,80.85000000,81.89000000,194847.56900000
1770382800000,81.90000000,83.85000000,81.70000000,83.11000000,478357.39700000
1770386400000,83.11000000,85.19000000,81.90000000,84.18000000,557554.30200000
1770390000000,84.18000000,85.06000000,83.40000000,84.49000000,474300.98300000
1770393600000,84.48000000,87.23000000,83.66000000,86.74000000,556817.83800000
1770397200000,86.74000000,88.72000000,86.16000000,86.73000000,528459.77900000
1770400800000,86.73000000,86.87000000,85.23000000,86.17000000,327231.78000000
1770404400000,86.17000000,87.45000000,85.56000000,87.09000000,321039.85400000
1770408000000,87.09000000,87.96000000,86.63000000,86.92000000,261798.76000000
1770411600000,86.91000000,88.20000000,86.60000000,88.06000000,222150.34500000
1770415200000,88.07000000,89.84000000,87.95000000,89.17000000,276451.09800000
1770418800000,89.17000000,89.60000000,87.36000000,87.46000000,381696.98900000
1770422400000,87.45000000,87.47000000,86.10000000,86.57000000,394199.59500000
1770426000000,86.56000000,87.49000000,85.91000000,87.13000000,171212.25600000
1770429600000,87.12000000,87.61000000,86.81000000,87.35000000,97079.19500000
1770433200000,87.35000000,88.39000000,87.24000000,88.10000000,156169.36100000
1770436800000,88.09000000,89.04000000,87.29000000,87.73000000,206456.82600000
1770440400000,87.74000000,88.64000000,87.55000000,87.81000000,141424.85400000
1770444000000,87.80000000,88.25000000,86.22000000,86.25000000,158715.59000000
1770447600000,86.25000000,86.65000000,84.16000000,85.29000000,469013.76100000
1770451200000,85.29000000,85.74000000,84.75000000,85.36000000,159075.98800000
1770454800000,85.36000000,85.73000000,84.81000000,85.24000000,105888.69400000
1770458400000,85.23000000,85.48000000,84.51000000,85.00000000,103550.78300000
1770462000000,85.00000000,85.20000000,84.58000000,84.91000000,80180.82400000
1770465600000,84.90000000,87.20000000,84.85000000,86.22000000,226079.91600000
1770469200000,86.23000000,86.65000000,85.57000000,86.13000000,108278.91400000
1770472800000,86.13000000,86.61000000,85.51000000,85.77000000,101836.21100000
1770476400000,85.77000000,86.97000000,85.65000000,86.57000000,133334.93500000
1770480000000,86.56000000,88.12000000,86.17000000,87.05000000,1017602.20800000
1770483600000,87.06000000,87.74000000,86.48000000,87.65000000,95222.81300000
1770487200000,87.64000000,89.19000000,87.45000000,88.71000000,127323.95000000
1770490800000,88.72000000,88.79000000,88.03000000,88.30000000,91821.87400000
1770494400000,88.30000000,89.20000000,88.01000000,88.91000000,90428.71000000
1770498000000,88.92000000,89.20000000,88.12000000,88.21000000,63097.95700000
1770501600000,88.22000000,88.77000000,88.16000000,88.27000000,59206.97600000
1770505200000,88.28000000,88.34000000,86.86000000,87.59000000,129447.28900000
1770508800000,87.59000000,87.68000000,87.10000000,87.35000000,73903.60200000
1770512400000,87.34000000,88.00000000,87.31000000,87.89000000,44359.78100000
1770516000000,87.89000000,88.22000000,86.94000000,87.27000000,58486.62000000
1770519600000,87.27000000,87.54000000,86.70000000,86.82000000,45889.84300000
1770523200000,86.82000000,87.42000000,86.63000000,87.41000000,66781.73300000
1770526800000,87.40000000,87.56000000,87.05000000,87.29000000,55447.45200000
1770530400000,87.29000000,87.51000000,86.94000000,87.17000000,44402.55100000
1770534000000,87.17000000,87.42000000,86.69000000,87.42000000,59984.48300000
1770537600000,87.41000000,88.83000000,86.94000000,88.65000000,154801.22000000
1770541200000,88.64000000,88.99000000,87.54000000,87.61000000,120713.80000000
1770544800000,87.60000000,88.13000000,86.44000000,86.88000000,175698.97200000
1770548400000,86.88000000,88.32000000,86.75000000,88.25000000,118764.39400000
1770552000000,88.25000000,88.37000000,87.70000000,88.17000000,95469.92000000
1770555600000,88.16000000,88.89000000,87.78000000,88.58000000,174290.12700000
1770559200000,88.57000000,88.75000000,88.02000000,88.43000000,107095.35500000
1770562800000,88.43000000,88.76000000,87.35000000,87.77000000,141084.42000000
1770566400000,87.78000000,87.91000000,85.77000000,86.22000000,196433.56100000
1770570000000,86.22000000,87.12000000,86.19000000,86.96000000,92076.56400000
1770573600000,86.96000000,88.61000000,86.94000000,87.85000000,98751.21800000
1770577200000,87.84000000,88.59000000,87.81000000,88.41000000,95387.48000000
1770580800000,88.41000000,88.42000000,86.76000000,86.90000000,70417.15600000
1770584400000,86.89000000,87.34000000,86.24000000,86.60000000,76328.52400000
1770588000000,86.61000000,87.27000000,86.46000000,87.13000000,51261.39700000
1770591600000,87.12000000,89.08000000,86.06000000,86.99000000,317168.51000000
1770595200000,86.99000000,87.45000000,86.39000000,87.07000000,102967.74500000
1770598800000,87.06000000,87.98000000,85.75000000,86.42000000,195325.89000000
1770602400000,86.42000000,87.85000000,86.18000000,87.01000000,128571.68600000
1770606000000,87.02000000,87.91000000,86.84000000,87.67000000,100440.09700000
1770609600000,87.67000000,87.72000000,86.97000000,87.12000000,84272.19100000
1770613200000,87.12000000,87.44000000,86.88000000,87.26000000,58711.37000000
1770616800000,87.26000000,87.26000000,85.96000000,86.45000000,146133.75900000
1770620400000,86.45000000,86.61000000,85.19000000,85.50000000,203982.03900000
1770624000000,85.50000000,85.64000000,83.86000000,84.59000000,271738.01100000
1770627600000,84.58000000,84.93000000,83.94000000,84.33000000,134655.89900000
1770631200000,84.32000000,84.48000000,82.86000000,83.23000000,257658.59000000
1770634800000,83.23000000,83.70000000,83.22000000,83.47000000,110314.26900000
1770638400000,83.48000000,84.37000000,83.45000000,84.06000000,102588.89100000
1770642000000,84.05000000,84.62000000,83.75000000,83.77000000,110564.32300000
1770645600000,83.77000000,85.24000000,83.55000000,84.96000000,245510.83700000
1770649200000,84.95000000,85.80000000,84.32000000,85.28000000,178629.67100000
1770652800000,85.28000000,86.86000000,84.81000000,86.11000000,154239.30200000
1770656400000,86.11000000,88.10000000,85.66000000,87.79000000,273235.27100000
1770660000000,87.78000000,88.69000000,87.07000000,87.51000000,262915.55600000
1770663600000,87.51000000,88.24000000,87.15000000,87.97000000,162686.06000000
1770667200000,87.96000000,88.31000000,87.21000000,87.76000000,140702.31700000
1770670800000,87.76000000,87.89000000,86.53000000,87.34000000,121614.99200000
1770674400000,87.34000000,87.59000000,86.97000000,87.12000000,67695.33200000
1770678000000,87.12000000,87.40000000,86.64000000,86.77000000,52498.31800000
1770681600000,86.77000000,86.93000000,86.28000000,86.40000000,118024.12600000
1770685200000,86.40000000,87.49000000,86.37000000,87.29000000,68791.57800000
1770688800000,87.28000000,87.32000000,86.42000000,86.66000000,72507.05300000
1770692400000,86.67000000,86.85000000,85.26000000,85.87000000,142770.77700000
1770696000000,85.86000000,86.67000000,85.79000000,86.55000000,83242.58000000
1770699600000,86.55000000,86.57000000,85.61000000,85.95000000,89820.77500000
1770703200000,85.95000000,86.04000000,84.30000000,84.60000000,202106.45700000
1770706800000,84.60000000,85.14000000,84.43000000,84.63000000,122515.72000000
1770710400000,84.64000000,84.87000000,84.17000000,84.66000000,115043.03400000
1770714000000,84.65000000,85.09000000,84.29000000,84.56000000,130894.32300000
1770717600000,84.57000000,84.75000000,84.20000000,84.22000000,77557.77000000
1770721200000,84.23000000,84.61000000,83.77000000,83.85000000,131600.57600000
1770724800000,83.85000000,84.36000000,83.69000000,83.96000000,107970.39600000
1770728400000,83.95000000,84.78000000,83.68000000,84.66000000,143309.20400000
1770732000000,84.66000000,85.24000000,83.20000000,83.72000000,315991.74600000
1770735600000,83.72000000,84.54000000,83.43000000,84.30000000,230974.29200000
1770739200000,84.30000000,84.94000000,83.77000000,84.46000000,116870.75000000
1770742800000,84.45000000,85.14000000,84.20000000,84.90000000,77051.79100000
1770746400000,84.91000000,84.98000000,82.71000000,82.94000000,179135.75400000
1770750000000,82.93000000,83.51000000,82.44000000,83.08000000,113877.09700000
1770753600000,83.08000000,83.23000000,82.30000000,82.63000000,120681.73900000
1770757200000,82.63000000,82.94000000,81.91000000,82.46000000,99629.76800000
1770760800000,82.46000000,82.98000000,82.36000000,82.60000000,69493.55600000
1770764400000,82.59000000,83.00000000,82.36000000,82.99000000,45351.24300000
1770768000000,82.99000000,83.72000000,82.93000000,83.47000000,79371.89400000
1770771600000,83.46000000,83.79000000,83.20000000,83.77000000,55355.40600000
1770775200000,83.77000000,84.39000000,83.53000000,83.54000000,86466.29300000
1770778800000,83.55000000,83.86000000,82.59000000,83.34000000,95964.20300000
1770782400000,83.34000000,83.54000000,81.71000000,81.98000000,139916.13700000
1770786000000,81.98000000,82.41000000,81.73000000,81.89000000,75027.22800000
1770789600000,81.90000000,81.99000000,80.58000000,80.87000000,218295.67000000
1770793200000,80.87000000,81.36000000,80.28000000,81.00000000,116647.41900000
1770796800000,81.00000000,81.20000000,80.55000000,81.09000000,80687.53700000
1770800400000,81.09000000,81.29000000,80.67000000,80.80000000,72261.51200000
1770804000000,80.80000000,81.00000000,80.38000000,80.69000000,105679.69200000
1770807600000,80.69000000,81.47000000,80.65000000,81.26000000,111060.38600000
1770811200000,81.25000000,81.47000000,80.95000000,81.18000000,91871.91900000
1770814800000,81.18000000,81.84000000,80.64000000,81.64000000,231266.27300000
1770818400000,81.65000000,83.17000000,79.77000000,79.95000000,578985.48000000
1770822000000,79.95000000,80.34000000,78.56000000,79.72000000,378985.36400000
1770825600000,79.72000000,80.94000000,78.72000000,78.74000000,233965.72100000
1770829200000,78.73000000,80.04000000,78.04000000,79.01000000,230238.07700000
1770832800000,79.01000000,79.99000000,78.53000000,79.81000000,131164.21500000
1770836400000,79.81000000,80.34000000,79.32000000,79.72000000,116185.10500000
1770840000000,79.72000000,80.01000000,78.98000000,79.64000000,113579.90200000
1770843600000,79.65000000,81.11000000,79.65000000,80.16000000,209210.48200000
1770847200000,80.17000000,80.24000000,79.45000000,79.50000000,102730.71000000
1770850800000,79.51000000,79.73000000,78.80000000,79.30000000,159996.69500000
1770854400000,79.31000000,80.23000000,79.26000000,79.97000000,86837.00100000
1770858000000,79.98000000,80.79000000,79.98000000,80.41000000,83818.55900000
1770861600000,80.42000000,80.73000000,79.94000000,80.33000000,69932.79300000
1770865200000,80.33000000,80.67000000,80.08000000,80.62000000,45415.33000000
1770868800000,80.63000000,80.97000000,80.30000000,80.31000000,71039.22100000
1770872400000,80.31000000,80.60000000,79.50000000,80.57000000,93951.90200000
1770876000000,80.58000000,80.99000000,80.36000000,80.57000000,63036.11800000
1770879600000,80.57000000,80.93000000,80.29000000,80.77000000,50446.91300000
1770883200000,80.77000000,80.93000000,80.32000000,80.77000000,55309.33400000
1770886800000,80.77000000,81.90000000,80.57000000,81.79000000,164590.19200000
1770890400000,81.78000000,82.24000000,81.35000000,82.19000000,95299.09200000
1770894000000,82.19000000,82.25000000,81.71000000,81.87000000,111672.45700000
1770897600000,81.87000000,81.96000000,80.85000000,81.10000000,113537.43100000
1770901200000,81.10000000,82.13000000,80.71000000,81.96000000,153029.62200000
1770904800000,81.96000000,81.98000000,81.00000000,81.14000000,183356.65600000
1770908400000,81.15000000,81.52000000,80.10000000,80.12000000,205820.62000000
1770912000000,80.13000000,80.22000000,78.18000000,78.30000000,314768.72200000
1770915600000,78.30000000,78.68000000,77.51000000,77.90000000,255674.98600000
1770919200000,77.90000000,78.47000000,77.19000000,77.61000000,186122.83400000
1770922800000,77.61000000,78.63000000,77.03000000,77.62000000,170638.99800000
1770926400000,77.62000000,77.93000000,76.60000000,76.92000000,208229.16200000
1770930000000,76.92000000,77.56000000,76.92000000,77.34000000,123223.72600000
1770933600000,77.33000000,78.12000000,76.97000000,78.10000000,145773.68900000
1770937200000,78.10000000,78.52000000,77.82000000,78.40000000,144704.75900000
1770940800000,78.39000000,78.74000000,77.53000000,78.02000000,110301.04300000
1770944400000,78.03000000,78.84000000,78.01000000,78.60000000,91729.39100000
1770948000000,78.60000000,79.33000000,78.45000000,79.13000000,95492.86000000
1770951600000,79.13000000,79.48000000,78.81000000,79.05000000,73080.76700000
1770955200000,79.05000000,79.27000000,78.47000000,78.52000000,80656.96900000
1770958800000,78.52000000,78.76000000,78.16000000,78.29000000,71676.81300000
1770962400000,78.29000000,78.66000000,77.85000000,78.62000000,92542.98800000
1770966000000,78.62000000,79.24000000,78.54000000,78.99000000,99001.66700000
1770969600000,78.99000000,79.90000000,78.86000000,79.73000000,106610.04900000
1770973200000,79.73000000,79.97000000,79.42000000,79.88000000,98038.40700000
1770976800000,79.89000000,80.62000000,79.77000000,80.36000000,154228.16000000
1770980400000,80.37000000,80.40000000,79.78000000,80.31000000,94222.82400000
1770984000000,80.31000000,80.32000000,79.86000000,79.97000000,64462.80800000
1770987600000,79.97000000,80.89000000,79.73000000,80.29000000,160710.40600000
1770991200000,80.28000000,81.95000000,79.86000000,81.33000000,309083.66300000
1770994800000,81.34000000,84.34000000,81.09000000,83.20000000,460219.89500000
1770998400000,83.20000000,85.00000000,82.92000000,84.22000000,316097.20400000
1771002000000,84.22000000,84.71000000,83.55000000,84.34000000,171559.21100000
1771005600000,84.35000000,85.59000000,84.12000000,85.40000000,217189.74800000
1771009200000,85.40000000,85.63000000,84.54000000,84.66000000,129261.79300000
1771012800000,84.65000000,85.06000000,84.17000000,84.77000000,152466.27400000
1771016400000,84.78000000,85.19000000,84.56000000,84.86000000,96569.03900000
1771020000000,84.85000000,84.93000000,84.46000000,84.66000000,59567.48100000
1771023600000,84.66000000,84.66000000,84.12000000,84.33000000,65620.81200000
1771027200000,84.34000000,85.10000000,84.21000000,84.97000000,126493.71200000
1771030800000,84.96000000,85.21000000,84.80000000,84.99000000,76307.85400000
1771034400000,84.99000000,85.01000000,84.60000000,84.89000000,40875.13300000
1771038000000,84.90000000,85.30000000,84.82000000,85.06000000,45751.69800000
1771041600000,85.07000000,85.10000000,84.80000000,84.83000000,33782.00600000
1771045200000,84.82000000,85.03000000,84.61000000,84.63000000,30509.02700000
1771048800000,84.63000000,84.93000000,84.35000000,84.86000000,34098.37600000
1771052400000,84.86000000,85.27000000,84.77000000,85.19000000,57646.01600000
1771056000000,85.19000000,86.41000000,85.16000000,86.22000000,206117.93100000
1771059600000,86.22000000,86.38000000,85.86000000,86.02000000,135777.29000000
1771063200000,86.02000000,86.02000000,85.74000000,85.83000000,54543.97200000
1771066800000,85.83000000,87.33000000,85.82000000,87.29000000,185301.48700000
1771070400000,87.29000000,87.32000000,86.26000000,86.42000000,171277.10500000
1771074000000,86.42000000,86.90000000,86.00000000,86.44000000,126466.07400000
1771077600000,86.44000000,87.52000000,86.37000000,87.24000000,133167.57200000
1771081200000,87.24000000,87.69000000,87.10000000,87.44000000,139912.19200000
1771084800000,87.44000000,88.26000000,86.99000000,88.12000000,413681.23900000
1771088400000,88.12000000,88.47000000,87.83000000,88.05000000,117880.86900000
1771092000000,88.05000000,88.29000000,87.79000000,88.01000000,72250.30800000
1771095600000,88.01000000,88.33000000,87.56000000,88.20000000,62174.19100000
1771099200000,88.21000000,88.44000000,87.69000000,88.17000000,96214.77000000
1771102800000,88.16000000,88.44000000,87.29000000,88.07000000,141162.59300000
1771106400000,88.07000000,88.89000000,87.90000000,88.50000000,110421.18800000
1771110000000,88.50000000,88.90000000,88.03000000,88.06000000,86794.61200000
1771113600000,88.06000000,88.42000000,87.80000000,88.19000000,70896.38700000
1771117200000,88.19000000,88.72000000,87.60000000,88.29000000,118881.75500000
1771120800000,88.28000000,88.50000000,87.52000000,88.00000000,108281.50400000
1771124400000,88.01000000,88.78000000,87.31000000,88.61000000,179433.75600000
1771128000000,88.60000000,89.82000000,88.35000000,88.79000000,371609.56100000
1771131600000,88.80000000,90.06000000,88.75000000,89.68000000,147555.92600000
1771135200000,89.68000000,90.16000000,89.34000000,89.60000000,92915.80500000
1771138800000,89.60000000,90.98000000,89.40000000,90.74000000,194151.75600000
1771142400000,90.74000000,91.26000000,89.22000000,89.67000000,404018.67500000
1771146000000,89.66000000,90.53000000,89.46000000,90.00000000,98233.19700000
1771149600000,90.00000000,90.13000000,89.05000000,89.53000000,164520.56600000
1771153200000,89.53000000,89.83000000,89.01000000,89.17000000,46745.31600000
1771156800000,89.18000000,89.63000000,87.30000000,87.31000000,265700.78100000
1771160400000,87.32000000,88.37000000,86.82000000,86.96000000,255573.23700000
1771164000000,86.96000000,87.61000000,86.66000000,87.35000000,168435.31300000
1771167600000,87.35000000,87.66000000,86.93000000,87.42000000,76427.19700000
1771171200000,87.41000000,87.66000000,86.72000000,87.57000000,149135.48500000
1771174800000,87.57000000,87.88000000,85.71000000,86.42000000,243472.74200000
1771178400000,86.43000000,86.86000000,86.01000000,86.21000000,136623.68000000
1771182000000,86.21000000,86.35000000,85.20000000,85.34000000,185689.09500000
1771185600000,85.35000000,85.99000000,84.89000000,85.88000000,106170.79800000
1771189200000,85.88000000,86.42000000,85.88000000,86.18000000,153614.57800000
1771192800000,86.18000000,86.70000000,86.05000000,86.36000000,63866.66300000
1771196400000,86.36000000,86.37000000,85.10000000,86.16000000,127131.62700000
1771200000000,86.15000000,86.50000000,85.58000000,86.18000000,133823.13300000
1771203600000,86.18000000,86.63000000,85.37000000,85.77000000,187063.25000000
1771207200000,85.76000000,86.23000000,85.23000000,85.39000000,240728.30500000
1771210800000,85.40000000,85.56000000,84.79000000,85.14000000,106334.62000000
1771214400000,85.15000000,85.84000000,85.09000000,85.79000000,49206.61000000
1771218000000,85.79000000,85.91000000,84.47000000,84.70000000,131563.44000000
1771221600000,84.69000000,85.20000000,84.51000000,85.06000000,66270.06900000
1771225200000,85.06000000,85.51000000,84.80000000,85.06000000,99848.79300000
1771228800000,85.07000000,85.50000000,85.04000000,85.39000000,113252.13500000
1771232400000,85.39000000,86.26000000,85.39000000,86.01000000,162122.10400000
1771236000000,86.00000000,86.04000000,85.63000000,85.75000000,46255.53900000
1771239600000,85.75000000,85.98000000,84.49000000,85.52000000,109739.96200000
1771243200000,85.52000000,86.42000000,85.27000000,86.20000000,173623.73000000
1771246800000,86.20000000,86.93000000,83.85000000,84.17000000,515742.02200000
1771250400000,84.16000000,84.67000000,83.48000000,84.05000000,262924.17800000
1771254000000,84.05000000,84.57000000,82.55000000,83.21000000,249881.34900000
1771257600000,83.21000000,84.11000000,83.10000000,84.00000000,357526.47100000
1771261200000,83.99000000,84.81000000,83.90000000,84.53000000,130705.83500000
1771264800000,84.52000000,85.16000000,84.48000000,84.52000000,77790.05500000
1771268400000,84.53000000,85.10000000,84.24000000,84.61000000,65194.52600000
1771272000000,84.62000000,85.49000000,84.50000000,85.37000000,73557.77600000
1771275600000,85.37000000,86.11000000,85.08000000,86.02000000,61849.75000000
1771279200000,86.02000000,86.24000000,85.60000000,85.72000000,54887.95400000
1771282800000,85.71000000,86.66000000,85.66000000,86.45000000,89860.20500000
1771286400000,86.45000000,87.16000000,86.29000000,86.61000000,85239.85000000
1771290000000,86.62000000,87.07000000,86.13000000,86.19000000,65432.97700000
1771293600000,86.18000000,87.69000000,85.76000000,87.31000000,83152.24500000
1771297200000,87.31000000,87.37000000,86.32000000,86.37000000,65925.97800000
1771300800000,86.37000000,86.67000000,85.92000000,86.37000000,80243.82700000
1771304400000,86.37000000,86.49000000,85.45000000,86.22000000,73401.60100000
1771308000000,86.23000000,86.80000000,86.22000000,86.50000000,77082.30900000
1771311600000,86.51000000,86.55000000,85.94000000,86.49000000,41093.59300000
1771315200000,86.48000000,86.77000000,85.92000000,85.97000000,70839.57300000
1771318800000,85.97000000,86.19000000,85.66000000,85.95000000,46821.88200000
1771322400000,85.94000000,86.05000000,84.87000000,85.05000000,84069.21600000
1771326000000,85.05000000,85.32000000,84.75000000,85.10000000,84961.36500000
1771329600000,85.11000000,85.58000000,84.54000000,84.63000000,77392.62400000
1771333200000,84.64000000,85.52000000,84.39000000,85.00000000,127369.73400000
1771336800000,84.99000000,85.45000000,83.00000000,83.26000000,363335.62900000
1771340400000,83.26000000,83.90000000,82.92000000,83.81000000,349976.83300000
1771344000000,83.80000000,85.46000000,83.71000000,84.19000000,314713.80700000
1771347600000,84.18000000,84.32000000,83.13000000,83.71000000,120163.96900000
1771351200000,83.71000000,85.43000000,83.57000000,85.11000000,114345.38700000
1771354800000,85.11000000,85.76000000,84.63000000,84.87000000,123483.63800000
1771358400000,84.86000000,85.27000000,84.53000000,85.00000000,85926.27100000
1771362000000,84.99000000,85.44000000,84.84000000,85.22000000,31708.67400000
1771365600000,85.23000000,85.44000000,84.97000000,85.05000000,55020.14800000
1771369200000,85.05000000,85.34000000,84.91000000,85.08000000,152954.73500000
1771372800000,85.09000000,85.49000000,84.81000000,84.87000000,107156.02400000
1771376400000,84.87000000,84.99000000,83.92000000,84.25000000,185145.99600000
1771380000000,84.25000000,85.00000000,84.23000000,84.66000000,50033.46300000
1771383600000,84.66000000,85.47000000,84.54000000,85.33000000,127431.56000000
1771387200000,85.34000000,85.54000000,84.97000000,85.14000000,75408.16200000
1771390800000,85.15000000,85.25000000,84.76000000,84.90000000,43415.72000000
1771394400000,84.90000000,85.31000000,84.80000000,84.92000000,32175.45900000
1771398000000,84.92000000,85.43000000,84.68000000,85.28000000,40826.30800000
1771401600000,85.28000000,86.09000000,85.23000000,85.47000000,134800.86700000
1771405200000,85.48000000,85.75000000,85.31000000,85.32000000,81961.47200000
1771408800000,85.31000000,85.40000000,84.18000000,84.26000000,179190.39500000
1771412400000,84.26000000,84.26000000,82.83000000,82.86000000,311963.45400000
1771416000000,82.87000000,83.34000000,82.34000000,82.99000000,211396.87600000
1771419600000,83.00000000,83.29000000,82.30000000,82.63000000,177772.30700000
1771423200000,82.62000000,82.88000000,81.72000000,82.56000000,266550.07100000
1771426800000,82.56000000,84.01000000,82.52000000,83.01000000,238110.50500000
1771430400000,83.00000000,83.09000000,82.04000000,82.30000000,157893.01400000
1771434000000,82.30000000,83.00000000,82.10000000,82.19000000,96505.62000000
1771437600000,82.20000000,82.37000000,80.95000000,81.28000000,204133.37100000
1771441200000,81.29000000,81.60000000,80.48000000,80.93000000,156894.54800000
1771444800000,80.93000000,81.59000000,80.85000000,81.32000000,95827.61500000
1771448400000,81.32000000,81.64000000,81.02000000,81.28000000,74664.37100000
1771452000000,81.28000000,81.54000000,81.05000000,81.46000000,53028.69100000
1771455600000,81.46000000,81.64000000,81.24000000,81.61000000,35318.10100000
1771459200000,81.61000000,81.73000000,81.25000000,81.50000000,43694.20800000
1771462800000,81.50000000,82.06000000,81.50000000,81.89000000,48706.87800000
1771466400000,81.89000000,82.07000000,81.33000000,81.67000000,43497.06000000
1771470000000,81.66000000,81.93000000,81.43000000,81.77000000,29088.96600000
1771473600000,81.77000000,82.01000000,81.40000000,81.49000000,138914.11100000
1771477200000,81.49000000,81.98000000,81.38000000,81.90000000,281203.41900000
1771480800000,81.90000000,82.50000000,81.83000000,82.36000000,89615.72200000
1771484400000,82.37000000,82.67000000,82.10000000,82.41000000,68696.60900000
1771488000000,82.40000000,82.42000000,81.57000000,81.73000000,90896.81900000
1771491600000,81.74000000,82.02000000,81.12000000,81.21000000,68527.31000000
1771495200000,81.20000000,81.82000000,80.91000000,81.53000000,97193.60000000
1771498800000,81.52000000,81.89000000,81.11000000,81.24000000,55410.35600000
1771502400000,81.24000000,81.31000000,80.68000000,80.79000000,95673.17400000
1771506000000,80.80000000,80.92000000,79.61000000,80.00000000,428616.61400000
1771509600000,80.00000000,81.32000000,79.95000000,80.78000000,225631.67000000
1771513200000,80.77000000,81.29000000,79.98000000,80.64000000,121161.85700000
1771516800000,80.63000000,80.96000000,79.92000000,80.79000000,176840.83600000
1771520400000,80.79000000,81.93000000,80.22000000,80.48000000,160582.56200000
1771524000000,80.47000000,82.05000000,80.39000000,81.98000000,113875.88600000
1771527600000,81.98000000,82.20000000,81.06000000,81.95000000,117870.54800000
1771531200000,81.94000000,82.37000000,81.68000000,82.10000000,140401.53100000
1771534800000,82.09000000,82.19000000,81.81000000,82.07000000,48858.06800000
1771538400000,82.07000000,82.53000000,81.91000000,82.34000000,105272.16600000
1771542000000,82.34000000,82.57000000,82.12000000,82.50000000,58047.52000000
1771545600000,82.50000000,83.54000000,82.33000000,82.90000000,120222.12000000
1771549200000,82.90000000,83.16000000,82.70000000,83.03000000,164324.48100000
1771552800000,83.04000000,83.35000000,82.82000000,82.92000000,78544.13000000
1771556400000,82.92000000,83.37000000,82.84000000,83.04000000,121485.01000000
1771560000000,83.05000000,83.11000000,82.38000000,82.69000000,59130.63900000
1771563600000,82.69000000,83.75000000,82.50000000,83.27000000,106205.74900000
1771567200000,83.27000000,83.74000000,83.14000000,83.71000000,125188.36400000
1771570800000,83.72000000,83.93000000,83.41000000,83.46000000,61790.61900000
1771574400000,83.45000000,83.81000000,83.30000000,83.66000000,57741.67300000
1771578000000,83.65000000,84.50000000,83.65000000,84.19000000,218567.79400000
1771581600000,84.19000000,84.84000000,84.04000000,84.09000000,161186.15400000
1771585200000,84.10000000,84.26000000,83.34000000,83.58000000,230463.51100000
1771588800000,83.58000000,84.03000000,83.29000000,83.72000000,175772.85600000
1771592400000,83.71000000,83.72000000,81.77000000,82.19000000,345576.13200000
1771596000000,82.19000000,83.39000000,82.12000000,83.07000000,218020.87100000
1771599600000,83.07000000,84.78000000,82.67000000,84.38000000,373753.23500000
1771603200000,84.38000000,84.96000000,83.75000000,84.51000000,218411.55000000
1771606800000,84.50000000,84.60000000,82.82000000,84.49000000,240346.92100000
1771610400000,84.48000000,85.49000000,83.97000000,85.24000000,256544.23900000
1771614000000,85.23000000,85.37000000,84.37000000,84.75000000,124453.49400000
1771617600000,84.75000000,85.23000000,84.42000000,84.62000000,67691.79200000
1771621200000,84.62000000,84.77000000,84.29000000,84.55000000,83245.86600000
1771624800000,84.55000000,84.77000000,84.12000000,84.59000000,80010.55700000
1771628400000,84.58000000,84.71000000,84.29000000,84.67000000,65879.00200000
1771632000000,84.68000000,84.76000000,84.34000000,84.43000000,54224.46700000
1771635600000,84.44000000,84.85000000,84.44000000,84.68000000,43081.38700000
1771639200000,84.68000000,85.03000000,84.54000000,84.82000000,40717.05100000
1771642800000,84.83000000,84.85000000,84.24000000,84.35000000,106811.64200000
1771646400000,84.35000000,84.50000000,84.14000000,84.40000000,58569.44300000
1771650000000,84.40000000,84.59000000,84.39000000,84.48000000,26824.47000000
1771653600000,84.48000000,84.78000000,84.04000000,84.12000000,60721.47100000
1771657200000,84.13000000,84.33000000,83.97000000,84.24000000,45089.60800000
1771660800000,84.24000000,84.74000000,84.19000000,84.73000000,51193.55700000
1771664400000,84.73000000,85.20000000,84.67000000,84.91000000,74651.13400000
1771668000000,84.91000000,85.27000000,84.90000000,85.15000000,65325.76600000
1771671600000,85.16000000,85.70000000,85.14000000,85.40000000,62719.66800000
1771675200000,85.40000000,85.54000000,85.00000000,85.32000000,75619.97900000
1771678800000,85.32000000,85.96000000,85.18000000,85.85000000,97581.64500000
1771682400000,85.85000000,86.66000000,85.62000000,86.30000000,258760.80800000
1771686000000,86.30000000,86.72000000,86.15000000,86.58000000,128168.87300000
1771689600000,86.59000000,86.68000000,85.88000000,86.13000000,107614.89600000
1771693200000,86.13000000,86.46000000,85.82000000,86.25000000,62599.48300000
1771696800000,86.24000000,86.72000000,86.18000000,86.56000000,65021.49500000
1771700400000,86.56000000,86.69000000,86.18000000,86.22000000,37929.42200000
1771704000000,86.21000000,86.21000000,85.27000000,85.48000000,103043.71500000
1771707600000,85.47000000,85.85000000,85.41000000,85.84000000,47752.84900000
1771711200000,85.83000000,85.90000000,85.38000000,85.46000000,54844.37000000
1771714800000,85.45000000,85.57000000,85.12000000,85.17000000,51881.66300000
1771718400000,85.17000000,85.22000000,84.76000000,85.08000000,74021.32000000
1771722000000,85.08000000,85.43000000,85.05000000,85.32000000,50854.01800000
1771725600000,85.32000000,85.60000000,84.86000000,84.96000000,126960.54700000
1771729200000,84.96000000,85.19000000,84.73000000,85.08000000,121751.36000000
1771732800000,85.08000000,85.35000000,84.97000000,85.17000000,27421.21200000
1771736400000,85.16000000,85.22000000,84.81000000,84.98000000,36922.67300000
1771740000000,84.99000000,85.34000000,84.95000000,85.31000000,43248.14200000
1771743600000,85.31000000,85.58000000,85.14000000,85.24000000,49244.19200000
1771747200000,85.25000000,85.26000000,84.87000000,84.97000000,36499.23500000
1771750800000,84.98000000,85.19000000,84.95000000,85.04000000,50156.97500000
1771754400000,85.04000000,85.32000000,85.00000000,85.21000000,46454.16800000
1771758000000,85.21000000,85.47000000,85.18000000,85.27000000,56709.87500000
1771761600000,85.28000000,85.33000000,84.34000000,84.47000000,109332.48900000
1771765200000,84.47000000,84.63000000,83.71000000,83.98000000,137453.22900000
1771768800000,83.99000000,84.07000000,83.39000000,83.66000000,84243.60700000
1771772400000,83.66000000,83.72000000,82.98000000,83.50000000,274557.20100000
1771776000000,83.49000000,83.63000000,83.20000000,83.58000000,40111.69900000
1771779600000,83.58000000,83.60000000,82.82000000,83.06000000,108378.92100000
1771783200000,83.06000000,83.29000000,82.96000000,83.22000000,35315.09800000
1771786800000,83.22000000,83.42000000,83.03000000,83.30000000,22299.87200000
1771790400000,83.30000000,83.38000000,82.94000000,83.03000000,40025.13000000
1771794000000,83.03000000,83.58000000,83.03000000,83.50000000,41429.27100000
1771797600000,83.50000000,83.71000000,83.09000000,83.57000000,53500.64300000
1771801200000,83.58000000,83.66000000,82.48000000,82.79000000,131961.71900000
1771804800000,82.80000000,82.85000000,81.32000000,81.37000000,118857.60100000
1771808400000,81.37000000,81.38000000,77.49000000,77.98000000,877081.55800000
1771812000000,77.97000000,78.44000000,77.55000000,77.87000000,275282.92600000
1771815600000,77.87000000,78.32000000,77.28000000,77.66000000,261219.91500000
1771819200000,77.66000000,77.74000000,77.15000000,77.39000000,165695.46000000
1771822800000,77.39000000,78.08000000,77.34000000,77.85000000,156622.61500000
1771826400000,77.84000000,79.18000000,77.70000000,79.09000000,308057.09400000
1771830000000,79.09000000,79.69000000,78.92000000,79.40000000,151879.31800000
1771833600000,79.40000000,79.40000000,78.53000000,78.78000000,158251.19600000
1771837200000,78.79000000,80.54000000,78.79000000,80.46000000,204511.43300000
1771840800000,80.47000000,80.69000000,80.09000000,80.27000000,108150.19800000
1771844400000,80.26000000,80.55000000,79.97000000,80.05000000,94455.40400000
1771848000000,80.06000000,80.96000000,79.86000000,80.71000000,186479.24600000
1771851600000,80.72000000,81.13000000,80.43000000,80.54000000,263670.21200000
1771855200000,80.55000000,80.81000000,79.43000000,80.14000000,157576.13500000
1771858800000,80.14000000,80.34000000,79.20000000,79.40000000,181946.58900000
1771862400000,79.39000000,79.80000000,78.60000000,78.97000000,417556.72500000
1771866000000,78.97000000,79.15000000,77.27000000,78.31000000,243290.42200000
1771869600000,78.32000000,79.30000000,78.04000000,78.62000000,196182.93600000
1771873200000,78.63000000,78.92000000,77.98000000,78.29000000,172762.06200000
1771876800000,78.28000000,78.54000000,77.85000000,78.31000000,145213.10000000
1771880400000,78.30000000,78.73000000,78.18000000,78.38000000,113102.33800000
1771884000000,78.38000000,78.92000000,78.25000000,78.26000000,99015.32200000
1771887600000,78.26000000,78.54000000,77.63000000,77.90000000,106513.57800000
1771891200000,77.91000000,78.53000000,77.90000000,78.46000000,75549.48000000
1771894800000,78.45000000,78.46000000,75.74000000,77.67000000,402712.06500000
1771898400000,77.67000000,78.43000000,77.52000000,77.64000000,134695.41400000
1771902000000,77.63000000,77.63000000,76.47000000,76.87000000,190723.34200000
1771905600000,76.88000000,77.07000000,76.11000000,76.86000000,152910.21800000
1771909200000,76.86000000,77.36000000,76.22000000,76.64000000,183187.83200000
1771912800000,76.63000000,76.94000000,76.38000000,76.58000000,127034.99100000
1771916400000,76.59000000,77.22000000,76.50000000,76.84000000,176682.17900000
1771920000000,76.85000000,77.20000000,76.50000000,77.03000000,102429.07800000
1771923600000,77.04000000,77.14000000,76.00000000,76.65000000,116458.46700000
1771927200000,76.65000000,76.83000000,76.41000000,76.74000000,62757.10100000
1771930800000,76.75000000,76.92000000,76.49000000,76.77000000,68421.69100000
1771934400000,76.78000000,77.05000000,76.51000000,76.59000000,72628.49600000
1771938000000,76.60000000,76.80000000,76.02000000,76.55000000,117798.60800000
1771941600000,76.56000000,77.42000000,75.63000000,76.86000000,345026.30600000
1771945200000,76.87000000,77.49000000,76.59000000,77.30000000,203358.61900000
1771948800000,77.30000000,78.25000000,77.23000000,78.13000000,208260.23800000
1771952400000,78.13000000,78.50000000,77.80000000,77.98000000,146597.85600000
1771956000000,77.97000000,78.34000000,77.56000000,78.20000000,96135.90000000
1771959600000,78.20000000,78.51000000,77.89000000,78.38000000,104446.05900000
1771963200000,78.38000000,78.90000000,78.32000000,78.67000000,105886.49900000
1771966800000,78.66000000,78.73000000,78.12000000,78.55000000,95993.79400000
1771970400000,78.54000000,79.37000000,78.44000000,79.08000000,81885.52400000
1771974000000,79.08000000,79.62000000,78.66000000,78.99000000,221248.61900000
1771977600000,78.99000000,79.44000000,78.73000000,79.21000000,81825.94800000
1771981200000,79.20000000,82.57000000,79.11000000,82.00000000,508122.84600000
1771984800000,81.99000000,82.99000000,81.98000000,82.45000000,273959.20700000
1771988400000,82.46000000,82.58000000,81.61000000,81.75000000,143345.96600000
1771992000000,81.75000000,82.43000000,81.28000000,81.96000000,140884.68500000
1771995600000,81.96000000,82.17000000,80.98000000,81.30000000,172951.11200000
1771999200000,81.31000000,81.90000000,81.16000000,81.57000000,74149.87600000
1772002800000,81.58000000,82.41000000,81.49000000,82.19000000,134320.15100000
1772006400000,82.19000000,82.57000000,81.93000000,82.48000000,96711.43900000
1772010000000,82.48000000,82.70000000,82.22000000,82.54000000,108511.32100000
1772013600000,82.55000000,82.95000000,82.45000000,82.55000000,93382.46500000
1772017200000,82.55000000,83.42000000,82.32000000,83.39000000,132189.72500000
1772020800000,83.38000000,84.09000000,82.89000000,83.68000000,254791.35800000
1772024400000,83.68000000,84.44000000,83.40000000,83.82000000,199589.36700000
1772028000000,83.83000000,85.80000000,83.80000000,85.64000000,388123.50300000
1772031600000,85.63000000,86.46000000,85.02000000,85.98000000,409010.45100000
1772035200000,85.98000000,87.69000000,85.97000000,87.55000000,365316.53800000
1772038800000,87.54000000,88.94000000,87.39000000,88.56000000,356176.32500000
1772042400000,88.55000000,89.18000000,88.00000000,88.94000000,223810.27200000
1772046000000,88.94000000,89.65000000,88.35000000,89.43000000,216061.21300000
1772049600000,89.43000000,90.13000000,88.97000000,89.39000000,241956.27600000
1772053200000,89.38000000,92.10000000,89.37000000,89.85000000,414949.23900000
1772056800000,89.85000000,90.53000000,88.38000000,89.10000000,299198.28500000
1772060400000,89.09000000,89.34000000,87.07000000,88.06000000,303411.84700000
1772064000000,88.05000000,89.27000000,87.84000000,88.58000000,409326.29300000
1772067600000,88.59000000,89.15000000,88.21000000,88.42000000,134611.58200000
1772071200000,88.42000000,88.49000000,87.53000000,88.20000000,187611.20700000
1772074800000,88.20000000,88.37000000,87.78000000,87.95000000,77647.58400000
1772078400000,87.95000000,89.05000000,87.84000000,88.74000000,83438.19600000
1772082000000,88.74000000,88.74000000,87.22000000,87.76000000,136348.94000000
1772085600000,87.76000000,88.01000000,87.32000000,87.65000000,123465.51200000
1772089200000,87.65000000,87.89000000,87.23000000,87.24000000,117610.30200000
1772092800000,87.24000000,87.90000000,87.24000000,87.31000000,104405.50300000
1772096400000,87.30000000,88.71000000,87.22000000,88.32000000,130757.49900000
1772100000000,88.32000000,88.58000000,87.29000000,87.48000000,96781.64700000
1772103600000,87.48000000,87.63000000,86.60000000,86.82000000,134433.79100000
1772107200000,86.82000000,87.78000000,86.72000000,87.70000000,67291.05400000
1772110800000,87.70000000,88.08000000,87.49000000,87.62000000,80425.65400000
1772114400000,87.63000000,88.26000000,86.27000000,87.02000000,191870.58400000
1772118000000,87.01000000,87.10000000,85.27000000,86.56000000,282371.45000000
1772121600000,86.57000000,86.75000000,84.34000000,84.58000000,306813.07500000
1772125200000,84.58000000,85.35000000,84.51000000,84.90000000,144632.11000000
1772128800000,84.91000000,85.70000000,84.47000000,85.38000000,136890.16300000
1772132400000,85.38000000,86.68000000,85.34000000,86.47000000,148984.54200000
1772136000000,86.47000000,86.87000000,85.85000000,86.03000000,87967.31500000
1772139600000,86.02000000,86.29000000,85.73000000,85.94000000,65844.67000000
1772143200000,85.94000000,86.39000000,85.80000000,86.15000000,59388.16500000
1772146800000,86.14000000,86.15000000,85.77000000,85.91000000,47974.14100000
1772150400000,85.91000000,86.04000000,85.19000000,85.83000000,65899.92700000
1772154000000,85.83000000,86.15000000,85.30000000,86.15000000,104956.58400000
1772157600000,86.14000000,86.79000000,85.94000000,86.58000000,68245.15600000
1772161200000,86.58000000,87.82000000,86.35000000,87.63000000,92454.35200000
1772164800000,87.63000000,88.29000000,87.48000000,87.56000000,136999.50400000
1772168400000,87.55000000,87.86000000,87.40000000,87.54000000,50002.72500000
1772172000000,87.54000000,87.62000000,86.85000000,87.34000000,76062.05400000
1772175600000,87.34000000,87.43000000,86.81000000,87.31000000,108590.58000000
1772179200000,87.31000000,87.93000000,87.22000000,87.57000000,100570.28200000
1772182800000,87.58000000,87.82000000,86.23000000,86.33000000,127986.34800000
1772186400000,86.33000000,86.49000000,84.57000000,84.71000000,190310.66200000
1772190000000,84.71000000,84.96000000,83.35000000,83.59000000,212959.42100000
1772193600000,83.59000000,83.76000000,82.66000000,83.12000000,182726.45000000
1772197200000,83.12000000,83.57000000,81.95000000,83.08000000,262527.38900000
1772200800000,83.07000000,83.36000000,82.09000000,82.39000000,233201.88100000
1772204400000,82.38000000,83.07000000,82.31000000,82.70000000,239090.63100000
1772208000000,82.70000000,82.70000000,81.32000000,81.37000000,182220.41700000
1772211600000,81.37000000,81.90000000,81.11000000,81.84000000,230896.95300000
1772215200000,81.84000000,82.03000000,81.39000000,81.48000000,181403.45300000
1772218800000,81.48000000,81.72000000,81.13000000,81.57000000,61047.86700000
1772222400000,81.57000000,81.87000000,81.22000000,81.45000000,106110.48600000
1772226000000,81.45000000,81.82000000,80.84000000,81.20000000,103580.31500000
1772229600000,81.20000000,81.60000000,80.32000000,81.43000000,160408.13800000
1772233200000,81.43000000,82.11000000,81.35000000,81.85000000,92247.78400000
1772236800000,81.84000000,82.16000000,81.59000000,82.12000000,68148.67700000
1772240400000,82.12000000,82.27000000,81.73000000,81.78000000,52634.38400000
1772244000000,81.78000000,82.20000000,81.71000000,82.15000000,36102.89300000
1772247600000,82.15000000,82.15000000,81.55000000,81.74000000,38633.49700000
1772251200000,81.75000000,81.90000000,81.21000000,81.65000000,40144.02600000
1772254800000,81.65000000,81.82000000,81.29000000,81.56000000,30561.61400000
1772258400000,81.56000000,81.56000000,77.12000000,77.56000000,626752.90500000
1772262000000,77.56000000,79.62000000,77.14000000,78.71000000,461506.48900000
1772265600000,78.70000000,78.72000000,77.85000000,78.02000000,175889.23100000
1772269200000,78.01000000,78.73000000,77.74000000,78.42000000,290911.83600000
1772272800000,78.41000000,79.18000000,77.96000000,79.12000000,374608.34000000
1772276400000,79.11000000,79.60000000,78.67000000,78.78000000,234808.29300000
1772280000000,78.78000000,79.22000000,78.59000000,78.94000000,131033.76200000
1772283600000,78.94000000,80.98000000,78.69000000,80.81000000,325755.48100000
1772287200000,80.82000000,81.51000000,80.05000000,80.25000000,343475.82500000
1772290800000,80.25000000,81.11000000,79.62000000,80.92000000,171771.59500000
1772294400000,80.91000000,81.33000000,80.50000000,81.07000000,95032.19100000
1772298000000,81.08000000,81.53000000,80.58000000,81.38000000,119024.38500000
1772301600000,81.38000000,82.91000000,81.10000000,82.36000000,212809.74300000
1772305200000,82.35000000,82.80000000,81.45000000,82.21000000,185306.01600000
1772308800000,82.22000000,85.05000000,81.97000000,84.88000000,292696.55100000
1772312400000,84.89000000,85.05000000,83.58000000,84.49000000,178900.72900000
1772316000000,84.49000000,85.65000000,84.25000000,84.29000000,164278.47000000
1772319600000,84.29000000,84.74000000,83.92000000,84.35000000,86912.94600000
1772323200000,84.35000000,85.01000000,84.32000000,84.87000000,131648.77500000
1772326800000,84.88000000,87.50000000,84.25000000,86.75000000,337432.97300000
1772330400000,86.75000000,88.90000000,86.75000000,87.97000000,586949.09100000
1772334000000,87.96000000,88.33000000,87.63000000,88.02000000,187261.09900000
1772337600000,88.02000000,88.26000000,86.87000000,87.55000000,222644.87500000
1772341200000,87.55000000,88.03000000,87.21000000,87.26000000,99836.25200000
1772344800000,87.26000000,87.38000000,86.16000000,86.66000000,174048.69400000
1772348400000,86.67000000,86.89000000,86.30000000,86.63000000,81091.31000000
1772352000000,86.63000000,86.83000000,85.07000000,85.22000000,189397.69600000
1772355600000,85.22000000,85.86000000,84.81000000,85.00000000,202618.01200000
1772359200000,85.00000000,85.66000000,84.71000000,85.23000000,116787.12900000
1772362800000,85.23000000,85.53000000,84.97000000,85.18000000,54598.69100000
1772366400000,85.18000000,85.40000000,84.76000000,84.88000000,84942.17300000
1772370000000,84.87000000,86.98000000,84.51000000,86.08000000,236226.07300000
1772373600000,86.09000000,86.89000000,85.44000000,85.80000000,189323.05500000
1772377200000,85.80000000,86.68000000,85.62000000,85.67000000,137064.71400000
1772380800000,85.67000000,86.10000000,83.71000000,84.00000000,247189.80400000
1772384400000,83.99000000,84.29000000,83.18000000,83.90000000,214598.99200000
1772388000000,83.89000000,85.00000000,83.86000000,83.92000000,144492.13100000
1772391600000,83.93000000,84.03000000,83.03000000,83.23000000,116905.64200000
1772395200000,83.23000000,83.27000000,81.69000000,81.98000000,220988.57100000
1772398800000,81.98000000,83.03000000,81.92000000,82.94000000,101983.63200000
1772402400000,82.93000000,84.12000000,82.38000000,82.73000000,224264.94800000
1772406000000,82.72000000,84.08000000,82.50000000,83.60000000,132899.89000000
1772409600000,83.61000000,85.24000000,83.48000000,85.00000000,159855.13200000
1772413200000,85.00000000,86.18000000,84.41000000,84.61000000,207437.53300000
1772416800000,84.62000000,84.77000000,83.46000000,84.15000000,151023.46400000
1772420400000,84.15000000,85.12000000,83.85000000,84.78000000,136473.16100000
1772424000000,84.78000000,84.84000000,84.10000000,84.30000000,95021.35600000
1772427600000,84.31000000,84.70000000,83.81000000,84.23000000,100723.25800000
1772431200000,84.23000000,84.26000000,82.88000000,83.26000000,138586.89500000
1772434800000,83.26000000,83.30000000,82.38000000,82.95000000,156151.54700000
1772438400000,82.96000000,83.63000000,82.37000000,83.46000000,160168.71100000
1772442000000,83.45000000,84.12000000,83.33000000,83.64000000,184039.55800000
1772445600000,83.63000000,84.10000000,83.36000000,83.89000000,98182.33000000
1772449200000,83.89000000,84.29000000,83.46000000,83.89000000,138037.01300000
1772452800000,83.88000000,84.15000000,83.57000000,83.70000000,74341.23200000
1772456400000,83.70000000,83.85000000,82.92000000,83.08000000,137730.45700000
1772460000000,83.07000000,85.97000000,82.78000000,85.68000000,386730.96700000
1772463600000,85.67000000,88.98000000,85.48000000,88.77000000,923932.63900000
1772467200000,88.77000000,90.29000000,88.47000000,88.85000000,546975.72700000
1772470800000,88.84000000,88.99000000,86.39000000,87.61000000,331947.69300000
1772474400000,87.61000000,87.84000000,86.69000000,87.31000000,165832.48200000
1772478000000,87.31000000,87.82000000,86.82000000,87.65000000,178587.24200000
1772481600000,87.65000000,88.08000000,86.85000000,87.57000000,200371.47000000
1772485200000,87.58000000,87.73000000,87.15000000,87.54000000,128267.28200000
1772488800000,87.55000000,88.25000000,87.26000000,88.04000000,126832.47100000
1772492400000,88.03000000,88.09000000,86.35000000,86.64000000,196183.64000000
1772496000000,86.65000000,87.32000000,86.11000000,86.92000000,202803.75100000
1772499600000,86.91000000,87.18000000,86.16000000,86.17000000,107777.62000000
1772503200000,86.16000000,86.35000000,85.23000000,86.21000000,162023.91300000
1772506800000,86.21000000,86.63000000,85.92000000,86.31000000,63650.22600000
1772510400000,86.31000000,86.46000000,85.65000000,85.85000000,52045.27900000
1772514000000,85.84000000,86.82000000,85.38000000,85.80000000,128715.14200000
1772517600000,85.79000000,85.98000000,85.40000000,85.85000000,73478.09200000
1772521200000,85.85000000,86.30000000,85.40000000,85.58000000,85726.16200000
1772524800000,85.58000000,85.77000000,83.94000000,84.26000000,224449.60600000
1772528400000,84.26000000,84.99000000,84.02000000,84.31000000,169353.49100000
1772532000000,84.30000000,84.57000000,83.70000000,83.92000000,180132.30600000
1772535600000,83.92000000,84.37000000,83.78000000,84.21000000,173454.71000000
1772539200000,84.22000000,85.37000000,84.14000000,84.42000000,228272.59500000
1772542800000,84.43000000,84.48000000,83.19000000,83.63000000,148695.54600000
1772546400000,83.63000000,84.43000000,82.50000000,83.24000000,259349.64400000
1772550000000,83.24000000,85.17000000,83.04000000,85.04000000,270866.79200000
1772553600000,85.03000000,87.34000000,84.33000000,85.40000000,485838.64300000
1772557200000,85.40000000,85.47000000,84.15000000,85.18000000,209767.16600000
1772560800000,85.18000000,86.02000000,84.52000000,85.38000000,160362.76800000
1772564400000,85.38000000,85.76000000,84.66000000,85.08000000,162181.14300000
1772568000000,85.08000000,85.46000000,84.66000000,84.85000000,99547.36400000
1772571600000,84.85000000,85.18000000,84.17000000,85.12000000,94412.00000000
1772575200000,85.13000000,86.65000000,85.11000000,86.29000000,137630.84500000
1772578800000,86.28000000,87.46000000,86.18000000,86.97000000,256207.94100000
1772582400000,86.98000000,87.40000000,86.28000000,86.62000000,141520.32900000
1772586000000,86.62000000,88.08000000,86.49000000,87.26000000,248158.75500000
1772589600000,87.26000000,87.48000000,86.55000000,87.08000000,139814.00800000
1772593200000,87.07000000,87.08000000,85.18000000,85.77000000,199966.81000000
1772596800000,85.77000000,85.91000000,84.82000000,85.41000000,126615.70600000
1772600400000,85.40000000,85.97000000,84.78000000,85.68000000,189207.73500000
1772604000000,85.67000000,86.04000000,84.97000000,85.60000000,172474.98200000
1772607600000,85.61000000,87.52000000,85.49000000,87.43000000,168460.77300000
1772611200000,87.43000000,89.91000000,86.98000000,89.71000000,412975.66200000
1772614800000,89.71000000,91.48000000,89.22000000,90.53000000,630772.45100000
1772618400000,90.53000000,91.05000000,89.88000000,90.15000000,396349.56300000
1772622000000,90.16000000,90.64000000,89.41000000,89.76000000,240759.07200000
1772625600000,89.76000000,89.87000000,88.69000000,89.42000000,188477.56600000
1772629200000,89.43000000,90.17000000,89.31000000,89.99000000,228405.65500000
1772632800000,90.00000000,91.76000000,89.46000000,90.19000000,462161.59400000
1772636400000,90.18000000,93.12000000,90.15000000,92.94000000,628004.22700000
1772640000000,92.94000000,93.15000000,90.96000000,91.55000000,347104.65600000
1772643600000,91.56000000,92.24000000,90.66000000,91.54000000,242675.04400000
1772647200000,91.55000000,92.49000000,91.12000000,92.38000000,117698.45900000
1772650800000,92.38000000,94.05000000,92.30000000,93.19000000,351495.31400000
1772654400000,93.19000000,93.76000000,92.77000000,92.87000000,200947.40000000
1772658000000,92.87000000,92.97000000,92.15000000,92.34000000,141280.84200000
1772661600000,92.35000000,92.86000000,91.17000000,91.33000000,140163.77400000
1772665200000,91.33000000,91.44000000,90.29000000,90.85000000,214441.00600000
1772668800000,90.86000000,91.40000000,90.73000000,90.79000000,100752.64800000
1772672400000,90.79000000,91.42000000,89.74000000,89.98000000,234979.46800000
1772676000000,89.98000000,90.68000000,89.97000000,90.20000000,103989.01000000
1772679600000,90.20000000,90.54000000,89.61000000,90.03000000,107327.88200000
1772683200000,90.03000000,90.74000000,89.90000000,90.40000000,106178.89500000
1772686800000,90.40000000,90.64000000,90.03000000,90.18000000,76263.79800000
1772690400000,90.18000000,91.01000000,89.70000000,90.87000000,99631.29900000
1772694000000,90.88000000,91.32000000,89.71000000,90.16000000,121442.56300000
1772697600000,90.16000000,90.71000000,89.66000000,90.64000000,168240.97000000
1772701200000,90.64000000,91.94000000,90.60000000,91.18000000,215547.40300000
1772704800000,91.19000000,92.96000000,91.00000000,92.65000000,171459.68900000
1772708400000,92.64000000,92.77000000,91.65000000,91.84000000,149295.80600000
1772712000000,91.84000000,92.22000000,91.31000000,91.98000000,148899.46400000
1772715600000,91.99000000,92.07000000,90.41000000,90.84000000,243753.03700000
1772719200000,90.84000000,91.49000000,89.82000000,91.02000000,266760.24300000
1772722800000,91.01000000,91.16000000,88.80000000,89.62000000,370120.94000000
1772726400000,89.61000000,89.63000000,87.92000000,88.97000000,312745.37000000
1772730000000,88.96000000,89.41000000,87.91000000,88.12000000,202486.14200000
1772733600000,88.11000000,88.89000000,88.00000000,88.80000000,118414.14000000
1772737200000,88.80000000,89.39000000,88.66000000,88.73000000,113380.72900000
1772740800000,88.72000000,89.57000000,88.54000000,89.21000000,103317.34700000
1772744400000,89.20000000,89.85000000,88.87000000,89.11000000,88161.86000000
1772748000000,89.12000000,89.41000000,88.86000000,89.09000000,64208.27300000
1772751600000,89.10000000,89.20000000,88.62000000,88.77000000,66353.63200000
1772755200000,88.78000000,89.04000000,88.58000000,88.86000000,41864.32900000
1772758800000,88.86000000,89.27000000,88.02000000,89.13000000,127345.12800000
1772762400000,89.13000000,89.31000000,88.21000000,88.38000000,169714.23900000
1772766000000,88.38000000,88.71000000,88.14000000,88.41000000,85403.01400000
1772769600000,88.40000000,88.59000000,87.67000000,88.15000000,72672.29200000
1772773200000,88.16000000,88.26000000,87.51000000,87.90000000,89306.88800000
1772776800000,87.89000000,88.44000000,87.67000000,88.09000000,63691.06600000
1772780400000,88.09000000,88.92000000,87.80000000,88.70000000,79969.97700000
1772784000000,88.70000000,88.70000000,88.20000000,88.35000000,63024.98600000
1772787600000,88.36000000,88.49000000,87.17000000,87.50000000,151587.21000000
1772791200000,87.50000000,87.96000000,87.41000000,87.71000000,74854.88000000
1772794800000,87.70000000,88.00000000,87.10000000,87.26000000,72603.40000000
1772798400000,87.25000000,87.27000000,85.90000000,86.47000000,228893.86600000
1772802000000,86.47000000,87.10000000,85.50000000,85.59000000,312423.08900000
1772805600000,85.59000000,85.75000000,83.96000000,84.34000000,437630.09100000
1772809200000,84.34000000,85.33000000,84.20000000,84.65000000,239442.02200000
1772812800000,84.65000000,85.02000000,84.10000000,84.36000000,135800.05400000
1772816400000,84.36000000,84.69000000,83.64000000,84.21000000,213817.73000000
1772820000000,84.21000000,85.63000000,84.18000000,85.28000000,146510.45300000
1772823600000,85.27000000,85.90000000,85.15000000,85.21000000,86020.06800000
1772827200000,85.21000000,85.47000000,84.56000000,85.01000000,94338.92500000
1772830800000,85.00000000,85.11000000,84.44000000,84.72000000,54803.48300000
1772834400000,84.73000000,85.06000000,84.54000000,84.96000000,44413.76500000
1772838000000,84.97000000,85.04000000,84.63000000,84.70000000,49193.68700000
1772841600000,84.69000000,85.07000000,84.52000000,84.75000000,56964.65400000
1772845200000,84.75000000,84.89000000,84.59000000,84.71000000,49953.60900000
1772848800000,84.71000000,84.74000000,84.32000000,84.65000000,55038.47000000
1772852400000,84.66000000,85.07000000,84.35000000,84.52000000,65250.12100000
1772856000000,84.53000000,84.56000000,84.00000000,84.27000000,68614.36000000
1772859600000,84.27000000,84.50000000,84.09000000,84.34000000,37816.81600000
1772863200000,84.34000000,84.34000000,83.90000000,84.03000000,55763.87700000
1772866800000,84.04000000,84.49000000,83.90000000,84.32000000,71808.80600000
1772870400000,84.33000000,84.66000000,84.12000000,84.37000000,69394.13700000
1772874000000,84.36000000,84.69000000,84.21000000,84.58000000,35107.13500000
1772877600000,84.57000000,84.76000000,84.41000000,84.50000000,37536.79500000
1772881200000,84.50000000,84.91000000,84.26000000,84.66000000,71018.17000000
1772884800000,84.66000000,84.78000000,84.28000000,84.30000000,40233.17300000
1772888400000,84.30000000,84.55000000,84.13000000,84.31000000,45427.01400000
1772892000000,84.30000000,84.42000000,83.67000000,84.23000000,93764.71200000
1772895600000,84.23000000,84.23000000,83.42000000,83.75000000,93366.76000000
1772899200000,83.75000000,83.80000000,83.50000000,83.59000000,53769.92000000
1772902800000,83.59000000,84.08000000,83.56000000,83.61000000,56510.73300000
1772906400000,83.62000000,83.63000000,83.01000000,83.38000000,63067.12800000
1772910000000,83.39000000,83.39000000,82.28000000,82.53000000,189520.72200000
1772913600000,82.52000000,83.13000000,82.51000000,83.02000000,52748.95300000
1772917200000,83.03000000,83.30000000,82.89000000,83.28000000,39410.38800000
1772920800000,83.28000000,83.32000000,82.66000000,82.98000000,40735.66800000
1772924400000,82.99000000,83.26000000,82.93000000,83.22000000,22459.60000000
1772928000000,83.22000000,83.49000000,82.93000000,83.06000000,50570.39200000
1772931600000,83.07000000,83.22000000,82.70000000,82.98000000,46972.02100000
1772935200000,82.97000000,83.10000000,82.11000000,82.39000000,85729.66200000
1772938800000,82.40000000,82.75000000,82.27000000,82.34000000,73458.71600000
1772942400000,82.34000000,82.56000000,81.74000000,81.97000000,77784.72200000
1772946000000,81.97000000,82.79000000,81.94000000,82.50000000,48694.47000000
1772949600000,82.50000000,82.61000000,82.27000000,82.45000000,36024.00400000
1772953200000,82.46000000,83.10000000,82.40000000,82.95000000,100258.78800000
1772956800000,82.95000000,83.12000000,82.51000000,83.10000000,52426.94000000
1772960400000,83.10000000,83.39000000,82.78000000,83.17000000,86398.00900000
1772964000000,83.16000000,84.13000000,83.16000000,83.67000000,112462.16200000
1772967600000,83.66000000,83.66000000,82.64000000,82.81000000,88942.84300000
1772971200000,82.81000000,83.01000000,81.61000000,82.31000000,158953.22300000
1772974800000,82.32000000,82.47000000,81.18000000,82.08000000,172664.23400000
1772978400000,82.09000000,82.37000000,81.95000000,82.32000000,54763.25300000
1772982000000,82.31000000,82.41000000,81.83000000,82.06000000,58026.40800000
1772985600000,82.06000000,82.17000000,81.36000000,81.52000000,71633.84200000
1772989200000,81.53000000,82.00000000,81.38000000,81.69000000,52595.73400000
1772992800000,81.69000000,81.80000000,81.31000000,81.60000000,37246.07300000
1772996400000,81.60000000,82.65000000,81.50000000,82.49000000,81555.49300000
1773000000000,82.48000000,82.96000000,82.11000000,82.33000000,62872.96500000
1773003600000,82.34000000,82.44000000,81.71000000,82.25000000,57079.30500000
1773007200000,82.26000000,82.51000000,80.26000000,81.99000000,326683.31200000
1773010800000,81.99000000,82.44000000,81.48000000,81.59000000,109169.11600000
1773014400000,81.60000000,83.29000000,81.54000000,82.35000000,129493.98900000
1773018000000,82.35000000,82.90000000,81.86000000,82.10000000,129359.92400000
1773021600000,82.11000000,82.93000000,81.65000000,82.67000000,112144.38900000
1773025200000,82.67000000,84.50000000,82.62000000,83.16000000,217327.04200000
1773028800000,83.16000000,83.89000000,83.09000000,83.19000000,97069.20000000
1773032400000,83.20000000,84.61000000,83.13000000,84.27000000,176351.98700000
1773036000000,84.28000000,84.31000000,83.10000000,83.13000000,85824.20600000
1773039600000,83.13000000,83.30000000,82.33000000,83.18000000,111173.41300000
1773043200000,83.18000000,83.86000000,82.94000000,83.73000000,93188.37500000
1773046800000,83.73000000,84.60000000,83.32000000,84.05000000,193765.65800000
1773050400000,84.05000000,84.26000000,83.49000000,83.75000000,147705.72000000
1773054000000,83.75000000,83.93000000,83.12000000,83.59000000,67034.30100000
1773057600000,83.58000000,84.22000000,83.41000000,84.00000000,96561.37000000
1773061200000,84.01000000,85.75000000,83.98000000,85.16000000,299402.24800000
1773064800000,85.15000000,85.71000000,84.56000000,85.30000000,235679.21600000
1773068400000,85.30000000,85.45000000,84.62000000,85.05000000,108533.49000000
1773072000000,85.05000000,85.63000000,84.70000000,85.14000000,115404.62000000
1773075600000,85.14000000,85.42000000,84.26000000,85.09000000,132680.56100000
1773079200000,85.09000000,85.58000000,84.48000000,85.19000000,166065.75200000
1773082800000,85.18000000,87.06000000,85.07000000,85.97000000,312517.04200000
1773086400000,85.97000000,86.18000000,85.28000000,85.81000000,108352.27900000
1773090000000,85.80000000,86.36000000,85.69000000,86.00000000,97905.62200000
1773093600000,86.01000000,86.30000000,85.59000000,85.74000000,167508.30600000
1773097200000,85.73000000,86.02000000,84.84000000,84.96000000,193008.57900000
1773100800000,84.95000000,85.96000000,84.83000000,85.57000000,116446.23400000
1773104400000,85.56000000,85.97000000,85.11000000,85.74000000,76889.23300000
1773108000000,85.73000000,86.91000000,85.46000000,86.62000000,175054.95000000
1773111600000,86.62000000,86.75000000,85.50000000,85.55000000,168758.23900000
1773115200000,85.56000000,86.65000000,85.41000000,86.54000000,105860.26500000
1773118800000,86.54000000,86.99000000,86.34000000,86.40000000,117416.60900000
1773122400000,86.41000000,86.69000000,85.99000000,86.35000000,74998.15000000
1773126000000,86.36000000,86.90000000,86.20000000,86.70000000,172974.50900000
1773129600000,86.71000000,87.43000000,86.58000000,86.71000000,193604.09800000
1773133200000,86.71000000,87.48000000,86.64000000,87.24000000,141536.36600000
1773136800000,87.23000000,87.67000000,86.80000000,87.09000000,108806.99300000
1773140400000,87.10000000,87.20000000,86.62000000,86.79000000,88893.35200000
1773144000000,86.80000000,86.86000000,86.29000000,86.70000000,85702.79400000
1773147600000,86.70000000,87.30000000,85.75000000,86.08000000,189494.75600000
1773151200000,86.09000000,88.23000000,84.91000000,88.10000000,432043.45600000
1773154800000,88.10000000,88.61000000,87.26000000,88.33000000,279778.80700000
1773158400000,88.34000000,88.70000000,87.65000000,88.39000000,201728.70800000
1773162000000,88.39000000,88.80000000,87.63000000,87.94000000,136159.12200000
1773165600000,87.94000000,88.00000000,86.10000000,86.25000000,226753.45300000
1773169200000,86.25000000,86.46000000,85.66000000,86.02000000,138125.91500000
1773172800000,86.01000000,86.40000000,85.94000000,86.24000000,79585.12300000
1773176400000,86.24000000,86.44000000,85.25000000,85.71000000,125270.05100000
1773180000000,85.70000000,85.84000000,85.01000000,85.53000000,138552.29900000
1773183600000,85.52000000,85.89000000,85.35000000,85.88000000,69461.65200000
1773187200000,85.88000000,86.24000000,85.59000000,86.01000000,102258.22200000
1773190800000,86.02000000,86.28000000,85.66000000,86.09000000,59592.89100000
1773194400000,86.09000000,86.21000000,85.48000000,85.92000000,75527.39800000
1773198000000,85.92000000,86.18000000,85.53000000,85.63000000,48879.48000000
1773201600000,85.63000000,86.84000000,85.49000000,86.72000000,107119.15300000
1773205200000,86.71000000,86.88000000,85.60000000,85.72000000,132761.61900000
1773208800000,85.72000000,86.17000000,85.66000000,86.02000000,63478.70900000
1773212400000,86.03000000,86.15000000,85.14000000,85.45000000,72691.01700000
1773216000000,85.44000000,85.61000000,85.09000000,85.50000000,93396.32100000
1773219600000,85.49000000,85.60000000,84.72000000,84.88000000,88856.51100000
1773223200000,84.88000000,85.53000000,84.84000000,85.25000000,71848.52900000
1773226800000,85.25000000,85.32000000,84.39000000,84.55000000,149408.53500000
1773230400000,84.54000000,85.72000000,84.36000000,85.20000000,153299.06100000
1773234000000,85.20000000,87.40000000,85.12000000,85.98000000,400330.80400000
1773237600000,85.97000000,87.20000000,85.75000000,86.53000000,262382.48300000
1773241200000,86.54000000,86.65000000,84.57000000,85.40000000,181137.70400000
1773244800000,85.41000000,86.59000000,85.30000000,86.44000000,123270.96800000
1773248400000,86.45000000,87.84000000,86.44000000,87.27000000,286565.24800000
1773252000000,87.26000000,88.09000000,87.15000000,87.81000000,258288.11800000
1773255600000,87.82000000,87.86000000,87.02000000,87.29000000,164934.03100000
1773259200000,87.28000000,87.43000000,87.01000000,87.29000000,66407.71500000
1773262800000,87.28000000,87.61000000,87.14000000,87.52000000,69125.11300000
1773266400000,87.53000000,87.94000000,86.84000000,87.05000000,79215.46600000
1773270000000,87.04000000,87.22000000,86.46000000,86.58000000,71400.64300000
1773273600000,86.58000000,86.78000000,86.37000000,86.68000000,44398.30900000
1773277200000,86.68000000,86.71000000,85.95000000,86.05000000,77895.52200000
1773280800000,86.05000000,86.16000000,85.17000000,85.21000000,122155.34000000
1773284400000,85.21000000,85.43000000,84.72000000,85.01000000,113250.61400000
1773288000000,85.02000000,85.42000000,84.90000000,85.11000000,84621.65900000
1773291600000,85.11000000,85.33000000,84.89000000,85.13000000,59426.88000000
1773295200000,85.13000000,85.42000000,84.97000000,85.39000000,61922.48500000
1773298800000,85.39000000,85.90000000,85.00000000,85.82000000,113800.47200000
1773302400000,85.82000000,86.16000000,85.39000000,85.96000000,101054.37400000
1773306000000,85.95000000,86.70000000,85.45000000,86.18000000,103503.89000000
1773309600000,86.19000000,87.04000000,86.04000000,86.76000000,143733.52300000
1773313200000,86.76000000,87.13000000,86.63000000,86.79000000,100204.36700000
1773316800000,86.80000000,87.51000000,86.55000000,87.25000000,167183.35200000
1773320400000,87.25000000,87.69000000,86.34000000,86.74000000,277091.07600000
1773324000000,86.75000000,87.66000000,85.20000000,85.54000000,301206.29400000
1773327600000,85.54000000,87.03000000,85.12000000,86.58000000,241985.71900000
1773331200000,86.57000000,87.09000000,85.80000000,86.79000000,171667.75000000
1773334800000,86.80000000,86.99000000,86.33000000,86.59000000,127410.46000000
1773338400000,86.60000000,86.82000000,85.81000000,85.86000000,100155.80500000
1773342000000,85.86000000,86.94000000,85.68000000,86.80000000,108672.03900000
1773345600000,86.79000000,86.96000000,86.42000000,86.45000000,65879.28900000
1773349200000,86.45000000,86.68000000,86.18000000,86.54000000,43379.74900000
1773352800000,86.54000000,86.60000000,85.96000000,86.30000000,65974.11800000
1773356400000,86.30000000,87.23000000,86.28000000,86.84000000,117108.06200000
1773360000000,86.83000000,91.14000000,86.71000000,89.78000000,781802.59100000
1773363600000,89.77000000,90.74000000,89.77000000,90.45000000,292699.98100000
1773367200000,90.46000000,90.59000000,88.93000000,89.09000000,203686.50100000
1773370800000,89.08000000,89.98000000,88.89000000,89.69000000,141724.03900000
1773374400000,89.70000000,89.74000000,89.19000000,89.35000000,73707.14700000
1773378000000,89.34000000,89.47000000,88.87000000,89.09000000,128059.74900000
1773381600000,89.09000000,89.22000000,88.27000000,88.40000000,121530.81000000
1773385200000,88.41000000,88.97000000,88.15000000,88.68000000,163550.14600000
1773388800000,88.68000000,89.67000000,88.32000000,89.16000000,158340.17700000
1773392400000,89.15000000,89.65000000,88.79000000,89.50000000,94880.86800000
1773396000000,89.50000000,90.31000000,89.46000000,90.19000000,218252.63700000
1773399600000,90.20000000,90.45000000,89.97000000,90.33000000,117541.10800000
1773403200000,90.32000000,91.38000000,90.14000000,91.00000000,224030.93600000
1773406800000,91.00000000,92.31000000,90.92000000,91.87000000,386101.36600000
1773410400000,91.88000000,92.98000000,90.46000000,90.69000000,567469.05500000
1773414000000,90.70000000,91.24000000,89.30000000,89.49000000,275507.33100000
1773417600000,89.49000000,89.96000000,88.84000000,89.61000000,177846.09100000
1773421200000,89.60000000,90.15000000,88.58000000,88.87000000,185337.80400000
1773424800000,88.88000000,89.14000000,88.37000000,88.82000000,126803.53700000
1773428400000,88.82000000,89.05000000,88.39000000,88.92000000,121476.69300000
1773432000000,88.91000000,89.11000000,88.54000000,88.91000000,102313.04300000
1773435600000,88.91000000,89.16000000,88.34000000,88.56000000,74797.53800000
1773439200000,88.56000000,88.66000000,87.73000000,88.01000000,142064.46800000
1773442800000,88.01000000,88.26000000,87.80000000,88.18000000,60855.00100000
1773446400000,88.17000000,88.39000000,87.84000000,87.94000000,71977.28500000
1773450000000,87.94000000,88.38000000,87.79000000,88.23000000,110581.47400000
1773453600000,88.24000000,88.32000000,88.00000000,88.23000000,40175.89800000
1773457200000,88.23000000,88.62000000,88.23000000,88.40000000,54063.11800000
1773460800000,88.40000000,88.71000000,88.21000000,88.25000000,73146.13800000
1773464400000,88.26000000,88.41000000,87.89000000,88.08000000,65563.42600000
1773468000000,88.08000000,88.10000000,86.92000000,87.25000000,133158.29300000
1773471600000,87.26000000,87.45000000,87.18000000,87.33000000,60006.16900000
1773475200000,87.32000000,87.55000000,87.08000000,87.15000000,72572.64700000
1773478800000,87.16000000,87.31000000,86.65000000,86.85000000,77235.99400000
1773482400000,86.84000000,86.93000000,86.51000000,86.65000000,62019.55500000
1773486000000,86.65000000,87.01000000,86.64000000,86.96000000,71648.58200000
1773489600000,86.95000000,87.13000000,86.81000000,87.11000000,67799.12700000
1773493200000,87.10000000,87.36000000,87.03000000,87.11000000,45078.87600000
1773496800000,87.11000000,87.24000000,86.63000000,86.72000000,82438.38300000
1773500400000,86.72000000,86.92000000,86.63000000,86.72000000,48750.06100000
1773504000000,86.72000000,87.13000000,86.62000000,87.07000000,38599.29700000
1773507600000,87.07000000,87.09000000,86.84000000,86.90000000,24472.03800000
1773511200000,86.89000000,87.11000000,86.79000000,87.04000000,25019.02800000
1773514800000,87.03000000,87.10000000,86.90000000,87.00000000,34686.95700000
1773518400000,87.01000000,87.18000000,86.87000000,87.08000000,30651.47500000
1773522000000,87.09000000,87.35000000,86.87000000,87.28000000,33747.69700000
1773525600000,87.29000000,87.46000000,87.22000000,87.31000000,53866.10300000
1773529200000,87.32000000,88.16000000,87.32000000,88.03000000,120885.41800000
1773532800000,88.04000000,88.21000000,87.67000000,87.76000000,55005.09200000
1773536400000,87.75000000,87.92000000,87.58000000,87.69000000,33332.20200000
1773540000000,87.69000000,88.65000000,87.68000000,88.30000000,119402.83000000
1773543600000,88.30000000,88.43000000,87.70000000,87.86000000,64498.47800000
1773547200000,87.86000000,88.33000000,87.85000000,88.32000000,43304.15900000
1773550800000,88.32000000,88.66000000,88.11000000,88.31000000,107511.49300000
1773554400000,88.32000000,88.59000000,88.09000000,88.35000000,87223.29500000
1773558000000,88.35000000,88.53000000,88.11000000,88.22000000,46860.93300000
1773561600000,88.22000000,88.52000000,88.14000000,88.50000000,57963.04700000
1773565200000,88.49000000,88.88000000,88.42000000,88.54000000,62813.23400000
1773568800000,88.55000000,88.71000000,88.38000000,88.47000000,29081.05400000
1773572400000,88.48000000,88.68000000,88.24000000,88.55000000,40797.88200000
1773576000000,88.56000000,88.56000000,88.19000000,88.26000000,38350.67000000
1773579600000,88.27000000,88.40000000,87.36000000,87.85000000,142377.54000000
1773583200000,87.84000000,88.00000000,87.57000000,87.97000000,48107.15600000
1773586800000,87.98000000,88.12000000,87.77000000,87.90000000,29254.38500000
1773590400000,87.90000000,88.05000000,87.45000000,87.55000000,46110.26900000
1773594000000,87.55000000,88.80000000,87.50000000,88.43000000,62720.93000000
1773597600000,88.44000000,88.69000000,87.85000000,87.92000000,101328.80500000
1773601200000,87.92000000,88.29000000,87.82000000,88.19000000,55175.36600000
1773604800000,88.19000000,89.00000000,87.98000000,88.76000000,84397.30000000
1773608400000,88.76000000,90.30000000,88.56000000,90.00000000,162489.76900000
1773612000000,90.00000000,92.93000000,89.84000000,92.64000000,658611.08900000
1773615600000,92.65000000,93.23000000,91.61000000,92.30000000,437830.12700000
1773619200000,92.31000000,93.06000000,91.88000000,92.01000000,259086.70500000
1773622800000,92.02000000,92.25000000,91.49000000,92.11000000,180226.11000000
1773626400000,92.11000000,92.28000000,91.18000000,91.48000000,116121.23800000
1773630000000,91.48000000,94.00000000,91.27000000,93.16000000,458891.09000000
1773633600000,93.17000000,94.24000000,92.94000000,93.62000000,312953.89800000
1773637200000,93.63000000,94.32000000,93.21000000,94.04000000,292011.03300000
1773640800000,94.05000000,94.05000000,93.15000000,93.40000000,224747.84100000
1773644400000,93.41000000,93.86000000,93.32000000,93.56000000,145371.56500000
1773648000000,93.56000000,94.02000000,92.57000000,92.86000000,167100.64900000
1773651600000,92.86000000,93.47000000,92.73000000,93.29000000,97496.34800000
1773655200000,93.30000000,93.96000000,93.26000000,93.90000000,109568.56900000
1773658800000,93.90000000,93.99000000,93.53000000,93.75000000,78824.84200000
1773662400000,93.75000000,94.20000000,93.40000000,93.77000000,226479.98700000
1773666000000,93.78000000,95.13000000,93.43000000,93.68000000,390863.05300000
1773669600000,93.68000000,94.54000000,92.37000000,93.60000000,521940.60800000
1773673200000,93.61000000,94.35000000,93.09000000,93.20000000,384587.90600000
1773676800000,93.20000000,94.06000000,93.13000000,93.81000000,248258.91700000
1773680400000,93.82000000,94.40000000,93.70000000,94.08000000,150409.15000000
1773684000000,94.08000000,95.09000000,94.05000000,94.38000000,226550.37500000
1773687600000,94.39000000,95.48000000,94.16000000,95.21000000,207797.03200000
1773691200000,95.21000000,95.97000000,95.06000000,95.78000000,158562.83600000
1773694800000,95.77000000,96.88000000,95.50000000,96.17000000,233033.25300000
1773698400000,96.17000000,97.68000000,96.17000000,96.37000000,244973.65500000
1773702000000,96.36000000,96.47000000,95.41000000,96.20000000,185793.96100000
1773705600000,96.19000000,96.95000000,95.13000000,95.49000000,283437.37200000
1773709200000,95.49000000,96.09000000,94.95000000,95.72000000,222433.88900000
1773712800000,95.72000000,95.77000000,94.88000000,95.15000000,103613.22700000
1773716400000,95.14000000,95.29000000,93.71000000,94.07000000,214697.28000000
1773720000000,94.07000000,94.28000000,93.20000000,93.80000000,138298.24700000
1773723600000,93.80000000,94.10000000,93.36000000,93.80000000,82496.31000000
1773727200000,93.80000000,94.30000000,93.47000000,93.89000000,90874.81100000
1773730800000,93.90000000,94.66000000,93.87000000,94.44000000,78265.31000000
1773734400000,94.43000000,94.95000000,94.29000000,94.41000000,84102.32100000
1773738000000,94.41000000,95.09000000,93.69000000,93.90000000,150777.27900000
1773741600000,93.90000000,94.06000000,93.25000000,93.57000000,96721.23300000
1773745200000,93.58000000,93.91000000,93.40000000,93.66000000,82684.11700000
1773748800000,93.67000000,94.08000000,93.15000000,93.42000000,82757.45300000
1773752400000,93.41000000,94.56000000,93.35000000,93.80000000,149522.22400000
1773756000000,93.80000000,94.68000000,93.50000000,94.50000000,123788.35400000
1773759600000,94.50000000,95.13000000,93.25000000,93.82000000,167269.69800000
1773763200000,93.82000000,94.79000000,93.72000000,94.39000000,111228.54800000
1773766800000,94.39000000,94.72000000,94.15000000,94.57000000,73681.59400000
1773770400000,94.57000000,95.59000000,94.45000000,95.32000000,111610.27100000
1773774000000,95.33000000,95.57000000,94.61000000,94.67000000,99645.45600000
1773777600000,94.66000000,95.03000000,94.41000000,94.90000000,57213.59500000
1773781200000,94.89000000,95.46000000,94.84000000,95.26000000,47584.89400000
1773784800000,95.27000000,95.62000000,94.59000000,95.33000000,114073.08800000
1773788400000,95.32000000,95.44000000,94.58000000,94.62000000,66781.01500000
1773792000000,94.61000000,94.93000000,94.10000000,94.53000000,83553.59500000
1773795600000,94.54000000,94.93000000,94.32000000,94.43000000,53801.00100000
1773799200000,94.43000000,95.23000000,94.41000000,94.94000000,60158.53600000
1773802800000,94.94000000,95.65000000,94.82000000,95.05000000,57186.50800000
1773806400000,95.06000000,95.12000000,94.00000000,94.13000000,122330.34900000
1773810000000,94.13000000,94.39000000,93.72000000,93.92000000,94114.90200000
1773813600000,93.92000000,94.64000000,93.92000000,94.21000000,32296.46700000
1773817200000,94.22000000,94.30000000,93.83000000,93.95000000,77208.88600000
1773820800000,93.95000000,94.26000000,93.94000000,94.04000000,143876.43700000
1773824400000,94.04000000,94.44000000,93.95000000,94.28000000,41873.83400000
1773828000000,94.28000000,94.43000000,93.51000000,93.86000000,61539.60500000
1773831600000,93.85000000,94.08000000,91.82000000,92.00000000,398489.14000000
1773835200000,92.00000000,92.03000000,90.31000000,90.43000000,329039.56500000
1773838800000,90.43000000,90.75000000,89.90000000,90.32000000,224420.91200000
1773842400000,90.32000000,90.40000000,88.85000000,88.96000000,316126.80400000
1773846000000,88.95000000,89.49000000,88.55000000,89.37000000,252007.92100000
1773849600000,89.36000000,89.36000000,88.61000000,88.97000000,152656.96800000
1773853200000,88.97000000,90.36000000,88.83000000,89.94000000,223980.80500000
1773856800000,89.94000000,90.86000000,89.38000000,89.58000000,185763.51400000
1773860400000,89.58000000,90.07000000,89.44000000,89.71000000,72107.45500000
1773864000000,89.70000000,90.13000000,88.99000000,89.99000000,109988.96200000
1773867600000,89.99000000,90.62000000,89.94000000,90.47000000,62582.03100000
1773871200000,90.46000000,90.48000000,89.92000000,90.02000000,90116.20900000
1773874800000,90.02000000,90.16000000,89.69000000,90.08000000,48641.15200000
1773878400000,90.07000000,90.30000000,89.82000000,90.11000000,46120.61300000
1773882000000,90.11000000,90.38000000,89.92000000,90.19000000,48869.64900000
1773885600000,90.18000000,90.39000000,89.79000000,89.99000000,37552.21800000
1773889200000,89.99000000,91.41000000,89.92000000,90.74000000,139276.39000000
1773892800000,90.74000000,90.74000000,89.75000000,89.91000000,110340.25800000
1773896400000,89.91000000,90.11000000,89.66000000,89.76000000,59591.97300000
1773900000000,89.77000000,90.12000000,89.52000000,89.86000000,75452.78800000
1773903600000,89.87000000,90.05000000,88.63000000,89.42000000,202158.07900000
1773907200000,89.41000000,89.64000000,89.09000000,89.34000000,75679.59900000
1773910800000,89.35000000,90.39000000,89.17000000,90.20000000,143688.43900000
1773914400000,90.19000000,90.48000000,89.78000000,89.81000000,76729.91300000
1773918000000,89.81000000,90.03000000,89.47000000,89.62000000,52020.68800000
1773921600000,89.62000000,89.62000000,88.03000000,88.11000000,163403.70200000
1773925200000,88.11000000,88.74000000,87.55000000,88.52000000,300882.59000000
1773928800000,88.52000000,88.90000000,87.45000000,88.23000000,135406.72100000
1773932400000,88.23000000,88.76000000,87.15000000,87.63000000,169527.34200000
1773936000000,87.63000000,87.80000000,87.00000000,87.69000000,152916.46400000
1773939600000,87.68000000,88.35000000,87.07000000,88.14000000,125746.15600000
1773943200000,88.13000000,88.32000000,87.66000000,88.13000000,71688.21200000
1773946800000,88.13000000,89.26000000,88.12000000,88.72000000,171099.08400000
1773950400000,88.71000000,89.21000000,88.66000000,88.99000000,47285.13300000
1773954000000,88.98000000,89.32000000,88.88000000,89.11000000,50451.59900000
1773957600000,89.12000000,89.17000000,88.37000000,88.76000000,67142.82600000
1773961200000,88.77000000,89.19000000,88.59000000,88.89000000,86512.48800000
1773964800000,88.90000000,89.43000000,88.87000000,89.41000000,115517.78100000
1773968400000,89.41000000,89.80000000,89.33000000,89.47000000,86311.25300000
1773972000000,89.47000000,89.60000000,88.88000000,89.31000000,76719.43100000
1773975600000,89.31000000,89.71000000,89.24000000,89.57000000,46905.05000000
1773979200000,89.57000000,89.75000000,88.73000000,89.28000000,58282.75800000
1773982800000,89.28000000,89.55000000,88.87000000,89.36000000,85138.88400000
1773986400000,89.36000000,89.36000000,88.94000000,89.09000000,50121.69200000
1773990000000,89.10000000,89.50000000,88.50000000,89.37000000,87659.83900000
1773993600000,89.38000000,90.45000000,89.32000000,89.78000000,183448.65600000
1773997200000,89.78000000,89.78000000,88.65000000,88.97000000,195400.21900000
1774000800000,88.97000000,89.49000000,88.61000000,89.33000000,68618.61700000
1774004400000,89.33000000,89.60000000,88.88000000,89.15000000,80571.35300000
1774008000000,89.15000000,89.53000000,89.02000000,89.15000000,61257.87000000
1774011600000,89.15000000,89.64000000,88.61000000,88.82000000,139694.37600000
1774015200000,88.81000000,89.73000000,88.51000000,88.92000000,169226.97100000
1774018800000,88.92000000,89.32000000,88.61000000,88.94000000,169038.84700000
1774022400000,88.94000000,89.23000000,88.62000000,88.90000000,63508.93600000
1774026000000,88.91000000,89.04000000,88.13000000,88.89000000,87589.25800000
1774029600000,88.89000000,89.00000000,88.16000000,88.56000000,64131.63800000
1774033200000,88.56000000,89.06000000,88.22000000,88.99000000,42811.99300000
1774036800000,88.99000000,89.36000000,88.65000000,89.01000000,62913.67100000
1774040400000,89.01000000,90.04000000,88.92000000,89.60000000,95606.75600000
1774044000000,89.59000000,90.26000000,89.59000000,90.10000000,74316.50100000
1774047600000,90.09000000,90.13000000,89.72000000,89.84000000,36619.18800000
1774051200000,89.85000000,90.24000000,89.84000000,90.02000000,41496.78400000
1774054800000,90.01000000,90.34000000,89.73000000,89.87000000,37421.31600000
1774058400000,89.86000000,90.65000000,89.76000000,90.47000000,49011.32400000
1774062000000,90.47000000,90.60000000,90.33000000,90.45000000,33767.29600000
1774065600000,90.45000000,90.81000000,90.16000000,90.28000000,53147.88200000
1774069200000,90.29000000,90.52000000,89.96000000,89.97000000,38471.72600000
1774072800000,89.97000000,90.32000000,89.91000000,90.16000000,29966.89400000
1774076400000,90.17000000,90.40000000,89.93000000,90.12000000,122405.53600000
1774080000000,90.12000000,90.13000000,89.81000000,90.00000000,48027.38200000
1774083600000,89.99000000,90.40000000,89.97000000,90.19000000,52752.40900000
1774087200000,90.20000000,90.24000000,89.89000000,89.97000000,31107.83300000
1774090800000,89.97000000,90.02000000,89.82000000,89.94000000,21826.21000000
1774094400000,89.95000000,90.20000000,89.88000000,90.20000000,29812.59500000
1774098000000,90.19000000,90.29000000,89.98000000,90.04000000,36310.60100000
1774101600000,90.04000000,90.42000000,89.66000000,89.67000000,51739.30700000
1774105200000,89.68000000,89.94000000,89.39000000,89.82000000,57434.72300000
1774108800000,89.83000000,90.00000000,89.57000000,89.69000000,38519.26000000
1774112400000,89.69000000,89.71000000,89.41000000,89.56000000,37345.03800000
1774116000000,89.55000000,89.95000000,89.55000000,89.78000000,25053.87700000
1774119600000,89.77000000,89.91000000,89.70000000,89.79000000,13022.28100000
1774123200000,89.80000000,90.29000000,89.78000000,90.16000000,33931.32900000
1774126800000,90.16000000,90.22000000,89.92000000,90.01000000,30285.66400000
1774130400000,90.00000000,90.07000000,89.82000000,89.90000000,24057.51800000
1774134000000,89.90000000,89.90000000,87.14000000,87.56000000,304930.44000000
1774137600000,87.55000000,87.78000000,86.26000000,87.33000000,339154.71300000
1774141200000,87.32000000,87.72000000,86.96000000,87.45000000,96494.18200000
1774144800000,87.46000000,88.48000000,87.36000000,88.16000000,102700.81900000
1774148400000,88.15000000,89.17000000,87.77000000,88.68000000,158878.58000000
1774152000000,88.67000000,89.20000000,88.60000000,89.03000000,110061.94100000
1774155600000,89.02000000,89.02000000,88.44000000,88.48000000,52610.09700000
1774159200000,88.48000000,88.48000000,88.14000000,88.20000000,51616.17300000
1774162800000,88.20000000,88.33000000,87.67000000,87.70000000,56190.27000000
1774166400000,87.70000000,87.74000000,86.85000000,87.38000000,120066.89200000
1774170000000,87.37000000,87.66000000,87.19000000,87.32000000,57757.20500000
1774173600000,87.32000000,87.51000000,87.23000000,87.34000000,33476.88800000
1774177200000,87.34000000,87.51000000,86.84000000,86.85000000,92663.71500000
1774180800000,86.84000000,87.47000000,86.82000000,87.27000000,77026.59000000
1774184400000,87.27000000,87.74000000,87.01000000,87.33000000,55735.33500000
1774188000000,87.32000000,87.60000000,87.04000000,87.21000000,34427.89000000
1774191600000,87.20000000,87.59000000,87.17000000,87.57000000,38789.34100000
1774195200000,87.58000000,87.71000000,87.26000000,87.48000000,46686.86700000
1774198800000,87.48000000,87.56000000,87.20000000,87.26000000,35622.94800000
1774202400000,87.26000000,87.32000000,86.51000000,87.01000000,68498.26300000
1774206000000,87.01000000,87.02000000,86.57000000,86.86000000,46219.43300000
1774209600000,86.87000000,87.19000000,86.55000000,86.58000000,39894.33400000
1774213200000,86.58000000,86.64000000,85.14000000,85.99000000,227010.73000000
1774216800000,86.00000000,86.77000000,85.51000000,86.75000000,134319.98100000
1774220400000,86.75000000,87.02000000,86.01000000,86.20000000,62183.94400000
1774224000000,86.21000000,86.61000000,85.47000000,85.90000000,95776.64600000
1774227600000,85.90000000,86.61000000,85.74000000,86.09000000,73802.00800000
1774231200000,86.10000000,86.98000000,86.05000000,86.70000000,77009.92600000
1774234800000,86.71000000,87.22000000,86.38000000,86.40000000,72226.01500000
1774238400000,86.39000000,86.92000000,86.32000000,86.91000000,75312.64600000
1774242000000,86.90000000,87.33000000,86.85000000,87.19000000,150192.71800000
1774245600000,87.18000000,87.18000000,85.44000000,85.75000000,121269.02800000
1774249200000,85.75000000,86.23000000,85.11000000,85.99000000,148108.54700000
1774252800000,86.00000000,86.46000000,85.85000000,85.95000000,72114.43500000
1774256400000,85.96000000,86.02000000,85.19000000,85.76000000,64088.27300000
1774260000000,85.76000000,86.32000000,85.66000000,86.06000000,69860.49900000
1774263600000,86.06000000,91.93000000,86.05000000,88.78000000,1261151.17100000
1774267200000,88.78000000,90.50000000,88.33000000,90.23000000,243562.24500000
1774270800000,90.24000000,91.49000000,89.90000000,91.34000000,278888.19700000
1774274400000,91.34000000,91.73000000,91.04000000,91.51000000,255223.12200000
1774278000000,91.52000000,92.26000000,89.80000000,89.95000000,369568.41300000
1774281600000,89.96000000,90.47000000,89.40000000,90.35000000,228912.64600000
1774285200000,90.35000000,91.44000000,89.70000000,91.28000000,325650.20000000
1774288800000,91.28000000,91.80000000,90.93000000,91.62000000,149681.92500000
1774292400000,91.61000000,91.90000000,91.24000000,91.39000000,97938.15400000
1774296000000,91.38000000,92.02000000,91.24000000,91.79000000,94180.83200000
1774299600000,91.79000000,91.97000000,91.51000000,91.62000000,66820.34500000
1774303200000,91.62000000,91.90000000,91.17000000,91.52000000,109154.98900000
1774306800000,91.52000000,91.57000000,90.98000000,91.43000000,61213.40800000
1774310400000,91.44000000,91.68000000,90.60000000,91.00000000,102391.06400000
1774314000000,90.99000000,91.05000000,90.14000000,90.41000000,70453.47100000
1774317600000,90.41000000,90.76000000,90.12000000,90.16000000,73422.54000000
1774321200000,90.15000000,90.35000000,89.96000000,90.35000000,77268.91200000
1774324800000,90.34000000,90.82000000,90.14000000,90.34000000,48977.89100000
1774328400000,90.35000000,90.41000000,89.99000000,90.13000000,106395.58200000
1774332000000,90.13000000,90.53000000,90.06000000,90.47000000,71939.71100000
1774335600000,90.47000000,91.89000000,90.40000000,91.72000000,143786.29800000
1774339200000,91.71000000,91.95000000,91.26000000,91.58000000,125737.52300000
1774342800000,91.57000000,92.15000000,91.12000000,92.11000000,132029.60200000
1774346400000,92.12000000,92.22000000,91.74000000,91.86000000,99413.83600000
1774350000000,91.86000000,92.17000000,91.36000000,91.77000000,150059.54900000
1774353600000,91.78000000,91.86000000,91.36000000,91.59000000,77407.94300000
1774357200000,91.58000000,91.75000000,89.54000000,89.86000000,413859.26500000
1774360800000,89.86000000,90.23000000,88.70000000,89.57000000,353590.37300000
1774364400000,89.57000000,90.30000000,89.51000000,89.74000000,141150.91000000
1774368000000,89.74000000,89.98000000,89.09000000,89.28000000,100063.62100000
1774371600000,89.29000000,89.40000000,88.72000000,89.18000000,133600.75900000
1774375200000,89.18000000,89.69000000,88.89000000,88.90000000,107610.07200000
1774378800000,88.91000000,89.31000000,88.42000000,88.52000000,109765.42800000
1774382400000,88.53000000,90.24000000,88.51000000,90.04000000,175031.15300000
1774386000000,90.04000000,90.60000000,89.69000000,90.39000000,83945.16200000
1774389600000,90.39000000,90.77000000,90.07000000,90.32000000,74457.46900000
1774393200000,90.32000000,91.13000000,90.23000000,90.80000000,113684.39200000
1774396800000,90.80000000,91.62000000,90.71000000,91.32000000,101137.96800000
1774400400000,91.32000000,91.47000000,90.94000000,90.94000000,84865.27200000
1774404000000,90.95000000,91.50000000,90.82000000,91.13000000,68514.38500000
1774407600000,91.13000000,91.95000000,90.79000000,91.69000000,117772.06400000
1774411200000,91.69000000,92.11000000,91.59000000,92.05000000,76104.69500000
1774414800000,92.06000000,92.96000000,91.97000000,92.42000000,185267.19400000
1774418400000,92.42000000,92.93000000,92.27000000,92.39000000,183879.63000000
1774422000000,92.40000000,92.50000000,91.76000000,91.81000000,191315.00100000
1774425600000,91.82000000,92.74000000,91.82000000,92.36000000,200647.47000000
1774429200000,92.36000000,92.67000000,92.13000000,92.55000000,93647.34000000
1774432800000,92.54000000,92.70000000,92.39000000,92.65000000,68796.19500000
1774436400000,92.64000000,93.47000000,92.45000000,92.99000000,148705.12900000
1774440000000,92.99000000,93.43000000,92.34000000,93.04000000,110254.02900000
1774443600000,93.04000000,93.41000000,92.69000000,92.74000000,112467.54200000
1774447200000,92.74000000,92.91000000,91.92000000,91.95000000,196999.62200000
1774450800000,91.95000000,92.07000000,91.00000000,91.77000000,147975.74700000
1774454400000,91.77000000,92.73000000,91.59000000,92.21000000,124790.11700000
1774458000000,92.21000000,92.34000000,91.60000000,91.71000000,65953.77600000
1774461600000,91.71000000,92.19000000,91.46000000,91.69000000,61214.82600000
1774465200000,91.69000000,91.99000000,91.40000000,91.75000000,68043.82000000
1774468800000,91.76000000,91.78000000,91.10000000,91.48000000,82448.82400000
1774472400000,91.48000000,91.62000000,91.16000000,91.27000000,42763.55400000
1774476000000,91.27000000,91.96000000,91.03000000,91.75000000,91198.16700000
1774479600000,91.74000000,91.84000000,91.47000000,91.70000000,27772.43100000
1774483200000,91.70000000,91.98000000,91.49000000,91.70000000,51535.06000000
1774486800000,91.70000000,91.96000000,91.60000000,91.84000000,35941.92400000
1774490400000,91.83000000,91.85000000,90.67000000,90.96000000,92459.77400000
1774494000000,90.95000000,91.16000000,90.61000000,91.07000000,58450.86500000
1774497600000,91.07000000,91.08000000,90.68000000,90.82000000,48628.50600000
1774501200000,90.82000000,90.85000000,89.12000000,89.26000000,277728.84200000
1774504800000,89.25000000,89.31000000,88.81000000,89.05000000,329412.57500000
1774508400000,89.06000000,89.36000000,88.81000000,89.10000000,168076.56200000
1774512000000,89.10000000,89.11000000,88.65000000,88.88000000,138024.48500000
1774515600000,88.88000000,89.02000000,87.73000000,88.12000000,240968.72500000
1774519200000,88.12000000,88.34000000,87.79000000,87.94000000,121539.49100000
1774522800000,87.95000000,88.13000000,87.45000000,87.58000000,121574.10500000
1774526400000,87.58000000,87.81000000,87.41000000,87.56000000,112669.29900000
1774530000000,87.56000000,88.24000000,87.33000000,87.92000000,198994.36100000
1774533600000,87.93000000,88.19000000,87.17000000,87.54000000,118178.53900000
1774537200000,87.54000000,87.81000000,86.73000000,87.54000000,178122.49600000
1774540800000,87.53000000,87.73000000,87.14000000,87.20000000,84015.70200000
1774544400000,87.20000000,87.49000000,86.51000000,86.63000000,163673.46900000
1774548000000,86.62000000,86.82000000,85.73000000,86.06000000,196675.94100000
1774551600000,86.06000000,86.08000000,85.45000000,85.48000000,126627.53200000
1774555200000,85.48000000,87.12000000,85.45000000,86.34000000,343432.64500000
1774558800000,86.35000000,87.14000000,86.22000000,86.84000000,133063.29300000
1774562400000,86.83000000,86.89000000,86.22000000,86.81000000,84572.70600000
1774566000000,86.82000000,86.96000000,86.19000000,86.53000000,141825.83900000
1774569600000,86.52000000,86.80000000,86.19000000,86.55000000,84026.55800000
1774573200000,86.54000000,86.90000000,86.44000000,86.88000000,45844.14800000
1774576800000,86.89000000,87.04000000,86.53000000,86.70000000,50701.69200000
1774580400000,86.69000000,86.79000000,86.35000000,86.42000000,53449.29800000
1774584000000,86.42000000,86.44000000,85.74000000,86.17000000,81989.63000000
1774587600000,86.16000000,86.75000000,85.93000000,86.10000000,82267.30300000
1774591200000,86.10000000,86.39000000,85.89000000,86.07000000,115810.02100000
1774594800000,86.07000000,86.34000000,85.69000000,85.92000000,156251.61800000
1774598400000,85.92000000,86.14000000,84.38000000,85.12000000,332021.29300000
1774602000000,85.12000000,85.26000000,84.42000000,85.08000000,131235.96200000
1774605600000,85.08000000,85.15000000,82.66000000,83.02000000,335210.80300000
1774609200000,83.02000000,83.64000000,82.63000000,83.39000000,142067.09400000
1774612800000,83.39000000,83.44000000,83.06000000,83.10000000,133674.64700000
1774616400000,83.11000000,83.56000000,82.50000000,82.95000000,154175.50800000
1774620000000,82.94000000,83.36000000,82.60000000,83.18000000,161801.57100000
1774623600000,83.17000000,84.03000000,82.98000000,83.35000000,150423.91600000
1774627200000,83.36000000,83.38000000,82.66000000,83.03000000,118104.97200000
1774630800000,83.02000000,83.44000000,82.09000000,82.23000000,146042.93500000
1774634400000,82.24000000,82.50000000,81.86000000,82.39000000,93955.97700000
1774638000000,82.39000000,82.91000000,82.08000000,82.81000000,70084.51900000
1774641600000,82.81000000,82.98000000,82.38000000,82.77000000,65976.80100000
1774645200000,82.77000000,83.07000000,82.69000000,82.76000000,61047.98400000
1774648800000,82.75000000,82.84000000,82.54000000,82.73000000,32997.50900000
1774652400000,82.74000000,83.14000000,82.48000000,83.11000000,41400.31100000
1774656000000,83.11000000,83.11000000,82.72000000,82.86000000,57245.30900000
1774659600000,82.85000000,82.87000000,82.25000000,82.66000000,44813.06500000
1774663200000,82.66000000,82.91000000,82.38000000,82.56000000,40076.71400000
1774666800000,82.57000000,82.73000000,82.52000000,82.60000000,24901.15400000
1774670400000,82.60000000,82.79000000,82.40000000,82.58000000,50335.61400000
1774674000000,82.58000000,82.79000000,82.38000000,82.75000000,55267.93500000
1774677600000,82.75000000,83.27000000,82.66000000,83.18000000,70444.57600000
1774681200000,83.18000000,83.67000000,83.17000000,83.62000000,50900.79100000
1774684800000,83.62000000,83.73000000,83.38000000,83.40000000,84802.58600000
1774688400000,83.40000000,83.40000000,82.94000000,83.06000000,48143.76700000
1774692000000,83.05000000,83.33000000,82.69000000,83.01000000,102770.30700000
1774695600000,83.01000000,83.06000000,82.90000000,82.94000000,58113.80400000
1774699200000,82.94000000,83.20000000,82.60000000,82.68000000,81112.28300000
1774702800000,82.68000000,84.12000000,82.67000000,83.38000000,225595.85700000
1774706400000,83.37000000,83.55000000,83.00000000,83.24000000,118941.94700000
1774710000000,83.23000000,84.29000000,83.19000000,83.83000000,162336.37000000
1774713600000,83.84000000,83.95000000,83.49000000,83.57000000,69669.77200000
1774717200000,83.57000000,83.74000000,83.14000000,83.32000000,38740.19500000
1774720800000,83.32000000,83.54000000,83.30000000,83.39000000,20910.23000000
1774724400000,83.38000000,83.43000000,83.04000000,83.28000000,29415.30200000
1774728000000,83.28000000,83.52000000,83.28000000,83.42000000,33498.06200000
1774731600000,83.41000000,83.45000000,82.36000000,82.72000000,78766.36000000
1774735200000,82.71000000,82.91000000,82.47000000,82.80000000,44094.89600000
1774738800000,82.80000000,82.80000000,81.69000000,82.09000000,76113.20300000
1774742400000,82.09000000,82.28000000,81.87000000,82.21000000,51595.12300000
1774746000000,82.21000000,82.53000000,82.10000000,82.48000000,49552.70900000
1774749600000,82.48000000,82.84000000,82.42000000,82.78000000,35965.47700000
1774753200000,82.77000000,83.24000000,82.70000000,83.00000000,44557.14500000
1774756800000,83.01000000,83.04000000,82.73000000,82.79000000,34134.85500000
1774760400000,82.78000000,82.88000000,82.41000000,82.73000000,68245.47800000
1774764000000,82.72000000,82.84000000,82.30000000,82.50000000,79316.84900000
1774767600000,82.50000000,82.62000000,82.23000000,82.45000000,26674.43600000
1774771200000,82.45000000,82.61000000,82.34000000,82.47000000,29135.41100000
1774774800000,82.47000000,82.54000000,82.17000000,82.36000000,40111.78600000
1774778400000,82.35000000,82.35000000,81.98000000,82.12000000,79816.91900000
1774782000000,82.13000000,82.84000000,82.12000000,82.58000000,39523.09000000
1774785600000,82.59000000,82.65000000,82.23000000,82.44000000,22024.17600000
1774789200000,82.45000000,82.47000000,81.70000000,81.92000000,69929.33500000
1774792800000,81.92000000,82.44000000,81.72000000,81.93000000,75078.31100000
1774796400000,81.94000000,82.15000000,81.36000000,81.81000000,75435.12000000
1774800000000,81.82000000,82.12000000,81.63000000,81.71000000,37772.35300000
1774803600000,81.71000000,81.86000000,81.12000000,81.56000000,52785.70900000
1774807200000,81.56000000,81.92000000,81.40000000,81.81000000,43402.02300000
1774810800000,81.81000000,81.88000000,81.56000000,81.62000000,25961.52100000
1774814400000,81.62000000,82.23000000,81.60000000,81.94000000,35772.07900000
1774818000000,81.93000000,82.21000000,81.84000000,82.16000000,38375.80200000
1774821600000,82.15000000,82.15000000,78.96000000,80.94000000,410570.71900000
1774825200000,80.94000000,81.71000000,80.90000000,81.44000000,158937.04900000
1774828800000,81.45000000,83.02000000,81.15000000,81.89000000,201566.90700000
1774832400000,81.89000000,82.89000000,81.89000000,82.71000000,97142.91300000
1774836000000,82.72000000,83.94000000,82.46000000,83.35000000,190107.21000000
1774839600000,83.34000000,83.56000000,82.92000000,83.27000000,208885.27000000
1774843200000,83.27000000,83.86000000,83.26000000,83.77000000,113016.08300000
1774846800000,83.76000000,84.18000000,83.47000000,83.64000000,153389.76500000
1774850400000,83.63000000,83.87000000,83.41000000,83.47000000,92004.22300000
1774854000000,83.47000000,84.26000000,83.34000000,84.02000000,89788.41200000
1774857600000,84.01000000,84.88000000,84.00000000,84.52000000,186065.17000000
1774861200000,84.52000000,84.52000000,84.11000000,84.14000000,93614.90400000
1774864800000,84.14000000,84.21000000,83.55000000,83.92000000,111879.96500000
1774868400000,83.92000000,84.68000000,83.85000000,84.24000000,122130.83000000
1774872000000,84.25000000,84.61000000,84.12000000,84.49000000,77978.03100000
1774875600000,84.50000000,84.99000000,83.93000000,84.01000000,165967.55400000
1774879200000,84.01000000,84.64000000,83.65000000,84.39000000,171840.32000000
1774882800000,84.40000000,84.76000000,83.88000000,84.51000000,95252.59700000
1774886400000,84.50000000,84.55000000,83.93000000,84.22000000,75791.35500000
1774890000000,84.22000000,84.42000000,83.08000000,83.26000000,147393.07500000
1774893600000,83.25000000,83.43000000,82.45000000,82.69000000,95755.72400000
1774897200000,82.68000000,82.70000000,81.96000000,82.39000000,192899.91900000
1774900800000,82.38000000,82.90000000,82.36000000,82.79000000,70569.42200000
1774904400000,82.79000000,83.68000000,82.69000000,83.15000000,122870.06600000
1774908000000,83.16000000,83.50000000,82.65000000,82.81000000,68184.85700000
1774911600000,82.81000000,82.82000000,82.14000000,82.54000000,81760.11500000
1774915200000,82.55000000,82.96000000,82.15000000,82.72000000,126644.71100000
1774918800000,82.73000000,84.62000000,82.60000000,83.85000000,193362.99000000
1774922400000,83.85000000,84.07000000,83.59000000,83.83000000,62943.33100000
1774926000000,83.82000000,83.92000000,83.28000000,83.60000000,61472.04400000
1774929600000,83.60000000,83.91000000,83.28000000,83.34000000,71785.54700000
1774933200000,83.33000000,83.77000000,82.90000000,83.77000000,92075.74000000
1774936800000,83.76000000,83.83000000,83.05000000,83.41000000,154631.33500000
1774940400000,83.41000000,83.44000000,82.68000000,83.10000000,96262.53800000
1774944000000,83.10000000,83.35000000,82.24000000,82.25000000,111641.93100000
1774947600000,82.25000000,82.47000000,80.08000000,80.55000000,315942.65600000
1774951200000,80.55000000,80.94000000,80.33000000,80.47000000,308094.47200000
1774954800000,80.47000000,80.98000000,80.28000000,80.85000000,598514.13700000
1774958400000,80.85000000,81.09000000,80.40000000,80.78000000,160227.83500000
1774962000000,80.78000000,82.04000000,80.74000000,81.86000000,227823.55700000
1774965600000,81.85000000,82.59000000,80.40000000,80.63000000,316619.55300000
1774969200000,80.63000000,81.68000000,80.63000000,80.86000000,224959.96400000
1774972800000,80.87000000,82.90000000,80.87000000,82.39000000,230192.27900000
1774976400000,82.39000000,83.47000000,82.18000000,82.37000000,338534.60000000
1774980000000,82.38000000,83.09000000,82.38000000,82.90000000,96879.03700000
1774983600000,82.89000000,82.97000000,82.47000000,82.70000000,108873.80600000
1774987200000,82.70000000,83.40000000,82.61000000,83.16000000,108571.27400000
1774990800000,83.17000000,83.19000000,82.63000000,82.86000000,64304.63100000
1774994400000,82.86000000,82.91000000,82.33000000,82.76000000,103145.47300000
1774998000000,82.77000000,83.26000000,82.67000000,83.20000000,99063.98500000
1775001600000,83.19000000,83.58000000,82.85000000,83.40000000,116027.24600000
1775005200000,83.41000000,83.47000000,82.72000000,82.73000000,110495.77300000
1775008800000,82.74000000,82.91000000,82.48000000,82.65000000,88838.45400000
1775012400000,82.65000000,83.49000000,82.65000000,83.43000000,85944.14400000
1775016000000,83.44000000,83.86000000,83.26000000,83.74000000,88247.88900000
1775019600000,83.75000000,84.32000000,83.36000000,84.14000000,167165.59200000
1775023200000,84.14000000,84.74000000,84.02000000,84.45000000,177830.24900000
1775026800000,84.46000000,84.74000000,83.81000000,83.84000000,145404.67100000
1775030400000,83.84000000,84.06000000,83.43000000,83.62000000,146907.27000000
1775034000000,83.63000000,83.77000000,83.14000000,83.38000000,109881.68300000
1775037600000,83.38000000,83.50000000,83.07000000,83.38000000,81067.59500000
1775041200000,83.37000000,83.58000000,83.17000000,83.37000000,74746.57300000
1775044800000,83.37000000,83.73000000,82.80000000,83.03000000,199960.54400000
1775048400000,83.04000000,83.44000000,82.40000000,82.67000000,218718.10900000
1775052000000,82.66000000,83.56000000,82.51000000,83.39000000,129609.47000000
1775055600000,83.39000000,83.88000000,83.09000000,83.63000000,145917.33800000
1775059200000,83.62000000,85.33000000,83.08000000,85.26000000,390123.78500000
1775062800000,85.25000000,86.65000000,84.25000000,84.44000000,616272.70200000
1775066400000,84.43000000,84.49000000,83.55000000,83.66000000,216910.20800000
1775070000000,83.65000000,84.43000000,83.64000000,83.82000000,112939.11300000
1775073600000,83.83000000,83.88000000,82.30000000,82.57000000,316647.92700000
1775077200000,82.57000000,83.18000000,81.42000000,81.86000000,326505.00100000
1775080800000,81.85000000,81.94000000,80.77000000,81.17000000,463686.52600000
1775084400000,81.17000000,81.45000000,81.02000000,81.18000000,146888.25800000
1775088000000,81.19000000,81.77000000,80.92000000,81.63000000,198692.28300000
1775091600000,81.63000000,81.63000000,78.97000000,79.34000000,702613.93600000
1775095200000,79.34000000,79.34000000,78.30000000,78.87000000,302770.45200000
1775098800000,78.87000000,79.41000000,78.69000000,79.01000000,215221.87400000
1775102400000,79.01000000,79.19000000,78.75000000,78.82000000,167055.79800000
1775106000000,78.83000000,79.43000000,78.62000000,79.26000000,157478.90800000
1775109600000,79.26000000,79.43000000,78.95000000,79.12000000,86802.46000000
1775113200000,79.13000000,79.67000000,79.00000000,79.65000000,105177.82200000
1775116800000,79.64000000,79.64000000,79.04000000,79.12000000,90547.61100000
1775120400000,79.12000000,79.36000000,78.93000000,79.26000000,93954.13700000
1775124000000,79.27000000,79.32000000,78.80000000,78.90000000,78991.59500000
1775127600000,78.90000000,78.99000000,78.20000000,78.31000000,148254.60300000
1775131200000,78.32000000,78.59000000,77.90000000,77.97000000,197811.94800000
1775134800000,77.96000000,78.25000000,76.70000000,77.74000000,382868.64100000
1775138400000,77.74000000,79.73000000,77.51000000,79.07000000,364053.23500000
1775142000000,79.07000000,79.25000000,78.35000000,79.03000000,155636.86500000
1775145600000,79.03000000,79.88000000,78.71000000,79.43000000,158990.83900000
1775149200000,79.42000000,79.67000000,78.55000000,78.59000000,142495.53300000
1775152800000,78.59000000,79.28000000,78.43000000,79.13000000,107582.84300000
1775156400000,79.13000000,79.25000000,78.70000000,78.98000000,90831.43600000
1775160000000,78.99000000,79.37000000,78.77000000,79.16000000,89222.85900000
1775163600000,79.17000000,79.24000000,78.63000000,78.97000000,60590.98100000
1775167200000,78.96000000,79.14000000,78.73000000,78.99000000,57726.55100000
1775170800000,78.99000000,79.15000000,78.80000000,78.94000000,54651.05300000
1775174400000,78.95000000,79.38000000,78.87000000,79.23000000,78128.31900000
1775178000000,79.23000000,79.79000000,79.00000000,79.17000000,92445.15200000
1775181600000,79.18000000,79.60000000,78.85000000,79.34000000,99358.89100000
1775185200000,79.34000000,79.45000000,78.99000000,79.00000000,97247.35600000
1775188800000,79.00000000,79.53000000,78.99000000,79.32000000,111135.40200000
1775192400000,79.32000000,79.65000000,79.06000000,79.33000000,63190.81700000
1775196000000,79.33000000,79.71000000,79.20000000,79.65000000,49213.31300000
1775199600000,79.65000000,80.16000000,79.45000000,79.96000000,134713.46700000
1775203200000,79.96000000,80.17000000,79.64000000,79.77000000,87758.29500000
1775206800000,79.77000000,80.21000000,79.65000000,79.96000000,117351.42000000
1775210400000,79.96000000,80.20000000,79.69000000,80.15000000,89581.14300000
1775214000000,80.16000000,80.47000000,79.89000000,80.18000000,91553.87000000
1775217600000,80.18000000,80.91000000,79.23000000,79.34000000,165855.35000000
1775221200000,79.34000000,79.62000000,79.17000000,79.60000000,104138.36800000
1775224800000,79.60000000,80.33000000,79.43000000,80.25000000,99555.59100000
1775228400000,80.24000000,80.65000000,80.14000000,80.33000000,131705.25600000
1775232000000,80.33000000,80.67000000,80.23000000,80.56000000,125165.99300000
1775235600000,80.55000000,80.56000000,79.89000000,80.20000000,69415.87000000
1775239200000,80.19000000,80.45000000,80.08000000,80.13000000,85158.76500000
1775242800000,80.13000000,80.30000000,79.87000000,80.21000000,74087.11200000
1775246400000,80.21000000,80.33000000,80.16000000,80.20000000,44248.26100000
1775250000000,80.20000000,80.73000000,80.12000000,80.40000000,84658.95300000
1775253600000,80.41000000,80.50000000,79.92000000,80.15000000,69753.54300000
1775257200000,80.16000000,80.54000000,80.13000000,80.40000000,65419.23300000
1775260800000,80.39000000,80.42000000,80.15000000,80.24000000,56986.54900000
1775264400000,80.23000000,80.34000000,80.06000000,80.14000000,54973.59900000
1775268000000,80.14000000,80.34000000,80.07000000,80.19000000,65160.80800000
1775271600000,80.18000000,80.29000000,80.16000000,80.18000000,29018.66300000
1775275200000,80.18000000,80.32000000,80.15000000,80.26000000,19975.28100000
1775278800000,80.26000000,80.30000000,80.11000000,80.20000000,57290.30300000
1775282400000,80.19000000,80.54000000,80.14000000,80.46000000,26493.46500000
1775286000000,80.47000000,80.49000000,80.21000000,80.32000000,26720.19100000
1775289600000,80.32000000,80.40000000,79.93000000,79.99000000,21625.42100000
1775293200000,79.98000000,80.10000000,79.92000000,80.04000000,32317.56700000
1775296800000,80.04000000,80.29000000,80.02000000,80.24000000,48628.48300000
1775300400000,80.23000000,80.29000000,80.04000000,80.21000000,43563.57500000
1775304000000,80.20000000,80.25000000,80.01000000,80.10000000,23509.01100000
1775307600000,80.11000000,80.26000000,79.93000000,80.03000000,42115.38600000
1775311200000,80.03000000,80.37000000,79.57000000,80.36000000,79005.69300000
1775314800000,80.35000000,81.61000000,80.27000000,81.10000000,300533.56200000
1775318400000,81.10000000,81.35000000,80.70000000,80.74000000,135478.50800000
1775322000000,80.75000000,81.03000000,80.61000000,80.93000000,59516.43400000
1775325600000,80.93000000,81.13000000,80.70000000,80.84000000,55736.89000000
1775329200000,80.84000000,81.32000000,80.75000000,80.85000000,80586.31200000
1775332800000,80.86000000,80.87000000,80.62000000,80.81000000,42197.01400000
1775336400000,80.80000000,81.04000000,80.76000000,80.92000000,194621.83200000
1775340000000,80.93000000,81.06000000,80.88000000,81.00000000,39947.84900000
1775343600000,81.00000000,81.00000000,80.70000000,80.83000000,26928.37100000
1775347200000,80.84000000,80.85000000,80.54000000,80.70000000,32065.42300000
1775350800000,80.70000000,80.79000000,80.49000000,80.51000000,32829.58800000
1775354400000,80.50000000,80.64000000,80.37000000,80.59000000,42963.30800000
1775358000000,80.59000000,80.62000000,80.41000000,80.55000000,14283.61900000
1775361600000,80.55000000,80.58000000,80.29000000,80.33000000,44259.41200000
1775365200000,80.33000000,80.43000000,80.14000000,80.31000000,49078.88700000
1775368800000,80.30000000,80.38000000,79.41000000,79.59000000,153896.64900000
1775372400000,79.59000000,79.88000000,79.51000000,79.60000000,70495.29700000
1775376000000,79.59000000,79.71000000,79.54000000,79.62000000,52925.65500000
1775379600000,79.62000000,79.88000000,79.62000000,79.84000000,26469.59300000
1775383200000,79.83000000,80.24000000,79.78000000,79.84000000,47152.19700000
1775386800000,79.84000000,79.92000000,79.75000000,79.90000000,31689.33600000
1775390400000,79.91000000,79.95000000,78.80000000,79.00000000,102171.65300000
1775394000000,79.01000000,79.25000000,78.52000000,79.21000000,101430.70700000
1775397600000,79.21000000,79.48000000,79.13000000,79.29000000,39060.52600000
1775401200000,79.29000000,80.33000000,79.00000000,79.60000000,146587.81200000
1775404800000,79.59000000,79.82000000,79.39000000,79.46000000,54565.51100000
1775408400000,79.47000000,79.93000000,79.37000000,79.90000000,45366.93900000
1775412000000,79.89000000,80.14000000,79.71000000,79.95000000,60124.34400000
1775415600000,79.96000000,80.23000000,79.54000000,79.83000000,45422.46700000
1775419200000,79.83000000,80.22000000,79.81000000,80.16000000,42413.32400000
1775422800000,80.16000000,80.19000000,79.51000000,79.75000000,59461.94300000
1775426400000,79.74000000,80.69000000,79.10000000,80.58000000,153206.21500000
1775430000000,80.58000000,82.13000000,80.46000000,81.89000000,284518.15300000
1775433600000,81.89000000,82.97000000,81.89000000,82.32000000,321786.17000000
1775437200000,82.33000000,82.42000000,81.68000000,81.69000000,124398.73600000
1775440800000,81.70000000,82.80000000,81.66000000,82.41000000,126010.62400000
1775444400000,82.41000000,82.48000000,81.94000000,82.11000000,111803.74900000
1775448000000,82.11000000,82.34000000,81.79000000,82.00000000,57686.35500000
1775451600000,81.99000000,82.08000000,81.84000000,81.91000000,44096.80800000
1775455200000,81.90000000,82.14000000,80.97000000,81.50000000,143148.26100000
1775458800000,81.50000000,81.97000000,81.35000000,81.82000000,98203.56800000
1775462400000,81.83000000,82.26000000,81.71000000,82.00000000,84426.12000000
1775466000000,81.99000000,83.20000000,81.88000000,82.47000000,234322.44900000
1775469600000,82.47000000,82.90000000,82.47000000,82.68000000,121346.88800000
1775473200000,82.68000000,82.68000000,82.31000000,82.45000000,57661.29400000
1775476800000,82.44000000,82.53000000,82.21000000,82.30000000,73258.95300000
1775480400000,82.30000000,82.67000000,82.18000000,82.46000000,95528.56100000
1775484000000,82.46000000,82.81000000,81.73000000,82.23000000,156260.22500000
1775487600000,82.22000000,82.46000000,82.00000000,82.27000000,102517.59800000
1775491200000,82.28000000,82.48000000,81.58000000,81.59000000,102812.70400000
1775494800000,81.60000000,81.79000000,81.19000000,81.64000000,107304.44300000
1775498400000,81.64000000,82.22000000,81.55000000,81.88000000,73543.38100000
1775502000000,81.87000000,81.98000000,81.56000000,81.90000000,64721.55200000
1775505600000,81.91000000,82.15000000,81.81000000,82.00000000,51548.96800000
1775509200000,82.00000000,82.00000000,81.38000000,81.49000000,59480.88300000
1775512800000,81.48000000,81.51000000,80.16000000,80.17000000,113072.87800000
1775516400000,80.17000000,80.29000000,79.60000000,80.03000000,205429.39600000
1775520000000,80.03000000,80.23000000,79.60000000,79.91000000,149835.74300000
1775523600000,79.91000000,80.14000000,79.38000000,79.53000000,106294.91100000
1775527200000,79.53000000,79.90000000,79.47000000,79.72000000,55004.43500000
1775530800000,79.73000000,79.91000000,79.70000000,79.80000000,49909.67900000
1775534400000,79.80000000,80.17000000,79.67000000,79.92000000,53054.29400000
1775538000000,79.93000000,79.97000000,79.46000000,79.61000000,82943.27500000
1775541600000,79.60000000,79.65000000,79.31000000,79.53000000,67709.24400000
1775545200000,79.54000000,79.94000000,79.45000000,79.87000000,100102.49900000
1775548800000,79.87000000,80.36000000,79.82000000,80.14000000,109240.90000000
1775552400000,80.15000000,80.59000000,80.15000000,80.39000000,89717.17300000
1775556000000,80.38000000,80.46000000,79.22000000,79.37000000,157809.51000000
1775559600000,79.37000000,79.55000000,78.95000000,79.21000000,140332.81800000
1775563200000,79.22000000,79.39000000,78.69000000,79.14000000,184497.57900000
1775566800000,79.14000000,79.24000000,78.83000000,78.87000000,101290.58000000
1775570400000,78.88000000,79.06000000,78.40000000,78.59000000,126202.77800000
1775574000000,78.59000000,78.99000000,78.38000000,78.86000000,119576.02700000
1775577600000,78.86000000,79.19000000,78.65000000,78.89000000,81371.02400000
1775581200000,78.89000000,81.00000000,78.83000000,80.07000000,304322.38800000
1775584800000,80.07000000,80.23000000,79.51000000,79.94000000,118328.06400000
1775588400000,79.93000000,81.83000000,79.89000000,81.63000000,347574.85500000
1775592000000,81.63000000,82.41000000,81.63000000,81.93000000,257327.64300000
1775595600000,81.94000000,83.24000000,81.87000000,82.91000000,234588.31100000
1775599200000,82.92000000,85.24000000,82.91000000,85.24000000,560183.24400000
1775602800000,85.24000000,87.02000000,85.10000000,85.56000000,715381.54600000
1775606400000,85.56000000,85.90000000,84.26000000,84.76000000,247016.52100000
1775610000000,84.77000000,84.98000000,84.45000000,84.69000000,113515.96700000
1775613600000,84.68000000,84.97000000,84.40000000,84.61000000,104830.33400000
1775617200000,84.60000000,84.68000000,84.37000000,84.56000000,115037.83900000
1775620800000,84.56000000,85.03000000,84.49000000,84.49000000,134212.64100000
1775624400000,84.50000000,84.76000000,84.16000000,84.22000000,91747.55800000
1775628000000,84.22000000,84.71000000,83.89000000,84.55000000,111881.62800000
1775631600000,84.55000000,84.71000000,84.21000000,84.50000000,113837.13400000
1775635200000,84.51000000,84.88000000,84.43000000,84.86000000,85905.27800000
1775638800000,84.86000000,84.98000000,84.53000000,84.66000000,60955.44900000
1775642400000,84.66000000,84.80000000,84.49000000,84.50000000,70221.60200000
1775646000000,84.50000000,84.83000000,84.11000000,84.45000000,176098.96400000
1775649600000,84.46000000,84.69000000,84.09000000,84.54000000,132750.31000000
1775653200000,84.54000000,84.98000000,83.92000000,84.05000000,261365.71500000
1775656800000,84.05000000,84.16000000,82.51000000,82.90000000,311306.46900000
1775660400000,82.90000000,83.46000000,82.80000000,83.34000000,168179.44500000
1775664000000,83.33000000,83.60000000,83.05000000,83.48000000,71291.38900000
1775667600000,83.49000000,84.18000000,83.30000000,83.97000000,91151.92100000
1775671200000,83.98000000,84.03000000,82.82000000,82.93000000,114437.64200000
1775674800000,82.93000000,83.24000000,82.77000000,83.19000000,64469.38100000
1775678400000,83.19000000,83.38000000,83.02000000,83.28000000,49413.96200000
1775682000000,83.27000000,83.61000000,83.18000000,83.40000000,43964.37500000
1775685600000,83.40000000,83.44000000,82.60000000,82.63000000,72635.81000000
1775689200000,82.63000000,83.02000000,82.24000000,82.57000000,146531.21400000
1775692800000,82.56000000,82.67000000,82.08000000,82.21000000,132005.33600000
1775696400000,82.21000000,82.35000000,81.70000000,82.22000000,183222.12400000
1775700000000,82.23000000,82.44000000,82.06000000,82.12000000,64351.47800000
1775703600000,82.12000000,82.18000000,81.87000000,82.03000000,87386.51800000
1775707200000,82.02000000,82.03000000,81.82000000,81.84000000,61470.34900000
1775710800000,81.83000000,82.33000000,81.74000000,82.17000000,73144.19000000
1775714400000,82.17000000,82.37000000,81.85000000,82.18000000,52778.67800000
1775718000000,82.18000000,82.48000000,82.18000000,82.29000000,48643.21700000
1775721600000,82.29000000,82.65000000,82.16000000,82.48000000,45985.47900000
1775725200000,82.47000000,82.69000000,82.11000000,82.61000000,64800.18800000
1775728800000,82.60000000,82.66000000,82.37000000,82.58000000,45852.28200000
1775732400000,82.58000000,82.71000000,82.03000000,82.18000000,71393.51600000
1775736000000,82.18000000,82.39000000,81.94000000,82.28000000,72628.78600000
1775739600000,82.28000000,82.42000000,81.57000000,81.87000000,82373.58900000
1775743200000,81.87000000,82.32000000,81.40000000,82.19000000,92354.17900000
1775746800000,82.19000000,83.94000000,81.91000000,83.75000000,278939.12300000
1775750400000,83.75000000,84.24000000,82.92000000,83.68000000,193520.17500000
1775754000000,83.68000000,84.69000000,83.66000000,84.65000000,217434.93000000
1775757600000,84.65000000,84.70000000,83.45000000,83.83000000,179510.68500000
1775761200000,83.83000000,84.31000000,83.41000000,84.17000000,153751.56500000
1775764800000,84.16000000,84.53000000,84.09000000,84.27000000,80470.02400000
1775768400000,84.26000000,84.72000000,84.13000000,84.27000000,122337.75100000
1775772000000,84.27000000,85.95000000,83.95000000,83.99000000,268929.04700000
1775775600000,83.99000000,84.06000000,83.15000000,83.33000000,102644.42000000
1775779200000,83.33000000,83.39000000,82.89000000,83.13000000,106076.78900000
1775782800000,83.12000000,83.79000000,82.82000000,83.16000000,97896.81400000
1775786400000,83.16000000,83.46000000,83.03000000,83.25000000,58872.21600000
1775790000000,83.25000000,83.27000000,82.62000000,82.90000000,74110.81200000
1775793600000,82.89000000,83.53000000,82.87000000,83.36000000,78773.17300000
1775797200000,83.35000000,83.59000000,83.12000000,83.39000000,54937.26000000
1775800800000,83.39000000,83.47000000,83.10000000,83.20000000,70158.70300000
1775804400000,83.20000000,83.27000000,82.86000000,82.95000000,47465.29800000
1775808000000,82.95000000,83.11000000,82.70000000,82.92000000,133201.20200000
1775811600000,82.92000000,83.59000000,82.90000000,83.53000000,99364.00700000
1775815200000,83.52000000,83.54000000,83.11000000,83.31000000,65271.58700000
1775818800000,83.31000000,83.74000000,83.30000000,83.52000000,134945.20800000
1775822400000,83.52000000,84.42000000,83.36000000,84.11000000,183460.86900000
1775826000000,84.11000000,84.40000000,83.59000000,84.27000000,133036.04900000
1775829600000,84.27000000,85.24000000,84.19000000,85.08000000,216425.38700000
1775833200000,85.08000000,85.58000000,84.07000000,84.24000000,160429.16600000
1775836800000,84.25000000,84.91000000,84.14000000,84.84000000,85238.65000000
1775840400000,84.84000000,84.90000000,84.45000000,84.87000000,52014.46400000
1775844000000,84.88000000,85.27000000,84.62000000,85.21000000,57375.27800000
1775847600000,85.21000000,85.47000000,85.11000000,85.44000000,60754.56700000
1775851200000,85.45000000,85.67000000,85.05000000,85.45000000,69761.56800000
1775854800000,85.44000000,85.45000000,84.97000000,85.23000000,52339.23200000
1775858400000,85.24000000,85.28000000,84.65000000,84.87000000,59124.25100000
1775862000000,84.87000000,84.95000000,84.75000000,84.83000000,35045.79300000
1775865600000,84.83000000,84.85000000,84.52000000,84.68000000,28546.48000000
1775869200000,84.68000000,84.73000000,84.38000000,84.67000000,36725.16500000
1775872800000,84.68000000,84.93000000,84.59000000,84.80000000,39096.63900000
1775876400000,84.81000000,84.90000000,84.31000000,84.40000000,47538.69400000
1775880000000,84.40000000,84.62000000,84.21000000,84.38000000,49222.32000000
1775883600000,84.38000000,84.40000000,84.05000000,84.09000000,63764.29300000
1775887200000,84.09000000,84.19000000,83.87000000,84.13000000,49293.30100000
1775890800000,84.13000000,84.35000000,84.07000000,84.28000000,33463.68400000
1775894400000,84.27000000,84.43000000,84.17000000,84.17000000,34965.90400000
1775898000000,84.16000000,84.80000000,84.14000000,84.50000000,59388.34300000
1775901600000,84.49000000,84.53000000,83.95000000,84.05000000,60670.40200000
1775905200000,84.06000000,84.28000000,83.80000000,84.24000000,51201.76700000
1775908800000,84.24000000,84.57000000,84.06000000,84.24000000,64550.74300000
1775912400000,84.23000000,84.32000000,83.84000000,84.11000000,48225.85300000
1775916000000,84.11000000,84.42000000,84.02000000,84.38000000,82096.42400000
1775919600000,84.38000000,84.88000000,84.21000000,84.66000000,113695.96200000
1775923200000,84.67000000,85.40000000,84.60000000,84.98000000,69762.01600000
1775926800000,84.98000000,85.01000000,84.68000000,84.80000000,44810.65400000
1775930400000,84.80000000,85.80000000,84.64000000,85.48000000,166783.80300000
1775934000000,85.48000000,86.26000000,85.42000000,86.01000000,132164.50900000
1775937600000,86.01000000,86.08000000,85.12000000,85.40000000,79054.72000000
1775941200000,85.41000000,85.54000000,85.20000000,85.34000000,37853.41100000
1775944800000,85.33000000,86.19000000,85.05000000,85.28000000,114525.56800000
1775948400000,85.28000000,85.28000000,84.52000000,84.93000000,63501.22800000
1775952000000,84.94000000,85.00000000,84.70000000,84.90000000,45244.29700000
1775955600000,84.89000000,84.98000000,82.04000000,82.31000000,308493.58300000
1775959200000,82.30000000,83.03000000,81.84000000,82.67000000,184059.69600000
1775962800000,82.67000000,82.79000000,82.32000000,82.33000000,92852.06600000
1775966400000,82.32000000,82.46000000,82.15000000,82.21000000,65456.67300000
1775970000000,82.22000000,82.49000000,82.06000000,82.40000000,73411.84500000
1775973600000,82.40000000,82.50000000,82.20000000,82.27000000,56546.41200000
1775977200000,82.27000000,82.45000000,82.23000000,82.27000000,36842.00100000
1775980800000,82.28000000,82.31000000,82.15000000,82.29000000,46663.04100000
1775984400000,82.29000000,82.41000000,82.13000000,82.21000000,60498.18200000
1775988000000,82.21000000,82.34000000,81.93000000,82.04000000,54315.17500000
1775991600000,82.04000000,82.36000000,81.92000000,82.22000000,98856.38600000
1775995200000,82.21000000,82.56000000,81.88000000,82.02000000,130758.90700000
1775998800000,82.01000000,82.23000000,81.77000000,81.89000000,116659.08300000
1776002400000,81.89000000,82.10000000,81.29000000,81.56000000,184978.18200000
1776006000000,81.57000000,81.82000000,81.27000000,81.59000000,86391.83500000
1776009600000,81.59000000,81.88000000,81.53000000,81.88000000,39104.61400000
1776013200000,81.88000000,82.30000000,81.75000000,82.18000000,55990.85200000
1776016800000,82.19000000,82.32000000,82.04000000,82.13000000,44304.43000000
1776020400000,82.14000000,82.32000000,81.92000000,81.99000000,27307.16100000
1776024000000,81.98000000,82.88000000,81.94000000,82.67000000,82141.45900000
1776027600000,82.68000000,82.88000000,82.44000000,82.80000000,62715.43700000
1776031200000,82.79000000,82.82000000,81.37000000,81.98000000,153139.80900000
1776034800000,81.98000000,81.98000000,81.27000000,81.53000000,68060.74000000
1776038400000,81.54000000,82.22000000,81.40000000,82.15000000,82279.65700000
1776042000000,82.15000000,82.35000000,81.97000000,82.33000000,65671.91100000
1776045600000,82.33000000,82.44000000,81.89000000,81.94000000,56634.82600000
1776049200000,81.95000000,82.07000000,81.73000000,81.91000000,40186.90600000
1776052800000,81.90000000,82.25000000,81.85000000,81.90000000,29772.84400000
1776056400000,81.91000000,81.99000000,81.54000000,81.85000000,37385.63600000
1776060000000,81.85000000,82.60000000,81.81000000,82.36000000,90795.83900000
1776063600000,82.36000000,82.41000000,81.86000000,82.17000000,58374.44500000
1776067200000,82.17000000,82.32000000,81.74000000,81.86000000,95661.88000000
1776070800000,81.87000000,82.22000000,81.76000000,81.86000000,92083.04300000
1776074400000,81.86000000,81.97000000,81.64000000,81.73000000,53558.16300000
1776078000000,81.73000000,82.05000000,81.69000000,81.86000000,50123.55500000
1776081600000,81.86000000,82.79000000,81.82000000,82.54000000,100934.57000000
1776085200000,82.54000000,83.67000000,82.29000000,83.60000000,232735.15100000
1776088800000,83.60000000,83.81000000,82.76000000,83.77000000,203777.82200000
1776092400000,83.76000000,83.82000000,82.35000000,82.65000000,144120.07900000
1776096000000,82.66000000,83.62000000,82.34000000,83.35000000,148206.82400000
1776099600000,83.35000000,83.84000000,83.01000000,83.05000000,82216.63700000
1776103200000,83.05000000,83.27000000,82.58000000,83.22000000,78705.86400000
1776106800000,83.21000000,84.25000000,83.10000000,84.09000000,183354.55100000
1776110400000,84.09000000,84.36000000,83.81000000,83.93000000,148194.59600000
1776114000000,83.93000000,84.14000000,83.83000000,83.95000000,71960.20700000
1776117600000,83.95000000,86.47000000,83.94000000,86.22000000,440130.76200000
1776121200000,86.22000000,86.81000000,85.91000000,86.51000000,363524.64700000
1776124800000,86.51000000,86.75000000,85.37000000,85.91000000,332884.83400000
1776128400000,85.90000000,86.12000000,85.67000000,85.95000000,121817.32300000
1776132000000,85.96000000,86.39000000,85.80000000,86.22000000,156685.60600000
1776135600000,86.21000000,86.27000000,85.98000000,86.05000000,65868.90100000
1776139200000,86.05000000,86.06000000,85.56000000,85.89000000,96691.97300000
1776142800000,85.89000000,85.92000000,85.43000000,85.50000000,56679.20300000
1776146400000,85.50000000,86.09000000,85.50000000,85.94000000,78580.52400000
1776150000000,85.95000000,86.20000000,85.79000000,85.88000000,133553.61000000
1776153600000,85.88000000,86.38000000,85.72000000,86.12000000,100718.98800000
1776157200000,86.13000000,86.26000000,85.97000000,86.08000000,72971.60000000
1776160800000,86.08000000,86.56000000,86.00000000,86.01000000,105853.74700000
1776164400000,86.01000000,86.11000000,85.60000000,85.78000000,174896.81200000
1776168000000,85.78000000,86.00000000,85.60000000,85.96000000,96400.84600000
1776171600000,85.96000000,87.41000000,85.92000000,87.29000000,300261.89800000
1776175200000,87.30000000,87.67000000,86.01000000,86.02000000,365845.85400000
1776178800000,86.02000000,86.32000000,85.25000000,85.95000000,229750.81600000
1776182400000,85.95000000,86.17000000,84.77000000,85.04000000,190450.40800000
1776186000000,85.04000000,85.45000000,84.70000000,85.24000000,98970.16500000
1776189600000,85.25000000,85.42000000,83.89000000,84.08000000,133156.72200000
1776193200000,84.08000000,84.32000000,83.71000000,83.95000000,148166.86700000
1776196800000,83.94000000,84.14000000,83.41000000,83.61000000,125333.73200000
1776200400000,83.61000000,83.95000000,83.54000000,83.82000000,75895.94900000
1776204000000,83.81000000,83.94000000,83.30000000,83.51000000,159541.96900000
1776207600000,83.51000000,84.06000000,83.46000000,83.72000000,112006.34500000
1776211200000,83.72000000,84.06000000,83.53000000,83.78000000,191698.64300000
1776214800000,83.78000000,84.03000000,83.55000000,83.91000000,132604.63900000
1776218400000,83.92000000,84.02000000,83.13000000,83.40000000,129297.80300000
1776222000000,83.40000000,83.52000000,83.29000000,83.45000000,39882.13900000
1776225600000,83.45000000,83.66000000,83.32000000,83.61000000,53482.98000000
1776229200000,83.60000000,83.79000000,82.95000000,83.14000000,129880.49600000
1776232800000,83.13000000,83.14000000,82.86000000,83.01000000,66020.40200000
1776236400000,83.01000000,83.22000000,82.65000000,82.92000000,114464.79400000
1776240000000,82.92000000,83.29000000,82.71000000,83.14000000,81498.95200000
1776243600000,83.14000000,83.24000000,82.87000000,83.16000000,73375.28600000
1776247200000,83.16000000,83.66000000,82.90000000,83.15000000,93362.48700000
1776250800000,83.16000000,83.68000000,83.06000000,83.61000000,98363.23900000
1776254400000,83.60000000,83.89000000,83.38000000,83.72000000,100348.26800000
1776258000000,83.71000000,83.81000000,83.21000000,83.63000000,120686.84500000
1776261600000,83.63000000,84.49000000,83.41000000,84.30000000,157451.70200000
1776265200000,84.31000000,84.47000000,83.50000000,84.00000000,141872.25800000
1776268800000,84.00000000,84.70000000,83.90000000,84.54000000,128392.20600000
1776272400000,84.54000000,85.14000000,84.44000000,84.69000000,129574.96000000
1776276000000,84.70000000,85.06000000,84.59000000,85.03000000,78508.13600000
1776279600000,85.03000000,85.83000000,84.93000000,85.51000000,151069.12100000
1776283200000,85.51000000,85.56000000,84.63000000,84.79000000,135827.10700000
1776286800000,84.79000000,84.89000000,84.18000000,84.78000000,92419.99800000
1776290400000,84.78000000,85.59000000,84.73000000,85.02000000,93709.13100000
1776294000000,85.02000000,85.03000000,84.62000000,84.90000000,68657.00100000
1776297600000,84.90000000,85.06000000,84.48000000,84.92000000,60078.79200000
1776301200000,84.93000000,84.93000000,84.45000000,84.85000000,48658.32400000
1776304800000,84.84000000,85.58000000,84.71000000,85.10000000,87837.02600000
1776308400000,85.10000000,85.50000000,85.08000000,85.28000000,73354.38700000
1776312000000,85.29000000,85.56000000,84.99000000,85.24000000,61129.35200000
1776315600000,85.23000000,85.52000000,85.06000000,85.40000000,46915.04300000
1776319200000,85.41000000,85.54000000,85.18000000,85.47000000,41697.54200000
1776322800000,85.48000000,85.71000000,85.11000000,85.21000000,92560.61900000
1776326400000,85.21000000,85.31000000,84.90000000,85.03000000,101991.84100000
1776330000000,85.04000000,85.51000000,84.96000000,85.20000000,112014.37800000
1776333600000,85.20000000,85.25000000,84.64000000,85.04000000,98249.50600000
1776337200000,85.04000000,85.17000000,84.94000000,85.07000000,45443.98700000
1776340800000,85.07000000,85.50000000,85.06000000,85.38000000,56250.48900000
1776344400000,85.38000000,86.28000000,83.80000000,84.79000000,288961.16900000
1776348000000,84.79000000,85.70000000,84.06000000,85.39000000,274478.21600000
1776351600000,85.39000000,87.13000000,85.29000000,86.62000000,437622.23500000
1776355200000,86.62000000,87.09000000,85.63000000,85.94000000,202425.78400000
1776358800000,85.93000000,86.78000000,85.69000000,86.64000000,161999.53600000
1776362400000,86.65000000,89.09000000,86.50000000,89.01000000,631298.72600000
1776366000000,89.01000000,90.16000000,88.66000000,90.10000000,365517.14800000
1776369600000,90.10000000,90.53000000,89.24000000,89.59000000,267119.39000000
1776373200000,89.59000000,89.77000000,88.72000000,88.93000000,165612.12300000
1776376800000,88.94000000,89.46000000,88.87000000,89.00000000,130240.87400000
1776380400000,88.99000000,89.22000000,88.81000000,89.05000000,88834.85400000
1776384000000,89.06000000,89.19000000,88.58000000,88.82000000,85258.25100000
1776387600000,88.81000000,89.01000000,87.91000000,88.24000000,112178.83600000
1776391200000,88.24000000,88.36000000,87.55000000,87.86000000,107658.67600000
1776394800000,87.87000000,87.97000000,87.48000000,87.72000000,61419.59400000
1776398400000,87.73000000,88.28000000,87.69000000,88.00000000,69680.33000000
1776402000000,88.01000000,88.01000000,87.41000000,87.41000000,111655.17600000
1776405600000,87.41000000,88.10000000,87.36000000,88.00000000,50926.29100000
1776409200000,88.01000000,88.47000000,87.96000000,88.12000000,118752.07900000
1776412800000,88.13000000,89.08000000,88.11000000,88.93000000,175046.30300000
1776416400000,88.94000000,89.53000000,88.30000000,88.72000000,170811.53300000
1776420000000,88.71000000,88.74000000,87.34000000,87.67000000,225418.91500000
1776423600000,87.67000000,88.33000000,87.62000000,88.21000000,80354.03000000
1776427200000,88.22000000,88.92000000,87.91000000,88.89000000,153748.48500000
1776430800000,88.89000000,90.51000000,88.57000000,90.12000000,1359556.70200000
1776434400000,90.13000000,90.73000000,89.63000000,90.03000000,343923.80800000
1776438000000,90.03000000,90.19000000,89.49000000,89.95000000,232735.55600000
1776441600000,89.95000000,90.59000000,89.89000000,90.42000000,159251.06000000
1776445200000,90.43000000,90.43000000,89.08000000,89.74000000,152668.55900000
1776448800000,89.74000000,89.83000000,88.88000000,89.17000000,112300.51100000
1776452400000,89.17000000,89.51000000,88.92000000,89.23000000,65089.35800000
1776456000000,89.24000000,89.37000000,88.51000000,89.00000000,93772.74300000
1776459600000,89.00000000,89.27000000,88.80000000,89.13000000,60853.08500000
1776463200000,89.12000000,89.47000000,88.94000000,89.22000000,58243.11200000
1776466800000,89.22000000,89.22000000,88.50000000,88.76000000,75905.39500000
1776470400000,88.77000000,89.14000000,88.66000000,88.96000000,48970.67100000
1776474000000,88.97000000,89.16000000,88.69000000,88.86000000,44592.73500000
1776477600000,88.86000000,89.10000000,88.67000000,88.94000000,32482.35700000
1776481200000,88.93000000,88.93000000,88.23000000,88.33000000,71580.66800000
1776484800000,88.34000000,88.55000000,88.24000000,88.36000000,72227.13200000
1776488400000,88.35000000,88.64000000,88.16000000,88.40000000,127683.44400000
1776492000000,88.40000000,88.62000000,88.30000000,88.50000000,56816.06400000
1776495600000,88.51000000,88.55000000,88.30000000,88.45000000,50042.38800000
1776499200000,88.45000000,88.50000000,87.10000000,87.56000000,232918.00000000
1776502800000,87.55000000,87.68000000,87.14000000,87.62000000,98947.07200000
1776506400000,87.62000000,87.63000000,86.77000000,86.97000000,151899.76700000
1776510000000,86.96000000,86.97000000,86.28000000,86.53000000,146972.06300000
1776513600000,86.54000000,86.96000000,86.51000000,86.91000000,98586.97800000
1776517200000,86.90000000,86.98000000,86.41000000,86.74000000,80883.18400000
1776520800000,86.73000000,86.86000000,86.43000000,86.82000000,57419.54400000
1776524400000,86.83000000,86.96000000,86.57000000,86.75000000,59070.87100000
1776528000000,86.75000000,86.98000000,86.43000000,86.70000000,74388.82500000
1776531600000,86.69000000,86.84000000,86.50000000,86.74000000,38873.48400000
1776535200000,86.74000000,86.75000000,85.78000000,85.95000000,121979.48000000
1776538800000,85.95000000,86.29000000,85.93000000,86.13000000,43439.19100000
1776542400000,86.12000000,86.30000000,86.00000000,86.18000000,35078.48300000
1776546000000,86.18000000,86.27000000,86.03000000,86.23000000,34183.22000000
1776549600000,86.23000000,86.36000000,85.92000000,86.30000000,75875.50200000
1776553200000,86.29000000,86.46000000,86.13000000,86.16000000,38279.42000000
1776556800000,86.15000000,86.38000000,85.86000000,86.01000000,57223.94200000
1776560400000,86.02000000,86.23000000,85.60000000,85.76000000,48997.97800000
1776564000000,85.76000000,85.86000000,85.24000000,85.53000000,83467.12000000
1776567600000,85.53000000,85.79000000,85.30000000,85.60000000,41129.48200000
1776571200000,85.60000000,85.96000000,85.14000000,85.58000000,82555.97800000
1776574800000,85.57000000,85.80000000,85.40000000,85.48000000,66328.95100000
1776578400000,85.49000000,85.66000000,85.14000000,85.45000000,83883.28000000
1776582000000,85.45000000,85.45000000,84.43000000,84.88000000,197613.90500000
1776585600000,84.88000000,85.14000000,84.62000000,84.80000000,119645.85200000
1776589200000,84.80000000,85.08000000,84.57000000,84.59000000,132055.57900000
1776592800000,84.59000000,84.90000000,84.44000000,84.79000000,62625.26300000
1776596400000,84.79000000,85.71000000,84.76000000,85.60000000,141872.07900000
1776600000000,85.61000000,85.96000000,85.55000000,85.79000000,96077.57900000
1776603600000,85.79000000,86.96000000,85.76000000,86.33000000,152065.71100000
1776607200000,86.34000000,87.12000000,85.98000000,86.53000000,164411.61000000
1776610800000,86.53000000,86.67000000,85.59000000,86.36000000,140416.06100000
1776614400000,86.35000000,86.50000000,85.72000000,85.86000000,73020.46600000
1776618000000,85.85000000,85.99000000,85.00000000,85.13000000,120654.58800000
1776621600000,85.14000000,85.30000000,84.88000000,85.11000000,92210.06100000
1776625200000,85.10000000,85.55000000,85.10000000,85.33000000,63856.71600000
1776628800000,85.33000000,85.35000000,84.72000000,84.94000000,98797.16700000
1776632400000,84.95000000,85.24000000,84.61000000,84.70000000,50887.13600000
1776636000000,84.69000000,84.69000000,82.94000000,83.77000000,315408.32200000
1776639600000,83.76000000,83.77000000,83.32000000,83.47000000,109644.23900000
1776643200000,83.47000000,84.19000000,83.34000000,84.00000000,141045.71400000
1776646800000,84.00000000,84.56000000,83.96000000,84.35000000,86913.60400000
1776650400000,84.36000000,84.39000000,83.72000000,84.21000000,62274.31000000
1776654000000,84.21000000,84.62000000,84.13000000,84.59000000,38416.72100000
1776657600000,84.59000000,84.62000000,84.26000000,84.58000000,45116.89900000
1776661200000,84.58000000,84.59000000,83.75000000,83.87000000,80771.68100000
1776664800000,83.88000000,84.75000000,83.78000000,84.46000000,87312.48700000
1776668400000,84.47000000,85.76000000,84.44000000,84.73000000,172846.75400000
1776672000000,84.74000000,85.14000000,84.57000000,84.69000000,84844.80600000
1776675600000,84.68000000,85.26000000,84.64000000,85.08000000,68420.16300000
1776679200000,85.08000000,85.40000000,84.82000000,84.86000000,71989.16300000
1776682800000,84.85000000,85.37000000,84.78000000,85.07000000,79807.50600000
1776686400000,85.06000000,85.54000000,84.85000000,85.32000000,94827.02700000
1776690000000,85.32000000,85.54000000,84.87000000,85.31000000,126381.10600000
1776693600000,85.31000000,85.81000000,84.54000000,84.80000000,211847.28700000
1776697200000,84.80000000,85.88000000,84.42000000,85.86000000,191197.26700000
1776700800000,85.86000000,85.88000000,85.26000000,85.31000000,71216.64300000
1776704400000,85.31000000,86.12000000,85.25000000,85.69000000,78669.48800000
1776708000000,85.70000000,86.22000000,85.70000000,86.07000000,170230.15500000
1776711600000,86.07000000,86.11000000,85.77000000,85.80000000,54551.55200000
1776715200000,85.80000000,86.17000000,85.66000000,85.95000000,84584.86600000
1776718800000,85.95000000,86.21000000,85.58000000,85.79000000,58847.70300000
1776722400000,85.80000000,86.07000000,85.60000000,85.70000000,46906.98500000
1776726000000,85.71000000,85.71000000,85.21000000,85.28000000,91326.86300000
1776729600000,85.29000000,85.77000000,85.22000000,85.66000000,60105.10000000
1776733200000,85.66000000,85.83000000,85.35000000,85.43000000,34346.20700000
1776736800000,85.44000000,85.46000000,85.17000000,85.27000000,53373.23000000
1776740400000,85.26000000,85.55000000,85.00000000,85.17000000,108159.26800000
1776744000000,85.17000000,85.47000000,85.02000000,85.44000000,69685.66100000
1776747600000,85.43000000,85.83000000,85.41000000,85.67000000,100744.59500000
1776751200000,85.68000000,85.95000000,85.19000000,85.67000000,82830.90800000
1776754800000,85.68000000,85.98000000,85.41000000,85.71000000,65624.68700000
1776758400000,85.71000000,86.38000000,85.63000000,85.81000000,91833.75700000
1776762000000,85.80000000,85.91000000,85.52000000,85.89000000,48774.10200000
1776765600000,85.89000000,86.32000000,85.84000000,86.16000000,55031.48500000
1776769200000,86.16000000,86.17000000,85.72000000,85.85000000,61157.72700000
1776772800000,85.85000000,86.04000000,85.17000000,85.52000000,100889.04500000
1776776400000,85.51000000,85.85000000,85.30000000,85.81000000,74144.26300000
1776780000000,85.82000000,86.89000000,85.61000000,85.76000000,173602.33300000
1776783600000,85.77000000,86.28000000,85.40000000,86.05000000,100946.10800000
1776787200000,86.05000000,86.30000000,85.66000000,85.69000000,98335.23200000
1776790800000,85.70000000,85.80000000,84.73000000,85.31000000,152884.36300000
1776794400000,85.32000000,85.39000000,84.73000000,85.25000000,89556.45000000
1776798000000,85.24000000,85.72000000,84.31000000,84.57000000,100723.14000000
1776801600000,84.57000000,85.75000000,84.43000000,85.42000000,177588.99900000
1776805200000,85.42000000,85.59000000,85.01000000,85.16000000,57815.66700000
1776808800000,85.15000000,85.45000000,84.99000000,85.36000000,60127.15000000
1776812400000,85.35000000,86.13000000,85.34000000,86.03000000,93307.79200000
1776816000000,86.04000000,86.51000000,86.01000000,86.48000000,127542.21600000
1776819600000,86.49000000,86.53000000,86.09000000,86.27000000,72415.90000000
1776823200000,86.27000000,87.57000000,86.20000000,87.42000000,253231.31600000
1776826800000,87.42000000,87.87000000,87.12000000,87.24000000,131610.95900000
1776830400000,87.25000000,87.33000000,86.97000000,87.08000000,58817.76100000
1776834000000,87.08000000,88.33000000,87.01000000,88.02000000,276098.05300000
1776837600000,88.02000000,88.19000000,87.79000000,87.96000000,142534.28600000
1776841200000,87.96000000,88.27000000,87.70000000,88.05000000,138120.08100000
1776844800000,88.06000000,88.29000000,87.60000000,88.01000000,129429.89400000
1776848400000,88.00000000,88.88000000,87.83000000,88.30000000,167123.19200000
1776852000000,88.30000000,88.43000000,88.13000000,88.33000000,59553.37300000
1776855600000,88.34000000,88.50000000,88.16000000,88.31000000,52236.22500000
1776859200000,88.31000000,88.67000000,88.22000000,88.58000000,128408.46400000
1776862800000,88.58000000,89.18000000,88.44000000,89.10000000,226273.15100000
1776866400000,89.10000000,89.32000000,88.47000000,88.75000000,254829.98500000
1776870000000,88.74000000,88.81000000,87.99000000,88.18000000,220060.94400000
1776873600000,88.19000000,88.46000000,87.53000000,87.65000000,177009.72800000
1776877200000,87.65000000,88.02000000,87.63000000,87.83000000,102242.70700000
1776880800000,87.83000000,88.37000000,87.80000000,87.81000000,78895.42900000
1776884400000,87.82000000,87.83000000,87.09000000,87.37000000,142486.93000000
1776888000000,87.38000000,87.49000000,87.09000000,87.14000000,51156.84100000
1776891600000,87.14000000,87.67000000,87.12000000,87.60000000,38391.91400000
1776895200000,87.59000000,87.72000000,87.30000000,87.43000000,42600.27700000
1776898800000,87.43000000,87.47000000,86.81000000,86.87000000,83802.20900000
1776902400000,86.86000000,87.18000000,85.97000000,86.86000000,172699.66700000
1776906000000,86.87000000,86.87000000,86.12000000,86.44000000,91214.74100000
1776909600000,86.43000000,86.44000000,85.73000000,85.95000000,106182.20200000
1776913200000,85.94000000,86.09000000,85.48000000,85.79000000,73218.06100000
1776916800000,85.78000000,86.00000000,85.65000000,85.96000000,64355.95500000
1776920400000,85.96000000,86.13000000,85.51000000,85.87000000,98369.17800000
1776924000000,85.87000000,86.23000000,85.84000000,86.18000000,74788.93900000
1776927600000,86.19000000,86.24000000,85.86000000,85.90000000,70942.29300000
1776931200000,85.91000000,85.94000000,85.54000000,85.69000000,95461.86400000
1776934800000,85.68000000,85.69000000,85.25000000,85.51000000,75732.37300000
1776938400000,85.51000000,85.60000000,85.20000000,85.41000000,73948.86700000
1776942000000,85.42000000,85.90000000,85.36000000,85.81000000,84102.28100000
1776945600000,85.82000000,86.10000000,85.69000000,85.97000000,80870.77600000
1776949200000,85.97000000,86.04000000,85.57000000,85.77000000,122926.00600000
1776952800000,85.76000000,86.19000000,85.55000000,86.06000000,115785.77700000
1776956400000,86.05000000,86.66000000,85.81000000,86.35000000,268215.49800000
1776960000000,86.36000000,86.42000000,85.78000000,85.81000000,162577.29200000
1776963600000,85.82000000,85.88000000,84.48000000,85.34000000,382435.06000000
1776967200000,85.35000000,85.68000000,85.23000000,85.26000000,158433.07500000
1776970800000,85.26000000,85.58000000,85.15000000,85.30000000,188600.33900000
1776974400000,85.30000000,85.85000000,85.29000000,85.61000000,106937.59800000
1776978000000,85.61000000,86.01000000,85.52000000,85.79000000,63174.88100000
1776981600000,85.80000000,86.25000000,85.80000000,85.97000000,100121.32200000
1776985200000,85.96000000,86.20000000,85.58000000,86.12000000,63569.19400000
1776988800000,86.12000000,86.36000000,86.04000000,86.19000000,58919.73000000
1776992400000,86.19000000,86.32000000,85.82000000,86.28000000,43107.55400000
1776996000000,86.28000000,86.36000000,85.78000000,85.89000000,30027.97600000
1776999600000,85.89000000,85.94000000,85.40000000,85.69000000,92613.02700000
1777003200000,85.69000000,85.71000000,85.14000000,85.32000000,53578.90700000
1777006800000,85.31000000,85.82000000,85.15000000,85.70000000,102036.13900000
1777010400000,85.70000000,85.73000000,85.33000000,85.44000000,43334.76200000
1777014000000,85.44000000,85.62000000,85.34000000,85.51000000,88411.57900000
1777017600000,85.50000000,85.73000000,85.29000000,85.34000000,84858.03500000
1777021200000,85.35000000,85.48000000,84.92000000,85.48000000,91687.32700000
1777024800000,85.47000000,85.76000000,85.18000000,85.71000000,71177.26500000
1777028400000,85.72000000,86.28000000,85.71000000,86.19000000,153894.16800000
1777032000000,86.20000000,86.79000000,86.06000000,86.33000000,163867.00200000
1777035600000,86.34000000,86.60000000,85.86000000,86.09000000,109644.85600000
1777039200000,86.08000000,86.23000000,85.67000000,86.05000000,89286.63100000
1777042800000,86.05000000,86.56000000,85.53000000,86.52000000,106778.77700000
1777046400000,86.52000000,86.58000000,86.09000000,86.35000000,74474.28200000
1777050000000,86.34000000,86.56000000,86.12000000,86.49000000,55769.85600000
1777053600000,86.49000000,86.54000000,85.95000000,86.36000000,36132.27000000
1777057200000,86.37000000,86.53000000,86.25000000,86.33000000,43896.72100000
1777060800000,86.32000000,86.90000000,86.22000000,86.85000000,104016.01500000
1777064400000,86.85000000,86.94000000,86.36000000,86.46000000,54955.94700000
1777068000000,86.45000000,86.46000000,86.10000000,86.17000000,43500.12400000
1777071600000,86.18000000,86.30000000,86.15000000,86.18000000,22605.71300000
1777075200000,86.18000000,86.26000000,86.03000000,86.23000000,28986.53600000
1777078800000,86.23000000,86.36000000,86.13000000,86.27000000,24186.90500000
1777082400000,86.28000000,86.40000000,86.16000000,86.29000000,22169.58800000
1777086000000,86.28000000,86.50000000,86.27000000,86.46000000,21495.79900000
1777089600000,86.46000000,86.51000000,86.29000000,86.34000000,20095.54100000
1777093200000,86.34000000,86.34000000,86.11000000,86.20000000,38638.35000000
1777096800000,86.20000000,86.66000000,86.19000000,86.45000000,42154.63500000
1777100400000,86.45000000,86.51000000,86.25000000,86.36000000,58814.02500000
1777104000000,86.36000000,86.80000000,86.30000000,86.63000000,74414.26900000
1777107600000,86.62000000,86.80000000,86.57000000,86.58000000,35097.57400000
1777111200000,86.58000000,86.73000000,86.57000000,86.63000000,23513.24900000
1777114800000,86.63000000,86.64000000,86.25000000,86.36000000,47570.77500000
1777118400000,86.36000000,86.43000000,86.23000000,86.39000000,35887.94500000
1777122000000,86.39000000,86.67000000,86.38000000,86.61000000,33820.92600000
1777125600000,86.61000000,86.66000000,86.46000000,86.47000000,30516.35100000
1777129200000,86.46000000,86.64000000,86.10000000,86.22000000,34293.68600000
1777132800000,86.22000000,86.33000000,85.61000000,85.88000000,90095.57800000
1777136400000,85.88000000,85.88000000,85.55000000,85.57000000,65893.50400000
1777140000000,85.56000000,85.82000000,85.53000000,85.70000000,132658.50400000
1777143600000,85.69000000,85.72000000,85.55000000,85.68000000,47083.52900000
1777147200000,85.68000000,85.92000000,85.61000000,85.90000000,19049.10400000
1777150800000,85.90000000,86.11000000,85.74000000,85.91000000,60195.90100000
1777154400000,85.91000000,86.18000000,85.86000000,86.11000000,26636.79900000
1777158000000,86.11000000,86.20000000,86.04000000,86.18000000,20663.36300000
1777161600000,86.19000000,86.22000000,85.93000000,86.03000000,21382.91900000
1777165200000,86.03000000,86.13000000,85.97000000,85.97000000,20257.17000000
1777168800000,85.97000000,86.40000000,85.97000000,86.40000000,41425.66700000
1777172400000,86.40000000,86.46000000,85.84000000,85.99000000,79527.90200000
1777176000000,85.99000000,86.73000000,85.92000000,86.45000000,94667.56100000
1777179600000,86.44000000,86.70000000,86.15000000,86.45000000,142921.57900000
1777183200000,86.44000000,86.59000000,86.38000000,86.50000000,22622.75200000
1777186800000,86.50000000,86.63000000,86.44000000,86.62000000,22892.85800000
1777190400000,86.63000000,86.76000000,86.51000000,86.57000000,37931.66800000
1777194000000,86.57000000,86.59000000,86.46000000,86.55000000,21834.95700000
1777197600000,86.54000000,86.61000000,86.42000000,86.48000000,33217.87000000
1777201200000,86.47000000,86.64000000,86.46000000,86.48000000,29754.69200000
1777204800000,86.49000000,86.49000000,85.90000000,86.09000000,109065.47700000
1777208400000,86.09000000,86.27000000,85.97000000,86.12000000,97003.61500000
1777212000000,86.12000000,86.50000000,86.06000000,86.42000000,59997.04600000
1777215600000,86.42000000,86.59000000,86.36000000,86.56000000,58213.93100000
1777219200000,86.55000000,86.60000000,86.38000000,86.41000000,36339.70500000
1777222800000,86.42000000,86.59000000,86.27000000,86.53000000,22387.75700000
1777226400000,86.53000000,86.99000000,86.43000000,86.82000000,82390.92700000
1777230000000,86.82000000,87.20000000,86.68000000,86.88000000,64929.56900000
1777233600000,86.89000000,86.94000000,86.60000000,86.68000000,39823.07800000
1777237200000,86.69000000,87.14000000,86.19000000,86.83000000,149837.10300000
1777240800000,86.82000000,87.32000000,86.33000000,86.73000000,105092.20400000
1777244400000,86.73000000,87.17000000,86.53000000,86.93000000,59983.44500000
1777248000000,86.93000000,87.40000000,86.53000000,87.35000000,449528.69800000
1777251600000,87.34000000,87.87000000,87.25000000,87.82000000,173120.48200000
1777255200000,87.82000000,88.08000000,87.36000000,87.81000000,107886.37200000
1777258800000,87.81000000,88.07000000,87.69000000,87.72000000,71272.34600000
1777262400000,87.72000000,87.84000000,87.41000000,87.51000000,50545.41100000
1777266000000,87.52000000,87.54000000,85.80000000,85.95000000,334055.43900000
1777269600000,85.95000000,86.06000000,85.42000000,85.72000000,143088.86000000
1777273200000,85.72000000,85.79000000,85.26000000,85.27000000,131489.49200000
1777276800000,85.27000000,85.53000000,85.05000000,85.51000000,144091.35200000
1777280400000,85.51000000,85.63000000,85.15000000,85.49000000,121837.23900000
1777284000000,85.48000000,85.58000000,85.15000000,85.18000000,137125.63700000
1777287600000,85.19000000,85.28000000,85.07000000,85.26000000,47605.48500000
1777291200000,85.26000000,85.26000000,84.91000000,85.09000000,94824.51900000
1777294800000,85.09000000,85.38000000,84.72000000,85.13000000,107504.86600000
1777298400000,85.13000000,85.83000000,85.00000000,85.23000000,128931.46300000
1777302000000,85.23000000,85.24000000,83.63000000,84.17000000,280239.46300000
1777305600000,84.17000000,84.40000000,84.04000000,84.29000000,87373.32400000
1777309200000,84.28000000,84.69000000,84.27000000,84.47000000,69647.05500000
1777312800000,84.47000000,84.70000000,84.42000000,84.57000000,35052.61600000
1777316400000,84.57000000,84.66000000,83.83000000,84.19000000,103227.31700000
1777320000000,84.18000000,84.35000000,84.14000000,84.29000000,45598.60600000
1777323600000,84.28000000,84.51000000,84.11000000,84.27000000,36976.65000000
1777327200000,84.27000000,84.61000000,84.19000000,84.54000000,43183.23000000
1777330800000,84.53000000,84.90000000,84.46000000,84.82000000,64895.76900000
1777334400000,84.82000000,84.93000000,84.59000000,84.83000000,38462.11600000
1777338000000,84.82000000,84.87000000,84.39000000,84.40000000,33356.18400000
1777341600000,84.40000000,84.64000000,83.90000000,84.18000000,77933.31400000
1777345200000,84.17000000,84.20000000,84.02000000,84.17000000,32325.58300000
1777348800000,84.18000000,84.43000000,83.79000000,84.06000000,309426.20200000
1777352400000,84.06000000,84.43000000,84.02000000,84.20000000,91923.26000000
1777356000000,84.21000000,84.31000000,83.68000000,83.95000000,64058.07900000
1777359600000,83.95000000,84.06000000,83.65000000,84.02000000,62941.48000000
1777363200000,84.01000000,84.19000000,83.76000000,83.95000000,41869.25400000
1777366800000,83.95000000,83.97000000,83.42000000,83.64000000,55070.64000000
1777370400000,83.64000000,83.82000000,83.63000000,83.82000000,27404.10900000
1777374000000,83.82000000,83.85000000,83.30000000,83.42000000,61291.25400000
1777377600000,83.42000000,83.74000000,83.25000000,83.69000000,85949.18600000
1777381200000,83.68000000,84.00000000,83.20000000,83.55000000,86257.38700000
1777384800000,83.54000000,83.54000000,82.98000000,83.40000000,133500.13200000
1777388400000,83.41000000,83.51000000,83.22000000,83.46000000,65377.95200000
1777392000000,83.46000000,83.69000000,83.32000000,83.59000000,57718.70000000
1777395600000,83.58000000,83.81000000,83.37000000,83.61000000,44206.38000000
1777399200000,83.61000000,83.83000000,83.59000000,83.81000000,38978.85900000
1777402800000,83.81000000,84.02000000,83.70000000,83.89000000,34416.77000000
1777406400000,83.89000000,83.99000000,83.78000000,83.79000000,27939.98000000
1777410000000,83.78000000,83.95000000,83.62000000,83.73000000,39232.45000000
1777413600000,83.73000000,83.99000000,83.58000000,83.72000000,67692.39500000
1777417200000,83.72000000,84.15000000,83.65000000,84.06000000,87062.77700000
1777420800000,84.06000000,84.19000000,83.82000000,84.07000000,106617.56900000
1777424400000,84.06000000,84.22000000,83.81000000,84.10000000,33665.29800000
1777428000000,84.10000000,84.22000000,83.93000000,84.06000000,26097.62900000
1777431600000,84.05000000,84.74000000,84.05000000,84.59000000,71307.94000000
1777435200000,84.60000000,85.06000000,84.45000000,84.95000000,79560.48800000
1777438800000,84.96000000,85.00000000,84.71000000,84.85000000,66751.66800000
1777442400000,84.84000000,85.00000000,84.54000000,84.63000000,74304.65800000
1777446000000,84.63000000,84.86000000,84.60000000,84.71000000,55474.77100000
1777449600000,84.71000000,84.75000000,84.36000000,84.52000000,44525.87400000
1777453200000,84.51000000,85.56000000,83.20000000,85.29000000,281886.94700000
1777456800000,85.30000000,85.55000000,85.13000000,85.14000000,123673.97100000
1777460400000,85.14000000,85.16000000,84.80000000,84.91000000,127030.90000000
1777464000000,84.91000000,84.92000000,83.93000000,84.24000000,164587.67600000
1777467600000,84.24000000,84.28000000,83.65000000,84.00000000,109132.31700000
1777471200000,84.01000000,84.05000000,83.65000000,83.85000000,85181.81800000
1777474800000,83.85000000,83.93000000,83.00000000,83.26000000,207594.12900000
1777478400000,83.25000000,83.65000000,82.97000000,83.13000000,110938.65400000
1777482000000,83.14000000,83.37000000,82.74000000,83.36000000,94361.89800000
1777485600000,83.36000000,83.44000000,81.40000000,82.30000000,381086.93900000
1777489200000,82.30000000,82.36000000,82.00000000,82.19000000,98013.99100000
1777492800000,82.20000000,82.81000000,82.17000000,82.62000000,87281.45400000
1777496400000,82.62000000,83.22000000,82.52000000,82.91000000,71149.84400000
1777500000000,82.91000000,83.13000000,82.81000000,83.07000000,38321.76400000
1777503600000,83.07000000,83.11000000,82.82000000,83.04000000,37515.39900000
1777507200000,83.05000000,84.01000000,83.05000000,83.81000000,135602.64400000
1777510800000,83.80000000,84.00000000,83.66000000,83.75000000,60974.87400000
1777514400000,83.75000000,83.96000000,82.70000000,82.98000000,87928.98800000
1777518000000,82.98000000,83.24000000,82.86000000,83.06000000,34343.42300000
1777521600000,83.06000000,83.09000000,82.37000000,82.39000000,65352.69800000
1777525200000,82.40000000,82.79000000,82.16000000,82.57000000,55332.06000000
1777528800000,82.57000000,83.05000000,82.53000000,82.94000000,41984.12200000
1777532400000,82.95000000,83.39000000,82.90000000,83.35000000,95647.33500000
1777536000000,83.35000000,83.43000000,83.12000000,83.13000000,69631.31300000
1777539600000,83.12000000,83.55000000,83.06000000,83.15000000,41720.70300000
1777543200000,83.14000000,83.22000000,82.92000000,83.00000000,39540.48800000
1777546800000,83.01000000,83.39000000,82.79000000,83.01000000,60285.66200000
1777550400000,83.01000000,83.48000000,82.99000000,83.22000000,51331.05000000
1777554000000,83.22000000,83.56000000,82.88000000,83.21000000,61084.35800000
1777557600000,83.22000000,83.42000000,82.69000000,83.23000000,88355.98000000
1777561200000,83.23000000,83.83000000,83.03000000,83.36000000,87142.85800000
1777564800000,83.36000000,83.43000000,82.94000000,83.02000000,36573.76800000
1777568400000,83.02000000,83.14000000,82.87000000,83.04000000,56559.86800000
1777572000000,83.03000000,83.31000000,82.98000000,83.07000000,33383.34100000
1777575600000,83.06000000,83.29000000,83.00000000,83.04000000,45383.69100000
1777579200000,83.04000000,83.19000000,82.97000000,83.09000000,38846.04600000
1777582800000,83.10000000,83.14000000,82.83000000,82.85000000,31868.21600000
1777586400000,82.86000000,83.04000000,82.78000000,82.85000000,32161.66700000
1777590000000,82.85000000,83.09000000,82.85000000,83.09000000,21556.45800000
1777593600000,83.09000000,83.41000000,83.08000000,83.20000000,51546.84900000
1777597200000,83.20000000,83.69000000,83.19000000,83.61000000,59634.38000000
1777600800000,83.62000000,83.84000000,83.45000000,83.63000000,64650.93100000
1777604400000,83.62000000,84.38000000,83.56000000,83.89000000,87729.79700000
1777608000000,83.90000000,84.06000000,83.69000000,83.82000000,47884.73100000
1777611600000,83.81000000,84.23000000,83.74000000,84.05000000,78248.94000000
1777615200000,84.06000000,84.18000000,83.69000000,83.85000000,40771.81100000
1777618800000,83.86000000,83.97000000,83.67000000,83.96000000,122847.45000000
1777622400000,83.96000000,84.30000000,83.90000000,84.18000000,54059.79700000
1777626000000,84.18000000,84.19000000,83.89000000,83.97000000,63899.28200000
1777629600000,83.96000000,84.08000000,83.69000000,83.95000000,60312.68400000
1777633200000,83.96000000,84.22000000,83.87000000,84.01000000,36212.26000000
1777636800000,84.01000000,84.59000000,83.92000000,84.27000000,116975.37300000
1777640400000,84.27000000,84.86000000,84.24000000,84.60000000,145848.95700000
1777644000000,84.61000000,84.73000000,83.89000000,84.22000000,138280.49600000
1777647600000,84.21000000,84.62000000,84.01000000,84.47000000,116591.91600000
1777651200000,84.46000000,84.63000000,83.98000000,83.99000000,115466.21800000
1777654800000,83.99000000,84.28000000,83.92000000,84.23000000,49346.91500000
1777658400000,84.23000000,84.31000000,83.98000000,83.99000000,40359.45400000
1777662000000,83.99000000,84.07000000,83.79000000,83.90000000,60624.48200000
1777665600000,83.90000000,83.93000000,83.33000000,83.49000000,92171.08600000
1777669200000,83.48000000,83.80000000,83.41000000,83.72000000,46962.00700000
1777672800000,83.72000000,83.89000000,83.57000000,83.75000000,32960.37700000
1777676400000,83.74000000,83.90000000,83.56000000,83.76000000,74681.76600000
1777680000000,83.76000000,83.87000000,83.44000000,83.82000000,61212.61500000
1777683600000,83.83000000,84.05000000,83.77000000,84.03000000,25991.79400000
1777687200000,84.04000000,84.18000000,83.86000000,83.95000000,49527.08000000
1777690800000,83.94000000,83.98000000,83.70000000,83.82000000,29877.08200000
1777694400000,83.82000000,83.83000000,83.56000000,83.64000000,37522.79200000
1777698000000,83.64000000,83.75000000,83.54000000,83.70000000,25771.13100000
1777701600000,83.71000000,83.85000000,83.58000000,83.82000000,21004.55300000
1777705200000,83.83000000,83.86000000,83.72000000,83.74000000,26716.01900000
1777708800000,83.73000000,83.89000000,83.64000000,83.85000000,29367.36600000
1777712400000,83.85000000,84.17000000,83.83000000,84.00000000,70287.55200000
1777716000000,84.01000000,84.01000000,83.87000000,83.95000000,21697.18600000
1777719600000,83.94000000,83.94000000,83.52000000,83.70000000,44369.80100000
1777723200000,83.70000000,84.11000000,83.67000000,83.86000000,87564.94400000
1777726800000,83.87000000,84.08000000,83.86000000,83.94000000,40917.13900000
1777730400000,83.95000000,84.10000000,83.91000000,83.98000000,33210.79300000
1777734000000,83.98000000,84.07000000,83.93000000,84.04000000,21754.15800000
1777737600000,84.04000000,84.28000000,84.02000000,84.20000000,50881.05400000
1777741200000,84.20000000,84.21000000,84.00000000,84.05000000,23075.26000000
1777744800000,84.04000000,84.22000000,83.95000000,84.19000000,37581.45400000
1777748400000,84.20000000,84.31000000,84.17000000,84.22000000,18693.44300000
1777752000000,84.23000000,84.23000000,84.09000000,84.18000000,20752.40000000
1777755600000,84.19000000,84.97000000,84.15000000,84.55000000,103689.07600000
1777759200000,84.55000000,84.64000000,84.07000000,84.46000000,67579.88700000
1777762800000,84.45000000,84.51000000,84.22000000,84.26000000,78714.92000000
1777766400000,84.26000000,84.31000000,83.83000000,84.08000000,101338.34500000
1777770000000,84.08000000,84.08000000,83.72000000,83.75000000,58510.07700000
1777773600000,83.74000000,83.81000000,83.60000000,83.66000000,52438.38900000
1777777200000,83.66000000,83.74000000,83.58000000,83.67000000,34615.22500000
1777780800000,83.66000000,83.76000000,83.58000000,83.70000000,32617.70900000
1777784400000,83.70000000,83.86000000,83.67000000,83.76000000,21761.70500000
1777788000000,83.75000000,83.88000000,83.60000000,83.76000000,18777.99700000
1777791600000,83.76000000,84.02000000,83.75000000,83.88000000,64858.18900000
1777795200000,83.88000000,84.03000000,83.83000000,83.90000000,22629.47400000
1777798800000,83.89000000,84.11000000,83.88000000,84.06000000,41813.88900000
1777802400000,84.06000000,84.06000000,83.82000000,83.83000000,29559.32500000
1777806000000,83.82000000,84.20000000,83.75000000,83.96000000,69335.38300000
1777809600000,83.96000000,84.24000000,83.95000000,84.11000000,48345.21200000
1777813200000,84.11000000,84.22000000,83.99000000,84.10000000,31560.69500000
1777816800000,84.10000000,84.45000000,84.10000000,84.37000000,64998.68500000
1777820400000,84.37000000,84.44000000,84.11000000,84.16000000,54564.08600000
1777824000000,84.16000000,84.29000000,84.01000000,84.14000000,31005.07000000
1777827600000,84.15000000,84.33000000,84.00000000,84.20000000,30425.71400000
1777831200000,84.20000000,84.32000000,84.11000000,84.26000000,28205.49900000
1777834800000,84.26000000,84.50000000,84.24000000,84.38000000,30787.89200000
1777838400000,84.37000000,84.73000000,84.25000000,84.34000000,68290.01200000
1777842000000,84.34000000,84.46000000,83.88000000,84.14000000,69229.50300000
1777845600000,84.14000000,84.97000000,84.14000000,84.68000000,158795.94800000
1777849200000,84.67000000,84.79000000,83.87000000,83.91000000,104183.49900000
1777852800000,83.91000000,83.91000000,83.35000000,83.78000000,165599.52500000
1777856400000,83.78000000,84.93000000,83.43000000,84.77000000,191189.92900000
1777860000000,84.77000000,85.67000000,84.74000000,85.26000000,476617.46800000
1777863600000,85.26000000,85.58000000,85.11000000,85.41000000,115290.62500000
1777867200000,85.40000000,85.90000000,85.38000000,85.76000000,160903.88300000
1777870800000,85.77000000,85.80000000,85.28000000,85.38000000,173760.35600000
1777874400000,85.39000000,85.41000000,84.51000000,84.88000000,190382.53100000
1777878000000,84.88000000,85.01000000,84.68000000,84.87000000,46693.47800000
1777881600000,84.87000000,84.91000000,84.62000000,84.77000000,49877.78200000
1777885200000,84.77000000,85.20000000,84.68000000,85.03000000,73486.25400000
1777888800000,85.04000000,85.07000000,83.23000000,84.04000000,445109.10600000
1777892400000,84.04000000,84.15000000,83.83000000,83.95000000,82837.53900000
1777896000000,83.96000000,84.16000000,83.85000000,83.90000000,62536.14600000
1777899600000,83.89000000,84.34000000,83.59000000,84.00000000,109750.12700000
1777903200000,84.00000000,85.32000000,83.78000000,84.99000000,233613.63100000
1777906800000,84.99000000,85.18000000,83.99000000,84.47000000,299820.75600000
1777910400000,84.47000000,84.80000000,83.98000000,84.49000000,139026.59900000
1777914000000,84.48000000,85.19000000,84.48000000,84.93000000,149784.07500000
1777917600000,84.94000000,85.04000000,84.58000000,84.74000000,62608.74500000
1777921200000,84.74000000,84.76000000,84.36000000,84.44000000,43262.99400000
1777924800000,84.45000000,84.47000000,84.06000000,84.09000000,44687.27200000
1777928400000,84.09000000,84.51000000,84.08000000,84.43000000,37653.76200000
1777932000000,84.42000000,84.56000000,84.18000000,84.22000000,69935.77100000
1777935600000,84.22000000,84.23000000,84.02000000,84.10000000,44878.86400000
1777939200000,84.11000000,84.38000000,84.04000000,84.33000000,51790.39800000
1777942800000,84.33000000,84.47000000,84.14000000,84.41000000,49635.65000000
1777946400000,84.41000000,84.80000000,84.34000000,84.51000000,70518.81400000
1777950000000,84.51000000,84.97000000,84.41000000,84.78000000,86025.60600000
1777953600000,84.77000000,84.90000000,84.59000000,84.78000000,102045.58900000
1777957200000,84.78000000,85.12000000,84.72000000,84.92000000,168216.62300000
1777960800000,84.93000000,85.00000000,84.54000000,84.98000000,98845.99100000
1777964400000,84.99000000,85.06000000,84.78000000,84.87000000,96601.69200000
1777968000000,84.88000000,84.91000000,84.69000000,84.78000000,45117.10400000
1777971600000,84.79000000,84.80000000,84.45000000,84.53000000,69999.89600000
1777975200000,84.54000000,84.93000000,84.43000000,84.90000000,58350.43400000
1777978800000,84.90000000,85.01000000,84.70000000,84.97000000,62103.59600000
1777982400000,84.97000000,85.35000000,84.90000000,85.31000000,92374.56300000
1777986000000,85.31000000,86.10000000,85.31000000,85.63000000,352521.90700000
1777989600000,85.63000000,85.75000000,85.19000000,85.48000000,121684.76600000
1777993200000,85.47000000,85.88000000,85.35000000,85.50000000,97097.35000000
1777996800000,85.50000000,85.70000000,85.00000000,85.31000000,122049.34700000
1778000400000,85.32000000,85.53000000,85.12000000,85.45000000,27753.30700000
1778004000000,85.46000000,85.88000000,85.43000000,85.87000000,79396.67200000
1778007600000,85.87000000,86.56000000,85.80000000,86.49000000,187643.31300000
1778011200000,86.49000000,86.90000000,86.42000000,86.64000000,125495.39200000
1778014800000,86.65000000,86.93000000,86.26000000,86.72000000,119579.79600000
1778018400000,86.71000000,86.98000000,86.20000000,86.58000000,132342.51900000
1778022000000,86.57000000,86.67000000,86.17000000,86.29000000,61697.80100000
1778025600000,86.29000000,86.55000000,86.10000000,86.38000000,104611.40700000
1778029200000,86.38000000,87.00000000,86.31000000,86.86000000,75423.27800000
1778032800000,86.86000000,86.93000000,86.39000000,86.88000000,70600.83000000
1778036400000,86.89000000,87.51000000,86.88000000,87.33000000,207414.47700000
1778040000000,87.34000000,87.43000000,86.67000000,86.81000000,97077.21100000
1778043600000,86.80000000,87.46000000,86.75000000,87.41000000,139765.49500000
1778047200000,87.40000000,87.54000000,87.17000000,87.49000000,97202.09300000
1778050800000,87.49000000,87.89000000,87.46000000,87.70000000,95164.61500000
1778054400000,87.71000000,89.22000000,87.64000000,89.02000000,327673.23000000
1778058000000,89.02000000,89.54000000,88.59000000,89.48000000,315441.47500000
1778061600000,89.48000000,89.69000000,89.21000000,89.38000000,200162.04600000
1778065200000,89.38000000,90.03000000,89.31000000,89.87000000,182888.34700000
1778068800000,89.87000000,89.97000000,89.50000000,89.66000000,170431.86900000
1778072400000,89.66000000,89.66000000,88.07000000,88.33000000,368445.25300000
1778076000000,88.33000000,88.85000000,87.47000000,88.40000000,277070.48300000
1778079600000,88.40000000,89.06000000,88.30000000,88.97000000,123948.23800000
1778083200000,88.97000000,89.51000000,88.59000000,89.18000000,132083.21000000
1778086800000,89.18000000,89.44000000,88.53000000,88.83000000,107139.94800000
1778090400000,88.83000000,89.15000000,88.50000000,88.99000000,69118.32700000
1778094000000,88.98000000,89.32000000,88.90000000,89.27000000,57644.02800000
1778097600000,89.27000000,89.62000000,88.92000000,89.19000000,70319.08600000
1778101200000,89.19000000,89.60000000,89.07000000,89.47000000,86317.30400000
1778104800000,89.48000000,89.57000000,89.01000000,89.07000000,49468.00400000
1778108400000,89.07000000,89.18000000,88.65000000,89.16000000,57845.77600000
1778112000000,89.16000000,89.27000000,88.21000000,88.32000000,104627.91700000
1778115600000,88.32000000,88.53000000,87.90000000,88.31000000,88913.85200000
1778119200000,88.31000000,88.37000000,87.80000000,88.15000000,68125.63300000
1778122800000,88.14000000,88.15000000,87.63000000,87.75000000,73538.97100000
1778126400000,87.75000000,88.38000000,87.69000000,88.36000000,68645.44400000
1778130000000,88.37000000,88.91000000,88.32000000,88.65000000,121904.46100000
1778133600000,88.66000000,89.28000000,88.22000000,89.27000000,130700.69200000
1778137200000,89.28000000,90.44000000,89.14000000,90.16000000,257393.82300000
1778140800000,90.17000000,90.27000000,89.48000000,89.58000000,141624.92600000
1778144400000,89.59000000,89.60000000,89.20000000,89.46000000,102478.32200000
1778148000000,89.46000000,89.53000000,88.76000000,89.17000000,113606.73600000
1778151600000,89.17000000,89.69000000,89.17000000,89.57000000,105833.65400000
1778155200000,89.56000000,90.10000000,89.52000000,89.77000000,155489.05600000
1778158800000,89.76000000,89.76000000,88.38000000,88.68000000,276171.16800000
1778162400000,88.67000000,88.91000000,87.83000000,88.15000000,226519.28900000
1778166000000,88.15000000,88.58000000,87.79000000,88.32000000,129699.97700000
1778169600000,88.32000000,88.79000000,88.08000000,88.43000000,148766.93400000
1778173200000,88.44000000,88.86000000,87.96000000,88.80000000,83796.64100000
1778176800000,88.80000000,89.05000000,88.24000000,88.58000000,96654.08600000
1778180400000,88.58000000,88.74000000,88.22000000,88.45000000,59544.97400000
1778184000000,88.45000000,88.88000000,88.04000000,88.07000000,67246.74300000
1778187600000,88.07000000,88.23000000,87.67000000,87.97000000,96637.17400000
1778191200000,87.97000000,88.22000000,87.68000000,88.10000000,142223.35200000
1778194800000,88.09000000,88.48000000,88.06000000,88.42000000,32036.67600000
1778198400000,88.43000000,88.65000000,88.10000000,88.27000000,58894.19200000
1778202000000,88.27000000,88.37000000,87.92000000,88.13000000,41582.03900000
1778205600000,88.14000000,88.35000000,87.60000000,88.06000000,94579.37900000
1778209200000,88.06000000,88.37000000,87.63000000,88.22000000,79053.40500000
1778212800000,88.23000000,88.37000000,88.01000000,88.18000000,51039.65000000
1778216400000,88.17000000,88.42000000,88.05000000,88.05000000,50154.66700000
1778220000000,88.05000000,88.29000000,87.83000000,88.05000000,84278.01500000
1778223600000,88.05000000,88.23000000,87.65000000,88.22000000,154934.55700000
1778227200000,88.23000000,88.63000000,88.01000000,88.38000000,174012.24900000
1778230800000,88.38000000,88.72000000,88.23000000,88.44000000,74514.97800000
1778234400000,88.44000000,89.10000000,88.28000000,88.63000000,95571.51400000
1778238000000,88.64000000,88.74000000,88.47000000,88.64000000,63391.81600000
1778241600000,88.64000000,88.87000000,88.37000000,88.46000000,73483.08600000
1778245200000,88.47000000,88.56000000,88.01000000,88.34000000,89404.77800000
1778248800000,88.34000000,89.38000000,88.34000000,89.15000000,139037.71000000
1778252400000,89.16000000,89.60000000,88.43000000,89.59000000,98944.29200000
1778256000000,89.60000000,89.79000000,89.34000000,89.59000000,95968.23000000
1778259600000,89.60000000,91.95000000,89.56000000,91.65000000,397485.86900000
1778263200000,91.66000000,92.56000000,91.65000000,92.32000000,224383.48400000
1778266800000,92.32000000,92.80000000,92.04000000,92.60000000,169394.77800000
1778270400000,92.61000000,92.67000000,92.01000000,92.11000000,110211.48600000
1778274000000,92.12000000,92.39000000,91.75000000,92.30000000,83725.38900000
1778277600000,92.31000000,92.71000000,92.25000000,92.30000000,70571.61600000
1778281200000,92.30000000,92.30000000,91.73000000,92.01000000,69817.68000000
1778284800000,92.02000000,92.62000000,91.85000000,92.48000000,69972.00900000
1778288400000,92.48000000,93.91000000,92.42000000,93.51000000,317239.38900000
1778292000000,93.52000000,93.80000000,93.30000000,93.51000000,113673.56600000
1778295600000,93.51000000,93.77000000,93.41000000,93.64000000,75542.76800000
1778299200000,93.65000000,94.17000000,93.12000000,93.24000000,150603.32700000
1778302800000,93.24000000,93.78000000,92.84000000,93.75000000,115539.11500000
1778306400000,93.75000000,94.13000000,93.21000000,93.54000000,121346.79900000
1778310000000,93.54000000,94.00000000,93.34000000,93.76000000,108609.12100000
1778313600000,93.76000000,93.95000000,93.66000000,93.72000000,60729.91000000
1778317200000,93.71000000,93.71000000,93.05000000,93.29000000,100947.29700000
1778320800000,93.29000000,93.60000000,93.09000000,93.38000000,62974.35400000
1778324400000,93.38000000,93.69000000,93.33000000,93.62000000,42523.86400000
1778328000000,93.61000000,93.74000000,93.27000000,93.45000000,42377.01900000
1778331600000,93.45000000,93.47000000,93.01000000,93.47000000,54388.12800000
1778335200000,93.46000000,93.47000000,92.77000000,92.88000000,85544.61300000
1778338800000,92.88000000,93.01000000,92.39000000,93.01000000,106211.74600000
1778342400000,93.01000000,93.31000000,92.69000000,92.76000000,108396.57100000
1778346000000,92.77000000,93.48000000,92.76000000,93.21000000,51524.29600000
1778349600000,93.21000000,93.65000000,93.15000000,93.37000000,47121.01300000
1778353200000,93.37000000,93.58000000,93.22000000,93.51000000,27566.93100000
1778356800000,93.51000000,93.51000000,93.15000000,93.26000000,27584.43500000
1778360400000,93.25000000,93.56000000,93.25000000,93.49000000,29250.32100000
1778364000000,93.50000000,93.53000000,93.22000000,93.33000000,28953.09600000
1778367600000,93.33000000,93.49000000,93.05000000,93.13000000,25653.00800000
1778371200000,93.12000000,93.34000000,92.92000000,93.03000000,56620.24000000
1778374800000,93.03000000,93.03000000,92.60000000,92.97000000,50097.76400000
1778378400000,92.96000000,93.11000000,92.81000000,93.04000000,91209.48300000
1778382000000,93.05000000,93.51000000,92.98000000,93.42000000,114076.26400000
1778385600000,93.41000000,93.50000000,93.24000000,93.35000000,47407.39700000
1778389200000,93.36000000,93.50000000,93.24000000,93.34000000,29129.25600000
1778392800000,93.34000000,93.46000000,93.25000000,93.41000000,28480.45900000
1778396400000,93.41000000,93.63000000,93.37000000,93.46000000,43119.11500000
1778400000000,93.46000000,94.09000000,93.42000000,94.06000000,112531.09300000
1778403600000,94.06000000,94.80000000,94.06000000,94.30000000,151172.04200000
1778407200000,94.31000000,94.37000000,93.59000000,93.87000000,111118.10000000
1778410800000,93.86000000,94.02000000,92.91000000,93.55000000,136882.13900000
1778414400000,93.56000000,93.62000000,93.20000000,93.32000000,49753.18700000
1778418000000,93.31000000,93.94000000,93.24000000,93.77000000,82959.77000000
1778421600000,93.76000000,94.13000000,93.68000000,93.89000000,68907.12700000
1778425200000,93.89000000,94.73000000,93.89000000,94.53000000,119230.44700000
1778428800000,94.53000000,94.98000000,94.18000000,94.84000000,124904.23200000
1778432400000,94.84000000,96.50000000,94.84000000,96.49000000,267411.97300000
1778436000000,96.49000000,97.00000000,96.12000000,96.44000000,154698.03600000
1778439600000,96.43000000,96.88000000,95.75000000,96.47000000,108319.48800000
1778443200000,96.47000000,96.60000000,93.43000000,94.52000000,246294.26000000
1778446800000,94.51000000,95.60000000,94.47000000,95.08000000,105506.07000000
1778450400000,95.07000000,96.36000000,94.89000000,96.23000000,117448.13800000
1778454000000,96.24000000,96.86000000,95.99000000,96.47000000,141892.91500000
1778457600000,96.46000000,96.67000000,95.33000000,95.79000000,206743.72100000
1778461200000,95.79000000,96.40000000,95.32000000,96.05000000,151946.80600000
1778464800000,96.05000000,96.14000000,95.19000000,95.30000000,144781.89900000
1778468400000,95.30000000,95.34000000,94.46000000,94.76000000,163954.10000000
1778472000000,94.76000000,95.21000000,94.43000000,94.97000000,66738.20000000
1778475600000,94.97000000,95.88000000,94.94000000,95.71000000,91172.61500000
1778479200000,95.71000000,96.16000000,95.42000000,95.49000000,82022.41400000
1778482800000,95.50000000,95.58000000,95.17000000,95.33000000,77318.17900000
1778486400000,95.34000000,95.37000000,94.58000000,94.79000000,159754.60900000
1778490000000,94.78000000,95.35000000,94.76000000,95.30000000,67519.64300000
1778493600000,95.30000000,95.57000000,95.05000000,95.07000000,79536.02600000
1778497200000,95.06000000,95.49000000,94.89000000,95.25000000,82610.66300000
1778500800000,95.26000000,95.39000000,94.67000000,94.81000000,105823.29700000
1778504400000,94.80000000,95.48000000,94.56000000,95.23000000,162098.56200000
1778508000000,95.22000000,95.87000000,94.30000000,95.17000000,237291.41400000
1778511600000,95.18000000,96.80000000,94.90000000,96.80000000,244438.13800000
1778515200000,96.79000000,98.00000000,96.50000000,97.35000000,322883.75300000
1778518800000,97.34000000,97.97000000,96.90000000,97.77000000,125546.56800000
1778522400000,97.77000000,98.10000000,97.26000000,97.29000000,129225.94500000
1778526000000,97.29000000,98.39000000,97.01000000,98.19000000,116468.54500000
1778529600000,98.19000000,98.41000000,97.61000000,97.63000000,89238.47800000
1778533200000,97.64000000,97.81000000,97.33000000,97.41000000,50776.31300000
1778536800000,97.41000000,97.84000000,97.36000000,97.65000000,38937.03400000
1778540400000,97.65000000,97.65000000,97.10000000,97.37000000,81223.04300000
1778544000000,97.37000000,97.68000000,97.18000000,97.54000000,88583.69300000
1778547600000,97.54000000,97.67000000,95.54000000,96.28000000,247696.10400000
1778551200000,96.29000000,96.72000000,96.14000000,96.55000000,129651.45100000
1778554800000,96.55000000,96.64000000,96.05000000,96.14000000,65094.04300000
1778558400000,96.14000000,96.50000000,96.07000000,96.36000000,46943.55500000
1778562000000,96.37000000,96.77000000,96.23000000,96.58000000,56072.06600000
1778565600000,96.58000000,97.00000000,96.16000000,96.21000000,65063.82800000
1778569200000,96.20000000,96.31000000,95.82000000,96.05000000,90147.90600000
1778572800000,96.05000000,96.15000000,95.40000000,95.65000000,156889.56700000
1778576400000,95.65000000,96.06000000,95.29000000,95.78000000,226069.37100000
1778580000000,95.78000000,95.97000000,94.94000000,95.00000000,132724.23400000
1778583600000,95.00000000,95.05000000,94.60000000,94.98000000,101740.46600000
1778587200000,94.97000000,95.56000000,94.39000000,95.22000000,207135.03600000
1778590800000,95.22000000,95.40000000,94.55000000,94.70000000,145366.43700000
1778594400000,94.71000000,95.24000000,94.38000000,94.54000000,174677.52000000
1778598000000,94.55000000,94.78000000,93.55000000,93.85000000,260980.26800000
1778601600000,93.85000000,94.32000000,93.60000000,93.83000000,172188.70000000
1778605200000,93.84000000,94.68000000,93.82000000,94.52000000,100226.71600000
1778608800000,94.51000000,95.01000000,94.35000000,94.56000000,107060.65200000
1778612400000,94.56000000,95.00000000,94.56000000,94.92000000,73500.81600000
1778616000000,94.92000000,94.98000000,94.62000000,94.74000000,51057.88300000
1778619600000,94.75000000,94.86000000,94.54000000,94.67000000,29436.25300000
1778623200000,94.68000000,95.05000000,94.64000000,94.67000000,29283.97500000
1778626800000,94.67000000,94.75000000,94.23000000,94.28000000,52446.81900000
1778630400000,94.28000000,94.64000000,94.05000000,94.48000000,95898.47500000
1778634000000,94.48000000,95.44000000,94.48000000,95.20000000,126621.34800000
1778637600000,95.20000000,95.57000000,95.02000000,95.25000000,60375.31600000
1778641200000,95.24000000,95.59000000,95.08000000,95.56000000,64600.14700000
1778644800000,95.56000000,95.99000000,95.43000000,95.50000000,109194.51200000
1778648400000,95.49000000,95.51000000,95.10000000,95.26000000,76184.46800000
1778652000000,95.26000000,95.70000000,95.12000000,95.14000000,71587.87300000
1778655600000,95.14000000,95.31000000,94.88000000,95.14000000,50398.86300000
1778659200000,95.14000000,95.77000000,95.02000000,95.57000000,62202.81800000
1778662800000,95.57000000,95.89000000,95.57000000,95.73000000,126947.98900000
1778666400000,95.73000000,95.78000000,94.74000000,94.79000000,97157.99000000
1778670000000,94.80000000,94.83000000,94.25000000,94.33000000,156638.66600000
1778673600000,94.33000000,94.64000000,92.24000000,93.16000000,432095.01200000
1778677200000,93.17000000,93.44000000,91.95000000,92.28000000,259886.25700000
1778680800000,92.29000000,92.33000000,91.38000000,91.78000000,260102.82300000
1778684400000,91.77000000,91.94000000,90.27000000,90.43000000,283600.68000000
1778688000000,90.43000000,91.26000000,90.41000000,90.87000000,205102.94200000
1778691600000,90.87000000,91.16000000,90.71000000,90.89000000,190661.96300000
1778695200000,90.90000000,91.41000000,90.77000000,90.93000000,109640.79300000
1778698800000,90.93000000,91.02000000,90.49000000,90.96000000,81661.46900000
1778702400000,90.95000000,91.35000000,90.93000000,91.24000000,73017.48000000
1778706000000,91.25000000,91.27000000,90.73000000,90.89000000,72808.76900000
1778709600000,90.90000000,91.25000000,90.64000000,91.18000000,64516.57600000
1778713200000,91.17000000,91.33000000,91.06000000,91.17000000,61668.57300000
1778716800000,91.17000000,91.42000000,91.07000000,91.21000000,90373.86700000
1778720400000,91.21000000,91.37000000,91.00000000,91.16000000,58579.84600000
1778724000000,91.16000000,91.26000000,90.46000000,90.58000000,62938.65600000
1778727600000,90.58000000,90.78000000,89.82000000,89.93000000,210116.53400000
1778731200000,89.93000000,90.62000000,89.86000000,90.48000000,68374.59800000
1778734800000,90.48000000,91.47000000,90.40000000,91.29000000,84887.96100000
1778738400000,91.29000000,91.47000000,91.16000000,91.41000000,72664.34500000
1778742000000,91.42000000,92.02000000,90.69000000,90.88000000,211500.95900000
1778745600000,90.88000000,91.30000000,90.67000000,91.06000000,96681.75700000
1778749200000,91.07000000,91.15000000,90.59000000,90.86000000,47510.81100000
1778752800000,90.86000000,91.14000000,90.66000000,91.05000000,49418.13300000
1778756400000,91.05000000,91.10000000,90.62000000,90.64000000,48079.28000000
1778760000000,90.64000000,91.29000000,90.54000000,91.22000000,73211.47000000
1778763600000,91.22000000,91.50000000,90.74000000,90.78000000,141841.95500000
1778767200000,90.78000000,92.35000000,90.63000000,92.28000000,242705.26900000
1778770800000,92.29000000,93.25000000,91.96000000,93.16000000,244882.56400000
1778774400000,93.16000000,93.68000000,92.34000000,93.33000000,237010.99300000
1778778000000,93.32000000,93.59000000,92.29000000,93.02000000,229281.37600000
1778781600000,93.01000000,93.64000000,92.70000000,93.43000000,118079.55600000
1778785200000,93.44000000,93.64000000,92.80000000,92.90000000,98319.96500000
1778788800000,92.91000000,93.00000000,92.37000000,92.73000000,67708.85100000
1778792400000,92.73000000,92.95000000,92.54000000,92.70000000,40972.21000000
1778796000000,92.71000000,92.92000000,92.57000000,92.66000000,47111.97900000
1778799600000,92.65000000,92.67000000,92.11000000,92.15000000,66872.87300000
1778803200000,92.16000000,92.66000000,92.10000000,92.43000000,85253.34300000
1778806800000,92.43000000,92.55000000,91.69000000,91.74000000,86912.91900000
1778810400000,91.75000000,92.44000000,91.47000000,92.36000000,220224.85300000
1778814000000,92.36000000,92.47000000,91.88000000,92.06000000,54006.32300000
1778817600000,92.05000000,92.05000000,91.27000000,91.28000000,58584.87400000
1778821200000,91.29000000,91.54000000,90.26000000,90.60000000,232389.64800000
1778824800000,90.60000000,91.08000000,90.47000000,91.02000000,91725.43100000
1778828400000,91.02000000,91.72000000,90.94000000,91.60000000,136908.56700000
1778832000000,91.61000000,91.65000000,90.94000000,91.27000000,130850.78800000
1778835600000,91.27000000,91.33000000,90.92000000,91.17000000,116923.63600000
1778839200000,91.17000000,91.57000000,91.01000000,91.47000000,60278.85700000
1778842800000,91.47000000,91.54000000,91.18000000,91.27000000,48087.23600000
1778846400000,91.26000000,91.27000000,90.57000000,90.66000000,84522.22200000
1778850000000,90.66000000,90.66000000,88.69000000,88.90000000,328789.02400000
1778853600000,88.91000000,89.55000000,88.55000000,89.06000000,246328.87400000
1778857200000,89.05000000,89.28000000,88.70000000,89.04000000,131510.14900000
1778860800000,89.04000000,89.70000000,88.81000000,89.50000000,136491.80600000
1778864400000,89.51000000,89.90000000,89.49000000,89.82000000,87150.89500000
1778868000000,89.81000000,90.09000000,89.47000000,89.80000000,80704.79700000
1778871600000,89.79000000,89.80000000,89.35000000,89.42000000,77989.58200000
1778875200000,89.41000000,89.50000000,89.08000000,89.28000000,54982.75800000
1778878800000,89.28000000,89.43000000,89.00000000,89.05000000,50534.58000000
1778882400000,89.06000000,89.36000000,89.05000000,89.33000000,35182.51000000
1778886000000,89.33000000,89.39000000,89.21000000,89.24000000,39509.95900000
1778889600000,89.23000000,89.44000000,89.14000000,89.22000000,48371.90700000
1778893200000,89.22000000,89.35000000,88.95000000,89.30000000,70719.09400000
1778896800000,89.30000000,89.39000000,88.97000000,89.20000000,68116.28400000
1778900400000,89.20000000,89.27000000,89.00000000,89.05000000,32064.71900000
1778904000000,89.05000000,89.09000000,88.19000000,88.86000000,107366.17000000
1778907600000,88.86000000,88.93000000,88.28000000,88.57000000,100021.86700000
1778911200000,88.58000000,88.66000000,87.81000000,88.01000000,146511.23400000
1778914800000,88.01000000,88.01000000,86.72000000,87.47000000,278924.59100000
1778918400000,87.46000000,87.62000000,87.33000000,87.48000000,64301.78800000
1778922000000,87.48000000,87.51000000,85.78000000,86.05000000,284751.26800000
1778925600000,86.04000000,86.15000000,85.52000000,86.01000000,150819.39800000
1778929200000,86.02000000,86.33000000,86.02000000,86.11000000,69786.65800000
1778932800000,86.12000000,86.44000000,86.01000000,86.26000000,58569.73300000
1778936400000,86.26000000,86.35000000,86.11000000,86.26000000,46444.64900000
1778940000000,86.26000000,86.71000000,86.07000000,86.40000000,72773.01300000
1778943600000,86.39000000,86.67000000,86.27000000,86.50000000,60692.27300000
1778947200000,86.49000000,86.78000000,86.37000000,86.63000000,68240.94500000
1778950800000,86.64000000,86.96000000,86.63000000,86.81000000,35916.68600000
1778954400000,86.81000000,86.97000000,86.60000000,86.81000000,33878.03300000
1778958000000,86.81000000,86.85000000,86.65000000,86.69000000,46504.27400000
1778961600000,86.69000000,86.88000000,86.66000000,86.68000000,35040.01800000
1778965200000,86.67000000,86.77000000,86.49000000,86.59000000,34761.53600000
1778968800000,86.59000000,86.69000000,86.45000000,86.54000000,19068.77300000
1778972400000,86.53000000,86.70000000,86.49000000,86.54000000,29376.68300000
1778976000000,86.53000000,86.72000000,85.97000000,86.13000000,70464.41700000
1778979600000,86.12000000,86.34000000,85.59000000,85.75000000,87695.57200000
1778983200000,85.76000000,86.27000000,85.76000000,86.00000000,107963.89600000
1778986800000,86.01000000,86.63000000,85.99000000,86.53000000,57966.68300000
1778990400000,86.52000000,86.98000000,86.47000000,86.86000000,55765.01500000
1778994000000,86.87000000,87.29000000,86.85000000,86.91000000,64337.00900000
1778997600000,86.90000000,87.01000000,86.71000000,86.85000000,32049.94600000
1779001200000,86.85000000,87.10000000,86.78000000,86.97000000,37046.31400000
1779004800000,86.98000000,87.03000000,86.60000000,86.83000000,46327.46300000
1779008400000,86.82000000,87.02000000,86.72000000,86.89000000,70587.06200000
1779012000000,86.90000000,87.26000000,86.81000000,87.00000000,128394.80000000
1779015600000,86.99000000,87.02000000,86.78000000,86.89000000,48145.39600000
1779019200000,86.89000000,87.02000000,86.72000000,86.76000000,37497.77200000
1779022800000,86.76000000,86.78000000,86.30000000,86.41000000,71335.87600000
1779026400000,86.41000000,86.46000000,85.95000000,86.31000000,73813.27700000
1779030000000,86.31000000,86.49000000,86.17000000,86.46000000,30575.87700000
1779033600000,86.46000000,86.69000000,86.11000000,86.30000000,47111.04500000
1779037200000,86.31000000,86.36000000,86.00000000,86.24000000,50714.84500000
1779040800000,86.24000000,86.44000000,86.02000000,86.43000000,54578.94300000
1779044400000,86.43000000,86.94000000,86.43000000,86.79000000,45167.92700000
1779048000000,86.80000000,86.85000000,86.57000000,86.68000000,36171.31500000
1779051600000,86.68000000,86.97000000,86.60000000,86.94000000,28382.83500000
1779055200000,86.93000000,86.93000000,86.00000000,86.23000000,100795.12200000
1779058800000,86.24000000,86.25000000,83.50000000,85.24000000,531276.83700000
1779062400000,85.23000000,85.36000000,84.40000000,85.36000000,240723.16700000
1779066000000,85.35000000,85.47000000,84.54000000,84.98000000,138311.03600000
1779069600000,84.98000000,85.35000000,84.72000000,84.89000000,78591.99000000
1779073200000,84.88000000,85.25000000,84.69000000,84.85000000,104448.23300000
1779076800000,84.85000000,85.30000000,84.58000000,85.26000000,67062.11300000
1779080400000,85.26000000,85.36000000,84.64000000,84.86000000,130160.04400000
1779084000000,84.86000000,84.98000000,84.27000000,84.74000000,161330.38800000
1779087600000,84.74000000,85.01000000,84.41000000,84.76000000,65869.72900000
1779091200000,84.76000000,85.01000000,84.60000000,84.91000000,75191.96600000
1779094800000,84.90000000,84.93000000,84.46000000,84.49000000,55052.86000000
1779098400000,84.49000000,84.51000000,84.21000000,84.26000000,91211.55600000
1779102000000,84.27000000,85.32000000,84.08000000,84.96000000,133781.32900000
1779105600000,84.97000000,85.80000000,84.97000000,85.57000000,163342.22100000
1779109200000,85.57000000,85.57000000,84.33000000,84.69000000,192393.68500000
1779112800000,84.69000000,84.69000000,83.72000000,83.98000000,199022.41500000
1779116400000,83.98000000,84.40000000,83.62000000,84.20000000,141820.16500000
1779120000000,84.21000000,84.55000000,83.99000000,84.33000000,110320.19100000
1779123600000,84.33000000,84.70000000,84.25000000,84.41000000,52006.26300000
1779127200000,84.41000000,84.43000000,83.50000000,83.53000000,112939.37700000
1779130800000,83.53000000,85.23000000,83.51000000,84.99000000,184060.99700000
1779134400000,85.00000000,85.41000000,84.85000000,84.93000000,86888.22000000
1779138000000,84.93000000,85.67000000,84.79000000,85.57000000,87841.24400000
1779141600000,85.58000000,85.77000000,85.27000000,85.46000000,66192.68200000
1779145200000,85.45000000,85.64000000,85.26000000,85.38000000,33299.47300000
1779148800000,85.38000000,85.97000000,85.32000000,85.58000000,88823.63600000
1779152400000,85.58000000,85.60000000,84.90000000,84.90000000,71307.32600000
1779156000000,84.90000000,85.30000000,84.62000000,84.86000000,59531.51300000
1779159600000,84.85000000,85.23000000,84.73000000,85.07000000,34528.76000000
1779163200000,85.08000000,85.31000000,84.79000000,85.15000000,48136.67600000
1779166800000,85.15000000,85.28000000,84.47000000,85.19000000,88227.59700000
1779170400000,85.18000000,85.62000000,85.12000000,85.26000000,74932.50100000
1779174000000,85.27000000,85.64000000,85.13000000,85.51000000,46908.74600000
1779177600000,85.51000000,85.59000000,85.04000000,85.25000000,85274.81100000
1779181200000,85.24000000,85.31000000,84.50000000,84.77000000,112785.80200000
1779184800000,84.76000000,84.88000000,84.31000000,84.70000000,61440.92800000
1779188400000,84.71000000,84.83000000,84.27000000,84.39000000,63691.25500000
1779192000000,84.39000000,84.79000000,84.30000000,84.78000000,53888.67000000
1779195600000,84.78000000,85.10000000,84.39000000,84.80000000,101750.35100000
1779199200000,84.80000000,84.94000000,83.70000000,84.11000000,174412.29700000
1779202800000,84.12000000,84.58000000,84.03000000,84.37000000,74509.63000000
1779206400000,84.38000000,84.91000000,84.15000000,84.85000000,55948.63500000
1779210000000,84.85000000,85.04000000,84.47000000,84.68000000,59134.59500000
1779213600000,84.68000000,84.80000000,84.25000000,84.37000000,46123.60900000
1779217200000,84.37000000,84.74000000,84.22000000,84.35000000,55667.35500000
1779220800000,84.36000000,84.58000000,84.30000000,84.51000000,86367.58800000
1779224400000,84.52000000,84.66000000,84.39000000,84.44000000,42830.56200000
1779228000000,84.43000000,84.43000000,84.00000000,84.10000000,49804.43500000
1779231600000,84.10000000,84.59000000,84.03000000,84.29000000,26958.93800000
1779235200000,84.30000000,84.41000000,83.92000000,84.23000000,70096.92000000
1779238800000,84.23000000,84.54000000,83.85000000,84.36000000,62810.81100000
1779242400000,84.36000000,84.49000000,83.93000000,83.99000000,49265.49800000
1779246000000,83.99000000,84.28000000,83.86000000,84.10000000,24835.07400000
1779249600000,84.10000000,84.23000000,83.88000000,84.23000000,30849.56800000
1779253200000,84.23000000,84.95000000,84.22000000,84.78000000,91954.70300000
1779256800000,84.77000000,85.02000000,84.72000000,84.99000000,67399.85900000
1779260400000,84.99000000,85.13000000,84.70000000,84.77000000,52924.59200000
1779264000000,84.76000000,85.19000000,84.72000000,84.98000000,55361.31200000
1779267600000,84.99000000,85.10000000,84.85000000,84.90000000,53412.26100000
1779271200000,84.89000000,85.21000000,84.88000000,84.98000000,49370.74000000
1779274800000,84.98000000,85.06000000,84.58000000,84.70000000,61922.84600000
1779278400000,84.70000000,85.33000000,84.62000000,85.10000000,61199.80300000
1779282000000,85.10000000,85.15000000,84.19000000,84.69000000,97133.82800000
1779285600000,84.69000000,86.16000000,84.33000000,85.86000000,272070.77900000
1779289200000,85.85000000,86.27000000,85.43000000,85.92000000,186074.85900000
1779292800000,85.92000000,86.85000000,85.54000000,86.49000000,357900.74200000
1779296400000,86.49000000,87.09000000,86.32000000,86.52000000,150046.10100000
1779300000000,86.52000000,86.58000000,85.53000000,85.83000000,193504.70600000
1779303600000,85.83000000,86.29000000,85.61000000,86.16000000,65372.47100000
1779307200000,86.16000000,86.24000000,85.55000000,86.18000000,78154.83400000
1779310800000,86.17000000,86.33000000,85.95000000,85.99000000,54832.45300000
1779314400000,85.98000000,86.24000000,85.64000000,86.04000000,130104.19200000
1779318000000,86.03000000,86.18000000,85.88000000,86.17000000,48553.48600000
1779321600000,86.17000000,86.83000000,86.11000000,86.64000000,86420.59500000
1779325200000,86.64000000,87.06000000,86.39000000,86.54000000,91377.06800000
1779328800000,86.54000000,86.88000000,86.44000000,86.61000000,51901.38100000
1779332400000,86.61000000,86.91000000,86.54000000,86.85000000,74417.69700000
1779336000000,86.85000000,87.22000000,86.76000000,86.98000000,147799.55800000
1779339600000,86.98000000,87.11000000,86.36000000,86.51000000,69467.76000000
1779343200000,86.51000000,86.62000000,86.20000000,86.31000000,65105.68600000
1779346800000,86.31000000,86.73000000,86.26000000,86.64000000,48554.08500000
1779350400000,86.64000000,87.27000000,86.63000000,86.86000000,102192.92200000
1779354000000,86.86000000,87.06000000,86.46000000,86.50000000,68490.73500000
1779357600000,86.49000000,86.68000000,85.71000000,85.74000000,159097.60800000
1779361200000,85.75000000,85.94000000,85.57000000,85.58000000,95096.49800000
1779364800000,85.58000000,85.85000000,85.42000000,85.75000000,88240.79900000
1779368400000,85.75000000,86.13000000,85.32000000,86.07000000,162266.67300000
1779372000000,86.07000000,86.47000000,85.62000000,86.01000000,200878.90200000
1779375600000,86.01000000,86.90000000,85.90000000,86.46000000,190666.38900000
1779379200000,86.46000000,86.59000000,86.04000000,86.26000000,84224.89600000
1779382800000,86.27000000,88.00000000,86.18000000,87.59000000,412896.52400000
1779386400000,87.59000000,87.79000000,86.78000000,87.07000000,143367.12100000
1779390000000,87.07000000,87.88000000,87.07000000,87.83000000,101416.64900000
1779393600000,87.83000000,87.92000000,87.49000000,87.55000000,58881.45900000
1779397200000,87.56000000,87.71000000,87.31000000,87.35000000,71672.62700000
1779400800000,87.35000000,87.50000000,87.13000000,87.19000000,39825.50500000
1779404400000,87.19000000,87.38000000,87.02000000,87.36000000,40062.76300000
1779408000000,87.35000000,87.36000000,86.81000000,86.85000000,41758.66700000
1779411600000,86.84000000,87.10000000,86.59000000,87.08000000,73961.85400000
1779415200000,87.08000000,87.26000000,86.99000000,87.17000000,58346.68400000
1779418800000,87.17000000,87.31000000,86.92000000,87.03000000,36429.32800000
1779422400000,87.04000000,87.38000000,86.93000000,86.98000000,38065.16400000
1779426000000,86.98000000,87.15000000,86.73000000,86.81000000,34805.50900000
1779429600000,86.81000000,86.85000000,86.52000000,86.71000000,71982.58500000
1779433200000,86.72000000,87.15000000,86.53000000,86.97000000,95928.81400000
1779436800000,86.98000000,87.53000000,86.87000000,87.14000000,100546.91000000
1779440400000,87.15000000,87.40000000,87.05000000,87.27000000,72260.86800000
1779444000000,87.26000000,87.28000000,86.89000000,86.99000000,41700.79400000
1779447600000,87.00000000,87.33000000,86.72000000,87.32000000,56878.07900000
1779451200000,87.33000000,87.77000000,87.25000000,87.76000000,108340.37100000
1779454800000,87.76000000,87.85000000,87.10000000,87.40000000,113191.59100000
1779458400000,87.39000000,87.39000000,86.37000000,86.62000000,161712.12300000
1779462000000,86.61000000,86.98000000,86.27000000,86.77000000,108409.14400000
1779465600000,86.76000000,87.00000000,86.66000000,86.92000000,59642.47900000
1779469200000,86.92000000,87.19000000,86.50000000,86.63000000,86639.61000000
1779472800000,86.63000000,86.69000000,84.62000000,85.46000000,228881.80000000
1779476400000,85.46000000,85.63000000,84.00000000,84.55000000,282732.80700000
1779480000000,84.55000000,85.07000000,84.55000000,85.00000000,102055.06300000
1779483600000,84.99000000,85.28000000,84.93000000,85.17000000,54697.48700000
1779487200000,85.17000000,85.22000000,84.78000000,84.96000000,56157.43700000
1779490800000,84.95000000,85.15000000,84.00000000,84.40000000,123359.49500000
1779494400000,84.40000000,84.55000000,84.07000000,84.44000000,152682.94100000
1779498000000,84.44000000,84.65000000,84.32000000,84.53000000,52466.49100000
1779501600000,84.53000000,84.86000000,84.21000000,84.54000000,71432.08000000
1779505200000,84.53000000,84.75000000,84.49000000,84.68000000,32887.19300000
1779508800000,84.69000000,84.72000000,84.35000000,84.42000000,42184.35700000
1779512400000,84.41000000,84.47000000,84.18000000,84.46000000,43173.82400000
1779516000000,84.45000000,84.49000000,84.18000000,84.27000000,43696.19200000
1779519600000,84.27000000,84.33000000,81.50000000,82.25000000,551122.28400000
1779523200000,82.25000000,82.36000000,81.63000000,82.13000000,239163.96400000
1779526800000,82.13000000,82.25000000,81.99000000,82.01000000,73864.96100000
1779530400000,82.01000000,82.39000000,82.01000000,82.26000000,53942.83400000
1779534000000,82.27000000,82.49000000,82.23000000,82.31000000,41102.17800000
1779537600000,82.30000000,82.56000000,82.15000000,82.49000000,45766.67100000
1779541200000,82.50000000,83.49000000,82.49000000,83.22000000,144123.58100000
1779544800000,83.23000000,84.47000000,83.10000000,84.13000000,120078.49000000
1779548400000,84.14000000,84.54000000,83.63000000,84.10000000,137355.31000000
1779552000000,84.09000000,84.31000000,83.93000000,84.11000000,72498.94300000
1779555600000,84.11000000,84.35000000,83.99000000,84.21000000,49841.75200000
1779559200000,84.22000000,85.14000000,84.17000000,84.71000000,121230.16600000
1779562800000,84.72000000,85.11000000,84.62000000,84.96000000,80916.44000000
1779566400000,84.97000000,87.09000000,84.80000000,87.08000000,442248.40600000
1779570000000,87.08000000,87.50000000,86.00000000,86.28000000,206245.64800000
1779573600000,86.28000000,86.61000000,85.52000000,85.81000000,92579.80400000
1779577200000,85.81000000,85.94000000,85.67000000,85.75000000,62497.20100000
1779580800000,85.76000000,86.03000000,85.62000000,85.89000000,44726.66600000
1779584400000,85.89000000,86.23000000,85.87000000,86.01000000,49161.07200000
1779588000000,86.02000000,86.11000000,85.70000000,85.98000000,37780.95700000
1779591600000,85.99000000,86.13000000,85.63000000,85.81000000,37495.87500000
1779595200000,85.81000000,86.12000000,85.78000000,85.93000000,42576.61900000
1779598800000,85.94000000,86.18000000,85.58000000,86.16000000,58294.97000000
1779602400000,86.16000000,86.49000000,85.93000000,86.45000000,38412.79400000
1779606000000,86.46000000,86.70000000,86.00000000,86.07000000,63973.86200000
1779609600000,86.07000000,86.54000000,86.01000000,86.51000000,54511.47900000
1779613200000,86.51000000,87.00000000,86.37000000,86.55000000,113084.91200000
1779616800000,86.55000000,86.73000000,86.24000000,86.50000000,102230.96100000
1779620400000,86.50000000,86.92000000,86.41000000,86.66000000,127148.50400000
1779624000000,86.67000000,86.69000000,86.18000000,86.35000000,57436.39800000
1779627600000,86.36000000,86.46000000,85.73000000,85.90000000,93401.75700000
1779631200000,85.90000000,86.01000000,84.48000000,85.25000000,200702.21400000
1779634800000,85.25000000,85.46000000,85.14000000,85.31000000,48240.01900000
1779638400000,85.30000000,85.88000000,85.11000000,85.64000000,116324.47500000
1779642000000,85.65000000,85.79000000,85.49000000,85.65000000,41465.91300000
1779645600000,85.64000000,85.68000000,85.27000000,85.40000000,46432.36300000
1779649200000,85.41000000,85.51000000,85.23000000,85.37000000,43085.31600000
1779652800000,85.38000000,85.43000000,84.49000000,84.76000000,239925.57700000
1779656400000,84.76000000,84.96000000,83.70000000,83.97000000,176347.50100000
1779660000000,83.96000000,85.33000000,83.94000000,84.99000000,182836.56900000
1779663600000,85.00000000,85.52000000,85.00000000,85.27000000,71060.63000000
1779667200000,85.27000000,85.67000000,85.26000000,85.50000000,71590.41900000
1779670800000,85.50000000,85.59000000,84.83000000,84.87000000,57850.48400000
1779674400000,84.87000000,85.85000000,84.87000000,85.08000000,121300.43700000
1779678000000,85.08000000,85.18000000,84.80000000,84.95000000,51799.88000000
1779681600000,84.95000000,85.93000000,84.93000000,85.84000000,65412.61100000
1779685200000,85.85000000,86.18000000,85.76000000,85.98000000,84127.23000000
1779688800000,85.99000000,86.19000000,85.65000000,85.99000000,65553.16800000
1779692400000,85.99000000,86.16000000,85.48000000,85.96000000,80965.72800000
1779696000000,85.95000000,86.08000000,85.75000000,86.02000000,52393.79800000
1779699600000,86.03000000,86.22000000,85.93000000,85.94000000,54718.79700000
1779703200000,85.94000000,86.11000000,85.90000000,86.08000000,38851.69600000
1779706800000,86.07000000,86.14000000,85.70000000,85.76000000,45055.34100000
1779710400000,85.77000000,86.07000000,85.66000000,85.87000000,70282.18900000
1779714000000,85.87000000,86.03000000,85.77000000,86.01000000,39252.36700000
1779717600000,86.01000000,86.45000000,85.90000000,86.34000000,86107.81500000
1779721200000,86.34000000,86.52000000,86.06000000,86.26000000,79417.89600000
1779724800000,86.26000000,86.44000000,85.98000000,86.27000000,69860.98800000
1779728400000,86.26000000,86.38000000,86.06000000,86.13000000,70204.82800000
1779732000000,86.12000000,86.30000000,85.88000000,85.91000000,35848.66900000
1779735600000,85.91000000,85.92000000,85.52000000,85.64000000,78635.93300000
1779739200000,85.64000000,85.87000000,85.30000000,85.41000000,54513.14100000
1779742800000,85.40000000,85.56000000,85.27000000,85.38000000,37888.62500000
1779746400000,85.38000000,85.54000000,84.71000000,84.81000000,97179.48000000
1779750000000,84.80000000,85.21000000,84.73000000,85.06000000,53423.94500000
1779753600000,85.06000000,85.09000000,83.90000000,84.40000000,132643.99100000
1779757200000,84.40000000,84.57000000,83.85000000,84.11000000,96961.39700000
1779760800000,84.12000000,84.23000000,83.90000000,84.03000000,55429.95800000
1779764400000,84.03000000,84.27000000,83.85000000,84.22000000,47752.18900000
1779768000000,84.23000000,84.52000000,84.01000000,84.37000000,53034.44500000
1779771600000,84.37000000,84.97000000,84.28000000,84.67000000,75504.79800000
1779775200000,84.66000000,84.83000000,84.40000000,84.60000000,56970.10100000
1779778800000,84.61000000,84.63000000,84.10000000,84.35000000,80754.15400000
1779782400000,84.36000000,84.57000000,84.34000000,84.44000000,59335.63400000
1779786000000,84.44000000,84.72000000,84.29000000,84.48000000,58415.96200000
1779789600000,84.47000000,85.80000000,84.36000000,85.56000000,183698.56600000
1779793200000,85.57000000,85.66000000,85.21000000,85.21000000,91112.39700000
1779796800000,85.22000000,85.40000000,84.81000000,85.32000000,160039.67400000
1779800400000,85.32000000,85.77000000,84.69000000,85.50000000,146297.62900000
1779804000000,85.51000000,86.13000000,84.77000000,85.24000000,220713.90600000
1779807600000,85.23000000,85.36000000,84.03000000,84.49000000,194932.87100000
1779811200000,84.49000000,84.57000000,83.95000000,84.23000000,143497.99800000
1779814800000,84.23000000,84.39000000,83.15000000,83.59000000,209924.17900000
1779818400000,83.59000000,84.09000000,83.49000000,83.63000000,83062.07100000
1779822000000,83.63000000,84.02000000,83.36000000,83.80000000,74747.88000000
1779825600000,83.80000000,83.98000000,83.74000000,83.94000000,35022.90500000
1779829200000,83.94000000,83.97000000,83.57000000,83.70000000,36418.79600000
1779832800000,83.70000000,83.88000000,83.54000000,83.65000000,25596.94900000
1779836400000,83.66000000,83.85000000,83.63000000,83.72000000,36908.98000000
1779840000000,83.73000000,84.18000000,83.72000000,84.14000000,51872.54100000
1779843600000,84.13000000,84.19000000,83.80000000,83.86000000,39325.58800000
1779847200000,83.85000000,83.96000000,83.55000000,83.96000000,32006.41700000
1779850800000,83.96000000,84.07000000,83.48000000,83.63000000,51996.28900000
1779854400000,83.62000000,83.68000000,82.86000000,83.64000000,98948.35100000
1779858000000,83.64000000,83.93000000,83.57000000,83.89000000,37127.15000000
1779861600000,83.89000000,84.07000000,83.74000000,84.06000000,44875.77800000
1779865200000,84.06000000,84.21000000,83.89000000,84.21000000,46819.80000000
1779868800000,84.20000000,84.42000000,83.89000000,83.93000000,77659.24800000
1779872400000,83.93000000,83.96000000,83.60000000,83.78000000,70110.93700000
1779876000000,83.78000000,84.09000000,83.67000000,83.95000000,40788.97900000
1779879600000,83.95000000,84.23000000,83.91000000,83.94000000,64108.01300000
1779883200000,83.95000000,84.68000000,83.55000000,83.95000000,134139.97800000
1779886800000,83.94000000,84.06000000,82.98000000,83.63000000,139110.85300000
1779890400000,83.64000000,84.12000000,83.22000000,83.91000000,144628.69700000
1779894000000,83.91000000,84.84000000,83.88000000,84.44000000,218419.38900000
1779897600000,84.44000000,84.75000000,83.87000000,84.18000000,108536.45400000
1779901200000,84.18000000,84.20000000,83.16000000,83.41000000,148897.61500000
1779904800000,83.40000000,83.99000000,83.20000000,83.94000000,60867.62000000
1779908400000,83.94000000,84.14000000,83.87000000,83.91000000,62313.64800000
1779912000000,83.92000000,84.14000000,83.76000000,83.82000000,53378.03700000
1779915600000,83.82000000,83.82000000,82.10000000,82.49000000,206098.58600000
1779919200000,82.49000000,83.03000000,82.22000000,82.47000000,115782.57200000
1779922800000,82.46000000,82.70000000,82.20000000,82.44000000,71643.82300000
1779926400000,82.43000000,82.74000000,82.36000000,82.71000000,61588.42100000
1779930000000,82.72000000,82.76000000,81.93000000,82.27000000,152669.65100000
1779933600000,82.28000000,82.44000000,82.00000000,82.10000000,78589.94700000
1779937200000,82.11000000,82.25000000,80.50000000,80.70000000,306109.87900000
1779940800000,80.70000000,80.98000000,80.00000000,80.90000000,222109.55700000
1779944400000,80.90000000,81.00000000,80.42000000,80.70000000,91993.90500000
1779948000000,80.70000000,81.12000000,80.53000000,80.97000000,80847.15200000
1779951600000,80.97000000,81.30000000,80.86000000,81.26000000,97340.96700000
1779955200000,81.26000000,81.30000000,80.83000000,80.99000000,50944.09500000
1779958800000,80.99000000,81.32000000,80.83000000,81.22000000,83999.55300000
1779962400000,81.23000000,81.32000000,80.72000000,80.75000000,64016.77400000
1779966000000,80.75000000,80.93000000,80.60000000,80.88000000,40350.22700000
1779969600000,80.88000000,81.25000000,80.59000000,81.13000000,54576.52300000
1779973200000,81.14000000,81.36000000,80.53000000,80.79000000,100198.15300000
1779976800000,80.79000000,81.66000000,80.02000000,81.19000000,218768.32300000
1779980400000,81.20000000,81.38000000,80.56000000,81.14000000,77614.82800000
1779984000000,81.15000000,82.18000000,80.91000000,82.07000000,119764.68800000
1779987600000,82.08000000,82.64000000,81.84000000,82.30000000,65125.03900000
1779991200000,82.30000000,83.01000000,82.25000000,82.90000000,117421.50600000
1779994800000,82.89000000,82.89000000,82.17000000,82.19000000,50293.02000000
1779998400000,82.18000000,82.60000000,81.78000000,82.30000000,43031.98400000
1780002000000,82.30000000,82.70000000,82.22000000,82.44000000,53388.32900000
1780005600000,82.44000000,82.63000000,81.91000000,82.04000000,43604.14100000
1780009200000,82.03000000,82.28000000,82.00000000,82.11000000,32568.81800000
1780012800000,82.12000000,82.48000000,82.12000000,82.33000000,44227.16300000
1780016400000,82.33000000,82.48000000,82.06000000,82.21000000,44771.64000000
1780020000000,82.21000000,82.32000000,81.47000000,81.57000000,85401.78700000
1780023600000,81.57000000,81.96000000,81.52000000,81.61000000,40129.79900000
1780027200000,81.62000000,81.94000000,81.36000000,81.93000000,58649.54200000
1780030800000,81.93000000,82.20000000,81.82000000,82.07000000,58901.40900000
1780034400000,82.06000000,82.49000000,82.02000000,82.31000000,47792.74700000
1780038000000,82.31000000,82.46000000,81.92000000,82.24000000,122627.97200000
1780041600000,82.25000000,82.49000000,82.18000000,82.22000000,57065.61500000
1780045200000,82.23000000,82.65000000,82.21000000,82.44000000,62077.03700000
1780048800000,82.44000000,82.45000000,82.09000000,82.15000000,55962.43200000
1780052400000,82.15000000,82.21000000,81.52000000,81.77000000,82474.18600000
1780056000000,81.76000000,81.79000000,81.31000000,81.48000000,89507.52700000
1780059600000,81.48000000,81.78000000,81.10000000,81.44000000,87403.48600000
1780063200000,81.44000000,81.58000000,80.35000000,81.33000000,213503.03600000
1780066800000,81.33000000,83.24000000,81.20000000,82.59000000,318976.73300000
1780070400000,82.58000000,83.13000000,82.20000000,82.93000000,111480.06900000
1780074000000,82.93000000,83.22000000,82.67000000,82.79000000,112719.09000000
1780077600000,82.80000000,83.00000000,81.82000000,82.07000000,90897.66500000
1780081200000,82.06000000,82.41000000,81.60000000,82.06000000,57214.48200000
1780084800000,82.06000000,82.39000000,82.01000000,82.22000000,41563.50900000
1780088400000,82.23000000,82.40000000,81.70000000,81.71000000,56705.16100000
1780092000000,81.71000000,82.02000000,81.62000000,81.99000000,71666.37600000
1780095600000,81.98000000,82.11000000,81.76000000,82.04000000,52559.18300000
1780099200000,82.04000000,82.35000000,81.94000000,82.29000000,44417.27700000
1780102800000,82.30000000,83.00000000,82.22000000,82.82000000,59647.89600000
1780106400000,82.82000000,83.03000000,82.77000000,82.98000000,40547.38000000
1780110000000,82.97000000,83.10000000,82.62000000,82.67000000,34396.48200000
1780113600000,82.67000000,82.80000000,81.86000000,82.33000000,78885.71400000
1780117200000,82.32000000,82.77000000,82.20000000,82.60000000,77289.94300000
1780120800000,82.59000000,82.74000000,82.39000000,82.47000000,29474.38200000
1780124400000,82.48000000,82.52000000,82.26000000,82.37000000,32754.46000000
1780128000000,82.37000000,82.41000000,82.19000000,82.23000000,20767.92900000
1780131600000,82.23000000,82.39000000,82.20000000,82.34000000,30260.93700000
1780135200000,82.34000000,82.51000000,82.30000000,82.38000000,25328.39800000
1780138800000,82.39000000,82.55000000,82.22000000,82.33000000,19548.23300000
1780142400000,82.33000000,82.44000000,82.25000000,82.43000000,43052.05200000
1780146000000,82.43000000,82.57000000,82.25000000,82.48000000,35489.48600000
1780149600000,82.48000000,82.79000000,82.43000000,82.63000000,67065.93700000
1780153200000,82.63000000,82.92000000,82.48000000,82.69000000,81051.93700000
1780156800000,82.68000000,82.92000000,82.63000000,82.89000000,36497.14500000
1780160400000,82.88000000,83.06000000,82.63000000,83.05000000,47059.14500000
1780164000000,83.05000000,83.14000000,82.87000000,83.03000000,40910.98300000
1780167600000,83.02000000,83.05000000,82.78000000,82.99000000,38589.16300000
1780171200000,82.99000000,83.08000000,82.86000000,82.96000000,24764.88400000
1780174800000,82.96000000,83.17000000,82.91000000,83.02000000,41466.38400000
1780178400000,83.02000000,83.02000000,82.45000000,82.65000000,44641.47700000
1780182000000,82.64000000,82.89000000,82.52000000,82.73000000,24582.62000000
1780185600000,82.74000000,82.96000000,82.62000000,82.93000000,24737.64000000
1780189200000,82.93000000,83.25000000,82.92000000,83.02000000,51068.12400000
1780192800000,83.03000000,83.42000000,82.88000000,83.15000000,57438.18000000
1780196400000,83.16000000,83.35000000,83.10000000,83.25000000,30533.41400000
1780200000000,83.24000000,83.30000000,83.09000000,83.22000000,22050.49000000
1780203600000,83.21000000,83.22000000,83.00000000,83.03000000,27586.43600000
1780207200000,83.03000000,83.03000000,82.84000000,82.95000000,37499.62000000
1780210800000,82.96000000,82.96000000,82.52000000,82.66000000,40461.40600000
1780214400000,82.67000000,82.86000000,82.59000000,82.81000000,30621.66700000
1780218000000,82.80000000,83.05000000,82.64000000,82.75000000,32322.82100000
1780221600000,82.75000000,82.75000000,82.49000000,82.71000000,38083.09300000
1780225200000,82.71000000,82.85000000,82.67000000,82.76000000,19251.64700000
1780228800000,82.76000000,82.94000000,82.57000000,82.82000000,28099.32800000
1780232400000,82.82000000,83.12000000,82.66000000,82.77000000,29814.80600000
1780236000000,82.76000000,82.77000000,81.79000000,81.96000000,148012.05000000
1780239600000,81.96000000,82.27000000,81.81000000,81.88000000,43985.25100000
1780243200000,81.88000000,82.04000000,81.42000000,81.59000000,78396.65600000
1780246800000,81.58000000,81.90000000,81.46000000,81.87000000,39396.19200000
1780250400000,81.87000000,81.87000000,81.61000000,81.76000000,20947.37600000
1780254000000,81.75000000,81.80000000,81.33000000,81.58000000,27603.54700000
1780257600000,81.59000000,82.01000000,81.59000000,81.97000000,24807.53600000
1780261200000,81.97000000,82.37000000,81.88000000,82.30000000,28166.97200000
1780264800000,82.31000000,82.69000000,82.04000000,82.53000000,55921.07800000
1780268400000,82.52000000,82.92000000,81.95000000,82.44000000,57075.33600000
1780272000000,82.45000000,83.10000000,82.37000000,82.83000000,85074.53700000
1780275600000,82.83000000,82.87000000,81.75000000,81.76000000,74116.46500000
1780279200000,81.76000000,82.90000000,81.63000000,82.68000000,58203.47900000
1780282800000,82.68000000,82.99000000,82.56000000,82.63000000,74313.34200000
1780286400000,82.63000000,82.78000000,81.77000000,82.04000000,63756.64500000
1780290000000,82.03000000,82.11000000,81.63000000,81.82000000,43692.77800000
1780293600000,81.82000000,81.87000000,81.13000000,81.45000000,71844.77900000
1780297200000,81.45000000,81.58000000,80.63000000,80.74000000,69985.21600000
1780300800000,80.74000000,81.05000000,80.46000000,80.99000000,76555.83900000
1780304400000,80.99000000,81.29000000,80.99000000,81.08000000,73646.34000000
1780308000000,81.08000000,81.19000000,80.83000000,81.10000000,61932.62100000
1780311600000,81.10000000,81.26000000,80.60000000,80.81000000,101246.71400000
1780315200000,80.82000000,81.07000000,80.23000000,80.82000000,140019.46700000
1780318800000,80.82000000,80.86000000,79.28000000,79.84000000,314651.97600000
1780322400000,79.84000000,80.11000000,79.43000000,79.71000000,145590.94000000
1780326000000,79.71000000,80.05000000,79.20000000,79.60000000,120002.49100000
1780329600000,79.61000000,80.46000000,79.11000000,80.41000000,119404.20000000
1780333200000,80.40000000,81.21000000,80.29000000,80.93000000,134586.83600000
1780336800000,80.92000000,81.22000000,80.58000000,80.86000000,52921.75100000
1780340400000,80.86000000,81.31000000,80.60000000,81.20000000,52219.79500000
1780344000000,81.19000000,81.24000000,80.96000000,81.13000000,52430.23600000
1780347600000,81.14000000,81.14000000,80.50000000,80.68000000,115156.36200000
1780351200000,80.67000000,81.48000000,80.32000000,81.40000000,94615.13800000
1780354800000,81.41000000,81.65000000,81.07000000,81.28000000,113179.44900000
1780358400000,81.28000000,81.30000000,80.87000000,80.89000000,42277.44500000
1780362000000,80.89000000,81.01000000,80.04000000,80.11000000,75615.54200000
1780365600000,80.11000000,80.78000000,79.41000000,80.78000000,122227.64200000
1780369200000,80.78000000,81.05000000,80.64000000,80.92000000,66363.57800000
1780372800000,80.92000000,81.02000000,80.38000000,80.44000000,61469.76100000
1780376400000,80.44000000,80.59000000,79.57000000,79.63000000,83029.98400000
1780380000000,79.63000000,79.82000000,79.33000000,79.59000000,113130.61200000
1780383600000,79.60000000,79.94000000,79.16000000,79.67000000,75041.98800000
1780387200000,79.67000000,79.80000000,79.45000000,79.61000000,59264.39800000
1780390800000,79.62000000,79.64000000,78.78000000,79.10000000,129401.82900000
1780394400000,79.11000000,79.48000000,78.97000000,79.44000000,59917.17500000
1780398000000,79.43000000,79.45000000,78.85000000,78.94000000,72081.66500000
1780401600000,78.93000000,79.16000000,78.66000000,78.98000000,79062.51200000
1780405200000,78.97000000,79.22000000,78.80000000,78.95000000,83201.92500000
1780408800000,78.95000000,78.99000000,76.75000000,77.44000000,432986.79300000
1780412400000,77.44000000,77.49000000,75.58000000,76.38000000,418914.18400000
1780416000000,76.38000000,77.67000000,76.15000000,76.71000000,228269.73400000
1780419600000,76.72000000,77.19000000,76.48000000,76.84000000,164609.96100000
1780423200000,76.84000000,77.08000000,75.81000000,76.15000000,91384.37400000
1780426800000,76.16000000,76.27000000,74.50000000,75.53000000,344086.41300000
1780430400000,75.53000000,75.95000000,74.77000000,75.44000000,116900.27300000
1780434000000,75.44000000,76.08000000,75.33000000,75.67000000,96795.65500000
1780437600000,75.66000000,75.67000000,73.37000000,73.67000000,290461.88600000
1780441200000,73.68000000,74.32000000,72.73000000,74.23000000,336041.58800000
1780444800000,74.23000000,75.13000000,74.00000000,74.85000000,202547.30200000
1780448400000,74.85000000,75.05000000,74.15000000,74.75000000,111009.17600000
1780452000000,74.75000000,74.81000000,74.21000000,74.40000000,79705.25600000
1780455600000,74.41000000,74.54000000,72.28000000,72.71000000,254498.45300000
1780459200000,72.71000000,74.11000000,72.69000000,74.06000000,143688.80400000
1780462800000,74.06000000,74.92000000,74.05000000,74.75000000,169098.88200000
1780466400000,74.75000000,75.33000000,74.67000000,74.86000000,162671.76100000
1780470000000,74.86000000,75.40000000,74.76000000,75.27000000,93467.02200000
1780473600000,75.26000000,75.33000000,74.86000000,75.01000000,78085.89500000
1780477200000,75.00000000,75.41000000,74.73000000,75.01000000,140506.33900000
1780480800000,75.01000000,75.60000000,74.97000000,75.55000000,111179.56600000
1780484400000,75.55000000,75.71000000,75.00000000,75.12000000,75239.60400000
1780488000000,75.12000000,75.27000000,74.68000000,75.18000000,83437.50400000
1780491600000,75.19000000,75.37000000,74.39000000,74.57000000,127785.01800000
1780495200000,74.56000000,74.61000000,73.84000000,74.46000000,151500.76100000
1780498800000,74.46000000,74.48000000,73.24000000,73.31000000,136205.79800000
1780502400000,73.31000000,73.48000000,72.02000000,73.01000000,253803.68700000
1780506000000,73.01000000,74.10000000,72.40000000,73.17000000,136778.12000000
1780509600000,73.17000000,73.49000000,72.46000000,73.09000000,112565.33600000
1780513200000,73.10000000,73.17000000,71.71000000,71.99000000,243448.33600000
1780516800000,71.99000000,72.43000000,70.93000000,71.23000000,412273.10800000
1780520400000,71.22000000,72.86000000,71.03000000,72.82000000,169893.12500000
1780524000000,72.81000000,73.18000000,71.94000000,72.22000000,100282.04300000
1780527600000,72.22000000,72.28000000,71.57000000,71.61000000,105574.78400000
1780531200000,71.61000000,72.09000000,70.33000000,70.75000000,262808.47400000
1780534800000,70.76000000,70.96000000,68.42000000,68.63000000,532824.55000000
1780538400000,68.63000000,70.47000000,66.80000000,70.07000000,642074.70800000
1780542000000,70.07000000,71.65000000,70.04000000,71.48000000,294832.25100000
1780545600000,71.49000000,71.80000000,70.80000000,70.90000000,142724.49500000
1780549200000,70.89000000,70.89000000,69.91000000,70.35000000,131019.18000000
1780552800000,70.34000000,71.21000000,70.26000000,70.35000000,104601.42500000
1780556400000,70.36000000,70.40000000,69.14000000,69.15000000,145332.52600000
1780560000000,69.16000000,69.44000000,68.33000000,69.25000000,208429.02700000
1780563600000,69.24000000,69.27000000,67.74000000,68.86000000,206826.65700000
1780567200000,68.87000000,68.94000000,67.51000000,67.89000000,211805.82500000
1780570800000,67.89000000,68.71000000,67.37000000,68.70000000,212452.26000000
1780574400000,68.69000000,70.38000000,68.32000000,70.12000000,266361.49700000
1780578000000,70.12000000,70.58000000,69.02000000,70.38000000,185403.26300000
1780581600000,70.38000000,70.64000000,69.56000000,69.77000000,223518.47900000
1780585200000,69.76000000,70.50000000,69.38000000,69.64000000,288475.98200000
1780588800000,69.64000000,69.67000000,68.98000000,69.41000000,104450.23500000
1780592400000,69.41000000,69.74000000,68.48000000,69.25000000,98633.55100000
1780596000000,69.25000000,69.89000000,68.65000000,69.50000000,112317.19300000
1780599600000,69.49000000,69.71000000,69.03000000,69.10000000,109858.18000000
1780603200000,69.09000000,69.15000000,68.44000000,68.82000000,90783.73200000
1780606800000,68.81000000,69.06000000,67.61000000,67.80000000,109794.00600000
1780610400000,67.79000000,68.58000000,67.57000000,68.49000000,162189.32200000
1780614000000,68.48000000,68.93000000,68.00000000,68.88000000,80732.67200000
1780617600000,68.87000000,69.10000000,68.27000000,68.31000000,94482.78300000
1780621200000,68.30000000,68.82000000,67.58000000,68.52000000,170977.82600000
1780624800000,68.52000000,68.62000000,67.21000000,67.33000000,205697.43500000
1780628400000,67.33000000,67.87000000,66.94000000,67.09000000,205341.54800000
1780632000000,67.10000000,68.01000000,66.52000000,67.94000000,279233.15800000
1780635600000,67.95000000,68.10000000,66.07000000,66.24000000,227052.13500000
1780639200000,66.24000000,66.56000000,63.87000000,65.05000000,711566.68100000
1780642800000,65.05000000,66.31000000,63.93000000,66.18000000,404654.71200000
1780646400000,66.18000000,66.20000000,65.10000000,65.31000000,175461.81600000
1780650000000,65.32000000,66.62000000,65.31000000,66.55000000,208083.63400000
1780653600000,66.56000000,66.74000000,66.16000000,66.42000000,110468.15600000
1780657200000,66.41000000,66.80000000,65.84000000,66.08000000,152006.51900000
1780660800000,66.08000000,66.37000000,65.20000000,65.83000000,192608.05200000
1780664400000,65.82000000,66.83000000,64.30000000,64.32000000,372355.71100000
1780668000000,64.33000000,65.85000000,63.94000000,65.27000000,439146.75100000
1780671600000,65.27000000,65.34000000,63.78000000,64.24000000,467507.14600000
1780675200000,64.25000000,65.98000000,63.18000000,65.86000000,605057.03300000
1780678800000,65.86000000,66.06000000,64.80000000,65.09000000,221416.87800000
1780682400000,65.10000000,65.39000000,62.63000000,62.91000000,374915.58200000
1780686000000,62.90000000,63.84000000,61.48000000,63.44000000,543475.91300000
1780689600000,63.44000000,64.82000000,62.68000000,64.64000000,301434.00900000
1780693200000,64.63000000,65.42000000,64.53000000,64.89000000,189844.81200000
1780696800000,64.88000000,64.91000000,63.78000000,64.41000000,208505.23300000
1780700400000,64.41000000,64.79000000,62.64000000,63.64000000,180299.96500000
1780704000000,63.64000000,64.83000000,63.63000000,64.68000000,120881.28700000
1780707600000,64.68000000,64.86000000,63.78000000,63.85000000,108817.37100000
1780711200000,63.86000000,63.96000000,63.27000000,63.53000000,114641.90900000
1780714800000,63.52000000,63.54000000,62.58000000,62.84000000,139553.09300000
1780718400000,62.84000000,63.12000000,60.35000000,60.88000000,419817.25400000
1780722000000,60.89000000,62.72000000,60.13000000,62.62000000,293810.46600000
1780725600000,62.62000000,63.35000000,62.08000000,62.22000000,157531.05600000
1780729200000,62.22000000,63.16000000,62.06000000,62.78000000,123693.39700000
1780732800000,62.79000000,63.60000000,62.54000000,63.18000000,116203.67900000
1780736400000,63.17000000,63.56000000,62.49000000,62.71000000,84549.16000000
1780740000000,62.70000000,62.71000000,61.20000000,61.84000000,226017.51800000
1780743600000,61.84000000,62.69000000,61.77000000,62.46000000,135940.24500000
1780747200000,62.46000000,63.11000000,62.04000000,62.92000000,162475.47100000
1780750800000,62.93000000,63.06000000,62.17000000,62.45000000,88374.73600000
1780754400000,62.45000000,62.93000000,62.30000000,62.33000000,126534.32900000
1780758000000,62.33000000,62.48000000,61.32000000,62.03000000,296337.21400000
1780761600000,62.04000000,62.40000000,61.38000000,62.13000000,240041.71000000
1780765200000,62.13000000,62.28000000,61.46000000,61.63000000,100047.27700000
1780768800000,61.62000000,62.14000000,61.41000000,61.73000000,77417.59300000
1780772400000,61.74000000,62.20000000,61.62000000,61.64000000,77950.68100000
1780776000000,61.64000000,61.94000000,61.38000000,61.84000000,156326.46400000
1780779600000,61.85000000,62.38000000,61.83000000,61.91000000,77443.89600000
1780783200000,61.90000000,61.98000000,61.47000000,61.73000000,74264.55600000
1780786800000,61.72000000,62.30000000,61.68000000,62.20000000,52170.69400000
1780790400000,62.21000000,62.64000000,61.96000000,62.11000000,86470.16600000
1780794000000,62.11000000,63.86000000,62.04000000,63.67000000,203218.88200000
1780797600000,63.67000000,63.79000000,63.07000000,63.55000000,120313.27800000
1780801200000,63.55000000,64.15000000,63.41000000,63.84000000,132638.91400000
1780804800000,63.84000000,64.13000000,63.31000000,64.10000000,102582.66600000
1780808400000,64.09000000,64.50000000,63.90000000,64.26000000,136530.07200000
1780812000000,64.27000000,65.00000000,64.03000000,64.85000000,137142.16700000
1780815600000,64.85000000,65.02000000,64.61000000,64.93000000,138583.04500000
1780819200000,64.92000000,65.97000000,64.50000000,65.97000000,192726.31900000
1780822800000,65.96000000,66.11000000,64.85000000,65.02000000,125152.96700000
1780826400000,65.03000000,65.09000000,64.46000000,64.67000000,105980.13900000
1780830000000,64.67000000,65.25000000,64.55000000,65.04000000,58725.20700000
1780833600000,65.05000000,65.11000000,63.67000000,64.33000000,185560.45400000
1780837200000,64.33000000,64.44000000,64.09000000,64.34000000,77996.25300000
1780840800000,64.34000000,65.35000000,64.33000000,64.92000000,114695.18500000
1780844400000,64.92000000,65.24000000,64.63000000,64.99000000,83149.95500000
1780848000000,64.99000000,65.33000000,64.75000000,65.15000000,66802.94300000
1780851600000,65.15000000,65.62000000,65.09000000,65.32000000,60601.69500000
1780855200000,65.33000000,65.58000000,64.91000000,64.95000000,42035.73400000
1780858800000,64.96000000,64.98000000,63.64000000,63.95000000,151033.83000000
1780862400000,63.94000000,64.80000000,63.75000000,64.70000000,85671.22300000
1780866000000,64.69000000,64.93000000,64.31000000,64.63000000,51099.04200000
1780869600000,64.64000000,67.92000000,64.53000000,65.83000000,318835.32600000
1780873200000,65.82000000,66.67000000,65.77000000,66.50000000,164025.91100000
1780876800000,66.50000000,67.11000000,66.02000000,66.71000000,163104.51300000
1780880400000,66.72000000,66.81000000,65.40000000,66.19000000,160105.88500000
1780884000000,66.19000000,66.65000000,66.06000000,66.46000000,94192.49000000
1780887600000,66.46000000,66.75000000,66.18000000,66.37000000,74821.21700000
1780891200000,66.37000000,66.42000000,65.37000000,65.44000000,84719.44600000
1780894800000,65.44000000,65.65000000,64.98000000,65.34000000,79046.32700000
1780898400000,65.33000000,65.89000000,65.27000000,65.68000000,92447.11500000
1780902000000,65.68000000,66.23000000,65.38000000,66.11000000,82482.84100000
1780905600000,66.10000000,66.11000000,65.45000000,65.63000000,83103.33400000
1780909200000,65.63000000,66.39000000,65.60000000,66.38000000,101754.18200000
1780912800000,66.37000000,66.47000000,65.81000000,66.21000000,104538.12400000
1780916400000,66.21000000,67.06000000,66.04000000,66.68000000,217880.03600000
1780920000000,66.69000000,67.32000000,65.99000000,67.26000000,224854.09500000
1780923600000,67.26000000,67.29000000,66.42000000,66.78000000,151819.84400000
1780927200000,66.78000000,67.31000000,66.45000000,67.28000000,315674.90300000
1780930800000,67.28000000,67.82000000,67.06000000,67.18000000,204380.30800000
1780934400000,67.19000000,67.75000000,66.90000000,66.96000000,139256.47300000
1780938000000,66.95000000,67.39000000,66.56000000,67.38000000,147309.43500000
1780941600000,67.38000000,67.62000000,67.16000000,67.43000000,82951.27200000
1780945200000,67.43000000,67.82000000,67.28000000,67.46000000,121637.19300000
1780948800000,67.46000000,67.53000000,66.94000000,67.48000000,83656.84000000
1780952400000,67.48000000,68.17000000,67.42000000,67.48000000,110338.04000000
1780956000000,67.48000000,67.48000000,66.84000000,67.20000000,68957.83000000
1780959600000,67.20000000,67.42000000,66.65000000,66.82000000,69963.62400000
1780963200000,66.82000000,66.89000000,65.29000000,65.42000000,249065.56500000
1780966800000,65.41000000,66.08000000,65.39000000,65.99000000,99888.07500000
1780970400000,65.99000000,66.08000000,65.53000000,65.91000000,52849.55100000
1780974000000,65.92000000,66.10000000,65.68000000,66.01000000,55204.77500000
1780977600000,66.01000000,67.41000000,65.83000000,67.02000000,181033.50900000
1780981200000,67.02000000,67.39000000,66.70000000,67.18000000,276316.81100000
1780984800000,67.19000000,67.47000000,66.98000000,67.05000000,79074.98000000
1780988400000,67.06000000,67.34000000,66.62000000,66.89000000,99581.16200000
1780992000000,66.90000000,66.94000000,66.39000000,66.60000000,97943.40800000
1780995600000,66.60000000,66.83000000,66.08000000,66.18000000,68747.02800000
1780999200000,66.18000000,66.49000000,66.00000000,66.42000000,69047.84600000
1781002800000,66.41000000,66.47000000,65.90000000,66.11000000,100844.50100000
1781006400000,66.11000000,66.52000000,65.95000000,66.21000000,105180.14700000
1781010000000,66.22000000,66.38000000,65.60000000,65.86000000,168426.56800000
1781013600000,65.86000000,65.99000000,64.39000000,65.08000000,298483.71200000
1781017200000,65.08000000,65.31000000,64.26000000,64.33000000,175354.05800000
1781020800000,64.33000000,64.50000000,63.54000000,64.14000000,231566.57800000
1781024400000,64.15000000,65.17000000,64.09000000,64.79000000,200739.21500000
1781028000000,64.80000000,65.55000000,64.66000000,65.30000000,103269.15000000
1781031600000,65.29000000,65.65000000,65.05000000,65.41000000,118929.08400000
1781035200000,65.42000000,65.70000000,65.29000000,65.62000000,62861.21200000
1781038800000,65.63000000,65.65000000,64.88000000,65.02000000,56854.16600000
1781042400000,65.02000000,65.35000000,64.82000000,64.89000000,64684.18900000
1781046000000,64.89000000,65.18000000,64.69000000,64.96000000,66205.02100000
1781049600000,64.97000000,65.22000000,64.49000000,65.19000000,84233.10800000
1781053200000,65.18000000,65.32000000,64.81000000,65.09000000,76997.12200000
1781056800000,65.10000000,65.25000000,64.25000000,64.31000000,86926.44800000
1781060400000,64.31000000,64.86000000,64.27000000,64.51000000,44123.43800000
1781064000000,64.52000000,64.66000000,64.12000000,64.29000000,55630.86900000
1781067600000,64.29000000,64.38000000,63.92000000,64.13000000,60065.70300000
1781071200000,64.13000000,64.37000000,63.83000000,64.20000000,59606.95800000
1781074800000,64.21000000,64.80000000,64.14000000,64.50000000,67069.83300000
1781078400000,64.50000000,64.52000000,63.43000000,63.61000000,129989.98100000
1781082000000,63.62000000,63.76000000,63.07000000,63.64000000,98659.85900000
1781085600000,63.64000000,63.79000000,63.27000000,63.68000000,106704.68100000
1781089200000,63.68000000,63.77000000,62.95000000,63.49000000,200978.05100000
1781092800000,63.50000000,64.68000000,63.30000000,64.13000000,300376.71700000
1781096400000,64.12000000,65.54000000,64.01000000,65.08000000,250832.18100000
1781100000000,65.08000000,65.28000000,64.59000000,65.06000000,155732.14500000
1781103600000,65.07000000,65.77000000,64.56000000,65.44000000,226554.09000000
1781107200000,65.44000000,65.49000000,64.24000000,64.62000000,149914.24100000
1781110800000,64.62000000,64.97000000,63.63000000,64.04000000,154897.70600000
1781114400000,64.05000000,64.22000000,63.36000000,63.84000000,113822.26200000
1781118000000,63.84000000,63.95000000,63.39000000,63.56000000,106770.87900000
1781121600000,63.56000000,63.66000000,63.18000000,63.33000000,87301.94500000
1781125200000,63.32000000,63.32000000,62.34000000,62.59000000,95072.09800000
1781128800000,62.60000000,63.07000000,62.37000000,62.77000000,122688.62900000
1781132400000,62.78000000,63.31000000,62.46000000,63.19000000,102968.61700000
1781136000000,63.19000000,63.77000000,63.19000000,63.67000000,95512.48300000
1781139600000,63.67000000,65.16000000,63.67000000,64.90000000,203292.89100000
1781143200000,64.91000000,65.00000000,64.37000000,64.52000000,146307.14400000
1781146800000,64.53000000,65.48000000,64.33000000,65.27000000,148001.46100000
1781150400000,65.27000000,65.35000000,64.95000000,65.21000000,64368.10100000
1781154000000,65.21000000,65.26000000,64.95000000,64.97000000,54688.92100000
1781157600000,64.97000000,65.43000000,64.81000000,65.12000000,107378.55800000
1781161200000,65.12000000,65.18000000,64.77000000,65.04000000,102261.30400000
1781164800000,65.04000000,65.53000000,65.03000000,65.31000000,85090.67700000
1781168400000,65.31000000,65.56000000,65.01000000,65.38000000,138166.81300000
1781172000000,65.39000000,65.66000000,65.28000000,65.50000000,80089.37500000
1781175600000,65.50000000,66.15000000,65.33000000,65.88000000,134867.99400000
1781179200000,65.89000000,65.93000000,64.89000000,65.26000000,205429.97700000
1781182800000,65.26000000,65.74000000,65.06000000,65.53000000,131783.23200000
1781186400000,65.52000000,65.78000000,64.99000000,65.35000000,114293.37600000
1781190000000,65.35000000,65.87000000,65.00000000,65.55000000,124959.41600000
1781193600000,65.56000000,65.80000000,65.31000000,65.38000000,85836.55500000
1781197200000,65.39000000,67.19000000,65.05000000,67.15000000,309473.34400000
1781200800000,67.15000000,67.31000000,66.64000000,66.80000000,144330.85200000
1781204400000,66.80000000,67.42000000,66.60000000,66.93000000,176212.97300000
1781208000000,66.93000000,67.04000000,66.36000000,66.60000000,77772.93600000
1781211600000,66.60000000,67.10000000,66.58000000,66.91000000,45124.26600000
1781215200000,66.91000000,67.14000000,66.87000000,66.90000000,50238.15000000
1781218800000,66.89000000,67.13000000,66.69000000,66.93000000,56080.23200000
1781222400000,66.93000000,67.11000000,66.75000000,66.87000000,63689.55200000
1781226000000,66.87000000,66.87000000,66.42000000,66.70000000,75841.95300000
1781229600000,66.69000000,67.30000000,66.68000000,67.14000000,83188.34200000
1781233200000,67.15000000,67.18000000,66.68000000,67.04000000,70505.66300000
1781236800000,67.04000000,67.24000000,66.85000000,67.07000000,69480.82700000
1781240400000,67.07000000,67.08000000,66.63000000,66.74000000,60435.99800000
1781244000000,66.75000000,66.82000000,65.95000000,66.11000000,129304.93700000
1781247600000,66.12000000,66.49000000,66.12000000,66.32000000,79860.66500000
1781251200000,66.32000000,67.05000000,66.31000000,66.92000000,85054.00600000
1781254800000,66.92000000,67.49000000,66.85000000,67.17000000,192148.68100000
1781258400000,67.18000000,67.35000000,66.59000000,66.79000000,85061.88200000
1781262000000,66.79000000,67.10000000,66.78000000,66.93000000,63656.44000000
1781265600000,66.92000000,67.00000000,66.63000000,66.77000000,104701.08200000
1781269200000,66.77000000,67.01000000,66.37000000,66.72000000,179963.91500000
1781272800000,66.73000000,67.99000000,66.65000000,67.94000000,231104.04700000
1781276400000,67.93000000,68.82000000,67.18000000,67.25000000,567877.59800000
1781280000000,67.26000000,68.01000000,67.09000000,68.01000000,158168.03100000
1781283600000,68.02000000,68.22000000,67.27000000,67.40000000,116277.83800000
1781287200000,67.40000000,67.48000000,67.01000000,67.07000000,88739.80800000
1781290800000,67.07000000,67.42000000,66.68000000,66.78000000,104564.61100000
1781294400000,66.79000000,66.83000000,66.42000000,66.68000000,127370.81500000
1781298000000,66.69000000,66.95000000,66.47000000,66.57000000,41557.28100000
1781301600000,66.57000000,66.76000000,66.43000000,66.63000000,37270.48300000
1781305200000,66.64000000,66.83000000,66.48000000,66.82000000,23762.22800000
1781308800000,66.83000000,67.08000000,66.78000000,66.99000000,37463.43800000
1781312400000,67.00000000,67.51000000,66.98000000,67.45000000,46013.37000000
1781316000000,67.44000000,67.51000000,66.87000000,66.97000000,51075.76100000
1781319600000,66.97000000,67.05000000,66.70000000,66.88000000,44163.63200000
1781323200000,66.87000000,66.96000000,66.64000000,66.67000000,46461.18500000
1781326800000,66.67000000,66.88000000,66.59000000,66.79000000,50866.30000000
1781330400000,66.79000000,67.22000000,66.67000000,67.16000000,49209.98400000
1781334000000,67.16000000,67.47000000,66.96000000,67.37000000,82603.06000000
1781337600000,67.38000000,67.57000000,67.26000000,67.33000000,86604.60300000
1781341200000,67.32000000,67.54000000,67.29000000,67.37000000,64167.35600000
1781344800000,67.37000000,67.61000000,67.34000000,67.44000000,37022.35000000
1781348400000,67.44000000,67.96000000,67.38000000,67.90000000,41929.45000000
1781352000000,67.91000000,68.06000000,67.77000000,67.99000000,91464.72200000
1781355600000,67.98000000,68.45000000,67.83000000,68.02000000,118562.92400000
1781359200000,68.02000000,68.43000000,67.99000000,68.29000000,66425.66100000
1781362800000,68.29000000,68.71000000,68.18000000,68.60000000,83882.75300000
1781366400000,68.60000000,68.63000000,67.83000000,68.10000000,104269.08600000
1781370000000,68.09000000,68.28000000,67.84000000,68.00000000,50125.12100000
1781373600000,68.00000000,68.38000000,67.97000000,68.13000000,30809.04500000
1781377200000,68.13000000,68.40000000,68.03000000,68.23000000,26941.06800000
1781380800000,68.24000000,68.29000000,68.05000000,68.28000000,21443.63900000
1781384400000,68.28000000,69.59000000,68.23000000,69.27000000,162134.29300000
1781388000000,69.27000000,69.28000000,68.88000000,68.91000000,82127.30800000
1781391600000,68.90000000,69.18000000,68.79000000,68.94000000,49248.39100000
1781395200000,68.94000000,68.94000000,68.65000000,68.75000000,54693.33800000
1781398800000,68.75000000,69.10000000,68.64000000,68.82000000,52047.76000000
1781402400000,68.82000000,69.11000000,68.72000000,68.83000000,53277.92400000
1781406000000,68.83000000,69.04000000,68.76000000,68.94000000,35018.46500000
1781409600000,68.95000000,69.01000000,68.44000000,68.52000000,70637.38400000
1781413200000,68.53000000,68.60000000,67.88000000,68.24000000,193457.02800000
1781416800000,68.25000000,68.50000000,68.10000000,68.19000000,53542.12400000
1781420400000,68.20000000,68.25000000,68.04000000,68.23000000,43809.06300000
1781424000000,68.23000000,68.37000000,68.11000000,68.25000000,34707.26400000
1781427600000,68.25000000,68.50000000,67.92000000,68.47000000,53948.60300000
1781431200000,68.48000000,68.52000000,68.15000000,68.16000000,38112.98300000
1781434800000,68.16000000,68.35000000,68.02000000,68.11000000,30742.58000000
1781438400000,68.11000000,68.17000000,67.70000000,67.78000000,48284.66000000
1781442000000,67.78000000,67.87000000,67.51000000,67.77000000,72481.76700000
1781445600000,67.77000000,67.83000000,66.94000000,67.27000000,113223.71600000
1781449200000,67.27000000,67.55000000,67.26000000,67.43000000,47871.52700000
1781452800000,67.43000000,67.76000000,67.41000000,67.49000000,34354.22000000
1781456400000,67.48000000,67.74000000,67.30000000,67.34000000,30112.77500000
1781460000000,67.34000000,67.50000000,67.19000000,67.43000000,19753.90400000
1781463600000,67.43000000,67.75000000,67.35000000,67.57000000,24849.35000000
1781467200000,67.57000000,68.07000000,67.44000000,67.81000000,32460.66900000
1781470800000,67.80000000,70.55000000,67.80000000,70.16000000,316562.60400000
1781474400000,70.16000000,70.73000000,69.68000000,70.45000000,201736.79700000
1781478000000,70.45000000,71.29000000,70.15000000,71.28000000,196135.42600000
1781481600000,71.29000000,71.73000000,70.94000000,71.12000000,200381.55000000
1781485200000,71.13000000,71.35000000,70.66000000,71.01000000,90790.50400000
1781488800000,71.00000000,71.59000000,70.90000000,70.99000000,74590.74500000
1781492400000,70.98000000,71.37000000,70.91000000,71.24000000,66407.78800000
1781496000000,71.24000000,71.27000000,70.88000000,70.93000000,45074.67400000
1781499600000,70.92000000,71.31000000,70.81000000,71.22000000,47802.78700000
1781503200000,71.22000000,71.50000000,71.11000000,71.36000000,53592.34000000
1781506800000,71.36000000,71.50000000,71.12000000,71.28000000,88909.94400000
1781510400000,71.28000000,71.62000000,71.17000000,71.30000000,86589.39000000
1781514000000,71.30000000,71.48000000,70.80000000,71.23000000,89511.86400000
1781517600000,71.23000000,72.12000000,71.19000000,71.88000000,147883.69600000
1781521200000,71.88000000,72.82000000,71.65000000,72.61000000,207495.25500000
1781524800000,72.61000000,73.00000000,72.31000000,72.86000000,131794.05500000
1781528400000,72.85000000,74.23000000,72.72000000,73.64000000,313713.49100000
1781532000000,73.63000000,73.98000000,73.20000000,73.82000000,159755.14300000
1781535600000,73.81000000,75.26000000,73.79000000,75.25000000,232845.74800000
1781539200000,75.25000000,76.09000000,74.97000000,75.48000000,251768.11400000
1781542800000,75.47000000,75.48000000,74.65000000,75.28000000,239068.22800000
1781546400000,75.28000000,75.69000000,75.10000000,75.30000000,93095.67800000
1781550000000,75.30000000,75.81000000,74.58000000,75.28000000,108402.23700000
1781553600000,75.27000000,75.46000000,74.77000000,74.95000000,67283.55500000
1781557200000,74.95000000,75.03000000,74.40000000,74.45000000,78485.98600000
1781560800000,74.46000000,74.61000000,73.62000000,73.78000000,152145.12400000
1781564400000,73.77000000,74.07000000,73.62000000,73.98000000,75389.57200000
1781568000000,73.99000000,74.42000000,73.85000000,74.04000000,69224.92000000
1781571600000,74.05000000,74.35000000,73.85000000,73.88000000,65706.46400000
1781575200000,73.89000000,73.89000000,72.77000000,73.01000000,131869.86700000
1781578800000,73.02000000,73.81000000,72.87000000,73.74000000,80569.97500000
1781582400000,73.75000000,73.94000000,73.19000000,73.36000000,54902.77300000
1781586000000,73.37000000,73.84000000,73.36000000,73.67000000,52950.87400000
1781589600000,73.67000000,74.32000000,73.67000000,74.19000000,77618.24100000
1781593200000,74.19000000,74.54000000,74.13000000,74.46000000,84857.21000000
1781596800000,74.45000000,75.65000000,74.35000000,75.40000000,128588.06800000
1781600400000,75.39000000,75.46000000,74.81000000,74.85000000,79909.20000000
1781604000000,74.85000000,75.12000000,74.69000000,74.70000000,58614.18100000
1781607600000,74.70000000,74.90000000,74.38000000,74.66000000,79772.52400000
1781611200000,74.67000000,75.53000000,74.49000000,74.94000000,135358.98200000
1781614800000,74.94000000,74.97000000,73.87000000,73.99000000,182694.61000000
1781618400000,73.99000000,74.30000000,72.29000000,72.98000000,250959.38700000
1781622000000,72.97000000,73.65000000,72.87000000,73.29000000,114396.91300000
1781625600000,73.29000000,73.48000000,73.01000000,73.10000000,77637.56500000
1781629200000,73.11000000,73.84000000,73.06000000,73.67000000,85666.17200000
1781632800000,73.68000000,74.34000000,73.58000000,74.00000000,111996.48000000
1781636400000,74.00000000,74.23000000,73.48000000,73.84000000,84539.56400000
1781640000000,73.85000000,74.26000000,73.67000000,74.14000000,59635.31900000
1781643600000,74.14000000,74.22000000,73.73000000,73.94000000,51301.89800000
1781647200000,73.94000000,74.10000000,73.62000000,73.84000000,37779.45000000
1781650800000,73.85000000,73.97000000,73.42000000,73.52000000,29354.95800000
1781654400000,73.53000000,73.78000000,73.32000000,73.37000000,46997.71900000
1781658000000,73.37000000,74.00000000,73.17000000,73.93000000,60655.12800000
1781661600000,73.94000000,74.47000000,73.69000000,74.05000000,96814.02000000
1781665200000,74.05000000,74.06000000,73.52000000,73.68000000,56261.07600000
1781668800000,73.68000000,74.11000000,73.60000000,73.83000000,46444.70900000
1781672400000,73.84000000,74.01000000,73.44000000,73.65000000,51720.76000000
1781676000000,73.65000000,73.83000000,73.19000000,73.41000000,59659.26900000
1781679600000,73.41000000,73.61000000,72.99000000,73.26000000,87257.34900000
1781683200000,73.27000000,73.30000000,72.16000000,72.34000000,135226.52100000
1781686800000,72.34000000,72.67000000,72.31000000,72.54000000,63506.22200000
1781690400000,72.54000000,72.69000000,72.12000000,72.15000000,48941.84400000
1781694000000,72.15000000,72.24000000,71.71000000,72.04000000,84886.91500000
1781697600000,72.04000000,72.36000000,71.59000000,72.33000000,83612.49900000
1781701200000,72.33000000,72.77000000,72.16000000,72.43000000,98807.36900000
1781704800000,72.42000000,72.67000000,71.82000000,72.39000000,117857.88600000
1781708400000,72.39000000,73.87000000,72.36000000,73.81000000,133738.88200000
1781712000000,73.80000000,74.69000000,73.71000000,73.76000000,153649.03700000
1781715600000,73.77000000,74.35000000,73.47000000,74.22000000,81781.98700000
1781719200000,74.21000000,74.38000000,72.19000000,73.50000000,355750.32300000
1781722800000,73.49000000,73.71000000,71.43000000,71.66000000,292101.82100000
1781726400000,71.66000000,72.25000000,71.55000000,72.20000000,102640.89900000
1781730000000,72.19000000,72.23000000,71.38000000,71.62000000,62582.52400000
1781733600000,71.61000000,71.95000000,70.83000000,71.70000000,78960.94400000
1781737200000,71.71000000,72.13000000,71.69000000,72.05000000,43383.68800000
1781740800000,72.05000000,72.50000000,72.03000000,72.22000000,48547.50700000
1781744400000,72.22000000,72.64000000,72.09000000,72.21000000,37956.59100000
1781748000000,72.22000000,72.68000000,72.13000000,72.54000000,58257.50000000
1781751600000,72.53000000,72.55000000,71.54000000,71.65000000,60126.25400000
1781755200000,71.66000000,71.73000000,70.91000000,71.06000000,81871.72900000
1781758800000,71.05000000,71.14000000,70.64000000,71.14000000,75690.83400000
1781762400000,71.13000000,71.41000000,70.99000000,71.34000000,42452.53400000
1781766000000,71.35000000,71.85000000,71.16000000,71.78000000,53820.98900000
1781769600000,71.77000000,72.08000000,71.64000000,71.85000000,59084.12800000
1781773200000,71.86000000,72.16000000,71.75000000,71.85000000,37654.81800000
1781776800000,71.85000000,71.85000000,71.08000000,71.39000000,104010.10900000
1781780400000,71.39000000,71.56000000,70.72000000,70.94000000,79836.01200000
1781784000000,70.94000000,71.62000000,70.87000000,71.57000000,55981.24600000
1781787600000,71.57000000,71.80000000,70.73000000,71.05000000,93581.46900000
1781791200000,71.06000000,71.72000000,70.70000000,71.08000000,124384.94100000
1781794800000,71.08000000,71.10000000,68.35000000,68.44000000,498784.60800000
1781798400000,68.43000000,69.13000000,68.38000000,69.06000000,181301.52900000
1781802000000,69.07000000,69.15000000,68.50000000,68.64000000,102969.56200000
1781805600000,68.64000000,68.99000000,68.23000000,68.66000000,147840.92600000
1781809200000,68.66000000,69.53000000,68.57000000,69.37000000,89639.55700000
1781812800000,69.38000000,69.96000000,69.38000000,69.82000000,75565.73200000
1781816400000,69.81000000,69.90000000,69.41000000,69.57000000,60363.60000000
1781820000000,69.56000000,69.69000000,69.26000000,69.52000000,53927.78300000
1781823600000,69.51000000,69.79000000,69.27000000,69.71000000,40062.37100000
1781827200000,69.72000000,69.90000000,69.53000000,69.81000000,56062.94100000
1781830800000,69.80000000,70.03000000,69.54000000,69.94000000,48680.14400000
1781834400000,69.94000000,70.09000000,69.41000000,69.66000000,46462.89100000
1781838000000,69.65000000,69.74000000,68.64000000,69.05000000,164081.69400000
1781841600000,69.06000000,69.27000000,68.10000000,68.33000000,133933.86800000
1781845200000,68.33000000,68.75000000,68.32000000,68.70000000,96105.27800000
1781848800000,68.69000000,68.84000000,68.46000000,68.75000000,112846.88500000
1781852400000,68.75000000,68.77000000,67.98000000,68.38000000,94522.84500000
1781856000000,68.37000000,68.75000000,68.23000000,68.68000000,76368.91900000
1781859600000,68.69000000,68.76000000,68.22000000,68.33000000,67278.47900000
1781863200000,68.32000000,68.46000000,68.05000000,68.30000000,82241.40200000
1781866800000,68.31000000,68.47000000,68.09000000,68.25000000,61862.21400000
1781870400000,68.25000000,68.71000000,67.92000000,68.62000000,99976.23000000
1781874000000,68.62000000,69.58000000,68.40000000,69.28000000,149932.40200000
1781877600000,69.28000000,69.48000000,68.83000000,69.15000000,96828.39200000
1781881200000,69.14000000,69.54000000,68.93000000,69.33000000,66234.75100000
1781884800000,69.34000000,69.57000000,68.69000000,68.71000000,82500.09500000
1781888400000,68.72000000,69.52000000,68.63000000,69.31000000,65555.59900000
1781892000000,69.32000000,69.37000000,68.80000000,69.06000000,38052.65800000
1781895600000,69.05000000,69.16000000,68.78000000,68.97000000,44918.23100000
1781899200000,68.97000000,69.31000000,68.72000000,69.25000000,31454.21100000
1781902800000,69.25000000,69.31000000,68.91000000,69.02000000,34582.68900000
1781906400000,69.01000000,69.44000000,69.00000000,69.42000000,61373.26200000
1781910000000,69.43000000,69.87000000,69.24000000,69.74000000,72714.78800000
1781913600000,69.73000000,70.12000000,69.61000000,69.63000000,89692.45700000
1781917200000,69.62000000,69.95000000,69.54000000,69.80000000,32309.70200000
1781920800000,69.80000000,69.86000000,69.48000000,69.65000000,36533.06300000
1781924400000,69.66000000,70.11000000,69.62000000,70.00000000,53423.81000000
1781928000000,70.00000000,71.09000000,69.89000000,70.86000000,103542.95800000
1781931600000,70.87000000,72.46000000,70.72000000,71.80000000,173683.89500000
1781935200000,71.80000000,72.39000000,71.71000000,72.12000000,103980.81700000
1781938800000,72.12000000,72.15000000,71.45000000,71.60000000,75932.21800000
1781942400000,71.60000000,71.65000000,71.27000000,71.34000000,64686.51100000
1781946000000,71.34000000,71.63000000,71.21000000,71.57000000,55197.87500000
1781949600000,71.57000000,71.72000000,71.41000000,71.69000000,38092.52100000
1781953200000,71.69000000,72.10000000,71.45000000,71.78000000,56490.44800000
1781956800000,71.78000000,71.94000000,71.38000000,71.56000000,66486.38700000
1781960400000,71.55000000,71.58000000,70.75000000,71.19000000,85462.16100000
1781964000000,71.19000000,72.18000000,70.47000000,71.93000000,166026.55900000
1781967600000,71.94000000,72.62000000,71.49000000,72.02000000,345082.29900000
1781971200000,72.03000000,72.05000000,71.32000000,71.67000000,128031.77500000
1781974800000,71.67000000,71.68000000,71.09000000,71.55000000,52934.74500000
1781978400000,71.56000000,71.99000000,71.53000000,71.75000000,69624.59400000
1781982000000,71.75000000,71.92000000,71.60000000,71.86000000,53925.99000000
1781985600000,71.86000000,72.07000000,71.70000000,72.01000000,46159.86800000
1781989200000,72.02000000,72.45000000,71.96000000,72.41000000,49010.68600000
1781992800000,72.41000000,74.30000000,72.36000000,73.56000000,255371.48000000
1781996400000,73.56000000,73.65000000,73.21000000,73.22000000,65931.80800000
1782000000000,73.22000000,73.28000000,73.02000000,73.20000000,50783.81300000
1782003600000,73.20000000,73.32000000,72.88000000,73.19000000,55705.13800000
1782007200000,73.19000000,73.39000000,73.08000000,73.34000000,31953.75000000
1782010800000,73.34000000,73.86000000,73.13000000,73.63000000,113803.36900000
1782014400000,73.63000000,73.84000000,73.39000000,73.44000000,45055.87600000
1782018000000,73.44000000,73.52000000,73.01000000,73.09000000,45918.29800000
1782021600000,73.09000000,73.36000000,73.04000000,73.24000000,41475.29800000
1782025200000,73.25000000,73.45000000,73.07000000,73.21000000,166976.77600000
1782028800000,73.21000000,73.25000000,72.75000000,73.15000000,97362.46700000
1782032400000,73.16000000,74.10000000,73.08000000,74.05000000,123475.70600000
1782036000000,74.04000000,74.40000000,73.87000000,73.90000000,106025.04200000
1782039600000,73.91000000,74.04000000,73.07000000,73.21000000,75409.00900000
1782043200000,73.21000000,73.69000000,72.93000000,73.65000000,135448.19100000
1782046800000,73.65000000,73.93000000,73.47000000,73.91000000,116612.67800000
1782050400000,73.92000000,74.15000000,73.63000000,74.11000000,114476.75700000
1782054000000,74.11000000,74.29000000,73.91000000,74.14000000,66306.14700000
1782057600000,74.14000000,74.68000000,73.80000000,74.34000000,91123.03900000
1782061200000,74.34000000,74.64000000,74.04000000,74.24000000,95065.84200000
1782064800000,74.25000000,74.44000000,73.86000000,74.22000000,98577.38900000
1782068400000,74.21000000,74.47000000,74.11000000,74.42000000,37234.34200000
1782072000000,74.42000000,74.55000000,73.34000000,73.42000000,80489.03000000
1782075600000,73.43000000,73.47000000,72.42000000,73.15000000,150999.11100000
1782079200000,73.14000000,73.26000000,72.63000000,73.06000000,73823.85600000
1782082800000,73.05000000,73.10000000,72.31000000,72.46000000,108584.69400000
1782086400000,72.47000000,73.59000000,72.46000000,73.36000000,103710.64100000
1782090000000,73.37000000,74.99000000,73.27000000,74.37000000,191909.01300000
1782093600000,74.37000000,74.46000000,73.77000000,73.83000000,82099.16600000
1782097200000,73.84000000,74.06000000,73.29000000,73.52000000,95274.82000000
1782100800000,73.53000000,73.91000000,73.36000000,73.86000000,88522.17800000
1782104400000,73.87000000,74.15000000,73.80000000,73.95000000,59283.56800000
1782108000000,73.96000000,74.21000000,73.56000000,73.71000000,61212.29300000
1782111600000,73.72000000,74.48000000,73.67000000,74.10000000,84946.44700000
1782115200000,74.10000000,74.33000000,73.71000000,73.90000000,79772.54900000
1782118800000,73.89000000,74.03000000,73.57000000,73.80000000,61836.58500000
1782122400000,73.79000000,74.01000000,73.60000000,73.78000000,50650.13000000
1782126000000,73.77000000,74.44000000,73.64000000,74.17000000,250333.20500000
1782129600000,74.18000000,74.56000000,74.00000000,74.41000000,173681.72300000
1782133200000,74.42000000,74.98000000,74.24000000,74.98000000,191736.84300000
1782136800000,74.97000000,75.00000000,73.19000000,73.44000000,221209.13000000
1782140400000,73.45000000,73.80000000,72.98000000,73.14000000,132069.81700000
1782144000000,73.15000000,73.21000000,72.55000000,72.95000000,126835.76400000
1782147600000,72.95000000,73.34000000,72.63000000,73.28000000,59765.78400000
1782151200000,73.28000000,73.57000000,72.58000000,72.64000000,104171.03400000
1782154800000,72.64000000,72.81000000,72.45000000,72.71000000,86356.89500000
1782158400000,72.71000000,72.97000000,72.49000000,72.83000000,40056.15100000
1782162000000,72.82000000,72.89000000,72.28000000,72.73000000,47245.83000000
1782165600000,72.74000000,72.96000000,71.37000000,72.11000000,134404.11100000
1782169200000,72.11000000,72.17000000,71.82000000,71.95000000,40140.39000000
1782172800000,71.95000000,72.01000000,71.46000000,71.88000000,69273.44300000
1782176400000,71.89000000,72.04000000,71.31000000,71.72000000,66120.40900000
1782180000000,71.71000000,72.06000000,71.54000000,72.00000000,58271.01300000
1782183600000,71.99000000,72.01000000,71.73000000,72.00000000,43972.12800000
1782187200000,71.99000000,72.03000000,71.37000000,71.45000000,50400.27600000
1782190800000,71.46000000,71.60000000,70.90000000,71.02000000,81827.00400000
1782194400000,71.03000000,71.07000000,69.68000000,70.33000000,226879.08900000
1782198000000,70.33000000,70.56000000,69.97000000,70.01000000,147921.65400000
1782201600000,70.01000000,70.11000000,68.16000000,68.70000000,354240.75900000
1782205200000,68.71000000,69.06000000,68.68000000,68.93000000,115063.17500000
1782208800000,68.93000000,69.22000000,68.61000000,68.82000000,66289.85800000
1782212400000,68.82000000,69.38000000,68.82000000,69.33000000,88613.20300000
1782216000000,69.33000000,69.38000000,68.87000000,68.98000000,76392.78100000
1782219600000,68.98000000,69.37000000,68.64000000,69.20000000,147090.51600000
1782223200000,69.20000000,69.68000000,69.06000000,69.20000000,120384.98000000
1782226800000,69.20000000,69.20000000,68.40000000,68.92000000,87673.90400000
1782230400000,68.93000000,69.41000000,68.81000000,68.90000000,97343.65900000
1782234000000,68.89000000,69.19000000,68.64000000,68.78000000,37570.84600000
1782237600000,68.78000000,69.05000000,68.69000000,68.91000000,43917.12800000
1782241200000,68.90000000,69.11000000,68.73000000,68.84000000,48268.35200000
1782244800000,68.84000000,69.06000000,68.83000000,69.01000000,33350.56300000
1782248400000,69.02000000,69.31000000,68.97000000,69.27000000,44272.52900000
1782252000000,69.27000000,69.84000000,69.26000000,69.56000000,58575.57800000
1782255600000,69.56000000,69.82000000,69.31000000,69.71000000,38806.43800000
1782259200000,69.70000000,70.14000000,69.59000000,69.99000000,62322.34900000
1782262800000,70.00000000,70.41000000,69.67000000,70.09000000,80642.47000000
1782266400000,70.09000000,70.15000000,69.43000000,69.46000000,71586.52200000
1782270000000,69.46000000,69.77000000,69.10000000,69.56000000,49187.91400000
1782273600000,69.57000000,69.70000000,69.00000000,69.58000000,52609.00600000
1782277200000,69.59000000,70.22000000,69.52000000,69.95000000,69893.07400000
1782280800000,69.95000000,70.04000000,69.70000000,69.75000000,63506.54800000
1782284400000,69.75000000,69.79000000,69.28000000,69.38000000,65877.75700000
1782288000000,69.38000000,69.63000000,69.25000000,69.48000000,62541.36200000
1782291600000,69.48000000,69.55000000,69.20000000,69.31000000,97596.39700000
1782295200000,69.31000000,69.35000000,68.96000000,69.05000000,63646.96700000
1782298800000,69.05000000,70.44000000,68.77000000,69.82000000,116152.28700000
1782302400000,69.82000000,69.93000000,69.41000000,69.46000000,64524.26700000
1782306000000,69.46000000,69.50000000,68.37000000,68.88000000,250377.26500000
1782309600000,68.87000000,69.43000000,68.59000000,68.85000000,174917.47700000
1782313200000,68.86000000,68.90000000,67.24000000,67.33000000,178449.33700000
1782316800000,67.32000000,68.03000000,66.28000000,66.52000000,568454.03600000
1782320400000,66.52000000,66.92000000,64.71000000,64.98000000,409632.05500000
1782324000000,64.98000000,66.50000000,64.83000000,66.03000000,231997.63300000
1782327600000,66.04000000,66.39000000,65.54000000,66.13000000,128029.45600000
1782331200000,66.13000000,68.01000000,65.98000000,67.68000000,270507.54100000
1782334800000,67.69000000,68.12000000,67.22000000,68.09000000,123508.19400000
1782338400000,68.08000000,68.55000000,67.69000000,67.83000000,69717.51800000
1782342000000,67.84000000,68.20000000,67.76000000,68.11000000,42990.09700000
1782345600000,68.12000000,68.32000000,67.57000000,67.72000000,61805.23700000
1782349200000,67.72000000,68.01000000,67.40000000,67.89000000,75604.25200000
1782352800000,67.89000000,67.94000000,67.61000000,67.74000000,35486.97200000
1782356400000,67.75000000,67.87000000,67.47000000,67.70000000,60280.93000000
1782360000000,67.70000000,68.51000000,67.50000000,68.46000000,83359.39600000
1782363600000,68.47000000,69.31000000,68.35000000,69.04000000,193552.00200000
1782367200000,69.03000000,69.66000000,69.01000000,69.47000000,132524.60300000
1782370800000,69.48000000,69.58000000,69.24000000,69.45000000,90052.65700000
1782374400000,69.44000000,69.45000000,68.99000000,69.05000000,82641.57300000
1782378000000,69.06000000,69.19000000,68.80000000,68.83000000,47562.62100000
1782381600000,68.83000000,68.88000000,68.13000000,68.29000000,97123.55500000
1782385200000,68.30000000,68.44000000,68.00000000,68.18000000,102663.84700000
1782388800000,68.18000000,68.92000000,67.79000000,68.29000000,167650.43100000
1782392400000,68.29000000,68.45000000,64.04000000,64.23000000,570872.69800000
1782396000000,64.23000000,67.24000000,64.23000000,66.36000000,606207.42300000
1782399600000,66.37000000,66.39000000,65.24000000,66.32000000,224938.70400000
1782403200000,66.32000000,67.05000000,65.65000000,65.98000000,183517.99400000
1782406800000,65.98000000,67.35000000,65.82000000,67.13000000,176489.45600000
1782410400000,67.12000000,67.16000000,65.91000000,66.18000000,213512.17700000
1782414000000,66.19000000,66.22000000,65.65000000,66.20000000,103226.32000000
1782417600000,66.19000000,66.80000000,66.08000000,66.27000000,99763.52000000
1782421200000,66.28000000,67.31000000,66.27000000,67.28000000,69774.56400000
1782424800000,67.28000000,67.35000000,66.94000000,67.15000000,71115.20900000
1782428400000,67.16000000,68.81000000,67.00000000,67.72000000,167175.14000000
1782432000000,67.72000000,68.10000000,67.62000000,67.74000000,85692.20500000
1782435600000,67.74000000,67.91000000,67.14000000,67.32000000,113538.50000000
1782439200000,67.32000000,67.36000000,65.93000000,66.20000000,212243.61000000
1782442800000,66.21000000,68.50000000,65.91000000,68.21000000,273214.94500000
1782446400000,68.22000000,68.38000000,67.96000000,68.06000000,114284.50800000
1782450000000,68.07000000,68.47000000,67.97000000,68.38000000,99377.63900000
1782453600000,68.37000000,70.01000000,68.01000000,69.99000000,347176.39900000
1782457200000,70.00000000,70.99000000,69.93000000,70.77000000,326907.50100000
1782460800000,70.78000000,70.88000000,69.72000000,69.94000000,204505.66400000
1782464400000,69.95000000,69.95000000,68.85000000,69.01000000,162342.86000000
1782468000000,69.01000000,69.25000000,68.64000000,68.78000000,68124.13400000
1782471600000,68.78000000,69.10000000,68.39000000,68.61000000,68243.11200000
1782475200000,68.61000000,69.74000000,68.37000000,68.87000000,130724.26300000
1782478800000,68.87000000,70.94000000,68.19000000,70.71000000,269629.65500000
1782482400000,70.71000000,71.99000000,70.24000000,70.46000000,379679.25400000
1782486000000,70.47000000,72.24000000,70.31000000,72.07000000,260548.10800000
1782489600000,72.06000000,73.53000000,72.01000000,72.48000000,332248.04600000
1782493200000,72.49000000,72.88000000,72.18000000,72.56000000,142021.06100000
1782496800000,72.57000000,73.10000000,72.37000000,72.60000000,118672.41700000
1782500400000,72.60000000,73.93000000,72.48000000,73.01000000,219094.45600000
1782504000000,73.01000000,73.68000000,72.05000000,72.17000000,245579.17600000
1782507600000,72.18000000,72.40000000,71.80000000,71.99000000,108722.07000000
1782511200000,71.98000000,72.09000000,71.41000000,71.83000000,95015.56200000
1782514800000,71.82000000,72.02000000,71.68000000,71.90000000,45283.57100000
1782518400000,71.90000000,72.50000000,71.58000000,71.82000000,124374.67200000
1782522000000,71.83000000,71.83000000,71.36000000,71.44000000,58283.45000000
1782525600000,71.44000000,72.26000000,71.39000000,72.12000000,77157.58600000
1782529200000,72.11000000,72.43000000,71.84000000,72.27000000,108184.65400000
1782532800000,72.26000000,72.59000000,71.90000000,71.94000000,79180.17000000
1782536400000,71.93000000,72.03000000,71.51000000,71.81000000,118653.28200000
1782540000000,71.81000000,72.33000000,71.62000000,72.13000000,63569.36300000
1782543600000,72.13000000,72.35000000,72.01000000,72.31000000,55692.98800000
1782547200000,72.31000000,72.33000000,71.88000000,72.03000000,54585.25200000
1782550800000,72.03000000,72.11000000,71.72000000,71.86000000,42418.36500000
1782554400000,71.85000000,72.05000000,71.83000000,72.04000000,32281.48000000
1782558000000,72.04000000,72.09000000,71.53000000,71.81000000,55641.77300000
1782561600000,71.81000000,72.18000000,71.64000000,72.17000000,101149.80500000
1782565200000,72.17000000,72.61000000,72.13000000,72.36000000,85200.46600000
1782568800000,72.36000000,72.90000000,72.21000000,72.70000000,75932.26200000
1782572400000,72.71000000,73.19000000,72.62000000,72.84000000,96009.04800000
1782576000000,72.83000000,73.01000000,72.63000000,72.64000000,61295.87200000
1782579600000,72.64000000,72.65000000,71.90000000,72.06000000,135186.81900000
1782583200000,72.05000000,72.18000000,71.76000000,71.92000000,58373.36300000
1782586800000,71.92000000,72.01000000,70.94000000,71.11000000,141823.11300000
1782590400000,71.11000000,71.35000000,71.09000000,71.30000000,35153.43600000
1782594000000,71.31000000,71.63000000,70.81000000,70.98000000,101719.46800000
1782597600000,70.98000000,71.10000000,70.25000000,71.09000000,96202.61600000
1782601200000,71.09000000,71.16000000,70.42000000,70.50000000,63763.25700000
1782604800000,70.49000000,70.82000000,70.45000000,70.72000000,54279.50100000
1782608400000,70.72000000,70.93000000,70.44000000,70.83000000,37991.59800000
1782612000000,70.84000000,71.01000000,70.49000000,70.73000000,36480.14100000
1782615600000,70.72000000,70.98000000,70.72000000,70.87000000,40983.64300000
1782619200000,70.86000000,70.99000000,70.55000000,70.77000000,36424.95400000
1782622800000,70.77000000,70.77000000,70.14000000,70.52000000,99472.69500000
1782626400000,70.52000000,70.56000000,70.17000000,70.45000000,53833.99200000
1782630000000,70.45000000,71.09000000,70.44000000,71.08000000,55602.27600000
1782633600000,71.08000000,72.20000000,71.06000000,71.91000000,139131.44100000
1782637200000,71.91000000,72.05000000,71.45000000,71.54000000,71324.87100000
1782640800000,71.53000000,71.60000000,71.11000000,71.48000000,52654.53600000
1782644400000,71.48000000,72.03000000,71.41000000,71.92000000,74703.34800000
1782648000000,71.92000000,72.41000000,71.65000000,71.88000000,75592.06400000
1782651600000,71.87000000,72.10000000,71.33000000,71.74000000,59366.62100000
1782655200000,71.74000000,72.20000000,71.65000000,71.65000000,44268.52600000
1782658800000,71.66000000,72.12000000,71.45000000,72.09000000,67077.30700000
1782662400000,72.09000000,72.13000000,71.16000000,71.56000000,106698.40600000
1782666000000,71.56000000,71.98000000,70.97000000,71.55000000,67678.31500000
1782669600000,71.55000000,71.73000000,71.00000000,71.18000000,47572.66200000
1782673200000,71.18000000,71.32000000,70.25000000,70.74000000,72184.53600000
1782676800000,70.73000000,71.29000000,70.66000000,70.92000000,63919.14200000
1782680400000,70.92000000,71.07000000,70.26000000,70.46000000,63791.15400000
1782684000000,70.47000000,71.53000000,69.74000000,70.24000000,172709.21200000
1782687600000,70.23000000,71.82000000,70.14000000,71.38000000,115533.97700000
1782691200000,71.39000000,71.70000000,70.35000000,71.66000000,139706.99600000
1782694800000,71.66000000,71.70000000,70.95000000,71.49000000,90570.16300000
1782698400000,71.49000000,72.21000000,70.51000000,72.18000000,137598.88500000
1782702000000,72.19000000,73.33000000,72.18000000,72.68000000,185308.60000000
1782705600000,72.68000000,72.69000000,71.64000000,71.68000000,78551.20700000
1782709200000,71.69000000,72.35000000,71.03000000,72.32000000,108925.65000000
1782712800000,72.33000000,73.12000000,72.21000000,72.39000000,114185.10100000
1782716400000,72.39000000,72.93000000,72.08000000,72.72000000,66082.43500000
1782720000000,72.72000000,73.02000000,72.39000000,72.73000000,109603.19400000
1782723600000,72.72000000,73.17000000,72.61000000,72.94000000,78271.60300000
1782727200000,72.94000000,73.68000000,72.94000000,73.25000000,122356.99700000
1782730800000,73.25000000,73.28000000,72.25000000,72.52000000,133647.21100000
1782734400000,72.53000000,74.55000000,72.12000000,73.52000000,458704.03200000
1782738000000,73.52000000,74.35000000,72.72000000,73.74000000,392557.49500000
1782741600000,73.74000000,74.01000000,72.32000000,73.73000000,289453.19200000
1782745200000,73.74000000,74.43000000,72.79000000,73.92000000,225421.60200000
1782748800000,73.92000000,74.16000000,72.89000000,74.03000000,155885.54400000
1782752400000,74.02000000,76.49000000,74.00000000,75.31000000,446422.30300000
1782756000000,75.31000000,75.84000000,75.14000000,75.59000000,90882.62800000
1782759600000,75.60000000,76.22000000,75.41000000,75.98000000,129946.07000000
1782763200000,75.98000000,76.00000000,75.27000000,75.37000000,71069.53300000
1782766800000,75.38000000,75.80000000,75.23000000,75.53000000,88468.80600000
1782770400000,75.52000000,75.66000000,75.05000000,75.27000000,64064.35700000
1782774000000,75.28000000,75.44000000,74.89000000,75.16000000,84038.49600000
1782777600000,75.17000000,75.24000000,74.19000000,74.42000000,122255.06100000
1782781200000,74.43000000,74.67000000,74.05000000,74.41000000,94891.25800000
1782784800000,74.41000000,74.84000000,74.04000000,74.59000000,53074.69700000
1782788400000,74.60000000,74.89000000,74.14000000,74.19000000,56471.72700000
1782792000000,74.19000000,74.25000000,73.69000000,74.02000000,106409.91700000
1782795600000,74.03000000,74.23000000,73.85000000,74.23000000,50261.91700000
1782799200000,74.23000000,74.26000000,73.91000000,74.17000000,51848.77100000
1782802800000,74.17000000,74.25000000,73.86000000,74.16000000,56997.35600000
1782806400000,74.16000000,75.80000000,73.30000000,73.64000000,222120.81900000
1782810000000,73.63000000,73.88000000,73.55000000,73.80000000,97800.74800000
1782813600000,73.80000000,73.90000000,73.48000000,73.69000000,57815.21200000
1782817200000,73.69000000,73.78000000,73.34000000,73.40000000,74952.03300000
1782820800000,73.41000000,73.42000000,72.06000000,72.08000000,137868.48600000
1782824400000,72.08000000,72.94000000,71.90000000,72.88000000,459618.17800000
1782828000000,72.87000000,73.91000000,72.74000000,72.95000000,166319.15900000
1782831600000,72.96000000,74.10000000,72.60000000,73.13000000,196377.65000000
1782835200000,73.14000000,73.72000000,72.73000000,73.52000000,141863.66300000
1782838800000,73.52000000,73.93000000,73.16000000,73.18000000,92560.84800000
1782842400000,73.17000000,73.80000000,72.95000000,73.60000000,92931.64400000
1782846000000,73.60000000,73.97000000,73.35000000,73.75000000,78681.44000000
1782849600000,73.74000000,73.94000000,73.53000000,73.69000000,108021.97400000
1782853200000,73.69000000,73.80000000,73.19000000,73.49000000,64472.54800000
1782856800000,73.50000000,73.75000000,73.27000000,73.43000000,49634.25200000
1782860400000,73.44000000,73.71000000,73.32000000,73.67000000,35534.74500000
1782864000000,73.67000000,73.88000000,73.36000000,73.65000000,84635.39400000
1782867600000,73.65000000,74.36000000,72.25000000,73.95000000,178813.08300000
1782871200000,73.95000000,75.03000000,73.79000000,74.78000000,131997.89400000
1782874800000,74.78000000,75.69000000,74.35000000,75.48000000,211277.21700000
1782878400000,75.48000000,75.87000000,75.25000000,75.57000000,129662.04400000
1782882000000,75.56000000,75.79000000,75.14000000,75.25000000,77826.11400000
1782885600000,75.24000000,75.28000000,73.96000000,74.31000000,137912.85300000
1782889200000,74.32000000,74.96000000,74.10000000,74.87000000,117148.12600000
1782892800000,74.87000000,75.52000000,74.46000000,75.44000000,111391.91900000
1782896400000,75.44000000,75.58000000,75.05000000,75.45000000,166959.04800000
1782900000000,75.46000000,75.57000000,74.97000000,74.99000000,78051.01400000
1782903600000,74.99000000,75.32000000,74.64000000,74.84000000,137050.26400000
1782907200000,74.84000000,74.96000000,74.27000000,74.62000000,148280.33600000
1782910800000,74.61000000,76.34000000,74.61000000,76.04000000,314220.09000000
1782914400000,76.04000000,77.27000000,75.64000000,76.97000000,381964.18500000
1782918000000,76.97000000,77.80000000,76.82000000,77.43000000,207929.07800000
1782921600000,77.43000000,78.25000000,76.91000000,77.17000000,227425.26800000
1782925200000,77.17000000,77.98000000,76.85000000,77.77000000,109490.59400000
1782928800000,77.77000000,77.91000000,77.29000000,77.42000000,88106.47800000
1782932400000,77.42000000,77.69000000,76.80000000,77.00000000,78208.05900000
1782936000000,77.01000000,77.51000000,76.59000000,77.42000000,91107.04600000
1782939600000,77.43000000,78.70000000,77.43000000,78.42000000,143842.98100000
1782943200000,78.41000000,78.96000000,77.77000000,77.87000000,152885.59200000
1782946800000,77.86000000,77.90000000,77.26000000,77.46000000,107140.61900000
1782950400000,77.46000000,77.46000000,76.90000000,77.26000000,99982.11300000
1782954000000,77.27000000,78.71000000,77.23000000,78.20000000,88273.78900000
1782957600000,78.20000000,78.60000000,77.80000000,78.44000000,63065.31100000
1782961200000,78.44000000,78.96000000,77.76000000,78.72000000,189947.76300000
1782964800000,78.71000000,78.72000000,78.06000000,78.29000000,74617.90700000
1782968400000,78.28000000,78.36000000,77.79000000,78.11000000,51191.28500000
1782972000000,78.11000000,78.64000000,77.74000000,77.90000000,89241.45000000
1782975600000,77.91000000,78.20000000,77.59000000,77.99000000,78501.17700000
1782979200000,78.00000000,78.52000000,77.94000000,78.48000000,81362.81500000
1782982800000,78.48000000,79.80000000,78.29000000,79.50000000,280892.53000000
1782986400000,79.49000000,82.18000000,79.43000000,82.09000000,546659.94500000
1782990000000,82.09000000,82.78000000,81.51000000,82.38000000,451490.05600000
1782993600000,82.37000000,82.45000000,81.12000000,81.41000000,342925.02000000
1782997200000,81.40000000,81.99000000,80.72000000,81.51000000,271405.63700000
1783000800000,81.50000000,81.53000000,80.12000000,80.54000000,225131.86800000
1783004400000,80.54000000,80.92000000,80.09000000,80.86000000,106735.75100000
1783008000000,80.87000000,81.11000000,80.15000000,80.56000000,130433.90700000
1783011600000,80.55000000,81.24000000,80.51000000,80.63000000,181782.19800000
1783015200000,80.64000000,81.26000000,80.64000000,81.04000000,75834.33000000
1783018800000,81.04000000,81.32000000,80.80000000,80.83000000,72905.77600000
1783022400000,80.84000000,81.11000000,80.58000000,81.03000000,71255.41800000
1783026000000,81.03000000,81.17000000,80.50000000,80.80000000,39918.89900000
1783029600000,80.79000000,80.89000000,80.41000000,80.66000000,89672.33700000
1783033200000,80.66000000,80.78000000,80.50000000,80.73000000,37276.52800000
1783036800000,80.72000000,80.92000000,80.52000000,80.75000000,62314.82400000
1783040400000,80.74000000,81.69000000,80.71000000,81.48000000,80882.38100000
1783044000000,81.49000000,81.68000000,80.66000000,80.82000000,57374.16300000
1783047600000,80.81000000,80.98000000,80.34000000,80.73000000,62469.67100000
1783051200000,80.72000000,80.81000000,80.44000000,80.51000000,54434.02400000
1783054800000,80.50000000,81.26000000,80.47000000,81.15000000,46309.42000000
1783058400000,81.16000000,81.39000000,80.73000000,80.96000000,88714.08100000
1783062000000,80.97000000,81.51000000,80.83000000,81.22000000,55121.27400000
1783065600000,81.23000000,81.53000000,80.84000000,80.92000000,80455.14600000
1783069200000,80.91000000,81.30000000,80.67000000,81.02000000,70838.60100000
1783072800000,81.02000000,81.88000000,80.87000000,81.54000000,121888.58400000
1783076400000,81.55000000,81.71000000,81.25000000,81.58000000,76519.84000000
1783080000000,81.57000000,81.78000000,81.23000000,81.53000000,81760.05500000
1783083600000,81.54000000,81.85000000,81.43000000,81.61000000,70317.39500000
1783087200000,81.61000000,81.84000000,80.91000000,81.69000000,77681.25800000
1783090800000,81.69000000,82.06000000,81.15000000,81.21000000,90757.54500000
1783094400000,81.21000000,81.57000000,81.08000000,81.54000000,45739.96600000
1783098000000,81.54000000,81.98000000,81.47000000,81.78000000,58286.51700000
1783101600000,81.79000000,82.37000000,81.63000000,82.12000000,78448.81900000
1783105200000,82.12000000,83.22000000,82.08000000,82.48000000,161096.19400000
1783108800000,82.47000000,83.00000000,82.24000000,82.72000000,106115.34100000
1783112400000,82.72000000,83.05000000,82.16000000,82.66000000,61940.77000000
1783116000000,82.67000000,82.68000000,82.25000000,82.34000000,39911.66500000
1783119600000,82.35000000,82.51000000,82.18000000,82.34000000,39839.84900000
1783123200000,82.35000000,82.74000000,82.26000000,82.39000000,58520.84500000
1783126800000,82.39000000,82.39000000,81.80000000,81.95000000,69235.89200000
1783130400000,81.94000000,82.40000000,81.90000000,82.18000000,32896.71900000
1783134000000,82.18000000,82.85000000,82.05000000,82.74000000,153657.82700000
1783137600000,82.74000000,83.98000000,82.66000000,83.48000000,162634.45500000
1783141200000,83.47000000,83.49000000,82.90000000,83.38000000,83305.77500000
1783144800000,83.38000000,83.59000000,82.39000000,82.55000000,226691.07400000
1783148400000,82.55000000,82.83000000,82.26000000,82.72000000,68091.52400000
1783152000000,82.72000000,82.78000000,82.25000000,82.32000000,69486.76900000
1783155600000,82.31000000,82.34000000,81.61000000,81.74000000,88799.72400000
1783159200000,81.74000000,81.94000000,81.42000000,81.65000000,62870.63900000
1783162800000,81.64000000,81.93000000,81.53000000,81.82000000,71552.89200000
1783166400000,81.82000000,82.00000000,81.36000000,81.59000000,67204.92700000
1783170000000,81.59000000,81.92000000,81.39000000,81.66000000,45424.28100000
1783173600000,81.65000000,81.87000000,81.55000000,81.80000000,45005.88500000
1783177200000,81.80000000,82.42000000,81.72000000,82.23000000,96810.21700000
1783180800000,82.24000000,82.39000000,82.00000000,82.22000000,52344.21700000
1783184400000,82.21000000,82.83000000,81.90000000,82.52000000,95043.36300000
1783188000000,82.53000000,82.62000000,82.10000000,82.27000000,50845.90000000
1783191600000,82.27000000,82.34000000,81.71000000,81.88000000,61567.92800000
1783195200000,81.88000000,82.29000000,81.58000000,81.98000000,63181.48200000
1783198800000,81.99000000,82.23000000,81.85000000,82.00000000,29808.96800000
1783202400000,81.99000000,82.04000000,81.79000000,81.94000000,18657.32500000
1783206000000,81.93000000,81.94000000,81.45000000,81.80000000,80151.83400000
1783209600000,81.80000000,81.84000000,81.12000000,81.30000000,69479.95100000
1783213200000,81.31000000,81.46000000,80.54000000,80.84000000,134936.55800000
1783216800000,80.85000000,80.89000000,80.20000000,80.36000000,84342.82000000
1783220400000,80.37000000,80.61000000,80.35000000,80.56000000,41507.31400000
1783224000000,80.56000000,80.87000000,80.41000000,80.60000000,42993.24100000
1783227600000,80.59000000,80.59000000,80.24000000,80.48000000,33560.91500000
1783231200000,80.48000000,80.67000000,80.34000000,80.60000000,30317.29200000
1783234800000,80.60000000,80.77000000,80.37000000,80.72000000,34536.57200000
1783238400000,80.72000000,80.87000000,80.46000000,80.50000000,44572.81700000
1783242000000,80.50000000,80.55000000,79.68000000,79.90000000,95986.94100000
1783245600000,79.90000000,80.45000000,79.75000000,80.44000000,61161.69000000
1783249200000,80.44000000,80.66000000,80.36000000,80.57000000,42339.19700000
1783252800000,80.57000000,81.32000000,80.37000000,80.76000000,91543.40200000
1783256400000,80.76000000,81.25000000,80.69000000,81.25000000,56120.09400000
1783260000000,81.25000000,81.60000000,81.03000000,81.46000000,58191.79100000
1783263600000,81.45000000,81.75000000,81.12000000,81.36000000,43155.88800000
1783267200000,81.36000000,81.54000000,80.91000000,81.10000000,53830.87000000
1783270800000,81.09000000,81.38000000,81.01000000,81.14000000,33068.05200000
1783274400000,81.14000000,81.27000000,81.00000000,81.01000000,19898.95800000
1783278000000,81.01000000,81.13000000,80.81000000,81.04000000,43057.02700000
1783281600000,81.04000000,81.18000000,80.96000000,81.07000000,19029.15400000
1783285200000,81.08000000,82.22000000,80.79000000,81.80000000,79328.09000000
1783288800000,81.80000000,82.43000000,81.65000000,81.82000000,129910.54100000
1783292400000,81.82000000,82.08000000,81.44000000,81.59000000,62612.96400000
1783296000000,81.59000000,82.24000000,81.11000000,82.20000000,76464.00400000
1783299600000,82.20000000,82.33000000,81.48000000,81.55000000,57155.66900000
1783303200000,81.54000000,81.68000000,80.82000000,81.01000000,108512.70200000
1783306800000,81.01000000,81.05000000,80.45000000,80.80000000,63018.98500000
1783310400000,80.80000000,81.02000000,80.70000000,80.82000000,62372.52400000
1783314000000,80.81000000,80.82000000,80.15000000,80.42000000,53010.58100000
1783317600000,80.42000000,80.53000000,80.26000000,80.35000000,37071.64000000
1783321200000,80.36000000,81.02000000,80.27000000,80.82000000,70798.67300000
1783324800000,80.83000000,81.08000000,80.30000000,80.49000000,49045.97700000
1783328400000,80.49000000,80.50000000,80.06000000,80.08000000,49014.90400000
1783332000000,80.07000000,80.71000000,80.06000000,80.67000000,66359.70300000
1783335600000,80.66000000,81.00000000,80.38000000,80.39000000,57350.22300000
1783339200000,80.39000000,80.64000000,79.27000000,79.46000000,252460.46000000
1783342800000,79.46000000,80.91000000,79.23000000,80.16000000,199929.19700000
1783346400000,80.17000000,80.79000000,79.86000000,80.29000000,113912.29100000
1783350000000,80.30000000,81.54000000,80.29000000,81.50000000,158256.05900000
1783353600000,81.50000000,82.40000000,81.29000000,82.10000000,225823.93400000
1783357200000,82.10000000,82.19000000,81.45000000,81.65000000,81411.15000000
1783360800000,81.64000000,82.30000000,81.31000000,81.99000000,149312.05800000
1783364400000,81.99000000,82.18000000,81.81000000,82.07000000,69461.11600000
1783368000000,82.08000000,82.25000000,81.68000000,82.10000000,42002.28900000
1783371600000,82.10000000,83.74000000,82.06000000,82.82000000,229534.24500000
1783375200000,82.83000000,82.88000000,82.25000000,82.32000000,69758.17000000
1783378800000,82.33000000,82.43000000,81.91000000,81.94000000,51571.08600000
1783382400000,81.94000000,82.50000000,81.82000000,82.36000000,86146.14500000
1783386000000,82.36000000,82.37000000,81.81000000,81.90000000,48516.33500000
1783389600000,81.90000000,81.99000000,81.29000000,81.35000000,46660.55300000
1783393200000,81.36000000,81.48000000,80.97000000,81.05000000,56727.77800000
1783396800000,81.05000000,81.10000000,80.65000000,80.92000000,57179.65000000
1783400400000,80.91000000,81.22000000,80.46000000,81.11000000,76897.66700000
1783404000000,81.11000000,81.64000000,80.81000000,81.54000000,66490.69600000
1783407600000,81.55000000,81.76000000,81.35000000,81.50000000,70326.79200000
1783411200000,81.51000000,81.60000000,81.21000000,81.28000000,115628.84200000
1783414800000,81.28000000,81.49000000,81.14000000,81.31000000,61966.22500000
1783418400000,81.31000000,81.59000000,80.93000000,80.99000000,77915.60700000
1783422000000,80.99000000,81.40000000,80.76000000,81.32000000,55060.77200000
1783425600000,81.32000000,82.00000000,81.30000000,81.45000000,109334.51700000
1783429200000,81.45000000,81.62000000,80.66000000,80.84000000,124183.56400000
1783432800000,80.85000000,81.92000000,80.51000000,81.81000000,131754.05200000
1783436400000,81.81000000,82.36000000,81.50000000,82.11000000,124871.50800000
1783440000000,82.11000000,82.57000000,81.82000000,82.22000000,81896.25200000
1783443600000,82.21000000,82.79000000,82.09000000,82.72000000,60810.99100000
1783447200000,82.73000000,82.73000000,81.24000000,81.30000000,68631.64600000
1783450800000,81.30000000,81.56000000,80.78000000,81.37000000,101089.13300000
1783454400000,81.38000000,81.49000000,81.01000000,81.17000000,37655.91000000
1783458000000,81.17000000,81.42000000,80.57000000,80.84000000,77130.44500000
1783461600000,80.83000000,81.10000000,80.34000000,80.88000000,71034.46100000
1783465200000,80.87000000,81.15000000,80.51000000,80.58000000,51079.97600000
1783468800000,80.58000000,80.78000000,80.35000000,80.37000000,92383.66400000
1783472400000,80.37000000,80.42000000,78.82000000,79.10000000,168955.66800000
1783476000000,79.09000000,79.18000000,78.22000000,79.06000000,145442.63000000
1783479600000,79.07000000,79.34000000,78.62000000,78.73000000,65768.24300000
1783483200000,78.73000000,78.93000000,78.35000000,78.64000000,47502.72600000
1783486800000,78.65000000,78.82000000,78.35000000,78.42000000,75950.02800000
1783490400000,78.43000000,78.46000000,77.95000000,78.23000000,105746.59500000
1783494000000,78.23000000,78.34000000,77.80000000,78.28000000,174640.78300000
1783497600000,78.29000000,78.43000000,76.90000000,77.25000000,201507.59500000
1783501200000,77.26000000,77.49000000,77.01000000,77.19000000,78732.56500000
1783504800000,77.19000000,77.50000000,76.94000000,77.33000000,66068.26500000
1783508400000,77.33000000,77.71000000,77.08000000,77.56000000,75575.29400000
1783512000000,77.56000000,77.66000000,77.02000000,77.03000000,67212.05400000
1783515600000,77.03000000,77.47000000,76.64000000,77.31000000,196699.75700000
1783519200000,77.30000000,77.42000000,76.71000000,77.11000000,113392.18900000
1783522800000,77.11000000,77.15000000,76.29000000,76.75000000,104437.48400000
1783526400000,76.76000000,77.36000000,76.76000000,77.29000000,75682.97300000
1783530000000,77.29000000,77.68000000,77.04000000,77.13000000,77173.09500000
1783533600000,77.13000000,77.36000000,76.82000000,77.14000000,40185.33700000
1783537200000,77.15000000,77.49000000,76.95000000,77.42000000,49770.50500000
1783540800000,77.42000000,77.57000000,77.05000000,77.17000000,37142.42900000
1783544400000,77.18000000,77.35000000,76.93000000,77.26000000,30357.61700000
1783548000000,77.26000000,77.59000000,77.18000000,77.55000000,43417.44300000
1783551600000,77.54000000,77.95000000,77.43000000,77.83000000,37658.42100000
1783555200000,77.83000000,77.90000000,77.52000000,77.71000000,53552.59800000
1783558800000,77.72000000,78.78000000,77.25000000,77.35000000,116679.78100000
1783562400000,77.35000000,77.84000000,76.98000000,77.07000000,64513.21400000
1783566000000,77.06000000,77.41000000,76.71000000,77.38000000,53488.68200000
1783569600000,77.39000000,78.04000000,77.22000000,77.99000000,49556.85300000
1783573200000,77.98000000,78.40000000,77.74000000,78.40000000,77144.52100000
1783576800000,78.40000000,78.62000000,78.11000000,78.49000000,68073.73900000
1783580400000,78.50000000,78.83000000,78.14000000,78.21000000,90359.84700000
1783584000000,78.22000000,78.41000000,77.96000000,78.11000000,56128.50800000
1783587600000,78.11000000,78.18000000,77.86000000,78.14000000,44117.53700000
1783591200000,78.13000000,78.22000000,77.52000000,77.68000000,83102.41400000
1783594800000,77.69000000,77.78000000,77.32000000,77.61000000,50326.61000000
1783598400000,77.61000000,78.21000000,77.41000000,77.64000000,153550.33700000
1783602000000,77.64000000,78.49000000,77.35000000,78.22000000,87817.54100000
1783605600000,78.22000000,78.35000000,77.58000000,77.88000000,63101.34700000
1783609200000,77.88000000,78.20000000,77.51000000,77.63000000,54848.79200000
1783612800000,77.63000000,77.81000000,77.26000000,77.69000000,53100.10000000
1783616400000,77.69000000,78.16000000,77.63000000,78.06000000,51133.22600000
1783620000000,78.06000000,78.43000000,78.00000000,78.19000000,51711.54000000
1783623600000,78.20000000,78.32000000,77.91000000,78.15000000,29760.19000000
1783627200000,78.16000000,78.32000000,77.98000000,78.15000000,24332.18500000
1783630800000,78.16000000,78.29000000,77.90000000,78.04000000,28433.06100000
1783634400000,78.05000000,78.29000000,77.99000000,78.11000000,25710.48800000
1783638000000,78.11000000,78.21000000,77.74000000,78.04000000,27894.72300000
1783641600000,78.05000000,78.16000000,77.79000000,78.12000000,40025.56400000
1783645200000,78.12000000,79.45000000,77.94000000,79.05000000,103044.32100000
1783648800000,79.06000000,79.16000000,78.83000000,79.05000000,60267.89800000
1783652400000,79.05000000,79.13000000,78.73000000,79.07000000,89571.36000000
1783656000000,79.07000000,79.11000000,78.84000000,78.97000000,35451.25100000
1783659600000,78.97000000,79.37000000,78.87000000,79.18000000,105417.13200000
1783663200000,79.18000000,79.24000000,78.86000000,78.92000000,38219.56300000
1783666800000,78.92000000,79.08000000,78.75000000,78.87000000,39607.52100000
1783670400000,78.87000000,79.42000000,78.81000000,79.20000000,89265.76400000
1783674000000,79.19000000,79.38000000,78.95000000,79.22000000,69921.11700000
1783677600000,79.23000000,79.68000000,79.15000000,79.39000000,65102.53600000
1783681200000,79.40000000,79.52000000,79.18000000,79.36000000,45431.97600000
1783684800000,79.37000000,79.56000000,78.90000000,78.92000000,65434.65800000
1783688400000,78.92000000,79.35000000,78.77000000,78.99000000,83014.20000000
1783692000000,78.98000000,78.98000000,77.07000000,77.91000000,417405.18100000
1783695600000,77.90000000,78.36000000,77.78000000,78.14000000,82710.13600000
1783699200000,78.15000000,78.26000000,77.66000000,78.14000000,61178.96300000
1783702800000,78.14000000,78.17000000,77.58000000,77.59000000,81808.23600000
1783706400000,77.58000000,77.91000000,77.33000000,77.53000000,70765.37100000
1783710000000,77.52000000,78.05000000,77.45000000,77.89000000,43414.32900000
1783713600000,77.90000000,77.99000000,77.71000000,77.76000000,34881.23400000
1783717200000,77.75000000,78.11000000,77.73000000,78.00000000,31525.61300000
1783720800000,78.00000000,78.25000000,77.94000000,78.17000000,62504.20700000
1783724400000,78.17000000,78.18000000,77.93000000,78.13000000,37763.94400000
1783728000000,78.14000000,78.14000000,77.79000000,77.85000000,42959.28500000
1783731600000,77.85000000,78.07000000,77.47000000,77.54000000,57564.12200000
1783735200000,77.54000000,77.83000000,77.49000000,77.78000000,52804.73200000
1783738800000,77.78000000,77.88000000,77.60000000,77.79000000,35187.02400000
1783742400000,77.80000000,77.86000000,77.65000000,77.74000000,28642.92700000
1783746000000,77.74000000,77.98000000,77.60000000,77.90000000,36626.90600000
1783749600000,77.91000000,78.12000000,77.79000000,78.06000000,46872.82000000
1783753200000,78.07000000,78.11000000,77.93000000,78.00000000,45980.87700000
1783756800000,77.99000000,78.18000000,77.95000000,78.17000000,26548.00700000
1783760400000,78.16000000,78.34000000,77.83000000,77.84000000,39556.46900000
1783764000000,77.84000000,78.11000000,77.75000000,78.05000000,51207.44200000
1783767600000,78.05000000,78.15000000,77.99000000,78.13000000,25814.21900000
1783771200000,78.13000000,78.21000000,77.95000000,78.08000000,25724.66600000
1783774800000,78.09000000,78.45000000,78.03000000,78.18000000,32274.22900000
1783778400000,78.17000000,78.74000000,78.17000000,78.50000000,43928.04800000
1783782000000,78.50000000,78.88000000,77.97000000,78.38000000,107261.41500000
1783785600000,78.39000000,78.40000000,77.63000000,77.94000000,289995.38800000
1783789200000,77.93000000,78.19000000,77.82000000,78.09000000,47887.01600000
1783792800000,78.08000000,78.31000000,78.00000000,78.08000000,45323.20200000
1783796400000,78.08000000,78.15000000,77.88000000,78.15000000,40047.64200000
1783800000000,78.15000000,78.28000000,78.11000000,78.17000000,18030.69200000
1783803600000,78.17000000,78.32000000,78.13000000,78.23000000,33181.68300000
1783807200000,78.23000000,78.27000000,77.75000000,77.89000000,42089.59800000
1783810800000,77.89000000,77.93000000,76.77000000,76.79000000,125960.05800000
1783814400000,76.79000000,76.88000000,75.65000000,76.11000000,140521.18800000
1783818000000,76.10000000,76.88000000,76.04000000,76.84000000,68315.62000000
1783821600000,76.83000000,76.92000000,76.63000000,76.86000000,37965.73800000
1783825200000,76.86000000,77.09000000,76.75000000,77.04000000,67755.80300000
1783828800000,77.05000000,77.08000000,76.61000000,76.71000000,36569.95200000
1783832400000,76.71000000,76.83000000,76.38000000,76.44000000,32721.92000000
1783836000000,76.44000000,76.44000000,75.85000000,76.37000000,55318.34100000
1783839600000,76.37000000,76.71000000,76.31000000,76.51000000,36837.44900000
1783843200000,76.52000000,76.83000000,76.47000000,76.70000000,35106.01300000
1783846800000,76.71000000,76.91000000,76.39000000,76.75000000,38331.34800000
1783850400000,76.76000000,76.85000000,76.66000000,76.71000000,17467.21600000
1783854000000,76.72000000,77.28000000,76.53000000,76.95000000,40113.96400000
1783857600000,76.94000000,77.24000000,76.78000000,77.19000000,56862.27500000
1783861200000,77.19000000,77.49000000,77.13000000,77.15000000,46390.15000000
1783864800000,77.16000000,77.71000000,76.97000000,77.55000000,60382.37500000
1783868400000,77.55000000,77.62000000,77.28000000,77.46000000,56923.48900000
1783872000000,77.47000000,77.67000000,77.38000000,77.54000000,49559.07400000
1783875600000,77.55000000,77.61000000,77.23000000,77.35000000,19306.60500000
1783879200000,77.35000000,77.65000000,77.24000000,77.57000000,28119.63600000
1783882800000,77.58000000,77.78000000,77.44000000,77.68000000,18703.97300000
1783886400000,77.67000000,77.71000000,77.44000000,77.46000000,13127.96100000
1783890000000,77.46000000,77.70000000,76.97000000,77.10000000,44216.03600000
1783893600000,77.10000000,77.10000000,76.46000000,76.77000000,72297.14200000
1783897200000,76.77000000,76.95000000,76.65000000,76.92000000,34101.69200000
1783900800000,76.92000000,78.20000000,76.82000000,77.52000000,150612.79000000
1783904400000,77.52000000,77.66000000,76.29000000,76.32000000,92200.46600000
1783908000000,76.32000000,76.67000000,76.13000000,76.48000000,59194.65200000
1783911600000,76.48000000,76.50000000,75.43000000,75.86000000,108422.12400000
1783915200000,75.87000000,76.17000000,75.72000000,75.92000000,75432.49400000
1783918800000,75.93000000,76.47000000,75.74000000,76.40000000,88725.33100000
1783922400000,76.40000000,76.59000000,76.28000000,76.34000000,49233.86300000
1783926000000,76.34000000,76.69000000,76.23000000,76.44000000,50502.84900000
1783929600000,76.45000000,76.90000000,76.36000000,76.73000000,41703.12800000
1783933200000,76.74000000,76.75000000,76.60000000,76.62000000,22876.29600000
1783936800000,76.63000000,76.63000000,76.10000000,76.29000000,49372.31700000
1783940400000,76.29000000,76.59000000,76.28000000,76.34000000,50822.90800000
1783944000000,76.35000000,76.41000000,75.74000000,75.85000000,66390.11500000
1783947600000,75.85000000,75.95000000,75.11000000,75.40000000,95621.72800000
1783951200000,75.40000000,76.18000000,75.34000000,76.16000000,103230.01100000
1783954800000,76.16000000,76.31000000,75.75000000,75.81000000,53539.79700000
1783958400000,75.82000000,76.04000000,75.20000000,75.30000000,43155.53200000
1783962000000,75.30000000,75.47000000,74.52000000,74.59000000,102893.88300000
1783965600000,74.60000000,75.04000000,74.57000000,74.86000000,49735.28800000
1783969200000,74.87000000,75.25000000,74.75000000,75.20000000,47155.21200000
1783972800000,75.19000000,75.35000000,74.59000000,74.80000000,49368.80300000
1783976400000,74.81000000,74.81000000,74.10000000,74.42000000,69663.11800000
1783980000000,74.41000000,74.75000000,74.40000000,74.52000000,39885.17300000
1783983600000,74.52000000,75.02000000,74.41000000,75.01000000,38910.48400000
1783987200000,75.02000000,75.49000000,74.83000000,75.45000000,72029.00100000
1783990800000,75.45000000,75.56000000,75.22000000,75.30000000,41260.90900000
1783994400000,75.31000000,75.33000000,74.87000000,75.08000000,37800.25200000
1783998000000,75.08000000,75.17000000,74.56000000,75.15000000,32083.39000000
1784001600000,75.15000000,75.34000000,75.04000000,75.15000000,33710.00900000
1784005200000,75.16000000,75.48000000,75.10000000,75.42000000,31768.12500000
1784008800000,75.41000000,75.44000000,75.10000000,75.16000000,53315.76500000
1784012400000,75.16000000,75.26000000,74.91000000,74.97000000,40095.74500000
1784016000000,74.98000000,75.39000000,74.85000000,75.16000000,33657.53100000
1784019600000,75.16000000,75.31000000,74.88000000,75.08000000,30784.63400000
1784023200000,75.08000000,75.60000000,74.96000000,75.47000000,51927.46300000
1784026800000,75.48000000,75.62000000,75.34000000,75.40000000,71205.36200000
1784030400000,75.40000000,76.98000000,75.19000000,76.86000000,291221.75800000
1784034000000,76.86000000,77.73000000,76.50000000,76.94000000,254275.16900000
1784037600000,76.94000000,77.50000000,76.68000000,77.35000000,125652.70500000
1784041200000,77.35000000,77.95000000,77.18000000,77.38000000,163057.89600000
1784044800000,77.39000000,77.65000000,77.12000000,77.28000000,63318.69100000
1784048400000,77.29000000,77.30000000,76.81000000,77.18000000,60735.23800000
1784052000000,77.18000000,77.34000000,77.00000000,77.29000000,43864.27600000
1784055600000,77.30000000,77.53000000,77.11000000,77.17000000,50931.22200000
1784059200000,77.18000000,77.22000000,76.93000000,77.18000000,35902.24600000
1784062800000,77.18000000,77.41000000,77.13000000,77.21000000,39432.50400000
1784066400000,77.22000000,77.95000000,77.10000000,77.62000000,89696.17100000
1784070000000,77.63000000,77.92000000,77.55000000,77.87000000,50253.54000000
1784073600000,77.87000000,77.92000000,77.47000000,77.66000000,47671.99400000
1784077200000,77.67000000,77.82000000,77.28000000,77.44000000,61605.76700000
1784080800000,77.43000000,77.59000000,77.03000000,77.29000000,74804.37700000
1784084400000,77.30000000,77.90000000,77.23000000,77.78000000,47465.87800000
1784088000000,77.78000000,78.18000000,77.54000000,78.02000000,55833.13500000
1784091600000,78.02000000,78.33000000,77.65000000,78.26000000,75424.95300000
1784095200000,78.26000000,78.70000000,77.94000000,77.94000000,167363.77600000
1784098800000,77.95000000,78.01000000,77.40000000,77.42000000,54867.19800000
1784102400000,77.42000000,77.62000000,77.23000000,77.58000000,62008.64900000
1784106000000,77.57000000,77.91000000,77.43000000,77.49000000,38046.60900000
1784109600000,77.49000000,77.71000000,77.23000000,77.37000000,49120.59200000
1784113200000,77.37000000,77.53000000,77.34000000,77.52000000,37779.81300000
1784116800000,77.53000000,78.31000000,77.26000000,78.28000000,125652.33900000
1784120400000,78.28000000,79.04000000,77.71000000,78.11000000,253391.64100000
1784124000000,78.11000000,78.39000000,77.78000000,78.22000000,98123.19900000
1784127600000,78.22000000,78.25000000,77.76000000,78.07000000,100345.68900000
1784131200000,78.06000000,78.12000000,77.07000000,77.63000000,115744.44400000
1784134800000,77.63000000,78.05000000,77.50000000,77.82000000,63500.61300000
1784138400000,77.82000000,78.09000000,77.51000000,77.58000000,47315.92400000
1784142000000,77.59000000,77.69000000,76.94000000,77.18000000,82691.57500000
1784145600000,77.18000000,77.54000000,77.10000000,77.38000000,30726.91800000
1784149200000,77.38000000,77.52000000,77.24000000,77.41000000,32917.94100000
1784152800000,77.41000000,77.74000000,77.30000000,77.48000000,36814.47100000
1784156400000,77.48000000,77.61000000,77.21000000,77.29000000,30174.09300000
1784160000000,77.28000000,77.48000000,76.70000000,76.95000000,65093.46600000
1784163600000,76.94000000,77.15000000,76.70000000,77.09000000,64948.07400000
1784167200000,77.09000000,77.15000000,76.86000000,77.13000000,28369.74400000
1784170800000,77.13000000,77.28000000,76.81000000,76.95000000,53232.30300000
1784174400000,76.95000000,77.02000000,76.59000000,76.81000000,56859.37500000
1784178000000,76.82000000,77.52000000,76.74000000,77.48000000,66397.32100000
1784181600000,77.49000000,77.64000000,77.12000000,77.35000000,54368.90600000
1784185200000,77.35000000,77.35000000,76.14000000,76.41000000,156919.38000000
1784188800000,76.42000000,76.48000000,75.64000000,76.16000000,169472.80400000
1784192400000,76.16000000,76.26000000,75.99000000,76.02000000,55355.61800000
1784196000000,76.03000000,76.35000000,76.01000000,76.21000000,26069.46000000
1784199600000,76.21000000,76.29000000,76.04000000,76.28000000,43120.89600000
1784203200000,76.27000000,76.29000000,75.69000000,75.93000000,82239.06300000
1784206800000,75.92000000,76.63000000,75.91000000,76.36000000,86343.70800000
1784210400000,76.36000000,76.80000000,76.19000000,76.49000000,66142.58600000
1784214000000,76.50000000,76.86000000,76.00000000,76.63000000,63718.35400000
1784217600000,76.63000000,76.63000000,76.10000000,76.27000000,41365.78300000
1784221200000,76.27000000,76.27000000,75.39000000,75.61000000,90894.28800000
1784224800000,75.62000000,75.92000000,75.43000000,75.74000000,61014.12000000
1784228400000,75.73000000,75.94000000,75.62000000,75.81000000,40538.51800000
1784232000000,75.80000000,75.90000000,75.70000000,75.80000000,19713.70100000
1784235600000,75.79000000,76.08000000,75.77000000,75.94000000,24126.56500000
1784239200000,75.95000000,76.04000000,75.24000000,75.32000000,38814.83800000
1784242800000,75.32000000,75.42000000,75.01000000,75.32000000,70335.80700000
1784246400000,75.33000000,75.56000000,74.92000000,75.55000000,61959.45300000
1784250000000,75.56000000,75.75000000,74.98000000,75.10000000,53980.09400000
1784253600000,75.09000000,75.28000000,74.75000000,75.00000000,60917.52000000
1784257200000,75.00000000,75.45000000,74.99000000,75.23000000,28547.11000000
1784260800000,75.23000000,75.34000000,74.75000000,75.24000000,57934.70000000
1784264400000,75.23000000,75.23000000,74.29000000,74.40000000,76026.50000000
1784268000000,74.39000000,74.77000000,74.31000000,74.60000000,48343.23100000
1784271600000,74.60000000,74.76000000,74.42000000,74.61000000,53882.31600000
1784275200000,74.62000000,74.69000000,74.20000000,74.53000000,57543.24000000
1784278800000,74.53000000,74.82000000,74.47000000,74.65000000,28292.69700000
1784282400000,74.66000000,74.88000000,74.63000000,74.80000000,38575.96100000
1784286000000,74.80000000,75.00000000,74.64000000,74.86000000,41451.53400000
1784289600000,74.86000000,74.88000000,74.37000000,74.40000000,48894.81500000
1784293200000,74.40000000,74.40000000,73.39000000,74.33000000,211034.55400000
1784296800000,74.34000000,74.81000000,74.09000000,74.32000000,112199.42700000
1784300400000,74.32000000,74.78000000,73.80000000,74.77000000,79182.48200000
1784304000000,74.78000000,75.12000000,74.61000000,74.94000000,68877.71100000
1784307600000,74.95000000,75.60000000,74.95000000,75.24000000,62078.65900000
1784311200000,75.24000000,75.41000000,74.98000000,75.32000000,34049.59900000
1784314800000,75.32000000,75.37000000,74.86000000,75.20000000,38983.10600000
1784318400000,75.20000000,75.21000000,74.89000000,75.11000000,32625.44200000
1784322000000,75.11000000,75.24000000,74.96000000,75.01000000,26405.71600000
1784325600000,75.01000000,75.13000000,74.84000000,75.02000000,19069.92000000
1784329200000,75.03000000,75.14000000,74.85000000,75.04000000,20637.28800000
1784332800000,75.04000000,75.27000000,74.99000000,75.09000000,20031.21400000
1784336400000,75.10000000,75.24000000,75.04000000,75.23000000,21660.39600000
1784340000000,75.23000000,75.45000000,75.15000000,75.21000000,27213.66600000
1784343600000,75.21000000,75.38000000,75.14000000,75.38000000,17634.65900000
1784347200000,75.37000000,75.39000000,75.05000000,75.10000000,18664.41300000
1784350800000,75.11000000,75.12000000,74.87000000,74.92000000,26531.73600000
1784354400000,74.93000000,75.09000000,74.92000000,74.98000000,14717.25300000
1784358000000,74.98000000,75.05000000,74.90000000,74.97000000,25960.21900000
1784361600000,74.97000000,75.04000000,74.79000000,74.96000000,25244.00400000
1784365200000,74.96000000,75.01000000,74.66000000,74.85000000,27390.79000000
1784368800000,74.84000000,74.95000000,74.80000000,74.91000000,18490.98700000
1784372400000,74.91000000,75.02000000,74.89000000,74.97000000,15168.53300000
1784376000000,74.96000000,75.19000000,74.72000000,75.01000000,28522.92500000
1784379600000,75.00000000,75.01000000,74.50000000,74.73000000,47164.34800000
1784383200000,74.73000000,75.01000000,74.65000000,74.98000000,24448.01600000
1784386800000,74.99000000,75.04000000,74.81000000,74.97000000,19994.63000000
1784390400000,74.96000000,75.29000000,74.84000000,75.17000000,50772.55900000
1784394000000,75.17000000,75.41000000,75.06000000,75.35000000,51531.41600000
1784397600000,75.36000000,75.67000000,75.18000000,75.29000000,60282.56800000
1784401200000,75.28000000,75.45000000,75.23000000,75.44000000,15936.11200000
1784404800000,75.45000000,75.58000000,75.34000000,75.47000000,21091.68100000
1784408400000,75.47000000,75.64000000,75.35000000,75.49000000,26048.57800000
1784412000000,75.48000000,75.61000000,75.39000000,75.57000000,30048.33400000
1784415600000,75.57000000,75.60000000,75.40000000,75.52000000,16462.65800000
1784419200000,75.53000000,75.68000000,75.45000000,75.63000000,27362.28800000
1784422800000,75.64000000,75.74000000,75.51000000,75.68000000,78324.54200000
1784426400000,75.68000000,76.57000000,75.67000000,76.21000000,114697.43800000
1784430000000,76.20000000,76.45000000,75.81000000,75.96000000,43953.32500000
1784433600000,75.95000000,76.08000000,75.74000000,76.00000000,29404.94000000
1784437200000,76.01000000,76.10000000,75.90000000,75.97000000,21801.01900000
1784440800000,75.98000000,76.17000000,75.95000000,76.11000000,80281.40500000
1784444400000,76.12000000,76.34000000,76.01000000,76.14000000,72095.72100000
1784448000000,76.14000000,76.38000000,76.08000000,76.28000000,57040.77900000
1784451600000,76.28000000,76.31000000,75.93000000,75.99000000,33880.78600000
1784455200000,75.99000000,76.53000000,75.90000000,76.26000000,35511.58700000
1784458800000,76.26000000,76.41000000,76.04000000,76.06000000,45535.16200000
1784462400000,76.07000000,76.18000000,75.76000000,76.01000000,60224.90000000
1784466000000,76.02000000,76.15000000,75.88000000,76.12000000,34585.47700000
1784469600000,76.12000000,76.70000000,76.05000000,76.43000000,57378.97700000
1784473200000,76.43000000,76.48000000,76.08000000,76.21000000,32607.67000000
1784476800000,76.22000000,76.29000000,75.87000000,75.92000000,31299.01400000
1784480400000,75.92000000,76.23000000,75.59000000,75.97000000,64127.53100000
1784484000000,75.96000000,75.98000000,75.37000000,75.75000000,56509.70200000
1784487600000,75.76000000,75.89000000,75.63000000,75.88000000,25324.55000000
1784491200000,75.89000000,76.15000000,75.87000000,76.14000000,27280.97300000
1784494800000,76.14000000,76.24000000,75.71000000,75.78000000,34537.46500000
1784498400000,75.78000000,76.42000000,75.63000000,76.10000000,60392.25900000
1784502000000,76.10000000,76.57000000,75.88000000,76.38000000,52752.93600000
1784505600000,76.38000000,77.12000000,76.13000000,76.57000000,142220.37500000
1784509200000,76.57000000,77.40000000,76.29000000,76.39000000,94828.46300000
1784512800000,76.39000000,77.20000000,76.37000000,76.98000000,57997.61900000
1784516400000,76.98000000,77.09000000,76.54000000,76.76000000,35865.16300000
1784520000000,76.76000000,76.95000000,76.30000000,76.46000000,41790.90900000
1784523600000,76.46000000,76.50000000,75.78000000,75.92000000,76866.31900000
1784527200000,75.93000000,76.05000000,75.50000000,75.64000000,78138.12700000
1784530800000,75.64000000,76.25000000,75.54000000,76.22000000,57291.58700000
1784534400000,76.22000000,76.44000000,75.90000000,76.15000000,73433.35900000
1784538000000,76.16000000,76.75000000,76.08000000,76.47000000,64685.31000000
1784541600000,76.47000000,76.69000000,76.34000000,76.34000000,32489.46800000
1784545200000,76.35000000,77.24000000,76.31000000,77.14000000,112096.92400000
1784548800000,77.14000000,77.15000000,76.67000000,76.75000000,67140.68500000
1784552400000,76.75000000,77.14000000,76.14000000,76.29000000,91294.78500000
1784556000000,76.29000000,76.47000000,75.79000000,76.15000000,111307.29800000
1784559600000,76.16000000,77.92000000,76.11000000,77.76000000,195124.76200000
1784563200000,77.77000000,77.88000000,77.45000000,77.66000000,94822.62400000
1784566800000,77.66000000,77.91000000,77.36000000,77.74000000,65988.75700000
1784570400000,77.75000000,78.38000000,77.60000000,77.67000000,141524.46800000
1784574000000,77.66000000,77.73000000,77.29000000,77.63000000,87186.55300000
1784577600000,77.64000000,78.05000000,77.54000000,77.88000000,46134.85800000
1784581200000,77.88000000,78.03000000,77.74000000,77.74000000,44662.49600000
1784584800000,77.74000000,77.84000000,77.44000000,77.44000000,31402.73200000
1784588400000,77.44000000,77.89000000,77.43000000,77.85000000,22907.21000000
1784592000000,77.85000000,78.29000000,77.75000000,78.12000000,41708.87700000
1784595600000,78.11000000,78.22000000,77.83000000,77.84000000,36842.28300000
1784599200000,77.84000000,78.25000000,77.66000000,78.02000000,24413.71600000
1784602800000,78.03000000,78.55000000,78.02000000,78.19000000,56817.03800000
1784606400000,78.20000000,78.39000000,78.02000000,78.13000000,59952.52800000
1784610000000,78.12000000,78.67000000,78.11000000,78.45000000,53244.59200000
1784613600000,78.46000000,78.88000000,78.30000000,78.67000000,76914.70300000
1784617200000,78.67000000,78.75000000,78.48000000,78.56000000,63730.42800000
1784620800000,78.57000000,78.75000000,78.34000000,78.36000000,80898.65400000
1784624400000,78.37000000,78.51000000,78.15000000,78.43000000,54285.50900000
1784628000000,78.43000000,78.49000000,78.07000000,78.22000000,53365.37100000
1784631600000,78.22000000,78.43000000,78.10000000,78.36000000,49535.42100000
1784635200000,78.36000000,78.55000000,78.27000000,78.52000000,48335.76900000
1784638800000,78.53000000,78.64000000,78.21000000,78.58000000,66463.22900000
1784642400000,78.58000000,78.64000000,77.90000000,78.00000000,130101.20800000
1784646000000,78.01000000,78.16000000,77.79000000,78.14000000,80428.60100000
1784649600000,78.15000000,78.25000000,77.97000000,78.19000000,38634.78600000
1784653200000,78.20000000,78.24000000,77.42000000,77.72000000,70521.68000000
1784656800000,77.72000000,78.00000000,77.60000000,77.85000000,30551.99000000
1784660400000,77.86000000,78.00000000,77.71000000,77.87000000,46450.92600000
1784664000000,77.86000000,78.11000000,77.80000000,77.91000000,31742.75100000
1784667600000,77.90000000,78.14000000,77.80000000,78.05000000,38934.84900000
1784671200000,78.04000000,78.06000000,77.85000000,78.00000000,23978.20000000
1784674800000,77.99000000,78.20000000,77.81000000,78.12000000,25708.21100000
1784678400000,78.13000000,78.59000000,78.11000000,78.46000000,51416.65800000
1784682000000,78.45000000,78.52000000,78.15000000,78.34000000,40447.47100000
1784685600000,78.35000000,78.51000000,78.09000000,78.13000000,33521.62800000
1784689200000,78.12000000,78.24000000,77.81000000,77.87000000,29868.79100000
1784692800000,77.87000000,78.23000000,77.83000000,78.06000000,78686.96400000
1784696400000,78.06000000,78.08000000,77.41000000,77.43000000,84324.56500000
1784700000000,77.43000000,77.50000000,77.01000000,77.29000000,80790.30600000
1784703600000,77.30000000,77.32000000,77.00000000,77.10000000,49497.98000000
1784707200000,77.11000000,77.52000000,77.06000000,77.43000000,49938.79900000
1784710800000,77.43000000,77.59000000,77.29000000,77.55000000,43825.04500000
1784714400000,77.56000000,77.74000000,77.45000000,77.68000000,53474.89400000
1784718000000,77.68000000,77.82000000,77.48000000,77.56000000,56884.38300000
1784721600000,77.56000000,77.57000000,77.02000000,77.24000000,57718.29000000
1784725200000,77.24000000,77.95000000,77.14000000,77.87000000,96044.93800000
1784728800000,77.87000000,78.47000000,77.40000000,77.90000000,99355.58300000
1784732400000,77.90000000,78.85000000,77.90000000,78.47000000,120444.67400000
1784736000000,78.46000000,78.81000000,78.10000000,78.58000000,76423.85200000
1784739600000,78.57000000,78.65000000,78.15000000,78.21000000,46544.13600000
1784743200000,78.22000000,78.29000000,77.46000000,77.74000000,73601.43600000
1784746800000,77.75000000,77.81000000,77.31000000,77.66000000,50840.72100000
1784750400000,77.66000000,77.96000000,77.58000000,77.80000000,38686.56100000
1784754000000,77.80000000,78.08000000,77.68000000,78.02000000,24815.50600000
1784757600000,78.02000000,78.12000000,77.70000000,78.01000000,57888.02300000
1784761200000,78.01000000,78.03000000,77.50000000,77.97000000,29610.96900000
1784764800000,77.97000000,78.54000000,77.97000000,78.27000000,81695.10100000
1784768400000,78.27000000,78.41000000,77.87000000,77.90000000,36815.18400000
1784772000000,77.90000000,77.90000000,77.40000000,77.76000000,58028.58800000
1784775600000,77.76000000,77.79000000,77.47000000,77.60000000,24067.66400000
1784779200000,77.60000000,77.83000000,77.38000000,77.53000000,50125.41100000
1784782800000,77.53000000,77.72000000,77.40000000,77.53000000,31751.76400000
1784786400000,77.53000000,77.59000000,77.37000000,77.57000000,41875.87700000
1784790000000,77.58000000,77.58000000,77.04000000,77.16000000,80186.86000000
1784793600000,77.16000000,77.50000000,77.11000000,77.47000000,28996.01000000
1784797200000,77.47000000,77.65000000,77.40000000,77.49000000,28715.22300000
1784800800000,77.49000000,77.81000000,77.43000000,77.74000000,27480.23300000
1784804400000,77.75000000,77.87000000,77.57000000,77.67000000,54206.68800000
1784808000000,77.67000000,77.74000000,76.50000000,76.94000000,145824.70300000
1784811600000,76.94000000,77.05000000,76.57000000,76.70000000,106880.04900000
1784815200000,76.70000000,76.89000000,76.34000000,76.43000000,74047.13500000
1784818800000,76.44000000,76.45000000,75.86000000,76.39000000,115003.15000000
1784822400000,76.39000000,76.39000000,75.83000000,76.01000000,53233.21200000
1784826000000,76.00000000,76.17000000,75.47000000,75.65000000,61167.22700000
1784829600000,75.65000000,75.85000000,75.56000000,75.81000000,38326.21100000
1784833200000,75.81000000,75.85000000,75.43000000,75.75000000,46737.96100000
1784836800000,75.74000000,76.18000000,75.71000000,76.12000000,30168.21600000
1784840400000,76.12000000,76.28000000,75.92000000,76.05000000,39843.91900000
1784844000000,76.05000000,76.25000000,75.86000000,76.19000000,36336.12200000
1784847600000,76.19000000,76.26000000,75.87000000,75.88000000,55139.41800000
1784851200000,75.88000000,75.90000000,75.53000000,75.82000000,43222.25500000
1784854800000,75.83000000,76.13000000,75.66000000,75.70000000,42561.10100000
1784858400000,75.70000000,75.92000000,75.30000000,75.53000000,46804.63400000
1784862000000,75.54000000,75.96000000,75.48000000,75.83000000,37385.31400000
1784865600000,75.84000000,75.86000000,75.60000000,75.66000000,24433.56800000
1784869200000,75.66000000,75.92000000,75.59000000,75.80000000,41435.77100000
1784872800000,75.80000000,76.02000000,75.73000000,75.85000000,26210.68300000
1784876400000,75.85000000,76.45000000,75.78000000,76.07000000,63913.67600000
1784880000000,76.08000000,76.11000000,75.71000000,75.78000000,44069.01800000
1784883600000,75.78000000,75.83000000,75.36000000,75.62000000,97113.03400000
1784887200000,75.62000000,75.65000000,75.38000000,75.49000000,43053.33200000
1784890800000,75.49000000,75.51000000,74.97000000,75.20000000,76788.06100000
1784894400000,75.20000000,75.30000000,74.81000000,74.86000000,49301.95600000
1784898000000,74.86000000,74.93000000,73.99000000,74.22000000,176220.18300000
1784901600000,74.21000000,74.27000000,73.61000000,74.03000000,134189.48200000
1784905200000,74.03000000,74.30000000,73.69000000,74.04000000,112269.24200000
1784908800000,74.04000000,74.22000000,73.71000000,73.90000000,78505.92900000
1784912400000,73.90000000,74.15000000,73.86000000,74.05000000,57279.45100000
1784916000000,74.04000000,74.08000000,73.90000000,73.98000000,30109.60500000
1784919600000,73.98000000,74.05000000,73.79000000,73.97000000,44077.87300000
1784923200000,73.97000000,74.03000000,73.73000000,73.77000000,36326.30400000
1784926800000,73.77000000,73.84000000,73.44000000,73.63000000,89226.30700000
1784930400000,73.64000000,73.99000000,73.63000000,73.94000000,21729.79500000
1784934000000,73.94000000,74.03000000,73.85000000,73.96000000,33861.69100000
1784937600000,73.97000000,74.16000000,73.94000000,74.13000000,50874.47100000
1784941200000,74.13000000,74.26000000,74.00000000,74.13000000,20670.28300000
1784944800000,74.12000000,74.22000000,74.05000000,74.11000000,18917.72600000
1784948400000,74.12000000,74.33000000,74.05000000,74.14000000,22548.57000000
1784952000000,74.14000000,74.36000000,74.13000000,74.32000000,64546.74700000
1784955600000,74.32000000,74.36000000,73.91000000,73.99000000,47724.00000000
1784959200000,73.98000000,74.03000000,73.77000000,74.03000000,32739.26000000
1784962800000,74.03000000,74.06000000,73.79000000,73.79000000,29525.98900000
1784966400000,73.79000000,73.87000000,73.56000000,73.79000000,34273.62100000
1784970000000,73.80000000,74.04000000,73.76000000,74.00000000,21826.79800000
1784973600000,73.99000000,74.04000000,73.91000000,73.98000000,18611.84400000
1784977200000,73.99000000,74.05000000,73.86000000,73.92000000,19510.07900000
1784980800000,73.92000000,73.99000000,73.85000000,73.97000000,23754.79400000
1784984400000,73.97000000,74.20000000,73.94000000,73.98000000,25480.93800000
1784988000000,73.99000000,74.08000000,73.78000000,74.06000000,40279.11200000
1784991600000,74.06000000,74.31000000,74.00000000,74.18000000,29684.26800000
1784995200000,74.18000000,74.42000000,74.09000000,74.32000000,25950.99600000
1784998800000,74.32000000,74.67000000,74.30000000,74.48000000,39255.66400000
1785002400000,74.47000000,74.72000000,74.46000000,74.66000000,36606.31100000
1785006000000,74.67000000,74.73000000,74.53000000,74.57000000,23220.24500000
1785009600000,74.57000000,74.58000000,74.40000000,74.45000000,26574.78300000
1785013200000,74.45000000,74.60000000,74.28000000,74.46000000,28244.19900000
1785016800000,74.46000000,74.53000000,74.30000000,74.50000000,27449.99000000
1785020400000,74.50000000,74.55000000,74.41000000,74.52000000,18545.06100000
1785024000000,74.53000000,74.96000000,74.47000000,74.79000000,38912.30700000
1785027600000,74.78000000,74.90000000,74.67000000,74.82000000,23314.00000000
1785031200000,74.82000000,74.93000000,74.72000000,74.90000000,30022.76400000
1785034800000,74.90000000,75.05000000,74.82000000,75.03000000,32424.97600000
1785038400000,75.04000000,75.23000000,74.95000000,75.07000000,30512.27500000
1785042000000,75.07000000,75.18000000,74.95000000,75.02000000,25894.44200000
1785045600000,75.02000000,75.13000000,74.74000000,75.12000000,35996.48200000
1785049200000,75.13000000,75.15000000,74.85000000,74.87000000,16199.98100000
1785052800000,74.88000000,75.06000000,74.85000000,74.98000000,17864.61800000
1785056400000,74.99000000,75.28000000,74.98000000,75.07000000,34008.99600000
1785060000000,75.08000000,75.25000000,75.03000000,75.12000000,23667.69800000
1785063600000,75.12000000,75.17000000,74.90000000,74.95000000,27133.68600000
1785067200000,74.95000000,75.14000000,74.81000000,74.89000000,26167.51000000
1785070800000,74.89000000,74.97000000,74.75000000,74.94000000,31669.56400000
1785074400000,74.94000000,75.23000000,74.89000000,75.06000000,31518.98600000
1785078000000,75.05000000,75.50000000,74.97000000,75.49000000,46310.76200000
1785081600000,75.48000000,75.99000000,75.31000000,75.53000000,66132.35400000
1785085200000,75.53000000,75.60000000,75.30000000,75.38000000,23907.64400000
1785088800000,75.38000000,75.45000000,75.28000000,75.39000000,16053.60800000
1785092400000,75.40000000,75.46000000,75.25000000,75.34000000,19920.97200000
1785096000000,75.34000000,75.40000000,75.31000000,75.34000000,19239.10900000
1785099600000,75.33000000,75.77000000,75.32000000,75.65000000,31601.58500000
1785103200000,75.65000000,76.82000000,75.65000000,76.71000000,153652.00900000
1785106800000,76.72000000,77.10000000,76.52000000,76.76000000,90287.04500000
1785110400000,76.77000000,76.80000000,76.19000000,76.35000000,54768.35900000
1785114000000,76.34000000,76.53000000,75.98000000,76.52000000,50926.37700000
1785117600000,76.53000000,76.68000000,76.37000000,76.44000000,65492.48500000
1785121200000,76.44000000,76.55000000,76.33000000,76.40000000,40759.32400000
1785124800000,76.41000000,76.64000000,76.26000000,76.30000000,54875.62400000
1785128400000,76.30000000,76.64000000,76.26000000,76.56000000,56446.07900000
1785132000000,76.56000000,76.99000000,76.53000000,76.73000000,46646.16500000
1785135600000,76.73000000,76.76000000,76.40000000,76.47000000,55900.83700000
1785139200000,76.48000000,76.51000000,76.23000000,76.30000000,34790.12400000
1785142800000,76.29000000,76.56000000,76.13000000,76.49000000,41205.92100000
1785146400000,76.48000000,76.68000000,76.41000000,76.61000000,28409.91900000
1785150000000,76.62000000,76.69000000,76.48000000,76.50000000,41141.61200000
1785153600000,76.51000000,77.06000000,76.25000000,76.86000000,110176.29600000
1785157200000,76.86000000,77.50000000,76.46000000,76.92000000,150638.31800000
1785160800000,76.91000000,77.00000000,75.03000000,75.48000000,187765.09300000
1785164400000,75.48000000,75.62000000,75.09000000,75.28000000,81593.19200000
1785168000000,75.29000000,75.99000000,75.15000000,75.95000000,62460.75100000
1785171600000,75.96000000,76.25000000,75.82000000,75.91000000,36076.44100000
1785175200000,75.91000000,75.99000000,75.27000000,75.62000000,46253.31300000
1785178800000,75.62000000,76.06000000,75.50000000,75.98000000,42249.34100000
1785182400000,75.98000000,76.14000000,75.80000000,75.98000000,20571.15900000
1785186000000,75.98000000,75.99000000,75.51000000,75.60000000,35178.03800000
1785189600000,75.60000000,75.62000000,74.02000000,74.06000000,143003.21900000
1785193200000,74.06000000,74.41000000,73.74000000,74.20000000,120945.94400000
1785196800000,74.21000000,74.29000000,73.68000000,73.73000000,71875.75800000
1785200400000,73.73000000,73.75000000,72.86000000,73.21000000,177511.82100000
1785204000000,73.20000000,73.47000000,73.07000000,73.37000000,72823.67800000
1785207600000,73.38000000,73.42000000,73.17000000,73.28000000,51756.54000000
1785211200000,73.28000000,73.29000000,73.00000000,73.22000000,49496.14400000
1785214800000,73.22000000,73.55000000,73.20000000,73.27000000,49679.36100000
1785218400000,73.27000000,73.49000000,73.13000000,73.44000000,50948.13400000
1785222000000,73.45000000,73.49000000,73.14000000,73.30000000,45893.66300000
1785225600000,73.29000000,73.44000000,73.15000000,73.37000000,53519.85500000
1785229200000,73.37000000,73.51000000,73.20000000,73.26000000,49240.82900000
1785232800000,73.26000000,73.33000000,73.13000000,73.15000000,38564.22000000
1785236400000,73.15000000,73.35000000,72.89000000,73.20000000,110894.35200000
1785240000000,73.20000000,73.46000000,73.12000000,73.39000000,52809.05600000
1785243600000,73.39000000,73.44000000,72.36000000,72.72000000,159602.30800000
1785247200000,72.71000000,73.50000000,72.54000000,73.43000000,82942.38200000
1785250800000,73.43000000,74.59000000,73.31000000,74.35000000,158600.61400000
1785254400000,74.35000000,74.58000000,74.05000000,74.42000000,55788.79200000
1785258000000,74.42000000,74.44000000,73.56000000,73.83000000,57376.52600000
1785261600000,73.83000000,74.06000000,73.80000000,73.88000000,25472.13500000
1785265200000,73.89000000,74.39000000,73.83000000,74.33000000,44770.63300000
1785268800000,74.32000000,74.37000000,74.01000000,74.05000000,33335.25000000
1785272400000,74.05000000,74.40000000,74.00000000,74.15000000,34007.06100000
1785276000000,74.15000000,74.24000000,73.43000000,73.44000000,49610.91300000
1785279600000,73.44000000,73.86000000,73.17000000,73.83000000,120705.42300000
1785283200000,73.83000000,74.20000000,73.77000000,73.78000000,81989.11900000
1785286800000,73.77000000,73.81000000,73.22000000,73.27000000,33387.32600000
1785290400000,73.27000000,73.98000000,73.08000000,73.69000000,52566.21300000
1785294000000,73.70000000,73.76000000,73.01000000,73.09000000,66739.44200000
1785297600000,73.09000000,73.48000000,72.73000000,73.45000000,97299.09800000
1785301200000,73.45000000,73.80000000,73.34000000,73.68000000,49226.88300000
1785304800000,73.67000000,74.10000000,73.53000000,74.08000000,57200.98800000
1785308400000,74.08000000,74.28000000,73.99000000,74.26000000,36403.03700000
1785312000000,74.25000000,74.33000000,73.72000000,73.95000000,56724.89500000
1785315600000,73.95000000,74.32000000,73.92000000,74.14000000,33088.25700000
1785319200000,74.14000000,74.14000000,73.79000000,73.91000000,35638.69100000
1785322800000,73.92000000,74.10000000,73.84000000,73.96000000,30283.33500000
1785326400000,73.96000000,73.96000000,73.46000000,73.52000000,43719.78400000
1785330000000,73.53000000,73.77000000,73.34000000,73.72000000,49707.53400000
1785333600000,73.73000000,73.92000000,73.10000000,73.28000000,68632.34100000
1785337200000,73.28000000,73.46000000,72.98000000,73.12000000,67070.29300000
1785340800000,73.13000000,73.37000000,72.91000000,73.28000000,53762.10700000
1785344400000,73.28000000,73.95000000,73.17000000,73.94000000,59545.93800000
1785348000000,73.94000000,74.53000000,73.44000000,74.23000000,241665.95500000
1785351600000,74.23000000,74.38000000,72.73000000,72.76000000,97147.11000000
1785355200000,72.76000000,73.21000000,72.44000000,72.65000000,112012.19500000
1785358800000,72.65000000,73.18000000,72.32000000,73.18000000,58959.58200000
1785362400000,73.19000000,73.80000000,73.19000000,73.65000000,73478.18100000
1785366000000,73.64000000,73.75000000,73.42000000,73.68000000,41405.57100000
1785369600000,73.69000000,73.87000000,73.14000000,73.30000000,44772.11100000
1785373200000,73.29000000,74.20000000,73.27000000,74.02000000,49686.13800000
1785376800000,74.03000000,74.14000000,73.82000000,73.83000000,39815.69600000
1785380400000,73.84000000,74.00000000,73.66000000,73.71000000,43543.10700000
1785384000000,73.71000000,73.74000000,73.50000000,73.52000000,32109.18400000
1785387600000,73.52000000,73.86000000,73.42000000,73.70000000,32861.93400000
1785391200000,73.70000000,73.76000000,73.48000000,73.53000000,32408.27900000
1785394800000,73.53000000,73.81000000,73.39000000,73.41000000,50601.42600000
1785398400000,73.42000000,73.83000000,73.30000000,73.81000000,59937.19900000
1785402000000,73.81000000,74.22000000,73.80000000,74.05000000,72266.96000000
1785405600000,74.06000000,74.21000000,73.83000000,73.90000000,42130.75900000
1785409200000,73.90000000,74.33000000,73.90000000,74.23000000,46070.40900000
1785412800000,74.22000000,74.49000000,74.08000000,74.41000000,64699.06600000
1785416400000,74.40000000,74.90000000,74.12000000,74.69000000,87770.99200000
1785420000000,74.68000000,74.78000000,74.29000000,74.64000000,67698.72600000
1785423600000,74.64000000,74.86000000,74.46000000,74.65000000,52816.09400000
1785427200000,74.65000000,74.84000000,74.45000000,74.58000000,69138.77900000
1785430800000,74.59000000,74.89000000,74.42000000,74.76000000,47305.21700000
1785434400000,74.77000000,74.98000000,74.49000000,74.52000000,35899.15600000
1785438000000,74.53000000,74.82000000,74.52000000,74.78000000,41825.39000000
1785441600000,74.78000000,74.92000000,74.44000000,74.49000000,66662.89900000
1785445200000,74.48000000,74.61000000,74.43000000,74.49000000,36240.54600000
1785448800000,74.49000000,74.89000000,74.40000000,74.75000000,49811.38800000
1785452400000,74.75000000,74.99000000,74.47000000,74.51000000,52791.99600000
1785456000000,74.52000000,74.66000000,74.43000000,74.49000000,37646.96700000
1785459600000,74.49000000,75.29000000,74.28000000,74.40000000,115936.68600000
1785463200000,74.39000000,74.56000000,74.08000000,74.15000000,49190.35700000
1785466800000,74.16000000,74.35000000,73.88000000,74.14000000,55166.67700000
1785470400000,74.14000000,74.15000000,73.72000000,73.83000000,78751.99700000
1785474000000,73.83000000,74.32000000,73.82000000,74.24000000,61919.08700000
1785477600000,74.25000000,74.54000000,74.01000000,74.11000000,48082.62600000
1785481200000,74.10000000,74.10000000,73.51000000,73.68000000,83285.54500000
1785484800000,73.68000000,73.80000000,73.52000000,73.66000000,46409.87000000
1785488400000,73.66000000,73.71000000,73.39000000,73.48000000,45192.46300000
1785492000000,73.48000000,73.65000000,73.29000000,73.56000000,75398.10300000
1785495600000,73.55000000,73.71000000,73.47000000,73.57000000,23747.60600000
1785499200000,73.57000000,73.65000000,73.37000000,73.63000000,36926.61700000
1785502800000,73.63000000,73.82000000,73.17000000,73.29000000,65441.37000000
1785506400000,73.28000000,73.69000000,72.80000000,73.05000000,172784.63900000
1785510000000,73.05000000,73.22000000,72.88000000,73.10000000,56660.99900000
1785513600000,73.11000000,73.35000000,72.98000000,73.30000000,41562.25900000
1785517200000,73.29000000,73.44000000,73.17000000,73.35000000,39080.46900000
1785520800000,73.35000000,73.48000000,72.94000000,73.12000000,32090.43500000
1785524400000,73.11000000,73.29000000,72.92000000,73.08000000,33006.05800000
1785528000000,73.08000000,73.23000000,72.93000000,72.95000000,42253.11700000
1785531600000,72.96000000,73.10000000,72.56000000,72.73000000,44612.30800000
1785535200000,72.72000000,72.95000000,72.67000000,72.85000000,34931.12500000
1785538800000,72.85000000,72.96000000,72.80000000,72.87000000,17920.67100000
1785542400000,72.87000000,73.16000000,72.87000000,73.01000000,32431.49500000
1785546000000,73.01000000,73.14000000,72.97000000,73.04000000,50096.63600000
1785549600000,73.04000000,73.15000000,72.99000000,73.08000000,93988.63600000
1785553200000,73.07000000,73.10000000,72.86000000,73.03000000,45651.75900000
1785556800000,73.03000000,73.21000000,73.02000000,73.17000000,20501.07600000
1785560400000,73.17000000,73.20000000,72.86000000,72.93000000,31897.88000000
1785564000000,72.94000000,73.02000000,72.89000000,73.00000000,41221.94900000
1785567600000,73.00000000,73.11000000,72.92000000,72.98000000,24051.57500000
1785571200000,72.98000000,73.08000000,72.96000000,73.04000000,26761.40400000
1785574800000,73.04000000,73.08000000,72.83000000,72.85000000,17379.54500000
1785578400000,72.84000000,72.90000000,72.67000000,72.85000000,24184.63900000
1785582000000,72.85000000,72.91000000,72.79000000,72.89000000,18787.56300000
1785585600000,72.89000000,72.94000000,72.87000000,72.93000000,20656.08800000
1785589200000,72.93000000,72.99000000,72.91000000,72.98000000,13672.27500000
1785592800000,72.98000000,73.05000000,72.86000000,73.02000000,44789.89400000
1785596400000,73.02000000,73.02000000,72.72000000,72.80000000,26711.68300000
1785600000000,72.79000000,72.94000000,72.47000000,72.70000000,43522.09400000
1785603600000,72.70000000,72.79000000,71.62000000,71.93000000,173803.92600000
1785607200000,71.92000000,71.97000000,70.58000000,71.09000000,201067.32900000
1785610800000,71.09000000,71.36000000,71.05000000,71.27000000,32296.92100000
1785614400000,71.26000000,71.56000000,71.19000000,71.56000000,41563.06700000
1785618000000,71.56000000,71.86000000,71.55000000,71.86000000,38175.88800000
1785621600000,71.86000000,72.03000000,71.86000000,71.92000000,23372.05500000
1785625200000,71.91000000,72.09000000,71.82000000,71.95000000,24933.71800000
1785628800000,71.95000000,72.15000000,71.93000000,72.12000000,22226.00600000
1785632400000,72.11000000,72.75000000,72.11000000,72.66000000,44865.51400000
1785636000000,72.65000000,73.40000000,72.58000000,73.15000000,96117.67100000
1785639600000,73.15000000,73.24000000,73.08000000,73.20000000,27486.32600000
1785643200000,73.20000000,73.54000000,73.20000000,73.53000000,52259.25400000
1785646800000,73.54000000,73.66000000,73.46000000,73.59000000,58138.64400000
1785650400000,73.59000000,73.65000000,73.43000000,73.45000000,27917.75100000
1785654000000,73.46000000,73.51000000,73.40000000,73.46000000,32604.97500000
1785657600000,73.46000000,73.53000000,73.16000000,73.17000000,47461.92400000
1785661200000,73.18000000,73.42000000,73.00000000,73.38000000,36581.76100000
1785664800000,73.38000000,73.39000000,73.15000000,73.26000000,22495.42100000
1785668400000,73.27000000,73.31000000,72.94000000,72.99000000,23444.74600000
1785672000000,72.99000000,73.23000000,72.90000000,72.90000000,28860.34200000
1785675600000,72.90000000,73.01000000,72.69000000,72.97000000,29640.53500000
1785679200000,72.96000000,73.23000000,72.93000000,73.09000000,25709.06600000
1785682800000,73.09000000,73.20000000,73.01000000,73.03000000,18788.92200000
1785686400000,73.03000000,73.30000000,72.92000000,73.14000000,29340.51000000
1785690000000,73.14000000,73.40000000,73.09000000,73.31000000,16561.91500000
1785693600000,73.31000000,73.84000000,73.24000000,73.57000000,37752.06600000
1785697200000,73.56000000,73.79000000,73.53000000,73.72000000,21719.86400000
1785700800000,73.72000000,73.74000000,73.56000000,73.69000000,22275.69700000
1785704400000,73.69000000,74.33000000,73.67000000,74.00000000,53455.30600000
1785708000000,74.00000000,74.21000000,73.64000000,73.64000000,41865.31000000
1785711600000,73.64000000,73.66000000,73.46000000,73.63000000,27777.41200000
1785715200000,73.64000000,73.67000000,73.18000000,73.22000000,29059.02900000
1785718800000,73.22000000,73.26000000,72.94000000,73.01000000,29741.44600000
1785722400000,73.01000000,73.16000000,72.91000000,73.04000000,29215.42700000
1785726000000,73.03000000,73.12000000,72.69000000,72.90000000,26814.99200000
1785729600000,72.90000000,73.08000000,72.84000000,72.85000000,27829.06600000
1785733200000,72.85000000,73.05000000,72.82000000,72.92000000,24138.61700000
1785736800000,72.92000000,72.98000000,72.51000000,72.59000000,78632.48200000
1785740400000,72.60000000,72.69000000,72.43000000,72.52000000,40814.09400000
1785744000000,72.52000000,72.57000000,71.98000000,72.37000000,64432.82700000
1785747600000,72.37000000,72.80000000,72.33000000,72.74000000,33862.25400000
1785751200000,72.75000000,72.81000000,72.52000000,72.62000000,62045.41900000
1785754800000,72.61000000,72.65000000,72.39000000,72.45000000,27820.21300000
1785758400000,72.45000000,72.56000000,72.34000000,72.43000000,36600.06500000
1785762000000,72.43000000,73.28000000,72.32000000,73.26000000,72780.94900000
1785765600000,73.26000000,73.81000000,73.02000000,73.79000000,168686.84000000
1785769200000,73.79000000,73.83000000,73.45000000,73.62000000,88908.76400000
1785772800000,73.62000000,73.82000000,73.23000000,73.42000000,58954.92000000
1785776400000,73.42000000,73.86000000,73.31000000,73.69000000,43598.64400000
1785780000000,73.70000000,74.28000000,73.69000000,73.98000000,82772.56700000
1785783600000,73.98000000,74.19000000,73.96000000,74.02000000,58522.90700000
1785787200000,74.03000000,74.14000000,73.77000000,73.86000000,37439.45900000
1785790800000,73.85000000,73.88000000,73.66000000,73.71000000,35994.75700000
1785794400000,73.71000000,73.73000000,73.37000000,73.54000000,44214.44000000
1785798000000,73.54000000,73.56000000,73.39000000,73.56000000,24962.15100000
1785801600000,73.56000000,73.63000000,73.04000000,73.08000000,52603.77200000
1785805200000,73.08000000,73.78000000,73.05000000,73.77000000,36975.05900000
1785808800000,73.77000000,74.13000000,73.68000000,73.87000000,64695.51100000
1785812400000,73.88000000,73.91000000,73.47000000,73.70000000,30292.34300000
1785816000000,73.70000000,74.10000000,73.59000000,73.82000000,44298.36300000
1785819600000,73.83000000,73.88000000,73.69000000,73.74000000,19308.19500000
1785823200000,73.74000000,73.91000000,73.41000000,73.42000000,34803.93400000
1785826800000,73.42000000,73.74000000,73.20000000,73.68000000,74052.10800000
1785830400000,73.68000000,73.76000000,73.29000000,73.36000000,43754.50800000
1785834000000,73.35000000,73.35000000,73.16000000,73.29000000,53966.14400000
1785837600000,73.29000000,73.70000000,73.10000000,73.61000000,52859.93600000
1785841200000,73.60000000,73.98000000,73.55000000,73.95000000,74310.71100000
1785844800000,73.95000000,74.09000000,73.76000000,73.82000000,50577.57200000
1785848400000,73.81000000,74.05000000,73.59000000,73.63000000,57025.69300000
1785852000000,73.64000000,73.93000000,73.33000000,73.82000000,59659.75800000
1785855600000,73.83000000,74.20000000,73.41000000,73.99000000,59295.74100000
1785859200000,73.99000000,74.01000000,73.61000000,73.72000000,52496.51800000
1785862800000,73.73000000,74.24000000,73.72000000,73.78000000,53162.81200000
1785866400000,73.77000000,74.39000000,73.77000000,74.15000000,50354.16800000
1785870000000,74.16000000,74.39000000,74.12000000,74.19000000,47449.27300000
1785873600000,74.19000000,74.45000000,73.88000000,74.27000000,72977.10100000
1785877200000,74.27000000,74.28000000,74.01000000,74.13000000,38628.92200000
1785880800000,74.14000000,74.23000000,73.98000000,74.11000000,24858.63600000
1785884400000,74.10000000,74.30000000,73.74000000,73.75000000,50162.16500000
1785888000000,73.76000000,73.81000000,73.46000000,73.50000000,61529.07900000
1785891600000,73.50000000,74.11000000,73.39000000,74.11000000,54078.43100000
1785895200000,74.12000000,74.49000000,74.08000000,74.22000000,105455.10900000
1785898800000,74.21000000,74.31000000,73.71000000,73.78000000,51310.23700000
1785902400000,73.79000000,73.85000000,73.62000000,73.79000000,57068.67600000
1785906000000,73.79000000,74.30000000,73.74000000,74.15000000,111187.09100000
1785909600000,74.14000000,74.25000000,73.99000000,74.01000000,29908.86000000
1785913200000,74.02000000,74.05000000,73.68000000,73.98000000,60746.89700000
1785916800000,73.98000000,74.16000000,73.95000000,74.08000000,43262.34200000
1785920400000,74.08000000,74.22000000,74.01000000,74.01000000,31656.66300000
1785924000000,74.01000000,74.12000000,73.80000000,73.84000000,53998.60100000
1785927600000,73.85000000,74.00000000,73.73000000,73.77000000,49397.05100000
1785931200000,73.77000000,74.38000000,73.72000000,74.08000000,89005.83200000
1785934800000,74.08000000,74.11000000,73.27000000,73.96000000,126949.10100000
1785938400000,73.96000000,74.15000000,73.62000000,73.96000000,83853.98200000
1785942000000,73.96000000,74.31000000,73.85000000,73.96000000,126613.53300000
1785945600000,73.96000000,74.45000000,73.94000000,74.29000000,75945.20000000
1785949200000,74.29000000,74.66000000,74.13000000,74.55000000,58481.28600000
1785952800000,74.56000000,74.83000000,74.44000000,74.54000000,70705.56500000
1785956400000,74.53000000,74.63000000,74.42000000,74.46000000,35422.21200000
1785960000000,74.47000000,74.59000000,74.31000000,74.38000000,46577.82200000
1785963600000,74.37000000,74.39000000,74.08000000,74.12000000,53908.01300000
1785967200000,74.13000000,74.20000000,74.00000000,74.01000000,29938.93700000
1785970800000,74.01000000,74.11000000,73.85000000,74.04000000,42828.11700000
1785974400000,74.04000000,74.26000000,74.04000000,74.07000000,24788.50400000
1785978000000,74.07000000,74.12000000,73.73000000,73.75000000,63183.63600000
1785981600000,73.74000000,73.78000000,73.38000000,73.55000000,92409.45200000
1785985200000,73.54000000,73.59000000,73.44000000,73.50000000,34056.30500000
1785988800000,73.49000000,73.87000000,73.40000000,73.86000000,30567.37700000
1785992400000,73.87000000,74.35000000,73.86000000,74.25000000,98449.81300000
1785996000000,74.25000000,74.27000000,73.96000000,74.06000000,36797.53200000
1785999600000,74.06000000,74.13000000,73.87000000,73.87000000,60233.65900000
1786003200000,73.87000000,74.12000000,73.70000000,73.99000000,74888.43100000
1786006800000,74.00000000,74.01000000,73.20000000,73.30000000,110506.93300000
1786010400000,73.29000000,73.45000000,73.17000000,73.32000000,47733.11800000
1786014000000,73.32000000,73.58000000,73.18000000,73.46000000,35979.89500000
1786017600000,73.46000000,73.48000000,73.14000000,73.16000000,25020.38800000
1786021200000,73.15000000,73.33000000,72.85000000,73.26000000,92882.87500000
1786024800000,73.26000000,73.59000000,73.11000000,73.47000000,61748.01400000
1786028400000,73.47000000,73.63000000,73.30000000,73.30000000,60188.91700000
1786032000000,73.31000000,73.49000000,73.10000000,73.45000000,41287.44700000
1786035600000,73.44000000,73.55000000,73.07000000,73.20000000,26072.52900000
1786039200000,73.19000000,73.22000000,72.71000000,72.83000000,45578.13100000
1786042800000,72.83000000,72.95000000,72.55000000,72.80000000,38343.08000000
1786046400000,72.81000000,73.00000000,72.80000000,72.86000000,24899.22100000
1786050000000,72.85000000,72.99000000,72.80000000,72.86000000,41377.31200000
1786053600000,72.86000000,72.87000000,72.65000000,72.69000000,41966.53100000
1786057200000,72.68000000,72.73000000,72.34000000,72.70000000,67245.82300000
1786060800000,72.70000000,72.81000000,72.56000000,72.65000000,42530.24300000
1786064400000,72.65000000,72.87000000,72.58000000,72.74000000,39195.72400000
1786068000000,72.74000000,72.93000000,72.49000000,72.71000000,57963.94000000
1786071600000,72.71000000,72.76000000,72.54000000,72.62000000,26042.68200000
1786075200000,72.63000000,72.80000000,72.51000000,72.67000000,20139.32900000
1786078800000,72.67000000,72.95000000,72.43000000,72.88000000,44435.24300000
1786082400000,72.87000000,73.07000000,72.81000000,72.83000000,51505.63500000
1786086000000,72.84000000,73.03000000,72.75000000,72.93000000,39570.28200000
1786089600000,72.92000000,73.33000000,72.91000000,73.20000000,44086.53600000
1786093200000,73.19000000,73.73000000,73.19000000,73.63000000,131093.32300000
1786096800000,73.62000000,73.77000000,73.49000000,73.53000000,71723.79000000
1786100400000,73.52000000,73.78000000,73.52000000,73.62000000,52339.54000000
1786104000000,73.63000000,74.31000000,73.62000000,73.90000000,176077.51400000
1786107600000,73.90000000,74.35000000,73.79000000,74.13000000,122156.98600000
1786111200000,74.13000000,74.24000000,73.58000000,73.72000000,111372.38100000
1786114800000,73.72000000,73.97000000,73.69000000,73.88000000,61325.44400000
1786118400000,73.89000000,74.13000000,73.57000000,73.57000000,53237.66500000
1786122000000,73.57000000,73.58000000,73.17000000,73.43000000,129323.86300000
1786125600000,73.43000000,73.58000000,73.25000000,73.41000000,47516.15200000
1786129200000,73.41000000,74.03000000,73.40000000,74.02000000,72192.15100000
1786132800000,74.02000000,74.10000000,73.80000000,73.84000000,62414.37700000
1786136400000,73.84000000,73.89000000,73.60000000,73.65000000,34397.91800000
1786140000000,73.65000000,73.72000000,73.58000000,73.65000000,47688.80200000
1786143600000,73.65000000,73.78000000,73.62000000,73.66000000,14347.36700000
1786147200000,73.67000000,73.74000000,73.57000000,73.71000000,22489.51500000
1786150800000,73.70000000,73.96000000,73.68000000,73.88000000,32659.92800000
1786154400000,73.89000000,73.97000000,73.86000000,73.86000000,36918.06600000
1786158000000,73.87000000,74.99000000,73.86000000,74.83000000,141741.18100000
1786161600000,74.84000000,75.14000000,74.58000000,74.64000000,108607.90000000
1786165200000,74.64000000,74.75000000,74.49000000,74.66000000,38219.83300000
1786168800000,74.66000000,74.82000000,74.57000000,74.70000000,28467.01400000
1786172400000,74.71000000,74.84000000,74.65000000,74.82000000,30945.59000000
1786176000000,74.83000000,74.93000000,74.70000000,74.80000000,30398.15400000
1786179600000,74.81000000,75.04000000,74.80000000,74.87000000,33722.14900000
1786183200000,74.87000000,75.17000000,74.87000000,75.06000000,34782.56900000
1786186800000,75.07000000,75.71000000,75.05000000,75.60000000,119089.48800000
1786190400000,75.61000000,75.69000000,75.35000000,75.43000000,86502.53200000
1786194000000,75.42000000,75.55000000,75.41000000,75.52000000,44654.67900000
1786197600000,75.52000000,76.62000000,75.52000000,76.48000000,172240.22000000
1786201200000,76.49000000,76.81000000,76.25000000,76.40000000,128746.52800000
1786204800000,76.40000000,76.50000000,76.16000000,76.38000000,62744.44000000
1786208400000,76.38000000,76.50000000,76.27000000,76.39000000,34300.88100000
1786212000000,76.38000000,76.38000000,76.07000000,76.14000000,37718.36300000
1786215600000,76.14000000,76.27000000,75.97000000,76.16000000,38147.91100000
1786219200000,76.15000000,76.28000000,76.14000000,76.25000000,27645.28900000
1786222800000,76.25000000,76.36000000,76.14000000,76.20000000,24076.21400000
1786226400000,76.21000000,76.29000000,75.86000000,75.91000000,31950.17900000
1786230000000,75.91000000,76.10000000,75.78000000,76.01000000,36643.86400000
1786233600000,76.02000000,76.05000000,75.86000000,76.02000000,23617.31700000
1786237200000,76.02000000,76.10000000,75.73000000,75.87000000,25195.97000000
1786240800000,75.88000000,76.00000000,75.80000000,75.86000000,22083.41600000
1786244400000,75.86000000,76.05000000,75.76000000,75.99000000,25404.22700000
1786248000000,75.98000000,76.13000000,75.95000000,75.98000000,14839.50400000
1786251600000,75.98000000,76.03000000,75.88000000,76.01000000,18606.91500000
1786255200000,76.00000000,76.50000000,75.95000000,76.41000000,51322.65300000
1786258800000,76.42000000,76.48000000,76.23000000,76.36000000,36472.52200000
1786262400000,76.36000000,76.58000000,76.10000000,76.32000000,47964.93300000
1786266000000,76.32000000,76.52000000,76.25000000,76.44000000,37837.16600000
1786269600000,76.44000000,76.65000000,76.37000000,76.37000000,30659.29300000
1786273200000,76.38000000,76.53000000,76.32000000,76.50000000,29402.30900000
1786276800000,76.50000000,76.60000000,76.30000000,76.37000000,34091.74500000
1786280400000,76.36000000,76.88000000,76.34000000,76.57000000,52122.61800000
1786284000000,76.58000000,77.08000000,76.57000000,77.02000000,56998.87000000
1786287600000,77.01000000,77.47000000,76.84000000,77.43000000,128466.74900000
1786291200000,77.42000000,77.57000000,77.09000000,77.33000000,85978.57500000
1786294800000,77.32000000,77.34000000,77.13000000,77.18000000,32380.67400000
1786298400000,77.17000000,77.25000000,77.07000000,77.21000000,19608.80700000
1786302000000,77.21000000,77.36000000,77.14000000,77.23000000,25431.82200000
1786305600000,77.22000000,77.28000000,77.06000000,77.27000000,26404.31300000
1786309200000,77.26000000,77.51000000,77.15000000,77.36000000,22689.72800000
1786312800000,77.36000000,77.84000000,76.66000000,76.82000000,67375.97300000
1786316400000,76.81000000,76.91000000,76.21000000,76.27000000,65811.57500000
1786320000000,76.26000000,77.02000000,76.21000000,76.54000000,62300.57900000
1786323600000,76.55000000,77.17000000,76.40000000,76.90000000,41871.01900000
1786327200000,76.91000000,76.94000000,76.44000000,76.82000000,28869.01500000
1786330800000,76.82000000,76.93000000,76.38000000,76.64000000,48104.24700000
1786334400000,76.64000000,76.75000000,76.43000000,76.56000000,34828.56500000
1786338000000,76.56000000,76.97000000,76.55000000,76.89000000,28196.77700000
1786341600000,76.89000000,77.08000000,76.82000000,76.98000000,29294.33900000
1786345200000,76.99000000,77.11000000,76.83000000,76.98000000,29089.86800000
1786348800000,76.99000000,77.16000000,76.68000000,76.96000000,55171.67000000
1786352400000,76.96000000,77.03000000,76.56000000,76.57000000,53522.32500000
1786356000000,76.57000000,76.89000000,76.53000000,76.83000000,69928.22900000
1786359600000,76.82000000,77.05000000,76.67000000,77.05000000,34538.78300000
1786363200000,77.05000000,77.13000000,76.60000000,76.64000000,58238.84800000
1786366800000,76.64000000,76.77000000,76.14000000,76.31000000,117731.83900000
1786370400000,76.31000000,76.69000000,76.24000000,76.26000000,72440.22500000
1786374000000,76.26000000,76.42000000,75.83000000,75.96000000,135319.45900000
1786377600000,75.96000000,76.11000000,75.58000000,75.70000000,125240.17700000
1786381200000,75.71000000,76.11000000,75.61000000,75.97000000,50633.71400000
1786384800000,75.97000000,76.07000000,75.70000000,75.82000000,40342.37800000
1786388400000,75.83000000,76.28000000,75.80000000,76.19000000,26218.49000000
1786392000000,76.19000000,76.49000000,76.17000000,76.43000000,35189.79900000
1786395600000,76.43000000,76.49000000,76.29000000,76.30000000,36110.53200000
1786399200000,76.30000000,76.38000000,76.04000000,76.21000000,37264.70800000
1786402800000,76.21000000,76.22000000,75.98000000,75.99000000,27792.77000000
1786406400000,76.00000000,76.04000000,75.76000000,75.90000000,31762.67100000
1786410000000,75.90000000,76.10000000,75.71000000,76.09000000,28544.75400000
1786413600000,76.09000000,76.15000000,75.99000000,76.05000000,22096.14300000
1786417200000,76.04000000,76.25000000,76.04000000,76.08000000,26406.52100000
1786420800000,76.08000000,76.23000000,76.07000000,76.08000000,21792.75900000
1786424400000,76.08000000,76.09000000,75.79000000,75.81000000,46523.12900000
1786428000000,75.81000000,76.06000000,75.65000000,75.82000000,54417.48400000
1786431600000,75.82000000,75.87000000,75.42000000,75.69000000,57740.41800000
1786435200000,75.70000000,75.99000000,75.63000000,75.94000000,50933.19200000
1786438800000,75.95000000,75.95000000,75.68000000,75.90000000,71384.72500000
1786442400000,75.89000000,76.07000000,75.77000000,75.96000000,52183.50600000
1786446000000,75.95000000,76.37000000,75.95000000,76.24000000,77311.80000000
1786449600000,76.24000000,76.26000000,75.80000000,75.87000000,57206.85900000
1786453200000,75.87000000,76.11000000,75.72000000,76.02000000,83211.81700000
1786456800000,76.01000000,76.16000000,75.08000000,75.21000000,101687.34100000
1786460400000,75.20000000,75.42000000,74.63000000,74.93000000,118672.44400000
1786464000000,74.93000000,75.08000000,74.79000000,74.93000000,42400.62100000
1786467600000,74.94000000,75.22000000,74.92000000,75.18000000,39180.25100000
1786471200000,75.17000000,75.35000000,75.08000000,75.27000000,44777.48100000
1786474800000,75.28000000,75.71000000,75.06000000,75.67000000,41295.99800000
1786478400000,75.67000000,76.26000000,75.66000000,76.05000000,90230.81400000
1786482000000,76.05000000,76.45000000,76.01000000,76.45000000,55615.12400000
1786485600000,76.45000000,76.67000000,76.25000000,76.42000000,67498.45000000
1786489200000,76.42000000,76.42000000,76.20000000,76.30000000,32920.38000000
1786492800000,76.30000000,76.38000000,76.24000000,76.37000000,24911.29200000
1786496400000,76.37000000,76.60000000,76.31000000,76.44000000,35529.68300000
1786500000000,76.44000000,76.60000000,76.42000000,76.43000000,29202.96300000
1786503600000,76.43000000,76.53000000,76.26000000,76.42000000,26244.29300000
1786507200000,76.42000000,76.58000000,76.28000000,76.30000000,26736.37500000
1786510800000,76.30000000,76.38000000,76.19000000,76.33000000,25672.34000000
1786514400000,76.33000000,76.37000000,75.98000000,76.05000000,38068.01200000
1786518000000,76.05000000,76.27000000,75.94000000,76.27000000,36271.82000000
1786521600000,76.26000000,76.46000000,76.16000000,76.19000000,48863.78000000
1786525200000,76.18000000,76.90000000,76.14000000,76.75000000,87197.85000000
1786528800000,76.75000000,76.89000000,76.69000000,76.78000000,61067.67300000
1786532400000,76.78000000,76.88000000,76.70000000,76.84000000,39138.04000000
1786536000000,76.83000000,77.33000000,76.38000000,76.65000000,157212.57500000
1786539600000,76.66000000,76.68000000,76.05000000,76.23000000,94944.73000000
1786543200000,76.23000000,76.26000000,75.42000000,75.48000000,137689.68500000
1786546800000,75.47000000,75.88000000,75.38000000,75.75000000,59434.10400000
1786550400000,75.75000000,75.85000000,75.57000000,75.70000000,33053.70800000
1786554000000,75.69000000,76.07000000,75.67000000,75.91000000,35526.73100000
1786557600000,75.91000000,76.10000000,75.85000000,75.89000000,21721.03600000
1786561200000,75.89000000,76.01000000,75.60000000,75.77000000,23889.94800000
1786564800000,75.76000000,76.02000000,75.75000000,75.93000000,19542.22000000
1786568400000,75.94000000,76.02000000,75.44000000,75.50000000,35260.63400000
1786572000000,75.49000000,75.67000000,75.35000000,75.53000000,32707.08800000
1786575600000,75.53000000,75.66000000,75.40000000,75.63000000,24262.63400000
1786579200000,75.64000000,75.89000000,75.56000000,75.63000000,27404.26400000
1786582800000,75.62000000,75.81000000,75.48000000,75.65000000,23198.79100000
1786586400000,75.64000000,75.99000000,75.53000000,75.98000000,32337.53200000
1786590000000,75.99000000,76.33000000,75.97000000,76.26000000,84780.97900000
1786593600000,76.26000000,76.29000000,76.03000000,76.13000000,30942.64300000
1786597200000,76.14000000,76.62000000,76.09000000,76.52000000,38273.05600000
1786600800000,76.52000000,76.55000000,76.32000000,76.53000000,39915.20900000
1786604400000,76.53000000,76.54000000,76.40000000,76.44000000,28139.01500000
1786608000000,76.44000000,76.49000000,76.17000000,76.21000000,27688.13200000
1786611600000,76.20000000,76.22000000,75.90000000,76.16000000,53218.48900000
1786615200000,76.16000000,76.18000000,75.70000000,75.75000000,59752.11700000
1786618800000,75.76000000,75.76000000,75.56000000,75.67000000,38922.89000000
1786622400000,75.66000000,76.15000000,75.65000000,76.14000000,33765.08000000
1786626000000,76.13000000,76.37000000,76.06000000,76.20000000,70317.31300000
1786629600000,76.20000000,76.59000000,76.14000000,76.46000000,58653.50900000
1786633200000,76.46000000,76.55000000,75.63000000,75.64000000,62963.65400000
1786636800000,75.64000000,75.87000000,75.10000000,75.61000000,147622.90000000
1786640400000,75.61000000,75.94000000,75.56000000,75.78000000,30652.48500000
1786644000000,75.77000000,76.10000000,75.68000000,76.01000000,24137.96000000
1786647600000,76.01000000,76.28000000,75.98000000,76.20000000,42760.84100000
1786651200000,76.20000000,76.34000000,76.14000000,76.22000000,48254.32800000
1786654800000,76.23000000,76.31000000,76.12000000,76.21000000,24805.21200000
1786658400000,76.21000000,76.45000000,76.20000000,76.25000000,45513.35100000
1786662000000,76.25000000,76.30000000,76.15000000,76.28000000,19488.80700000
1786665600000,76.28000000,76.33000000,75.99000000,76.08000000,39546.48500000
1786669200000,76.07000000,76.18000000,75.91000000,76.08000000,41828.82600000
1786672800000,76.09000000,76.20000000,75.98000000,76.03000000,23612.90700000
1786676400000,76.02000000,76.07000000,75.75000000,75.76000000,31920.64000000
1786680000000,75.76000000,76.04000000,75.75000000,75.85000000,33259.54800000
1786683600000,75.85000000,76.00000000,75.81000000,75.93000000,19678.51100000
1786687200000,75.92000000,75.93000000,75.52000000,75.54000000,50473.29300000
1786690800000,75.55000000,75.74000000,75.50000000,75.59000000,38230.98900000
1786694400000,75.60000000,75.88000000,75.57000000,75.87000000,40279.12500000
1786698000000,75.87000000,75.87000000,75.42000000,75.49000000,38555.94100000
1786701600000,75.49000000,75.65000000,75.36000000,75.41000000,46288.24800000
1786705200000,75.41000000,75.61000000,75.40000000,75.54000000,36686.05500000
1786708800000,75.54000000,75.61000000,75.35000000,75.47000000,33452.48700000
1786712400000,75.47000000,75.49000000,75.24000000,75.37000000,70876.51700000
1786716000000,75.37000000,75.42000000,75.06000000,75.28000000,59283.30300000
1786719600000,75.28000000,75.78000000,75.21000000,75.65000000,58791.99600000
1786723200000,75.65000000,75.71000000,75.45000000,75.47000000,39082.40500000
1786726800000,75.48000000,75.68000000,75.16000000,75.30000000,53320.33900000
1786730400000,75.30000000,75.31000000,74.95000000,74.97000000,76786.82800000
1786734000000,74.97000000,75.11000000,74.69000000,75.02000000,97202.03900000
1786737600000,75.02000000,75.25000000,74.98000000,75.15000000,34693.79200000
1786741200000,75.16000000,75.24000000,75.10000000,75.19000000,39275.47200000
1786744800000,75.20000000,75.29000000,74.97000000,75.20000000,31018.35100000
1786748400000,75.19000000,75.41000000,75.16000000,75.40000000,29720.80900000
1786752000000,75.40000000,75.43000000,75.33000000,75.36000000,23069.18300000
1786755600000,75.36000000,75.48000000,75.29000000,75.42000000,20679.28900000
1786759200000,75.42000000,75.68000000,75.39000000,75.65000000,39330.01400000
1786762800000,75.66000000,75.71000000,75.41000000,75.42000000,22171.52800000
1786766400000,75.41000000,75.60000000,75.17000000,75.53000000,46285.43600000
1786770000000,75.54000000,75.60000000,75.31000000,75.36000000,35945.42400000
1786773600000,75.35000000,75.50000000,75.28000000,75.44000000,21225.67100000
1786777200000,75.44000000,75.44000000,75.21000000,75.24000000,18457.12000000
1786780800000,75.23000000,75.31000000,75.08000000,75.09000000,20788.90800000
1786784400000,75.09000000,75.26000000,75.05000000,75.23000000,19618.28600000
1786788000000,75.24000000,75.36000000,75.21000000,75.30000000,15711.99900000
1786791600000,75.29000000,75.31000000,75.22000000,75.26000000,11958.57600000
1786795200000,75.25000000,75.43000000,75.21000000,75.43000000,14771.57800000
1786798800000,75.42000000,75.58000000,75.40000000,75.57000000,38795.99600000
1786802400000,75.58000000,75.59000000,75.46000000,75.46000000,66008.45300000
1786806000000,75.46000000,75.56000000,75.38000000,75.53000000,24231.39400000
1786809600000,75.52000000,75.54000000,75.41000000,75.50000000,17652.32200000
1786813200000,75.49000000,75.69000000,75.49000000,75.68000000,29643.24200000
1786816800000,75.68000000,75.69000000,75.51000000,75.56000000,20059.64800000
1786820400000,75.56000000,75.58000000,75.52000000,75.57000000,10637.09000000
1786824000000,75.57000000,75.59000000,75.42000000,75.54000000,25359.08900000
1786827600000,75.54000000,75.74000000,75.53000000,75.64000000,14886.05900000
1786831200000,75.64000000,75.70000000,75.56000000,75.59000000,20611.08400000
1786834800000,75.59000000,75.59000000,75.31000000,75.35000000,24216.43300000
1786838400000,75.35000000,75.50000000,75.27000000,75.48000000,15960.11700000
1786842000000,75.47000000,75.49000000,75.30000000,75.43000000,24138.65600000
1786845600000,75.43000000,75.66000000,75.27000000,75.57000000,22315.83300000
1786849200000,75.57000000,75.66000000,75.57000000,75.58000000,26311.01800000
1786852800000,75.59000000,75.62000000,75.43000000,75.45000000,13202.02000000
1786856400000,75.45000000,75.52000000,75.34000000,75.36000000,19937.58900000
1786860000000,75.36000000,75.53000000,75.28000000,75.38000000,19879.25200000
1786863600000,75.38000000,75.48000000,75.35000000,75.47000000,9201.99000000
1786867200000,75.47000000,75.49000000,75.40000000,75.47000000,9874.60500000
1786870800000,75.48000000,75.48000000,75.26000000,75.32000000,24163.15700000
1786874400000,75.32000000,75.33000000,75.17000000,75.27000000,23925.54000000
1786878000000,75.27000000,75.32000000,75.23000000,75.29000000,19957.61900000
1786881600000,75.29000000,75.30000000,75.20000000,75.22000000,16268.48800000
1786885200000,75.23000000,75.42000000,75.22000000,75.31000000,14314.50600000
1786888800000,75.31000000,75.42000000,75.25000000,75.40000000,16718.25600000
1786892400000,75.40000000,75.64000000,75.39000000,75.58000000,32612.21500000
1786896000000,75.57000000,75.71000000,75.50000000,75.56000000,84852.60800000
1786899600000,75.56000000,75.60000000,75.27000000,75.28000000,36546.36300000
1786903200000,75.27000000,75.28000000,75.03000000,75.19000000,45819.94900000
1786906800000,75.19000000,75.37000000,75.18000000,75.23000000,17532.49500000
1786910400000,75.22000000,75.33000000,74.97000000,75.04000000,29204.84900000
1786914000000,75.03000000,75.09000000,74.10000000,74.34000000,89658.05400000
1786917600000,74.34000000,74.53000000,74.18000000,74.52000000,47462.07300000
1786921200000,74.52000000,74.66000000,74.46000000,74.61000000,21556.97300000
1786924800000,74.62000000,74.75000000,74.43000000,74.62000000,41586.76100000
1786928400000,74.62000000,75.35000000,74.58000000,75.10000000,64090.08800000
1786932000000,75.10000000,75.60000000,75.05000000,75.48000000,53811.96700000
1786935600000,75.49000000,75.59000000,75.46000000,75.51000000,61348.72500000
1786939200000,75.52000000,75.64000000,75.50000000,75.56000000,31884.39100000
1786942800000,75.57000000,75.63000000,75.39000000,75.40000000,22134.76700000
1786946400000,75.40000000,76.00000000,75.36000000,75.84000000,68202.40000000
1786950000000,75.85000000,75.96000000,75.74000000,75.79000000,51212.14000000
1786953600000,75.79000000,75.81000000,75.17000000,75.24000000,93110.38000000
1786957200000,75.24000000,75.42000000,75.22000000,75.35000000,46626.71400000
1786960800000,75.34000000,75.80000000,75.30000000,75.78000000,54849.60200000
1786964400000,75.79000000,75.95000000,75.68000000,75.71000000,78753.48100000
1786968000000,75.70000000,75.71000000,75.35000000,75.43000000,71415.47700000
1786971600000,75.42000000,75.78000000,75.28000000,75.63000000,67087.01400000
1786975200000,75.63000000,76.02000000,75.51000000,75.99000000,66189.63600000
1786978800000,75.99000000,76.22000000,75.79000000,76.11000000,96657.20500000
1786982400000,76.11000000,76.15000000,75.94000000,76.03000000,54543.69100000
1786986000000,76.03000000,76.12000000,75.70000000,75.93000000,51568.30200000
1786989600000,75.92000000,76.17000000,75.86000000,75.90000000,30368.11900000
1786993200000,75.90000000,75.96000000,75.75000000,75.81000000,31754.15600000
1786996800000,75.81000000,76.10000000,75.63000000,75.99000000,41640.48800000
1787000400000,76.00000000,76.05000000,75.87000000,75.95000000,28486.34100000
1787004000000,75.96000000,76.03000000,75.71000000,75.74000000,28834.39400000
1787007600000,75.74000000,76.12000000,75.71000000,76.02000000,33698.11500000
1787011200000,76.02000000,76.09000000,75.87000000,76.04000000,37197.57300000
1787014800000,76.05000000,76.06000000,75.55000000,75.60000000,37508.76900000
1787018400000,75.59000000,75.64000000,75.20000000,75.27000000,116272.55100000
1787022000000,75.27000000,75.53000000,75.25000000,75.50000000,32736.00900000
1787025600000,75.50000000,75.85000000,75.41000000,75.84000000,75709.19900000
1787029200000,75.85000000,75.97000000,75.59000000,75.74000000,59566.30600000
1787032800000,75.73000000,76.07000000,75.65000000,76.01000000,49542.62000000
1787036400000,76.02000000,76.27000000,75.95000000,76.10000000,74906.87100000
1787040000000,76.10000000,76.20000000,75.85000000,76.18000000,52277.97700000
1787043600000,76.17000000,76.17000000,75.88000000,75.94000000,36705.58000000
1787047200000,75.94000000,75.99000000,75.80000000,75.84000000,37834.68600000
1787050800000,75.85000000,76.45000000,75.83000000,76.31000000,96476.65400000
1787054400000,76.32000000,76.52000000,76.23000000,76.25000000,59789.62200000
1787058000000,76.25000000,76.30000000,76.05000000,76.21000000,49236.30200000
1787061600000,76.21000000,77.33000000,76.12000000,76.80000000,183947.13600000
1787065200000,76.80000000,77.25000000,76.79000000,77.19000000,112136.69600000
1787068800000,77.20000000,77.32000000,76.85000000,77.08000000,53319.13200000
1787072400000,77.08000000,77.10000000,76.88000000,76.89000000,31383.27900000
1787076000000,76.89000000,77.31000000,76.88000000,77.27000000,33859.72700000
1787079600000,77.26000000,77.41000000,77.08000000,77.18000000,44572.79700000
1787083200000,77.18000000,77.22000000,76.75000000,76.89000000,57163.21300000
1787086800000,76.89000000,77.12000000,76.89000000,77.00000000,24598.19100000
1787090400000,77.00000000,77.21000000,76.88000000,76.94000000,60947.79800000
1787094000000,76.95000000,77.23000000,76.94000000,77.05000000,37174.26400000
1787097600000,77.05000000,77.12000000,76.83000000,76.91000000,35601.90700000
1787101200000,76.92000000,77.07000000,76.64000000,76.80000000,68341.66900000
1787104800000,76.80000000,76.93000000,76.70000000,76.81000000,30126.29000000
1787108400000,76.81000000,77.10000000,76.70000000,77.00000000,33229.18400000
1787112000000,76.99000000,77.14000000,76.80000000,76.86000000,34893.31000000
1787115600000,76.86000000,77.07000000,76.78000000,76.80000000,33431.58500000
1787119200000,76.81000000,77.17000000,76.63000000,77.07000000,50558.40600000
1787122800000,77.08000000,77.10000000,76.94000000,76.96000000,37457.56200000
1787126400000,76.96000000,77.65000000,76.92000000,77.38000000,104771.80600000
1787130000000,77.39000000,77.48000000,77.22000000,77.32000000,44006.14500000
1787133600000,77.33000000,77.39000000,77.23000000,77.39000000,24995.83400000
1787137200000,77.38000000,77.62000000,77.38000000,77.55000000,53548.00400000
1787140800000,77.54000000,79.05000000,77.43000000,78.41000000,275387.26600000
1787144400000,78.41000000,78.71000000,78.18000000,78.41000000,169787.49500000
1787148000000,78.41000000,81.01000000,78.37000000,80.89000000,396329.10100000
1787151600000,80.90000000,83.00000000,80.70000000,81.83000000,890278.40800000
1787155200000,81.83000000,82.39000000,81.55000000,81.58000000,177212.82100000
1787158800000,81.58000000,81.72000000,81.01000000,81.65000000,174845.25600000
1787162400000,81.65000000,82.29000000,81.27000000,82.27000000,139302.31000000
1787166000000,82.27000000,82.50000000,82.00000000,82.36000000,96762.47800000
1787169600000,82.37000000,84.30000000,82.28000000,83.72000000,269851.19800000
1787173200000,83.72000000,87.21000000,83.72000000,86.64000000,531143.87000000
1787176800000,86.64000000,86.84000000,84.93000000,85.49000000,247267.87900000
1787180400000,85.49000000,85.78000000,85.04000000,85.38000000,122380.49200000
1787184000000,85.39000000,85.79000000,84.91000000,85.00000000,221883.38500000
1787187600000,85.01000000,85.41000000,84.65000000,85.37000000,154978.99100000
1787191200000,85.37000000,85.45000000,84.68000000,84.78000000,87595.86900000
1787194800000,84.77000000,84.78000000,84.01000000,84.48000000,126428.02700000
1787198400000,84.48000000,84.96000000,84.42000000,84.84000000,70775.43300000
1787202000000,84.84000000,85.08000000,84.82000000,84.96000000,55732.28300000
1787205600000,84.96000000,85.92000000,84.70000000,85.92000000,166326.68800000
1787209200000,85.92000000,86.20000000,85.78000000,86.18000000,117326.44700000
1787212800000,86.17000000,87.98000000,86.04000000,87.53000000,422328.02000000
1787216400000,87.52000000,87.82000000,87.11000000,87.36000000,229835.28700000
1787220000000,87.36000000,87.82000000,87.01000000,87.45000000,109921.40800000
1787223600000,87.46000000,88.10000000,87.10000000,87.21000000,167425.60500000
1787227200000,87.22000000,87.42000000,86.52000000,87.07000000,163565.62300000
1787230800000,87.07000000,87.48000000,86.21000000,86.58000000,254032.33800000
1787234400000,86.58000000,86.88000000,86.16000000,86.62000000,181624.86100000
1787238000000,86.61000000,87.47000000,86.57000000,87.37000000,252300.17800000
1787241600000,87.37000000,87.84000000,86.87000000,87.76000000,215422.14200000
1787245200000,87.76000000,87.93000000,87.28000000,87.50000000,162758.75000000
1787248800000,87.50000000,87.66000000,86.68000000,86.87000000,124152.12800000
1787252400000,86.86000000,87.53000000,86.85000000,87.31000000,103139.83700000
1787256000000,87.32000000,87.68000000,87.25000000,87.59000000,76542.43700000
1787259600000,87.59000000,87.88000000,87.42000000,87.50000000,60966.02200000
1787263200000,87.50000000,87.59000000,87.19000000,87.24000000,66396.66800000
1787266800000,87.23000000,87.99000000,87.23000000,87.66000000,97951.99900000
1787270400000,87.65000000,88.80000000,87.57000000,88.23000000,280118.47400000
1787274000000,88.23000000,89.50000000,88.12000000,89.01000000,266616.43500000
1787277600000,89.01000000,90.20000000,88.51000000,89.25000000,392855.24600000
1787281200000,89.26000000,89.56000000,88.76000000,89.10000000,159013.21300000
1787284800000,89.11000000,89.50000000,88.88000000,89.47000000,141406.12700000
1787288400000,89.46000000,90.74000000,89.18000000,90.46000000,205120.50300000
1787292000000,90.45000000,91.33000000,89.77000000,90.24000000,252509.93300000
1787295600000,90.25000000,91.18000000,89.94000000,90.41000000,290973.87800000
1787299200000,90.42000000,93.39000000,90.36000000,93.29000000,509045.98500000
1787302800000,93.28000000,93.33000000,90.31000000,91.68000000,567334.57000000
1787306400000,91.67000000,91.76000000,90.86000000,91.49000000,185450.53300000
1787310000000,91.48000000,91.62000000,89.91000000,90.29000000,272341.79000000
1787313600000,90.30000000,91.15000000,90.03000000,90.88000000,191761.92400000
1787317200000,90.88000000,91.37000000,89.78000000,91.07000000,232607.11000000
1787320800000,91.07000000,91.95000000,90.56000000,91.87000000,261492.13400000
1787324400000,91.88000000,92.16000000,91.25000000,91.37000000,195372.38400000
1787328000000,91.37000000,91.92000000,90.75000000,91.63000000,144107.99500000
1787331600000,91.63000000,91.98000000,91.18000000,91.80000000,146346.93300000
1787335200000,91.80000000,92.06000000,91.09000000,91.56000000,128955.41600000
1787338800000,91.56000000,91.62000000,90.78000000,90.96000000,109167.79300000
1787342400000,90.96000000,91.97000000,90.59000000,91.87000000,129800.57400000
1787346000000,91.86000000,93.85000000,91.66000000,93.74000000,313034.51400000
1787349600000,93.74000000,94.62000000,93.30000000,94.30000000,258191.98500000
1787353200000,94.30000000,94.99000000,93.37000000,93.72000000,207043.65900000
1787356800000,93.72000000,94.42000000,92.86000000,93.89000000,275622.20800000
1787360400000,93.89000000,94.44000000,93.49000000,93.69000000,132446.53400000
1787364000000,93.69000000,95.79000000,93.69000000,95.63000000,267975.02300000
1787367600000,95.64000000,97.59000000,95.49000000,96.79000000,463948.67500000
1787371200000,96.80000000,102.74000000,96.18000000,99.15000000,966122.68100000
1787374800000,99.14000000,99.98000000,87.72000000,94.23000000,1761166.61300000
1787378400000,94.23000000,95.12000000,93.08000000,94.30000000,387488.27200000
1787382000000,94.31000000,95.52000000,94.05000000,94.46000000,257112.00200000
1787385600000,94.46000000,95.01000000,93.06000000,94.10000000,306557.34100000
1787389200000,94.10000000,94.61000000,92.99000000,93.92000000,260791.93300000
1787392800000,93.92000000,93.99000000,91.34000000,92.88000000,423712.18700000
1787396400000,92.88000000,93.54000000,92.58000000,93.30000000,148916.37600000
1787400000000,93.29000000,94.35000000,93.14000000,93.82000000,128311.64200000
1787403600000,93.83000000,94.23000000,93.53000000,94.12000000,108401.16600000
1787407200000,94.12000000,94.29000000,92.90000000,93.25000000,205345.72100000
1787410800000,93.25000000,93.58000000,92.82000000,93.07000000,130253.30900000
1787414400000,93.08000000,94.67000000,93.07000000,94.29000000,181095.77400000
1787418000000,94.28000000,94.55000000,93.77000000,94.27000000,124590.44400000
1787421600000,94.27000000,94.52000000,94.03000000,94.46000000,69055.86500000
1787425200000,94.46000000,94.80000000,94.27000000,94.49000000,82689.24300000
1787428800000,94.49000000,94.78000000,94.29000000,94.39000000,59618.43700000
1787432400000,94.40000000,94.40000000,92.73000000,92.83000000,147449.19700000
1787436000000,92.82000000,94.01000000,92.58000000,93.62000000,141454.56500000
1787439600000,93.62000000,93.99000000,93.31000000,93.82000000,64492.25800000
1787443200000,93.83000000,97.21000000,93.59000000,96.35000000,370167.11800000
1787446800000,96.36000000,96.58000000,95.65000000,96.00000000,198660.76300000
1787450400000,96.00000000,96.59000000,93.94000000,94.89000000,315375.85600000
1787454000000,94.90000000,95.02000000,93.43000000,93.70000000,193677.79400000
1787457600000,93.71000000,94.10000000,92.22000000,92.56000000,280341.62900000
1787461200000,92.55000000,93.28000000,91.58000000,92.30000000,238903.36800000
1787464800000,92.29000000,92.77000000,91.77000000,92.25000000,177859.85600000
1787468400000,92.25000000,92.97000000,92.13000000,92.49000000,94449.34400000
1787472000000,92.48000000,93.53000000,92.31000000,93.20000000,122035.80300000
1787475600000,93.20000000,93.55000000,92.90000000,93.32000000,72444.10100000
1787479200000,93.32000000,94.12000000,93.29000000,93.63000000,120778.22700000
1787482800000,93.64000000,94.82000000,93.55000000,94.63000000,137477.39800000
1787486400000,94.62000000,94.80000000,94.04000000,94.59000000,150481.48100000
1787490000000,94.59000000,95.81000000,94.58000000,95.39000000,184298.31100000
1787493600000,95.38000000,95.68000000,93.40000000,95.07000000,290157.40300000
1787497200000,95.07000000,95.90000000,94.67000000,95.36000000,182687.11700000
1787500800000,95.37000000,95.72000000,95.17000000,95.41000000,83534.96400000
1787504400000,95.42000000,95.52000000,94.82000000,95.11000000,69153.67700000
1787508000000,95.11000000,95.47000000,94.94000000,95.29000000,54755.48200000
1787511600000,95.30000000,95.47000000,94.83000000,95.07000000,46946.87100000
1787515200000,95.08000000,95.40000000,94.76000000,95.07000000,44650.39300000
1787518800000,95.07000000,96.25000000,95.07000000,95.36000000,147066.73500000
1787522400000,95.36000000,95.75000000,94.78000000,95.59000000,116786.14500000
1787526000000,95.59000000,95.88000000,95.01000000,95.43000000,90166.97000000
1787529600000,95.44000000,95.56000000,93.87000000,95.54000000,207556.44000000
1787533200000,95.55000000,95.56000000,93.74000000,93.88000000,161578.06400000
1787536800000,93.87000000,95.05000000,93.67000000,94.59000000,146410.82600000
1787540400000,94.59000000,94.66000000,93.47000000,93.66000000,105245.55300000
1787544000000,93.66000000,94.35000000,93.66000000,94.22000000,115946.36800000
1787547600000,94.21000000,94.66000000,93.47000000,94.28000000,158490.80700000
1787551200000,94.27000000,94.64000000,93.80000000,94.56000000,159373.73300000
1787554800000,94.56000000,95.45000000,94.00000000,94.11000000,171007.97200000
1787558400000,94.11000000,94.38000000,93.26000000,93.94000000,115536.49900000
1787562000000,93.93000000,94.89000000,93.89000000,94.67000000,99979.68200000
1787565600000,94.66000000,95.11000000,94.57000000,94.72000000,165618.25100000
1787569200000,94.71000000,96.33000000,94.25000000,95.84000000,236307.50800000
1787572800000,95.84000000,96.64000000,94.18000000,96.29000000,336604.73500000
1787576400000,96.29000000,96.53000000,94.30000000,95.02000000,295116.14700000
1787580000000,95.02000000,96.73000000,94.85000000,96.10000000,290504.02200000
1787583600000,96.11000000,97.61000000,95.99000000,96.45000000,327290.58200000
1787587200000,96.46000000,97.58000000,95.80000000,96.07000000,203884.22000000
1787590800000,96.07000000,96.20000000,94.81000000,95.40000000,270081.77100000
1787594400000,95.40000000,96.44000000,95.40000000,95.92000000,201327.34300000
1787598000000,95.93000000,96.65000000,95.42000000,96.54000000,186632.47900000
1787601600000,96.54000000,96.77000000,95.75000000,96.55000000,95753.50800000
1787605200000,96.55000000,97.57000000,96.55000000,97.47000000,122224.43900000
1787608800000,97.48000000,98.71000000,97.17000000,97.43000000,230870.49000000
1787612400000,97.44000000,98.99000000,97.26000000,98.97000000,202452.66200000
1787616000000,98.98000000,102.77000000,98.56000000,101.77000000,897481.10900000
1787619600000,101.76000000,102.55000000,100.09000000,100.47000000,325354.55000000
1787623200000,100.48000000,102.35000000,100.21000000,100.92000000,398335.35400000
1787626800000,100.93000000,102.05000000,100.85000000,101.61000000,196984.86000000
1787630400000,101.61000000,101.73000000,100.82000000,101.33000000,175620.50800000
1787634000000,101.33000000,103.08000000,101.24000000,101.89000000,219172.07400000
1787637600000,101.89000000,102.07000000,100.42000000,100.76000000,170355.33700000
1787641200000,100.77000000,101.95000000,99.54000000,100.23000000,270802.36300000
1787644800000,100.24000000,101.13000000,99.73000000,100.41000000,175675.02000000
1787648400000,100.41000000,100.65000000,99.29000000,99.82000000,156336.65900000
1787652000000,99.82000000,99.90000000,99.05000000,99.64000000,139184.85900000
1787655600000,99.64000000,99.72000000,98.49000000,98.60000000,195657.11400000
1787659200000,98.61000000,98.82000000,97.48000000,98.60000000,187692.17500000
1787662800000,98.59000000,98.82000000,96.21000000,97.15000000,312462.81000000
1787666400000,97.16000000,98.42000000,96.91000000,98.21000000,185594.64700000
1787670000000,98.22000000,98.50000000,97.61000000,98.38000000,126346.86000000
1787673600000,98.38000000,98.66000000,97.77000000,98.19000000,114260.59500000
1787677200000,98.20000000,98.22000000,97.45000000,98.20000000,78495.41000000
1787680800000,98.20000000,98.83000000,98.07000000,98.50000000,113090.45900000
1787684400000,98.49000000,98.64000000,97.48000000,97.94000000,96231.24600000
1787688000000,97.95000000,98.05000000,96.64000000,96.68000000,134116.93700000
1787691600000,96.68000000,97.28000000,95.32000000,97.19000000,177304.41400000
1787695200000,97.19000000,97.77000000,97.15000000,97.22000000,55035.41100000
1787698800000,97.21000000,97.43000000,96.39000000,96.60000000,71341.65900000
1787702400000,96.60000000,96.94000000,96.17000000,96.66000000,119329.49300000
1787706000000,96.65000000,97.28000000,96.63000000,97.03000000,81334.67600000
1787709600000,97.04000000,97.56000000,96.79000000,97.28000000,56436.06600000
1787713200000,97.28000000,97.38000000,96.82000000,97.06000000,57544.72300000
1787716800000,97.06000000,97.32000000,96.56000000,96.63000000,83681.79700000
1787720400000,96.62000000,97.19000000,96.25000000,97.09000000,77510.68600000
1787724000000,97.09000000,97.33000000,96.52000000,96.80000000,58828.28600000
1787727600000,96.80000000,97.17000000,96.66000000,96.95000000,62210.39400000
1787731200000,96.95000000,97.40000000,96.70000000,96.81000000,46763.53600000
1787734800000,96.81000000,97.02000000,95.78000000,96.17000000,94258.55300000
1787738400000,96.16000000,97.88000000,96.00000000,97.48000000,110682.49900000
1787742000000,97.48000000,97.66000000,96.68000000,97.03000000,84420.92300000
1787745600000,97.04000000,97.57000000,96.05000000,97.02000000,137343.29000000
1787749200000,97.01000000,97.23000000,95.79000000,96.55000000,173923.91000000
1787752800000,96.55000000,96.98000000,95.41000000,95.48000000,139569.13600000
1787756400000,95.47000000,96.34000000,94.95000000,95.94000000,133527.90400000
1787760000000,95.93000000,96.19000000,95.47000000,95.95000000,69092.11300000
1787763600000,95.95000000,97.25000000,95.87000000,96.97000000,118134.69600000
1787767200000,96.98000000,97.16000000,96.63000000,96.84000000,72597.25500000
1787770800000,96.83000000,96.93000000,96.35000000,96.80000000,76312.39500000
1787774400000,96.79000000,97.04000000,96.30000000,96.93000000,54437.93700000
1787778000000,96.94000000,98.35000000,96.89000000,98.26000000,112908.41800000
1787781600000,98.26000000,100.92000000,98.07000000,99.70000000,301427.50000000
1787785200000,99.69000000,102.46000000,99.50000000,102.07000000,314646.98900000
1787788800000,102.08000000,102.14000000,100.59000000,100.59000000,169173.76300000
1787792400000,100.59000000,101.93000000,100.52000000,101.45000000,140859.95400000
1787796000000,101.44000000,101.94000000,100.87000000,101.17000000,106476.79800000
1787799600000,101.18000000,101.81000000,100.89000000,101.08000000,115192.50500000
1787803200000,101.09000000,101.55000000,100.70000000,101.09000000,122112.92600000
1787806800000,101.08000000,102.29000000,100.77000000,102.04000000,181960.50300000
1787810400000,102.04000000,102.06000000,100.88000000,101.28000000,160070.43300000
1787814000000,101.28000000,102.10000000,101.03000000,101.80000000,110369.25600000
1787817600000,101.81000000,105.06000000,101.73000000,104.66000000,527218.28700000
1787821200000,104.67000000,105.79000000,104.00000000,104.40000000,274234.75700000
1787824800000,104.40000000,105.03000000,103.10000000,104.10000000,272580.92700000
1787828400000,104.10000000,104.96000000,103.40000000,103.95000000,149666.12300000
1787832000000,103.95000000,104.77000000,103.93000000,104.43000000,113173.08000000
1787835600000,104.42000000,106.32000000,104.16000000,106.06000000,263661.73400000
1787839200000,106.06000000,107.94000000,105.21000000,106.80000000,544617.76200000
1787842800000,106.80000000,108.00000000,106.50000000,107.20000000,338525.92100000
1787846400000,107.20000000,109.49000000,106.87000000,108.94000000,333890.70600000
1787850000000,108.94000000,109.62000000,107.72000000,108.18000000,272471.17900000
1787853600000,108.19000000,108.39000000,106.69000000,108.39000000,207704.93400000
1787857200000,108.39000000,109.92000000,108.27000000,109.39000000,179532.04100000
1787860800000,109.39000000,109.77000000,108.44000000,109.03000000,146860.45900000
1787864400000,109.03000000,109.15000000,108.21000000,108.73000000,107292.57200000
1787868000000,108.73000000,110.60000000,108.73000000,109.20000000,221968.47100000
1787871600000,109.19000000,110.03000000,108.86000000,109.14000000,106376.49900000
1787875200000,109.15000000,110.00000000,108.67000000,109.11000000,218282.21500000
1787878800000,109.11000000,109.75000000,107.72000000,107.85000000,156286.34500000
1787882400000,107.84000000,107.97000000,106.16000000,106.52000000,179579.30500000
1787886000000,106.51000000,107.34000000,105.86000000,106.85000000,125224.85500000
1787889600000,106.84000000,107.66000000,106.26000000,106.79000000,94686.54700000
1787893200000,106.78000000,107.47000000,106.63000000,107.20000000,80746.38700000
1787896800000,107.21000000,107.85000000,107.19000000,107.54000000,92925.70000000
1787900400000,107.54000000,107.55000000,106.27000000,106.35000000,103741.43300000
1787904000000,106.35000000,106.88000000,105.77000000,106.04000000,88857.89000000
1787907600000,106.04000000,106.62000000,105.52000000,105.93000000,107712.34000000
1787911200000,105.94000000,106.22000000,104.53000000,106.20000000,169794.08900000
1787914800000,106.19000000,107.05000000,105.56000000,105.84000000,190058.87000000
1787918400000,105.84000000,106.01000000,104.55000000,104.89000000,247139.16900000
1787922000000,104.88000000,105.61000000,104.65000000,105.18000000,189939.29000000
1787925600000,105.17000000,106.70000000,103.63000000,106.31000000,615367.18800000
1787929200000,106.31000000,107.94000000,105.21000000,105.24000000,365591.73000000
1787932800000,105.25000000,105.72000000,103.00000000,105.16000000,586611.72900000
1787936400000,105.16000000,105.26000000,104.30000000,104.67000000,191449.13600000
1787940000000,104.67000000,104.72000000,102.28000000,103.12000000,236491.44400000
1787943600000,103.11000000,103.88000000,103.01000000,103.41000000,151546.78500000
1787947200000,103.40000000,104.31000000,102.82000000,103.86000000,89759.22900000
1787950800000,103.86000000,104.03000000,103.27000000,103.44000000,57741.63400000
1787954400000,103.45000000,104.21000000,103.41000000,104.14000000,75169.77400000
1787958000000,104.13000000,104.39000000,103.98000000,104.15000000,47355.35700000
1787961600000,104.14000000,104.59000000,103.86000000,103.91000000,50051.92800000
1787965200000,103.91000000,104.37000000,103.80000000,104.17000000,64108.71600000
1787968800000,104.17000000,104.41000000,103.66000000,103.95000000,68283.04500000
1787972400000,103.94000000,104.24000000,103.82000000,103.87000000,60285.89600000
1787976000000,103.88000000,104.05000000,103.46000000,103.87000000,64174.21200000
1787979600000,103.88000000,104.20000000,103.82000000,104.02000000,47055.05000000
1787983200000,104.02000000,104.02000000,103.32000000,103.59000000,44181.91900000
1787986800000,103.59000000,103.98000000,103.58000000,103.74000000,35304.73200000
1787990400000,103.73000000,103.73000000,103.11000000,103.46000000,47755.55900000
1787994000000,103.47000000,103.63000000,103.30000000,103.33000000,55674.40300000
1787997600000,103.33000000,103.60000000,103.03000000,103.45000000,44071.65400000
1788001200000,103.44000000,103.71000000,103.41000000,103.50000000,19678.88700000
1788004800000,103.51000000,104.01000000,103.38000000,103.62000000,43934.77300000
1788008400000,103.61000000,103.97000000,103.51000000,103.80000000,36495.59500000
1788012000000,103.80000000,105.50000000,103.79000000,105.38000000,151794.13400000
1788015600000,105.39000000,105.51000000,104.65000000,105.03000000,92382.64800000
1788019200000,105.03000000,105.39000000,104.84000000,104.87000000,132739.08600000
1788022800000,104.87000000,105.15000000,104.37000000,104.87000000,61198.34800000
1788026400000,104.87000000,105.30000000,104.75000000,105.13000000,76082.80900000
1788030000000,105.13000000,105.88000000,105.12000000,105.35000000,81612.37500000
1788033600000,105.36000000,105.52000000,105.07000000,105.23000000,35687.08800000
1788037200000,105.23000000,105.40000000,104.76000000,105.05000000,54734.27400000
1788040800000,105.04000000,105.56000000,104.90000000,105.51000000,24460.83100000
1788044400000,105.52000000,105.78000000,105.42000000,105.61000000,46744.53600000
1788048000000,105.61000000,105.71000000,105.23000000,105.25000000,48518.09100000
1788051600000,105.26000000,105.39000000,105.01000000,105.24000000,49372.24100000
1788055200000,105.24000000,105.49000000,105.18000000,105.22000000,44830.24600000
1788058800000,105.22000000,105.34000000,104.96000000,105.07000000,31642.02700000
1788062400000,105.07000000,105.13000000,104.68000000,105.11000000,37178.98400000
1788066000000,105.12000000,105.27000000,104.91000000,105.08000000,23861.49100000
1788069600000,105.07000000,105.42000000,104.89000000,105.41000000,25097.34100000
1788073200000,105.42000000,105.44000000,104.72000000,104.85000000,28505.88800000
1788076800000,104.84000000,105.08000000,104.47000000,104.75000000,47694.82700000
1788080400000,104.75000000,104.97000000,104.47000000,104.60000000,43552.09900000
1788084000000,104.60000000,105.24000000,104.50000000,105.09000000,46764.55400000
1788087600000,105.10000000,105.32000000,104.93000000,105.12000000,42799.76400000
1788091200000,105.11000000,106.19000000,105.08000000,106.11000000,113046.11200000
1788094800000,106.11000000,107.48000000,105.87000000,107.13000000,173924.21200000
1788098400000,107.12000000,107.25000000,106.63000000,106.73000000,91819.25900000
1788102000000,106.73000000,106.84000000,105.98000000,106.29000000,108377.10300000
1788105600000,106.29000000,107.15000000,106.13000000,106.91000000,131120.85400000
1788109200000,106.90000000,106.90000000,105.26000000,106.42000000,154916.37500000
1788112800000,106.41000000,106.86000000,106.03000000,106.68000000,72918.28300000
1788116400000,106.69000000,106.82000000,105.45000000,105.82000000,84855.09500000
1788120000000,105.82000000,106.03000000,104.42000000,104.77000000,132243.03700000
1788123600000,104.77000000,104.79000000,103.38000000,104.45000000,129683.48600000
1788127200000,104.46000000,104.75000000,103.33000000,103.82000000,100572.01200000
1788130800000,103.82000000,103.82000000,100.31000000,101.75000000,306193.11200000
1788134400000,101.75000000,102.62000000,101.12000000,102.14000000,116407.85100000
1788138000000,102.14000000,102.26000000,101.40000000,101.52000000,95435.19300000
1788141600000,101.51000000,102.35000000,101.18000000,101.45000000,87015.46300000
1788145200000,101.46000000,102.21000000,101.29000000,101.94000000,72820.86200000
1788148800000,101.95000000,102.00000000,100.90000000,101.45000000,99617.65400000
1788152400000,101.44000000,103.04000000,101.27000000,102.63000000,144212.99700000
1788156000000,102.63000000,102.89000000,102.34000000,102.72000000,95658.26800000
1788159600000,102.73000000,103.18000000,102.64000000,102.98000000,91950.74000000
1788163200000,102.99000000,103.47000000,102.46000000,103.24000000,109099.34200000
1788166800000,103.23000000,103.49000000,103.00000000,103.09000000,79525.00200000
1788170400000,103.09000000,104.07000000,102.66000000,103.68000000,88002.21000000
1788174000000,103.68000000,104.17000000,103.27000000,103.40000000,69407.39200000
1788177600000,103.40000000,103.76000000,102.50000000,102.76000000,99975.54100000
1788181200000,102.77000000,103.08000000,102.18000000,102.36000000,104760.43100000
1788184800000,102.36000000,103.93000000,102.21000000,103.53000000,125855.02600000
1788188400000,103.54000000,103.67000000,102.77000000,102.88000000,92327.84600000
1788192000000,102.88000000,103.33000000,102.45000000,102.83000000,93418.89400000
1788195600000,102.84000000,103.80000000,102.65000000,103.64000000,89651.01300000
1788199200000,103.64000000,105.00000000,103.38000000,104.47000000,125162.80000000
1788202800000,104.47000000,104.76000000,103.55000000,103.61000000,80170.20700000
1788206400000,103.60000000,104.29000000,103.53000000,103.75000000,58310.86200000
1788210000000,103.74000000,103.97000000,103.24000000,103.67000000,76404.82500000
1788213600000,103.67000000,103.79000000,103.12000000,103.21000000,32603.45000000
1788217200000,103.20000000,103.22000000,102.88000000,103.06000000,34078.19000000
1788220800000,103.06000000,103.55000000,102.94000000,103.19000000,76365.63800000
1788224400000,103.20000000,103.53000000,102.74000000,103.26000000,68075.41300000
1788228000000,103.25000000,103.46000000,102.81000000,103.40000000,43510.40200000
1788231600000,103.41000000,104.20000000,103.29000000,103.66000000,61280.02600000
1788235200000,103.66000000,104.09000000,103.54000000,103.63000000,52919.73200000
1788238800000,103.64000000,104.38000000,103.59000000,104.31000000,76106.29600000
1788242400000,104.31000000,104.31000000,103.36000000,103.38000000,98826.02300000
1788246000000,103.38000000,103.57000000,102.80000000,103.15000000,115224.96000000
1788249600000,103.15000000,103.22000000,101.80000000,102.07000000,151894.68600000
1788253200000,102.08000000,102.28000000,101.87000000,101.98000000,81718.61000000
1788256800000,101.98000000,102.74000000,101.95000000,102.38000000,118879.46300000
1788260400000,102.38000000,102.63000000,102.08000000,102.29000000,112124.11300000
1788264000000,102.28000000,102.49000000,101.41000000,101.94000000,95397.27500000
1788267600000,101.93000000,102.49000000,101.33000000,101.96000000,141999.76600000
1788271200000,101.96000000,102.59000000,101.86000000,102.03000000,106378.42500000
1788274800000,102.02000000,102.35000000,101.01000000,102.05000000,133010.82100000
1788278400000,102.05000000,102.07000000,100.62000000,100.94000000,131888.66400000
1788282000000,100.93000000,101.25000000,100.45000000,100.60000000,114887.97700000
1788285600000,100.60000000,100.71000000,98.33000000,99.61000000,288886.51100000
1788289200000,99.61000000,100.33000000,99.52000000,100.08000000,119780.92500000
1788292800000,100.09000000,100.35000000,99.67000000,100.11000000,82704.25900000
1788296400000,100.11000000,100.22000000,98.94000000,99.61000000,98364.21000000
1788300000000,99.60000000,99.95000000,99.33000000,99.69000000,71610.14900000
1788303600000,99.69000000,100.25000000,99.61000000,100.00000000,50839.99700000
1788307200000,100.01000000,100.28000000,99.62000000,99.67000000,81785.25400000
1788310800000,99.66000000,99.94000000,98.52000000,99.09000000,97142.44400000
1788314400000,99.09000000,99.93000000,98.77000000,99.93000000,117245.79300000
1788318000000,99.93000000,100.71000000,99.84000000,100.29000000,79683.03400000
1788321600000,100.30000000,100.31000000,99.74000000,100.10000000,50600.99700000
1788325200000,100.10000000,100.40000000,99.77000000,100.27000000,46063.54900000
1788328800000,100.27000000,100.39000000,99.68000000,100.08000000,50499.18700000
1788332400000,100.09000000,100.43000000,99.83000000,99.85000000,45691.55700000
1788336000000,99.85000000,100.02000000,98.80000000,99.01000000,66760.38600000
1788339600000,99.01000000,99.34000000,98.20000000,98.64000000,93908.28800000
1788343200000,98.63000000,98.67000000,97.45000000,98.23000000,172983.58000000
1788346800000,98.22000000,98.28000000,97.38000000,98.12000000,90589.01800000
1788350400000,98.11000000,98.51000000,97.65000000,97.70000000,64787.10100000
1788354000000,97.71000000,99.67000000,97.70000000,99.21000000,124550.69100000
1788357600000,99.21000000,99.80000000,98.91000000,98.92000000,104427.25700000
1788361200000,98.92000000,99.53000000,98.47000000,99.33000000,112237.80600000
1788364800000,99.33000000,99.81000000,98.78000000,98.81000000,105573.50400000
1788368400000,98.81000000,99.33000000,98.21000000,99.33000000,101359.46200000
1788372000000,99.33000000,99.69000000,99.17000000,99.52000000,66963.48300000
1788375600000,99.52000000,99.64000000,99.07000000,99.43000000,38520.53500000
1788379200000,99.43000000,100.03000000,99.34000000,99.71000000,87983.95700000
1788382800000,99.72000000,99.85000000,99.44000000,99.66000000,38098.61100000
1788386400000,99.66000000,99.77000000,99.21000000,99.54000000,41128.94500000
1788390000000,99.54000000,100.53000000,99.42000000,100.43000000,57709.73600000
1788393600000,100.44000000,100.46000000,99.50000000,99.52000000,76038.81700000
1788397200000,99.52000000,100.62000000,99.23000000,100.17000000,101209.80700000
1788400800000,100.16000000,101.34000000,99.96000000,101.11000000,119833.72700000
1788404400000,101.12000000,101.20000000,100.20000000,100.51000000,98703.37800000
1788408000000,100.52000000,100.99000000,100.08000000,100.98000000,73346.82700000
1788411600000,100.99000000,101.04000000,99.72000000,100.87000000,94308.08800000
1788415200000,100.88000000,101.00000000,100.59000000,100.89000000,57088.87600000
1788418800000,100.90000000,101.39000000,100.28000000,100.41000000,116054.68500000
1788422400000,100.41000000,101.13000000,100.39000000,100.63000000,65233.58100000
1788426000000,100.64000000,100.80000000,100.12000000,100.17000000,63455.40000000
1788429600000,100.16000000,100.49000000,99.93000000,100.44000000,68195.66400000
1788433200000,100.44000000,100.99000000,100.33000000,100.81000000,74362.13200000
1788436800000,100.80000000,101.84000000,100.63000000,101.67000000,133979.25800000
1788440400000,101.68000000,102.02000000,101.11000000,101.49000000,116783.93000000
1788444000000,101.49000000,104.86000000,101.25000000,104.81000000,342577.03900000
1788447600000,104.81000000,105.66000000,103.78000000,105.17000000,396468.63900000
1788451200000,105.17000000,105.19000000,103.85000000,104.56000000,188619.87300000
1788454800000,104.57000000,105.21000000,104.40000000,105.10000000,114106.43000000
1788458400000,105.10000000,105.28000000,104.63000000,105.22000000,79121.55800000
1788462000000,105.22000000,105.91000000,105.05000000,105.28000000,108680.49100000
1788465600000,105.29000000,105.47000000,104.76000000,104.91000000,82867.22200000
1788469200000,104.91000000,105.72000000,104.77000000,105.20000000,103597.55400000
1788472800000,105.19000000,105.32000000,103.66000000,104.15000000,106963.23500000
1788476400000,104.15000000,104.24000000,103.83000000,103.94000000,74076.84900000
1788480000000,103.95000000,104.33000000,103.44000000,103.48000000,141730.46100000
1788483600000,103.49000000,103.87000000,103.24000000,103.81000000,78984.17800000
1788487200000,103.81000000,103.82000000,103.34000000,103.79000000,59957.26200000
1788490800000,103.79000000,104.14000000,103.71000000,103.72000000,38415.00200000
1788494400000,103.72000000,104.37000000,103.60000000,103.91000000,64013.44500000
1788498000000,103.90000000,104.06000000,103.46000000,103.71000000,56802.35200000
1788501600000,103.70000000,104.06000000,103.34000000,103.62000000,48552.64800000
1788505200000,103.62000000,104.05000000,103.55000000,103.60000000,121737.28700000
1788508800000,103.61000000,104.51000000,103.21000000,104.39000000,155736.69600000
1788512400000,104.39000000,104.79000000,103.97000000,104.06000000,122308.13800000
1788516000000,104.07000000,104.15000000,103.56000000,104.14000000,66778.84600000
1788519600000,104.14000000,104.51000000,103.96000000,104.09000000,67812.52500000
1788523200000,104.09000000,104.45000000,100.21000000,101.59000000,462417.00900000
1788526800000,101.58000000,102.28000000,101.03000000,101.67000000,190180.24700000
1788530400000,101.67000000,101.82000000,100.31000000,100.81000000,148398.40500000
1788534000000,100.80000000,101.68000000,100.67000000,101.46000000,100451.62500000
1788537600000,101.45000000,102.09000000,101.35000000,101.83000000,50028.21000000
1788541200000,101.83000000,101.86000000,101.08000000,101.24000000,58038.85400000
1788544800000,101.25000000,101.70000000,101.22000000,101.65000000,37806.90000000
1788548400000,101.66000000,101.96000000,101.63000000,101.69000000,47045.01200000
1788552000000,101.70000000,101.87000000,101.62000000,101.76000000,40053.61000000
1788555600000,101.76000000,101.94000000,101.47000000,101.57000000,43925.27000000
1788559200000,101.58000000,101.87000000,101.57000000,101.74000000,28379.29100000
1788562800000,101.74000000,101.98000000,101.66000000,101.93000000,17269.23000000
1788566400000,101.93000000,102.01000000,101.72000000,101.81000000,42522.40100000
1788570000000,101.82000000,102.20000000,101.74000000,101.87000000,53509.42400000
1788573600000,101.86000000,101.99000000,101.70000000,101.98000000,45310.32800000
1788577200000,101.98000000,102.02000000,101.76000000,101.89000000,27067.52600000
1788580800000,101.89000000,101.94000000,101.70000000,101.75000000,47838.33600000
1788584400000,101.76000000,101.94000000,101.60000000,101.86000000,41749.82900000
1788588000000,101.87000000,102.40000000,101.82000000,102.29000000,43250.33000000
1788591600000,102.29000000,102.62000000,102.17000000,102.23000000,60737.54800000
1788595200000,102.22000000,102.60000000,102.11000000,102.59000000,58928.19000000
1788598800000,102.58000000,102.82000000,102.52000000,102.55000000,39442.00700000
1788602400000,102.55000000,102.71000000,102.39000000,102.51000000,39026.59400000
1788606000000,102.52000000,102.58000000,102.22000000,102.35000000,43905.92400000
1788609600000,102.34000000,103.24000000,102.29000000,103.23000000,86704.39500000
1788613200000,103.23000000,103.43000000,102.56000000,102.65000000,139711.86900000
1788616800000,102.65000000,102.96000000,102.64000000,102.87000000,110661.70600000
1788620400000,102.86000000,102.99000000,102.64000000,102.95000000,71493.77600000
1788624000000,102.95000000,103.53000000,102.79000000,103.40000000,133833.15300000
1788627600000,103.40000000,104.31000000,103.28000000,104.22000000,173418.29900000
1788631200000,104.23000000,104.37000000,103.74000000,103.92000000,52784.42300000
1788634800000,103.92000000,103.97000000,103.22000000,103.41000000,59095.03200000
1788638400000,103.40000000,103.62000000,103.13000000,103.23000000,64766.12900000
1788642000000,103.23000000,103.99000000,103.22000000,103.73000000,39294.28000000
1788645600000,103.74000000,103.87000000,103.22000000,103.38000000,43961.25400000
1788649200000,103.38000000,103.39000000,102.94000000,103.18000000,48762.75100000
1788652800000,103.18000000,103.52000000,103.17000000,103.31000000,44511.72600000
1788656400000,103.30000000,104.21000000,103.26000000,104.05000000,92040.98500000
1788660000000,104.05000000,104.74000000,103.88000000,104.36000000,79559.85700000
1788663600000,104.37000000,107.07000000,104.35000000,105.95000000,275790.09600000
1788667200000,105.95000000,106.36000000,105.59000000,105.75000000,112938.12200000
1788670800000,105.74000000,106.83000000,105.48000000,106.44000000,109315.87600000
1788674400000,106.44000000,106.45000000,105.32000000,105.37000000,96786.35800000
1788678000000,105.37000000,105.57000000,104.69000000,105.23000000,120337.02700000
1788681600000,105.24000000,105.41000000,105.00000000,105.20000000,67404.83300000
1788685200000,105.20000000,107.30000000,105.18000000,106.50000000,287147.83600000
1788688800000,106.49000000,106.94000000,106.37000000,106.65000000,140386.83500000
1788692400000,106.66000000,106.73000000,106.27000000,106.47000000,66755.52600000
1788696000000,106.46000000,107.36000000,106.37000000,106.81000000,138565.37800000
1788699600000,106.81000000,107.17000000,105.92000000,107.08000000,157367.20700000
1788703200000,107.09000000,107.12000000,105.17000000,105.74000000,204032.69700000
1788706800000,105.74000000,105.99000000,104.93000000,105.76000000,126276.02400000
1788710400000,105.75000000,106.38000000,105.49000000,106.09000000,79216.30500000
1788714000000,106.09000000,106.44000000,105.57000000,106.19000000,82219.66400000
1788717600000,106.20000000,106.59000000,105.85000000,105.98000000,61540.74500000
1788721200000,105.98000000,105.99000000,105.36000000,105.48000000,58327.19100000
1788724800000,105.49000000,105.87000000,105.36000000,105.73000000,54695.56200000
1788728400000,105.73000000,106.25000000,105.73000000,105.93000000,53505.66000000
1788732000000,105.93000000,106.04000000,104.97000000,105.85000000,89941.83900000
1788735600000,105.86000000,106.77000000,105.81000000,106.55000000,93587.57100000
1788739200000,106.55000000,106.65000000,105.89000000,106.16000000,107983.36500000
1788742800000,106.16000000,106.35000000,105.06000000,105.32000000,96919.13200000
1788746400000,105.33000000,107.06000000,104.93000000,105.80000000,136671.39600000
1788750000000,105.80000000,105.90000000,104.93000000,104.95000000,120130.81700000
1788753600000,104.95000000,105.30000000,104.75000000,105.09000000,112469.26400000
1788757200000,105.09000000,105.83000000,105.05000000,105.12000000,84038.37300000
1788760800000,105.13000000,105.40000000,104.87000000,105.08000000,83555.89900000
1788764400000,105.08000000,105.54000000,103.80000000,104.48000000,189914.19100000
1788768000000,104.48000000,104.90000000,104.41000000,104.71000000,93508.04800000
1788771600000,104.70000000,105.18000000,104.60000000,104.66000000,102739.60600000
1788775200000,104.67000000,105.15000000,104.66000000,105.01000000,57899.92600000
1788778800000,105.01000000,105.14000000,104.74000000,104.92000000,56852.88700000
1788782400000,104.93000000,105.93000000,104.90000000,105.74000000,80493.06400000
1788786000000,105.74000000,105.84000000,104.83000000,105.09000000,92086.86100000
1788789600000,105.08000000,105.19000000,104.03000000,104.66000000,142432.88200000
1788793200000,104.66000000,104.67000000,102.96000000,103.26000000,171681.86900000
1788796800000,103.27000000,103.88000000,103.21000000,103.88000000,57530.61000000
1788800400000,103.87000000,104.25000000,103.80000000,104.00000000,54107.30700000
1788804000000,104.00000000,104.09000000,103.58000000,103.91000000,70306.46600000
1788807600000,103.91000000,104.43000000,103.81000000,104.35000000,39785.06800000
1788811200000,104.36000000,104.41000000,103.92000000,104.10000000,52995.71300000
1788814800000,104.10000000,104.16000000,103.80000000,103.91000000,39207.06500000
1788818400000,103.91000000,104.07000000,103.18000000,103.55000000,74062.05500000
1788822000000,103.54000000,104.04000000,103.50000000,103.80000000,78949.97300000
1788825600000,103.81000000,104.16000000,103.45000000,104.09000000,72379.60000000
1788829200000,104.09000000,104.43000000,104.01000000,104.39000000,75150.02700000
1788832800000,104.40000000,104.53000000,103.29000000,103.30000000,83035.41500000
1788836400000,103.29000000,103.45000000,102.74000000,103.36000000,116641.98800000
1788840000000,103.36000000,103.46000000,103.00000000,103.00000000,62233.43900000
1788843600000,103.01000000,103.51000000,102.89000000,102.96000000,103270.61300000
1788847200000,102.97000000,103.10000000,102.44000000,102.68000000,125172.14900000
1788850800000,102.69000000,103.14000000,102.61000000,102.95000000,69437.37600000
1788854400000,102.95000000,103.50000000,102.49000000,103.05000000,75495.41000000
1788858000000,103.04000000,103.85000000,102.93000000,103.69000000,73487.89700000
1788861600000,103.70000000,104.09000000,103.39000000,103.39000000,73114.01700000
1788865200000,103.40000000,103.46000000,102.66000000,102.87000000,77338.62100000
1788868800000,102.88000000,103.33000000,102.50000000,103.09000000,68763.19800000
1788872400000,103.09000000,103.17000000,101.72000000,102.69000000,135205.65200000
1788876000000,102.68000000,103.44000000,102.45000000,103.33000000,111004.93200000
1788879600000,103.33000000,104.39000000,103.24000000,104.31000000,106447.85900000
1788883200000,104.30000000,104.83000000,103.60000000,104.20000000,118761.93800000
1788886800000,104.20000000,104.44000000,103.69000000,103.98000000,39399.58000000
