timestamp,open,high,low,close,volume
1757354400000,0.33230000,0.33240000,0.33170000,0.33190000,9354410.90000000
1757358000000,0.33190000,0.33210000,0.33080000,0.33090000,9398630.00000000
1757361600000,0.33090000,0.33130000,0.33080000,0.33110000,3687524.90000000
1757365200000,0.33110000,0.33170000,0.33090000,0.33170000,7018701.00000000
1757368800000,0.33160000,0.33250000,0.33110000,0.33120000,14547487.50000000
1757372400000,0.33120000,0.33150000,0.33090000,0.33130000,6849203.00000000
1757376000000,0.33130000,0.33150000,0.33020000,0.33050000,10738220.60000000
1757379600000,0.33060000,0.33110000,0.33000000,0.33030000,12044486.60000000
1757383200000,0.33030000,0.33050000,0.32980000,0.33000000,4132258.60000000
1757386800000,0.32990000,0.33090000,0.32990000,0.33090000,5425700.40000000
1757390400000,0.33080000,0.33140000,0.33040000,0.33140000,6948501.50000000
1757394000000,0.33140000,0.33180000,0.33080000,0.33180000,7444173.90000000
1757397600000,0.33180000,0.33720000,0.33170000,0.33500000,72139580.40000000
1757401200000,0.33490000,0.33530000,0.33420000,0.33490000,18841084.80000000
1757404800000,0.33480000,0.33840000,0.33480000,0.33700000,71111400.20000000
1757408400000,0.33700000,0.33910000,0.33680000,0.33760000,30301302.50000000
1757412000000,0.33760000,0.33780000,0.33680000,0.33710000,7519479.90000000
1757415600000,0.33710000,0.33780000,0.33690000,0.33710000,6657464.00000000
1757419200000,0.33710000,0.33780000,0.33690000,0.33740000,5852034.40000000
1757422800000,0.33750000,0.33850000,0.33710000,0.33820000,12270783.80000000
1757426400000,0.33820000,0.33840000,0.33610000,0.33660000,34113263.30000000
1757430000000,0.33660000,0.33680000,0.33430000,0.33440000,22386947.60000000
1757433600000,0.33440000,0.33460000,0.33420000,0.33460000,4191398.90000000
1757437200000,0.33460000,0.33460000,0.33410000,0.33430000,2635192.20000000
1757440800000,0.33430000,0.33460000,0.33400000,0.33410000,2440191.20000000
1757444400000,0.33400000,0.33450000,0.33390000,0.33440000,2545598.90000000
1757448000000,0.33450000,0.33460000,0.33400000,0.33450000,4701672.10000000
1757451600000,0.33450000,0.33470000,0.33420000,0.33430000,3845587.60000000
1757455200000,0.33430000,0.33580000,0.33420000,0.33580000,30424578.10000000
1757458800000,0.33570000,0.33600000,0.33480000,0.33510000,6799668.40000000
1757462400000,0.33510000,0.33530000,0.33460000,0.33520000,6221121.00000000
1757466000000,0.33520000,0.33590000,0.33500000,0.33550000,8989257.70000000
1757469600000,0.33550000,0.33610000,0.33530000,0.33540000,11833259.50000000
1757473200000,0.33540000,0.33570000,0.33490000,0.33520000,9716969.00000000
1757476800000,0.33520000,0.33530000,0.33460000,0.33530000,7061463.00000000
1757480400000,0.33520000,0.33600000,0.33520000,0.33570000,10247591.90000000
1757484000000,0.33580000,0.33660000,0.33550000,0.33650000,4822727.90000000
1757487600000,0.33640000,0.33690000,0.33620000,0.33680000,7095420.60000000
1757491200000,0.33680000,0.33740000,0.33660000,0.33680000,6037314.10000000
1757494800000,0.33670000,0.33750000,0.33630000,0.33750000,9331468.00000000
1757498400000,0.33750000,0.33750000,0.33670000,0.33720000,5729748.80000000
1757502000000,0.33720000,0.33750000,0.33670000,0.33670000,4277728.00000000
1757505600000,0.33680000,0.33840000,0.33660000,0.33820000,21390730.80000000
1757509200000,0.33830000,0.33970000,0.33790000,0.33910000,23489096.70000000
1757512800000,0.33910000,0.34000000,0.33900000,0.33910000,13444908.80000000
1757516400000,0.33920000,0.33920000,0.33840000,0.33870000,7826974.80000000
1757520000000,0.33860000,0.33920000,0.33800000,0.33920000,11179683.10000000
1757523600000,0.33920000,0.34020000,0.33900000,0.33960000,15587671.50000000
1757527200000,0.33960000,0.33990000,0.33920000,0.33940000,4726197.00000000
1757530800000,0.33950000,0.33950000,0.33800000,0.33830000,12171283.00000000
1757534400000,0.33840000,0.33880000,0.33810000,0.33810000,5131517.50000000
1757538000000,0.33820000,0.33870000,0.33800000,0.33860000,4596252.10000000
1757541600000,0.33860000,0.33910000,0.33850000,0.33860000,6639815.30000000
1757545200000,0.33870000,0.33900000,0.33810000,0.33830000,7327843.10000000
1757548800000,0.33830000,0.34050000,0.33800000,0.34010000,21007133.10000000
1757552400000,0.34010000,0.34150000,0.33990000,0.34120000,18695295.00000000
1757556000000,0.34120000,0.34180000,0.34080000,0.34160000,9389304.40000000
1757559600000,0.34160000,0.34280000,0.34140000,0.34270000,14839067.90000000
1757563200000,0.34280000,0.34350000,0.34230000,0.34280000,14309212.10000000
1757566800000,0.34280000,0.34480000,0.34260000,0.34480000,19306185.10000000
1757570400000,0.34480000,0.34530000,0.34410000,0.34470000,12259743.60000000
1757574000000,0.34460000,0.34550000,0.34430000,0.34520000,11199946.10000000
1757577600000,0.34530000,0.34590000,0.34510000,0.34530000,10395480.50000000
1757581200000,0.34520000,0.34530000,0.34460000,0.34510000,9104139.80000000
1757584800000,0.34510000,0.34570000,0.34500000,0.34550000,8022124.90000000
1757588400000,0.34550000,0.34760000,0.34540000,0.34710000,23506911.70000000
1757592000000,0.34710000,0.34800000,0.34460000,0.34600000,62887102.30000000
1757595600000,0.34600000,0.34610000,0.34450000,0.34560000,23983247.40000000
1757599200000,0.34560000,0.34580000,0.34430000,0.34530000,17113692.70000000
1757602800000,0.34530000,0.34620000,0.34480000,0.34490000,14795732.20000000
1757606400000,0.34490000,0.34580000,0.34480000,0.34570000,6886325.60000000
1757610000000,0.34560000,0.34650000,0.34500000,0.34560000,16483100.60000000
1757613600000,0.34550000,0.34560000,0.34500000,0.34500000,6844116.30000000
1757617200000,0.34500000,0.34570000,0.34470000,0.34550000,8125022.50000000
1757620800000,0.34550000,0.34590000,0.34540000,0.34540000,1851918.00000000
1757624400000,0.34550000,0.34560000,0.34520000,0.34530000,2991014.80000000
1757628000000,0.34530000,0.34650000,0.34500000,0.34640000,10908069.20000000
1757631600000,0.34640000,0.34700000,0.34620000,0.34630000,7271533.30000000
1757635200000,0.34630000,0.34910000,0.34620000,0.34900000,23909367.90000000
1757638800000,0.34910000,0.34960000,0.34800000,0.34800000,13281396.00000000
1757642400000,0.34810000,0.34880000,0.34780000,0.34810000,10172810.70000000
1757646000000,0.34800000,0.34910000,0.34780000,0.34870000,17768291.10000000
1757649600000,0.34880000,0.34960000,0.34840000,0.34960000,7626890.30000000
1757653200000,0.34960000,0.34980000,0.34790000,0.34910000,17703125.20000000
1757656800000,0.34900000,0.34950000,0.34870000,0.34900000,6804626.90000000
1757660400000,0.34900000,0.34930000,0.34830000,0.34860000,8752494.10000000
1757664000000,0.34860000,0.34880000,0.34810000,0.34840000,6159846.20000000
1757667600000,0.34850000,0.34870000,0.34810000,0.34840000,5449214.10000000
1757671200000,0.34840000,0.34840000,0.34770000,0.34840000,7598984.50000000
1757674800000,0.34830000,0.34890000,0.34820000,0.34850000,7006259.30000000
1757678400000,0.34850000,0.34880000,0.34800000,0.34870000,7818732.80000000
1757682000000,0.34880000,0.34890000,0.34740000,0.34810000,13815406.10000000
1757685600000,0.34810000,0.34940000,0.34780000,0.34870000,20227076.90000000
1757689200000,0.34870000,0.34880000,0.34800000,0.34860000,7933657.90000000
1757692800000,0.34860000,0.34970000,0.34810000,0.34970000,9889900.80000000
1757696400000,0.34970000,0.35030000,0.34930000,0.34980000,15801745.70000000
1757700000000,0.34980000,0.35010000,0.34950000,0.35010000,3888727.40000000
1757703600000,0.35010000,0.35100000,0.34980000,0.35100000,11647331.20000000
1757707200000,0.35100000,0.35180000,0.35020000,0.35100000,17301521.60000000
1757710800000,0.35100000,0.35110000,0.35040000,0.35050000,4461037.10000000
1757714400000,0.35050000,0.35260000,0.35040000,0.35180000,17660672.00000000
1757718000000,0.35190000,0.35260000,0.35150000,0.35250000,8637635.40000000
1757721600000,0.35250000,0.35260000,0.35170000,0.35220000,7987084.70000000
1757725200000,0.35230000,0.35250000,0.35180000,0.35180000,4983638.80000000
1757728800000,0.35190000,0.35220000,0.35150000,0.35170000,8438360.50000000
1757732400000,0.35170000,0.35340000,0.35160000,0.35330000,11867473.00000000
1757736000000,0.35340000,0.35360000,0.35310000,0.35350000,3723799.80000000
1757739600000,0.35360000,0.35470000,0.35300000,0.35450000,19392870.40000000
1757743200000,0.35440000,0.35470000,0.35340000,0.35340000,9862305.70000000
1757746800000,0.35340000,0.35350000,0.35180000,0.35210000,16850975.80000000
1757750400000,0.35210000,0.35370000,0.35200000,0.35320000,9102642.80000000
1757754000000,0.35320000,0.35390000,0.35290000,0.35330000,13571444.50000000
1757757600000,0.35330000,0.35360000,0.35270000,0.35290000,9570759.90000000
1757761200000,0.35290000,0.35310000,0.35240000,0.35280000,6610153.50000000
1757764800000,0.35280000,0.35320000,0.35260000,0.35320000,2683395.30000000
1757768400000,0.35310000,0.35330000,0.35170000,0.35190000,18446845.00000000
1757772000000,0.35180000,0.35190000,0.35060000,0.35080000,22065260.20000000
1757775600000,0.35090000,0.35120000,0.34970000,0.35000000,14423745.30000000
1757779200000,0.35000000,0.35010000,0.34700000,0.34840000,26466628.30000000
1757782800000,0.34840000,0.34930000,0.34780000,0.34930000,17092549.60000000
1757786400000,0.34920000,0.34970000,0.34850000,0.34960000,8190687.40000000
1757790000000,0.34960000,0.35010000,0.34930000,0.34940000,5529951.70000000
1757793600000,0.34940000,0.35010000,0.34930000,0.34950000,5387725.50000000
1757797200000,0.34950000,0.34990000,0.34930000,0.34950000,4874614.60000000
1757800800000,0.34950000,0.34980000,0.34940000,0.34960000,2578430.90000000
1757804400000,0.34970000,0.34980000,0.34940000,0.34970000,1845763.20000000
1757808000000,0.34970000,0.35020000,0.34950000,0.34980000,5038776.80000000
1757811600000,0.34990000,0.35060000,0.34930000,0.35060000,10465750.40000000
1757815200000,0.35060000,0.35120000,0.35040000,0.35080000,6697079.40000000
1757818800000,0.35070000,0.35120000,0.35030000,0.35040000,7610239.60000000
1757822400000,0.35040000,0.35090000,0.34950000,0.35080000,14500169.80000000
1757826000000,0.35080000,0.35180000,0.35070000,0.35180000,6695832.80000000
1757829600000,0.35180000,0.35190000,0.35030000,0.35060000,8650842.70000000
1757833200000,0.35070000,0.35070000,0.34980000,0.35010000,6225712.90000000
1757836800000,0.35000000,0.35030000,0.34960000,0.34970000,5064279.40000000
1757840400000,0.34960000,0.35020000,0.34940000,0.35010000,6807695.90000000
1757844000000,0.35010000,0.35060000,0.35000000,0.35050000,3106998.30000000
1757847600000,0.35050000,0.35080000,0.34850000,0.34870000,16782715.20000000
1757851200000,0.34860000,0.34930000,0.34830000,0.34880000,10778591.30000000
1757854800000,0.34870000,0.34920000,0.34800000,0.34820000,11309513.70000000
1757858400000,0.34820000,0.34910000,0.34690000,0.34760000,26124901.90000000
1757862000000,0.34750000,0.34760000,0.34650000,0.34720000,16361884.20000000
1757865600000,0.34710000,0.34830000,0.34710000,0.34780000,11375035.90000000
1757869200000,0.34770000,0.34840000,0.34760000,0.34830000,6208095.90000000
1757872800000,0.34830000,0.34830000,0.34770000,0.34790000,3145128.30000000
1757876400000,0.34790000,0.34830000,0.34750000,0.34820000,6593295.10000000
1757880000000,0.34820000,0.34840000,0.34770000,0.34820000,6380119.80000000
1757883600000,0.34810000,0.34930000,0.34770000,0.34920000,11676470.80000000
1757887200000,0.34920000,0.34930000,0.34850000,0.34900000,5508783.90000000
1757890800000,0.34900000,0.34910000,0.34810000,0.34850000,6531455.30000000
1757894400000,0.34850000,0.34930000,0.34820000,0.34890000,11910692.60000000
1757898000000,0.34880000,0.35040000,0.34780000,0.34950000,26494079.90000000
1757901600000,0.34950000,0.35020000,0.34930000,0.35000000,10970323.60000000
1757905200000,0.35000000,0.35150000,0.35000000,0.35120000,13159627.20000000
1757908800000,0.35120000,0.35160000,0.35070000,0.35080000,10248107.60000000
1757912400000,0.35080000,0.35130000,0.35080000,0.35130000,4259883.30000000
1757916000000,0.35130000,0.35140000,0.34970000,0.35020000,12857095.80000000
1757919600000,0.35020000,0.35080000,0.34840000,0.34880000,23627650.80000000
1757923200000,0.34880000,0.34890000,0.34580000,0.34580000,39661791.20000000
1757926800000,0.34590000,0.34700000,0.34560000,0.34660000,16613373.30000000
1757930400000,0.34650000,0.34650000,0.34520000,0.34540000,14987705.90000000
1757934000000,0.34540000,0.34580000,0.34510000,0.34540000,6469297.30000000
1757937600000,0.34550000,0.34610000,0.34460000,0.34460000,14688403.50000000
1757941200000,0.34460000,0.34500000,0.34320000,0.34400000,24133714.90000000
1757944800000,0.34400000,0.34440000,0.34340000,0.34380000,15309098.50000000
1757948400000,0.34380000,0.34430000,0.34300000,0.34370000,20547894.60000000
1757952000000,0.34360000,0.34360000,0.34230000,0.34270000,19554421.10000000
1757955600000,0.34280000,0.34360000,0.34240000,0.34350000,10892878.60000000
1757959200000,0.34360000,0.34370000,0.34290000,0.34360000,7795090.40000000
1757962800000,0.34360000,0.34400000,0.34300000,0.34360000,10589320.50000000
1757966400000,0.34360000,0.34480000,0.34350000,0.34470000,8386529.90000000
1757970000000,0.34480000,0.34500000,0.34420000,0.34490000,6846854.30000000
1757973600000,0.34490000,0.34530000,0.34430000,0.34440000,9463156.00000000
1757977200000,0.34430000,0.34500000,0.34410000,0.34480000,7335316.70000000
1757980800000,0.34490000,0.34490000,0.34440000,0.34470000,1955742.60000000
1757984400000,0.34480000,0.34580000,0.34470000,0.34490000,10182322.40000000
1757988000000,0.34490000,0.34550000,0.34480000,0.34510000,4519131.60000000
1757991600000,0.34510000,0.34590000,0.34500000,0.34590000,6254524.30000000
1757995200000,0.34590000,0.34630000,0.34510000,0.34630000,16026159.30000000
1757998800000,0.34630000,0.34700000,0.34600000,0.34680000,11273742.90000000
1758002400000,0.34680000,0.34720000,0.34520000,0.34540000,15895236.90000000
1758006000000,0.34530000,0.34620000,0.34520000,0.34560000,5721294.10000000
1758009600000,0.34570000,0.34620000,0.34540000,0.34560000,11998284.90000000
1758013200000,0.34560000,0.34590000,0.34530000,0.34530000,4312206.00000000
1758016800000,0.34540000,0.34600000,0.34510000,0.34540000,7422981.20000000
1758020400000,0.34550000,0.34610000,0.34540000,0.34600000,3594569.80000000
1758024000000,0.34610000,0.34630000,0.34550000,0.34580000,5964503.20000000
1758027600000,0.34580000,0.34680000,0.34420000,0.34530000,27484062.00000000
1758031200000,0.34530000,0.34530000,0.34310000,0.34360000,20447954.30000000
1758034800000,0.34350000,0.34350000,0.33960000,0.34100000,47263530.50000000
1758038400000,0.34090000,0.34190000,0.34050000,0.34120000,15057761.20000000
1758042000000,0.34130000,0.34310000,0.34120000,0.34210000,18795203.70000000
1758045600000,0.34210000,0.34280000,0.34200000,0.34220000,9141656.60000000
1758049200000,0.34220000,0.34270000,0.34190000,0.34230000,8331152.30000000
1758052800000,0.34230000,0.34230000,0.34160000,0.34230000,6021278.50000000
1758056400000,0.34230000,0.34290000,0.34220000,0.34270000,7123323.90000000
1758060000000,0.34270000,0.34320000,0.34230000,0.34280000,10120793.10000000
1758063600000,0.34280000,0.34290000,0.34190000,0.34230000,8881651.50000000
1758067200000,0.34240000,0.34290000,0.34170000,0.34280000,12689549.90000000
1758070800000,0.34270000,0.34310000,0.34210000,0.34220000,6979593.30000000
1758074400000,0.34230000,0.34370000,0.34200000,0.34300000,11315537.60000000
1758078000000,0.34300000,0.34310000,0.34110000,0.34140000,15165303.20000000
1758081600000,0.34140000,0.34140000,0.33950000,0.33980000,16557447.10000000
1758085200000,0.33990000,0.34080000,0.33950000,0.34070000,17223691.30000000
1758088800000,0.34080000,0.34200000,0.34020000,0.34200000,11479370.60000000
1758092400000,0.34200000,0.34270000,0.34160000,0.34210000,9240700.70000000
1758096000000,0.34210000,0.34210000,0.34100000,0.34140000,10532997.30000000
1758099600000,0.34140000,0.34260000,0.34110000,0.34170000,9950703.40000000
1758103200000,0.34170000,0.34190000,0.34100000,0.34140000,4908236.00000000
1758106800000,0.34150000,0.34170000,0.34080000,0.34080000,8346843.40000000
1758110400000,0.34080000,0.34150000,0.34080000,0.34130000,5551411.40000000
1758114000000,0.34120000,0.34150000,0.34050000,0.34060000,8196249.20000000
1758117600000,0.34060000,0.34090000,0.33980000,0.34010000,8748034.30000000
1758121200000,0.34010000,0.34070000,0.33990000,0.34010000,7036785.90000000
1758124800000,0.34020000,0.34040000,0.33940000,0.34020000,10507680.20000000
1758128400000,0.34030000,0.34180000,0.34010000,0.34030000,22239234.50000000
1758132000000,0.34030000,0.34120000,0.33870000,0.33900000,56808090.30000000
1758135600000,0.33900000,0.34110000,0.33890000,0.34090000,25910138.00000000
1758139200000,0.34090000,0.34190000,0.34020000,0.34030000,18716902.60000000
1758142800000,0.34030000,0.34130000,0.33970000,0.34110000,16426021.50000000
1758146400000,0.34110000,0.34430000,0.34090000,0.34370000,29162139.60000000
1758150000000,0.34360000,0.34470000,0.34310000,0.34330000,18398253.00000000
1758153600000,0.34320000,0.34370000,0.34260000,0.34290000,11152639.00000000
1758157200000,0.34300000,0.34440000,0.34270000,0.34370000,14427456.70000000
1758160800000,0.34370000,0.34420000,0.34310000,0.34420000,9916468.40000000
1758164400000,0.34410000,0.34510000,0.34410000,0.34440000,13231965.60000000
1758168000000,0.34440000,0.34470000,0.34380000,0.34420000,6559626.80000000
1758171600000,0.34420000,0.34480000,0.34410000,0.34480000,5959912.80000000
1758175200000,0.34480000,0.34520000,0.34350000,0.34370000,18183710.00000000
1758178800000,0.34370000,0.34430000,0.34340000,0.34430000,4741905.70000000
1758182400000,0.34430000,0.34550000,0.34390000,0.34510000,13417844.20000000
1758186000000,0.34510000,0.34540000,0.34490000,0.34500000,4298503.50000000
1758189600000,0.34510000,0.34680000,0.34450000,0.34610000,23575851.00000000
1758193200000,0.34620000,0.34670000,0.34610000,0.34650000,5779201.80000000
1758196800000,0.34650000,0.34670000,0.34590000,0.34630000,12888530.00000000
1758200400000,0.34640000,0.34820000,0.34590000,0.34710000,29869157.20000000
1758204000000,0.34710000,0.34850000,0.34700000,0.34780000,22864908.20000000
1758207600000,0.34790000,0.34820000,0.34740000,0.34760000,7763363.10000000
1758211200000,0.34760000,0.35040000,0.34740000,0.35010000,23821458.30000000
1758214800000,0.35010000,0.35120000,0.34960000,0.35080000,23593704.50000000
1758218400000,0.35080000,0.35200000,0.35070000,0.35150000,19147601.70000000
1758222000000,0.35160000,0.35220000,0.35030000,0.35040000,19738229.20000000
1758225600000,0.35040000,0.35180000,0.35040000,0.35170000,12571707.00000000
1758229200000,0.35160000,0.35180000,0.35050000,0.35060000,5734632.90000000
1758232800000,0.35060000,0.35110000,0.35020000,0.35070000,8184723.40000000
1758236400000,0.35070000,0.35080000,0.34970000,0.35050000,10867808.40000000
1758240000000,0.35050000,0.35190000,0.35050000,0.35190000,17447361.60000000
1758243600000,0.35180000,0.35260000,0.35130000,0.35180000,13877860.60000000
1758247200000,0.35180000,0.35210000,0.35020000,0.35020000,15011095.80000000
1758250800000,0.35030000,0.35040000,0.34790000,0.34800000,23340304.90000000
1758254400000,0.34800000,0.34800000,0.34670000,0.34760000,16259783.50000000
1758258000000,0.34750000,0.34800000,0.34700000,0.34760000,11504249.30000000
1758261600000,0.34770000,0.34770000,0.34610000,0.34620000,16451426.90000000
1758265200000,0.34620000,0.34700000,0.34580000,0.34700000,9945936.90000000
1758268800000,0.34690000,0.34740000,0.34640000,0.34670000,9269687.60000000
1758272400000,0.34670000,0.34780000,0.34630000,0.34650000,16043186.50000000
1758276000000,0.34650000,0.34820000,0.34620000,0.34650000,16782791.50000000
1758279600000,0.34660000,0.34660000,0.34560000,0.34630000,11638193.60000000
1758283200000,0.34620000,0.34680000,0.34610000,0.34670000,10622297.80000000
1758286800000,0.34670000,0.34790000,0.34670000,0.34710000,15717566.80000000
1758290400000,0.34710000,0.34840000,0.34650000,0.34680000,20690137.00000000
1758294000000,0.34670000,0.34690000,0.34450000,0.34500000,23712772.10000000
1758297600000,0.34500000,0.34580000,0.34470000,0.34540000,11350946.90000000
1758301200000,0.34540000,0.34550000,0.34450000,0.34470000,8264350.70000000
1758304800000,0.34470000,0.34470000,0.34410000,0.34420000,8650969.40000000
1758308400000,0.34420000,0.34500000,0.34410000,0.34410000,9388944.30000000
1758312000000,0.34410000,0.34480000,0.34410000,0.34450000,3870819.60000000
1758315600000,0.34450000,0.34460000,0.34390000,0.34440000,6596730.20000000
1758319200000,0.34440000,0.34490000,0.34400000,0.34430000,4920060.30000000
1758322800000,0.34430000,0.34440000,0.34310000,0.34370000,10194199.40000000
1758326400000,0.34380000,0.34390000,0.34340000,0.34380000,3574585.60000000
1758330000000,0.34390000,0.34410000,0.34350000,0.34380000,4200031.90000000
1758333600000,0.34390000,0.34470000,0.34280000,0.34470000,20559228.50000000
1758337200000,0.34460000,0.34530000,0.34440000,0.34470000,7358201.80000000
1758340800000,0.34470000,0.34630000,0.34440000,0.34630000,12186660.10000000
1758344400000,0.34630000,0.34700000,0.34580000,0.34680000,16942763.10000000
1758348000000,0.34680000,0.34730000,0.34660000,0.34720000,10147316.40000000
1758351600000,0.34730000,0.34770000,0.34700000,0.34760000,7494842.20000000
1758355200000,0.34760000,0.34810000,0.34680000,0.34690000,16089379.70000000
1758358800000,0.34690000,0.34730000,0.34580000,0.34690000,15623849.40000000
1758362400000,0.34690000,0.34740000,0.34650000,0.34740000,9602193.70000000
1758366000000,0.34740000,0.34790000,0.34690000,0.34790000,11773831.30000000
1758369600000,0.34790000,0.34800000,0.34710000,0.34710000,6339418.70000000
1758373200000,0.34720000,0.34730000,0.34640000,0.34710000,8416058.80000000
1758376800000,0.34700000,0.34760000,0.34660000,0.34750000,7617529.90000000
1758380400000,0.34760000,0.34800000,0.34720000,0.34750000,11322774.20000000
1758384000000,0.34760000,0.34820000,0.34700000,0.34780000,9034160.70000000
1758387600000,0.34790000,0.34800000,0.34720000,0.34760000,7606649.30000000
1758391200000,0.34760000,0.34780000,0.34700000,0.34720000,6312428.90000000
1758394800000,0.34720000,0.34770000,0.34700000,0.34720000,4349826.60000000
1758398400000,0.34720000,0.34740000,0.34690000,0.34700000,2498519.00000000
1758402000000,0.34700000,0.34740000,0.34690000,0.34720000,2966971.80000000
1758405600000,0.34720000,0.34730000,0.34660000,0.34700000,4825992.50000000
1758409200000,0.34710000,0.34710000,0.34650000,0.34670000,2159750.90000000
1758412800000,0.34660000,0.34680000,0.34620000,0.34680000,3289950.90000000
1758416400000,0.34670000,0.34680000,0.34600000,0.34630000,4956657.30000000
1758420000000,0.34630000,0.34670000,0.34490000,0.34560000,21982143.10000000
1758423600000,0.34560000,0.34560000,0.34490000,0.34530000,4876664.80000000
1758427200000,0.34530000,0.34550000,0.34490000,0.34550000,3237250.40000000
1758430800000,0.34540000,0.34620000,0.34540000,0.34610000,5092162.50000000
1758434400000,0.34620000,0.34620000,0.34550000,0.34590000,4775957.90000000
1758438000000,0.34600000,0.34640000,0.34560000,0.34570000,6457113.10000000
1758441600000,0.34570000,0.34580000,0.34430000,0.34440000,11305883.10000000
1758445200000,0.34440000,0.34450000,0.34290000,0.34380000,20430074.90000000
1758448800000,0.34370000,0.34430000,0.34330000,0.34410000,4015147.30000000
1758452400000,0.34410000,0.34460000,0.34390000,0.34390000,5579279.20000000
1758456000000,0.34400000,0.34430000,0.34240000,0.34250000,17174873.00000000
1758459600000,0.34240000,0.34420000,0.34170000,0.34420000,33591140.30000000
1758463200000,0.34420000,0.34440000,0.34390000,0.34410000,3753592.80000000
1758466800000,0.34400000,0.34410000,0.34340000,0.34380000,7298606.60000000
1758470400000,0.34380000,0.34410000,0.34320000,0.34330000,6550864.40000000
1758474000000,0.34330000,0.34420000,0.34300000,0.34410000,6924073.70000000
1758477600000,0.34420000,0.34460000,0.34400000,0.34460000,7108892.80000000
1758481200000,0.34450000,0.34460000,0.34390000,0.34410000,4200910.30000000
1758484800000,0.34410000,0.34430000,0.34360000,0.34420000,5950412.60000000
1758488400000,0.34420000,0.34420000,0.34360000,0.34360000,2433360.60000000
1758492000000,0.34370000,0.34380000,0.34290000,0.34340000,6545856.80000000
1758495600000,0.34340000,0.34340000,0.34250000,0.34260000,6436670.50000000
1758499200000,0.34260000,0.34310000,0.33840000,0.33870000,48538237.30000000
1758502800000,0.33870000,0.34010000,0.33810000,0.33900000,25219250.70000000
1758506400000,0.33910000,0.33940000,0.33790000,0.33890000,26374269.40000000
1758510000000,0.33880000,0.34020000,0.33880000,0.34010000,20228736.30000000
1758513600000,0.34010000,0.34080000,0.33970000,0.34000000,16197142.90000000
1758517200000,0.34000000,0.34030000,0.33860000,0.33870000,15574952.70000000
1758520800000,0.33870000,0.33880000,0.33400000,0.33590000,115416177.40000000
1758524400000,0.33580000,0.33620000,0.33500000,0.33500000,18514796.50000000
1758528000000,0.33500000,0.33530000,0.33440000,0.33450000,14471317.30000000
1758531600000,0.33450000,0.33610000,0.33400000,0.33500000,16085552.80000000
1758535200000,0.33500000,0.33610000,0.33480000,0.33600000,14779981.30000000
1758538800000,0.33610000,0.34210000,0.33580000,0.34090000,69868150.60000000
1758542400000,0.34090000,0.34170000,0.34030000,0.34090000,20371197.10000000
1758546000000,0.34080000,0.34120000,0.33940000,0.33980000,19237040.50000000
1758549600000,0.33980000,0.34030000,0.33960000,0.33990000,8718382.20000000
1758553200000,0.34000000,0.34210000,0.33990000,0.34200000,19428411.00000000
1758556800000,0.34200000,0.34250000,0.34170000,0.34200000,8108164.00000000
1758560400000,0.34200000,0.34250000,0.34130000,0.34200000,12518614.80000000
1758564000000,0.34190000,0.34210000,0.34100000,0.34110000,9235989.30000000
1758567600000,0.34120000,0.34160000,0.34030000,0.34050000,9103110.40000000
1758571200000,0.34050000,0.34090000,0.33960000,0.34000000,5595930.80000000
1758574800000,0.34000000,0.34050000,0.33930000,0.34050000,6608300.50000000
1758578400000,0.34050000,0.34050000,0.33900000,0.33930000,7682890.10000000
1758582000000,0.33940000,0.34000000,0.33930000,0.33990000,5085816.70000000
1758585600000,0.34000000,0.34030000,0.33960000,0.33980000,6854383.90000000
1758589200000,0.33990000,0.34010000,0.33900000,0.33920000,7018089.10000000
1758592800000,0.33910000,0.34010000,0.33910000,0.33930000,8694867.90000000
1758596400000,0.33940000,0.34090000,0.33890000,0.34090000,18140213.20000000
1758600000000,0.34090000,0.34130000,0.33990000,0.34100000,11165761.20000000
1758603600000,0.34100000,0.34100000,0.34040000,0.34060000,2715541.00000000
1758607200000,0.34060000,0.34100000,0.34010000,0.34020000,12284305.30000000
1758610800000,0.34030000,0.34040000,0.33990000,0.34000000,3077471.10000000
1758614400000,0.34000000,0.34060000,0.33970000,0.34060000,5211386.40000000
1758618000000,0.34050000,0.34250000,0.34050000,0.34140000,23577049.70000000
1758621600000,0.34140000,0.34140000,0.33910000,0.33910000,12746118.00000000
1758625200000,0.33910000,0.33920000,0.33570000,0.33640000,36119019.00000000
1758628800000,0.33640000,0.33670000,0.33570000,0.33600000,13968803.50000000
1758632400000,0.33600000,0.33600000,0.33460000,0.33500000,17488961.80000000
1758636000000,0.33500000,0.33560000,0.33470000,0.33510000,22079173.40000000
1758639600000,0.33500000,0.33610000,0.33440000,0.33560000,17917589.80000000
1758643200000,0.33550000,0.33680000,0.33490000,0.33650000,17041694.30000000
1758646800000,0.33640000,0.33670000,0.33570000,0.33590000,12259937.40000000
1758650400000,0.33590000,0.33620000,0.33550000,0.33590000,3773939.70000000
1758654000000,0.33590000,0.33650000,0.33580000,0.33600000,7554100.30000000
1758657600000,0.33600000,0.33670000,0.33590000,0.33670000,9057010.60000000
1758661200000,0.33660000,0.33670000,0.33610000,0.33630000,2096476.80000000
1758664800000,0.33630000,0.33700000,0.33610000,0.33670000,5904123.60000000
1758668400000,0.33660000,0.33670000,0.33580000,0.33600000,9014704.40000000
1758672000000,0.33600000,0.33700000,0.33590000,0.33630000,6777283.30000000
1758675600000,0.33640000,0.33700000,0.33630000,0.33650000,2929956.00000000
1758679200000,0.33640000,0.33740000,0.33620000,0.33710000,12702853.30000000
1758682800000,0.33710000,0.33720000,0.33570000,0.33570000,14688010.70000000
1758686400000,0.33580000,0.33660000,0.33460000,0.33590000,31430624.80000000
1758690000000,0.33580000,0.33820000,0.33570000,0.33820000,20296676.00000000
1758693600000,0.33820000,0.33860000,0.33780000,0.33800000,8083949.80000000
1758697200000,0.33810000,0.33830000,0.33750000,0.33800000,4426875.60000000
1758700800000,0.33790000,0.33830000,0.33740000,0.33760000,8520638.00000000
1758704400000,0.33760000,0.33820000,0.33740000,0.33800000,5483192.70000000
1758708000000,0.33800000,0.33810000,0.33570000,0.33640000,25666032.90000000
1758711600000,0.33650000,0.33730000,0.33600000,0.33720000,12072226.90000000
1758715200000,0.33720000,0.33800000,0.33710000,0.33790000,5504682.50000000
1758718800000,0.33800000,0.33870000,0.33770000,0.33780000,15296605.00000000
1758722400000,0.33780000,0.33890000,0.33770000,0.33870000,8374232.30000000
1758726000000,0.33860000,0.33880000,0.33770000,0.33780000,7735608.80000000
1758729600000,0.33780000,0.33890000,0.33770000,0.33880000,6674462.30000000
1758733200000,0.33890000,0.33940000,0.33840000,0.33850000,9112417.20000000
1758736800000,0.33860000,0.33900000,0.33830000,0.33880000,4494992.90000000
1758740400000,0.33880000,0.33910000,0.33860000,0.33900000,2194210.90000000
1758744000000,0.33890000,0.33940000,0.33880000,0.33930000,3938273.30000000
1758747600000,0.33940000,0.33940000,0.33820000,0.33820000,4221944.60000000
1758751200000,0.33830000,0.33870000,0.33820000,0.33820000,2015983.50000000
1758754800000,0.33830000,0.33870000,0.33800000,0.33820000,4155179.50000000
1758758400000,0.33820000,0.33850000,0.33740000,0.33760000,7936677.60000000
1758762000000,0.33750000,0.33800000,0.33690000,0.33730000,10632748.30000000
1758765600000,0.33720000,0.33820000,0.33680000,0.33800000,18459355.60000000
1758769200000,0.33790000,0.33820000,0.33520000,0.33570000,26478820.30000000
1758772800000,0.33580000,0.33590000,0.33360000,0.33410000,23707804.30000000
1758776400000,0.33400000,0.33560000,0.33370000,0.33540000,33844453.20000000
1758780000000,0.33550000,0.33550000,0.33450000,0.33460000,7727978.90000000
1758783600000,0.33460000,0.33560000,0.33410000,0.33480000,13501805.30000000
1758787200000,0.33470000,0.33520000,0.33390000,0.33420000,9065800.00000000
1758790800000,0.33410000,0.33520000,0.33310000,0.33330000,17798259.00000000
1758794400000,0.33320000,0.33360000,0.33150000,0.33160000,17958091.70000000
1758798000000,0.33170000,0.33170000,0.33100000,0.33160000,11117327.90000000
1758801600000,0.33160000,0.33210000,0.33000000,0.33170000,30710506.40000000
1758805200000,0.33170000,0.33290000,0.33110000,0.33280000,25410500.90000000
1758808800000,0.33270000,0.33610000,0.33270000,0.33550000,26402184.80000000
1758812400000,0.33550000,0.33590000,0.33440000,0.33580000,12645782.20000000
1758816000000,0.33590000,0.33600000,0.33470000,0.33500000,10157162.60000000
1758819600000,0.33490000,0.33510000,0.33190000,0.33200000,33292519.80000000
1758823200000,0.33200000,0.33450000,0.33160000,0.33440000,29809374.70000000
1758826800000,0.33430000,0.33550000,0.33430000,0.33440000,13355893.40000000
1758830400000,0.33440000,0.33470000,0.33340000,0.33360000,11859857.10000000
1758834000000,0.33360000,0.33420000,0.33290000,0.33400000,14857493.40000000
1758837600000,0.33390000,0.33430000,0.33280000,0.33310000,15961296.30000000
1758841200000,0.33310000,0.33350000,0.33140000,0.33190000,20170774.70000000
1758844800000,0.33190000,0.33480000,0.33180000,0.33480000,34926954.20000000
1758848400000,0.33480000,0.33520000,0.33440000,0.33500000,9351957.50000000
1758852000000,0.33500000,0.33520000,0.33410000,0.33480000,15323302.90000000
1758855600000,0.33480000,0.33490000,0.33370000,0.33400000,16233922.20000000
1758859200000,0.33390000,0.33410000,0.33300000,0.33350000,8917981.60000000
1758862800000,0.33360000,0.33420000,0.33310000,0.33330000,10959179.30000000
1758866400000,0.33330000,0.33370000,0.33250000,0.33260000,13973860.60000000
1758870000000,0.33250000,0.33400000,0.33250000,0.33400000,16871965.80000000
1758873600000,0.33400000,0.33420000,0.33360000,0.33390000,5130317.50000000
1758877200000,0.33390000,0.33460000,0.33360000,0.33400000,10369834.20000000
1758880800000,0.33400000,0.33400000,0.33300000,0.33320000,7522092.50000000
1758884400000,0.33330000,0.33500000,0.33290000,0.33480000,12514076.20000000
1758888000000,0.33470000,0.33650000,0.33370000,0.33600000,28550395.60000000
1758891600000,0.33600000,0.33600000,0.33460000,0.33560000,16707293.80000000
1758895200000,0.33550000,0.33610000,0.33330000,0.33350000,36161413.00000000
1758898800000,0.33340000,0.33540000,0.33340000,0.33540000,14191321.80000000
1758902400000,0.33540000,0.33650000,0.33500000,0.33550000,12729269.00000000
1758906000000,0.33550000,0.33660000,0.33530000,0.33650000,7596283.90000000
1758909600000,0.33650000,0.33700000,0.33600000,0.33680000,9385843.80000000
1758913200000,0.33680000,0.33680000,0.33600000,0.33640000,5732092.90000000
1758916800000,0.33630000,0.33690000,0.33610000,0.33690000,3216200.20000000
1758920400000,0.33690000,0.33780000,0.33670000,0.33750000,9644261.40000000
1758924000000,0.33740000,0.33780000,0.33730000,0.33770000,4266700.20000000
1758927600000,0.33780000,0.33850000,0.33770000,0.33830000,6327131.80000000
1758931200000,0.33840000,0.33860000,0.33770000,0.33800000,5564701.90000000
1758934800000,0.33800000,0.33830000,0.33750000,0.33810000,4637378.80000000
1758938400000,0.33810000,0.33820000,0.33790000,0.33810000,2267110.80000000
1758942000000,0.33810000,0.33990000,0.33800000,0.33910000,16703245.70000000
1758945600000,0.33910000,0.33940000,0.33900000,0.33930000,1356822.50000000
1758949200000,0.33920000,0.33930000,0.33830000,0.33860000,5849830.90000000
1758952800000,0.33850000,0.33870000,0.33820000,0.33840000,2400678.60000000
1758956400000,0.33840000,0.33860000,0.33720000,0.33760000,9390548.90000000
1758960000000,0.33750000,0.33760000,0.33590000,0.33590000,14663300.20000000
1758963600000,0.33590000,0.33670000,0.33560000,0.33660000,10002244.20000000
1758967200000,0.33670000,0.33670000,0.33600000,0.33650000,4815647.00000000
1758970800000,0.33640000,0.33700000,0.33640000,0.33650000,3595766.60000000
1758974400000,0.33660000,0.33660000,0.33600000,0.33640000,5321446.60000000
1758978000000,0.33650000,0.33750000,0.33620000,0.33740000,6818133.70000000
1758981600000,0.33740000,0.33760000,0.33690000,0.33750000,5667111.10000000
1758985200000,0.33750000,0.33850000,0.33730000,0.33760000,11081656.70000000
1758988800000,0.33760000,0.33770000,0.33730000,0.33760000,2710007.10000000
1758992400000,0.33750000,0.33760000,0.33730000,0.33760000,1962436.20000000
1758996000000,0.33750000,0.33780000,0.33740000,0.33750000,1686076.00000000
1758999600000,0.33760000,0.33780000,0.33730000,0.33780000,2030091.70000000
1759003200000,0.33770000,0.33790000,0.33750000,0.33790000,1471290.50000000
1759006800000,0.33790000,0.33800000,0.33700000,0.33710000,4773874.70000000
1759010400000,0.33710000,0.33710000,0.33680000,0.33680000,2842139.10000000
1759014000000,0.33690000,0.33710000,0.33650000,0.33660000,2677160.30000000
1759017600000,0.33660000,0.33670000,0.33620000,0.33650000,3615186.30000000
1759021200000,0.33650000,0.33650000,0.33570000,0.33590000,6317568.50000000
1759024800000,0.33590000,0.33700000,0.33580000,0.33640000,7003336.70000000
1759028400000,0.33640000,0.33660000,0.33600000,0.33660000,2720810.00000000
1759032000000,0.33660000,0.33730000,0.33610000,0.33710000,5947087.10000000
1759035600000,0.33710000,0.33720000,0.33670000,0.33680000,2116732.10000000
1759039200000,0.33680000,0.33690000,0.33600000,0.33620000,5965899.60000000
1759042800000,0.33620000,0.33670000,0.33600000,0.33670000,2746318.30000000
1759046400000,0.33660000,0.33680000,0.33640000,0.33660000,1466046.20000000
1759050000000,0.33660000,0.33680000,0.33580000,0.33600000,5317905.20000000
1759053600000,0.33590000,0.33610000,0.33550000,0.33590000,3648559.70000000
1759057200000,0.33600000,0.33610000,0.33570000,0.33610000,1358539.70000000
1759060800000,0.33610000,0.33630000,0.33570000,0.33620000,4838875.20000000
1759064400000,0.33630000,0.33660000,0.33600000,0.33660000,2289311.90000000
1759068000000,0.33660000,0.33660000,0.33600000,0.33620000,1699311.40000000
1759071600000,0.33620000,0.33650000,0.33600000,0.33610000,3041289.90000000
1759075200000,0.33620000,0.33630000,0.33550000,0.33570000,5551212.00000000
1759078800000,0.33570000,0.33590000,0.33470000,0.33500000,9364127.50000000
1759082400000,0.33500000,0.33510000,0.33430000,0.33480000,4876099.30000000
1759086000000,0.33480000,0.33480000,0.33420000,0.33460000,3163193.40000000
1759089600000,0.33460000,0.33470000,0.33410000,0.33450000,3059092.40000000
1759093200000,0.33460000,0.33500000,0.33420000,0.33460000,9691155.80000000
1759096800000,0.33450000,0.33600000,0.33450000,0.33520000,15005889.90000000
1759100400000,0.33520000,0.33600000,0.33510000,0.33570000,5790707.30000000
1759104000000,0.33570000,0.33580000,0.33510000,0.33540000,6723700.20000000
1759107600000,0.33540000,0.33580000,0.33510000,0.33520000,3618409.60000000
1759111200000,0.33520000,0.33580000,0.33520000,0.33580000,3233547.00000000
1759114800000,0.33570000,0.33630000,0.33560000,0.33610000,5635309.20000000
1759118400000,0.33610000,0.33610000,0.33500000,0.33520000,6165622.70000000
1759122000000,0.33530000,0.33550000,0.33500000,0.33520000,3175523.90000000
1759125600000,0.33520000,0.33540000,0.33490000,0.33510000,2161572.10000000
1759129200000,0.33500000,0.33520000,0.33450000,0.33460000,5471598.40000000
1759132800000,0.33450000,0.33500000,0.33410000,0.33410000,7688348.80000000
1759136400000,0.33410000,0.33420000,0.33300000,0.33310000,12547917.30000000
1759140000000,0.33310000,0.33360000,0.33250000,0.33340000,11493855.20000000
1759143600000,0.33340000,0.33380000,0.33300000,0.33350000,5226047.90000000
1759147200000,0.33350000,0.33350000,0.33290000,0.33330000,3139960.40000000
1759150800000,0.33320000,0.33490000,0.33300000,0.33450000,20453759.00000000
1759154400000,0.33450000,0.33570000,0.33410000,0.33560000,14581746.50000000
1759158000000,0.33550000,0.33610000,0.33510000,0.33570000,6684114.10000000
1759161600000,0.33580000,0.33620000,0.33570000,0.33590000,2382519.80000000
1759165200000,0.33590000,0.33720000,0.33550000,0.33700000,11389242.00000000
1759168800000,0.33700000,0.33730000,0.33640000,0.33640000,4073524.60000000
1759172400000,0.33640000,0.33670000,0.33610000,0.33620000,4178739.30000000
1759176000000,0.33620000,0.33650000,0.33590000,0.33610000,2981992.20000000
1759179600000,0.33620000,0.33670000,0.33620000,0.33650000,5382058.60000000
1759183200000,0.33650000,0.33760000,0.33630000,0.33750000,10527210.80000000
1759186800000,0.33750000,0.33760000,0.33680000,0.33680000,3425276.10000000
1759190400000,0.33680000,0.33720000,0.33660000,0.33670000,3648825.70000000
1759194000000,0.33670000,0.33710000,0.33640000,0.33680000,8330648.60000000
1759197600000,0.33670000,0.33680000,0.33620000,0.33630000,6490621.80000000
1759201200000,0.33630000,0.33770000,0.33630000,0.33700000,17487018.50000000
1759204800000,0.33710000,0.33720000,0.33650000,0.33670000,10386170.80000000
1759208400000,0.33670000,0.33670000,0.33630000,0.33640000,4156572.30000000
1759212000000,0.33640000,0.33660000,0.33600000,0.33620000,4839059.10000000
1759215600000,0.33620000,0.33650000,0.33600000,0.33640000,2867796.30000000
1759219200000,0.33640000,0.33710000,0.33620000,0.33660000,4058720.40000000
1759222800000,0.33660000,0.33730000,0.33640000,0.33700000,7071386.00000000
1759226400000,0.33700000,0.33710000,0.33640000,0.33660000,3524574.40000000
1759230000000,0.33660000,0.33700000,0.33650000,0.33660000,2326363.30000000
1759233600000,0.33650000,0.33690000,0.33500000,0.33530000,6491644.70000000
1759237200000,0.33530000,0.33540000,0.33320000,0.33370000,11765512.20000000
1759240800000,0.33360000,0.33390000,0.33300000,0.33380000,10213198.80000000
1759244400000,0.33380000,0.33450000,0.33270000,0.33320000,14433709.80000000
1759248000000,0.33320000,0.33360000,0.33300000,0.33350000,8121401.50000000
1759251600000,0.33350000,0.33350000,0.33260000,0.33300000,5653963.40000000
1759255200000,0.33300000,0.33400000,0.33270000,0.33330000,10518207.50000000
1759258800000,0.33330000,0.33360000,0.33270000,0.33280000,5538694.50000000
1759262400000,0.33280000,0.33280000,0.33150000,0.33260000,18821171.10000000
1759266000000,0.33250000,0.33310000,0.33200000,0.33200000,6466249.30000000
1759269600000,0.33200000,0.33310000,0.33190000,0.33290000,6307400.90000000
1759273200000,0.33290000,0.33420000,0.33240000,0.33360000,10737004.10000000
1759276800000,0.33360000,0.33390000,0.33310000,0.33350000,7795519.70000000
1759280400000,0.33340000,0.33350000,0.33320000,0.33330000,1484745.80000000
1759284000000,0.33330000,0.33400000,0.33310000,0.33330000,9141734.50000000
1759287600000,0.33340000,0.33450000,0.33320000,0.33390000,8521406.30000000
1759291200000,0.33390000,0.33470000,0.33390000,0.33460000,7599369.40000000
1759294800000,0.33460000,0.33490000,0.33420000,0.33440000,4011451.50000000
1759298400000,0.33440000,0.33450000,0.33390000,0.33400000,3257792.10000000
1759302000000,0.33400000,0.33460000,0.33390000,0.33440000,3446758.30000000
1759305600000,0.33430000,0.33700000,0.33420000,0.33690000,35895464.70000000
1759309200000,0.33690000,0.33860000,0.33680000,0.33820000,30129995.60000000
1759312800000,0.33830000,0.33870000,0.33760000,0.33860000,13298718.50000000
1759316400000,0.33860000,0.33950000,0.33790000,0.33810000,12556864.20000000
1759320000000,0.33810000,0.33930000,0.33790000,0.33810000,25530394.90000000
1759323600000,0.33800000,0.33910000,0.33800000,0.33870000,12080130.10000000
1759327200000,0.33870000,0.34040000,0.33850000,0.33960000,20149731.20000000
1759330800000,0.33960000,0.34020000,0.33950000,0.33970000,9088060.30000000
1759334400000,0.33980000,0.34100000,0.33960000,0.34040000,14079861.00000000
1759338000000,0.34050000,0.34090000,0.34010000,0.34060000,7185076.40000000
1759341600000,0.34060000,0.34130000,0.34050000,0.34110000,12404862.80000000
1759345200000,0.34110000,0.34230000,0.34100000,0.34210000,9177291.00000000
1759348800000,0.34210000,0.34210000,0.34120000,0.34140000,6009959.20000000
1759352400000,0.34140000,0.34160000,0.34110000,0.34130000,3663914.00000000
1759356000000,0.34140000,0.34170000,0.34110000,0.34150000,4349690.90000000
1759359600000,0.34150000,0.34190000,0.34130000,0.34150000,4593274.50000000
1759363200000,0.34160000,0.34220000,0.34120000,0.34130000,9176208.80000000
1759366800000,0.34130000,0.34250000,0.34100000,0.34230000,12044951.90000000
1759370400000,0.34220000,0.34250000,0.34160000,0.34240000,7940938.20000000
1759374000000,0.34240000,0.34240000,0.34100000,0.34120000,12602467.00000000
1759377600000,0.34130000,0.34200000,0.34080000,0.34190000,9211767.00000000
1759381200000,0.34190000,0.34200000,0.34130000,0.34160000,4729764.40000000
1759384800000,0.34160000,0.34270000,0.34140000,0.34180000,13676420.60000000
1759388400000,0.34170000,0.34200000,0.34150000,0.34170000,5133436.00000000
1759392000000,0.34170000,0.34180000,0.34110000,0.34130000,5344100.10000000
1759395600000,0.34120000,0.34150000,0.34100000,0.34140000,3491380.90000000
1759399200000,0.34140000,0.34140000,0.34090000,0.34100000,4968739.40000000
1759402800000,0.34100000,0.34170000,0.34090000,0.34150000,5092295.70000000
1759406400000,0.34140000,0.34180000,0.34110000,0.34150000,5565083.30000000
1759410000000,0.34150000,0.34200000,0.34130000,0.34180000,12107729.80000000
1759413600000,0.34190000,0.34250000,0.34120000,0.34150000,10403105.20000000
1759417200000,0.34150000,0.34220000,0.34100000,0.34220000,21634828.80000000
1759420800000,0.34220000,0.34310000,0.34190000,0.34240000,15197957.40000000
1759424400000,0.34230000,0.34310000,0.34230000,0.34290000,7943811.00000000
1759428000000,0.34300000,0.34370000,0.34280000,0.34350000,8374424.90000000
1759431600000,0.34360000,0.34410000,0.34300000,0.34310000,9567522.30000000
1759435200000,0.34320000,0.34330000,0.34230000,0.34270000,10920919.60000000
1759438800000,0.34270000,0.34300000,0.34240000,0.34270000,5149521.50000000
1759442400000,0.34270000,0.34300000,0.34260000,0.34270000,2866729.70000000
1759446000000,0.34270000,0.34310000,0.34230000,0.34260000,6548342.80000000
1759449600000,0.34260000,0.34270000,0.34220000,0.34260000,4513482.10000000
1759453200000,0.34260000,0.34280000,0.34240000,0.34270000,3061947.30000000
1759456800000,0.34270000,0.34390000,0.34250000,0.34330000,10267974.20000000
1759460400000,0.34330000,0.34450000,0.34330000,0.34350000,12869818.00000000
1759464000000,0.34360000,0.34420000,0.34340000,0.34420000,5646241.40000000
1759467600000,0.34420000,0.34430000,0.34340000,0.34360000,4618423.70000000
1759471200000,0.34370000,0.34450000,0.34340000,0.34430000,10536046.60000000
1759474800000,0.34420000,0.34450000,0.34340000,0.34390000,8645803.70000000
1759478400000,0.34390000,0.34390000,0.34170000,0.34240000,18836261.30000000
1759482000000,0.34240000,0.34280000,0.34180000,0.34250000,6517430.90000000
1759485600000,0.34240000,0.34350000,0.34220000,0.34350000,8307308.40000000
1759489200000,0.34340000,0.34360000,0.34280000,0.34340000,5080552.50000000
1759492800000,0.34350000,0.34370000,0.34260000,0.34270000,3505165.30000000
1759496400000,0.34260000,0.34330000,0.34230000,0.34230000,17157398.80000000
1759500000000,0.34240000,0.34240000,0.34180000,0.34200000,7585915.50000000
1759503600000,0.34200000,0.34390000,0.34190000,0.34370000,16082950.20000000
1759507200000,0.34370000,0.34590000,0.34360000,0.34490000,33845850.20000000
1759510800000,0.34490000,0.34490000,0.34310000,0.34340000,31820592.10000000
1759514400000,0.34350000,0.34410000,0.34320000,0.34370000,10730672.20000000
1759518000000,0.34370000,0.34380000,0.34280000,0.34290000,15729764.10000000
1759521600000,0.34300000,0.34300000,0.34110000,0.34250000,25469220.00000000
1759525200000,0.34250000,0.34270000,0.34200000,0.34210000,2118161.20000000
1759528800000,0.34220000,0.34220000,0.34150000,0.34190000,2712295.70000000
1759532400000,0.34190000,0.34210000,0.34120000,0.34190000,4955986.40000000
1759536000000,0.34190000,0.34230000,0.34170000,0.34220000,3329748.50000000
1759539600000,0.34230000,0.34240000,0.34210000,0.34240000,1734516.00000000
1759543200000,0.34240000,0.34240000,0.34130000,0.34200000,6232379.80000000
1759546800000,0.34210000,0.34210000,0.34140000,0.34140000,3538740.20000000
1759550400000,0.34140000,0.34150000,0.34040000,0.34050000,9482180.50000000
1759554000000,0.34050000,0.34080000,0.34010000,0.34050000,4964140.90000000
1759557600000,0.34060000,0.34110000,0.34020000,0.34060000,4444985.90000000
1759561200000,0.34060000,0.34070000,0.34010000,0.34050000,4224417.40000000
1759564800000,0.34060000,0.34060000,0.34000000,0.34010000,3625915.30000000
1759568400000,0.34000000,0.34080000,0.33970000,0.34070000,12315546.00000000
1759572000000,0.34060000,0.34130000,0.34010000,0.34030000,7071321.90000000
1759575600000,0.34030000,0.34070000,0.34010000,0.34070000,2606261.50000000
1759579200000,0.34070000,0.34070000,0.34010000,0.34020000,2844193.10000000
1759582800000,0.34030000,0.34080000,0.34030000,0.34040000,3436080.80000000
1759586400000,0.34050000,0.34080000,0.34020000,0.34020000,4528595.50000000
1759590000000,0.34030000,0.34050000,0.33960000,0.34050000,11163494.60000000
1759593600000,0.34040000,0.34060000,0.33980000,0.33990000,6269809.90000000
1759597200000,0.33990000,0.34000000,0.33970000,0.33990000,2106718.30000000
1759600800000,0.33980000,0.34000000,0.33960000,0.33980000,1845097.90000000
1759604400000,0.33980000,0.33990000,0.33930000,0.33990000,4243930.50000000
1759608000000,0.33980000,0.34010000,0.33970000,0.34010000,2277004.60000000
1759611600000,0.34000000,0.34120000,0.34000000,0.34090000,9010916.70000000
1759615200000,0.34080000,0.34120000,0.34010000,0.34030000,3238664.50000000
1759618800000,0.34020000,0.34040000,0.34000000,0.34040000,1456057.90000000
1759622400000,0.34040000,0.34040000,0.33970000,0.34030000,4590042.60000000
1759626000000,0.34040000,0.34090000,0.34020000,0.34090000,4994449.80000000
1759629600000,0.34090000,0.34220000,0.34030000,0.34150000,28600586.70000000
1759633200000,0.34150000,0.34200000,0.34120000,0.34130000,13969549.40000000
1759636800000,0.34130000,0.34300000,0.34120000,0.34260000,10220799.80000000
1759640400000,0.34270000,0.34290000,0.34200000,0.34220000,4463653.80000000
1759644000000,0.34210000,0.34250000,0.34160000,0.34180000,5508564.10000000
1759647600000,0.34190000,0.34350000,0.34180000,0.34320000,12507494.70000000
1759651200000,0.34320000,0.34430000,0.34250000,0.34320000,15049248.10000000
1759654800000,0.34320000,0.34330000,0.34250000,0.34300000,9335180.20000000
1759658400000,0.34300000,0.34300000,0.34200000,0.34240000,11067133.60000000
1759662000000,0.34240000,0.34240000,0.34200000,0.34220000,2827461.50000000
1759665600000,0.34230000,0.34240000,0.34160000,0.34200000,12249015.80000000
1759669200000,0.34200000,0.34220000,0.34180000,0.34210000,2553723.00000000
1759672800000,0.34220000,0.34270000,0.34210000,0.34270000,6193149.10000000
1759676400000,0.34260000,0.34270000,0.34210000,0.34240000,2608608.70000000
1759680000000,0.34240000,0.34240000,0.34170000,0.34190000,6798658.70000000
1759683600000,0.34190000,0.34220000,0.34090000,0.34100000,8890394.90000000
1759687200000,0.34110000,0.34170000,0.34070000,0.34160000,6141789.50000000
1759690800000,0.34160000,0.34160000,0.34070000,0.34080000,4482100.30000000
1759694400000,0.34080000,0.34150000,0.34070000,0.34150000,4487071.50000000
1759698000000,0.34140000,0.34190000,0.34140000,0.34190000,4363741.10000000
1759701600000,0.34180000,0.34210000,0.34060000,0.34090000,6885976.30000000
1759705200000,0.34080000,0.34140000,0.34070000,0.34130000,3387103.10000000
1759708800000,0.34140000,0.34210000,0.34060000,0.34080000,16608661.10000000
1759712400000,0.34070000,0.34130000,0.34050000,0.34080000,7317074.80000000
1759716000000,0.34080000,0.34180000,0.34050000,0.34140000,8849739.50000000
1759719600000,0.34140000,0.34160000,0.34100000,0.34160000,4571187.70000000
1759723200000,0.34160000,0.34240000,0.34130000,0.34210000,7770009.40000000
1759726800000,0.34210000,0.34230000,0.34150000,0.34210000,6011401.40000000
1759730400000,0.34210000,0.34330000,0.34210000,0.34300000,13035588.90000000
1759734000000,0.34300000,0.34390000,0.34270000,0.34300000,19606579.70000000
1759737600000,0.34300000,0.34510000,0.34300000,0.34380000,32619317.70000000
1759741200000,0.34380000,0.34460000,0.34350000,0.34440000,9440013.00000000
1759744800000,0.34440000,0.34450000,0.34400000,0.34440000,4040298.40000000
1759748400000,0.34430000,0.34450000,0.34320000,0.34330000,12657167.20000000
1759752000000,0.34330000,0.34370000,0.34290000,0.34360000,11047721.80000000
1759755600000,0.34370000,0.34510000,0.34320000,0.34510000,17672881.50000000
1759759200000,0.34510000,0.34630000,0.34490000,0.34530000,26678743.20000000
1759762800000,0.34530000,0.34660000,0.34520000,0.34560000,19172192.30000000
1759766400000,0.34560000,0.34600000,0.34550000,0.34600000,2250393.10000000
1759770000000,0.34590000,0.34730000,0.34570000,0.34630000,12725950.50000000
1759773600000,0.34640000,0.34660000,0.34600000,0.34650000,8048016.60000000
1759777200000,0.34660000,0.34670000,0.34600000,0.34620000,3105414.10000000
1759780800000,0.34610000,0.34650000,0.34590000,0.34610000,3618667.90000000
1759784400000,0.34610000,0.34640000,0.34540000,0.34640000,6708700.90000000
1759788000000,0.34640000,0.34710000,0.34610000,0.34620000,4498111.30000000
1759791600000,0.34620000,0.34640000,0.34590000,0.34610000,3839042.30000000
1759795200000,0.34610000,0.34670000,0.34590000,0.34660000,3573343.00000000
1759798800000,0.34660000,0.34710000,0.34600000,0.34690000,12828266.80000000
1759802400000,0.34690000,0.34690000,0.34620000,0.34630000,5320090.10000000
1759806000000,0.34630000,0.34650000,0.34590000,0.34610000,3256437.10000000
1759809600000,0.34600000,0.34600000,0.34520000,0.34580000,9687189.00000000
1759813200000,0.34570000,0.34580000,0.34490000,0.34560000,9718919.90000000
1759816800000,0.34560000,0.34570000,0.34440000,0.34450000,7245213.60000000
1759820400000,0.34450000,0.34490000,0.34420000,0.34480000,7723563.70000000
1759824000000,0.34480000,0.34530000,0.34380000,0.34490000,13750660.20000000
1759827600000,0.34500000,0.34540000,0.34430000,0.34440000,8125029.60000000
1759831200000,0.34430000,0.34490000,0.34420000,0.34450000,6012130.30000000
1759834800000,0.34450000,0.34460000,0.34420000,0.34430000,4173038.50000000
1759838400000,0.34420000,0.34530000,0.34400000,0.34520000,9123231.20000000
1759842000000,0.34530000,0.34550000,0.34360000,0.34440000,18723174.70000000
1759845600000,0.34430000,0.34460000,0.34240000,0.34250000,27365556.00000000
1759849200000,0.34240000,0.34280000,0.33940000,0.33990000,46973488.00000000
1759852800000,0.33990000,0.33990000,0.33730000,0.33830000,36149800.80000000
1759856400000,0.33830000,0.33880000,0.33800000,0.33810000,6118247.50000000
1759860000000,0.33810000,0.33820000,0.33750000,0.33760000,6990127.60000000
1759863600000,0.33760000,0.33830000,0.33730000,0.33760000,9625844.40000000
1759867200000,0.33770000,0.33940000,0.33740000,0.33890000,12356936.10000000
1759870800000,0.33900000,0.33920000,0.33820000,0.33850000,5531396.70000000
1759874400000,0.33850000,0.33900000,0.33830000,0.33840000,4693834.10000000
1759878000000,0.33840000,0.33850000,0.33780000,0.33790000,6358129.30000000
1759881600000,0.33790000,0.33810000,0.33660000,0.33700000,17339470.10000000
1759885200000,0.33690000,0.33740000,0.33670000,0.33720000,7914996.20000000
1759888800000,0.33720000,0.33850000,0.33710000,0.33760000,11104449.40000000
1759892400000,0.33770000,0.33770000,0.33650000,0.33660000,11333258.60000000
1759896000000,0.33660000,0.33730000,0.33630000,0.33720000,9121885.80000000
1759899600000,0.33730000,0.33730000,0.33650000,0.33680000,7493344.70000000
1759903200000,0.33680000,0.33700000,0.33650000,0.33690000,2825401.00000000
1759906800000,0.33690000,0.33730000,0.33650000,0.33730000,6574831.20000000
1759910400000,0.33730000,0.33750000,0.33670000,0.33680000,6302300.30000000
1759914000000,0.33680000,0.33710000,0.33670000,0.33710000,2781932.20000000
1759917600000,0.33710000,0.33750000,0.33680000,0.33730000,5456450.90000000
1759921200000,0.33730000,0.33820000,0.33720000,0.33810000,8954603.80000000
1759924800000,0.33810000,0.33820000,0.33750000,0.33780000,4852137.50000000
1759928400000,0.33780000,0.33790000,0.33670000,0.33740000,10905242.10000000
1759932000000,0.33740000,0.33820000,0.33680000,0.33680000,12735439.90000000
1759935600000,0.33690000,0.33720000,0.33660000,0.33680000,4864030.90000000
1759939200000,0.33670000,0.33850000,0.33670000,0.33830000,13646214.40000000
1759942800000,0.33830000,0.33990000,0.33780000,0.33940000,29566028.90000000
1759946400000,0.33940000,0.34020000,0.33910000,0.33980000,18313701.90000000
1759950000000,0.33990000,0.34180000,0.33970000,0.34160000,22456507.10000000
1759953600000,0.34160000,0.34200000,0.34100000,0.34120000,10000853.00000000
1759957200000,0.34130000,0.34200000,0.34120000,0.34160000,5323966.40000000
1759960800000,0.34170000,0.34260000,0.34160000,0.34170000,8322155.50000000
1759964400000,0.34180000,0.34230000,0.34140000,0.34200000,7629391.90000000
1759968000000,0.34210000,0.34230000,0.34160000,0.34160000,4109024.20000000
1759971600000,0.34160000,0.34160000,0.34020000,0.34110000,14884318.60000000
1759975200000,0.34110000,0.34110000,0.33860000,0.33900000,20855059.50000000
1759978800000,0.33890000,0.34080000,0.33890000,0.34020000,16569714.40000000
1759982400000,0.34020000,0.34060000,0.33980000,0.34000000,8557788.70000000
1759986000000,0.34000000,0.34010000,0.33930000,0.33970000,8543815.80000000
1759989600000,0.33970000,0.33970000,0.33870000,0.33890000,7543575.70000000
1759993200000,0.33900000,0.33910000,0.33820000,0.33880000,10060942.10000000
1759996800000,0.33880000,0.33890000,0.33620000,0.33630000,28866624.80000000
1760000400000,0.33620000,0.33720000,0.33610000,0.33690000,11804920.50000000
1760004000000,0.33690000,0.33760000,0.33640000,0.33730000,8522972.30000000
1760007600000,0.33730000,0.33790000,0.33710000,0.33760000,7002395.10000000
1760011200000,0.33770000,0.33890000,0.33750000,0.33850000,13163317.30000000
1760014800000,0.33850000,0.33850000,0.33720000,0.33720000,11310668.50000000
1760018400000,0.33730000,0.33740000,0.33530000,0.33610000,26478456.20000000
1760022000000,0.33600000,0.33700000,0.33470000,0.33530000,26685474.90000000
1760025600000,0.33540000,0.33580000,0.33420000,0.33430000,16190292.10000000
1760029200000,0.33430000,0.33630000,0.33420000,0.33620000,15096725.30000000
1760032800000,0.33620000,0.33670000,0.33560000,0.33590000,7423767.40000000
1760036400000,0.33580000,0.33670000,0.33580000,0.33660000,7450958.30000000
1760040000000,0.33660000,0.33690000,0.33610000,0.33620000,6682809.50000000
1760043600000,0.33610000,0.33640000,0.33590000,0.33610000,2495829.60000000
1760047200000,0.33610000,0.33700000,0.33590000,0.33680000,6552531.40000000
1760050800000,0.33680000,0.33700000,0.33600000,0.33690000,7248395.30000000
1760054400000,0.33700000,0.33700000,0.33630000,0.33660000,4152452.40000000
1760058000000,0.33660000,0.33690000,0.33630000,0.33640000,6503593.30000000
1760061600000,0.33640000,0.33660000,0.33610000,0.33630000,5918290.40000000
1760065200000,0.33630000,0.33720000,0.33590000,0.33650000,12919785.50000000
1760068800000,0.33650000,0.33690000,0.33610000,0.33640000,3955574.90000000
1760072400000,0.33630000,0.33640000,0.33580000,0.33630000,6207291.70000000
1760076000000,0.33630000,0.33630000,0.33580000,0.33610000,6572422.80000000
1760079600000,0.33620000,0.33620000,0.33490000,0.33500000,10369288.90000000
1760083200000,0.33500000,0.33570000,0.33490000,0.33560000,6612951.00000000
1760086800000,0.33570000,0.33570000,0.33390000,0.33400000,15402946.80000000
1760090400000,0.33400000,0.33500000,0.33390000,0.33490000,5505786.40000000
1760094000000,0.33480000,0.33550000,0.33460000,0.33540000,5297024.90000000
1760097600000,0.33550000,0.33550000,0.33490000,0.33510000,3745851.50000000
1760101200000,0.33520000,0.33620000,0.33490000,0.33550000,17458555.60000000
1760104800000,0.33550000,0.33560000,0.33320000,0.33360000,20812991.80000000
1760108400000,0.33360000,0.33360000,0.32780000,0.33040000,85140881.60000000
1760112000000,0.33050000,0.33180000,0.33030000,0.33110000,24528707.90000000
1760115600000,0.33110000,0.33170000,0.33060000,0.33130000,17645690.80000000
1760119200000,0.33130000,0.33210000,0.33100000,0.33190000,8806142.00000000
1760122800000,0.33190000,0.33220000,0.33030000,0.33070000,25453237.30000000
1760126400000,0.33070000,0.33090000,0.32610000,0.32630000,45821409.20000000
1760130000000,0.32640000,0.32650000,0.30000000,0.32080000,216321347.90000000
1760133600000,0.32080000,0.32100000,0.31770000,0.32030000,71455379.30000000
1760137200000,0.32040000,0.32130000,0.31850000,0.32050000,46283659.50000000
1760140800000,0.32050000,0.32110000,0.31890000,0.32020000,35802362.60000000
1760144400000,0.32020000,0.32030000,0.31810000,0.31820000,32514069.50000000
1760148000000,0.31820000,0.31900000,0.31800000,0.31890000,18000134.90000000
1760151600000,0.31890000,0.31890000,0.31610000,0.31640000,20957315.40000000
1760155200000,0.31650000,0.31710000,0.31580000,0.31710000,13439442.80000000
1760158800000,0.31710000,0.31790000,0.31650000,0.31720000,15222721.20000000
1760162400000,0.31720000,0.31870000,0.31660000,0.31810000,17721639.60000000
1760166000000,0.31810000,0.31850000,0.31620000,0.31650000,21856469.70000000
1760169600000,0.31650000,0.31870000,0.31630000,0.31860000,23717551.20000000
1760173200000,0.31850000,0.31930000,0.31820000,0.31930000,9831797.40000000
1760176800000,0.31930000,0.31980000,0.31870000,0.31950000,13908707.00000000
1760180400000,0.31950000,0.31950000,0.31850000,0.31910000,6365455.60000000
1760184000000,0.31900000,0.31940000,0.31880000,0.31930000,8376592.90000000
1760187600000,0.31930000,0.31950000,0.31850000,0.31950000,13706414.70000000
1760191200000,0.31950000,0.32000000,0.31910000,0.31940000,11884741.10000000
1760194800000,0.31940000,0.31980000,0.31920000,0.31960000,4197825.70000000
1760198400000,0.31960000,0.32000000,0.31940000,0.31980000,4312031.40000000
1760202000000,0.31980000,0.31990000,0.31930000,0.31970000,6236650.40000000
1760205600000,0.31970000,0.31980000,0.31900000,0.31910000,9257583.60000000
1760209200000,0.31900000,0.31900000,0.31640000,0.31660000,17312596.00000000
1760212800000,0.31650000,0.31720000,0.31300000,0.31340000,37222294.50000000
1760216400000,0.31340000,0.31390000,0.31160000,0.31380000,25462102.10000000
1760220000000,0.31390000,0.31450000,0.31360000,0.31420000,10277728.50000000
1760223600000,0.31420000,0.31460000,0.31380000,0.31440000,5265470.50000000
1760227200000,0.31440000,0.31450000,0.31080000,0.31110000,26444393.60000000
1760230800000,0.31110000,0.31170000,0.31090000,0.31120000,10307565.00000000
1760234400000,0.31110000,0.31260000,0.31100000,0.31190000,11253186.50000000
1760238000000,0.31200000,0.31460000,0.31190000,0.31360000,14252936.90000000
1760241600000,0.31370000,0.31540000,0.31350000,0.31510000,14538887.10000000
1760245200000,0.31510000,0.31550000,0.31470000,0.31470000,7650790.90000000
1760248800000,0.31480000,0.31590000,0.31470000,0.31550000,6915781.00000000
1760252400000,0.31550000,0.31590000,0.31500000,0.31550000,4481303.70000000
1760256000000,0.31560000,0.31570000,0.31420000,0.31470000,12954493.50000000
1760259600000,0.31470000,0.31500000,0.31390000,0.31490000,9581531.90000000
1760263200000,0.31480000,0.31540000,0.31420000,0.31440000,6058224.60000000
1760266800000,0.31430000,0.31470000,0.31420000,0.31430000,3753362.20000000
1760270400000,0.31430000,0.31630000,0.31420000,0.31590000,13386687.00000000
1760274000000,0.31600000,0.31600000,0.31500000,0.31530000,9317341.00000000
1760277600000,0.31520000,0.32030000,0.31520000,0.31870000,52034086.80000000
1760281200000,0.31870000,0.32300000,0.31860000,0.32280000,51194643.50000000
1760284800000,0.32280000,0.32410000,0.32230000,0.32270000,46633147.10000000
1760288400000,0.32270000,0.32400000,0.32250000,0.32320000,27848298.80000000
1760292000000,0.32310000,0.32330000,0.32210000,0.32240000,9677282.80000000
1760295600000,0.32230000,0.32250000,0.32210000,0.32240000,2892361.90000000
1760299200000,0.32250000,0.32300000,0.32200000,0.32230000,16561059.20000000
1760302800000,0.32230000,0.32250000,0.32140000,0.32250000,15128130.50000000
1760306400000,0.32250000,0.32310000,0.32200000,0.32240000,12147983.80000000
1760310000000,0.32240000,0.32280000,0.32190000,0.32270000,8596604.00000000
1760313600000,0.32280000,0.32340000,0.32220000,0.32280000,14641215.20000000
1760317200000,0.32280000,0.32380000,0.32210000,0.32370000,16494129.60000000
1760320800000,0.32380000,0.32430000,0.32330000,0.32340000,6854749.30000000
1760324400000,0.32330000,0.32430000,0.32330000,0.32370000,11307360.40000000
1760328000000,0.32360000,0.32380000,0.32300000,0.32330000,6615850.80000000
1760331600000,0.32330000,0.32330000,0.32240000,0.32250000,7786354.60000000
1760335200000,0.32250000,0.32330000,0.32220000,0.32290000,12377420.10000000
1760338800000,0.32290000,0.32370000,0.32260000,0.32300000,9894074.40000000
1760342400000,0.32310000,0.32340000,0.32250000,0.32260000,7139806.10000000
1760346000000,0.32260000,0.32280000,0.32140000,0.32170000,17929031.90000000
1760349600000,0.32160000,0.32190000,0.32090000,0.32160000,11311822.60000000
1760353200000,0.32160000,0.32210000,0.32000000,0.32060000,23737261.10000000
1760356800000,0.32060000,0.32150000,0.32020000,0.32080000,10318640.50000000
1760360400000,0.32080000,0.32210000,0.32040000,0.32200000,22389998.90000000
1760364000000,0.32190000,0.32220000,0.31990000,0.32020000,27107635.50000000
1760367600000,0.32010000,0.32120000,0.32010000,0.32090000,12616404.80000000
1760371200000,0.32080000,0.32150000,0.32040000,0.32080000,17640352.60000000
1760374800000,0.32070000,0.32320000,0.32070000,0.32320000,20033070.40000000
1760378400000,0.32310000,0.32350000,0.32240000,0.32250000,16893111.10000000
1760382000000,0.32250000,0.32380000,0.32240000,0.32340000,22752085.80000000
1760385600000,0.32350000,0.32400000,0.32320000,0.32400000,5183842.90000000
1760389200000,0.32400000,0.32410000,0.32350000,0.32370000,6472501.80000000
1760392800000,0.32360000,0.32390000,0.32300000,0.32330000,3512966.00000000
1760396400000,0.32330000,0.32340000,0.32250000,0.32270000,6122518.30000000
1760400000000,0.32270000,0.32310000,0.32200000,0.32260000,10763784.30000000
1760403600000,0.32260000,0.32260000,0.32210000,0.32230000,2982535.40000000
1760407200000,0.32220000,0.32240000,0.32150000,0.32150000,8534580.10000000
1760410800000,0.32150000,0.32160000,0.32030000,0.32050000,12181142.50000000
1760414400000,0.32060000,0.32060000,0.31800000,0.31890000,22327609.00000000
1760418000000,0.31890000,0.31960000,0.31700000,0.31720000,25758343.70000000
1760421600000,0.31710000,0.31750000,0.31160000,0.31300000,60176825.50000000
1760425200000,0.31300000,0.31360000,0.31100000,0.31170000,34187866.90000000
1760428800000,0.31180000,0.31220000,0.31080000,0.31200000,20561204.90000000
1760432400000,0.31200000,0.31240000,0.31100000,0.31140000,12423261.40000000
1760436000000,0.31150000,0.31150000,0.30760000,0.30890000,42016123.60000000
1760439600000,0.30890000,0.31160000,0.30880000,0.31130000,23145470.80000000
1760443200000,0.31120000,0.31170000,0.30980000,0.31010000,30155602.00000000
1760446800000,0.31000000,0.31100000,0.30830000,0.31040000,35162251.70000000
1760450400000,0.31030000,0.31330000,0.31000000,0.31160000,33842269.60000000
1760454000000,0.31170000,0.31400000,0.31060000,0.31400000,28481897.90000000
1760457600000,0.31400000,0.31760000,0.31320000,0.31590000,57138071.80000000
1760461200000,0.31590000,0.31830000,0.31460000,0.31640000,31076518.10000000
1760464800000,0.31640000,0.31760000,0.31620000,0.31660000,12067342.20000000
1760468400000,0.31660000,0.31720000,0.31370000,0.31500000,32183489.30000000
1760472000000,0.31510000,0.31610000,0.31500000,0.31570000,12705435.30000000
1760475600000,0.31570000,0.31680000,0.31510000,0.31670000,11260169.20000000
1760479200000,0.31670000,0.31720000,0.31610000,0.31650000,7056611.70000000
1760482800000,0.31650000,0.31730000,0.31640000,0.31680000,4989747.30000000
1760486400000,0.31670000,0.31740000,0.31610000,0.31730000,9533469.00000000
1760490000000,0.31740000,0.31760000,0.31650000,0.31720000,4328527.00000000
1760493600000,0.31720000,0.31860000,0.31710000,0.31780000,7796495.00000000
1760497200000,0.31770000,0.31790000,0.31640000,0.31680000,9616858.80000000
1760500800000,0.31670000,0.31800000,0.31640000,0.31770000,7095752.80000000
1760504400000,0.31780000,0.31830000,0.31710000,0.31750000,6489846.30000000
1760508000000,0.31750000,0.31790000,0.31660000,0.31770000,12981836.10000000
1760511600000,0.31760000,0.31830000,0.31700000,0.31820000,12255145.20000000
1760515200000,0.31810000,0.32090000,0.31790000,0.32020000,22923163.60000000
1760518800000,0.32020000,0.32080000,0.31980000,0.32060000,16239820.60000000
1760522400000,0.32070000,0.32140000,0.31850000,0.31850000,20739028.90000000
1760526000000,0.31850000,0.31880000,0.31770000,0.31810000,9179878.00000000
1760529600000,0.31810000,0.31840000,0.31660000,0.31730000,9835096.60000000
1760533200000,0.31730000,0.31830000,0.31580000,0.31680000,27578512.10000000
1760536800000,0.31680000,0.31760000,0.31410000,0.31450000,24103961.40000000
1760540400000,0.31460000,0.31490000,0.31170000,0.31200000,31396641.40000000
1760544000000,0.31200000,0.31550000,0.31150000,0.31450000,37666789.90000000
1760547600000,0.31440000,0.31690000,0.31360000,0.31690000,55751149.90000000
1760551200000,0.31690000,0.31810000,0.31610000,0.31790000,18908171.80000000
1760554800000,0.31790000,0.31800000,0.31690000,0.31740000,13259487.70000000
1760558400000,0.31740000,0.31840000,0.31640000,0.31770000,21861648.60000000
1760562000000,0.31770000,0.31890000,0.31710000,0.31830000,13429621.60000000
1760565600000,0.31820000,0.31940000,0.31820000,0.31890000,7325739.80000000
1760569200000,0.31880000,0.31980000,0.31870000,0.31920000,6440736.70000000
1760572800000,0.31930000,0.32060000,0.31920000,0.31970000,20143075.00000000
1760576400000,0.31980000,0.32040000,0.31960000,0.32030000,7292359.30000000
1760580000000,0.32030000,0.32090000,0.32000000,0.32090000,10610404.20000000
1760583600000,0.32090000,0.32220000,0.32070000,0.32140000,17990001.30000000
1760587200000,0.32140000,0.32180000,0.32080000,0.32090000,7776819.30000000
1760590800000,0.32090000,0.32110000,0.32020000,0.32050000,9634754.40000000
1760594400000,0.32050000,0.32270000,0.32040000,0.32240000,15409742.20000000
1760598000000,0.32240000,0.32250000,0.32150000,0.32160000,8503746.00000000
1760601600000,0.32170000,0.32190000,0.32120000,0.32170000,4741554.50000000
1760605200000,0.32160000,0.32240000,0.31960000,0.32200000,40756937.20000000
1760608800000,0.32210000,0.32340000,0.32200000,0.32300000,17582284.10000000
1760612400000,0.32300000,0.32330000,0.32260000,0.32310000,6749959.20000000
1760616000000,0.32300000,0.32350000,0.32240000,0.32250000,9007238.10000000
1760619600000,0.32240000,0.32250000,0.32110000,0.32120000,14678948.60000000
1760623200000,0.32120000,0.32260000,0.32040000,0.32180000,24792294.30000000
1760626800000,0.32170000,0.32220000,0.31770000,0.31780000,38403305.80000000
1760630400000,0.31780000,0.32050000,0.31710000,0.32050000,33544717.40000000
1760634000000,0.32040000,0.32070000,0.31940000,0.31950000,14584943.90000000
1760637600000,0.31950000,0.31960000,0.31540000,0.31730000,40390983.10000000
1760641200000,0.31720000,0.31790000,0.31520000,0.31540000,38154875.60000000
1760644800000,0.31540000,0.31590000,0.31340000,0.31410000,25044768.80000000
1760648400000,0.31420000,0.31560000,0.31360000,0.31560000,11910309.00000000
1760652000000,0.31560000,0.31590000,0.31420000,0.31420000,10052989.10000000
1760655600000,0.31420000,0.31610000,0.31410000,0.31600000,10889791.80000000
1760659200000,0.31600000,0.31700000,0.31550000,0.31680000,11118958.10000000
1760662800000,0.31680000,0.31800000,0.31630000,0.31680000,14857662.30000000
1760666400000,0.31680000,0.31740000,0.31570000,0.31680000,11762047.10000000
1760670000000,0.31680000,0.31730000,0.31620000,0.31660000,8770032.00000000
1760673600000,0.31670000,0.31740000,0.31660000,0.31720000,4284552.80000000
1760677200000,0.31710000,0.31780000,0.31650000,0.31680000,7372244.20000000
1760680800000,0.31670000,0.31680000,0.31190000,0.31200000,36933806.30000000
1760684400000,0.31200000,0.31220000,0.30770000,0.30770000,55427993.80000000
1760688000000,0.30780000,0.30790000,0.30560000,0.30580000,43388339.80000000
1760691600000,0.30580000,0.30830000,0.30570000,0.30790000,29748976.30000000
1760695200000,0.30800000,0.30830000,0.30640000,0.30730000,19357236.90000000
1760698800000,0.30730000,0.31090000,0.30720000,0.31050000,33192343.30000000
1760702400000,0.31050000,0.31070000,0.30840000,0.30850000,12206793.60000000
1760706000000,0.30850000,0.30870000,0.30610000,0.30770000,47533137.80000000
1760709600000,0.30770000,0.30820000,0.30460000,0.30580000,38744470.10000000
1760713200000,0.30590000,0.30900000,0.30570000,0.30900000,34083530.90000000
1760716800000,0.30900000,0.31050000,0.30860000,0.30900000,29829023.00000000
1760720400000,0.30900000,0.30950000,0.30840000,0.30920000,13737430.80000000
1760724000000,0.30910000,0.31000000,0.30850000,0.30870000,14208683.60000000
1760727600000,0.30870000,0.30940000,0.30760000,0.30790000,9951824.00000000
1760731200000,0.30800000,0.30990000,0.30760000,0.30960000,14383825.30000000
1760734800000,0.30950000,0.31040000,0.30940000,0.30990000,12822655.10000000
1760738400000,0.30990000,0.31010000,0.30900000,0.30930000,4266761.70000000
1760742000000,0.30920000,0.30930000,0.30880000,0.30890000,2063660.00000000
1760745600000,0.30900000,0.31070000,0.30870000,0.30980000,12226092.30000000
1760749200000,0.30980000,0.31180000,0.30980000,0.31170000,14809379.80000000
1760752800000,0.31170000,0.31210000,0.31040000,0.31070000,11439023.30000000
1760756400000,0.31080000,0.31270000,0.31070000,0.31220000,9025760.20000000
1760760000000,0.31230000,0.31240000,0.31120000,0.31130000,3132502.80000000
1760763600000,0.31130000,0.31210000,0.31120000,0.31210000,4520015.10000000
1760767200000,0.31210000,0.31300000,0.31180000,0.31220000,8391396.50000000
1760770800000,0.31210000,0.31290000,0.31140000,0.31240000,13816089.30000000
1760774400000,0.31240000,0.31360000,0.31230000,0.31260000,11615969.60000000
1760778000000,0.31270000,0.31340000,0.31200000,0.31320000,10789640.70000000
1760781600000,0.31320000,0.31340000,0.31250000,0.31300000,4602620.30000000
1760785200000,0.31300000,0.31370000,0.31290000,0.31350000,4847082.00000000
1760788800000,0.31350000,0.31420000,0.31290000,0.31320000,5147086.60000000
1760792400000,0.31320000,0.31320000,0.31250000,0.31270000,4127845.40000000
1760796000000,0.31270000,0.31360000,0.31200000,0.31360000,7467606.40000000
1760799600000,0.31360000,0.31380000,0.31260000,0.31380000,6011396.50000000
1760803200000,0.31380000,0.31390000,0.31290000,0.31370000,4328913.20000000
1760806800000,0.31370000,0.31450000,0.31340000,0.31430000,4453046.50000000
1760810400000,0.31440000,0.31450000,0.31390000,0.31420000,2597923.80000000
1760814000000,0.31430000,0.31470000,0.31400000,0.31420000,2796487.40000000
1760817600000,0.31420000,0.31430000,0.31320000,0.31320000,2924376.00000000
1760821200000,0.31320000,0.31350000,0.31270000,0.31330000,5769195.50000000
1760824800000,0.31320000,0.31340000,0.31260000,0.31270000,3886527.50000000
1760828400000,0.31280000,0.31310000,0.31260000,0.31300000,1583150.00000000
1760832000000,0.31300000,0.31330000,0.31260000,0.31260000,3312288.80000000
1760835600000,0.31270000,0.31380000,0.31240000,0.31360000,4004427.80000000
1760839200000,0.31370000,0.31530000,0.31360000,0.31520000,10061384.30000000
1760842800000,0.31520000,0.31530000,0.31370000,0.31420000,10207253.30000000
1760846400000,0.31420000,0.31500000,0.31420000,0.31470000,4735461.30000000
1760850000000,0.31460000,0.31480000,0.31400000,0.31440000,2231699.00000000
1760853600000,0.31440000,0.31450000,0.31330000,0.31350000,5118687.70000000
1760857200000,0.31340000,0.31410000,0.31330000,0.31410000,2719219.10000000
1760860800000,0.31410000,0.31540000,0.31390000,0.31460000,15612045.20000000
1760864400000,0.31450000,0.31680000,0.31410000,0.31660000,15048119.50000000
1760868000000,0.31660000,0.31780000,0.31640000,0.31760000,11744116.60000000
1760871600000,0.31760000,0.31860000,0.31750000,0.31810000,7929831.20000000
1760875200000,0.31810000,0.31840000,0.31740000,0.31830000,4988282.40000000
1760878800000,0.31830000,0.31930000,0.31790000,0.31900000,6733201.80000000
1760882400000,0.31900000,0.32010000,0.31870000,0.32000000,9621105.10000000
1760886000000,0.32000000,0.32000000,0.31940000,0.31990000,3045819.40000000
1760889600000,0.31980000,0.32030000,0.31810000,0.31820000,10149646.90000000
1760893200000,0.31810000,0.31910000,0.31800000,0.31900000,9957044.50000000
1760896800000,0.31900000,0.32050000,0.31900000,0.32040000,7578533.10000000
1760900400000,0.32040000,0.32060000,0.32020000,0.32030000,2582334.20000000
1760904000000,0.32030000,0.32080000,0.32010000,0.32030000,4187579.10000000
1760907600000,0.32030000,0.32040000,0.31990000,0.32030000,3517563.50000000
1760911200000,0.32030000,0.32110000,0.32000000,0.32100000,7407139.40000000
1760914800000,0.32090000,0.32100000,0.32010000,0.32050000,5712844.80000000
1760918400000,0.32050000,0.32060000,0.31790000,0.32040000,21801976.40000000
1760922000000,0.32040000,0.32100000,0.32000000,0.32020000,10454899.40000000
1760925600000,0.32020000,0.32120000,0.31920000,0.32100000,14830552.10000000
1760929200000,0.32100000,0.32160000,0.32030000,0.32090000,17270270.10000000
1760932800000,0.32090000,0.32180000,0.32070000,0.32180000,11362070.20000000
1760936400000,0.32180000,0.32310000,0.32150000,0.32290000,23134000.90000000
1760940000000,0.32290000,0.32340000,0.32260000,0.32280000,10509255.70000000
1760943600000,0.32280000,0.32320000,0.32250000,0.32310000,5265722.30000000
1760947200000,0.32310000,0.32410000,0.32280000,0.32340000,13957437.60000000
1760950800000,0.32340000,0.32420000,0.32300000,0.32380000,12517091.10000000
1760954400000,0.32390000,0.32410000,0.32290000,0.32320000,11210351.10000000
1760958000000,0.32320000,0.32350000,0.32280000,0.32290000,6168201.00000000
1760961600000,0.32290000,0.32300000,0.32220000,0.32260000,5147356.10000000
1760965200000,0.32260000,0.32300000,0.32250000,0.32280000,5475602.80000000
1760968800000,0.32290000,0.32330000,0.32250000,0.32280000,6539353.10000000
1760972400000,0.32270000,0.32290000,0.32190000,0.32200000,8641336.70000000
1760976000000,0.32190000,0.32230000,0.32090000,0.32140000,23248780.30000000
1760979600000,0.32130000,0.32170000,0.32080000,0.32120000,8819178.30000000
1760983200000,0.32110000,0.32180000,0.32100000,0.32180000,4352916.60000000
1760986800000,0.32170000,0.32240000,0.32160000,0.32220000,6886331.50000000
1760990400000,0.32220000,0.32250000,0.32200000,0.32220000,2810551.70000000
1760994000000,0.32220000,0.32230000,0.32170000,0.32200000,2931195.80000000
1760997600000,0.32200000,0.32270000,0.32190000,0.32250000,5992487.10000000
1761001200000,0.32250000,0.32290000,0.32230000,0.32240000,4739409.20000000
1761004800000,0.32240000,0.32260000,0.32210000,0.32230000,2382771.40000000
1761008400000,0.32230000,0.32260000,0.32190000,0.32220000,6448312.10000000
1761012000000,0.32210000,0.32220000,0.32080000,0.32090000,18890299.40000000
1761015600000,0.32100000,0.32140000,0.32090000,0.32100000,3074369.60000000
1761019200000,0.32090000,0.32100000,0.31780000,0.31800000,22170065.40000000
1761022800000,0.31800000,0.31850000,0.31740000,0.31830000,10416180.80000000
1761026400000,0.31840000,0.32040000,0.31830000,0.31980000,12264467.80000000
1761030000000,0.31980000,0.32090000,0.31910000,0.32040000,12401404.90000000
1761033600000,0.32040000,0.32070000,0.32000000,0.32020000,6594503.50000000
1761037200000,0.32020000,0.32070000,0.31970000,0.32060000,9190838.50000000
1761040800000,0.32050000,0.32160000,0.32020000,0.32130000,13574360.40000000
1761044400000,0.32130000,0.32210000,0.32110000,0.32160000,11460124.30000000
1761048000000,0.32160000,0.32270000,0.32140000,0.32210000,9204610.60000000
1761051600000,0.32200000,0.32310000,0.32160000,0.32240000,20469448.60000000
1761055200000,0.32240000,0.32460000,0.32220000,0.32460000,37878554.20000000
1761058800000,0.32460000,0.32500000,0.32390000,0.32500000,14238194.60000000
1761062400000,0.32500000,0.32530000,0.32400000,0.32420000,16010147.10000000
1761066000000,0.32420000,0.32480000,0.32350000,0.32380000,18991999.80000000
1761069600000,0.32380000,0.32420000,0.32330000,0.32400000,9325380.20000000
1761073200000,0.32400000,0.32490000,0.32390000,0.32460000,7136400.50000000
1761076800000,0.32460000,0.32470000,0.32330000,0.32360000,11663504.40000000
1761080400000,0.32350000,0.32410000,0.32290000,0.32380000,14936100.30000000
1761084000000,0.32370000,0.32440000,0.32240000,0.32270000,21179365.30000000
1761087600000,0.32260000,0.32330000,0.32140000,0.32170000,15834354.70000000
1761091200000,0.32160000,0.32260000,0.32130000,0.32180000,15504903.70000000
1761094800000,0.32170000,0.32290000,0.32170000,0.32270000,10997163.30000000
1761098400000,0.32280000,0.32360000,0.32270000,0.32350000,7286122.40000000
1761102000000,0.32340000,0.32340000,0.32210000,0.32260000,6134722.70000000
1761105600000,0.32250000,0.32350000,0.32240000,0.32320000,8445597.90000000
1761109200000,0.32330000,0.32330000,0.32190000,0.32290000,15353545.80000000
1761112800000,0.32290000,0.32350000,0.32270000,0.32300000,5841108.40000000
1761116400000,0.32300000,0.32300000,0.32210000,0.32290000,9452328.20000000
1761120000000,0.32280000,0.32510000,0.32260000,0.32390000,32587143.20000000
1761123600000,0.32380000,0.32450000,0.32350000,0.32390000,12115783.50000000
1761127200000,0.32380000,0.32430000,0.31820000,0.31850000,73648526.50000000
1761130800000,0.31850000,0.32030000,0.31750000,0.32030000,28841701.50000000
1761134400000,0.32030000,0.32090000,0.31940000,0.31990000,23532789.00000000
1761138000000,0.32000000,0.32170000,0.31970000,0.32140000,24583919.10000000
1761141600000,0.32150000,0.32190000,0.31960000,0.32170000,39424017.10000000
1761145200000,0.32170000,0.32250000,0.32070000,0.32180000,29862403.60000000
1761148800000,0.32180000,0.32230000,0.32100000,0.32140000,21749618.80000000
1761152400000,0.32140000,0.32170000,0.31990000,0.32000000,14942560.00000000
1761156000000,0.32000000,0.32070000,0.31940000,0.32070000,10437562.90000000
1761159600000,0.32070000,0.32160000,0.32040000,0.32090000,14587603.70000000
1761163200000,0.32080000,0.32120000,0.32010000,0.32040000,11446667.10000000
1761166800000,0.32040000,0.32040000,0.31820000,0.31860000,19723257.70000000
1761170400000,0.31860000,0.31980000,0.31840000,0.31940000,7843252.00000000
1761174000000,0.31930000,0.32270000,0.31930000,0.32260000,26033478.30000000
1761177600000,0.32260000,0.32270000,0.32190000,0.32200000,7782036.90000000
1761181200000,0.32200000,0.32240000,0.32190000,0.32190000,4050754.80000000
1761184800000,0.32200000,0.32230000,0.32170000,0.32200000,3222967.40000000
1761188400000,0.32200000,0.32250000,0.32200000,0.32220000,4193045.40000000
1761192000000,0.32210000,0.32240000,0.32180000,0.32190000,6429003.90000000
1761195600000,0.32180000,0.32330000,0.32180000,0.32270000,11447420.90000000
1761199200000,0.32270000,0.32360000,0.32250000,0.32300000,11908459.80000000
1761202800000,0.32310000,0.32310000,0.32230000,0.32280000,10214736.90000000
1761206400000,0.32280000,0.32310000,0.32230000,0.32260000,11691909.00000000
1761210000000,0.32260000,0.32300000,0.32250000,0.32280000,6538952.10000000
1761213600000,0.32280000,0.32290000,0.32160000,0.32200000,11006944.50000000
1761217200000,0.32210000,0.32230000,0.32160000,0.32190000,4018917.70000000
1761220800000,0.32180000,0.32290000,0.32140000,0.32230000,8696598.00000000
1761224400000,0.32230000,0.32240000,0.32080000,0.32080000,11801029.40000000
1761228000000,0.32090000,0.32120000,0.32010000,0.32030000,13455609.20000000
1761231600000,0.32030000,0.32030000,0.31560000,0.31620000,52525355.80000000
1761235200000,0.31620000,0.31620000,0.31330000,0.31490000,38735092.50000000
1761238800000,0.31490000,0.31770000,0.31420000,0.31620000,29861224.70000000
1761242400000,0.31620000,0.31630000,0.31520000,0.31530000,11057721.70000000
1761246000000,0.31520000,0.31620000,0.31490000,0.31620000,7196155.60000000
1761249600000,0.31610000,0.31680000,0.31560000,0.31590000,13034660.30000000
1761253200000,0.31590000,0.31640000,0.31510000,0.31520000,6841151.90000000
1761256800000,0.31510000,0.31520000,0.31380000,0.31380000,9996798.10000000
1761260400000,0.31380000,0.31410000,0.31300000,0.31390000,10277868.50000000
1761264000000,0.31380000,0.31390000,0.31260000,0.31310000,11135126.30000000
1761267600000,0.31310000,0.31430000,0.31290000,0.31370000,9781102.20000000
1761271200000,0.31370000,0.31500000,0.31200000,0.31230000,22263819.50000000
1761274800000,0.31230000,0.31340000,0.31140000,0.31210000,20439496.10000000
1761278400000,0.31220000,0.31440000,0.31200000,0.31380000,16931821.20000000
1761282000000,0.31380000,0.31400000,0.31300000,0.31390000,9750543.00000000
1761285600000,0.31380000,0.31400000,0.31310000,0.31360000,7134347.20000000
1761289200000,0.31360000,0.31380000,0.31280000,0.31320000,5905673.00000000
1761292800000,0.31310000,0.31330000,0.31220000,0.31270000,10432117.60000000
1761296400000,0.31270000,0.31290000,0.31110000,0.31130000,11351877.30000000
1761300000000,0.31120000,0.31150000,0.31000000,0.31050000,12159623.90000000
1761303600000,0.31050000,0.31240000,0.31030000,0.31150000,16843371.40000000
1761307200000,0.31150000,0.31340000,0.31120000,0.31190000,19840021.80000000
1761310800000,0.31180000,0.31220000,0.30910000,0.31010000,35951542.90000000
1761314400000,0.31000000,0.31010000,0.30780000,0.30800000,21835683.20000000
1761318000000,0.30810000,0.30840000,0.30710000,0.30750000,16018042.00000000
1761321600000,0.30740000,0.30750000,0.30380000,0.30480000,40981695.40000000
1761325200000,0.30480000,0.30500000,0.30310000,0.30340000,21234933.90000000
1761328800000,0.30340000,0.30470000,0.30330000,0.30370000,15641973.10000000
1761332400000,0.30380000,0.30540000,0.30360000,0.30470000,20796848.20000000
1761336000000,0.30470000,0.30540000,0.30460000,0.30500000,11462867.20000000
1761339600000,0.30500000,0.30590000,0.30480000,0.30580000,10103848.10000000
1761343200000,0.30580000,0.30640000,0.30430000,0.30430000,11536338.10000000
1761346800000,0.30430000,0.30450000,0.30330000,0.30370000,13617664.30000000
1761350400000,0.30380000,0.30400000,0.29820000,0.29840000,55872632.80000000
1761354000000,0.29850000,0.29980000,0.29650000,0.29830000,71270345.70000000
1761357600000,0.29830000,0.30040000,0.29790000,0.29820000,34148190.70000000
1761361200000,0.29830000,0.29990000,0.29830000,0.29960000,23293058.00000000
1761364800000,0.29950000,0.30040000,0.29370000,0.29530000,57949630.90000000
1761368400000,0.29540000,0.29600000,0.29390000,0.29540000,42604638.10000000
1761372000000,0.29540000,0.29610000,0.29480000,0.29530000,15624593.90000000
1761375600000,0.29520000,0.29870000,0.29490000,0.29840000,29214181.10000000
1761379200000,0.29840000,0.29900000,0.29770000,0.29810000,14558218.80000000
1761382800000,0.29810000,0.29830000,0.29740000,0.29770000,9221560.50000000
1761386400000,0.29760000,0.29850000,0.29750000,0.29820000,6166302.90000000
1761390000000,0.29810000,0.29860000,0.29770000,0.29820000,6917999.20000000
1761393600000,0.29810000,0.29950000,0.29760000,0.29850000,18911940.60000000
1761397200000,0.29850000,0.29900000,0.29830000,0.29840000,7397897.00000000
1761400800000,0.29850000,0.29860000,0.29750000,0.29800000,8806100.70000000
1761404400000,0.29790000,0.29840000,0.29760000,0.29800000,6533929.00000000
1761408000000,0.29800000,0.29810000,0.29730000,0.29750000,5873283.30000000
1761411600000,0.29760000,0.29810000,0.29740000,0.29810000,3686502.00000000
1761415200000,0.29800000,0.29820000,0.29730000,0.29750000,6029726.60000000
1761418800000,0.29750000,0.29890000,0.29700000,0.29890000,9928390.90000000
1761422400000,0.29890000,0.29890000,0.29750000,0.29760000,7942373.20000000
1761426000000,0.29760000,0.29840000,0.29750000,0.29840000,4715680.20000000
1761429600000,0.29830000,0.29850000,0.29760000,0.29810000,5939008.70000000
1761433200000,0.29800000,0.29820000,0.29670000,0.29710000,12486172.70000000
1761436800000,0.29700000,0.29710000,0.29590000,0.29620000,8342960.20000000
1761440400000,0.29630000,0.29780000,0.29610000,0.29710000,12460284.40000000
1761444000000,0.29710000,0.29750000,0.29650000,0.29710000,10870438.30000000
1761447600000,0.29710000,0.29720000,0.29630000,0.29650000,6710300.50000000
1761451200000,0.29640000,0.29670000,0.29450000,0.29480000,17093055.30000000
1761454800000,0.29480000,0.29490000,0.29420000,0.29470000,7782425.80000000
1761458400000,0.29460000,0.29570000,0.29440000,0.29540000,5997310.00000000
1761462000000,0.29540000,0.29610000,0.29510000,0.29550000,5618171.10000000
1761465600000,0.29550000,0.29630000,0.29530000,0.29600000,7317822.00000000
1761469200000,0.29600000,0.29800000,0.29580000,0.29740000,32040799.70000000
1761472800000,0.29730000,0.29780000,0.29670000,0.29690000,10613596.10000000
1761476400000,0.29700000,0.29950000,0.29670000,0.29910000,23476846.30000000
1761480000000,0.29910000,0.30050000,0.29910000,0.30050000,25922927.40000000
1761483600000,0.30050000,0.30130000,0.29980000,0.30080000,21981928.40000000
1761487200000,0.30080000,0.30110000,0.30000000,0.30010000,13208764.20000000
1761490800000,0.30020000,0.30030000,0.29990000,0.30030000,4151376.30000000
1761494400000,0.30030000,0.30030000,0.29860000,0.29870000,12832884.80000000
1761498000000,0.29860000,0.29980000,0.29850000,0.29950000,7240095.30000000
1761501600000,0.29950000,0.30020000,0.29900000,0.29930000,9043647.10000000
1761505200000,0.29930000,0.29940000,0.29870000,0.29890000,3313996.90000000
1761508800000,0.29880000,0.29910000,0.29800000,0.29890000,9341234.10000000
1761512400000,0.29890000,0.29960000,0.29830000,0.29870000,12709808.60000000
1761516000000,0.29870000,0.30170000,0.29870000,0.30110000,38739585.30000000
1761519600000,0.30110000,0.30140000,0.30020000,0.30030000,16597128.50000000
1761523200000,0.30030000,0.30150000,0.30000000,0.30050000,20134667.50000000
1761526800000,0.30050000,0.30150000,0.30010000,0.30090000,13224952.40000000
1761530400000,0.30090000,0.30160000,0.30050000,0.30060000,13735306.90000000
1761534000000,0.30060000,0.30210000,0.30050000,0.30170000,11721847.80000000
1761537600000,0.30170000,0.30190000,0.30070000,0.30090000,8255918.00000000
1761541200000,0.30090000,0.30240000,0.30070000,0.30130000,14436199.60000000
1761544800000,0.30140000,0.30190000,0.30090000,0.30140000,13622496.60000000
1761548400000,0.30140000,0.30170000,0.30040000,0.30130000,14764142.30000000
1761552000000,0.30130000,0.30170000,0.29980000,0.30020000,14663768.10000000
1761555600000,0.30020000,0.30060000,0.29960000,0.30010000,15462616.80000000
1761559200000,0.30010000,0.30040000,0.29960000,0.29960000,8586354.80000000
1761562800000,0.29970000,0.30020000,0.29900000,0.30000000,10671647.00000000
1761566400000,0.30010000,0.30010000,0.29880000,0.29890000,6732374.70000000
1761570000000,0.29890000,0.29950000,0.29760000,0.29860000,20448858.00000000
1761573600000,0.29860000,0.29880000,0.29770000,0.29790000,11983237.40000000
1761577200000,0.29800000,0.29880000,0.29780000,0.29880000,8923263.60000000
1761580800000,0.29880000,0.30040000,0.29870000,0.29980000,14570976.60000000
1761584400000,0.29980000,0.30040000,0.29960000,0.30000000,5485133.00000000
1761588000000,0.29990000,0.30050000,0.29970000,0.30030000,9029501.00000000
1761591600000,0.30030000,0.30030000,0.29970000,0.29970000,4550430.70000000
1761595200000,0.29970000,0.29980000,0.29910000,0.29920000,6998247.60000000
1761598800000,0.29930000,0.29980000,0.29860000,0.29870000,10930535.50000000
1761602400000,0.29860000,0.29910000,0.29830000,0.29830000,5618461.80000000
1761606000000,0.29830000,0.29850000,0.29770000,0.29830000,7292437.30000000
1761609600000,0.29830000,0.29900000,0.29810000,0.29860000,6583744.60000000
1761613200000,0.29870000,0.29950000,0.29870000,0.29910000,9647955.20000000
1761616800000,0.29910000,0.29920000,0.29770000,0.29830000,7711339.00000000
1761620400000,0.29830000,0.29870000,0.29770000,0.29790000,8387360.60000000
1761624000000,0.29800000,0.29930000,0.29780000,0.29910000,9802739.50000000
1761627600000,0.29910000,0.29940000,0.29660000,0.29670000,12010210.30000000
1761631200000,0.29670000,0.29770000,0.29560000,0.29700000,20057735.00000000
1761634800000,0.29700000,0.29820000,0.29660000,0.29780000,11037973.30000000
1761638400000,0.29770000,0.29830000,0.29710000,0.29760000,10705315.50000000
1761642000000,0.29760000,0.29800000,0.29720000,0.29790000,4984163.50000000
1761645600000,0.29790000,0.29790000,0.29730000,0.29770000,2833382.50000000
1761649200000,0.29770000,0.29770000,0.29710000,0.29740000,4508626.90000000
1761652800000,0.29740000,0.29810000,0.29710000,0.29810000,5025849.40000000
1761656400000,0.29810000,0.29960000,0.29800000,0.29950000,16259257.40000000
1761660000000,0.29950000,0.29980000,0.29750000,0.29920000,28843612.00000000
1761663600000,0.29920000,0.29970000,0.29860000,0.29900000,11106118.90000000
1761667200000,0.29900000,0.29950000,0.29870000,0.29940000,8087658.50000000
1761670800000,0.29940000,0.29970000,0.29930000,0.29950000,5848605.30000000
1761674400000,0.29950000,0.29980000,0.29900000,0.29940000,4360539.80000000
1761678000000,0.29930000,0.29950000,0.29690000,0.29770000,24083937.40000000
1761681600000,0.29760000,0.29770000,0.29450000,0.29480000,46732733.60000000
1761685200000,0.29480000,0.29500000,0.29320000,0.29460000,29968728.00000000
1761688800000,0.29470000,0.29570000,0.29450000,0.29570000,8250240.70000000
1761692400000,0.29570000,0.29590000,0.29500000,0.29540000,8278436.00000000
1761696000000,0.29550000,0.29580000,0.29520000,0.29550000,7465381.50000000
1761699600000,0.29550000,0.29560000,0.29460000,0.29510000,15402494.90000000
1761703200000,0.29510000,0.29610000,0.29500000,0.29580000,8785265.20000000
1761706800000,0.29590000,0.29630000,0.29550000,0.29610000,7629114.00000000
1761710400000,0.29610000,0.29680000,0.29600000,0.29630000,8083485.90000000
1761714000000,0.29630000,0.29720000,0.29620000,0.29720000,6990762.20000000
1761717600000,0.29710000,0.29750000,0.29690000,0.29740000,5144540.20000000
1761721200000,0.29740000,0.29820000,0.29720000,0.29810000,9822918.10000000
1761724800000,0.29810000,0.29840000,0.29740000,0.29770000,7000342.60000000
1761728400000,0.29770000,0.29790000,0.29680000,0.29710000,11425688.20000000
1761732000000,0.29700000,0.29800000,0.29680000,0.29710000,20690606.70000000
1761735600000,0.29710000,0.29730000,0.29640000,0.29690000,14406240.70000000
1761739200000,0.29690000,0.29740000,0.29660000,0.29740000,5982597.70000000
1761742800000,0.29740000,0.29780000,0.29670000,0.29690000,12879118.30000000
1761746400000,0.29700000,0.29700000,0.29630000,0.29650000,9897251.20000000
1761750000000,0.29650000,0.29680000,0.29500000,0.29540000,18474354.10000000
1761753600000,0.29530000,0.29600000,0.29470000,0.29540000,14282395.80000000
1761757200000,0.29540000,0.29630000,0.29530000,0.29590000,11045822.90000000
1761760800000,0.29600000,0.29620000,0.29070000,0.29430000,112112738.80000000
1761764400000,0.29430000,0.29670000,0.29420000,0.29520000,45025870.70000000
1761768000000,0.29520000,0.29640000,0.29500000,0.29640000,17646949.30000000
1761771600000,0.29640000,0.29740000,0.29620000,0.29680000,14267284.50000000
1761775200000,0.29690000,0.29740000,0.29660000,0.29720000,6000761.20000000
1761778800000,0.29720000,0.29730000,0.29590000,0.29610000,10604646.90000000
1761782400000,0.29610000,0.29660000,0.29570000,0.29640000,16677325.00000000
1761786000000,0.29640000,0.29780000,0.29600000,0.29700000,20173781.20000000
1761789600000,0.29700000,0.29850000,0.29690000,0.29810000,20926911.90000000
1761793200000,0.29810000,0.29820000,0.29730000,0.29760000,12568717.50000000
1761796800000,0.29750000,0.29760000,0.29360000,0.29360000,64509536.90000000
1761800400000,0.29360000,0.29600000,0.29340000,0.29590000,28361630.50000000
1761804000000,0.29580000,0.29680000,0.29520000,0.29670000,18813040.40000000
1761807600000,0.29670000,0.29770000,0.29650000,0.29730000,20912593.90000000
1761811200000,0.29730000,0.29740000,0.29650000,0.29700000,9418813.50000000
1761814800000,0.29700000,0.29730000,0.29570000,0.29630000,15852987.30000000
1761818400000,0.29630000,0.29690000,0.29600000,0.29650000,11425642.20000000
1761822000000,0.29650000,0.29650000,0.29580000,0.29590000,11889106.40000000
1761825600000,0.29580000,0.29600000,0.29230000,0.29250000,36255436.00000000
1761829200000,0.29250000,0.29320000,0.29000000,0.29070000,49951523.60000000
1761832800000,0.29070000,0.29230000,0.29060000,0.29230000,21432390.40000000
1761836400000,0.29230000,0.29260000,0.29110000,0.29170000,25126281.40000000
1761840000000,0.29180000,0.29320000,0.29160000,0.29260000,25137708.30000000
1761843600000,0.29260000,0.29270000,0.29020000,0.29130000,33757013.50000000
1761847200000,0.29130000,0.29150000,0.28990000,0.29010000,18147978.60000000
1761850800000,0.29010000,0.29070000,0.28840000,0.28850000,38734877.70000000
1761854400000,0.28850000,0.29100000,0.28830000,0.29090000,39446878.60000000
1761858000000,0.29100000,0.29180000,0.29070000,0.29180000,13026310.70000000
1761861600000,0.29170000,0.29230000,0.29130000,0.29160000,12117453.60000000
1761865200000,0.29170000,0.29270000,0.29130000,0.29250000,10012000.00000000
1761868800000,0.29240000,0.29400000,0.29220000,0.29350000,21549705.70000000
1761872400000,0.29360000,0.29420000,0.29350000,0.29370000,8837769.70000000
1761876000000,0.29370000,0.29390000,0.29320000,0.29360000,5786161.20000000
1761879600000,0.29370000,0.29400000,0.29310000,0.29350000,8017308.00000000
1761883200000,0.29350000,0.29510000,0.29350000,0.29500000,13914008.30000000
1761886800000,0.29490000,0.29510000,0.29460000,0.29500000,4283102.30000000
1761890400000,0.29490000,0.29540000,0.29450000,0.29540000,6986750.80000000
1761894000000,0.29540000,0.29560000,0.29470000,0.29500000,5888946.60000000
1761897600000,0.29500000,0.29520000,0.29460000,0.29500000,6285656.00000000
1761901200000,0.29500000,0.29600000,0.29490000,0.29590000,9171862.80000000
1761904800000,0.29580000,0.29630000,0.29550000,0.29560000,6664362.20000000
1761908400000,0.29560000,0.29590000,0.29510000,0.29580000,8447116.50000000
1761912000000,0.29570000,0.29640000,0.29550000,0.29550000,10521300.80000000
1761915600000,0.29560000,0.29610000,0.29540000,0.29580000,6692522.80000000
1761919200000,0.29570000,0.29670000,0.29550000,0.29660000,11107687.70000000
1761922800000,0.29660000,0.29660000,0.29570000,0.29620000,7857326.90000000
1761926400000,0.29620000,0.29620000,0.29390000,0.29410000,19641857.80000000
1761930000000,0.29400000,0.29480000,0.29360000,0.29470000,13530498.90000000
1761933600000,0.29480000,0.29560000,0.29410000,0.29540000,14355024.40000000
1761937200000,0.29540000,0.29690000,0.29500000,0.29640000,19575234.30000000
1761940800000,0.29630000,0.29650000,0.29580000,0.29610000,5776633.40000000
1761944400000,0.29610000,0.29660000,0.29590000,0.29610000,5807023.70000000
1761948000000,0.29620000,0.29650000,0.29610000,0.29610000,1991891.40000000
1761951600000,0.29620000,0.29650000,0.29610000,0.29620000,1849049.70000000
1761955200000,0.29630000,0.29640000,0.29590000,0.29630000,3015384.50000000
1761958800000,0.29630000,0.29640000,0.29570000,0.29590000,4092784.50000000
1761962400000,0.29580000,0.29590000,0.29540000,0.29590000,4914570.30000000
1761966000000,0.29590000,0.29610000,0.29570000,0.29580000,4199381.30000000
1761969600000,0.29580000,0.29620000,0.29570000,0.29590000,3532717.90000000
1761973200000,0.29580000,0.29590000,0.29530000,0.29530000,4888937.50000000
1761976800000,0.29530000,0.29600000,0.29490000,0.29590000,9339314.20000000
1761980400000,0.29600000,0.29640000,0.29590000,0.29630000,7971781.30000000
1761984000000,0.29630000,0.29720000,0.29610000,0.29680000,8758436.10000000
1761987600000,0.29680000,0.29720000,0.29660000,0.29660000,4308810.70000000
1761991200000,0.29670000,0.29690000,0.29650000,0.29670000,3295541.30000000
1761994800000,0.29670000,0.29700000,0.29660000,0.29700000,2259868.00000000
1761998400000,0.29700000,0.29710000,0.29670000,0.29680000,4217622.30000000
1762002000000,0.29680000,0.29700000,0.29600000,0.29620000,7096342.40000000
1762005600000,0.29630000,0.29630000,0.29560000,0.29620000,5224864.30000000
1762009200000,0.29620000,0.29700000,0.29590000,0.29690000,11823623.80000000
1762012800000,0.29690000,0.29800000,0.29690000,0.29740000,13695422.80000000
1762016400000,0.29750000,0.29750000,0.29710000,0.29740000,3266289.70000000
1762020000000,0.29730000,0.29780000,0.29710000,0.29770000,4204314.10000000
1762023600000,0.29770000,0.29790000,0.29720000,0.29750000,4801317.40000000
1762027200000,0.29740000,0.29760000,0.29730000,0.29750000,2444217.80000000
1762030800000,0.29740000,0.29770000,0.29710000,0.29720000,3701311.50000000
1762034400000,0.29720000,0.29760000,0.29710000,0.29750000,4302927.20000000
1762038000000,0.29750000,0.29770000,0.29740000,0.29750000,1475512.30000000
1762041600000,0.29750000,0.29750000,0.29690000,0.29710000,4100100.50000000
1762045200000,0.29710000,0.29720000,0.29600000,0.29610000,4177635.00000000
1762048800000,0.29620000,0.29650000,0.29570000,0.29580000,4907424.40000000
1762052400000,0.29570000,0.29600000,0.29550000,0.29580000,2978288.70000000
1762056000000,0.29580000,0.29680000,0.29570000,0.29670000,6809105.00000000
1762059600000,0.29660000,0.29680000,0.29640000,0.29660000,2805880.00000000
1762063200000,0.29670000,0.29670000,0.29610000,0.29630000,4323246.20000000
1762066800000,0.29640000,0.29690000,0.29610000,0.29680000,11434138.60000000
1762070400000,0.29670000,0.29680000,0.29630000,0.29670000,2198019.80000000
1762074000000,0.29660000,0.29680000,0.29600000,0.29610000,5010887.80000000
1762077600000,0.29620000,0.29640000,0.29530000,0.29540000,8302832.70000000
1762081200000,0.29530000,0.29610000,0.29530000,0.29590000,5409047.70000000
1762084800000,0.29600000,0.29600000,0.29560000,0.29570000,2881821.50000000
1762088400000,0.29560000,0.29570000,0.29510000,0.29560000,6254794.20000000
1762092000000,0.29560000,0.29590000,0.29520000,0.29540000,6637130.60000000
1762095600000,0.29530000,0.29610000,0.29530000,0.29600000,5089325.70000000
1762099200000,0.29590000,0.29610000,0.29530000,0.29610000,6379235.80000000
1762102800000,0.29610000,0.29620000,0.29580000,0.29590000,3380002.70000000
1762106400000,0.29590000,0.29630000,0.29590000,0.29620000,3358771.00000000
1762110000000,0.29620000,0.29640000,0.29560000,0.29570000,5968367.40000000
1762113600000,0.29570000,0.29630000,0.29570000,0.29620000,3711823.80000000
1762117200000,0.29630000,0.29680000,0.29620000,0.29640000,5235842.40000000
1762120800000,0.29640000,0.29680000,0.29630000,0.29670000,3582792.90000000
1762124400000,0.29680000,0.29850000,0.29680000,0.29810000,19185811.00000000
1762128000000,0.29810000,0.29840000,0.29760000,0.29800000,10863148.60000000
1762131600000,0.29790000,0.29810000,0.29700000,0.29730000,10431420.20000000
1762135200000,0.29720000,0.29730000,0.29550000,0.29630000,22494600.90000000
1762138800000,0.29620000,0.29680000,0.29340000,0.29370000,56868674.20000000
1762142400000,0.29360000,0.29390000,0.29270000,0.29390000,30267520.60000000
1762146000000,0.29390000,0.29470000,0.29360000,0.29390000,15397452.90000000
1762149600000,0.29400000,0.29460000,0.29280000,0.29350000,30604554.60000000
1762153200000,0.29340000,0.29440000,0.29310000,0.29400000,20075427.70000000
1762156800000,0.29400000,0.29430000,0.29330000,0.29420000,16626789.10000000
1762160400000,0.29420000,0.29610000,0.29420000,0.29490000,29641889.70000000
1762164000000,0.29480000,0.29550000,0.29290000,0.29310000,35885621.10000000
1762167600000,0.29300000,0.29390000,0.29290000,0.29320000,34448425.20000000
1762171200000,0.29320000,0.29340000,0.29160000,0.29190000,26196091.10000000
1762174800000,0.29190000,0.29240000,0.29010000,0.29220000,33463904.40000000
1762178400000,0.29230000,0.29310000,0.29190000,0.29310000,12685614.40000000
1762182000000,0.29310000,0.29320000,0.28770000,0.28790000,84098016.10000000
1762185600000,0.28780000,0.28860000,0.28600000,0.28630000,76926740.00000000
1762189200000,0.28620000,0.28720000,0.28580000,0.28630000,34072647.70000000
1762192800000,0.28630000,0.28630000,0.28340000,0.28390000,42885978.50000000
1762196400000,0.28380000,0.28480000,0.28340000,0.28430000,18930868.90000000
1762200000000,0.28430000,0.28440000,0.28070000,0.28140000,45876677.40000000
1762203600000,0.28140000,0.28310000,0.28110000,0.28310000,30288830.70000000
1762207200000,0.28310000,0.28310000,0.28180000,0.28220000,20556107.10000000
1762210800000,0.28210000,0.28220000,0.28010000,0.28130000,32099508.40000000
1762214400000,0.28130000,0.28210000,0.28050000,0.28130000,29940667.70000000
1762218000000,0.28130000,0.28380000,0.28080000,0.28380000,27714362.00000000
1762221600000,0.28370000,0.28380000,0.28310000,0.28360000,9922530.40000000
1762225200000,0.28360000,0.28560000,0.28340000,0.28460000,20572535.40000000
1762228800000,0.28470000,0.28530000,0.28420000,0.28430000,16477203.80000000
1762232400000,0.28430000,0.28490000,0.28000000,0.28010000,61993835.70000000
1762236000000,0.28010000,0.28230000,0.27910000,0.28180000,64660696.70000000
1762239600000,0.28180000,0.28190000,0.27750000,0.27850000,63672682.70000000
1762243200000,0.27850000,0.28040000,0.27640000,0.27970000,48137980.90000000
1762246800000,0.27970000,0.28070000,0.27920000,0.27990000,29333622.50000000
1762250400000,0.27980000,0.28100000,0.27960000,0.28050000,18238303.20000000
1762254000000,0.28060000,0.28140000,0.28040000,0.28130000,15464797.00000000
1762257600000,0.28140000,0.28220000,0.28050000,0.28080000,17654684.80000000
1762261200000,0.28080000,0.28150000,0.28010000,0.28090000,18773972.50000000
1762264800000,0.28080000,0.28320000,0.28030000,0.28310000,38555920.30000000
1762268400000,0.28310000,0.28460000,0.28260000,0.28310000,39623189.80000000
1762272000000,0.28300000,0.28360000,0.28110000,0.28130000,38218104.90000000
1762275600000,0.28120000,0.28200000,0.27940000,0.28120000,43608510.90000000
1762279200000,0.28130000,0.28130000,0.27880000,0.28050000,52405638.20000000
1762282800000,0.28050000,0.28170000,0.28010000,0.28020000,33246797.90000000
1762286400000,0.28020000,0.28180000,0.27700000,0.28160000,81099516.20000000
1762290000000,0.28150000,0.28270000,0.27940000,0.28270000,72523905.20000000
1762293600000,0.28270000,0.28590000,0.28230000,0.28540000,48051241.30000000
1762297200000,0.28550000,0.28590000,0.28490000,0.28550000,13683871.40000000
1762300800000,0.28550000,0.28670000,0.28380000,0.28410000,33607330.40000000
1762304400000,0.28410000,0.28420000,0.28070000,0.28280000,50620443.10000000
1762308000000,0.28280000,0.28550000,0.28280000,0.28530000,32764680.50000000
1762311600000,0.28530000,0.28650000,0.28530000,0.28600000,19569959.90000000
1762315200000,0.28600000,0.28610000,0.28520000,0.28560000,12709524.00000000
1762318800000,0.28560000,0.28600000,0.28520000,0.28540000,8158364.10000000
1762322400000,0.28540000,0.28620000,0.28530000,0.28590000,10420788.90000000
1762326000000,0.28580000,0.28630000,0.28520000,0.28580000,9325091.80000000
1762329600000,0.28590000,0.28590000,0.28480000,0.28580000,19790818.40000000
1762333200000,0.28570000,0.28680000,0.28560000,0.28640000,15605814.00000000
1762336800000,0.28630000,0.28640000,0.28540000,0.28560000,10762304.10000000
1762340400000,0.28560000,0.28710000,0.28550000,0.28710000,12198280.20000000
1762344000000,0.28700000,0.28710000,0.28630000,0.28690000,7202498.20000000
1762347600000,0.28690000,0.28750000,0.28650000,0.28740000,11424094.80000000
1762351200000,0.28730000,0.28790000,0.28670000,0.28750000,20941529.60000000
1762354800000,0.28750000,0.28830000,0.28690000,0.28760000,17192548.80000000
1762358400000,0.28760000,0.28810000,0.28690000,0.28800000,12935492.90000000
1762362000000,0.28800000,0.28860000,0.28770000,0.28820000,7964281.00000000
1762365600000,0.28810000,0.28900000,0.28800000,0.28890000,6240910.80000000
1762369200000,0.28880000,0.29020000,0.28870000,0.28940000,18183528.50000000
1762372800000,0.28930000,0.28990000,0.28930000,0.28950000,4916950.80000000
1762376400000,0.28960000,0.28970000,0.28920000,0.28950000,3500091.30000000
1762380000000,0.28950000,0.28960000,0.28900000,0.28910000,3762412.80000000
1762383600000,0.28900000,0.28930000,0.28890000,0.28890000,3226041.30000000
1762387200000,0.28900000,0.28910000,0.28840000,0.28870000,5976853.50000000
1762390800000,0.28870000,0.28930000,0.28790000,0.28920000,12953363.80000000
1762394400000,0.28910000,0.28950000,0.28860000,0.28900000,7926833.10000000
1762398000000,0.28900000,0.28920000,0.28870000,0.28890000,4601314.30000000
1762401600000,0.28900000,0.28930000,0.28880000,0.28890000,4242830.30000000
1762405200000,0.28890000,0.28900000,0.28690000,0.28700000,17439397.50000000
1762408800000,0.28710000,0.28770000,0.28680000,0.28690000,8428699.70000000
1762412400000,0.28690000,0.28710000,0.28630000,0.28690000,9137631.30000000
1762416000000,0.28690000,0.28700000,0.28620000,0.28660000,7937255.40000000
1762419600000,0.28670000,0.28750000,0.28660000,0.28710000,9712709.20000000
1762423200000,0.28700000,0.28760000,0.28670000,0.28730000,10044423.20000000
1762426800000,0.28740000,0.28740000,0.28670000,0.28700000,5599528.20000000
1762430400000,0.28700000,0.28710000,0.28620000,0.28630000,7325090.90000000
1762434000000,0.28630000,0.28740000,0.28620000,0.28700000,8237043.70000000
1762437600000,0.28700000,0.28720000,0.28300000,0.28320000,37123042.80000000
1762441200000,0.28310000,0.28420000,0.28220000,0.28260000,30048778.20000000
1762444800000,0.28260000,0.28340000,0.28200000,0.28320000,23080398.80000000
1762448400000,0.28310000,0.28400000,0.28300000,0.28380000,9017952.80000000
1762452000000,0.28390000,0.28450000,0.28310000,0.28430000,13256924.60000000
1762455600000,0.28420000,0.28460000,0.28380000,0.28420000,7657450.30000000
1762459200000,0.28420000,0.28430000,0.28340000,0.28410000,8645483.40000000
1762462800000,0.28410000,0.28490000,0.28390000,0.28430000,9477724.40000000
1762466400000,0.28430000,0.28440000,0.28360000,0.28400000,5922683.30000000
1762470000000,0.28410000,0.28410000,0.28330000,0.28390000,8527692.30000000
1762473600000,0.28380000,0.28460000,0.28340000,0.28440000,14574280.40000000
1762477200000,0.28450000,0.28490000,0.28350000,0.28460000,23544987.40000000
1762480800000,0.28460000,0.28550000,0.28380000,0.28500000,15774788.20000000
1762484400000,0.28500000,0.28610000,0.28490000,0.28580000,13045876.10000000
1762488000000,0.28580000,0.28650000,0.28530000,0.28640000,9000740.60000000
1762491600000,0.28650000,0.28750000,0.28650000,0.28690000,15516400.00000000
1762495200000,0.28690000,0.28700000,0.28650000,0.28660000,2745689.90000000
1762498800000,0.28660000,0.28720000,0.28620000,0.28700000,8747116.10000000
1762502400000,0.28700000,0.28710000,0.28600000,0.28640000,6718836.70000000
1762506000000,0.28630000,0.28690000,0.28550000,0.28640000,16396160.10000000
1762509600000,0.28640000,0.28680000,0.28490000,0.28530000,21338229.30000000
1762513200000,0.28530000,0.28530000,0.28350000,0.28470000,22523450.20000000
1762516800000,0.28460000,0.28480000,0.28360000,0.28410000,12282989.30000000
1762520400000,0.28410000,0.28500000,0.28370000,0.28450000,13369900.10000000
1762524000000,0.28450000,0.28670000,0.28330000,0.28620000,49083318.30000000
1762527600000,0.28620000,0.28680000,0.28540000,0.28660000,25200973.60000000
1762531200000,0.28660000,0.28920000,0.28650000,0.28880000,35010313.80000000
1762534800000,0.28880000,0.29140000,0.28850000,0.29030000,38698727.10000000
1762538400000,0.29040000,0.29260000,0.29020000,0.29200000,33210418.50000000
1762542000000,0.29200000,0.29240000,0.29150000,0.29240000,12132345.50000000
1762545600000,0.29240000,0.29330000,0.29200000,0.29280000,17523532.50000000
1762549200000,0.29280000,0.29430000,0.29270000,0.29420000,17386940.00000000
1762552800000,0.29420000,0.29420000,0.29320000,0.29370000,5013615.30000000
1762556400000,0.29370000,0.29370000,0.29190000,0.29230000,12946570.30000000
1762560000000,0.29230000,0.29300000,0.29150000,0.29150000,19936804.50000000
1762563600000,0.29150000,0.29390000,0.29140000,0.29390000,15123896.70000000
1762567200000,0.29390000,0.29480000,0.29290000,0.29320000,19081001.20000000
1762570800000,0.29310000,0.29360000,0.29190000,0.29200000,12848297.40000000
1762574400000,0.29190000,0.29260000,0.29180000,0.29190000,8504250.90000000
1762578000000,0.29180000,0.29210000,0.29090000,0.29100000,9047305.40000000
1762581600000,0.29110000,0.29180000,0.29050000,0.29150000,11193574.40000000
1762585200000,0.29150000,0.29190000,0.29070000,0.29180000,8478337.00000000
1762588800000,0.29180000,0.29230000,0.29130000,0.29220000,8381529.30000000
1762592400000,0.29220000,0.29280000,0.29190000,0.29240000,6562946.60000000
1762596000000,0.29230000,0.29280000,0.29190000,0.29220000,7420210.00000000
1762599600000,0.29220000,0.29270000,0.29190000,0.29210000,8453718.20000000
1762603200000,0.29210000,0.29260000,0.29170000,0.29250000,5741909.40000000
1762606800000,0.29260000,0.29270000,0.29190000,0.29210000,7137629.70000000
1762610400000,0.29210000,0.29250000,0.29190000,0.29230000,5895507.40000000
1762614000000,0.29230000,0.29230000,0.29050000,0.29100000,15919526.30000000
1762617600000,0.29100000,0.29130000,0.29030000,0.29110000,10865351.70000000
1762621200000,0.29110000,0.29170000,0.29090000,0.29160000,5725491.10000000
1762624800000,0.29160000,0.29170000,0.29090000,0.29110000,3661207.40000000
1762628400000,0.29110000,0.29120000,0.29000000,0.29060000,9301441.10000000
1762632000000,0.29070000,0.29160000,0.29060000,0.29140000,7633021.10000000
1762635600000,0.29130000,0.29170000,0.29110000,0.29170000,2650040.00000000
1762639200000,0.29170000,0.29190000,0.29150000,0.29180000,2898194.10000000
1762642800000,0.29170000,0.29200000,0.29120000,0.29160000,4071901.50000000
1762646400000,0.29160000,0.29170000,0.29090000,0.29100000,5625176.40000000
1762650000000,0.29100000,0.29130000,0.29070000,0.29130000,3181763.00000000
1762653600000,0.29130000,0.29130000,0.28930000,0.28940000,13985932.10000000
1762657200000,0.28940000,0.28990000,0.28900000,0.28970000,8794533.50000000
1762660800000,0.28970000,0.29010000,0.28960000,0.29000000,3772424.10000000
1762664400000,0.29000000,0.29030000,0.28970000,0.28970000,3145653.10000000
1762668000000,0.28980000,0.29000000,0.28940000,0.28970000,3566943.20000000
1762671600000,0.28970000,0.29030000,0.28960000,0.29010000,2929066.80000000
1762675200000,0.29010000,0.29020000,0.28930000,0.28960000,5182214.70000000
1762678800000,0.28960000,0.29030000,0.28900000,0.28920000,10609408.40000000
1762682400000,0.28920000,0.28980000,0.28890000,0.28970000,4571210.60000000
1762686000000,0.28980000,0.29000000,0.28950000,0.28970000,4366881.10000000
1762689600000,0.28960000,0.29030000,0.28960000,0.28970000,4927156.90000000
1762693200000,0.28970000,0.29030000,0.28940000,0.29020000,4365203.30000000
1762696800000,0.29020000,0.29190000,0.28980000,0.29090000,18910977.00000000
1762700400000,0.29080000,0.29190000,0.29080000,0.29150000,10118499.90000000
1762704000000,0.29160000,0.29190000,0.29110000,0.29170000,9536670.30000000
1762707600000,0.29170000,0.29210000,0.29120000,0.29180000,8202861.60000000
1762711200000,0.29190000,0.29240000,0.29130000,0.29230000,7459096.30000000
1762714800000,0.29230000,0.29240000,0.29200000,0.29240000,4840324.80000000
1762718400000,0.29240000,0.29270000,0.29170000,0.29180000,7001269.50000000
1762722000000,0.29170000,0.29190000,0.29120000,0.29130000,5616922.50000000
1762725600000,0.29130000,0.29140000,0.29080000,0.29100000,6337075.10000000
1762729200000,0.29110000,0.29140000,0.29020000,0.29060000,12387305.70000000
1762732800000,0.29060000,0.29210000,0.29020000,0.29160000,24503125.50000000
1762736400000,0.29170000,0.29210000,0.29120000,0.29180000,15855673.30000000
1762740000000,0.29180000,0.29230000,0.29140000,0.29200000,7844968.60000000
1762743600000,0.29200000,0.29300000,0.29200000,0.29280000,11952716.60000000
1762747200000,0.29290000,0.29350000,0.29240000,0.29350000,9424066.10000000
1762750800000,0.29350000,0.29570000,0.29330000,0.29400000,41571520.70000000
1762754400000,0.29410000,0.29440000,0.29340000,0.29400000,8858348.70000000
1762758000000,0.29400000,0.29430000,0.29330000,0.29380000,6320265.30000000
1762761600000,0.29380000,0.29410000,0.29320000,0.29380000,8888102.00000000
1762765200000,0.29390000,0.29450000,0.29380000,0.29450000,5795684.90000000
1762768800000,0.29450000,0.29460000,0.29400000,0.29430000,5064587.60000000
1762772400000,0.29420000,0.29450000,0.29410000,0.29430000,2458469.20000000
1762776000000,0.29430000,0.29440000,0.29390000,0.29430000,3601864.30000000
1762779600000,0.29430000,0.29520000,0.29420000,0.29500000,9607632.70000000
1762783200000,0.29510000,0.29510000,0.29320000,0.29350000,14780014.50000000
1762786800000,0.29360000,0.29500000,0.29330000,0.29390000,18981071.10000000
1762790400000,0.29390000,0.29460000,0.29350000,0.29390000,10719835.00000000
1762794000000,0.29400000,0.29500000,0.29390000,0.29480000,6823816.60000000
1762797600000,0.29490000,0.29530000,0.29440000,0.29500000,6184862.60000000
1762801200000,0.29500000,0.29610000,0.29500000,0.29510000,15627982.20000000
1762804800000,0.29510000,0.29580000,0.29510000,0.29580000,4768080.00000000
1762808400000,0.29580000,0.29580000,0.29470000,0.29500000,6341285.80000000
1762812000000,0.29490000,0.29590000,0.29460000,0.29580000,9493140.50000000
1762815600000,0.29590000,0.29650000,0.29530000,0.29650000,11206068.70000000
1762819200000,0.29650000,0.29740000,0.29630000,0.29720000,17642701.00000000
1762822800000,0.29710000,0.29760000,0.29670000,0.29710000,13228168.80000000
1762826400000,0.29710000,0.29850000,0.29680000,0.29790000,14602208.20000000
1762830000000,0.29780000,0.29850000,0.29780000,0.29800000,6986572.40000000
1762833600000,0.29800000,0.29830000,0.29730000,0.29750000,6203594.00000000
1762837200000,0.29740000,0.29750000,0.29620000,0.29620000,11549346.70000000
1762840800000,0.29630000,0.29730000,0.29620000,0.29710000,7593237.80000000
1762844400000,0.29700000,0.29760000,0.29670000,0.29690000,11222208.60000000
1762848000000,0.29680000,0.29820000,0.29680000,0.29740000,16126183.70000000
1762851600000,0.29740000,0.29820000,0.29720000,0.29780000,10260175.30000000
1762855200000,0.29790000,0.29890000,0.29730000,0.29850000,13743782.10000000
1762858800000,0.29850000,0.29910000,0.29840000,0.29910000,8130617.90000000
1762862400000,0.29910000,0.29960000,0.29790000,0.29820000,15723374.30000000
1762866000000,0.29830000,0.29960000,0.29810000,0.29880000,13917965.90000000
1762869600000,0.29890000,0.29960000,0.29850000,0.29940000,15558427.50000000
1762873200000,0.29940000,0.30080000,0.29910000,0.29950000,25671204.20000000
1762876800000,0.29950000,0.30100000,0.29940000,0.30060000,18162449.40000000
1762880400000,0.30050000,0.30120000,0.29990000,0.30060000,12785364.90000000
1762884000000,0.30050000,0.30090000,0.29990000,0.30010000,10024151.90000000
1762887600000,0.30020000,0.30020000,0.29850000,0.29860000,16320586.50000000
1762891200000,0.29850000,0.29940000,0.29770000,0.29770000,23467205.20000000
1762894800000,0.29780000,0.29840000,0.29720000,0.29750000,10678109.90000000
1762898400000,0.29740000,0.29840000,0.29710000,0.29810000,9236659.90000000
1762902000000,0.29810000,0.29820000,0.29660000,0.29670000,22098108.60000000
1762905600000,0.29670000,0.29780000,0.29620000,0.29720000,27153376.80000000
1762909200000,0.29710000,0.29890000,0.29700000,0.29880000,15222602.90000000
1762912800000,0.29880000,0.29950000,0.29850000,0.29870000,11456380.20000000
1762916400000,0.29880000,0.29980000,0.29860000,0.29980000,9548672.80000000
1762920000000,0.29980000,0.30000000,0.29920000,0.29950000,4802912.90000000
1762923600000,0.29960000,0.30060000,0.29930000,0.30050000,9303057.40000000
1762927200000,0.30050000,0.30080000,0.29940000,0.29940000,8730776.40000000
1762930800000,0.29940000,0.29970000,0.29820000,0.29840000,10524671.90000000
1762934400000,0.29850000,0.29890000,0.29790000,0.29800000,6947131.20000000
1762938000000,0.29800000,0.29980000,0.29790000,0.29890000,25095645.50000000
1762941600000,0.29900000,0.29950000,0.29860000,0.29940000,8403853.60000000
1762945200000,0.29930000,0.30020000,0.29930000,0.30010000,6790341.00000000
1762948800000,0.30000000,0.30090000,0.29980000,0.30080000,11680666.80000000
1762952400000,0.30080000,0.30080000,0.29990000,0.30000000,6278185.00000000
1762956000000,0.29990000,0.30000000,0.29760000,0.29800000,19463913.30000000
1762959600000,0.29800000,0.29910000,0.29600000,0.29640000,32520367.30000000
1762963200000,0.29640000,0.29660000,0.29470000,0.29540000,31129922.10000000
1762966800000,0.29540000,0.29690000,0.29520000,0.29670000,13764845.90000000
1762970400000,0.29660000,0.29700000,0.29600000,0.29620000,7632868.60000000
1762974000000,0.29610000,0.29620000,0.29390000,0.29450000,37793851.40000000
1762977600000,0.29440000,0.29530000,0.29410000,0.29520000,9423256.00000000
1762981200000,0.29520000,0.29610000,0.29440000,0.29580000,15698740.50000000
1762984800000,0.29590000,0.29590000,0.29500000,0.29530000,7093528.40000000
1762988400000,0.29530000,0.29530000,0.29450000,0.29460000,6184687.70000000
1762992000000,0.29460000,0.29530000,0.29450000,0.29470000,7478893.30000000
1762995600000,0.29470000,0.29540000,0.29460000,0.29480000,10307745.60000000
1762999200000,0.29490000,0.29510000,0.29450000,0.29470000,3685947.30000000
1763002800000,0.29470000,0.29540000,0.29350000,0.29490000,23355731.40000000
1763006400000,0.29490000,0.29610000,0.29460000,0.29600000,11891228.10000000
1763010000000,0.29590000,0.29700000,0.29550000,0.29680000,10642156.70000000
1763013600000,0.29670000,0.29810000,0.29670000,0.29770000,12247569.60000000
1763017200000,0.29770000,0.29930000,0.29750000,0.29900000,16829290.40000000
1763020800000,0.29900000,0.29980000,0.29870000,0.29900000,10707932.80000000
1763024400000,0.29890000,0.29900000,0.29770000,0.29860000,12829586.00000000
1763028000000,0.29860000,0.29910000,0.29820000,0.29830000,6749161.40000000
1763031600000,0.29820000,0.29860000,0.29810000,0.29860000,3510716.70000000
1763035200000,0.29860000,0.29870000,0.29800000,0.29830000,5011800.70000000
1763038800000,0.29830000,0.29840000,0.29730000,0.29750000,7631580.40000000
1763042400000,0.29750000,0.29940000,0.29650000,0.29870000,28574317.60000000
1763046000000,0.29860000,0.29950000,0.29660000,0.29700000,27074055.40000000
1763049600000,0.29700000,0.29800000,0.29540000,0.29580000,28636194.10000000
1763053200000,0.29570000,0.29640000,0.29370000,0.29370000,24347205.00000000
1763056800000,0.29380000,0.29410000,0.29220000,0.29330000,33393172.90000000
1763060400000,0.29320000,0.29390000,0.29130000,0.29160000,35489787.50000000
1763064000000,0.29170000,0.29220000,0.29050000,0.29170000,27239559.60000000
1763067600000,0.29160000,0.29250000,0.29020000,0.29090000,21542038.10000000
1763071200000,0.29080000,0.29230000,0.29050000,0.29230000,13301241.10000000
1763074800000,0.29230000,0.29370000,0.29210000,0.29310000,13511592.20000000
1763078400000,0.29320000,0.29360000,0.29210000,0.29230000,17182794.60000000
1763082000000,0.29230000,0.29250000,0.29110000,0.29110000,10851688.90000000
1763085600000,0.29110000,0.29280000,0.29110000,0.29240000,11627673.00000000
1763089200000,0.29230000,0.29240000,0.29130000,0.29160000,6863792.90000000
1763092800000,0.29150000,0.29160000,0.28840000,0.28880000,32304220.80000000
1763096400000,0.28880000,0.29170000,0.28880000,0.29140000,30973239.00000000
1763100000000,0.29140000,0.29190000,0.28960000,0.29180000,25928235.40000000
1763103600000,0.29180000,0.29340000,0.29100000,0.29320000,17359365.90000000
1763107200000,0.29330000,0.29410000,0.29250000,0.29350000,16715370.00000000
1763110800000,0.29350000,0.29360000,0.29210000,0.29220000,17266499.20000000
1763114400000,0.29210000,0.29390000,0.29210000,0.29370000,17767389.30000000
1763118000000,0.29370000,0.29380000,0.29210000,0.29240000,18851899.20000000
1763121600000,0.29250000,0.29250000,0.28930000,0.29130000,50392815.50000000
1763125200000,0.29140000,0.29240000,0.28940000,0.29110000,39841855.90000000
1763128800000,0.29110000,0.29660000,0.29100000,0.29550000,69198788.30000000
1763132400000,0.29540000,0.29650000,0.29440000,0.29590000,24497986.10000000
1763136000000,0.29600000,0.29830000,0.29600000,0.29760000,25710369.00000000
1763139600000,0.29760000,0.29790000,0.29470000,0.29500000,30030711.80000000
1763143200000,0.29500000,0.29630000,0.29470000,0.29520000,18596799.50000000
1763146800000,0.29520000,0.29670000,0.29490000,0.29610000,13712360.70000000
1763150400000,0.29610000,0.29620000,0.29240000,0.29310000,33097547.30000000
1763154000000,0.29310000,0.29470000,0.29280000,0.29450000,17114045.60000000
1763157600000,0.29440000,0.29500000,0.29360000,0.29400000,18339705.50000000
1763161200000,0.29400000,0.29410000,0.29190000,0.29250000,25448189.40000000
1763164800000,0.29260000,0.29410000,0.29250000,0.29390000,17923528.80000000
1763168400000,0.29390000,0.29480000,0.29370000,0.29480000,10861177.90000000
1763172000000,0.29480000,0.29480000,0.29370000,0.29420000,8291589.80000000
1763175600000,0.29430000,0.29430000,0.29370000,0.29420000,3738321.00000000
1763179200000,0.29410000,0.29470000,0.29400000,0.29430000,8624861.50000000
1763182800000,0.29430000,0.29460000,0.29390000,0.29460000,5237635.50000000
1763186400000,0.29450000,0.29480000,0.29390000,0.29390000,6642436.60000000
1763190000000,0.29390000,0.29480000,0.29380000,0.29430000,7396348.90000000
1763193600000,0.29430000,0.29440000,0.29210000,0.29230000,17346240.50000000
1763197200000,0.29220000,0.29290000,0.29170000,0.29210000,11847422.40000000
1763200800000,0.29220000,0.29220000,0.29110000,0.29210000,13559992.70000000
1763204400000,0.29210000,0.29250000,0.29140000,0.29170000,8682465.60000000
1763208000000,0.29170000,0.29320000,0.29140000,0.29320000,10036294.20000000
1763211600000,0.29320000,0.29370000,0.29280000,0.29340000,9724465.00000000
1763215200000,0.29340000,0.29360000,0.29280000,0.29310000,3962404.60000000
1763218800000,0.29320000,0.29320000,0.29270000,0.29300000,2638404.70000000
1763222400000,0.29290000,0.29300000,0.29220000,0.29260000,7653194.30000000
1763226000000,0.29260000,0.29370000,0.29220000,0.29360000,14760038.40000000
1763229600000,0.29370000,0.29520000,0.29310000,0.29330000,11782797.20000000
1763233200000,0.29320000,0.29370000,0.29290000,0.29290000,4680058.20000000
1763236800000,0.29300000,0.29310000,0.29240000,0.29260000,5368035.90000000
1763240400000,0.29270000,0.29400000,0.29260000,0.29360000,10706433.10000000
1763244000000,0.29360000,0.29430000,0.29340000,0.29430000,7631573.20000000
1763247600000,0.29430000,0.29480000,0.29420000,0.29480000,5358632.40000000
1763251200000,0.29470000,0.29480000,0.29390000,0.29450000,7818723.00000000
1763254800000,0.29450000,0.29460000,0.29350000,0.29380000,11928673.10000000
1763258400000,0.29380000,0.29630000,0.29360000,0.29630000,17263450.60000000
1763262000000,0.29630000,0.29640000,0.29570000,0.29630000,4864369.90000000
1763265600000,0.29630000,0.29700000,0.29600000,0.29700000,7111607.50000000
1763269200000,0.29700000,0.29730000,0.29640000,0.29690000,8287237.10000000
1763272800000,0.29680000,0.29770000,0.29680000,0.29760000,8576634.30000000
1763276400000,0.29760000,0.29860000,0.29730000,0.29770000,10156652.00000000
1763280000000,0.29780000,0.29800000,0.29690000,0.29750000,9471513.60000000
1763283600000,0.29750000,0.29930000,0.29740000,0.29930000,15793536.70000000
1763287200000,0.29930000,0.29930000,0.29810000,0.29860000,6745694.90000000
1763290800000,0.29860000,0.29860000,0.29590000,0.29610000,22374700.20000000
1763294400000,0.29620000,0.29680000,0.29590000,0.29650000,10727314.10000000
1763298000000,0.29650000,0.29650000,0.29440000,0.29460000,14777317.20000000
1763301600000,0.29460000,0.29610000,0.29440000,0.29560000,10487270.90000000
1763305200000,0.29560000,0.29560000,0.29230000,0.29240000,31239381.00000000
1763308800000,0.29250000,0.29300000,0.29050000,0.29080000,34020306.30000000
1763312400000,0.29080000,0.29130000,0.28970000,0.29120000,33015254.60000000
1763316000000,0.29120000,0.29260000,0.28960000,0.28960000,37162205.80000000
1763319600000,0.28960000,0.29200000,0.28950000,0.29180000,26992339.50000000
1763323200000,0.29170000,0.29270000,0.29160000,0.29180000,10142584.80000000
1763326800000,0.29180000,0.29200000,0.29120000,0.29180000,11846499.00000000
1763330400000,0.29190000,0.29270000,0.29100000,0.29220000,21229478.10000000
1763334000000,0.29230000,0.29300000,0.29040000,0.29240000,37670939.30000000
1763337600000,0.29230000,0.29340000,0.29130000,0.29270000,27978402.70000000
1763341200000,0.29260000,0.29290000,0.29210000,0.29210000,8072919.00000000
1763344800000,0.29210000,0.29320000,0.29200000,0.29270000,8684533.20000000
1763348400000,0.29260000,0.29380000,0.29260000,0.29290000,13330373.20000000
1763352000000,0.29300000,0.29330000,0.29260000,0.29310000,4348759.90000000
1763355600000,0.29310000,0.29310000,0.29260000,0.29290000,3531261.40000000
1763359200000,0.29280000,0.29320000,0.29240000,0.29300000,7969359.60000000
1763362800000,0.29300000,0.29340000,0.29270000,0.29290000,4563932.00000000
1763366400000,0.29280000,0.29340000,0.29260000,0.29280000,5838866.10000000
1763370000000,0.29270000,0.29340000,0.29250000,0.29320000,7761972.50000000
1763373600000,0.29310000,0.29370000,0.29310000,0.29350000,4674801.20000000
1763377200000,0.29350000,0.29430000,0.29350000,0.29390000,7766604.70000000
1763380800000,0.29400000,0.29460000,0.29370000,0.29420000,7254753.80000000
1763384400000,0.29420000,0.29430000,0.29090000,0.29150000,30131908.10000000
1763388000000,0.29150000,0.29630000,0.29080000,0.29510000,57143400.00000000
1763391600000,0.29500000,0.29580000,0.29360000,0.29390000,42808910.40000000
1763395200000,0.29400000,0.29550000,0.29230000,0.29540000,35057163.30000000
1763398800000,0.29530000,0.29570000,0.29340000,0.29410000,19249622.50000000
1763402400000,0.29410000,0.29420000,0.29270000,0.29310000,18556963.90000000
1763406000000,0.29310000,0.29340000,0.29050000,0.29080000,32101066.30000000
1763409600000,0.29070000,0.29090000,0.28890000,0.29030000,42302441.00000000
1763413200000,0.29030000,0.29160000,0.29020000,0.29120000,22044459.20000000
1763416800000,0.29120000,0.29210000,0.29060000,0.29200000,12250317.50000000
1763420400000,0.29190000,0.29230000,0.29110000,0.29180000,5885147.30000000
1763424000000,0.29180000,0.29190000,0.28980000,0.29180000,26172270.00000000
1763427600000,0.29170000,0.29280000,0.29140000,0.29190000,18005254.20000000
1763431200000,0.29190000,0.29290000,0.29070000,0.29080000,37814391.80000000
1763434800000,0.29080000,0.29190000,0.28940000,0.29140000,43910005.10000000
1763438400000,0.29130000,0.29160000,0.28950000,0.29140000,27471306.50000000
1763442000000,0.29130000,0.29140000,0.28970000,0.29000000,14342456.90000000
1763445600000,0.29000000,0.29040000,0.28730000,0.28750000,28507077.40000000
1763449200000,0.28760000,0.28820000,0.28690000,0.28790000,25486261.00000000
1763452800000,0.28800000,0.28900000,0.28740000,0.28840000,20743953.40000000
1763456400000,0.28830000,0.28860000,0.28740000,0.28830000,14782615.80000000
1763460000000,0.28830000,0.28990000,0.28790000,0.28960000,16285784.40000000
1763463600000,0.28960000,0.29020000,0.28910000,0.28950000,12610506.00000000
1763467200000,0.28940000,0.29070000,0.28890000,0.29030000,12588399.40000000
1763470800000,0.29020000,0.29030000,0.28910000,0.29000000,10674149.80000000
1763474400000,0.29000000,0.29130000,0.28930000,0.28930000,27560567.90000000
1763478000000,0.28930000,0.29160000,0.28860000,0.29140000,40616475.20000000
1763481600000,0.29140000,0.29280000,0.29110000,0.29210000,19903799.50000000
1763485200000,0.29210000,0.29240000,0.29140000,0.29240000,9008141.40000000
1763488800000,0.29240000,0.29290000,0.29190000,0.29260000,12258777.20000000
1763492400000,0.29260000,0.29300000,0.29220000,0.29250000,5039963.20000000
1763496000000,0.29260000,0.29270000,0.29140000,0.29150000,8505087.40000000
1763499600000,0.29150000,0.29150000,0.29050000,0.29070000,7994947.80000000
1763503200000,0.29070000,0.29170000,0.29050000,0.29160000,6045390.80000000
1763506800000,0.29170000,0.29190000,0.29020000,0.29030000,10945610.00000000
1763510400000,0.29040000,0.29070000,0.28870000,0.28970000,21681737.40000000
1763514000000,0.28970000,0.29010000,0.28890000,0.28930000,15086326.40000000
1763517600000,0.28930000,0.28990000,0.28870000,0.28970000,11583498.80000000
1763521200000,0.28970000,0.28990000,0.28840000,0.28850000,12113553.10000000
1763524800000,0.28850000,0.28860000,0.28770000,0.28840000,12026742.70000000
1763528400000,0.28840000,0.28860000,0.28560000,0.28600000,28707253.40000000
1763532000000,0.28600000,0.28680000,0.28570000,0.28650000,10065925.10000000
1763535600000,0.28650000,0.28840000,0.28630000,0.28790000,14208370.70000000
1763539200000,0.28790000,0.28850000,0.28740000,0.28790000,10880086.50000000
1763542800000,0.28790000,0.28830000,0.28750000,0.28830000,9563982.60000000
1763546400000,0.28830000,0.28840000,0.28750000,0.28760000,6386640.20000000
1763550000000,0.28750000,0.28830000,0.28750000,0.28800000,4362125.00000000
1763553600000,0.28810000,0.28840000,0.28790000,0.28820000,4217422.50000000
1763557200000,0.28820000,0.28930000,0.28710000,0.28730000,15398595.40000000
1763560800000,0.28720000,0.28740000,0.28560000,0.28670000,24848855.40000000
1763564400000,0.28660000,0.28820000,0.28380000,0.28390000,48894334.20000000
1763568000000,0.28380000,0.28480000,0.28360000,0.28430000,25249964.00000000
1763571600000,0.28430000,0.28500000,0.28360000,0.28470000,24412290.00000000
1763575200000,0.28460000,0.28520000,0.28350000,0.28430000,20476171.50000000
1763578800000,0.28420000,0.28450000,0.28360000,0.28400000,9867069.30000000
1763582400000,0.28410000,0.28550000,0.28380000,0.28520000,18476906.00000000
1763586000000,0.28510000,0.28650000,0.28490000,0.28650000,20195916.20000000
1763589600000,0.28640000,0.28670000,0.28600000,0.28670000,8027787.50000000
1763593200000,0.28670000,0.28730000,0.28640000,0.28690000,7943019.10000000
1763596800000,0.28690000,0.28790000,0.28640000,0.28740000,13065558.90000000
1763600400000,0.28740000,0.28770000,0.28710000,0.28720000,5142314.20000000
1763604000000,0.28730000,0.28760000,0.28690000,0.28730000,5994902.00000000
1763607600000,0.28720000,0.28800000,0.28720000,0.28770000,7465423.00000000
1763611200000,0.28780000,0.28800000,0.28720000,0.28790000,6166498.60000000
1763614800000,0.28790000,0.28820000,0.28750000,0.28770000,5563719.10000000
1763618400000,0.28770000,0.28810000,0.28700000,0.28730000,8113251.40000000
1763622000000,0.28720000,0.28780000,0.28720000,0.28780000,5121141.10000000
1763625600000,0.28780000,0.28810000,0.28710000,0.28720000,9627673.60000000
1763629200000,0.28730000,0.28730000,0.28620000,0.28650000,8892896.30000000
1763632800000,0.28650000,0.28660000,0.28600000,0.28620000,5513178.30000000
1763636400000,0.28610000,0.28670000,0.28590000,0.28630000,10079388.70000000
1763640000000,0.28620000,0.28640000,0.28540000,0.28550000,6955306.00000000
1763643600000,0.28540000,0.28560000,0.28460000,0.28480000,19051266.00000000
1763647200000,0.28480000,0.28490000,0.28250000,0.28350000,38966801.30000000
1763650800000,0.28350000,0.28360000,0.28130000,0.28130000,23620791.70000000
1763654400000,0.28140000,0.28160000,0.27760000,0.27870000,53509692.90000000
1763658000000,0.27870000,0.28090000,0.27850000,0.28040000,36440860.00000000
1763661600000,0.28040000,0.28040000,0.27860000,0.27890000,13319392.20000000
1763665200000,0.27890000,0.27930000,0.27780000,0.27830000,13617762.30000000
1763668800000,0.27830000,0.27910000,0.27750000,0.27820000,12229710.60000000
1763672400000,0.27820000,0.28030000,0.27800000,0.28010000,11750707.20000000
1763676000000,0.28010000,0.28110000,0.27990000,0.28070000,12554833.10000000
1763679600000,0.28070000,0.28140000,0.27990000,0.28050000,22634219.60000000
1763683200000,0.28060000,0.28220000,0.28050000,0.28120000,27788509.50000000
1763686800000,0.28120000,0.28190000,0.28100000,0.28130000,7981308.80000000
1763690400000,0.28120000,0.28130000,0.27900000,0.27920000,22390419.50000000
1763694000000,0.27920000,0.28130000,0.27910000,0.28080000,19150557.00000000
1763697600000,0.28080000,0.28160000,0.28020000,0.28140000,23358184.60000000
1763701200000,0.28150000,0.28210000,0.28100000,0.28140000,12260657.60000000
1763704800000,0.28130000,0.28160000,0.28080000,0.28130000,10487472.10000000
1763708400000,0.28120000,0.28160000,0.27550000,0.27570000,78769788.30000000
1763712000000,0.27580000,0.27890000,0.27530000,0.27750000,32101604.60000000
1763715600000,0.27760000,0.27820000,0.27670000,0.27670000,27098854.00000000
1763719200000,0.27680000,0.27690000,0.27590000,0.27640000,32438848.70000000
1763722800000,0.27640000,0.27740000,0.27540000,0.27560000,28911729.10000000
1763726400000,0.27550000,0.27660000,0.27400000,0.27630000,63030599.20000000
1763730000000,0.27620000,0.27750000,0.27590000,0.27710000,30469978.70000000
1763733600000,0.27710000,0.27800000,0.27680000,0.27750000,33369538.50000000
1763737200000,0.27750000,0.27770000,0.27580000,0.27630000,47206886.40000000
1763740800000,0.27620000,0.27730000,0.27500000,0.27700000,64389207.20000000
1763744400000,0.27700000,0.27790000,0.27680000,0.27720000,24785455.90000000
1763748000000,0.27720000,0.27740000,0.27550000,0.27650000,38458727.80000000
1763751600000,0.27650000,0.27670000,0.27590000,0.27600000,13331137.00000000
1763755200000,0.27610000,0.27630000,0.27510000,0.27590000,29035357.80000000
1763758800000,0.27600000,0.27750000,0.27570000,0.27690000,23615619.40000000
1763762400000,0.27690000,0.27700000,0.27570000,0.27580000,16300111.90000000
1763766000000,0.27570000,0.27670000,0.27540000,0.27660000,18748347.10000000
1763769600000,0.27660000,0.27730000,0.27650000,0.27670000,15128624.00000000
1763773200000,0.27670000,0.27710000,0.27630000,0.27700000,10147139.80000000
1763776800000,0.27700000,0.27720000,0.27620000,0.27650000,10772131.20000000
1763780400000,0.27650000,0.27690000,0.27600000,0.27610000,13628733.00000000
1763784000000,0.27620000,0.27620000,0.27500000,0.27590000,24482343.50000000
1763787600000,0.27590000,0.27620000,0.27520000,0.27580000,18536516.20000000
1763791200000,0.27580000,0.27620000,0.27520000,0.27620000,18154593.40000000
1763794800000,0.27620000,0.27640000,0.27580000,0.27630000,16144966.00000000
1763798400000,0.27640000,0.27640000,0.27480000,0.27480000,23244363.70000000
1763802000000,0.27490000,0.27530000,0.27450000,0.27480000,17224170.50000000
1763805600000,0.27480000,0.27510000,0.27370000,0.27390000,19706071.00000000
1763809200000,0.27400000,0.27510000,0.27380000,0.27480000,24434541.70000000
1763812800000,0.27480000,0.27500000,0.27390000,0.27430000,11337241.20000000
1763816400000,0.27420000,0.27460000,0.27380000,0.27430000,11848985.30000000
1763820000000,0.27430000,0.27520000,0.27430000,0.27450000,11138884.80000000
1763823600000,0.27460000,0.27470000,0.27310000,0.27360000,20185419.30000000
1763827200000,0.27350000,0.27440000,0.27330000,0.27390000,10462875.60000000
1763830800000,0.27390000,0.27400000,0.27340000,0.27360000,6194494.40000000
1763834400000,0.27370000,0.27370000,0.27320000,0.27350000,4213811.10000000
1763838000000,0.27340000,0.27370000,0.27320000,0.27360000,2136896.70000000
1763841600000,0.27370000,0.27410000,0.27360000,0.27400000,6711490.50000000
1763845200000,0.27400000,0.27410000,0.27370000,0.27400000,2116462.40000000
1763848800000,0.27400000,0.27500000,0.27370000,0.27480000,13086388.80000000
1763852400000,0.27490000,0.27500000,0.27420000,0.27430000,6985536.40000000
1763856000000,0.27420000,0.27490000,0.27410000,0.27420000,8794227.80000000
1763859600000,0.27420000,0.27500000,0.27410000,0.27470000,9087990.20000000
1763863200000,0.27480000,0.27550000,0.27460000,0.27480000,9817744.70000000
1763866800000,0.27480000,0.27480000,0.27430000,0.27470000,8491640.90000000
1763870400000,0.27470000,0.27550000,0.27450000,0.27520000,13608390.80000000
1763874000000,0.27530000,0.27560000,0.27470000,0.27510000,7368997.50000000
1763877600000,0.27500000,0.27530000,0.27450000,0.27450000,9245564.20000000
1763881200000,0.27460000,0.27460000,0.27390000,0.27420000,8682437.10000000
1763884800000,0.27420000,0.27530000,0.27420000,0.27520000,11811720.40000000
1763888400000,0.27520000,0.27540000,0.27500000,0.27520000,3317486.50000000
1763892000000,0.27510000,0.27520000,0.27460000,0.27470000,4427458.90000000
1763895600000,0.27470000,0.27480000,0.27440000,0.27460000,4357050.50000000
1763899200000,0.27460000,0.27560000,0.27460000,0.27530000,9755522.20000000
1763902800000,0.27540000,0.27550000,0.27510000,0.27540000,2110135.20000000
1763906400000,0.27540000,0.27570000,0.27480000,0.27480000,9836339.80000000
1763910000000,0.27490000,0.27550000,0.27470000,0.27550000,6683098.00000000
1763913600000,0.27550000,0.27580000,0.27480000,0.27490000,21773248.50000000
1763917200000,0.27490000,0.27550000,0.27460000,0.27530000,9003525.10000000
1763920800000,0.27530000,0.27550000,0.27500000,0.27510000,2655816.20000000
1763924400000,0.27520000,0.27570000,0.27500000,0.27520000,7716410.30000000
1763928000000,0.27530000,0.27540000,0.27500000,0.27520000,3010554.20000000
1763931600000,0.27520000,0.27550000,0.27490000,0.27550000,5560348.80000000
1763935200000,0.27550000,0.27550000,0.27500000,0.27510000,2876591.70000000
1763938800000,0.27510000,0.27530000,0.27460000,0.27500000,7448569.70000000
1763942400000,0.27500000,0.27520000,0.27450000,0.27490000,10064232.90000000
1763946000000,0.27500000,0.27590000,0.27500000,0.27570000,10754385.40000000
1763949600000,0.27580000,0.27690000,0.27570000,0.27640000,19059192.10000000
1763953200000,0.27630000,0.27740000,0.27620000,0.27730000,10287830.20000000
1763956800000,0.27720000,0.27750000,0.27610000,0.27700000,17307731.80000000
1763960400000,0.27690000,0.27750000,0.27680000,0.27730000,11616293.60000000
1763964000000,0.27730000,0.27740000,0.27660000,0.27720000,8042643.80000000
1763967600000,0.27720000,0.27740000,0.27690000,0.27730000,5362236.30000000
1763971200000,0.27730000,0.27730000,0.27640000,0.27690000,11417298.50000000
1763974800000,0.27690000,0.27710000,0.27610000,0.27650000,12943247.70000000
1763978400000,0.27660000,0.27680000,0.27640000,0.27680000,5177677.40000000
1763982000000,0.27680000,0.27710000,0.27640000,0.27640000,6133218.60000000
1763985600000,0.27650000,0.27650000,0.27610000,0.27620000,3997941.20000000
1763989200000,0.27620000,0.27720000,0.27600000,0.27700000,12375472.80000000
1763992800000,0.27690000,0.27750000,0.27530000,0.27600000,34192613.80000000
1763996400000,0.27600000,0.27670000,0.27590000,0.27630000,16959579.20000000
1764000000000,0.27630000,0.27730000,0.27630000,0.27670000,13141711.30000000
1764003600000,0.27670000,0.27740000,0.27640000,0.27700000,17821622.90000000
1764007200000,0.27700000,0.27720000,0.27650000,0.27660000,13859817.70000000
1764010800000,0.27660000,0.27700000,0.27630000,0.27640000,13041079.50000000
1764014400000,0.27640000,0.27700000,0.27630000,0.27640000,9546232.80000000
1764018000000,0.27640000,0.27640000,0.27580000,0.27580000,7144660.70000000
1764021600000,0.27580000,0.27630000,0.27540000,0.27570000,10977149.80000000
1764025200000,0.27560000,0.27560000,0.27480000,0.27480000,11166073.20000000
1764028800000,0.27480000,0.27490000,0.27430000,0.27430000,11742679.10000000
1764032400000,0.27430000,0.27450000,0.27380000,0.27380000,8954369.90000000
1764036000000,0.27380000,0.27390000,0.27280000,0.27280000,18961906.40000000
1764039600000,0.27280000,0.27320000,0.27230000,0.27250000,15721137.10000000
1764043200000,0.27250000,0.27310000,0.27220000,0.27300000,7462815.20000000
1764046800000,0.27290000,0.27300000,0.27250000,0.27260000,4458789.50000000
1764050400000,0.27260000,0.27290000,0.27240000,0.27290000,3186327.30000000
1764054000000,0.27290000,0.27320000,0.27260000,0.27270000,6752935.50000000
1764057600000,0.27270000,0.27300000,0.27240000,0.27250000,8770559.50000000
1764061200000,0.27260000,0.27280000,0.27220000,0.27220000,7658372.40000000
1764064800000,0.27220000,0.27240000,0.27190000,0.27220000,10159812.00000000
1764068400000,0.27210000,0.27230000,0.27190000,0.27220000,2692904.60000000
1764072000000,0.27220000,0.27280000,0.27200000,0.27250000,12419806.40000000
1764075600000,0.27250000,0.27250000,0.27150000,0.27170000,13149888.20000000
1764079200000,0.27170000,0.27260000,0.27110000,0.27140000,31462008.30000000
1764082800000,0.27140000,0.27230000,0.27090000,0.27180000,20663511.10000000
1764086400000,0.27170000,0.27300000,0.27160000,0.27290000,15168778.60000000
1764090000000,0.27300000,0.27410000,0.27290000,0.27340000,20637435.10000000
1764093600000,0.27340000,0.27370000,0.27320000,0.27340000,4496741.00000000
1764097200000,0.27340000,0.27360000,0.27290000,0.27360000,10353725.20000000
1764100800000,0.27350000,0.27400000,0.27330000,0.27380000,9895462.20000000
1764104400000,0.27380000,0.27430000,0.27380000,0.27400000,6978443.00000000
1764108000000,0.27400000,0.27480000,0.27360000,0.27480000,12222433.90000000
1764111600000,0.27480000,0.27500000,0.27420000,0.27450000,8962994.80000000
1764115200000,0.27450000,0.27500000,0.27430000,0.27490000,5276809.90000000
1764118800000,0.27500000,0.27560000,0.27490000,0.27530000,8397090.60000000
1764122400000,0.27520000,0.27540000,0.27460000,0.27470000,4525889.80000000
1764126000000,0.27460000,0.27490000,0.27420000,0.27430000,5678456.90000000
1764129600000,0.27430000,0.27450000,0.27410000,0.27440000,4112123.20000000
1764133200000,0.27440000,0.27490000,0.27440000,0.27480000,6033110.10000000
1764136800000,0.27480000,0.27480000,0.27440000,0.27450000,2092025.60000000
1764140400000,0.27460000,0.27490000,0.27440000,0.27480000,1511722.10000000
1764144000000,0.27490000,0.27500000,0.27420000,0.27430000,8467534.90000000
1764147600000,0.27430000,0.27430000,0.27400000,0.27430000,4389600.00000000
1764151200000,0.27430000,0.27490000,0.27410000,0.27490000,6968594.70000000
1764154800000,0.27480000,0.27530000,0.27480000,0.27530000,7600742.70000000
1764158400000,0.27530000,0.27540000,0.27470000,0.27480000,7880127.70000000
1764162000000,0.27470000,0.27530000,0.27450000,0.27510000,10491542.10000000
1764165600000,0.27510000,0.27550000,0.27430000,0.27440000,17032516.80000000
1764169200000,0.27430000,0.27490000,0.27430000,0.27470000,7928869.30000000
1764172800000,0.27470000,0.27490000,0.27440000,0.27460000,7297078.20000000
1764176400000,0.27450000,0.27560000,0.27440000,0.27550000,11844296.80000000
1764180000000,0.27550000,0.27670000,0.27540000,0.27670000,20469898.60000000
1764183600000,0.27660000,0.27690000,0.27640000,0.27690000,5506326.00000000
1764187200000,0.27680000,0.27720000,0.27650000,0.27680000,7069228.70000000
1764190800000,0.27680000,0.27680000,0.27620000,0.27650000,6930893.20000000
1764194400000,0.27650000,0.27670000,0.27630000,0.27650000,4159728.00000000
1764198000000,0.27660000,0.27670000,0.27630000,0.27650000,1678624.90000000
1764201600000,0.27650000,0.27700000,0.27620000,0.27680000,8071881.60000000
1764205200000,0.27680000,0.27720000,0.27620000,0.27670000,8575402.30000000
1764208800000,0.27680000,0.27700000,0.27640000,0.27660000,7302953.70000000
1764212400000,0.27660000,0.27690000,0.27650000,0.27680000,2992440.70000000
1764216000000,0.27680000,0.27710000,0.27660000,0.27670000,3971512.70000000
1764219600000,0.27670000,0.27670000,0.27600000,0.27620000,10551593.80000000
1764223200000,0.27620000,0.27670000,0.27610000,0.27670000,5534234.60000000
1764226800000,0.27660000,0.27680000,0.27660000,0.27680000,2316426.30000000
1764230400000,0.27670000,0.27680000,0.27640000,0.27650000,2372488.70000000
1764234000000,0.27660000,0.27690000,0.27630000,0.27660000,4396155.80000000
1764237600000,0.27670000,0.27740000,0.27650000,0.27730000,6260221.70000000
1764241200000,0.27740000,0.27790000,0.27730000,0.27790000,7805956.80000000
1764244800000,0.27790000,0.27810000,0.27740000,0.27780000,8893090.60000000
1764248400000,0.27770000,0.27790000,0.27730000,0.27770000,7066465.50000000
1764252000000,0.27770000,0.27800000,0.27750000,0.27800000,5531766.00000000
1764255600000,0.27800000,0.27840000,0.27770000,0.27840000,6093046.10000000
1764259200000,0.27830000,0.27950000,0.27830000,0.27930000,19007369.40000000
1764262800000,0.27930000,0.27980000,0.27920000,0.27970000,6145258.90000000
1764266400000,0.27970000,0.28040000,0.27930000,0.27950000,17350628.70000000
1764270000000,0.27960000,0.27970000,0.27930000,0.27970000,3976761.20000000
1764273600000,0.27970000,0.28030000,0.27970000,0.28020000,7749341.50000000
1764277200000,0.28020000,0.28040000,0.28000000,0.28020000,3915841.60000000
1764280800000,0.28030000,0.28040000,0.27920000,0.27990000,8958284.70000000
1764284400000,0.27990000,0.28030000,0.27980000,0.28030000,6746168.20000000
1764288000000,0.28030000,0.28040000,0.27980000,0.28010000,9967674.90000000
1764291600000,0.28000000,0.28020000,0.27970000,0.27990000,5238112.20000000
1764295200000,0.27990000,0.28020000,0.27980000,0.28020000,2515490.60000000
1764298800000,0.28010000,0.28020000,0.27990000,0.28010000,1776027.40000000
1764302400000,0.28000000,0.28020000,0.27980000,0.28020000,3093914.70000000
1764306000000,0.28020000,0.28180000,0.28000000,0.28150000,20292293.80000000
1764309600000,0.28160000,0.28180000,0.28050000,0.28110000,14858231.90000000
1764313200000,0.28100000,0.28110000,0.28010000,0.28020000,10577129.50000000
1764316800000,0.28020000,0.28070000,0.27980000,0.28040000,15834256.90000000
1764320400000,0.28040000,0.28080000,0.28010000,0.28060000,6366955.70000000
1764324000000,0.28050000,0.28090000,0.28050000,0.28080000,3166332.60000000
1764327600000,0.28090000,0.28090000,0.28010000,0.28040000,6133898.70000000
1764331200000,0.28040000,0.28060000,0.28010000,0.28030000,3727521.70000000
1764334800000,0.28030000,0.28080000,0.28000000,0.28020000,9793280.70000000
1764338400000,0.28020000,0.28050000,0.27990000,0.28030000,13833533.50000000
1764342000000,0.28040000,0.28040000,0.28000000,0.28040000,4125862.20000000
1764345600000,0.28040000,0.28090000,0.27990000,0.28060000,10363482.10000000
1764349200000,0.28060000,0.28080000,0.28040000,0.28080000,7333930.70000000
1764352800000,0.28080000,0.28080000,0.28020000,0.28080000,7234714.30000000
1764356400000,0.28080000,0.28130000,0.28060000,0.28130000,10112416.50000000
1764360000000,0.28130000,0.28190000,0.28120000,0.28190000,10772247.70000000
1764363600000,0.28190000,0.28220000,0.28120000,0.28140000,12056642.30000000
1764367200000,0.28140000,0.28170000,0.28100000,0.28100000,9374565.20000000
1764370800000,0.28100000,0.28110000,0.28060000,0.28100000,6344145.20000000
1764374400000,0.28100000,0.28110000,0.28080000,0.28110000,2483168.40000000
1764378000000,0.28110000,0.28120000,0.28070000,0.28120000,2426908.20000000
1764381600000,0.28120000,0.28120000,0.28080000,0.28110000,1926549.70000000
1764385200000,0.28100000,0.28120000,0.28080000,0.28090000,1136070.70000000
1764388800000,0.28080000,0.28150000,0.28070000,0.28150000,5890923.20000000
1764392400000,0.28150000,0.28160000,0.28140000,0.28150000,2491595.30000000
1764396000000,0.28160000,0.28160000,0.28070000,0.28100000,8597902.40000000
1764399600000,0.28090000,0.28120000,0.28080000,0.28120000,2715040.70000000
1764403200000,0.28110000,0.28120000,0.28050000,0.28050000,4099739.90000000
1764406800000,0.28050000,0.28070000,0.28030000,0.28040000,4910515.70000000
1764410400000,0.28040000,0.28090000,0.28020000,0.28090000,5288368.40000000
1764414000000,0.28090000,0.28110000,0.28080000,0.28110000,3384052.60000000
1764417600000,0.28110000,0.28120000,0.28080000,0.28120000,3160487.20000000
1764421200000,0.28120000,0.28120000,0.28090000,0.28120000,3421698.60000000
1764424800000,0.28120000,0.28150000,0.28110000,0.28140000,4151653.20000000
1764428400000,0.28150000,0.28170000,0.28120000,0.28160000,6217562.10000000
1764432000000,0.28160000,0.28170000,0.28150000,0.28160000,1407015.20000000
1764435600000,0.28170000,0.28170000,0.28080000,0.28100000,8634853.40000000
1764439200000,0.28100000,0.28110000,0.28050000,0.28100000,9377152.20000000
1764442800000,0.28100000,0.28100000,0.28060000,0.28090000,2928000.80000000
1764446400000,0.28090000,0.28130000,0.28060000,0.28130000,4598059.70000000
1764450000000,0.28130000,0.28130000,0.28080000,0.28110000,2210596.00000000
1764453600000,0.28110000,0.28120000,0.28080000,0.28110000,1932141.70000000
1764457200000,0.28120000,0.28120000,0.28070000,0.28090000,2651134.00000000
1764460800000,0.28090000,0.28100000,0.28030000,0.28030000,4607644.60000000
1764464400000,0.28030000,0.28080000,0.28020000,0.28040000,5024366.20000000
1764468000000,0.28050000,0.28060000,0.28020000,0.28030000,1079288.90000000
1764471600000,0.28020000,0.28040000,0.27970000,0.27980000,7365248.70000000
1764475200000,0.27970000,0.28000000,0.27950000,0.27990000,2555998.60000000
1764478800000,0.28000000,0.28000000,0.27970000,0.28000000,2148158.20000000
1764482400000,0.27990000,0.28010000,0.27970000,0.27980000,1637355.60000000
1764486000000,0.27980000,0.28040000,0.27970000,0.28040000,3992114.20000000
1764489600000,0.28040000,0.28200000,0.28030000,0.28090000,14602958.20000000
1764493200000,0.28100000,0.28110000,0.28050000,0.28080000,3811577.40000000
1764496800000,0.28070000,0.28080000,0.28040000,0.28060000,2160363.90000000
1764500400000,0.28060000,0.28110000,0.28050000,0.28110000,4117016.60000000
1764504000000,0.28110000,0.28120000,0.28090000,0.28100000,3300352.30000000
1764507600000,0.28110000,0.28190000,0.28100000,0.28180000,8355011.20000000
1764511200000,0.28190000,0.28280000,0.28160000,0.28260000,12324367.20000000
1764514800000,0.28270000,0.28280000,0.28200000,0.28230000,4319242.20000000
1764518400000,0.28220000,0.28250000,0.28200000,0.28240000,3784349.10000000
1764522000000,0.28240000,0.28270000,0.28240000,0.28260000,3319017.30000000
1764525600000,0.28260000,0.28330000,0.28190000,0.28240000,16301557.20000000
1764529200000,0.28240000,0.28260000,0.28210000,0.28240000,5515882.60000000
1764532800000,0.28250000,0.28260000,0.28210000,0.28230000,1846374.50000000
1764536400000,0.28230000,0.28240000,0.28190000,0.28230000,5100682.30000000
1764540000000,0.28220000,0.28240000,0.28190000,0.28220000,3483473.30000000
1764543600000,0.28220000,0.28230000,0.28150000,0.28150000,8027378.40000000
1764547200000,0.28150000,0.28170000,0.27730000,0.27730000,59631293.80000000
1764550800000,0.27730000,0.27820000,0.27720000,0.27800000,10859226.00000000
1764554400000,0.27810000,0.27850000,0.27730000,0.27790000,17034407.20000000
1764558000000,0.27790000,0.27810000,0.27700000,0.27710000,17361095.80000000
1764561600000,0.27720000,0.27820000,0.27630000,0.27710000,41261858.70000000
1764565200000,0.27700000,0.27780000,0.27700000,0.27770000,11239707.00000000
1764568800000,0.27770000,0.27870000,0.27760000,0.27860000,8637838.40000000
1764572400000,0.27860000,0.27860000,0.27620000,0.27640000,27994680.60000000
1764576000000,0.27640000,0.27660000,0.27590000,0.27620000,16265664.70000000
1764579600000,0.27630000,0.27770000,0.27620000,0.27750000,12369875.00000000
1764583200000,0.27750000,0.27810000,0.27730000,0.27730000,5830967.20000000
1764586800000,0.27740000,0.27770000,0.27720000,0.27750000,4843838.70000000
1764590400000,0.27750000,0.27800000,0.27650000,0.27700000,17464531.80000000
1764594000000,0.27710000,0.27810000,0.27700000,0.27740000,15778753.80000000
1764597600000,0.27730000,0.27860000,0.27720000,0.27860000,16613246.20000000
1764601200000,0.27860000,0.27860000,0.27680000,0.27810000,30098233.10000000
1764604800000,0.27810000,0.27900000,0.27790000,0.27860000,13652051.20000000
1764608400000,0.27860000,0.27890000,0.27770000,0.27770000,9133422.90000000
1764612000000,0.27760000,0.27770000,0.27600000,0.27660000,15495112.80000000
1764615600000,0.27650000,0.27670000,0.27540000,0.27590000,10926309.10000000
1764619200000,0.27590000,0.27730000,0.27580000,0.27720000,18761862.10000000
1764622800000,0.27720000,0.27800000,0.27720000,0.27800000,10874816.00000000
1764626400000,0.27800000,0.27820000,0.27770000,0.27800000,6373435.90000000
1764630000000,0.27790000,0.27820000,0.27690000,0.27690000,9018499.10000000
1764633600000,0.27690000,0.27700000,0.27660000,0.27690000,4554209.60000000
1764637200000,0.27700000,0.27800000,0.27690000,0.27730000,12995076.30000000
1764640800000,0.27730000,0.27750000,0.27710000,0.27750000,3732188.30000000
1764644400000,0.27750000,0.27750000,0.27700000,0.27720000,3067761.80000000
1764648000000,0.27720000,0.27730000,0.27670000,0.27670000,4052862.10000000
1764651600000,0.27680000,0.27730000,0.27670000,0.27720000,4315566.00000000
1764655200000,0.27710000,0.27740000,0.27690000,0.27740000,4857120.00000000
1764658800000,0.27730000,0.27740000,0.27670000,0.27730000,5059333.90000000
1764662400000,0.27720000,0.27810000,0.27670000,0.27680000,21577029.20000000
1764666000000,0.27670000,0.27730000,0.27670000,0.27720000,5460221.50000000
1764669600000,0.27730000,0.27850000,0.27710000,0.27830000,9261291.60000000
1764673200000,0.27830000,0.27840000,0.27770000,0.27770000,5693609.10000000
1764676800000,0.27770000,0.27790000,0.27750000,0.27780000,4097579.50000000
1764680400000,0.27770000,0.27830000,0.27760000,0.27810000,8520956.10000000
1764684000000,0.27820000,0.28000000,0.27810000,0.27970000,30604109.00000000
1764687600000,0.27970000,0.28230000,0.27960000,0.28230000,47366176.50000000
1764691200000,0.28230000,0.28290000,0.28180000,0.28210000,29135284.80000000
1764694800000,0.28210000,0.28260000,0.28190000,0.28230000,11602938.20000000
1764698400000,0.28230000,0.28310000,0.28220000,0.28290000,8652214.30000000
1764702000000,0.28290000,0.28300000,0.28180000,0.28200000,8764463.50000000
1764705600000,0.28200000,0.28220000,0.28100000,0.28180000,13980229.80000000
1764709200000,0.28170000,0.28180000,0.28130000,0.28150000,4970200.20000000
1764712800000,0.28150000,0.28160000,0.28090000,0.28120000,4666128.20000000
1764716400000,0.28110000,0.28130000,0.28080000,0.28100000,4823390.70000000
1764720000000,0.28090000,0.28110000,0.28060000,0.28100000,5486166.40000000
1764723600000,0.28110000,0.28120000,0.28060000,0.28100000,3616188.40000000
1764727200000,0.28090000,0.28150000,0.28020000,0.28040000,15302205.80000000
1764730800000,0.28040000,0.28060000,0.28000000,0.28010000,6043101.80000000
1764734400000,0.28000000,0.28050000,0.27980000,0.28030000,9546512.10000000
1764738000000,0.28030000,0.28080000,0.28000000,0.28070000,10253757.30000000
1764741600000,0.28070000,0.28100000,0.27980000,0.28020000,15710294.70000000
1764745200000,0.28020000,0.28050000,0.27930000,0.28020000,18429791.40000000
1764748800000,0.28020000,0.28030000,0.28000000,0.28010000,2328976.00000000
1764752400000,0.28010000,0.28030000,0.27950000,0.27950000,3271314.30000000
1764756000000,0.27950000,0.27960000,0.27890000,0.27920000,7330189.40000000
1764759600000,0.27920000,0.28040000,0.27900000,0.28030000,8686313.00000000
1764763200000,0.28020000,0.28050000,0.27980000,0.28010000,6275570.00000000
1764766800000,0.28010000,0.28040000,0.27990000,0.28000000,6096558.30000000
1764770400000,0.28000000,0.28000000,0.27810000,0.27860000,38754952.60000000
1764774000000,0.27860000,0.27940000,0.27840000,0.27930000,18044849.80000000
1764777600000,0.27920000,0.27940000,0.27870000,0.27880000,4575941.60000000
1764781200000,0.27870000,0.27910000,0.27870000,0.27880000,3975024.80000000
1764784800000,0.27880000,0.27920000,0.27870000,0.27900000,3511552.00000000
1764788400000,0.27890000,0.27940000,0.27880000,0.27910000,2965194.30000000
1764792000000,0.27910000,0.27980000,0.27910000,0.27960000,5437449.70000000
1764795600000,0.27970000,0.28040000,0.27960000,0.28030000,6612767.40000000
1764799200000,0.28040000,0.28080000,0.28000000,0.28070000,7983882.00000000
1764802800000,0.28070000,0.28100000,0.28040000,0.28040000,6324565.50000000
1764806400000,0.28040000,0.28060000,0.27980000,0.28000000,5998590.10000000
1764810000000,0.27990000,0.28040000,0.27970000,0.27970000,6268637.60000000
1764813600000,0.27980000,0.28010000,0.27960000,0.27990000,4386540.20000000
1764817200000,0.27990000,0.28050000,0.27970000,0.27990000,7791002.10000000
1764820800000,0.28000000,0.28050000,0.27990000,0.28020000,10735520.90000000
1764824400000,0.28020000,0.28030000,0.27970000,0.28000000,7032900.70000000
1764828000000,0.27990000,0.28010000,0.27940000,0.27950000,5018559.60000000
1764831600000,0.27950000,0.27990000,0.27930000,0.27990000,5362536.90000000
1764835200000,0.27990000,0.28030000,0.27970000,0.28010000,7061748.00000000
1764838800000,0.28000000,0.28060000,0.28000000,0.28030000,7210100.40000000
1764842400000,0.28040000,0.28060000,0.28030000,0.28040000,1820310.30000000
1764846000000,0.28040000,0.28090000,0.28040000,0.28090000,5344005.50000000
1764849600000,0.28080000,0.28180000,0.28080000,0.28120000,12344020.10000000
1764853200000,0.28120000,0.28250000,0.28110000,0.28200000,15392273.20000000
1764856800000,0.28200000,0.28250000,0.28160000,0.28170000,10331747.50000000
1764860400000,0.28170000,0.28280000,0.28160000,0.28270000,9691689.90000000
1764864000000,0.28270000,0.28370000,0.28260000,0.28350000,12291008.90000000
1764867600000,0.28360000,0.28390000,0.28270000,0.28320000,13847020.80000000
1764871200000,0.28320000,0.28350000,0.28300000,0.28320000,4749341.80000000
1764874800000,0.28320000,0.28360000,0.28150000,0.28350000,33211436.30000000
1764878400000,0.28350000,0.28510000,0.28340000,0.28510000,15939735.40000000
1764882000000,0.28510000,0.28560000,0.28460000,0.28480000,11809360.30000000
1764885600000,0.28490000,0.28540000,0.28480000,0.28530000,4997402.50000000
1764889200000,0.28540000,0.28620000,0.28530000,0.28620000,9313356.60000000
1764892800000,0.28610000,0.28690000,0.28610000,0.28640000,10839810.30000000
1764896400000,0.28640000,0.28670000,0.28630000,0.28660000,3365805.90000000
1764900000000,0.28660000,0.28710000,0.28600000,0.28710000,10103116.10000000
1764903600000,0.28710000,0.28790000,0.28710000,0.28770000,11297638.10000000
1764907200000,0.28760000,0.28790000,0.28650000,0.28670000,12167075.10000000
1764910800000,0.28680000,0.28680000,0.28570000,0.28600000,10969002.00000000
1764914400000,0.28600000,0.28660000,0.28580000,0.28660000,8095364.60000000
1764918000000,0.28660000,0.28670000,0.28640000,0.28670000,3719840.50000000
1764921600000,0.28670000,0.28690000,0.28650000,0.28660000,4579957.20000000
1764925200000,0.28670000,0.28680000,0.28440000,0.28480000,26581782.00000000
1764928800000,0.28480000,0.28580000,0.28470000,0.28580000,11628012.90000000
1764932400000,0.28580000,0.28590000,0.28530000,0.28560000,6904598.20000000
1764936000000,0.28560000,0.28590000,0.28540000,0.28560000,4402034.20000000
1764939600000,0.28560000,0.28560000,0.28400000,0.28440000,18623031.60000000
1764943200000,0.28430000,0.28500000,0.28400000,0.28470000,11993607.30000000
1764946800000,0.28460000,0.28680000,0.28460000,0.28640000,29978530.90000000
1764950400000,0.28640000,0.28650000,0.28400000,0.28460000,36588991.20000000
1764954000000,0.28460000,0.28540000,0.28440000,0.28540000,13301444.20000000
1764957600000,0.28540000,0.28610000,0.28530000,0.28590000,11072786.40000000
1764961200000,0.28580000,0.28640000,0.28550000,0.28640000,9372691.60000000
1764964800000,0.28630000,0.28640000,0.28610000,0.28630000,2364148.50000000
1764968400000,0.28640000,0.28640000,0.28530000,0.28540000,6379923.00000000
1764972000000,0.28540000,0.28580000,0.28530000,0.28560000,4575874.50000000
1764975600000,0.28570000,0.28570000,0.28530000,0.28560000,2149363.10000000
1764979200000,0.28550000,0.28600000,0.28550000,0.28590000,2856751.90000000
1764982800000,0.28600000,0.28620000,0.28590000,0.28600000,3624170.40000000
1764986400000,0.28590000,0.28610000,0.28570000,0.28610000,2536942.30000000
1764990000000,0.28610000,0.28640000,0.28600000,0.28640000,3387967.80000000
1764993600000,0.28640000,0.28720000,0.28630000,0.28710000,8211530.20000000
1764997200000,0.28710000,0.28750000,0.28680000,0.28750000,5603110.40000000
1765000800000,0.28750000,0.28860000,0.28730000,0.28840000,12000319.10000000
1765004400000,0.28840000,0.28860000,0.28820000,0.28860000,3403959.70000000
1765008000000,0.28860000,0.28860000,0.28750000,0.28790000,9196266.70000000
1765011600000,0.28800000,0.28920000,0.28790000,0.28890000,19468549.90000000
1765015200000,0.28880000,0.28950000,0.28870000,0.28950000,8908286.20000000
1765018800000,0.28950000,0.28990000,0.28940000,0.28970000,5878818.10000000
1765022400000,0.28970000,0.29010000,0.28960000,0.28990000,4411716.20000000
1765026000000,0.28980000,0.29040000,0.28940000,0.28960000,8921426.10000000
1765029600000,0.28950000,0.29000000,0.28950000,0.28980000,6009215.80000000
1765033200000,0.28970000,0.29030000,0.28970000,0.29020000,4989791.80000000
1765036800000,0.29020000,0.29030000,0.28730000,0.28750000,30969265.70000000
1765040400000,0.28740000,0.28770000,0.28670000,0.28680000,13104695.50000000
1765044000000,0.28670000,0.28700000,0.28660000,0.28690000,5677913.00000000
1765047600000,0.28680000,0.28710000,0.28640000,0.28700000,9333684.20000000
1765051200000,0.28710000,0.28720000,0.28700000,0.28720000,2230323.10000000
1765054800000,0.28720000,0.28750000,0.28690000,0.28750000,3916150.60000000
1765058400000,0.28750000,0.28760000,0.28720000,0.28750000,3007729.40000000
1765062000000,0.28740000,0.28770000,0.28700000,0.28710000,4729147.90000000
1765065600000,0.28700000,0.28710000,0.28660000,0.28690000,5431742.90000000
1765069200000,0.28680000,0.28720000,0.28650000,0.28720000,3888430.10000000
1765072800000,0.28720000,0.28750000,0.28690000,0.28750000,4162992.60000000
1765076400000,0.28750000,0.28750000,0.28710000,0.28730000,2564274.70000000
1765080000000,0.28720000,0.28720000,0.28670000,0.28680000,3250727.20000000
1765083600000,0.28680000,0.28700000,0.28610000,0.28620000,7434907.00000000
1765087200000,0.28620000,0.28620000,0.28540000,0.28550000,7491553.10000000
1765090800000,0.28540000,0.28590000,0.28460000,0.28580000,18451698.60000000
1765094400000,0.28590000,0.28600000,0.28530000,0.28540000,4758765.80000000
1765098000000,0.28530000,0.28560000,0.28430000,0.28440000,10167689.30000000
1765101600000,0.28440000,0.28470000,0.28420000,0.28450000,4597604.70000000
1765105200000,0.28440000,0.28490000,0.28440000,0.28470000,2491508.00000000
1765108800000,0.28460000,0.28510000,0.28450000,0.28490000,3789367.70000000
1765112400000,0.28480000,0.28510000,0.28460000,0.28490000,4060784.90000000
1765116000000,0.28500000,0.28540000,0.28410000,0.28430000,21599537.40000000
1765119600000,0.28430000,0.28510000,0.28410000,0.28480000,13980210.10000000
1765123200000,0.28480000,0.28560000,0.28440000,0.28560000,12098473.60000000
1765126800000,0.28560000,0.28660000,0.28540000,0.28660000,18473195.20000000
1765130400000,0.28660000,0.28690000,0.28630000,0.28690000,7353236.50000000
1765134000000,0.28680000,0.28770000,0.28680000,0.28750000,10452278.50000000
1765137600000,0.28740000,0.28760000,0.28710000,0.28720000,2162825.90000000
1765141200000,0.28730000,0.28770000,0.28640000,0.28670000,9565740.30000000
1765144800000,0.28670000,0.28670000,0.28570000,0.28630000,13991192.20000000
1765148400000,0.28630000,0.28680000,0.28610000,0.28680000,4059794.30000000
1765152000000,0.28680000,0.28730000,0.28670000,0.28730000,4968706.60000000
1765155600000,0.28730000,0.28770000,0.28720000,0.28770000,5942368.90000000
1765159200000,0.28760000,0.28800000,0.28740000,0.28760000,7878128.20000000
1765162800000,0.28770000,0.28780000,0.28700000,0.28700000,4201600.00000000
1765166400000,0.28710000,0.28720000,0.28660000,0.28700000,9271053.70000000
1765170000000,0.28700000,0.28710000,0.28650000,0.28650000,4849990.20000000
1765173600000,0.28660000,0.28710000,0.28600000,0.28700000,9564182.00000000
1765177200000,0.28700000,0.28710000,0.28670000,0.28680000,2663252.70000000
1765180800000,0.28690000,0.28740000,0.28680000,0.28710000,6898943.70000000
1765184400000,0.28700000,0.28720000,0.28640000,0.28660000,7062699.90000000
1765188000000,0.28650000,0.28680000,0.28640000,0.28660000,1868408.10000000
1765191600000,0.28650000,0.28660000,0.28610000,0.28610000,5975584.50000000
1765195200000,0.28610000,0.28620000,0.28550000,0.28560000,8812340.30000000
1765198800000,0.28550000,0.28590000,0.28540000,0.28550000,3202932.40000000
1765202400000,0.28560000,0.28560000,0.28460000,0.28480000,12843057.10000000
1765206000000,0.28480000,0.28490000,0.28430000,0.28430000,9187610.60000000
1765209600000,0.28430000,0.28440000,0.28300000,0.28320000,19654385.20000000
1765213200000,0.28320000,0.28390000,0.28290000,0.28390000,8158023.70000000
1765216800000,0.28390000,0.28390000,0.28340000,0.28360000,3680046.80000000
1765220400000,0.28360000,0.28380000,0.28340000,0.28350000,2149745.40000000
1765224000000,0.28350000,0.28360000,0.28300000,0.28310000,6706894.10000000
1765227600000,0.28310000,0.28330000,0.28290000,0.28310000,4177508.60000000
1765231200000,0.28320000,0.28320000,0.28270000,0.28270000,3644485.00000000
1765234800000,0.28270000,0.28280000,0.28130000,0.28140000,17825612.70000000
1765238400000,0.28130000,0.28130000,0.28010000,0.28050000,18909948.60000000
1765242000000,0.28040000,0.28110000,0.28040000,0.28060000,8073229.60000000
1765245600000,0.28070000,0.28100000,0.28060000,0.28080000,2691733.30000000
1765249200000,0.28090000,0.28100000,0.28030000,0.28030000,4979373.50000000
1765252800000,0.28040000,0.28170000,0.28040000,0.28110000,14454029.60000000
1765256400000,0.28110000,0.28130000,0.28090000,0.28110000,2892254.30000000
1765260000000,0.28120000,0.28120000,0.28040000,0.28090000,8498237.50000000
1765263600000,0.28100000,0.28130000,0.28090000,0.28120000,4880345.10000000
1765267200000,0.28110000,0.28130000,0.28090000,0.28110000,2565877.70000000
1765270800000,0.28110000,0.28120000,0.28080000,0.28090000,3420474.30000000
1765274400000,0.28090000,0.28090000,0.28060000,0.28080000,3550652.40000000
1765278000000,0.28080000,0.28090000,0.28060000,0.28070000,2920166.40000000
1765281600000,0.28060000,0.28110000,0.28050000,0.28080000,5786124.40000000
1765285200000,0.28080000,0.28110000,0.28050000,0.28090000,4677913.70000000
1765288800000,0.28090000,0.28090000,0.28030000,0.28050000,8632848.60000000
1765292400000,0.28050000,0.28110000,0.27990000,0.28020000,33009954.50000000
1765296000000,0.28030000,0.28250000,0.28020000,0.28190000,32086861.80000000
1765299600000,0.28200000,0.28260000,0.28180000,0.28200000,11545845.90000000
1765303200000,0.28210000,0.28210000,0.28170000,0.28180000,4817422.20000000
1765306800000,0.28180000,0.28310000,0.28160000,0.28300000,15122522.30000000
1765310400000,0.28290000,0.28330000,0.28290000,0.28320000,7257391.70000000
1765314000000,0.28330000,0.28350000,0.28210000,0.28240000,10900838.50000000
1765317600000,0.28250000,0.28320000,0.28240000,0.28280000,8469792.40000000
1765321200000,0.28270000,0.28300000,0.28220000,0.28220000,5700691.60000000
1765324800000,0.28230000,0.28290000,0.28220000,0.28230000,8453601.20000000
1765328400000,0.28220000,0.28260000,0.28220000,0.28240000,2172491.20000000
1765332000000,0.28250000,0.28250000,0.28220000,0.28250000,1748937.90000000
1765335600000,0.28250000,0.28260000,0.28210000,0.28210000,2382193.80000000
1765339200000,0.28210000,0.28220000,0.28060000,0.28070000,16511354.20000000
1765342800000,0.28060000,0.28080000,0.27970000,0.27980000,12066017.50000000
1765346400000,0.27970000,0.28010000,0.27960000,0.27980000,6240619.00000000
1765350000000,0.27990000,0.28050000,0.27970000,0.28040000,6616379.50000000
1765353600000,0.28050000,0.28050000,0.27970000,0.27980000,5630568.00000000
1765357200000,0.27970000,0.28000000,0.27960000,0.27980000,3495601.60000000
1765360800000,0.27990000,0.28010000,0.27910000,0.27920000,9903637.10000000
1765364400000,0.27920000,0.27940000,0.27900000,0.27900000,3560985.30000000
1765368000000,0.27910000,0.27910000,0.27860000,0.27890000,6960176.90000000
1765371600000,0.27890000,0.27910000,0.27800000,0.27820000,9308526.90000000
1765375200000,0.27820000,0.27820000,0.27690000,0.27790000,21653232.20000000
1765378800000,0.27780000,0.27830000,0.27770000,0.27820000,8994442.30000000
1765382400000,0.27830000,0.27830000,0.27720000,0.27740000,10133380.20000000
1765386000000,0.27750000,0.27750000,0.27680000,0.27700000,6864584.80000000
1765389600000,0.27710000,0.27840000,0.27690000,0.27770000,16756124.40000000
1765393200000,0.27780000,0.27910000,0.27740000,0.27850000,24892223.80000000
1765396800000,0.27850000,0.28020000,0.27830000,0.28000000,30754449.50000000
1765400400000,0.28000000,0.28060000,0.27970000,0.28040000,8857458.20000000
1765404000000,0.28050000,0.28070000,0.27960000,0.27990000,7597566.40000000
1765407600000,0.27990000,0.28020000,0.27970000,0.28010000,3564674.60000000
1765411200000,0.28000000,0.28050000,0.27950000,0.27960000,12886377.90000000
1765414800000,0.27950000,0.27970000,0.27860000,0.27870000,11977457.90000000
1765418400000,0.27870000,0.27900000,0.27830000,0.27840000,7651838.30000000
1765422000000,0.27840000,0.27880000,0.27800000,0.27840000,9135299.70000000
1765425600000,0.27850000,0.27960000,0.27840000,0.27950000,8814001.10000000
1765429200000,0.27950000,0.27970000,0.27910000,0.27960000,3464574.60000000
1765432800000,0.27960000,0.27980000,0.27920000,0.27940000,3699499.80000000
1765436400000,0.27940000,0.27940000,0.27870000,0.27900000,4964104.70000000
1765440000000,0.27900000,0.27920000,0.27870000,0.27920000,3666340.90000000
1765443600000,0.27920000,0.28050000,0.27910000,0.28050000,12091187.10000000
1765447200000,0.28050000,0.28080000,0.28040000,0.28070000,6400308.60000000
1765450800000,0.28070000,0.28080000,0.27990000,0.28000000,5052095.00000000
1765454400000,0.28000000,0.28050000,0.27990000,0.28050000,3868155.60000000
1765458000000,0.28050000,0.28110000,0.28030000,0.28100000,8407442.20000000
1765461600000,0.28100000,0.28160000,0.28080000,0.28110000,17334010.20000000
1765465200000,0.28110000,0.28150000,0.28060000,0.28090000,12197463.50000000
1765468800000,0.28100000,0.28190000,0.28080000,0.28100000,8650004.40000000
1765472400000,0.28100000,0.28120000,0.28060000,0.28070000,5395073.50000000
1765476000000,0.28060000,0.28070000,0.27950000,0.28000000,22994452.20000000
1765479600000,0.27990000,0.28020000,0.27970000,0.28010000,4511734.90000000
1765483200000,0.28010000,0.28080000,0.28000000,0.28070000,6173426.10000000
1765486800000,0.28080000,0.28130000,0.28050000,0.28100000,10545212.30000000
1765490400000,0.28090000,0.28100000,0.28040000,0.28080000,4480937.30000000
1765494000000,0.28070000,0.28080000,0.28030000,0.28050000,2496895.90000000
1765497600000,0.28050000,0.28080000,0.27970000,0.27970000,6241285.90000000
1765501200000,0.27970000,0.28040000,0.27970000,0.28030000,4163820.10000000
1765504800000,0.28030000,0.28050000,0.27990000,0.27990000,3278585.50000000
1765508400000,0.28000000,0.28030000,0.27980000,0.28000000,2632919.10000000
1765512000000,0.27990000,0.28000000,0.27960000,0.27970000,2970426.80000000
1765515600000,0.27970000,0.27990000,0.27930000,0.27950000,4945055.40000000
1765519200000,0.27940000,0.27970000,0.27930000,0.27960000,1585189.40000000
1765522800000,0.27970000,0.27980000,0.27870000,0.27890000,9140068.10000000
1765526400000,0.27880000,0.27900000,0.27770000,0.27790000,12003818.50000000
1765530000000,0.27790000,0.27790000,0.27710000,0.27760000,10168856.10000000
1765533600000,0.27750000,0.27780000,0.27720000,0.27720000,7536627.60000000
1765537200000,0.27730000,0.27770000,0.27710000,0.27760000,7019228.10000000
1765540800000,0.27760000,0.27760000,0.27710000,0.27740000,4124918.20000000
1765544400000,0.27740000,0.27760000,0.27710000,0.27740000,5160329.90000000
1765548000000,0.27730000,0.27740000,0.27690000,0.27710000,7683964.90000000
1765551600000,0.27710000,0.27720000,0.27480000,0.27510000,23916662.00000000
1765555200000,0.27500000,0.27550000,0.27450000,0.27520000,18326583.50000000
1765558800000,0.27530000,0.27540000,0.27450000,0.27450000,6955919.80000000
1765562400000,0.27450000,0.27490000,0.27440000,0.27470000,6765024.90000000
1765566000000,0.27470000,0.27540000,0.27470000,0.27520000,7276094.10000000
1765569600000,0.27520000,0.27530000,0.27480000,0.27500000,2208758.90000000
1765573200000,0.27500000,0.27510000,0.27450000,0.27450000,2663676.30000000
1765576800000,0.27460000,0.27480000,0.27400000,0.27400000,6464736.40000000
1765580400000,0.27410000,0.27430000,0.27360000,0.27370000,6362588.80000000
1765584000000,0.27370000,0.27420000,0.27350000,0.27410000,5585822.50000000
1765587600000,0.27410000,0.27430000,0.27390000,0.27410000,2630017.80000000
1765591200000,0.27400000,0.27510000,0.27390000,0.27460000,9120832.40000000
1765594800000,0.27460000,0.27490000,0.27400000,0.27410000,4975056.90000000
1765598400000,0.27410000,0.27440000,0.27400000,0.27410000,1915142.70000000
1765602000000,0.27400000,0.27430000,0.27380000,0.27410000,4512716.00000000
1765605600000,0.27410000,0.27420000,0.27370000,0.27390000,3032455.50000000
1765609200000,0.27390000,0.27390000,0.27330000,0.27330000,5600473.80000000
1765612800000,0.27330000,0.27340000,0.27290000,0.27310000,7169452.80000000
1765616400000,0.27310000,0.27340000,0.27300000,0.27330000,3380941.90000000
1765620000000,0.27330000,0.27330000,0.27250000,0.27260000,7617142.90000000
1765623600000,0.27260000,0.27290000,0.27230000,0.27240000,4699018.20000000
1765627200000,0.27230000,0.27240000,0.27200000,0.27220000,5871295.80000000
1765630800000,0.27220000,0.27240000,0.27200000,0.27220000,3291464.80000000
1765634400000,0.27210000,0.27280000,0.27200000,0.27260000,6884354.20000000
1765638000000,0.27260000,0.27270000,0.27200000,0.27210000,5271641.30000000
1765641600000,0.27200000,0.27230000,0.27190000,0.27200000,4077238.50000000
1765645200000,0.27210000,0.27210000,0.27160000,0.27180000,4778856.70000000
1765648800000,0.27170000,0.27180000,0.27150000,0.27170000,3468632.80000000
1765652400000,0.27170000,0.27190000,0.27160000,0.27180000,2378966.40000000
1765656000000,0.27180000,0.27190000,0.27150000,0.27170000,3448060.50000000
1765659600000,0.27170000,0.27170000,0.27100000,0.27120000,6704419.10000000
1765663200000,0.27120000,0.27130000,0.27090000,0.27090000,2876992.00000000
1765666800000,0.27090000,0.27120000,0.27080000,0.27100000,3036004.90000000
1765670400000,0.27100000,0.27230000,0.27060000,0.27210000,13440262.10000000
1765674000000,0.27200000,0.27370000,0.27200000,0.27350000,20065795.30000000
1765677600000,0.27350000,0.27380000,0.27320000,0.27370000,4431444.70000000
1765681200000,0.27370000,0.27410000,0.27370000,0.27390000,3607296.40000000
1765684800000,0.27400000,0.27460000,0.27370000,0.27370000,7894555.10000000
1765688400000,0.27370000,0.27410000,0.27360000,0.27380000,4038932.30000000
1765692000000,0.27390000,0.27440000,0.27380000,0.27440000,5694434.50000000
1765695600000,0.27430000,0.27470000,0.27400000,0.27460000,4088879.70000000
1765699200000,0.27470000,0.27480000,0.27450000,0.27470000,2902447.50000000
1765702800000,0.27470000,0.27540000,0.27450000,0.27480000,9741657.90000000
1765706400000,0.27480000,0.27560000,0.27470000,0.27550000,8297196.40000000
1765710000000,0.27540000,0.27570000,0.27420000,0.27440000,14668280.60000000
1765713600000,0.27440000,0.27560000,0.27420000,0.27540000,10150046.00000000
1765717200000,0.27540000,0.27560000,0.27510000,0.27530000,4869741.10000000
1765720800000,0.27540000,0.27590000,0.27490000,0.27510000,10195771.10000000
1765724400000,0.27510000,0.27590000,0.27500000,0.27580000,8907688.90000000
1765728000000,0.27580000,0.27660000,0.27570000,0.27660000,9879772.90000000
1765731600000,0.27660000,0.27670000,0.27590000,0.27610000,5696839.90000000
1765735200000,0.27620000,0.27690000,0.27610000,0.27690000,7644259.20000000
1765738800000,0.27690000,0.27730000,0.27660000,0.27690000,5891966.30000000
1765742400000,0.27690000,0.27740000,0.27650000,0.27730000,7047130.60000000
1765746000000,0.27730000,0.27740000,0.27690000,0.27710000,4478956.10000000
1765749600000,0.27710000,0.27740000,0.27660000,0.27680000,7684672.80000000
1765753200000,0.27690000,0.27730000,0.27620000,0.27730000,13721170.00000000
1765756800000,0.27730000,0.27840000,0.27720000,0.27830000,15663603.30000000
1765760400000,0.27830000,0.27980000,0.27830000,0.27980000,17322621.10000000
1765764000000,0.27980000,0.28090000,0.27970000,0.28090000,14274459.90000000
1765767600000,0.28090000,0.28270000,0.28060000,0.28180000,33567853.50000000
1765771200000,0.28180000,0.28230000,0.28040000,0.28100000,25572995.20000000
1765774800000,0.28100000,0.28110000,0.28050000,0.28110000,7342094.50000000
1765778400000,0.28110000,0.28150000,0.28090000,0.28130000,3806107.90000000
1765782000000,0.28140000,0.28160000,0.28110000,0.28130000,3937617.10000000
1765785600000,0.28130000,0.28130000,0.28020000,0.28040000,10506785.50000000
1765789200000,0.28030000,0.28140000,0.28030000,0.28130000,8023004.20000000
1765792800000,0.28130000,0.28190000,0.28120000,0.28180000,14270192.20000000
1765796400000,0.28180000,0.28190000,0.28140000,0.28190000,5356536.10000000
1765800000000,0.28190000,0.28210000,0.28140000,0.28210000,5491548.40000000
1765803600000,0.28200000,0.28220000,0.28140000,0.28160000,8603362.50000000
1765807200000,0.28170000,0.28230000,0.28090000,0.28110000,19719925.60000000
1765810800000,0.28110000,0.28120000,0.27920000,0.28060000,35819604.50000000
1765814400000,0.28060000,0.28120000,0.27960000,0.27970000,19523198.30000000
1765818000000,0.27980000,0.27990000,0.27880000,0.27890000,13029019.90000000
1765821600000,0.27890000,0.27940000,0.27810000,0.27840000,18445529.20000000
1765825200000,0.27840000,0.27890000,0.27780000,0.27890000,14787850.00000000
1765828800000,0.27890000,0.27900000,0.27770000,0.27780000,8526925.70000000
1765832400000,0.27780000,0.27850000,0.27750000,0.27840000,7086515.50000000
1765836000000,0.27840000,0.27850000,0.27810000,0.27850000,2641869.30000000
1765839600000,0.27850000,0.27880000,0.27800000,0.27830000,6233984.80000000
1765843200000,0.27820000,0.27930000,0.27820000,0.27860000,8804513.80000000
1765846800000,0.27860000,0.27890000,0.27820000,0.27840000,4056223.20000000
1765850400000,0.27840000,0.27870000,0.27800000,0.27800000,8252590.10000000
1765854000000,0.27800000,0.27810000,0.27760000,0.27810000,5466069.90000000
1765857600000,0.27800000,0.27860000,0.27800000,0.27860000,5289320.40000000
1765861200000,0.27860000,0.27910000,0.27850000,0.27910000,6538963.10000000
1765864800000,0.27910000,0.27940000,0.27900000,0.27940000,4216052.00000000
1765868400000,0.27940000,0.27940000,0.27820000,0.27850000,5936312.70000000
1765872000000,0.27850000,0.27920000,0.27830000,0.27910000,9497551.30000000
1765875600000,0.27910000,0.27960000,0.27900000,0.27950000,6650325.30000000
1765879200000,0.27940000,0.28000000,0.27910000,0.27950000,10833143.70000000
1765882800000,0.27950000,0.27990000,0.27910000,0.27990000,5236712.60000000
1765886400000,0.27990000,0.28020000,0.27980000,0.28000000,7281253.60000000
1765890000000,0.28010000,0.28030000,0.27930000,0.27960000,12330709.10000000
1765893600000,0.27970000,0.28080000,0.27930000,0.28050000,21644269.80000000
1765897200000,0.28040000,0.28150000,0.27990000,0.28140000,14454167.40000000
1765900800000,0.28140000,0.28200000,0.28090000,0.28110000,11411306.10000000
1765904400000,0.28110000,0.28130000,0.28050000,0.28060000,6131995.60000000
1765908000000,0.28060000,0.28090000,0.28040000,0.28060000,4760292.40000000
1765911600000,0.28050000,0.28090000,0.28010000,0.28090000,8309907.90000000
1765915200000,0.28080000,0.28090000,0.28020000,0.28030000,4947873.80000000
1765918800000,0.28030000,0.28060000,0.28010000,0.28060000,4363947.80000000
1765922400000,0.28050000,0.28060000,0.28000000,0.28050000,5372061.50000000
1765926000000,0.28040000,0.28070000,0.28010000,0.28020000,4282494.50000000
1765929600000,0.28020000,0.28020000,0.27940000,0.27940000,5407642.20000000
1765933200000,0.27940000,0.28050000,0.27940000,0.28040000,5878716.70000000
1765936800000,0.28040000,0.28080000,0.28010000,0.28080000,4351721.60000000
1765940400000,0.28080000,0.28080000,0.28050000,0.28050000,1697555.60000000
1765944000000,0.28050000,0.28060000,0.27940000,0.27950000,5677026.70000000
1765947600000,0.27950000,0.28030000,0.27930000,0.28020000,6849307.60000000
1765951200000,0.28010000,0.28030000,0.27970000,0.28000000,3491109.10000000
1765954800000,0.28000000,0.28040000,0.27900000,0.27920000,13455446.20000000
1765958400000,0.27930000,0.27930000,0.27890000,0.27930000,3347449.80000000
1765962000000,0.27930000,0.27940000,0.27900000,0.27910000,4609990.00000000
1765965600000,0.27920000,0.27950000,0.27900000,0.27920000,3369012.20000000
1765969200000,0.27920000,0.27950000,0.27910000,0.27940000,2051766.30000000
1765972800000,0.27950000,0.27970000,0.27910000,0.27970000,4673984.20000000
1765976400000,0.27960000,0.28040000,0.27950000,0.28030000,9396409.30000000
1765980000000,0.28030000,0.28140000,0.27970000,0.28120000,16633533.50000000
1765983600000,0.28120000,0.28210000,0.27970000,0.27980000,38600670.70000000
1765987200000,0.27980000,0.28030000,0.27850000,0.27980000,31470914.20000000
1765990800000,0.27990000,0.28020000,0.27950000,0.27970000,14202324.20000000
1765994400000,0.27980000,0.27990000,0.27900000,0.27920000,7861638.80000000
1765998000000,0.27920000,0.27950000,0.27900000,0.27930000,5158219.10000000
1766001600000,0.27930000,0.27940000,0.27890000,0.27930000,5278384.40000000
1766005200000,0.27930000,0.27950000,0.27890000,0.27900000,3999828.40000000
1766008800000,0.27910000,0.27970000,0.27900000,0.27950000,7337343.60000000
1766012400000,0.27950000,0.27960000,0.27900000,0.27960000,5338944.60000000
1766016000000,0.27960000,0.27960000,0.27920000,0.27940000,2617023.50000000
1766019600000,0.27940000,0.27940000,0.27900000,0.27910000,1749923.70000000
1766023200000,0.27920000,0.27940000,0.27900000,0.27930000,1836565.40000000
1766026800000,0.27920000,0.27930000,0.27860000,0.27870000,4879419.70000000
1766030400000,0.27860000,0.27890000,0.27740000,0.27750000,13398549.30000000
1766034000000,0.27750000,0.27770000,0.27720000,0.27750000,4790004.30000000
1766037600000,0.27750000,0.27770000,0.27700000,0.27710000,5401274.00000000
1766041200000,0.27710000,0.27750000,0.27710000,0.27720000,2807573.10000000
1766044800000,0.27720000,0.27730000,0.27700000,0.27710000,2496305.00000000
1766048400000,0.27700000,0.27760000,0.27700000,0.27730000,3375886.70000000
1766052000000,0.27720000,0.27770000,0.27720000,0.27750000,3410328.20000000
1766055600000,0.27750000,0.27870000,0.27730000,0.27860000,6503649.10000000
1766059200000,0.27860000,0.27930000,0.27850000,0.27890000,11217676.70000000
1766062800000,0.27900000,0.28000000,0.27870000,0.27960000,13128018.60000000
1766066400000,0.27960000,0.28110000,0.27960000,0.28100000,23525624.50000000
1766070000000,0.28100000,0.28190000,0.28060000,0.28080000,22254172.50000000
1766073600000,0.28080000,0.28200000,0.28070000,0.28150000,16659757.30000000
1766077200000,0.28150000,0.28150000,0.27900000,0.28010000,31817938.50000000
1766080800000,0.28000000,0.28050000,0.27950000,0.28000000,11376070.70000000
1766084400000,0.28000000,0.28000000,0.27870000,0.27890000,16255050.50000000
1766088000000,0.27880000,0.27930000,0.27870000,0.27910000,5447215.30000000
1766091600000,0.27910000,0.27960000,0.27900000,0.27920000,6508619.40000000
1766095200000,0.27910000,0.27950000,0.27900000,0.27920000,4168646.40000000
1766098800000,0.27920000,0.27970000,0.27910000,0.27930000,5907699.40000000
1766102400000,0.27920000,0.27950000,0.27850000,0.27870000,6932703.50000000
1766106000000,0.27860000,0.27870000,0.27830000,0.27850000,2675754.20000000
1766109600000,0.27850000,0.27850000,0.27800000,0.27810000,5413280.50000000
1766113200000,0.27810000,0.27990000,0.27810000,0.27890000,22529687.00000000
1766116800000,0.27880000,0.27940000,0.27880000,0.27940000,4345616.20000000
1766120400000,0.27940000,0.27950000,0.27850000,0.27860000,9549172.20000000
1766124000000,0.27860000,0.27900000,0.27840000,0.27890000,4676508.10000000
1766127600000,0.27890000,0.27980000,0.27870000,0.27970000,11453157.10000000
1766131200000,0.27960000,0.27980000,0.27910000,0.27950000,5477604.70000000
1766134800000,0.27940000,0.28010000,0.27940000,0.27970000,8512607.00000000
1766138400000,0.27970000,0.27980000,0.27940000,0.27970000,4999065.60000000
1766142000000,0.27970000,0.27970000,0.27850000,0.27870000,7019983.50000000
1766145600000,0.27860000,0.27880000,0.27840000,0.27880000,4644304.00000000
1766149200000,0.27880000,0.27880000,0.27810000,0.27830000,4887850.20000000
1766152800000,0.27820000,0.27940000,0.27800000,0.27870000,18218744.00000000
1766156400000,0.27870000,0.27990000,0.27830000,0.27880000,22182809.90000000
1766160000000,0.27880000,0.27930000,0.27830000,0.27840000,12202421.50000000
1766163600000,0.27850000,0.27910000,0.27830000,0.27860000,12353614.70000000
1766167200000,0.27860000,0.27920000,0.27860000,0.27920000,5763583.50000000
1766170800000,0.27920000,0.27990000,0.27910000,0.27950000,10874401.40000000
1766174400000,0.27950000,0.28010000,0.27940000,0.28000000,6526088.80000000
1766178000000,0.28000000,0.28030000,0.27990000,0.28030000,3530688.60000000
1766181600000,0.28030000,0.28060000,0.28020000,0.28050000,5779624.40000000
1766185200000,0.28040000,0.28050000,0.27990000,0.28000000,4039987.00000000
1766188800000,0.28010000,0.28040000,0.27960000,0.28040000,7090953.70000000
1766192400000,0.28030000,0.28050000,0.27980000,0.28000000,5356231.80000000
1766196000000,0.28000000,0.28020000,0.27970000,0.27980000,7577329.10000000
1766199600000,0.27970000,0.28010000,0.27970000,0.27970000,4941812.80000000
1766203200000,0.27980000,0.27980000,0.27940000,0.27940000,3133573.20000000
1766206800000,0.27940000,0.27980000,0.27920000,0.27980000,3646578.60000000
1766210400000,0.27980000,0.27990000,0.27900000,0.27920000,4239249.90000000
1766214000000,0.27910000,0.27940000,0.27890000,0.27910000,3955208.80000000
1766217600000,0.27910000,0.27930000,0.27880000,0.27880000,2454575.80000000
1766221200000,0.27890000,0.27920000,0.27870000,0.27870000,3772940.60000000
1766224800000,0.27870000,0.27940000,0.27860000,0.27940000,6827555.10000000
1766228400000,0.27930000,0.27950000,0.27910000,0.27950000,4200323.00000000
1766232000000,0.27950000,0.27960000,0.27920000,0.27920000,3164554.40000000
1766235600000,0.27930000,0.27970000,0.27900000,0.27970000,7080130.60000000
1766239200000,0.27970000,0.28020000,0.27960000,0.28010000,5638389.40000000
1766242800000,0.28010000,0.28010000,0.27960000,0.28000000,5017210.00000000
1766246400000,0.28000000,0.28030000,0.27990000,0.28030000,3438118.00000000
1766250000000,0.28030000,0.28040000,0.27980000,0.28030000,5227800.80000000
1766253600000,0.28030000,0.28040000,0.28000000,0.28020000,5776566.50000000
1766257200000,0.28020000,0.28030000,0.28000000,0.28010000,2516254.50000000
1766260800000,0.28010000,0.28020000,0.27970000,0.28020000,3925248.20000000
1766264400000,0.28020000,0.28040000,0.28010000,0.28040000,3078992.80000000
1766268000000,0.28040000,0.28050000,0.28000000,0.28050000,5554420.20000000
1766271600000,0.28050000,0.28190000,0.28040000,0.28190000,16753167.80000000
1766275200000,0.28190000,0.28230000,0.28120000,0.28190000,15332709.80000000
1766278800000,0.28190000,0.28210000,0.28180000,0.28210000,3583779.40000000
1766282400000,0.28200000,0.28240000,0.28180000,0.28240000,5326968.00000000
1766286000000,0.28240000,0.28320000,0.28230000,0.28320000,8310453.00000000
1766289600000,0.28320000,0.28350000,0.28310000,0.28340000,5157975.10000000
1766293200000,0.28340000,0.28360000,0.28250000,0.28270000,6693252.80000000
1766296800000,0.28280000,0.28300000,0.28270000,0.28300000,2138884.10000000
1766300400000,0.28290000,0.28390000,0.28260000,0.28390000,10123801.70000000
1766304000000,0.28380000,0.28420000,0.28380000,0.28410000,3850070.00000000
1766307600000,0.28410000,0.28470000,0.28400000,0.28470000,7359074.00000000
1766311200000,0.28470000,0.28550000,0.28460000,0.28550000,8981515.90000000
1766314800000,0.28550000,0.28600000,0.28500000,0.28570000,12147317.10000000
1766318400000,0.28570000,0.28580000,0.28510000,0.28550000,4245174.30000000
1766322000000,0.28550000,0.28610000,0.28520000,0.28600000,19541969.90000000
1766325600000,0.28610000,0.28630000,0.28540000,0.28590000,9189995.80000000
1766329200000,0.28580000,0.28670000,0.28580000,0.28670000,7985533.50000000
1766332800000,0.28670000,0.28740000,0.28660000,0.28700000,10892826.60000000
1766336400000,0.28700000,0.28740000,0.28690000,0.28740000,5018193.50000000
1766340000000,0.28740000,0.28770000,0.28690000,0.28770000,9013338.50000000
1766343600000,0.28770000,0.28840000,0.28760000,0.28830000,8553012.40000000
1766347200000,0.28830000,0.28850000,0.28750000,0.28800000,6857308.30000000
1766350800000,0.28790000,0.28850000,0.28770000,0.28850000,7078193.40000000
1766354400000,0.28850000,0.28850000,0.28790000,0.28830000,5737287.00000000
1766358000000,0.28820000,0.28860000,0.28800000,0.28830000,7802246.90000000
1766361600000,0.28830000,0.28850000,0.28760000,0.28770000,13667398.70000000
1766365200000,0.28770000,0.28910000,0.28760000,0.28870000,11608062.50000000
1766368800000,0.28870000,0.28870000,0.28740000,0.28840000,16230825.20000000
1766372400000,0.28840000,0.28860000,0.28800000,0.28860000,5153901.50000000
1766376000000,0.28860000,0.28860000,0.28680000,0.28690000,14462788.20000000
1766379600000,0.28700000,0.28740000,0.28680000,0.28730000,3949714.90000000
1766383200000,0.28740000,0.28750000,0.28710000,0.28730000,2975490.50000000
1766386800000,0.28720000,0.28780000,0.28720000,0.28780000,5132685.80000000
1766390400000,0.28770000,0.28780000,0.28720000,0.28770000,4827537.10000000
1766394000000,0.28770000,0.28810000,0.28720000,0.28730000,9192463.20000000
1766397600000,0.28730000,0.28740000,0.28550000,0.28560000,15870194.00000000
1766401200000,0.28560000,0.28600000,0.28550000,0.28570000,4083245.90000000
1766404800000,0.28560000,0.28590000,0.28480000,0.28490000,11511120.70000000
1766408400000,0.28490000,0.28490000,0.28350000,0.28350000,13628752.60000000
1766412000000,0.28360000,0.28430000,0.28330000,0.28340000,18873574.10000000
1766415600000,0.28350000,0.28430000,0.28320000,0.28410000,11410461.40000000
1766419200000,0.28400000,0.28450000,0.28350000,0.28440000,10865452.90000000
1766422800000,0.28440000,0.28510000,0.28410000,0.28480000,7343736.10000000
1766426400000,0.28490000,0.28540000,0.28420000,0.28450000,6846025.00000000
1766430000000,0.28450000,0.28480000,0.28420000,0.28440000,5246202.60000000
1766433600000,0.28440000,0.28480000,0.28430000,0.28440000,6189050.60000000
1766437200000,0.28430000,0.28460000,0.28410000,0.28440000,4180195.20000000
1766440800000,0.28440000,0.28440000,0.28400000,0.28440000,4675104.50000000
1766444400000,0.28440000,0.28480000,0.28420000,0.28440000,8087466.10000000
1766448000000,0.28440000,0.28460000,0.28400000,0.28400000,2924022.70000000
1766451600000,0.28400000,0.28430000,0.28360000,0.28390000,5373046.00000000
1766455200000,0.28390000,0.28420000,0.28380000,0.28420000,2508795.30000000
1766458800000,0.28420000,0.28430000,0.28390000,0.28420000,2240465.30000000
1766462400000,0.28410000,0.28440000,0.28390000,0.28430000,2176766.40000000
1766466000000,0.28420000,0.28480000,0.28410000,0.28460000,5461789.40000000
1766469600000,0.28460000,0.28480000,0.28370000,0.28370000,4764868.50000000
1766473200000,0.28370000,0.28390000,0.28350000,0.28390000,2215456.00000000
1766476800000,0.28380000,0.28450000,0.28360000,0.28450000,5870662.90000000
1766480400000,0.28450000,0.28450000,0.28370000,0.28390000,6078520.40000000
1766484000000,0.28380000,0.28410000,0.28350000,0.28410000,5905587.50000000
1766487600000,0.28410000,0.28420000,0.28390000,0.28420000,4164667.90000000
1766491200000,0.28420000,0.28430000,0.28370000,0.28410000,6280315.70000000
1766494800000,0.28420000,0.28430000,0.28390000,0.28430000,4379161.20000000
1766498400000,0.28430000,0.28430000,0.28290000,0.28320000,11707882.40000000
1766502000000,0.28310000,0.28330000,0.28250000,0.28260000,7990575.80000000
1766505600000,0.28260000,0.28350000,0.28250000,0.28330000,9253977.40000000
1766509200000,0.28340000,0.28350000,0.28270000,0.28270000,3266001.50000000
1766512800000,0.28270000,0.28320000,0.28260000,0.28270000,3868238.80000000
1766516400000,0.28260000,0.28290000,0.28250000,0.28290000,3110162.40000000
1766520000000,0.28290000,0.28310000,0.28230000,0.28250000,8847894.90000000
1766523600000,0.28240000,0.28320000,0.28230000,0.28310000,7451241.00000000
1766527200000,0.28320000,0.28350000,0.28300000,0.28350000,5106520.80000000
1766530800000,0.28350000,0.28360000,0.28320000,0.28360000,4270149.10000000
1766534400000,0.28360000,0.28440000,0.28350000,0.28420000,9004488.50000000
1766538000000,0.28420000,0.28440000,0.28400000,0.28440000,4642003.90000000
1766541600000,0.28430000,0.28440000,0.28340000,0.28360000,5680033.80000000
1766545200000,0.28370000,0.28380000,0.28310000,0.28340000,5222452.80000000
1766548800000,0.28330000,0.28340000,0.28310000,0.28340000,3030884.20000000
1766552400000,0.28340000,0.28360000,0.28330000,0.28350000,2138542.90000000
1766556000000,0.28360000,0.28360000,0.28180000,0.28230000,9217596.90000000
1766559600000,0.28230000,0.28280000,0.28210000,0.28230000,5701908.20000000
1766563200000,0.28240000,0.28300000,0.28240000,0.28280000,4130188.70000000
1766566800000,0.28280000,0.28360000,0.28260000,0.28350000,7071724.00000000
1766570400000,0.28350000,0.28360000,0.28300000,0.28350000,5536076.70000000
1766574000000,0.28360000,0.28360000,0.28300000,0.28310000,4310426.80000000
1766577600000,0.28320000,0.28370000,0.28300000,0.28360000,7919680.70000000
1766581200000,0.28360000,0.28390000,0.28320000,0.28350000,11408968.60000000
1766584800000,0.28340000,0.28360000,0.28270000,0.28270000,9369320.30000000
1766588400000,0.28270000,0.28290000,0.28120000,0.28170000,15751736.40000000
1766592000000,0.28160000,0.28180000,0.28140000,0.28160000,6650266.20000000
1766595600000,0.28160000,0.28240000,0.28150000,0.28210000,4740324.90000000
1766599200000,0.28200000,0.28220000,0.28110000,0.28150000,5186102.40000000
1766602800000,0.28150000,0.28160000,0.28100000,0.28130000,6462962.30000000
1766606400000,0.28130000,0.28160000,0.28100000,0.28130000,4501854.00000000
1766610000000,0.28140000,0.28140000,0.28090000,0.28100000,5630485.60000000
1766613600000,0.28100000,0.28120000,0.28040000,0.28040000,8596630.40000000
1766617200000,0.28050000,0.28060000,0.27930000,0.28030000,23074919.40000000
1766620800000,0.28020000,0.28070000,0.28000000,0.28050000,4743098.40000000
1766624400000,0.28060000,0.28100000,0.28040000,0.28080000,4616345.40000000
1766628000000,0.28070000,0.28070000,0.28010000,0.28050000,3377436.10000000
1766631600000,0.28060000,0.28060000,0.28020000,0.28030000,2439511.60000000
1766635200000,0.28020000,0.28030000,0.28000000,0.28020000,1837392.60000000
1766638800000,0.28010000,0.28050000,0.28010000,0.28030000,2527082.30000000
1766642400000,0.28030000,0.28060000,0.28020000,0.28020000,4505783.50000000
1766646000000,0.28030000,0.28060000,0.28000000,0.28050000,4938129.80000000
1766649600000,0.28060000,0.28060000,0.27950000,0.27950000,6327358.90000000
1766653200000,0.27950000,0.27960000,0.27870000,0.27870000,5912027.80000000
1766656800000,0.27870000,0.27880000,0.27830000,0.27860000,7430583.00000000
1766660400000,0.27860000,0.27900000,0.27850000,0.27880000,4308964.10000000
1766664000000,0.27880000,0.27910000,0.27850000,0.27910000,3837899.00000000
1766667600000,0.27910000,0.27910000,0.27880000,0.27900000,3674552.10000000
1766671200000,0.27900000,0.27920000,0.27850000,0.27870000,5340433.50000000
1766674800000,0.27880000,0.27930000,0.27770000,0.27780000,15670858.30000000
1766678400000,0.27780000,0.27800000,0.27690000,0.27790000,15499469.30000000
1766682000000,0.27790000,0.27820000,0.27770000,0.27810000,4689706.10000000
1766685600000,0.27810000,0.27850000,0.27790000,0.27840000,7007368.90000000
1766689200000,0.27840000,0.27890000,0.27840000,0.27880000,5481195.20000000
1766692800000,0.27890000,0.27900000,0.27860000,0.27890000,2774399.60000000
1766696400000,0.27880000,0.27910000,0.27870000,0.27900000,3389022.10000000
1766700000000,0.27900000,0.27920000,0.27870000,0.27910000,3693104.30000000
1766703600000,0.27900000,0.27910000,0.27830000,0.27870000,5452090.00000000
1766707200000,0.27870000,0.27950000,0.27840000,0.27880000,8769750.20000000
1766710800000,0.27880000,0.27920000,0.27870000,0.27890000,3446672.10000000
1766714400000,0.27890000,0.28010000,0.27880000,0.27980000,11660825.10000000
1766718000000,0.27980000,0.28000000,0.27970000,0.27990000,2474625.00000000
1766721600000,0.27980000,0.28010000,0.27960000,0.27970000,2056017.30000000
1766725200000,0.27970000,0.28000000,0.27960000,0.27990000,2070491.70000000
1766728800000,0.27990000,0.28010000,0.27980000,0.28010000,1375675.20000000
1766732400000,0.28000000,0.28020000,0.27990000,0.28000000,2373536.00000000
1766736000000,0.28000000,0.28010000,0.27880000,0.27920000,9589618.40000000
1766739600000,0.27920000,0.27940000,0.27890000,0.27940000,4558020.30000000
1766743200000,0.27940000,0.27940000,0.27830000,0.27860000,7857569.90000000
1766746800000,0.27850000,0.27860000,0.27830000,0.27860000,2653003.30000000
1766750400000,0.27860000,0.27900000,0.27850000,0.27880000,3992926.00000000
1766754000000,0.27880000,0.27900000,0.27840000,0.27850000,5485933.50000000
1766757600000,0.27850000,0.27870000,0.27810000,0.27840000,6459266.30000000
1766761200000,0.27830000,0.27830000,0.27760000,0.27780000,11529962.90000000
1766764800000,0.27790000,0.27810000,0.27770000,0.27780000,4866017.30000000
1766768400000,0.27780000,0.27820000,0.27770000,0.27780000,5308738.50000000
1766772000000,0.27780000,0.27810000,0.27760000,0.27790000,4698979.10000000
1766775600000,0.27790000,0.27840000,0.27780000,0.27810000,5424176.00000000
1766779200000,0.27810000,0.27890000,0.27800000,0.27890000,8155129.60000000
1766782800000,0.27890000,0.27950000,0.27870000,0.27930000,8687118.90000000
1766786400000,0.27940000,0.27960000,0.27930000,0.27960000,4759695.10000000
1766790000000,0.27960000,0.27980000,0.27940000,0.27950000,5985228.50000000
1766793600000,0.27960000,0.28030000,0.27950000,0.28020000,6541070.20000000
1766797200000,0.28020000,0.28040000,0.27960000,0.27970000,5120559.10000000
1766800800000,0.27970000,0.28020000,0.27960000,0.28020000,2668395.30000000
1766804400000,0.28010000,0.28030000,0.28000000,0.28020000,2710335.10000000
1766808000000,0.28020000,0.28030000,0.27970000,0.27980000,2445383.40000000
1766811600000,0.27970000,0.27990000,0.27920000,0.27940000,2927324.20000000
1766815200000,0.27940000,0.27960000,0.27920000,0.27950000,1187260.10000000
1766818800000,0.27950000,0.27950000,0.27920000,0.27920000,1702788.70000000
1766822400000,0.27920000,0.27940000,0.27910000,0.27920000,3522534.80000000
1766826000000,0.27910000,0.27940000,0.27880000,0.27890000,3690662.60000000
1766829600000,0.27890000,0.27930000,0.27870000,0.27930000,5221651.40000000
1766833200000,0.27920000,0.27960000,0.27900000,0.27960000,5677742.10000000
1766836800000,0.27960000,0.28050000,0.27940000,0.28030000,7076930.10000000
1766840400000,0.28030000,0.28050000,0.28010000,0.28050000,4926770.40000000
1766844000000,0.28050000,0.28050000,0.27980000,0.27990000,5894086.40000000
1766847600000,0.27990000,0.28040000,0.27970000,0.28030000,4124142.50000000
1766851200000,0.28040000,0.28180000,0.28030000,0.28170000,15892892.80000000
1766854800000,0.28180000,0.28240000,0.28170000,0.28220000,8633554.90000000
1766858400000,0.28220000,0.28270000,0.28190000,0.28230000,8156962.20000000
1766862000000,0.28230000,0.28260000,0.28220000,0.28260000,4605018.30000000
1766865600000,0.28260000,0.28370000,0.28260000,0.28360000,12362106.00000000
1766869200000,0.28370000,0.28390000,0.28330000,0.28390000,7605581.30000000
1766872800000,0.28390000,0.28440000,0.28380000,0.28440000,6495597.50000000
1766876400000,0.28440000,0.28490000,0.28420000,0.28490000,7225498.50000000
1766880000000,0.28490000,0.28530000,0.28470000,0.28490000,6291739.80000000
1766883600000,0.28490000,0.28520000,0.28410000,0.28440000,7447967.80000000
1766887200000,0.28430000,0.28460000,0.28370000,0.28400000,5587085.10000000
1766890800000,0.28400000,0.28410000,0.28360000,0.28380000,1991489.50000000
1766894400000,0.28380000,0.28390000,0.28330000,0.28360000,3052733.90000000
1766898000000,0.28360000,0.28390000,0.28350000,0.28380000,2713981.50000000
1766901600000,0.28380000,0.28390000,0.28350000,0.28390000,1813539.80000000
1766905200000,0.28390000,0.28390000,0.28360000,0.28370000,3912345.00000000
1766908800000,0.28370000,0.28390000,0.28350000,0.28360000,2485061.30000000
1766912400000,0.28360000,0.28370000,0.28340000,0.28370000,2627253.80000000
1766916000000,0.28370000,0.28410000,0.28350000,0.28360000,6104569.30000000
1766919600000,0.28360000,0.28380000,0.28330000,0.28350000,3894421.50000000
1766923200000,0.28350000,0.28470000,0.28330000,0.28470000,12450036.50000000
1766926800000,0.28470000,0.28470000,0.28380000,0.28380000,7387326.70000000
1766930400000,0.28380000,0.28420000,0.28380000,0.28410000,3391769.50000000
1766934000000,0.28410000,0.28450000,0.28390000,0.28390000,6332936.30000000
1766937600000,0.28390000,0.28450000,0.28390000,0.28400000,7931788.40000000
1766941200000,0.28400000,0.28440000,0.28390000,0.28440000,3630543.80000000
1766944800000,0.28440000,0.28450000,0.28390000,0.28450000,7353749.10000000
1766948400000,0.28450000,0.28490000,0.28440000,0.28480000,4848568.40000000
1766952000000,0.28470000,0.28510000,0.28450000,0.28470000,6779293.40000000
1766955600000,0.28470000,0.28510000,0.28440000,0.28510000,6575455.60000000
1766959200000,0.28510000,0.28540000,0.28480000,0.28540000,5066302.80000000
1766962800000,0.28530000,0.28540000,0.28490000,0.28500000,3853792.40000000
1766966400000,0.28490000,0.28510000,0.28430000,0.28470000,7716156.00000000
1766970000000,0.28470000,0.28550000,0.28470000,0.28540000,6877457.90000000
1766973600000,0.28540000,0.28580000,0.28520000,0.28580000,5504299.10000000
1766977200000,0.28580000,0.28580000,0.28510000,0.28530000,5114408.90000000
1766980800000,0.28540000,0.28550000,0.28490000,0.28520000,3920548.70000000
1766984400000,0.28520000,0.28530000,0.28420000,0.28440000,4841037.20000000
1766988000000,0.28440000,0.28490000,0.28420000,0.28470000,3769493.30000000
1766991600000,0.28470000,0.28570000,0.28440000,0.28470000,21482496.10000000
1766995200000,0.28460000,0.28470000,0.28290000,0.28320000,17075341.40000000
1766998800000,0.28310000,0.28340000,0.28230000,0.28250000,14847060.90000000
1767002400000,0.28250000,0.28250000,0.28200000,0.28220000,5752241.40000000
1767006000000,0.28220000,0.28240000,0.28200000,0.28220000,4278382.50000000
1767009600000,0.28220000,0.28220000,0.28160000,0.28210000,8071467.60000000
1767013200000,0.28200000,0.28220000,0.28150000,0.28170000,6237178.70000000
1767016800000,0.28160000,0.28250000,0.28150000,0.28160000,14922911.70000000
1767020400000,0.28160000,0.28240000,0.28150000,0.28220000,8514298.30000000
1767024000000,0.28230000,0.28280000,0.28180000,0.28260000,8919874.40000000
1767027600000,0.28260000,0.28290000,0.28250000,0.28280000,4562129.80000000
1767031200000,0.28290000,0.28320000,0.28270000,0.28310000,7534904.80000000
1767034800000,0.28310000,0.28390000,0.28300000,0.28390000,9653007.20000000
1767038400000,0.28390000,0.28400000,0.28340000,0.28400000,5245623.10000000
1767042000000,0.28390000,0.28440000,0.28390000,0.28440000,6422772.60000000
1767045600000,0.28440000,0.28440000,0.28350000,0.28410000,7199473.80000000
1767049200000,0.28420000,0.28500000,0.28410000,0.28500000,8220597.80000000
1767052800000,0.28500000,0.28520000,0.28440000,0.28440000,5586443.60000000
1767056400000,0.28440000,0.28480000,0.28420000,0.28470000,2901000.80000000
1767060000000,0.28480000,0.28490000,0.28460000,0.28490000,5251866.60000000
1767063600000,0.28490000,0.28510000,0.28470000,0.28500000,2339001.00000000
1767067200000,0.28500000,0.28540000,0.28500000,0.28540000,3484089.90000000
1767070800000,0.28530000,0.28550000,0.28490000,0.28540000,3418836.40000000
1767074400000,0.28540000,0.28570000,0.28530000,0.28550000,5766594.80000000
1767078000000,0.28560000,0.28570000,0.28470000,0.28470000,5964894.50000000
1767081600000,0.28480000,0.28510000,0.28460000,0.28500000,3730821.20000000
1767085200000,0.28510000,0.28550000,0.28500000,0.28550000,5065697.40000000
1767088800000,0.28550000,0.28580000,0.28520000,0.28570000,7561249.30000000
1767092400000,0.28570000,0.28600000,0.28540000,0.28540000,5857545.40000000
1767096000000,0.28540000,0.28570000,0.28530000,0.28540000,4657411.20000000
1767099600000,0.28550000,0.28570000,0.28530000,0.28540000,4347994.40000000
1767103200000,0.28550000,0.28580000,0.28530000,0.28570000,5249576.20000000
1767106800000,0.28570000,0.28580000,0.28500000,0.28510000,7262973.20000000
1767110400000,0.28510000,0.28550000,0.28510000,0.28550000,5023323.70000000
1767114000000,0.28540000,0.28560000,0.28520000,0.28540000,4397028.90000000
1767117600000,0.28540000,0.28550000,0.28520000,0.28540000,2604454.10000000
1767121200000,0.28540000,0.28570000,0.28510000,0.28570000,5031218.40000000
1767124800000,0.28570000,0.28670000,0.28560000,0.28670000,10147400.60000000
1767128400000,0.28670000,0.28680000,0.28640000,0.28670000,4864064.30000000
1767132000000,0.28670000,0.28670000,0.28590000,0.28650000,6374305.60000000
1767135600000,0.28650000,0.28660000,0.28630000,0.28630000,5526797.30000000
1767139200000,0.28640000,0.28660000,0.28620000,0.28660000,2861964.00000000
1767142800000,0.28660000,0.28670000,0.28630000,0.28650000,3447366.90000000
1767146400000,0.28650000,0.28650000,0.28600000,0.28610000,3243162.70000000
1767150000000,0.28600000,0.28610000,0.28550000,0.28560000,5648165.30000000
1767153600000,0.28560000,0.28590000,0.28550000,0.28560000,1442698.20000000
1767157200000,0.28570000,0.28580000,0.28560000,0.28580000,1558801.60000000
1767160800000,0.28570000,0.28580000,0.28510000,0.28510000,5826380.50000000
1767164400000,0.28520000,0.28520000,0.28420000,0.28430000,8962906.30000000
1767168000000,0.28440000,0.28440000,0.28380000,0.28410000,6278011.30000000
1767171600000,0.28400000,0.28410000,0.28330000,0.28360000,8994656.80000000
1767175200000,0.28350000,0.28360000,0.28310000,0.28340000,5583563.40000000
1767178800000,0.28330000,0.28370000,0.28310000,0.28370000,4613416.30000000
1767182400000,0.28360000,0.28380000,0.28330000,0.28340000,4528660.20000000
1767186000000,0.28340000,0.28370000,0.28270000,0.28290000,7347258.10000000
1767189600000,0.28280000,0.28320000,0.28220000,0.28260000,9015342.80000000
1767193200000,0.28260000,0.28330000,0.28240000,0.28320000,8088326.20000000
1767196800000,0.28320000,0.28390000,0.28300000,0.28370000,10596577.40000000
1767200400000,0.28370000,0.28400000,0.28290000,0.28310000,7664845.80000000
1767204000000,0.28300000,0.28330000,0.28290000,0.28310000,3060901.20000000
1767207600000,0.28310000,0.28350000,0.28300000,0.28320000,4681821.00000000
1767211200000,0.28320000,0.28350000,0.28300000,0.28350000,3592146.50000000
1767214800000,0.28340000,0.28370000,0.28320000,0.28360000,3424679.10000000
1767218400000,0.28360000,0.28430000,0.28360000,0.28430000,7072153.60000000
1767222000000,0.28420000,0.28480000,0.28410000,0.28450000,5933067.10000000
1767225600000,0.28460000,0.28470000,0.28390000,0.28400000,4255768.90000000
1767229200000,0.28400000,0.28430000,0.28390000,0.28430000,2067475.90000000
1767232800000,0.28430000,0.28430000,0.28400000,0.28410000,1159567.20000000
1767236400000,0.28400000,0.28430000,0.28370000,0.28380000,1634606.00000000
1767240000000,0.28380000,0.28400000,0.28360000,0.28400000,1998462.70000000
1767243600000,0.28400000,0.28430000,0.28370000,0.28430000,1926410.40000000
1767247200000,0.28430000,0.28490000,0.28410000,0.28490000,1526108.60000000
1767250800000,0.28490000,0.28570000,0.28480000,0.28480000,5848741.70000000
1767254400000,0.28480000,0.28540000,0.28480000,0.28520000,5819077.40000000
1767258000000,0.28520000,0.28540000,0.28480000,0.28510000,5698893.50000000
1767261600000,0.28510000,0.28550000,0.28490000,0.28530000,4196574.40000000
1767265200000,0.28530000,0.28570000,0.28430000,0.28470000,12727530.10000000
1767268800000,0.28460000,0.28480000,0.28430000,0.28460000,3639233.40000000
1767272400000,0.28450000,0.28480000,0.28440000,0.28460000,2880976.00000000
1767276000000,0.28460000,0.28470000,0.28390000,0.28420000,7535917.20000000
1767279600000,0.28410000,0.28480000,0.28390000,0.28480000,6782570.40000000
1767283200000,0.28470000,0.28500000,0.28470000,0.28490000,4542538.70000000
1767286800000,0.28500000,0.28530000,0.28480000,0.28530000,6509811.90000000
1767290400000,0.28530000,0.28550000,0.28520000,0.28550000,3972452.20000000
1767294000000,0.28550000,0.28550000,0.28520000,0.28550000,3417439.60000000
1767297600000,0.28540000,0.28550000,0.28490000,0.28510000,5177728.60000000
1767301200000,0.28510000,0.28560000,0.28500000,0.28560000,7805322.30000000
1767304800000,0.28560000,0.28630000,0.28550000,0.28630000,6691936.90000000
1767308400000,0.28630000,0.28710000,0.28600000,0.28710000,9354310.80000000
1767312000000,0.28700000,0.28730000,0.28620000,0.28630000,7061502.40000000
1767315600000,0.28630000,0.28660000,0.28610000,0.28640000,1527385.20000000
1767319200000,0.28650000,0.28650000,0.28610000,0.28640000,1915355.30000000
1767322800000,0.28630000,0.28650000,0.28610000,0.28620000,2304542.50000000
1767326400000,0.28610000,0.28620000,0.28560000,0.28570000,4297546.70000000
1767330000000,0.28560000,0.28600000,0.28560000,0.28580000,1257488.00000000
1767333600000,0.28590000,0.28590000,0.28560000,0.28580000,1248828.20000000
1767337200000,0.28580000,0.28630000,0.28560000,0.28590000,7273769.00000000
1767340800000,0.28590000,0.28590000,0.28520000,0.28530000,5664955.40000000
1767344400000,0.28530000,0.28540000,0.28450000,0.28490000,12617840.00000000
1767348000000,0.28490000,0.28530000,0.28470000,0.28480000,9979570.40000000
1767351600000,0.28480000,0.28520000,0.28470000,0.28510000,5377048.30000000
1767355200000,0.28520000,0.28520000,0.28490000,0.28510000,3777272.60000000
1767358800000,0.28510000,0.28550000,0.28470000,0.28530000,7366626.90000000
1767362400000,0.28530000,0.28590000,0.28510000,0.28590000,9299620.80000000
1767366000000,0.28580000,0.28650000,0.28530000,0.28580000,12883636.80000000
1767369600000,0.28580000,0.28670000,0.28570000,0.28660000,14393630.30000000
1767373200000,0.28670000,0.28740000,0.28650000,0.28710000,13345228.00000000
1767376800000,0.28710000,0.28730000,0.28660000,0.28680000,5732688.60000000
1767380400000,0.28680000,0.28710000,0.28650000,0.28690000,5120315.50000000
1767384000000,0.28690000,0.28730000,0.28680000,0.28710000,5209254.50000000
1767387600000,0.28720000,0.28810000,0.28710000,0.28800000,11066202.20000000
1767391200000,0.28800000,0.28830000,0.28760000,0.28800000,6245368.70000000
1767394800000,0.28800000,0.28900000,0.28790000,0.28900000,9928033.50000000
1767398400000,0.28900000,0.29070000,0.28870000,0.28910000,17001521.40000000
1767402000000,0.28910000,0.28910000,0.28870000,0.28910000,3701849.50000000
1767405600000,0.28910000,0.28930000,0.28900000,0.28920000,3539116.50000000
1767409200000,0.28920000,0.28930000,0.28870000,0.28890000,1785166.30000000
1767412800000,0.28890000,0.28900000,0.28800000,0.28840000,8808841.60000000
1767416400000,0.28850000,0.28860000,0.28780000,0.28850000,4487396.50000000
1767420000000,0.28860000,0.28910000,0.28840000,0.28890000,5950176.40000000
1767423600000,0.28900000,0.28910000,0.28810000,0.28830000,6282699.00000000
1767427200000,0.28830000,0.28870000,0.28820000,0.28850000,3886267.40000000
1767430800000,0.28860000,0.28870000,0.28810000,0.28810000,4449354.70000000
1767434400000,0.28820000,0.28860000,0.28810000,0.28850000,3470090.70000000
1767438000000,0.28850000,0.28880000,0.28820000,0.28860000,6556357.40000000
1767441600000,0.28860000,0.28900000,0.28850000,0.28900000,6137997.70000000
1767445200000,0.28900000,0.29090000,0.28890000,0.29070000,22359276.60000000
1767448800000,0.29060000,0.29120000,0.29040000,0.29120000,7339034.20000000
1767452400000,0.29120000,0.29150000,0.29060000,0.29130000,9563640.30000000
1767456000000,0.29140000,0.29220000,0.29140000,0.29220000,8019132.70000000
1767459600000,0.29220000,0.29280000,0.29190000,0.29280000,6100653.10000000
1767463200000,0.29280000,0.29330000,0.29260000,0.29330000,7880890.20000000
1767466800000,0.29330000,0.29360000,0.29310000,0.29360000,6442062.50000000
1767470400000,0.29360000,0.29400000,0.29340000,0.29400000,6998492.20000000
1767474000000,0.29400000,0.29440000,0.29390000,0.29440000,5911167.50000000
1767477600000,0.29440000,0.29500000,0.29420000,0.29500000,9390353.30000000
1767481200000,0.29500000,0.29560000,0.29490000,0.29560000,7601184.00000000
1767484800000,0.29560000,0.29580000,0.29480000,0.29530000,12391502.40000000
1767488400000,0.29530000,0.29550000,0.29510000,0.29540000,1903264.50000000
1767492000000,0.29550000,0.29550000,0.29510000,0.29530000,2428173.80000000
1767495600000,0.29540000,0.29560000,0.29490000,0.29490000,3130215.80000000
1767499200000,0.29500000,0.29500000,0.29430000,0.29440000,4070328.40000000
1767502800000,0.29450000,0.29480000,0.29400000,0.29410000,6537510.30000000
1767506400000,0.29410000,0.29410000,0.29370000,0.29390000,5773986.10000000
1767510000000,0.29400000,0.29440000,0.29380000,0.29440000,4197815.30000000
1767513600000,0.29430000,0.29470000,0.29360000,0.29400000,13193887.30000000
1767517200000,0.29390000,0.29430000,0.29370000,0.29380000,9842124.00000000
1767520800000,0.29380000,0.29390000,0.29340000,0.29350000,6613977.30000000
1767524400000,0.29350000,0.29400000,0.29340000,0.29380000,5133535.30000000
1767528000000,0.29380000,0.29420000,0.29370000,0.29420000,4744729.80000000
1767531600000,0.29420000,0.29460000,0.29390000,0.29440000,8016218.30000000
1767535200000,0.29440000,0.29470000,0.29360000,0.29470000,13579376.60000000
1767538800000,0.29470000,0.29490000,0.29450000,0.29460000,5086868.20000000
1767542400000,0.29460000,0.29490000,0.29400000,0.29430000,7874789.10000000
1767546000000,0.29430000,0.29480000,0.29420000,0.29470000,4809329.10000000
1767549600000,0.29480000,0.29490000,0.29410000,0.29460000,7288291.90000000
1767553200000,0.29460000,0.29460000,0.29390000,0.29430000,4668738.00000000
1767556800000,0.29440000,0.29440000,0.29360000,0.29370000,7219448.60000000
1767560400000,0.29380000,0.29400000,0.29350000,0.29380000,6104122.20000000
1767564000000,0.29370000,0.29410000,0.29350000,0.29400000,5205959.90000000
1767567600000,0.29400000,0.29410000,0.29360000,0.29390000,4299191.90000000
1767571200000,0.29400000,0.29440000,0.29370000,0.29440000,5859889.50000000
1767574800000,0.29440000,0.29500000,0.29420000,0.29450000,9887172.40000000
1767578400000,0.29450000,0.29470000,0.29400000,0.29440000,4755620.60000000
1767582000000,0.29440000,0.29480000,0.29420000,0.29470000,4626096.60000000
1767585600000,0.29470000,0.29500000,0.29430000,0.29500000,5324116.90000000
1767589200000,0.29490000,0.29520000,0.29450000,0.29460000,7269946.60000000
1767592800000,0.29460000,0.29480000,0.29410000,0.29470000,8191479.80000000
1767596400000,0.29470000,0.29570000,0.29460000,0.29480000,21819756.60000000
1767600000000,0.29470000,0.29490000,0.29300000,0.29320000,20825110.50000000
1767603600000,0.29310000,0.29320000,0.29210000,0.29230000,11059562.50000000
1767607200000,0.29230000,0.29250000,0.29190000,0.29250000,7782800.30000000
1767610800000,0.29250000,0.29270000,0.29220000,0.29260000,4171635.10000000
1767614400000,0.29260000,0.29260000,0.29210000,0.29240000,5063537.70000000
1767618000000,0.29240000,0.29270000,0.29200000,0.29260000,6211407.60000000
1767621600000,0.29260000,0.29280000,0.29210000,0.29270000,9176563.00000000
1767625200000,0.29260000,0.29310000,0.29230000,0.29310000,12172368.50000000
1767628800000,0.29300000,0.29310000,0.29250000,0.29260000,8525760.20000000
1767632400000,0.29260000,0.29280000,0.29180000,0.29210000,9509268.30000000
1767636000000,0.29220000,0.29230000,0.29180000,0.29230000,4221386.50000000
1767639600000,0.29230000,0.29240000,0.29180000,0.29220000,8508988.20000000
1767643200000,0.29220000,0.29280000,0.29210000,0.29270000,10275202.90000000
1767646800000,0.29260000,0.29280000,0.29240000,0.29260000,4657585.40000000
1767650400000,0.29250000,0.29270000,0.29220000,0.29250000,6000970.10000000
1767654000000,0.29240000,0.29260000,0.29190000,0.29220000,4084454.40000000
1767657600000,0.29220000,0.29270000,0.29190000,0.29250000,8665407.40000000
1767661200000,0.29240000,0.29300000,0.29240000,0.29290000,5792122.50000000
1767664800000,0.29290000,0.29300000,0.29270000,0.29290000,1887121.60000000
1767668400000,0.29290000,0.29320000,0.29280000,0.29320000,4708555.50000000
1767672000000,0.29320000,0.29340000,0.29260000,0.29260000,6541801.50000000
1767675600000,0.29260000,0.29300000,0.29260000,0.29300000,2440760.30000000
1767679200000,0.29290000,0.29340000,0.29290000,0.29310000,6694201.50000000
1767682800000,0.29300000,0.29330000,0.29240000,0.29320000,9960566.70000000
1767686400000,0.29320000,0.29330000,0.29220000,0.29230000,7710204.60000000
1767690000000,0.29230000,0.29240000,0.29120000,0.29120000,12488579.50000000
1767693600000,0.29120000,0.29170000,0.29110000,0.29140000,6797859.40000000
1767697200000,0.29150000,0.29190000,0.29130000,0.29170000,5092600.70000000
1767700800000,0.29170000,0.29200000,0.29150000,0.29200000,4756721.00000000
1767704400000,0.29200000,0.29220000,0.29170000,0.29210000,3360547.60000000
1767708000000,0.29210000,0.29320000,0.29180000,0.29250000,15591420.90000000
1767711600000,0.29250000,0.29270000,0.29200000,0.29220000,9574927.90000000
1767715200000,0.29220000,0.29250000,0.29180000,0.29240000,11133943.00000000
1767718800000,0.29250000,0.29260000,0.29150000,0.29150000,9853932.50000000
1767722400000,0.29150000,0.29220000,0.29140000,0.29200000,7712171.20000000
1767726000000,0.29210000,0.29250000,0.29190000,0.29200000,5565798.40000000
1767729600000,0.29200000,0.29270000,0.29180000,0.29270000,7227886.40000000
1767733200000,0.29270000,0.29340000,0.29250000,0.29340000,10251828.20000000
1767736800000,0.29340000,0.29350000,0.29300000,0.29340000,6833692.50000000
1767740400000,0.29350000,0.29420000,0.29340000,0.29420000,6845519.60000000
1767744000000,0.29420000,0.29500000,0.29390000,0.29400000,12631860.40000000
1767747600000,0.29400000,0.29460000,0.29400000,0.29410000,5496989.30000000
1767751200000,0.29410000,0.29470000,0.29400000,0.29460000,4673650.30000000
1767754800000,0.29470000,0.29500000,0.29440000,0.29460000,3946290.90000000
1767758400000,0.29460000,0.29500000,0.29450000,0.29490000,4013750.20000000
1767762000000,0.29490000,0.29520000,0.29480000,0.29490000,3186483.40000000
1767765600000,0.29490000,0.29510000,0.29470000,0.29490000,1772244.50000000
1767769200000,0.29480000,0.29490000,0.29430000,0.29490000,2363514.00000000
1767772800000,0.29490000,0.29510000,0.29450000,0.29500000,4291786.30000000
1767776400000,0.29510000,0.29550000,0.29470000,0.29480000,10725029.40000000
1767780000000,0.29480000,0.29600000,0.29460000,0.29490000,17503985.30000000
1767783600000,0.29490000,0.29530000,0.29470000,0.29510000,4839158.70000000
1767787200000,0.29510000,0.29620000,0.29470000,0.29590000,16074171.70000000
1767790800000,0.29590000,0.29680000,0.29550000,0.29680000,11921586.10000000
1767794400000,0.29680000,0.29680000,0.29570000,0.29670000,14533433.80000000
1767798000000,0.29670000,0.29670000,0.29570000,0.29640000,14689972.80000000
1767801600000,0.29630000,0.29830000,0.29630000,0.29770000,25787443.10000000
1767805200000,0.29770000,0.29840000,0.29770000,0.29800000,7513789.50000000
1767808800000,0.29800000,0.29860000,0.29770000,0.29820000,8894095.60000000
1767812400000,0.29820000,0.29820000,0.29650000,0.29740000,17107896.30000000
1767816000000,0.29730000,0.29800000,0.29710000,0.29790000,13203285.40000000
1767819600000,0.29800000,0.29840000,0.29780000,0.29840000,7342013.30000000
1767823200000,0.29830000,0.29850000,0.29800000,0.29810000,3015331.40000000
1767826800000,0.29810000,0.29830000,0.29770000,0.29810000,3942166.70000000
1767830400000,0.29820000,0.29840000,0.29690000,0.29720000,14064617.60000000
1767834000000,0.29730000,0.29850000,0.29720000,0.29850000,8983482.50000000
1767837600000,0.29850000,0.29850000,0.29730000,0.29790000,6420231.00000000
1767841200000,0.29790000,0.29860000,0.29770000,0.29790000,8685976.70000000
1767844800000,0.29800000,0.29840000,0.29780000,0.29840000,4409465.60000000
1767848400000,0.29830000,0.29850000,0.29790000,0.29800000,4993999.50000000
1767852000000,0.29810000,0.29830000,0.29630000,0.29640000,15348849.90000000
1767855600000,0.29640000,0.29680000,0.29580000,0.29670000,11376441.80000000
1767859200000,0.29670000,0.29670000,0.29510000,0.29530000,12921114.90000000
1767862800000,0.29530000,0.29590000,0.29520000,0.29570000,6805134.30000000
1767866400000,0.29570000,0.29640000,0.29530000,0.29630000,12794749.80000000
1767870000000,0.29640000,0.29660000,0.29620000,0.29660000,5515411.60000000
1767873600000,0.29660000,0.29660000,0.29590000,0.29620000,5077256.60000000
1767877200000,0.29620000,0.29660000,0.29580000,0.29640000,12222236.70000000
1767880800000,0.29650000,0.29650000,0.29510000,0.29560000,17742115.60000000
1767884400000,0.29560000,0.29610000,0.29520000,0.29580000,11388529.40000000
1767888000000,0.29570000,0.29580000,0.29470000,0.29490000,9529863.10000000
1767891600000,0.29500000,0.29510000,0.29470000,0.29500000,6846471.20000000
1767895200000,0.29490000,0.29510000,0.29430000,0.29480000,9651259.90000000
1767898800000,0.29470000,0.29500000,0.29460000,0.29490000,4176019.60000000
1767902400000,0.29480000,0.29540000,0.29450000,0.29520000,7208000.50000000
1767906000000,0.29530000,0.29560000,0.29520000,0.29540000,2809644.00000000
1767909600000,0.29550000,0.29560000,0.29500000,0.29530000,1556027.20000000
1767913200000,0.29520000,0.29540000,0.29480000,0.29500000,1796700.80000000
1767916800000,0.29490000,0.29530000,0.29480000,0.29530000,3102009.70000000
1767920400000,0.29530000,0.29530000,0.29460000,0.29470000,5384490.50000000
1767924000000,0.29460000,0.29490000,0.29440000,0.29450000,5246148.00000000
1767927600000,0.29450000,0.29450000,0.29390000,0.29400000,4623133.90000000
1767931200000,0.29400000,0.29410000,0.29350000,0.29360000,5341466.40000000
1767934800000,0.29360000,0.29400000,0.29350000,0.29400000,2273701.60000000
1767938400000,0.29390000,0.29450000,0.29390000,0.29420000,5869877.40000000
1767942000000,0.29420000,0.29440000,0.29340000,0.29350000,4280960.50000000
1767945600000,0.29340000,0.29360000,0.29280000,0.29290000,6340160.40000000
1767949200000,0.29290000,0.29320000,0.29260000,0.29270000,4328527.00000000
1767952800000,0.29270000,0.29350000,0.29250000,0.29290000,10468293.10000000
1767956400000,0.29290000,0.29350000,0.29280000,0.29320000,9063240.50000000
1767960000000,0.29310000,0.29390000,0.29300000,0.29380000,6317891.60000000
1767963600000,0.29380000,0.29500000,0.29380000,0.29500000,10906149.50000000
1767967200000,0.29490000,0.29580000,0.29460000,0.29570000,12149527.00000000
1767970800000,0.29580000,0.29690000,0.29530000,0.29650000,21817471.40000000
1767974400000,0.29650000,0.29740000,0.29640000,0.29740000,18075378.50000000
1767978000000,0.29740000,0.29740000,0.29670000,0.29740000,9577414.60000000
1767981600000,0.29730000,0.29790000,0.29720000,0.29780000,8296853.90000000
1767985200000,0.29780000,0.29820000,0.29760000,0.29820000,5497714.40000000
1767988800000,0.29810000,0.29890000,0.29810000,0.29880000,11527060.20000000
1767992400000,0.29880000,0.29950000,0.29810000,0.29840000,12902014.30000000
1767996000000,0.29830000,0.29860000,0.29730000,0.29760000,12417530.40000000
1767999600000,0.29760000,0.29850000,0.29750000,0.29840000,7967161.80000000
1768003200000,0.29840000,0.29850000,0.29760000,0.29800000,10563896.00000000
1768006800000,0.29810000,0.29860000,0.29800000,0.29850000,4127046.50000000
1768010400000,0.29860000,0.29860000,0.29820000,0.29820000,2355382.80000000
1768014000000,0.29820000,0.29840000,0.29800000,0.29810000,1934444.70000000
1768017600000,0.29810000,0.29810000,0.29730000,0.29770000,7556357.40000000
1768021200000,0.29770000,0.29820000,0.29760000,0.29820000,4130863.60000000
1768024800000,0.29810000,0.29880000,0.29810000,0.29880000,5561765.20000000
1768028400000,0.29880000,0.29890000,0.29790000,0.29790000,6717069.10000000
1768032000000,0.29800000,0.29830000,0.29770000,0.29810000,9094404.40000000
1768035600000,0.29820000,0.29850000,0.29750000,0.29790000,10187435.60000000
1768039200000,0.29790000,0.29810000,0.29740000,0.29800000,9322197.90000000
1768042800000,0.29800000,0.29850000,0.29790000,0.29850000,6276241.30000000
1768046400000,0.29840000,0.29860000,0.29810000,0.29830000,6168518.70000000
1768050000000,0.29830000,0.29840000,0.29780000,0.29790000,6193735.50000000
1768053600000,0.29790000,0.29880000,0.29780000,0.29870000,7678876.20000000
1768057200000,0.29860000,0.29940000,0.29850000,0.29910000,7593103.80000000
1768060800000,0.29920000,0.29940000,0.29900000,0.29930000,4371690.90000000
1768064400000,0.29930000,0.29950000,0.29910000,0.29940000,4879870.80000000
1768068000000,0.29950000,0.29990000,0.29920000,0.29940000,8021007.60000000
1768071600000,0.29940000,0.29950000,0.29910000,0.29940000,2767050.90000000
1768075200000,0.29950000,0.30030000,0.29930000,0.30030000,8076821.60000000
1768078800000,0.30020000,0.30110000,0.29980000,0.30000000,9240338.80000000
1768082400000,0.30000000,0.30120000,0.29970000,0.30120000,7214961.30000000
1768086000000,0.30120000,0.30250000,0.30100000,0.30240000,7973724.30000000
1768089600000,0.30230000,0.30320000,0.30170000,0.30300000,19724832.20000000
1768093200000,0.30300000,0.30340000,0.30230000,0.30240000,11382098.60000000
1768096800000,0.30240000,0.30270000,0.29950000,0.29980000,15910030.60000000
1768100400000,0.29980000,0.30030000,0.29930000,0.30010000,10206786.60000000
1768104000000,0.30010000,0.30060000,0.29950000,0.30050000,4618924.30000000
1768107600000,0.30050000,0.30110000,0.30000000,0.30050000,7310321.20000000
1768111200000,0.30050000,0.30120000,0.29960000,0.29990000,8657297.10000000
1768114800000,0.29980000,0.30010000,0.29870000,0.29880000,9868064.00000000
1768118400000,0.29880000,0.29920000,0.29840000,0.29910000,6195694.90000000
1768122000000,0.29900000,0.29940000,0.29870000,0.29900000,5683955.80000000
1768125600000,0.29890000,0.29950000,0.29880000,0.29890000,7437390.00000000
1768129200000,0.29900000,0.29950000,0.29860000,0.29950000,4194243.30000000
1768132800000,0.29950000,0.29950000,0.29860000,0.29860000,4893085.10000000
1768136400000,0.29860000,0.29990000,0.29850000,0.29980000,8497134.20000000
1768140000000,0.29980000,0.30000000,0.29960000,0.29990000,2623221.80000000
1768143600000,0.29990000,0.30000000,0.29920000,0.29940000,4942979.30000000
1768147200000,0.29930000,0.30020000,0.29920000,0.29990000,9844951.10000000
1768150800000,0.29990000,0.30120000,0.29980000,0.30110000,6709144.90000000
1768154400000,0.30110000,0.30290000,0.30100000,0.30290000,9487119.80000000
1768158000000,0.30290000,0.30330000,0.30170000,0.30250000,10160717.20000000
1768161600000,0.30250000,0.30250000,0.29960000,0.30000000,15848256.60000000
1768165200000,0.30010000,0.30010000,0.29910000,0.29990000,11365462.70000000
1768168800000,0.29990000,0.29990000,0.29930000,0.29930000,3462521.50000000
1768172400000,0.29930000,0.30010000,0.29910000,0.29950000,7573353.50000000
1768176000000,0.29960000,0.29960000,0.29890000,0.29920000,7002910.50000000
1768179600000,0.29910000,0.29930000,0.29870000,0.29880000,3961264.50000000
1768183200000,0.29890000,0.29960000,0.29870000,0.29940000,6886581.50000000
1768186800000,0.29940000,0.29980000,0.29920000,0.29920000,5923796.70000000
1768190400000,0.29920000,0.29940000,0.29900000,0.29910000,3167866.10000000
1768194000000,0.29910000,0.29910000,0.29870000,0.29880000,3595893.70000000
1768197600000,0.29890000,0.29890000,0.29780000,0.29790000,10992375.90000000
1768201200000,0.29800000,0.29820000,0.29730000,0.29770000,6764303.50000000
1768204800000,0.29770000,0.29830000,0.29710000,0.29830000,14276374.90000000
1768208400000,0.29830000,0.29850000,0.29810000,0.29820000,3441755.10000000
1768212000000,0.29820000,0.29840000,0.29750000,0.29760000,5239308.60000000
1768215600000,0.29760000,0.29780000,0.29750000,0.29760000,3212929.70000000
1768219200000,0.29750000,0.29800000,0.29740000,0.29800000,2532997.10000000
1768222800000,0.29800000,0.29800000,0.29750000,0.29790000,3000014.70000000
1768226400000,0.29790000,0.29810000,0.29750000,0.29800000,6127471.20000000
1768230000000,0.29800000,0.29870000,0.29730000,0.29870000,17600765.20000000
1768233600000,0.29870000,0.29940000,0.29860000,0.29930000,8884486.10000000
1768237200000,0.29930000,0.29950000,0.29830000,0.29870000,8926632.00000000
1768240800000,0.29860000,0.29920000,0.29830000,0.29920000,6754162.50000000
1768244400000,0.29910000,0.29990000,0.29900000,0.29990000,6420520.60000000
1768248000000,0.29990000,0.30000000,0.29940000,0.29980000,4331022.90000000
1768251600000,0.29970000,0.30000000,0.29960000,0.30000000,5423100.30000000
1768255200000,0.30000000,0.30070000,0.29960000,0.30000000,9037822.30000000
1768258800000,0.30000000,0.30000000,0.29950000,0.29980000,2428781.60000000
1768262400000,0.29990000,0.30040000,0.29950000,0.30040000,4133743.80000000
1768266000000,0.30030000,0.30070000,0.29940000,0.29940000,7289117.00000000
1768269600000,0.29940000,0.29950000,0.29890000,0.29900000,5666538.90000000
1768273200000,0.29910000,0.30010000,0.29900000,0.30010000,4898479.10000000
1768276800000,0.30010000,0.30010000,0.29880000,0.29890000,6522456.10000000
1768280400000,0.29880000,0.29940000,0.29850000,0.29850000,7762865.60000000
1768284000000,0.29860000,0.29930000,0.29850000,0.29900000,5251008.40000000
1768287600000,0.29900000,0.29970000,0.29890000,0.29930000,7698848.40000000
1768291200000,0.29940000,0.29960000,0.29890000,0.29900000,11400400.60000000
1768294800000,0.29900000,0.29930000,0.29880000,0.29930000,4970978.70000000
1768298400000,0.29920000,0.29930000,0.29870000,0.29880000,4110984.30000000
1768302000000,0.29880000,0.29900000,0.29850000,0.29860000,4179633.50000000
1768305600000,0.29860000,0.29900000,0.29850000,0.29900000,2209603.90000000
1768309200000,0.29900000,0.29950000,0.29890000,0.29920000,7234847.70000000
1768312800000,0.29910000,0.29950000,0.29900000,0.29950000,8301561.70000000
1768316400000,0.29940000,0.30320000,0.29940000,0.30150000,34689200.50000000
1768320000000,0.30150000,0.30220000,0.30110000,0.30210000,7680604.20000000
1768323600000,0.30220000,0.30280000,0.30180000,0.30200000,8431023.50000000
1768327200000,0.30200000,0.30350000,0.30190000,0.30350000,7675062.60000000
1768330800000,0.30340000,0.30480000,0.30340000,0.30460000,11813887.00000000
1768334400000,0.30460000,0.30660000,0.30450000,0.30600000,15714209.60000000
1768338000000,0.30600000,0.30640000,0.30420000,0.30520000,8356557.70000000
1768341600000,0.30520000,0.30690000,0.30490000,0.30550000,16172174.20000000
1768345200000,0.30550000,0.30740000,0.30510000,0.30710000,15315901.20000000
1768348800000,0.30720000,0.30740000,0.30590000,0.30590000,5592493.60000000
1768352400000,0.30590000,0.30600000,0.30450000,0.30460000,6419427.60000000
1768356000000,0.30470000,0.30500000,0.30420000,0.30450000,3944753.10000000
1768359600000,0.30450000,0.30480000,0.30410000,0.30470000,3092541.20000000
1768363200000,0.30470000,0.30520000,0.30460000,0.30480000,3206707.50000000
1768366800000,0.30470000,0.30480000,0.30280000,0.30360000,6282327.60000000
1768370400000,0.30350000,0.30390000,0.30240000,0.30390000,14141899.60000000
1768374000000,0.30380000,0.30490000,0.30280000,0.30320000,10247528.30000000
1768377600000,0.30310000,0.30330000,0.30150000,0.30190000,16456275.30000000
1768381200000,0.30190000,0.30290000,0.30160000,0.30260000,7158116.80000000
1768384800000,0.30250000,0.30290000,0.30170000,0.30200000,7127060.20000000
1768388400000,0.30200000,0.30240000,0.30090000,0.30150000,11398323.00000000
1768392000000,0.30150000,0.30310000,0.30120000,0.30250000,8230831.00000000
1768395600000,0.30240000,0.30280000,0.30190000,0.30260000,6173893.50000000
1768399200000,0.30260000,0.30440000,0.30250000,0.30350000,11445518.40000000
1768402800000,0.30340000,0.30350000,0.30210000,0.30290000,13074003.50000000
1768406400000,0.30300000,0.30430000,0.30270000,0.30420000,8080474.00000000
1768410000000,0.30410000,0.30480000,0.30300000,0.30330000,6371337.10000000
1768413600000,0.30330000,0.30330000,0.30130000,0.30150000,10816518.30000000
1768417200000,0.30160000,0.30290000,0.30150000,0.30290000,3791513.60000000
1768420800000,0.30290000,0.30330000,0.30270000,0.30300000,5471456.30000000
1768424400000,0.30310000,0.30400000,0.30290000,0.30330000,6733467.20000000
1768428000000,0.30320000,0.30400000,0.30280000,0.30390000,4976933.70000000
1768431600000,0.30380000,0.30490000,0.30360000,0.30470000,9719298.60000000
1768435200000,0.30470000,0.30470000,0.30340000,0.30370000,5233575.30000000
1768438800000,0.30370000,0.30450000,0.30350000,0.30420000,4592420.20000000
1768442400000,0.30420000,0.30560000,0.30400000,0.30530000,10955721.30000000
1768446000000,0.30520000,0.30570000,0.30440000,0.30490000,5378900.30000000
1768449600000,0.30490000,0.30610000,0.30480000,0.30610000,4048560.90000000
1768453200000,0.30610000,0.30660000,0.30470000,0.30570000,11661333.00000000
1768456800000,0.30570000,0.30650000,0.30510000,0.30560000,6243082.40000000
1768460400000,0.30560000,0.30680000,0.30520000,0.30600000,12143056.10000000
1768464000000,0.30610000,0.30710000,0.30590000,0.30650000,13797142.00000000
1768467600000,0.30650000,0.30710000,0.30210000,0.30480000,45051263.40000000
1768471200000,0.30480000,0.30550000,0.30420000,0.30460000,11630985.00000000
1768474800000,0.30450000,0.30580000,0.30450000,0.30540000,7220719.60000000
1768478400000,0.30530000,0.30670000,0.30490000,0.30670000,10601157.80000000
1768482000000,0.30670000,0.30900000,0.30640000,0.30810000,18227288.30000000
1768485600000,0.30810000,0.30840000,0.30680000,0.30720000,9829261.90000000
1768489200000,0.30720000,0.30830000,0.30670000,0.30820000,10665833.40000000
1768492800000,0.30820000,0.30940000,0.30750000,0.30910000,13804343.60000000
1768496400000,0.30920000,0.31000000,0.30890000,0.30890000,9641255.80000000
1768500000000,0.30890000,0.30930000,0.30800000,0.30890000,8753088.00000000
1768503600000,0.30890000,0.31010000,0.30830000,0.31010000,10148359.20000000
1768507200000,0.31010000,0.31090000,0.30950000,0.31070000,10059655.50000000
1768510800000,0.31060000,0.31200000,0.31050000,0.31200000,8716479.60000000
1768514400000,0.31200000,0.31250000,0.31170000,0.31210000,8262512.40000000
1768518000000,0.31210000,0.31270000,0.31100000,0.31260000,8028365.00000000
1768521600000,0.31270000,0.31270000,0.31100000,0.31140000,8603765.20000000
1768525200000,0.31140000,0.31150000,0.31090000,0.31140000,2648687.10000000
1768528800000,0.31140000,0.31150000,0.31090000,0.31150000,3089725.00000000
1768532400000,0.31150000,0.31250000,0.31130000,0.31220000,4528558.10000000
1768536000000,0.31210000,0.31210000,0.30980000,0.31000000,8996724.40000000
1768539600000,0.30990000,0.31020000,0.30920000,0.31010000,6321071.00000000
1768543200000,0.31000000,0.31050000,0.30950000,0.30950000,3952049.30000000
1768546800000,0.30950000,0.30950000,0.30820000,0.30880000,4781278.60000000
1768550400000,0.30870000,0.30880000,0.30780000,0.30810000,4343311.50000000
1768554000000,0.30800000,0.30810000,0.30630000,0.30760000,11449023.50000000
1768557600000,0.30750000,0.30810000,0.30720000,0.30760000,4707705.70000000
1768561200000,0.30750000,0.30860000,0.30690000,0.30860000,7424434.60000000
1768564800000,0.30860000,0.30910000,0.30810000,0.30850000,5113545.90000000
1768568400000,0.30850000,0.30870000,0.30730000,0.30810000,6327233.80000000
1768572000000,0.30810000,0.30810000,0.30700000,0.30710000,5649237.80000000
1768575600000,0.30700000,0.30720000,0.30570000,0.30590000,8006351.10000000
1768579200000,0.30580000,0.30690000,0.30530000,0.30690000,8115183.20000000
1768582800000,0.30680000,0.30830000,0.30660000,0.30810000,14901056.90000000
1768586400000,0.30800000,0.30840000,0.30730000,0.30730000,5863903.50000000
1768590000000,0.30730000,0.30880000,0.30730000,0.30850000,6344674.30000000
1768593600000,0.30850000,0.31050000,0.30840000,0.31030000,12676438.70000000
1768597200000,0.31040000,0.31090000,0.31010000,0.31050000,5173578.60000000
1768600800000,0.31050000,0.31110000,0.31040000,0.31100000,3526043.60000000
1768604400000,0.31100000,0.31100000,0.30910000,0.30960000,6428690.50000000
1768608000000,0.30970000,0.30980000,0.30900000,0.30980000,3703339.40000000
1768611600000,0.30970000,0.31070000,0.30950000,0.30990000,5303527.90000000
1768615200000,0.30980000,0.31060000,0.30950000,0.31050000,3155958.70000000
1768618800000,0.31050000,0.31080000,0.31030000,0.31050000,2070734.20000000
1768622400000,0.31040000,0.31200000,0.30990000,0.31200000,5848070.40000000
1768626000000,0.31200000,0.31220000,0.31100000,0.31140000,3177663.60000000
1768629600000,0.31140000,0.31220000,0.31110000,0.31160000,6467590.50000000
1768633200000,0.31160000,0.31200000,0.31090000,0.31190000,6232295.00000000
1768636800000,0.31190000,0.31200000,0.30920000,0.30940000,11462096.70000000
1768640400000,0.30940000,0.31170000,0.30940000,0.31110000,8950418.90000000
1768644000000,0.31100000,0.31240000,0.31090000,0.31200000,5477736.30000000
1768647600000,0.31210000,0.31340000,0.31180000,0.31280000,8162569.20000000
1768651200000,0.31270000,0.31330000,0.31190000,0.31270000,10326652.60000000
1768654800000,0.31270000,0.31380000,0.31220000,0.31370000,5545672.40000000
1768658400000,0.31360000,0.31490000,0.31360000,0.31420000,7798852.40000000
1768662000000,0.31410000,0.31550000,0.31410000,0.31470000,7007845.50000000
1768665600000,0.31460000,0.31600000,0.31450000,0.31510000,10768537.10000000
1768669200000,0.31510000,0.31610000,0.31470000,0.31610000,4391857.00000000
1768672800000,0.31600000,0.31670000,0.31570000,0.31580000,6328858.10000000
1768676400000,0.31580000,0.31670000,0.31560000,0.31640000,3833587.40000000
1768680000000,0.31640000,0.31790000,0.31610000,0.31770000,11363862.20000000
1768683600000,0.31760000,0.31870000,0.31760000,0.31850000,8287290.10000000
1768687200000,0.31860000,0.31910000,0.31840000,0.31850000,6093010.90000000
1768690800000,0.31850000,0.31950000,0.31840000,0.31880000,4911017.00000000
1768694400000,0.31870000,0.31940000,0.31720000,0.31750000,15499558.30000000
1768698000000,0.31750000,0.31820000,0.31720000,0.31820000,3344922.10000000
1768701600000,0.31820000,0.31940000,0.31800000,0.31890000,9448930.20000000
1768705200000,0.31880000,0.32040000,0.31870000,0.32040000,5606130.00000000
1768708800000,0.32050000,0.32050000,0.31910000,0.31960000,4482127.90000000
1768712400000,0.31960000,0.32100000,0.31950000,0.32070000,7173257.10000000
1768716000000,0.32070000,0.32070000,0.31920000,0.31970000,6754592.30000000
1768719600000,0.31970000,0.32000000,0.31810000,0.31830000,8327710.70000000
1768723200000,0.31830000,0.31830000,0.31500000,0.31560000,21116774.10000000
1768726800000,0.31550000,0.31690000,0.31500000,0.31690000,8356470.60000000
1768730400000,0.31690000,0.31740000,0.31650000,0.31710000,4870499.70000000
1768734000000,0.31720000,0.31810000,0.31660000,0.31720000,9159855.80000000
1768737600000,0.31720000,0.31730000,0.31560000,0.31610000,5194061.10000000
1768741200000,0.31600000,0.31700000,0.31540000,0.31690000,4342163.30000000
1768744800000,0.31700000,0.31860000,0.31630000,0.31850000,11010464.30000000
1768748400000,0.31850000,0.31970000,0.31850000,0.31950000,7503565.30000000
1768752000000,0.31950000,0.32000000,0.31860000,0.31890000,6078272.80000000
1768755600000,0.31880000,0.31910000,0.31840000,0.31880000,4197501.10000000
1768759200000,0.31870000,0.32020000,0.31870000,0.32000000,5601877.50000000
1768762800000,0.31990000,0.32010000,0.31870000,0.31900000,6768075.00000000
1768766400000,0.31890000,0.32060000,0.31890000,0.32060000,5595387.00000000
1768770000000,0.32060000,0.32060000,0.31930000,0.31940000,3419511.50000000
1768773600000,0.31950000,0.32050000,0.31930000,0.32010000,8687770.40000000
1768777200000,0.32000000,0.32050000,0.31760000,0.31780000,15894581.00000000
1768780800000,0.31770000,0.31780000,0.31460000,0.31600000,33420141.10000000
1768784400000,0.31590000,0.31820000,0.31550000,0.31740000,15435294.80000000
1768788000000,0.31740000,0.31810000,0.31710000,0.31750000,5022054.90000000
1768791600000,0.31750000,0.31880000,0.31750000,0.31880000,8601696.70000000
1768795200000,0.31880000,0.32070000,0.31850000,0.31960000,14729316.10000000
1768798800000,0.31970000,0.32010000,0.31910000,0.32010000,4969354.90000000
1768802400000,0.32010000,0.32030000,0.31760000,0.31810000,9356374.60000000
1768806000000,0.31810000,0.31840000,0.31610000,0.31700000,6023118.50000000
1768809600000,0.31710000,0.31730000,0.31610000,0.31650000,7194554.30000000
1768813200000,0.31650000,0.31660000,0.31360000,0.31430000,15010635.90000000
1768816800000,0.31440000,0.31620000,0.31390000,0.31610000,12384014.10000000
1768820400000,0.31610000,0.31610000,0.31480000,0.31550000,5476539.10000000
1768824000000,0.31550000,0.31550000,0.31430000,0.31480000,8925188.30000000
1768827600000,0.31480000,0.31530000,0.31420000,0.31440000,4427248.60000000
1768831200000,0.31440000,0.31440000,0.31140000,0.31240000,15953155.00000000
1768834800000,0.31240000,0.31240000,0.30810000,0.31030000,29225415.00000000
1768838400000,0.31040000,0.31090000,0.30960000,0.30990000,9558911.20000000
1768842000000,0.30980000,0.31010000,0.30820000,0.30840000,12129098.00000000
1768845600000,0.30840000,0.30930000,0.30840000,0.30930000,4864288.30000000
1768849200000,0.30930000,0.30970000,0.30900000,0.30940000,4963760.70000000
1768852800000,0.30930000,0.31070000,0.30930000,0.31070000,5860289.80000000
1768856400000,0.31060000,0.31170000,0.31010000,0.31170000,6496548.80000000
1768860000000,0.31170000,0.31180000,0.31050000,0.31150000,6206703.50000000
1768863600000,0.31160000,0.31240000,0.31120000,0.31190000,5508077.80000000
1768867200000,0.31190000,0.31210000,0.31020000,0.31020000,6007255.10000000
1768870800000,0.31030000,0.31150000,0.31020000,0.31120000,2899301.50000000
1768874400000,0.31120000,0.31130000,0.31030000,0.31030000,2414220.80000000
1768878000000,0.31030000,0.31070000,0.31030000,0.31060000,1575639.00000000
1768881600000,0.31050000,0.31220000,0.31030000,0.31210000,5449249.10000000
1768885200000,0.31210000,0.31400000,0.31190000,0.31300000,10157851.30000000
1768888800000,0.31300000,0.31320000,0.31220000,0.31220000,4714281.50000000
1768892400000,0.31230000,0.31250000,0.30660000,0.30690000,29834346.80000000
1768896000000,0.30680000,0.30730000,0.30590000,0.30690000,12439202.30000000
1768899600000,0.30690000,0.30690000,0.30290000,0.30370000,20360546.80000000
1768903200000,0.30360000,0.30510000,0.30330000,0.30390000,17669443.10000000
1768906800000,0.30390000,0.30460000,0.30330000,0.30430000,6344653.90000000
1768910400000,0.30440000,0.30440000,0.30220000,0.30250000,10441714.50000000
1768914000000,0.30250000,0.30300000,0.30180000,0.30190000,9642960.90000000
1768917600000,0.30190000,0.30270000,0.30120000,0.30180000,11541318.40000000
1768921200000,0.30180000,0.30190000,0.29780000,0.29810000,57902917.70000000
1768924800000,0.29810000,0.29870000,0.29780000,0.29850000,7645450.80000000
1768928400000,0.29850000,0.29890000,0.29800000,0.29830000,9320930.60000000
1768932000000,0.29830000,0.29840000,0.29710000,0.29750000,9526517.40000000
1768935600000,0.29750000,0.29800000,0.29710000,0.29780000,10108667.80000000
1768939200000,0.29780000,0.29810000,0.29720000,0.29760000,9235201.10000000
1768942800000,0.29760000,0.29810000,0.29750000,0.29800000,5882642.60000000
1768946400000,0.29800000,0.29880000,0.29770000,0.29780000,14078015.00000000
1768950000000,0.29780000,0.29800000,0.29690000,0.29700000,8607889.30000000
1768953600000,0.29700000,0.29760000,0.29650000,0.29760000,13703312.70000000
1768957200000,0.29750000,0.29770000,0.29690000,0.29750000,5588805.30000000
1768960800000,0.29750000,0.29790000,0.29720000,0.29780000,4174766.40000000
1768964400000,0.29780000,0.29800000,0.29760000,0.29790000,3110568.80000000
1768968000000,0.29790000,0.29870000,0.29780000,0.29810000,8719714.10000000
1768971600000,0.29800000,0.29830000,0.29780000,0.29810000,2600341.70000000
1768975200000,0.29810000,0.29820000,0.29750000,0.29770000,4495490.10000000
1768978800000,0.29770000,0.29820000,0.29710000,0.29820000,9882236.70000000
1768982400000,0.29810000,0.29830000,0.29620000,0.29630000,8412468.50000000
1768986000000,0.29640000,0.29660000,0.29610000,0.29610000,5674157.50000000
1768989600000,0.29620000,0.29660000,0.29600000,0.29620000,9181834.10000000
1768993200000,0.29610000,0.29690000,0.29530000,0.29560000,15533128.10000000
1768996800000,0.29560000,0.29580000,0.29520000,0.29560000,7029452.20000000
1769000400000,0.29560000,0.29590000,0.29520000,0.29540000,7324455.40000000
1769004000000,0.29540000,0.29730000,0.29530000,0.29680000,16927020.70000000
1769007600000,0.29690000,0.29940000,0.29680000,0.29920000,26106861.80000000
1769011200000,0.29910000,0.29940000,0.29710000,0.29720000,21850431.70000000
1769014800000,0.29720000,0.29850000,0.29710000,0.29840000,14327889.80000000
1769018400000,0.29840000,0.29860000,0.29780000,0.29820000,10418536.20000000
1769022000000,0.29820000,0.29880000,0.29750000,0.29870000,15644694.20000000
1769025600000,0.29870000,0.29960000,0.29850000,0.29920000,11864537.20000000
1769029200000,0.29910000,0.30000000,0.29890000,0.29980000,8782483.30000000
1769032800000,0.29980000,0.30040000,0.29950000,0.29960000,10107049.70000000
1769036400000,0.29960000,0.29970000,0.29910000,0.29930000,6539945.30000000
1769040000000,0.29920000,0.29950000,0.29900000,0.29920000,3928814.20000000
1769043600000,0.29920000,0.29990000,0.29910000,0.29990000,4727238.40000000
1769047200000,0.29990000,0.30050000,0.29970000,0.29970000,5715170.40000000
1769050800000,0.29970000,0.29990000,0.29940000,0.29970000,3777180.10000000
1769054400000,0.29970000,0.30000000,0.29950000,0.30000000,3349869.00000000
1769058000000,0.30000000,0.30130000,0.29970000,0.30110000,5335511.20000000
1769061600000,0.30110000,0.30150000,0.30030000,0.30050000,4592632.90000000
1769065200000,0.30040000,0.30080000,0.29930000,0.29960000,10412609.20000000
1769068800000,0.29960000,0.30010000,0.29840000,0.29970000,22043896.00000000
1769072400000,0.29970000,0.30050000,0.29950000,0.30040000,9330041.20000000
1769076000000,0.30040000,0.30040000,0.29950000,0.29980000,4416484.10000000
1769079600000,0.29970000,0.29970000,0.29920000,0.29940000,6961784.60000000
1769083200000,0.29930000,0.30070000,0.29920000,0.30070000,11283982.60000000
1769086800000,0.30070000,0.30110000,0.30000000,0.30060000,7691672.10000000
1769090400000,0.30070000,0.30130000,0.29960000,0.30020000,10138418.40000000
1769094000000,0.30030000,0.30090000,0.29980000,0.30050000,9292258.60000000
1769097600000,0.30040000,0.30140000,0.30020000,0.30140000,7408195.50000000
1769101200000,0.30140000,0.30340000,0.30130000,0.30280000,12550693.60000000
1769104800000,0.30290000,0.30360000,0.30250000,0.30350000,7838897.90000000
1769108400000,0.30350000,0.30430000,0.30310000,0.30430000,9230063.90000000
1769112000000,0.30430000,0.30700000,0.30420000,0.30670000,15889188.30000000
1769115600000,0.30670000,0.30740000,0.30640000,0.30710000,6355283.60000000
1769119200000,0.30710000,0.30800000,0.30650000,0.30660000,10473384.40000000
1769122800000,0.30660000,0.30680000,0.30510000,0.30540000,7952586.50000000
1769126400000,0.30540000,0.30780000,0.30530000,0.30710000,9084113.60000000
1769130000000,0.30720000,0.30750000,0.30660000,0.30750000,3867575.70000000
1769133600000,0.30750000,0.30840000,0.30750000,0.30840000,4645107.10000000
1769137200000,0.30830000,0.30940000,0.30830000,0.30920000,4398365.80000000
1769140800000,0.30930000,0.31020000,0.30780000,0.30870000,12024106.40000000
1769144400000,0.30870000,0.30970000,0.30800000,0.30970000,9195380.80000000
1769148000000,0.30970000,0.31100000,0.30800000,0.30860000,21930683.90000000
1769151600000,0.30860000,0.30960000,0.30830000,0.30950000,5140217.20000000
1769155200000,0.30950000,0.30960000,0.30840000,0.30850000,4697675.00000000
1769158800000,0.30840000,0.30890000,0.30810000,0.30860000,3101498.70000000
1769162400000,0.30860000,0.31000000,0.30820000,0.30860000,10841274.50000000
1769166000000,0.30860000,0.30860000,0.30620000,0.30650000,10980480.00000000
1769169600000,0.30650000,0.30660000,0.30520000,0.30540000,7448521.80000000
1769173200000,0.30530000,0.30540000,0.30200000,0.30290000,16844741.60000000
1769176800000,0.30300000,0.30360000,0.29880000,0.29900000,18655734.50000000
1769180400000,0.29900000,0.29980000,0.29810000,0.29910000,22809785.20000000
1769184000000,0.29900000,0.30070000,0.29890000,0.29980000,13000652.60000000
1769187600000,0.29980000,0.30070000,0.29920000,0.29950000,15624441.90000000
1769191200000,0.29950000,0.29960000,0.29880000,0.29880000,6179887.20000000
1769194800000,0.29880000,0.29920000,0.29850000,0.29920000,9524656.00000000
1769198400000,0.29910000,0.29920000,0.29840000,0.29850000,7333627.30000000
1769202000000,0.29850000,0.29870000,0.29620000,0.29630000,28851038.10000000
1769205600000,0.29630000,0.29740000,0.29620000,0.29730000,9282964.60000000
1769209200000,0.29720000,0.29790000,0.29700000,0.29790000,6880926.40000000
1769212800000,0.29790000,0.29790000,0.29710000,0.29780000,6063827.60000000
1769216400000,0.29780000,0.29810000,0.29760000,0.29800000,2765038.50000000
1769220000000,0.29810000,0.29810000,0.29720000,0.29730000,3094746.50000000
1769223600000,0.29720000,0.29740000,0.29690000,0.29700000,4152493.80000000
1769227200000,0.29690000,0.29750000,0.29670000,0.29740000,5254671.20000000
1769230800000,0.29740000,0.29750000,0.29710000,0.29740000,3576421.40000000
1769234400000,0.29730000,0.29740000,0.29690000,0.29710000,3457534.50000000
1769238000000,0.29700000,0.29730000,0.29680000,0.29720000,2825123.30000000
1769241600000,0.29710000,0.29800000,0.29710000,0.29750000,10488577.50000000
1769245200000,0.29750000,0.29760000,0.29680000,0.29690000,5205494.40000000
1769248800000,0.29700000,0.29730000,0.29500000,0.29500000,13346757.60000000
1769252400000,0.29510000,0.29530000,0.29480000,0.29510000,5917293.80000000
1769256000000,0.29520000,0.29530000,0.29400000,0.29430000,11598934.20000000
1769259600000,0.29420000,0.29550000,0.29420000,0.29550000,9963867.10000000
1769263200000,0.29550000,0.29630000,0.29540000,0.29630000,9149271.80000000
1769266800000,0.29630000,0.29640000,0.29570000,0.29610000,3531798.50000000
1769270400000,0.29610000,0.29620000,0.29590000,0.29600000,3265862.40000000
1769274000000,0.29600000,0.29620000,0.29570000,0.29620000,4038252.70000000
1769277600000,0.29610000,0.29690000,0.29590000,0.29670000,7271777.10000000
1769281200000,0.29670000,0.29750000,0.29630000,0.29640000,11754036.00000000
1769284800000,0.29650000,0.29670000,0.29500000,0.29540000,9471614.20000000
1769288400000,0.29540000,0.29600000,0.29530000,0.29590000,5513110.20000000
1769292000000,0.29590000,0.29600000,0.29520000,0.29570000,5994257.10000000
1769295600000,0.29580000,0.29580000,0.29520000,0.29540000,4241965.30000000
1769299200000,0.29550000,0.29580000,0.29510000,0.29580000,5604550.30000000
1769302800000,0.29580000,0.29580000,0.29540000,0.29580000,1982751.80000000
1769306400000,0.29580000,0.29600000,0.29540000,0.29570000,3686951.60000000
1769310000000,0.29570000,0.29590000,0.29540000,0.29580000,1759059.60000000
1769313600000,0.29590000,0.29620000,0.29540000,0.29610000,3438059.90000000
1769317200000,0.29620000,0.29620000,0.29550000,0.29560000,3307572.90000000
1769320800000,0.29550000,0.29590000,0.29540000,0.29570000,3090959.90000000
1769324400000,0.29580000,0.29600000,0.29550000,0.29560000,1644125.00000000
1769328000000,0.29560000,0.29630000,0.29560000,0.29600000,4665801.20000000
1769331600000,0.29610000,0.29740000,0.29610000,0.29740000,10605292.00000000
1769335200000,0.29740000,0.29740000,0.29660000,0.29730000,5430612.60000000
1769338800000,0.29730000,0.29740000,0.29700000,0.29730000,2072246.50000000
1769342400000,0.29730000,0.29810000,0.29720000,0.29770000,10644160.80000000
1769346000000,0.29770000,0.29850000,0.29740000,0.29850000,10122882.30000000
1769349600000,0.29850000,0.29880000,0.29750000,0.29810000,10239902.70000000
1769353200000,0.29810000,0.29820000,0.29780000,0.29820000,4024447.50000000
1769356800000,0.29820000,0.29820000,0.29710000,0.29780000,12242519.40000000
1769360400000,0.29780000,0.29780000,0.29700000,0.29750000,4703349.80000000
1769364000000,0.29750000,0.29770000,0.29630000,0.29640000,13301796.30000000
1769367600000,0.29630000,0.29660000,0.29430000,0.29480000,20491852.30000000
1769371200000,0.29470000,0.29520000,0.29470000,0.29520000,6313330.10000000
1769374800000,0.29510000,0.29560000,0.29510000,0.29550000,7765492.40000000
1769378400000,0.29550000,0.29550000,0.29490000,0.29550000,8025310.20000000
1769382000000,0.29550000,0.29600000,0.29510000,0.29570000,9812694.50000000
1769385600000,0.29570000,0.29640000,0.29560000,0.29640000,7167822.10000000
1769389200000,0.29640000,0.29700000,0.29600000,0.29650000,7841726.80000000
1769392800000,0.29660000,0.29680000,0.29630000,0.29680000,3220387.20000000
1769396400000,0.29680000,0.29680000,0.29640000,0.29670000,1778859.70000000
1769400000000,0.29670000,0.29720000,0.29660000,0.29700000,6348630.60000000
1769403600000,0.29700000,0.29730000,0.29690000,0.29720000,3223683.20000000
1769407200000,0.29730000,0.29730000,0.29700000,0.29730000,2010150.60000000
1769410800000,0.29720000,0.29730000,0.29600000,0.29640000,6558305.20000000
1769414400000,0.29640000,0.29680000,0.29600000,0.29650000,5173100.00000000
1769418000000,0.29650000,0.29650000,0.29530000,0.29540000,11741282.40000000
1769421600000,0.29540000,0.29570000,0.29530000,0.29570000,3179280.20000000
1769425200000,0.29570000,0.29580000,0.29520000,0.29530000,4152003.70000000
1769428800000,0.29530000,0.29550000,0.29490000,0.29530000,4848833.40000000
1769432400000,0.29520000,0.29570000,0.29490000,0.29510000,8191576.50000000
1769436000000,0.29510000,0.29510000,0.29470000,0.29490000,6342664.80000000
1769439600000,0.29500000,0.29580000,0.29470000,0.29490000,13257830.70000000
1769443200000,0.29480000,0.29630000,0.29470000,0.29630000,14204370.10000000
1769446800000,0.29630000,0.29650000,0.29600000,0.29650000,3609012.70000000
1769450400000,0.29650000,0.29650000,0.29590000,0.29630000,3145192.00000000
1769454000000,0.29630000,0.29680000,0.29620000,0.29660000,6577611.30000000
1769457600000,0.29670000,0.29710000,0.29660000,0.29700000,5199070.80000000
1769461200000,0.29700000,0.29700000,0.29630000,0.29680000,3257310.40000000
1769464800000,0.29680000,0.29690000,0.29650000,0.29660000,5051532.00000000
1769468400000,0.29670000,0.29710000,0.29650000,0.29660000,4063522.70000000
1769472000000,0.29650000,0.29670000,0.29610000,0.29640000,3543715.60000000
1769475600000,0.29630000,0.29650000,0.29610000,0.29620000,1792451.80000000
1769479200000,0.29620000,0.29630000,0.29560000,0.29570000,4577252.50000000
1769482800000,0.29570000,0.29620000,0.29560000,0.29600000,2417895.50000000
1769486400000,0.29600000,0.29610000,0.29560000,0.29590000,2195610.60000000
1769490000000,0.29580000,0.29600000,0.29570000,0.29600000,1452561.20000000
1769493600000,0.29590000,0.29600000,0.29560000,0.29570000,2879896.90000000
1769497200000,0.29570000,0.29570000,0.29520000,0.29530000,4979215.30000000
1769500800000,0.29540000,0.29560000,0.29450000,0.29450000,6129990.00000000
1769504400000,0.29460000,0.29520000,0.29440000,0.29440000,5163624.30000000
1769508000000,0.29440000,0.29480000,0.29420000,0.29460000,7909776.30000000
1769511600000,0.29460000,0.29470000,0.29400000,0.29400000,6083349.30000000
1769515200000,0.29400000,0.29440000,0.29390000,0.29420000,4456265.20000000
1769518800000,0.29420000,0.29420000,0.29360000,0.29380000,6794554.50000000
1769522400000,0.29380000,0.29380000,0.29310000,0.29330000,8974195.10000000
1769526000000,0.29330000,0.29390000,0.29310000,0.29370000,5185956.20000000
1769529600000,0.29380000,0.29520000,0.29380000,0.29500000,16993157.60000000
1769533200000,0.29500000,0.29510000,0.29380000,0.29400000,6694011.50000000
1769536800000,0.29400000,0.29460000,0.29370000,0.29440000,5560582.60000000
1769540400000,0.29450000,0.29470000,0.29420000,0.29470000,2651821.70000000
1769544000000,0.29470000,0.29520000,0.29440000,0.29490000,8303464.50000000
1769547600000,0.29490000,0.29490000,0.29440000,0.29480000,4479469.30000000
1769551200000,0.29480000,0.29490000,0.29440000,0.29450000,5354207.70000000
1769554800000,0.29450000,0.29470000,0.29430000,0.29470000,2703127.70000000
1769558400000,0.29460000,0.29470000,0.29400000,0.29430000,4281270.80000000
1769562000000,0.29430000,0.29430000,0.29380000,0.29390000,2367344.10000000
1769565600000,0.29380000,0.29420000,0.29380000,0.29400000,3578347.70000000
1769569200000,0.29390000,0.29430000,0.29340000,0.29350000,2848535.90000000
1769572800000,0.29350000,0.29360000,0.29310000,0.29330000,2897129.70000000
1769576400000,0.29330000,0.29370000,0.29330000,0.29350000,1900604.10000000
1769580000000,0.29350000,0.29370000,0.29330000,0.29350000,2268353.50000000
1769583600000,0.29360000,0.29360000,0.29340000,0.29360000,2615212.10000000
1769587200000,0.29350000,0.29360000,0.29240000,0.29250000,6890017.30000000
1769590800000,0.29250000,0.29260000,0.29190000,0.29220000,11841833.80000000
1769594400000,0.29220000,0.29270000,0.29200000,0.29230000,6975855.80000000
1769598000000,0.29230000,0.29290000,0.29200000,0.29290000,9172204.20000000
1769601600000,0.29290000,0.29300000,0.29240000,0.29260000,5769553.00000000
1769605200000,0.29250000,0.29270000,0.29220000,0.29250000,7179083.70000000
1769608800000,0.29250000,0.29260000,0.29120000,0.29140000,13093361.40000000
1769612400000,0.29140000,0.29200000,0.29120000,0.29130000,7898678.40000000
1769616000000,0.29130000,0.29150000,0.29110000,0.29130000,5327395.40000000
1769619600000,0.29140000,0.29360000,0.29120000,0.29340000,9562700.40000000
1769623200000,0.29340000,0.29380000,0.29310000,0.29380000,7783867.70000000
1769626800000,0.29380000,0.29410000,0.29350000,0.29380000,6132498.30000000
1769630400000,0.29380000,0.29460000,0.29340000,0.29370000,14586791.50000000
1769634000000,0.29370000,0.29460000,0.29350000,0.29460000,7666700.40000000
1769637600000,0.29450000,0.29520000,0.29450000,0.29520000,8548679.90000000
1769641200000,0.29520000,0.29550000,0.29460000,0.29540000,8292825.20000000
1769644800000,0.29540000,0.29560000,0.29510000,0.29560000,5255371.80000000
1769648400000,0.29560000,0.29560000,0.29490000,0.29520000,3945550.20000000
1769652000000,0.29520000,0.29520000,0.29440000,0.29460000,5919345.60000000
1769655600000,0.29470000,0.29480000,0.29420000,0.29440000,2318700.10000000
1769659200000,0.29440000,0.29480000,0.29440000,0.29480000,2571335.10000000
1769662800000,0.29480000,0.29510000,0.29450000,0.29510000,4572224.40000000
1769666400000,0.29510000,0.29530000,0.29390000,0.29410000,9943443.50000000
1769670000000,0.29410000,0.29500000,0.29400000,0.29480000,6257952.00000000
1769673600000,0.29490000,0.29500000,0.29410000,0.29460000,6052816.20000000
1769677200000,0.29460000,0.29510000,0.29450000,0.29510000,6896783.50000000
1769680800000,0.29510000,0.29530000,0.29460000,0.29520000,5348177.30000000
1769684400000,0.29520000,0.29530000,0.29460000,0.29480000,5616227.60000000
1769688000000,0.29480000,0.29510000,0.29460000,0.29500000,5097663.60000000
1769691600000,0.29500000,0.29520000,0.29480000,0.29500000,6267682.00000000
1769695200000,0.29490000,0.29510000,0.29330000,0.29340000,18221438.80000000
1769698800000,0.29340000,0.29400000,0.29200000,0.29210000,28294272.90000000
1769702400000,0.29200000,0.29210000,0.29120000,0.29170000,9803890.90000000
1769706000000,0.29160000,0.29230000,0.29150000,0.29150000,9752767.20000000
1769709600000,0.29150000,0.29190000,0.29080000,0.29090000,10771744.20000000
1769713200000,0.29080000,0.29360000,0.29020000,0.29340000,17159360.20000000
1769716800000,0.29340000,0.29360000,0.29290000,0.29340000,4050177.70000000
1769720400000,0.29330000,0.29500000,0.29300000,0.29490000,17840483.30000000
1769724000000,0.29500000,0.29510000,0.29470000,0.29500000,6091722.40000000
1769727600000,0.29500000,0.29530000,0.29450000,0.29500000,10240521.70000000
1769731200000,0.29510000,0.29550000,0.29470000,0.29480000,7407047.40000000
1769734800000,0.29470000,0.29500000,0.29280000,0.29310000,21455883.90000000
1769738400000,0.29300000,0.29330000,0.29190000,0.29230000,12258268.50000000
1769742000000,0.29220000,0.29300000,0.29220000,0.29270000,7885347.10000000
1769745600000,0.29270000,0.29290000,0.29230000,0.29270000,4266224.00000000
1769749200000,0.29280000,0.29290000,0.29190000,0.29240000,7699505.70000000
1769752800000,0.29230000,0.29240000,0.29130000,0.29150000,8606504.60000000
1769756400000,0.29150000,0.29220000,0.29100000,0.29100000,12575140.20000000
1769760000000,0.29110000,0.29110000,0.29000000,0.29000000,11504308.30000000
1769763600000,0.29010000,0.29030000,0.28950000,0.28970000,10980816.40000000
1769767200000,0.28980000,0.28990000,0.28850000,0.28940000,12552453.90000000
1769770800000,0.28940000,0.29020000,0.28910000,0.29020000,7889864.40000000
1769774400000,0.29020000,0.29020000,0.28910000,0.28990000,12922898.20000000
1769778000000,0.28990000,0.29190000,0.28990000,0.29180000,22232668.10000000
1769781600000,0.29180000,0.29250000,0.29070000,0.29100000,23076561.80000000
1769785200000,0.29100000,0.29170000,0.29060000,0.29150000,14777049.10000000
1769788800000,0.29160000,0.29290000,0.29160000,0.29260000,10204927.60000000
1769792400000,0.29260000,0.29310000,0.29240000,0.29310000,7921891.50000000
1769796000000,0.29310000,0.29390000,0.29200000,0.29390000,26642667.60000000
1769799600000,0.29390000,0.29500000,0.29380000,0.29480000,10928423.90000000
1769803200000,0.29480000,0.29540000,0.29290000,0.29330000,17449201.70000000
1769806800000,0.29320000,0.29420000,0.29320000,0.29400000,9540440.30000000
1769810400000,0.29400000,0.29400000,0.29320000,0.29400000,11943356.00000000
1769814000000,0.29400000,0.29430000,0.29370000,0.29420000,11120595.50000000
1769817600000,0.29430000,0.29440000,0.29350000,0.29350000,5246492.70000000
1769821200000,0.29350000,0.29370000,0.29300000,0.29300000,4400281.70000000
1769824800000,0.29300000,0.29310000,0.29270000,0.29280000,4815589.70000000
1769828400000,0.29290000,0.29310000,0.29270000,0.29310000,1825529.80000000
1769832000000,0.29310000,0.29310000,0.29250000,0.29260000,3327861.10000000
1769835600000,0.29250000,0.29270000,0.29180000,0.29190000,6105142.10000000
1769839200000,0.29190000,0.29220000,0.29150000,0.29150000,4949862.60000000
1769842800000,0.29150000,0.29210000,0.29150000,0.29190000,4229047.40000000
1769846400000,0.29190000,0.29200000,0.29110000,0.29120000,7504880.70000000
1769850000000,0.29120000,0.29130000,0.29080000,0.29100000,3772584.50000000
1769853600000,0.29090000,0.29120000,0.29080000,0.29110000,4060020.80000000
1769857200000,0.29110000,0.29190000,0.29100000,0.29190000,5432807.30000000
1769860800000,0.29190000,0.29190000,0.28980000,0.28990000,12327553.50000000
1769864400000,0.28980000,0.29030000,0.28920000,0.28940000,9013824.20000000
1769868000000,0.28930000,0.28950000,0.28790000,0.28800000,21846687.00000000
1769871600000,0.28790000,0.28830000,0.28760000,0.28780000,10804387.30000000
1769875200000,0.28780000,0.28840000,0.28700000,0.28700000,23747384.10000000
1769878800000,0.28710000,0.28720000,0.28540000,0.28590000,22448740.00000000
1769882400000,0.28580000,0.28610000,0.28430000,0.28480000,35236322.70000000
1769886000000,0.28490000,0.28600000,0.28450000,0.28570000,20203207.70000000
1769889600000,0.28580000,0.28580000,0.28450000,0.28480000,12643072.60000000
1769893200000,0.28480000,0.28620000,0.28450000,0.28610000,12515281.30000000
1769896800000,0.28620000,0.28620000,0.28560000,0.28570000,8264373.90000000
1769900400000,0.28580000,0.28680000,0.28550000,0.28660000,10918027.00000000
1769904000000,0.28670000,0.28670000,0.28580000,0.28640000,8183738.20000000
1769907600000,0.28640000,0.28660000,0.28580000,0.28610000,4378599.10000000
1769911200000,0.28610000,0.28630000,0.28580000,0.28620000,2416791.90000000
1769914800000,0.28620000,0.28630000,0.28590000,0.28610000,1820502.00000000
1769918400000,0.28600000,0.28680000,0.28600000,0.28620000,9304760.90000000
1769922000000,0.28620000,0.28630000,0.28580000,0.28590000,3913948.00000000
1769925600000,0.28590000,0.28700000,0.28580000,0.28700000,7974765.40000000
1769929200000,0.28690000,0.28760000,0.28660000,0.28720000,10148895.70000000
1769932800000,0.28720000,0.28740000,0.28650000,0.28660000,5967182.10000000
1769936400000,0.28660000,0.28690000,0.28630000,0.28670000,5538623.10000000
1769940000000,0.28670000,0.28670000,0.28560000,0.28560000,7970180.90000000
1769943600000,0.28560000,0.28610000,0.28560000,0.28590000,2281977.70000000
1769947200000,0.28580000,0.28590000,0.28550000,0.28580000,3437622.70000000
1769950800000,0.28580000,0.28620000,0.28570000,0.28590000,5355092.60000000
1769954400000,0.28600000,0.28610000,0.28530000,0.28610000,8334516.50000000
1769958000000,0.28600000,0.28610000,0.28470000,0.28470000,10898378.30000000
1769961600000,0.28480000,0.28490000,0.28410000,0.28420000,13373448.10000000
1769965200000,0.28420000,0.28500000,0.28420000,0.28500000,8692259.50000000
1769968800000,0.28500000,0.28640000,0.28490000,0.28630000,14881065.80000000
1769972400000,0.28620000,0.28690000,0.28620000,0.28650000,6939326.70000000
1769976000000,0.28650000,0.28650000,0.28510000,0.28590000,14688284.40000000
1769979600000,0.28580000,0.28590000,0.28460000,0.28460000,9414330.20000000
1769983200000,0.28470000,0.28570000,0.28460000,0.28510000,15360949.60000000
1769986800000,0.28510000,0.28540000,0.28410000,0.28470000,16885853.60000000
1769990400000,0.28480000,0.28550000,0.28430000,0.28510000,10278273.30000000
1769994000000,0.28510000,0.28520000,0.28420000,0.28420000,13876804.30000000
1769997600000,0.28420000,0.28440000,0.28380000,0.28380000,5556579.00000000
1770001200000,0.28390000,0.28390000,0.28250000,0.28310000,16779424.00000000
1770004800000,0.28310000,0.28380000,0.28230000,0.28330000,13576183.30000000
1770008400000,0.28330000,0.28330000,0.28210000,0.28240000,9856538.00000000
1770012000000,0.28230000,0.28300000,0.28170000,0.28290000,21524131.70000000
1770015600000,0.28290000,0.28380000,0.28280000,0.28360000,9760594.60000000
1770019200000,0.28360000,0.28430000,0.28350000,0.28410000,15615895.00000000
1770022800000,0.28410000,0.28460000,0.28330000,0.28370000,14033560.50000000
1770026400000,0.28370000,0.28410000,0.28350000,0.28390000,8478427.30000000
1770030000000,0.28390000,0.28440000,0.28350000,0.28360000,11490049.70000000
1770033600000,0.28370000,0.28390000,0.28290000,0.28300000,10167735.00000000
1770037200000,0.28290000,0.28360000,0.28280000,0.28350000,8304044.70000000
1770040800000,0.28360000,0.28370000,0.28240000,0.28320000,13385793.80000000
1770044400000,0.28320000,0.28420000,0.28280000,0.28420000,13267346.30000000
1770048000000,0.28420000,0.28480000,0.28390000,0.28430000,14391172.70000000
1770051600000,0.28430000,0.28460000,0.28380000,0.28400000,10252518.50000000
1770055200000,0.28400000,0.28410000,0.28350000,0.28350000,7696132.00000000
1770058800000,0.28360000,0.28390000,0.28300000,0.28310000,5774463.60000000
1770062400000,0.28310000,0.28330000,0.28290000,0.28320000,6712978.20000000
1770066000000,0.28320000,0.28360000,0.28310000,0.28350000,5011268.30000000
1770069600000,0.28360000,0.28390000,0.28320000,0.28330000,6575775.80000000
1770073200000,0.28330000,0.28360000,0.28310000,0.28350000,2457003.50000000
1770076800000,0.28350000,0.28350000,0.28280000,0.28330000,5473668.10000000
1770080400000,0.28320000,0.28410000,0.28290000,0.28390000,6968656.50000000
1770084000000,0.28390000,0.28400000,0.28320000,0.28330000,5173769.50000000
1770087600000,0.28320000,0.28360000,0.28290000,0.28350000,5735014.80000000
1770091200000,0.28360000,0.28360000,0.28340000,0.28350000,1968839.20000000
1770094800000,0.28360000,0.28360000,0.28300000,0.28330000,3926172.50000000
1770098400000,0.28330000,0.28370000,0.28300000,0.28360000,3218544.90000000
1770102000000,0.28350000,0.28390000,0.28350000,0.28380000,3963128.80000000
1770105600000,0.28370000,0.28420000,0.28350000,0.28380000,3818959.90000000
1770109200000,0.28380000,0.28410000,0.28320000,0.28350000,8533052.40000000
1770112800000,0.28350000,0.28390000,0.28310000,0.28310000,6503960.40000000
1770116400000,0.28320000,0.28340000,0.28310000,0.28330000,3862922.80000000
1770120000000,0.28330000,0.28360000,0.28300000,0.28310000,7920407.30000000
1770123600000,0.28300000,0.28340000,0.28290000,0.28330000,3558030.20000000
1770127200000,0.28330000,0.28350000,0.28280000,0.28290000,5046894.40000000
1770130800000,0.28290000,0.28340000,0.28280000,0.28330000,5182571.90000000
1770134400000,0.28330000,0.28380000,0.28300000,0.28320000,9370311.30000000
1770138000000,0.28320000,0.28350000,0.28280000,0.28330000,10431531.00000000
1770141600000,0.28330000,0.28360000,0.28160000,0.28170000,17296967.70000000
1770145200000,0.28160000,0.28400000,0.28150000,0.28360000,22198553.40000000
1770148800000,0.28360000,0.28590000,0.28340000,0.28590000,22452477.60000000
1770152400000,0.28590000,0.28680000,0.28580000,0.28670000,12951127.90000000
1770156000000,0.28670000,0.28680000,0.28610000,0.28620000,6418949.80000000
1770159600000,0.28620000,0.28630000,0.28570000,0.28610000,7077305.70000000
1770163200000,0.28610000,0.28680000,0.28600000,0.28660000,8006474.60000000
1770166800000,0.28670000,0.28720000,0.28650000,0.28680000,6787144.20000000
1770170400000,0.28680000,0.28690000,0.28630000,0.28660000,4369971.70000000
1770174000000,0.28660000,0.28700000,0.28660000,0.28690000,4852055.90000000
1770177600000,0.28690000,0.28710000,0.28660000,0.28680000,2947391.90000000
1770181200000,0.28690000,0.28710000,0.28660000,0.28670000,4144023.60000000
1770184800000,0.28660000,0.28730000,0.28660000,0.28720000,3551867.90000000
1770188400000,0.28730000,0.28750000,0.28680000,0.28690000,6490930.00000000
1770192000000,0.28690000,0.28700000,0.28650000,0.28670000,5849533.10000000
1770195600000,0.28670000,0.28710000,0.28660000,0.28710000,3547375.30000000
1770199200000,0.28710000,0.28750000,0.28680000,0.28750000,5690431.70000000
1770202800000,0.28750000,0.28750000,0.28680000,0.28710000,6632454.20000000
1770206400000,0.28700000,0.28710000,0.28490000,0.28500000,15203218.90000000
1770210000000,0.28490000,0.28500000,0.28450000,0.28450000,7963938.30000000
1770213600000,0.28460000,0.28500000,0.28390000,0.28400000,13037390.20000000
1770217200000,0.28390000,0.28460000,0.28390000,0.28410000,11008200.20000000
1770220800000,0.28400000,0.28420000,0.28320000,0.28340000,12866979.90000000
1770224400000,0.28350000,0.28360000,0.28250000,0.28280000,10923882.20000000
1770228000000,0.28280000,0.28450000,0.28230000,0.28430000,21313014.10000000
1770231600000,0.28430000,0.28470000,0.28370000,0.28440000,10916400.30000000
1770235200000,0.28440000,0.28460000,0.28350000,0.28390000,4915950.80000000
1770238800000,0.28380000,0.28390000,0.28280000,0.28290000,8945602.60000000
1770242400000,0.28290000,0.28370000,0.28240000,0.28260000,14974134.60000000
1770246000000,0.28270000,0.28350000,0.28260000,0.28330000,7252716.30000000
1770249600000,0.28340000,0.28350000,0.28280000,0.28290000,3185763.10000000
1770253200000,0.28280000,0.28380000,0.28220000,0.28230000,21668193.80000000
1770256800000,0.28220000,0.28240000,0.28170000,0.28180000,12475124.30000000
1770260400000,0.28190000,0.28250000,0.28120000,0.28180000,18124586.30000000
1770264000000,0.28170000,0.28210000,0.28110000,0.28150000,14788879.10000000
1770267600000,0.28140000,0.28170000,0.28090000,0.28100000,11958727.50000000
1770271200000,0.28100000,0.28100000,0.28050000,0.28090000,7147916.30000000
1770274800000,0.28080000,0.28150000,0.28070000,0.28080000,8966764.80000000
1770278400000,0.28080000,0.28090000,0.28040000,0.28070000,6734386.00000000
1770282000000,0.28080000,0.28160000,0.28070000,0.28150000,7918505.70000000
1770285600000,0.28160000,0.28170000,0.28070000,0.28080000,7894476.10000000
1770289200000,0.28080000,0.28090000,0.27950000,0.27960000,18417903.70000000
1770292800000,0.27950000,0.27970000,0.27790000,0.27830000,16317033.40000000
1770296400000,0.27830000,0.27910000,0.27800000,0.27830000,12914043.20000000
1770300000000,0.27830000,0.27950000,0.27790000,0.27850000,25955278.00000000
1770303600000,0.27850000,0.27860000,0.27650000,0.27760000,41073601.20000000
1770307200000,0.27760000,0.27830000,0.27700000,0.27810000,21698077.30000000
1770310800000,0.27820000,0.27830000,0.27670000,0.27690000,24675457.10000000
1770314400000,0.27690000,0.27700000,0.27350000,0.27390000,24546392.80000000
1770318000000,0.27390000,0.27390000,0.27310000,0.27320000,14048704.00000000
1770321600000,0.27330000,0.27340000,0.27210000,0.27230000,26375814.60000000
1770325200000,0.27240000,0.27280000,0.27110000,0.27120000,22856863.20000000
1770328800000,0.27120000,0.27150000,0.27060000,0.27080000,17370987.60000000
1770332400000,0.27070000,0.27130000,0.26960000,0.26960000,19067133.60000000
1770336000000,0.26960000,0.26970000,0.26830000,0.26970000,35713643.70000000
1770339600000,0.26970000,0.27120000,0.26950000,0.27120000,21019677.10000000
1770343200000,0.27120000,0.27180000,0.27020000,0.27030000,23026233.40000000
1770346800000,0.27030000,0.27050000,0.26960000,0.26970000,9725821.00000000
1770350400000,0.26970000,0.27070000,0.26950000,0.26990000,13900822.20000000
1770354000000,0.26990000,0.27160000,0.26970000,0.27160000,17572345.60000000
1770357600000,0.27160000,0.27180000,0.26930000,0.26940000,22157052.90000000
1770361200000,0.26930000,0.26960000,0.26880000,0.26910000,10818434.50000000
1770364800000,0.26920000,0.26980000,0.26860000,0.26940000,17360577.10000000
1770368400000,0.26940000,0.27030000,0.26870000,0.27010000,21200932.30000000
1770372000000,0.27010000,0.27020000,0.26890000,0.26980000,12031780.90000000
1770375600000,0.26970000,0.27010000,0.26930000,0.26960000,7932830.80000000
1770379200000,0.26960000,0.26960000,0.26880000,0.26900000,8607144.60000000
1770382800000,0.26900000,0.27000000,0.26880000,0.26990000,21901369.90000000
1770386400000,0.26990000,0.27120000,0.26940000,0.27100000,20133754.90000000
1770390000000,0.27090000,0.27220000,0.27070000,0.27220000,15902124.60000000
1770393600000,0.27220000,0.27310000,0.27200000,0.27310000,14734779.60000000
1770397200000,0.27310000,0.27390000,0.27280000,0.27330000,16994522.60000000
1770400800000,0.27320000,0.27350000,0.27230000,0.27290000,19620941.50000000
1770404400000,0.27300000,0.27320000,0.27230000,0.27270000,16041663.10000000
1770408000000,0.27270000,0.27340000,0.27260000,0.27310000,12898763.30000000
1770411600000,0.27300000,0.27350000,0.27260000,0.27350000,7795602.50000000
1770415200000,0.27350000,0.27390000,0.27350000,0.27390000,6135775.20000000
1770418800000,0.27380000,0.27430000,0.27360000,0.27410000,12829716.80000000
1770422400000,0.27410000,0.27420000,0.27320000,0.27380000,9528785.50000000
1770426000000,0.27380000,0.27400000,0.27330000,0.27390000,5407350.80000000
1770429600000,0.27380000,0.27420000,0.27370000,0.27420000,3478869.80000000
1770433200000,0.27420000,0.27490000,0.27420000,0.27490000,6721626.50000000
1770436800000,0.27480000,0.27570000,0.27480000,0.27560000,9008715.10000000
1770440400000,0.27560000,0.27590000,0.27480000,0.27560000,13448387.20000000
1770444000000,0.27550000,0.27630000,0.27520000,0.27520000,12986348.40000000
1770447600000,0.27530000,0.27560000,0.27370000,0.27380000,24523046.90000000
1770451200000,0.27390000,0.27480000,0.27370000,0.27460000,7865857.00000000
1770454800000,0.27460000,0.27480000,0.27390000,0.27410000,6419866.70000000
1770458400000,0.27410000,0.27430000,0.27380000,0.27410000,4560640.10000000
1770462000000,0.27420000,0.27470000,0.27410000,0.27450000,6109047.30000000
1770465600000,0.27450000,0.27570000,0.27440000,0.27530000,17519906.70000000
1770469200000,0.27530000,0.27590000,0.27510000,0.27590000,8125432.00000000
1770472800000,0.27590000,0.27590000,0.27500000,0.27520000,11278179.30000000
1770476400000,0.27520000,0.27590000,0.27500000,0.27560000,11687200.40000000
1770480000000,0.27560000,0.27620000,0.27540000,0.27610000,30876346.80000000
1770483600000,0.27610000,0.27680000,0.27600000,0.27680000,9262248.10000000
1770487200000,0.27670000,0.27750000,0.27670000,0.27750000,10611551.80000000
1770490800000,0.27750000,0.27780000,0.27730000,0.27770000,5695322.50000000
1770494400000,0.27780000,0.27790000,0.27750000,0.27780000,5506788.20000000
1770498000000,0.27780000,0.27810000,0.27720000,0.27800000,7861535.30000000
1770501600000,0.27810000,0.27870000,0.27800000,0.27870000,8367622.50000000
1770505200000,0.27870000,0.27870000,0.27800000,0.27820000,5683645.70000000
1770508800000,0.27830000,0.27830000,0.27710000,0.27740000,11720259.20000000
1770512400000,0.27740000,0.27770000,0.27670000,0.27760000,12046827.30000000
1770516000000,0.27760000,0.27770000,0.27750000,0.27770000,2575978.00000000
1770519600000,0.27770000,0.27780000,0.27700000,0.27700000,2745437.50000000
1770523200000,0.27700000,0.27700000,0.27640000,0.27690000,5266205.30000000
1770526800000,0.27690000,0.27700000,0.27620000,0.27620000,3454533.20000000
1770530400000,0.27620000,0.27680000,0.27620000,0.27670000,3359020.30000000
1770534000000,0.27670000,0.27710000,0.27650000,0.27710000,3935619.60000000
1770537600000,0.27710000,0.27800000,0.27670000,0.27750000,12617336.30000000
1770541200000,0.27760000,0.27760000,0.27720000,0.27730000,2719368.00000000
1770544800000,0.27720000,0.27770000,0.27720000,0.27770000,2883685.90000000
1770548400000,0.27770000,0.27860000,0.27760000,0.27850000,8800416.50000000
1770552000000,0.27860000,0.27940000,0.27850000,0.27940000,9892619.20000000
1770555600000,0.27940000,0.27940000,0.27840000,0.27880000,9280609.30000000
1770559200000,0.27880000,0.27900000,0.27860000,0.27890000,3763239.00000000
1770562800000,0.27890000,0.27920000,0.27860000,0.27900000,4841539.40000000
1770566400000,0.27910000,0.27960000,0.27880000,0.27890000,9333876.40000000
1770570000000,0.27890000,0.27930000,0.27880000,0.27920000,4263875.30000000
1770573600000,0.27930000,0.27930000,0.27880000,0.27920000,3980428.70000000
1770577200000,0.27920000,0.27960000,0.27890000,0.27950000,4905039.20000000
1770580800000,0.27960000,0.27960000,0.27900000,0.27910000,3162977.70000000
1770584400000,0.27910000,0.27930000,0.27850000,0.27880000,7614196.80000000
1770588000000,0.27890000,0.27900000,0.27830000,0.27850000,7069078.70000000
1770591600000,0.27840000,0.27900000,0.27780000,0.27780000,10312081.50000000
1770595200000,0.27780000,0.27810000,0.27750000,0.27790000,4606555.10000000
1770598800000,0.27790000,0.27840000,0.27740000,0.27760000,8807386.40000000
1770602400000,0.27750000,0.27830000,0.27750000,0.27810000,4947515.50000000
1770606000000,0.27810000,0.27920000,0.27800000,0.27920000,7397511.00000000
1770609600000,0.27920000,0.27920000,0.27900000,0.27900000,2447831.90000000
1770613200000,0.27910000,0.27930000,0.27870000,0.27880000,3521537.00000000
1770616800000,0.27880000,0.27890000,0.27840000,0.27870000,3576864.60000000
1770620400000,0.27860000,0.27880000,0.27820000,0.27850000,4517630.10000000
1770624000000,0.27840000,0.27900000,0.27790000,0.27900000,12959458.50000000
1770627600000,0.27900000,0.27930000,0.27860000,0.27860000,7234686.10000000
1770631200000,0.27870000,0.27870000,0.27740000,0.27740000,14279178.10000000
1770634800000,0.27750000,0.27760000,0.27720000,0.27750000,8213383.40000000
1770638400000,0.27750000,0.27840000,0.27730000,0.27840000,9172257.90000000
1770642000000,0.27840000,0.27890000,0.27810000,0.27810000,10395929.10000000
1770645600000,0.27820000,0.27820000,0.27640000,0.27720000,22849632.30000000
1770649200000,0.27710000,0.27820000,0.27710000,0.27770000,16953286.50000000
1770652800000,0.27760000,0.27850000,0.27720000,0.27850000,9575601.60000000
1770656400000,0.27850000,0.27880000,0.27830000,0.27880000,7234924.50000000
1770660000000,0.27880000,0.27900000,0.27830000,0.27860000,5599267.70000000
1770663600000,0.27860000,0.27890000,0.27850000,0.27890000,3907373.70000000
1770667200000,0.27880000,0.27910000,0.27850000,0.27890000,6366050.80000000
1770670800000,0.27890000,0.27890000,0.27850000,0.27890000,3398816.70000000
1770674400000,0.27890000,0.27930000,0.27880000,0.27930000,5760797.60000000
1770678000000,0.27930000,0.27930000,0.27870000,0.27910000,5561606.50000000
1770681600000,0.27910000,0.27940000,0.27870000,0.27910000,6685733.20000000
1770685200000,0.27910000,0.27940000,0.27890000,0.27930000,2917151.90000000
1770688800000,0.27930000,0.28020000,0.27920000,0.28020000,8313890.00000000
1770692400000,0.28020000,0.28040000,0.27850000,0.27870000,15662806.60000000
1770696000000,0.27870000,0.27890000,0.27820000,0.27830000,4152765.70000000
1770699600000,0.27830000,0.27830000,0.27790000,0.27800000,5457946.00000000
1770703200000,0.27790000,0.27810000,0.27720000,0.27720000,8869476.40000000
1770706800000,0.27730000,0.27760000,0.27700000,0.27700000,4739485.20000000
1770710400000,0.27710000,0.27740000,0.27670000,0.27740000,6052826.10000000
1770714000000,0.27730000,0.27750000,0.27660000,0.27670000,6856223.10000000
1770717600000,0.27670000,0.27690000,0.27620000,0.27660000,6371235.00000000
1770721200000,0.27660000,0.27690000,0.27650000,0.27660000,4513291.30000000
1770724800000,0.27660000,0.27700000,0.27650000,0.27670000,2955017.20000000
1770728400000,0.27670000,0.27790000,0.27650000,0.27780000,8801442.70000000
1770732000000,0.27770000,0.27820000,0.27710000,0.27800000,17179928.30000000
1770735600000,0.27800000,0.27810000,0.27750000,0.27750000,8588387.00000000
1770739200000,0.27760000,0.27820000,0.27750000,0.27810000,7947531.90000000
1770742800000,0.27810000,0.27830000,0.27780000,0.27810000,3682611.30000000
1770746400000,0.27810000,0.27820000,0.27730000,0.27770000,4485182.40000000
1770750000000,0.27770000,0.27820000,0.27760000,0.27810000,5965833.80000000
1770753600000,0.27800000,0.27820000,0.27750000,0.27800000,4244533.10000000
1770757200000,0.27800000,0.27820000,0.27770000,0.27810000,3576388.10000000
1770760800000,0.27820000,0.27880000,0.27810000,0.27840000,7256845.00000000
1770764400000,0.27830000,0.27840000,0.27790000,0.27820000,4528192.90000000
1770768000000,0.27820000,0.27830000,0.27780000,0.27810000,3932147.80000000
1770771600000,0.27810000,0.27830000,0.27770000,0.27780000,3197220.10000000
1770775200000,0.27770000,0.27780000,0.27720000,0.27730000,5689640.70000000
1770778800000,0.27730000,0.27740000,0.27650000,0.27660000,7918807.40000000
1770782400000,0.27660000,0.27670000,0.27580000,0.27580000,8363139.40000000
1770786000000,0.27580000,0.27600000,0.27550000,0.27550000,5482792.00000000
1770789600000,0.27550000,0.27560000,0.27460000,0.27460000,13079222.90000000
1770793200000,0.27460000,0.27530000,0.27440000,0.27500000,8172956.50000000
1770796800000,0.27500000,0.27510000,0.27410000,0.27420000,6015637.20000000
1770800400000,0.27420000,0.27440000,0.27410000,0.27420000,2537990.80000000
1770804000000,0.27410000,0.27440000,0.27390000,0.27420000,4294466.20000000
1770807600000,0.27420000,0.27460000,0.27390000,0.27410000,5656242.40000000
1770811200000,0.27410000,0.27420000,0.27390000,0.27410000,2753245.10000000
1770814800000,0.27400000,0.27530000,0.27400000,0.27520000,10482894.80000000
1770818400000,0.27520000,0.27600000,0.27510000,0.27520000,17245287.80000000
1770822000000,0.27520000,0.27560000,0.27460000,0.27530000,14879109.40000000
1770825600000,0.27530000,0.27640000,0.27510000,0.27550000,11800163.60000000
1770829200000,0.27550000,0.27630000,0.27540000,0.27630000,7315388.20000000
1770832800000,0.27630000,0.27700000,0.27610000,0.27690000,8568256.00000000
1770836400000,0.27690000,0.27740000,0.27660000,0.27680000,7427956.60000000
1770840000000,0.27680000,0.27750000,0.27680000,0.27730000,6879091.50000000
1770843600000,0.27730000,0.27800000,0.27730000,0.27800000,6809566.30000000
1770847200000,0.27800000,0.27820000,0.27760000,0.27760000,7701344.90000000
1770850800000,0.27770000,0.27840000,0.27720000,0.27840000,12375607.30000000
1770854400000,0.27840000,0.27900000,0.27820000,0.27900000,8383322.60000000
1770858000000,0.27900000,0.27910000,0.27850000,0.27850000,4409467.30000000
1770861600000,0.27860000,0.27890000,0.27850000,0.27880000,2286109.00000000
1770865200000,0.27880000,0.27880000,0.27820000,0.27860000,3656656.00000000
1770868800000,0.27860000,0.27920000,0.27800000,0.27800000,11356767.30000000
1770872400000,0.27810000,0.27880000,0.27800000,0.27880000,5297387.40000000
1770876000000,0.27870000,0.27920000,0.27870000,0.27920000,5509119.50000000
1770879600000,0.27920000,0.27970000,0.27910000,0.27930000,6827278.40000000
1770883200000,0.27930000,0.27960000,0.27890000,0.27910000,3263697.60000000
1770886800000,0.27920000,0.27920000,0.27820000,0.27840000,9220891.90000000
1770890400000,0.27830000,0.27860000,0.27810000,0.27850000,3851267.80000000
1770894000000,0.27850000,0.27870000,0.27810000,0.27830000,4658698.80000000
1770897600000,0.27830000,0.27860000,0.27810000,0.27830000,3096876.80000000
1770901200000,0.27830000,0.27870000,0.27810000,0.27860000,4733704.60000000
1770904800000,0.27860000,0.27870000,0.27800000,0.27810000,6810814.10000000
1770908400000,0.27810000,0.27830000,0.27740000,0.27750000,9903342.40000000
1770912000000,0.27750000,0.27760000,0.27640000,0.27650000,13660804.50000000
1770915600000,0.27640000,0.27680000,0.27620000,0.27650000,6073545.00000000
1770919200000,0.27640000,0.27710000,0.27620000,0.27700000,6548029.50000000
1770922800000,0.27700000,0.27780000,0.27700000,0.27760000,7894882.70000000
1770926400000,0.27770000,0.27830000,0.27760000,0.27830000,7377821.70000000
1770930000000,0.27820000,0.27930000,0.27820000,0.27910000,12684241.30000000
1770933600000,0.27910000,0.28030000,0.27900000,0.27990000,14139864.60000000
1770937200000,0.27990000,0.28010000,0.27970000,0.28000000,4236200.50000000
1770940800000,0.27990000,0.28040000,0.27970000,0.28010000,10351767.60000000
1770944400000,0.28010000,0.28050000,0.28000000,0.28030000,5192348.30000000
1770948000000,0.28030000,0.28040000,0.27910000,0.27920000,8773096.60000000
1770951600000,0.27920000,0.27940000,0.27880000,0.27910000,4487837.10000000
1770955200000,0.27910000,0.27910000,0.27860000,0.27910000,5141044.00000000
1770958800000,0.27910000,0.27920000,0.27840000,0.27850000,3824873.10000000
1770962400000,0.27840000,0.27860000,0.27800000,0.27860000,3806700.20000000
1770966000000,0.27860000,0.27860000,0.27800000,0.27820000,3802847.30000000
1770969600000,0.27810000,0.27880000,0.27800000,0.27860000,6568003.70000000
1770973200000,0.27860000,0.27860000,0.27790000,0.27790000,5837479.30000000
1770976800000,0.27790000,0.27840000,0.27780000,0.27830000,4255814.70000000
1770980400000,0.27840000,0.27840000,0.27720000,0.27740000,4945854.10000000
1770984000000,0.27730000,0.27750000,0.27700000,0.27730000,5851623.00000000
1770987600000,0.27740000,0.27780000,0.27690000,0.27740000,12738727.20000000
1770991200000,0.27750000,0.27820000,0.27710000,0.27800000,11113718.60000000
1770994800000,0.27800000,0.27910000,0.27780000,0.27850000,22081740.50000000
1770998400000,0.27840000,0.27950000,0.27830000,0.27930000,10621059.10000000
1771002000000,0.27940000,0.28030000,0.27930000,0.28010000,9043194.80000000
1771005600000,0.28010000,0.28080000,0.27960000,0.28080000,11059846.40000000
1771009200000,0.28080000,0.28150000,0.28060000,0.28090000,8800604.60000000
1771012800000,0.28100000,0.28170000,0.28090000,0.28140000,8527399.70000000
1771016400000,0.28150000,0.28240000,0.28150000,0.28240000,6984417.30000000
1771020000000,0.28240000,0.28250000,0.28140000,0.28170000,10128882.20000000
1771023600000,0.28160000,0.28230000,0.28160000,0.28230000,5250818.60000000
1771027200000,0.28220000,0.28250000,0.28190000,0.28230000,5173289.40000000
1771030800000,0.28230000,0.28260000,0.28160000,0.28230000,8894318.00000000
1771034400000,0.28230000,0.28270000,0.28230000,0.28270000,2958710.00000000
1771038000000,0.28270000,0.28310000,0.28260000,0.28290000,7085624.00000000
1771041600000,0.28290000,0.28290000,0.28220000,0.28220000,4633195.00000000
1771045200000,0.28230000,0.28290000,0.28220000,0.28290000,2947662.60000000
1771048800000,0.28290000,0.28290000,0.28270000,0.28280000,1753235.20000000
1771052400000,0.28290000,0.28300000,0.28270000,0.28280000,3327354.60000000
1771056000000,0.28270000,0.28300000,0.28210000,0.28250000,6032582.70000000
1771059600000,0.28250000,0.28260000,0.28220000,0.28250000,3256003.10000000
1771063200000,0.28250000,0.28300000,0.28230000,0.28300000,4207405.50000000
1771066800000,0.28300000,0.28380000,0.28290000,0.28360000,9307489.60000000
1771070400000,0.28360000,0.28390000,0.28350000,0.28370000,3908852.90000000
1771074000000,0.28370000,0.28380000,0.28290000,0.28350000,8305381.20000000
1771077600000,0.28350000,0.28360000,0.28310000,0.28320000,4564924.40000000
1771081200000,0.28320000,0.28350000,0.28310000,0.28320000,3318810.30000000
1771084800000,0.28320000,0.28340000,0.28250000,0.28320000,9277941.40000000
1771088400000,0.28320000,0.28330000,0.28300000,0.28310000,1388932.60000000
1771092000000,0.28300000,0.28340000,0.28290000,0.28310000,3536694.30000000
1771095600000,0.28310000,0.28330000,0.28290000,0.28300000,3741436.20000000
1771099200000,0.28300000,0.28310000,0.28260000,0.28260000,3820003.10000000
1771102800000,0.28270000,0.28300000,0.28230000,0.28280000,4607613.30000000
1771106400000,0.28280000,0.28300000,0.28250000,0.28280000,5056971.10000000
1771110000000,0.28270000,0.28280000,0.28230000,0.28260000,5685921.80000000
1771113600000,0.28270000,0.28270000,0.28210000,0.28220000,4205302.10000000
1771117200000,0.28210000,0.28250000,0.28180000,0.28200000,4360827.50000000
1771120800000,0.28200000,0.28210000,0.28160000,0.28210000,4181597.80000000
1771124400000,0.28200000,0.28210000,0.28120000,0.28190000,6940228.10000000
1771128000000,0.28190000,0.28230000,0.28180000,0.28220000,5001858.50000000
1771131600000,0.28220000,0.28230000,0.28160000,0.28170000,6378763.30000000
1771135200000,0.28180000,0.28200000,0.28150000,0.28200000,2361887.10000000
1771138800000,0.28200000,0.28220000,0.28160000,0.28210000,3979199.30000000
1771142400000,0.28210000,0.28220000,0.28140000,0.28160000,4620709.40000000
1771146000000,0.28150000,0.28170000,0.28120000,0.28130000,3520900.60000000
1771149600000,0.28120000,0.28130000,0.28080000,0.28110000,5159651.20000000
1771153200000,0.28110000,0.28120000,0.28090000,0.28110000,2526239.80000000
1771156800000,0.28110000,0.28130000,0.28000000,0.28040000,7968278.90000000
1771160400000,0.28040000,0.28100000,0.28030000,0.28050000,6470773.10000000
1771164000000,0.28050000,0.28080000,0.28000000,0.28050000,4416394.10000000
1771167600000,0.28050000,0.28080000,0.28020000,0.28070000,4276168.30000000
1771171200000,0.28070000,0.28070000,0.28020000,0.28050000,3405367.70000000
1771174800000,0.28060000,0.28070000,0.27990000,0.28020000,7063825.90000000
1771178400000,0.28030000,0.28030000,0.27980000,0.28010000,3641194.10000000
1771182000000,0.28000000,0.28030000,0.27980000,0.28010000,3845619.60000000
1771185600000,0.28020000,0.28030000,0.27980000,0.28020000,8042729.20000000
1771189200000,0.28010000,0.28040000,0.28000000,0.28020000,3997865.70000000
1771192800000,0.28020000,0.28080000,0.27980000,0.28070000,11111344.70000000
1771196400000,0.28070000,0.28070000,0.28020000,0.28050000,5084131.90000000
1771200000000,0.28040000,0.28080000,0.28040000,0.28070000,2940434.80000000
1771203600000,0.28070000,0.28090000,0.28010000,0.28040000,5544884.90000000
1771207200000,0.28040000,0.28040000,0.28000000,0.28010000,2742013.20000000
1771210800000,0.28010000,0.28030000,0.27950000,0.27970000,3465303.70000000
1771214400000,0.27980000,0.28020000,0.27960000,0.28020000,5227341.50000000
1771218000000,0.28020000,0.28040000,0.27980000,0.28000000,4673243.50000000
1771221600000,0.27990000,0.28020000,0.27970000,0.27980000,1884471.10000000
1771225200000,0.27980000,0.28000000,0.27960000,0.27980000,3560141.30000000
1771228800000,0.27990000,0.27990000,0.27950000,0.27970000,2073874.60000000
1771232400000,0.27970000,0.28070000,0.27970000,0.28050000,7117457.30000000
1771236000000,0.28050000,0.28070000,0.28030000,0.28060000,4971384.10000000
1771239600000,0.28060000,0.28070000,0.28030000,0.28070000,2977158.80000000
1771243200000,0.28070000,0.28130000,0.28050000,0.28130000,13005194.20000000
1771246800000,0.28130000,0.28140000,0.28050000,0.28110000,9613013.80000000
1771250400000,0.28120000,0.28190000,0.28100000,0.28190000,8060520.80000000
1771254000000,0.28190000,0.28220000,0.28150000,0.28200000,12146357.30000000
1771257600000,0.28210000,0.28300000,0.28200000,0.28250000,13066160.40000000
1771261200000,0.28250000,0.28300000,0.28210000,0.28290000,6271299.80000000
1771264800000,0.28300000,0.28340000,0.28280000,0.28300000,6304647.10000000
1771268400000,0.28290000,0.28370000,0.28290000,0.28350000,8183113.00000000
1771272000000,0.28350000,0.28450000,0.28350000,0.28450000,8884872.70000000
1771275600000,0.28450000,0.28520000,0.28440000,0.28510000,11824044.80000000
1771279200000,0.28510000,0.28540000,0.28390000,0.28440000,10311108.90000000
1771282800000,0.28440000,0.28470000,0.28410000,0.28460000,4788287.60000000
1771286400000,0.28460000,0.28530000,0.28430000,0.28510000,8035365.30000000
1771290000000,0.28510000,0.28540000,0.28500000,0.28510000,3687719.20000000
1771293600000,0.28510000,0.28530000,0.28430000,0.28460000,10339764.90000000
1771297200000,0.28470000,0.28470000,0.28400000,0.28420000,3697186.40000000
1771300800000,0.28430000,0.28440000,0.28400000,0.28440000,3189345.50000000
1771304400000,0.28430000,0.28440000,0.28400000,0.28440000,1755673.10000000
1771308000000,0.28440000,0.28470000,0.28430000,0.28460000,3558113.30000000
1771311600000,0.28460000,0.28460000,0.28420000,0.28450000,2024356.30000000
1771315200000,0.28450000,0.28470000,0.28420000,0.28430000,2738967.90000000
1771318800000,0.28430000,0.28450000,0.28190000,0.28270000,17471654.40000000
1771322400000,0.28270000,0.28270000,0.28160000,0.28170000,10289430.20000000
1771326000000,0.28170000,0.28200000,0.28090000,0.28120000,4110995.00000000
1771329600000,0.28110000,0.28140000,0.28090000,0.28120000,3481536.00000000
1771333200000,0.28130000,0.28160000,0.28030000,0.28100000,14672065.30000000
1771336800000,0.28090000,0.28140000,0.28020000,0.28050000,18412797.40000000
1771340400000,0.28050000,0.28060000,0.27950000,0.28030000,12884980.60000000
1771344000000,0.28020000,0.28130000,0.27980000,0.28110000,12431271.40000000
1771347600000,0.28110000,0.28120000,0.28040000,0.28070000,5554883.90000000
1771351200000,0.28080000,0.28210000,0.28070000,0.28210000,11051978.40000000
1771354800000,0.28210000,0.28220000,0.28190000,0.28210000,3821948.00000000
1771358400000,0.28210000,0.28230000,0.28190000,0.28220000,3404646.70000000
1771362000000,0.28220000,0.28220000,0.28160000,0.28200000,4335801.00000000
1771365600000,0.28210000,0.28250000,0.28190000,0.28240000,5951563.10000000
1771369200000,0.28240000,0.28240000,0.28170000,0.28210000,4929651.00000000
1771372800000,0.28220000,0.28220000,0.28150000,0.28180000,3939684.80000000
1771376400000,0.28170000,0.28170000,0.28110000,0.28150000,6608179.00000000
1771380000000,0.28150000,0.28160000,0.28110000,0.28130000,1849857.60000000
1771383600000,0.28120000,0.28150000,0.28100000,0.28140000,1789775.10000000
1771387200000,0.28150000,0.28210000,0.28130000,0.28210000,5766799.30000000
1771390800000,0.28210000,0.28220000,0.28150000,0.28150000,2953005.60000000
1771394400000,0.28150000,0.28170000,0.28140000,0.28140000,1229749.10000000
1771398000000,0.28150000,0.28180000,0.28140000,0.28180000,1490786.30000000
1771401600000,0.28170000,0.28180000,0.28110000,0.28110000,6104066.30000000
1771405200000,0.28120000,0.28120000,0.28050000,0.28060000,4993201.50000000
1771408800000,0.28070000,0.28090000,0.28020000,0.28030000,4876628.90000000
1771412400000,0.28030000,0.28060000,0.28010000,0.28010000,3516794.30000000
1771416000000,0.28020000,0.28020000,0.27940000,0.27950000,8538713.90000000
1771419600000,0.27960000,0.27990000,0.27940000,0.27990000,4019464.60000000
1771423200000,0.27990000,0.28010000,0.27960000,0.28000000,4458447.30000000
1771426800000,0.28000000,0.28100000,0.27990000,0.28010000,13802804.80000000
1771430400000,0.28020000,0.28020000,0.27960000,0.27990000,7560120.90000000
1771434000000,0.28000000,0.28000000,0.27960000,0.27980000,3877205.40000000
1771437600000,0.27970000,0.28000000,0.27950000,0.27960000,4210579.90000000
1771441200000,0.27960000,0.27990000,0.27860000,0.27870000,8611247.30000000
1771444800000,0.27870000,0.27870000,0.27820000,0.27850000,8504827.60000000
1771448400000,0.27840000,0.27940000,0.27840000,0.27930000,7469967.00000000
1771452000000,0.27920000,0.27940000,0.27870000,0.27880000,6313046.20000000
1771455600000,0.27880000,0.27900000,0.27850000,0.27880000,3629011.60000000
1771459200000,0.27870000,0.27890000,0.27840000,0.27880000,2870959.50000000
1771462800000,0.27880000,0.28010000,0.27880000,0.28000000,9413041.50000000
1771466400000,0.28000000,0.28010000,0.27970000,0.28010000,1844016.20000000
1771470000000,0.28010000,0.28020000,0.27980000,0.27990000,1933014.20000000
1771473600000,0.28000000,0.28020000,0.27990000,0.27990000,2070459.90000000
1771477200000,0.28000000,0.28020000,0.27990000,0.28020000,1653990.40000000
1771480800000,0.28020000,0.28070000,0.28000000,0.28050000,5742309.30000000
1771484400000,0.28050000,0.28060000,0.27980000,0.28010000,3246804.70000000
1771488000000,0.28020000,0.28020000,0.27950000,0.27970000,4526051.60000000
1771491600000,0.27970000,0.27990000,0.27940000,0.27990000,2613027.40000000
1771495200000,0.27990000,0.28110000,0.27960000,0.28100000,16227575.30000000
1771498800000,0.28100000,0.28110000,0.27990000,0.28020000,7308146.60000000
1771502400000,0.28010000,0.28030000,0.27970000,0.28010000,5797906.20000000
1771506000000,0.28010000,0.28010000,0.27930000,0.27960000,8541963.10000000
1771509600000,0.27960000,0.28010000,0.27910000,0.28000000,7250587.00000000
1771513200000,0.28000000,0.28050000,0.27970000,0.28050000,9573606.70000000
1771516800000,0.28050000,0.28290000,0.28040000,0.28230000,33685691.90000000
1771520400000,0.28240000,0.28280000,0.28210000,0.28260000,7521132.30000000
1771524000000,0.28260000,0.28390000,0.28250000,0.28390000,13692580.60000000
1771527600000,0.28390000,0.28400000,0.28330000,0.28400000,7037370.20000000
1771531200000,0.28390000,0.28470000,0.28390000,0.28460000,9798600.60000000
1771534800000,0.28470000,0.28490000,0.28450000,0.28490000,4677210.40000000
1771538400000,0.28490000,0.28510000,0.28440000,0.28480000,6513298.40000000
1771542000000,0.28480000,0.28530000,0.28460000,0.28490000,7245581.20000000
1771545600000,0.28480000,0.28550000,0.28460000,0.28490000,14444801.00000000
1771549200000,0.28500000,0.28510000,0.28350000,0.28370000,10348171.60000000
1771552800000,0.28370000,0.28380000,0.28340000,0.28370000,3433365.30000000
1771556400000,0.28370000,0.28380000,0.28320000,0.28340000,3630944.50000000
1771560000000,0.28340000,0.28390000,0.28330000,0.28390000,3642204.30000000
1771563600000,0.28390000,0.28390000,0.28340000,0.28350000,3005619.70000000
1771567200000,0.28350000,0.28380000,0.28340000,0.28380000,1695555.20000000
1771570800000,0.28380000,0.28380000,0.28330000,0.28350000,3860213.20000000
1771574400000,0.28350000,0.28360000,0.28280000,0.28320000,8849188.50000000
1771578000000,0.28310000,0.28350000,0.28290000,0.28350000,5659453.00000000
1771581600000,0.28350000,0.28550000,0.28340000,0.28510000,25420708.40000000
1771585200000,0.28520000,0.28530000,0.28470000,0.28500000,4603342.60000000
1771588800000,0.28500000,0.28510000,0.28470000,0.28500000,3861114.20000000
1771592400000,0.28500000,0.28510000,0.28430000,0.28480000,7386361.10000000
1771596000000,0.28470000,0.28640000,0.28470000,0.28590000,20275720.90000000
1771599600000,0.28590000,0.28770000,0.28530000,0.28620000,28860163.40000000
1771603200000,0.28610000,0.28690000,0.28450000,0.28570000,13080308.50000000
1771606800000,0.28560000,0.28600000,0.28500000,0.28580000,4118633.50000000
1771610400000,0.28570000,0.28590000,0.28510000,0.28520000,2912347.30000000
1771614000000,0.28520000,0.28530000,0.28480000,0.28520000,2395656.90000000
1771617600000,0.28520000,0.28550000,0.28510000,0.28550000,3416498.00000000
1771621200000,0.28550000,0.28590000,0.28520000,0.28560000,4544985.60000000
1771624800000,0.28550000,0.28560000,0.28520000,0.28560000,2473732.90000000
1771628400000,0.28560000,0.28570000,0.28530000,0.28540000,1711698.10000000
1771632000000,0.28530000,0.28560000,0.28510000,0.28540000,2460171.50000000
1771635600000,0.28540000,0.28540000,0.28510000,0.28530000,1756409.60000000
1771639200000,0.28530000,0.28530000,0.28480000,0.28490000,1987776.80000000
1771642800000,0.28500000,0.28500000,0.28450000,0.28480000,3550142.10000000
1771646400000,0.28480000,0.28480000,0.28450000,0.28480000,1575410.20000000
1771650000000,0.28480000,0.28480000,0.28450000,0.28460000,783756.80000000
1771653600000,0.28460000,0.28490000,0.28450000,0.28490000,1179500.90000000
1771657200000,0.28490000,0.28510000,0.28480000,0.28500000,1740271.50000000
1771660800000,0.28510000,0.28540000,0.28500000,0.28530000,4277541.30000000
1771664400000,0.28530000,0.28690000,0.28510000,0.28660000,17305723.90000000
1771668000000,0.28660000,0.28680000,0.28650000,0.28660000,1832971.30000000
1771671600000,0.28660000,0.28670000,0.28580000,0.28620000,4572795.70000000
1771675200000,0.28620000,0.28620000,0.28600000,0.28620000,2458954.90000000
1771678800000,0.28620000,0.28620000,0.28580000,0.28600000,2658439.40000000
1771682400000,0.28610000,0.28630000,0.28580000,0.28600000,3848344.50000000
1771686000000,0.28610000,0.28740000,0.28600000,0.28730000,11483168.80000000
1771689600000,0.28740000,0.28760000,0.28720000,0.28760000,3850205.20000000
1771693200000,0.28750000,0.28780000,0.28710000,0.28740000,3998916.30000000
1771696800000,0.28750000,0.28840000,0.28740000,0.28840000,9983858.50000000
1771700400000,0.28840000,0.28890000,0.28830000,0.28890000,5654831.70000000
1771704000000,0.28890000,0.28920000,0.28880000,0.28910000,4878290.60000000
1771707600000,0.28900000,0.28960000,0.28900000,0.28960000,6060513.40000000
1771711200000,0.28960000,0.28960000,0.28870000,0.28870000,4330649.00000000
1771714800000,0.28870000,0.28910000,0.28860000,0.28900000,2988613.80000000
1771718400000,0.28910000,0.28920000,0.28870000,0.28920000,4015230.60000000
1771722000000,0.28920000,0.28960000,0.28910000,0.28950000,4358971.50000000
1771725600000,0.28950000,0.28960000,0.28860000,0.28890000,5653218.10000000
1771729200000,0.28890000,0.28900000,0.28850000,0.28880000,2862678.10000000
1771732800000,0.28880000,0.28890000,0.28790000,0.28800000,2590970.90000000
1771736400000,0.28790000,0.28810000,0.28760000,0.28810000,4138405.20000000
1771740000000,0.28810000,0.28850000,0.28790000,0.28850000,3759058.20000000
1771743600000,0.28850000,0.28860000,0.28780000,0.28790000,3659957.80000000
1771747200000,0.28790000,0.28790000,0.28740000,0.28770000,5296259.10000000
1771750800000,0.28770000,0.28900000,0.28760000,0.28890000,9444352.90000000
1771754400000,0.28900000,0.28930000,0.28890000,0.28930000,4159296.90000000
1771758000000,0.28920000,0.28930000,0.28840000,0.28870000,3742128.30000000
1771761600000,0.28870000,0.28890000,0.28830000,0.28890000,3309460.40000000
1771765200000,0.28890000,0.28930000,0.28880000,0.28880000,6156261.40000000
1771768800000,0.28880000,0.28940000,0.28870000,0.28940000,4594588.40000000
1771772400000,0.28940000,0.28960000,0.28910000,0.28950000,3870447.80000000
1771776000000,0.28940000,0.28990000,0.28930000,0.28980000,4172713.70000000
1771779600000,0.28980000,0.29060000,0.28970000,0.29060000,6887706.00000000
1771783200000,0.29050000,0.29090000,0.28990000,0.29030000,6831931.00000000
1771786800000,0.29030000,0.29040000,0.28990000,0.29040000,2788251.40000000
1771790400000,0.29040000,0.29050000,0.29010000,0.29030000,2543142.20000000
1771794000000,0.29040000,0.29110000,0.29030000,0.29110000,4908916.40000000
1771797600000,0.29110000,0.29120000,0.29050000,0.29060000,3719810.00000000
1771801200000,0.29060000,0.29090000,0.29030000,0.29060000,2930546.10000000
1771804800000,0.29060000,0.29060000,0.28970000,0.28990000,6527172.90000000
1771808400000,0.28990000,0.29000000,0.28700000,0.28700000,27681122.50000000
1771812000000,0.28700000,0.28780000,0.28670000,0.28760000,10119819.20000000
1771815600000,0.28750000,0.28780000,0.28710000,0.28730000,3190001.80000000
1771819200000,0.28730000,0.28730000,0.28650000,0.28680000,5266141.50000000
1771822800000,0.28680000,0.28770000,0.28670000,0.28720000,8327964.30000000
1771826400000,0.28720000,0.28770000,0.28710000,0.28760000,2829532.00000000
1771830000000,0.28760000,0.28790000,0.28740000,0.28780000,3008785.30000000
1771833600000,0.28780000,0.28790000,0.28710000,0.28730000,3232916.60000000
1771837200000,0.28730000,0.28880000,0.28720000,0.28810000,12963736.20000000
1771840800000,0.28820000,0.28830000,0.28790000,0.28810000,3498475.70000000
1771844400000,0.28800000,0.28830000,0.28690000,0.28700000,7142005.20000000
1771848000000,0.28700000,0.28710000,0.28460000,0.28470000,25296535.60000000
1771851600000,0.28460000,0.28520000,0.28420000,0.28480000,11006122.00000000
1771855200000,0.28480000,0.28510000,0.28440000,0.28450000,3190574.10000000
1771858800000,0.28450000,0.28460000,0.28370000,0.28380000,6974469.60000000
1771862400000,0.28370000,0.28380000,0.28270000,0.28310000,9537758.10000000
1771866000000,0.28310000,0.28320000,0.28170000,0.28190000,13612642.90000000
1771869600000,0.28180000,0.28240000,0.28170000,0.28230000,5353233.30000000
1771873200000,0.28230000,0.28240000,0.28210000,0.28230000,1797840.90000000
1771876800000,0.28220000,0.28220000,0.28090000,0.28110000,13306723.80000000
1771880400000,0.28100000,0.28160000,0.28100000,0.28140000,3090495.10000000
1771884000000,0.28130000,0.28150000,0.28110000,0.28110000,2468889.00000000
1771887600000,0.28120000,0.28170000,0.28110000,0.28160000,3305900.20000000
1771891200000,0.28160000,0.28230000,0.28140000,0.28230000,8856385.50000000
1771894800000,0.28230000,0.28230000,0.28150000,0.28200000,6477318.40000000
1771898400000,0.28190000,0.28260000,0.28180000,0.28260000,4594212.90000000
1771902000000,0.28260000,0.28260000,0.28180000,0.28190000,3721954.10000000
1771905600000,0.28190000,0.28210000,0.28160000,0.28200000,4225131.30000000
1771909200000,0.28200000,0.28200000,0.28120000,0.28130000,4425711.00000000
1771912800000,0.28130000,0.28200000,0.28120000,0.28170000,3573968.10000000
1771916400000,0.28180000,0.28180000,0.28110000,0.28120000,4157117.40000000
1771920000000,0.28120000,0.28130000,0.28080000,0.28120000,6379063.80000000
1771923600000,0.28120000,0.28120000,0.28050000,0.28060000,4248639.30000000
1771927200000,0.28060000,0.28070000,0.28020000,0.28030000,5912006.80000000
1771930800000,0.28030000,0.28060000,0.28010000,0.28060000,2853777.40000000
1771934400000,0.28060000,0.28150000,0.28040000,0.28120000,7649547.40000000
1771938000000,0.28120000,0.28150000,0.28050000,0.28090000,5629980.20000000
1771941600000,0.28090000,0.28090000,0.28010000,0.28050000,11816144.00000000
1771945200000,0.28050000,0.28160000,0.28020000,0.28160000,11847661.40000000
1771948800000,0.28160000,0.28240000,0.28150000,0.28210000,11664048.60000000
1771952400000,0.28210000,0.28240000,0.28180000,0.28220000,6907392.80000000
1771956000000,0.28220000,0.28240000,0.28200000,0.28220000,2891147.20000000
1771959600000,0.28230000,0.28260000,0.28220000,0.28260000,3388388.70000000
1771963200000,0.28260000,0.28320000,0.28250000,0.28320000,5850962.90000000
1771966800000,0.28320000,0.28340000,0.28270000,0.28340000,5646790.10000000
1771970400000,0.28340000,0.28360000,0.28290000,0.28320000,5136699.30000000
1771974000000,0.28320000,0.28370000,0.28290000,0.28370000,4446851.40000000
1771977600000,0.28360000,0.28410000,0.28350000,0.28410000,8250199.40000000
1771981200000,0.28410000,0.28540000,0.28400000,0.28520000,16430240.00000000
1771984800000,0.28520000,0.28580000,0.28500000,0.28580000,7348879.80000000
1771988400000,0.28580000,0.28630000,0.28570000,0.28600000,8968538.60000000
1771992000000,0.28610000,0.28680000,0.28590000,0.28680000,7146341.10000000
1771995600000,0.28680000,0.28680000,0.28580000,0.28620000,6447940.20000000
1771999200000,0.28630000,0.28660000,0.28610000,0.28620000,4617968.90000000
1772002800000,0.28620000,0.28640000,0.28600000,0.28630000,3093129.40000000
1772006400000,0.28640000,0.28730000,0.28610000,0.28670000,7839745.80000000
1772010000000,0.28660000,0.28680000,0.28620000,0.28660000,5214008.80000000
1772013600000,0.28670000,0.28670000,0.28600000,0.28620000,5365255.70000000
1772017200000,0.28620000,0.28630000,0.28520000,0.28560000,9093062.40000000
1772020800000,0.28550000,0.28570000,0.28510000,0.28560000,5259864.40000000
1772024400000,0.28560000,0.28600000,0.28550000,0.28580000,4343236.10000000
1772028000000,0.28570000,0.28620000,0.28570000,0.28620000,5425461.60000000
1772031600000,0.28620000,0.28620000,0.28470000,0.28480000,12639343.40000000
1772035200000,0.28480000,0.28530000,0.28470000,0.28510000,5711899.50000000
1772038800000,0.28510000,0.28530000,0.28460000,0.28510000,7261869.60000000
1772042400000,0.28520000,0.28590000,0.28480000,0.28590000,6820994.40000000
1772046000000,0.28580000,0.28650000,0.28580000,0.28650000,6028144.20000000
1772049600000,0.28640000,0.28650000,0.28540000,0.28550000,5047310.00000000
1772053200000,0.28550000,0.28630000,0.28510000,0.28620000,7653096.70000000
1772056800000,0.28620000,0.28640000,0.28580000,0.28610000,4137441.20000000
1772060400000,0.28610000,0.28610000,0.28500000,0.28530000,7150625.90000000
1772064000000,0.28540000,0.28630000,0.28490000,0.28570000,10688373.90000000
1772067600000,0.28580000,0.28600000,0.28560000,0.28590000,2617256.70000000
1772071200000,0.28590000,0.28590000,0.28520000,0.28560000,2862981.90000000
1772074800000,0.28550000,0.28550000,0.28510000,0.28530000,1741854.40000000
1772078400000,0.28540000,0.28740000,0.28530000,0.28720000,16219989.20000000
1772082000000,0.28710000,0.28760000,0.28670000,0.28700000,5012472.10000000
1772085600000,0.28700000,0.28730000,0.28670000,0.28690000,5007927.30000000
1772089200000,0.28690000,0.28710000,0.28640000,0.28650000,4368408.70000000
1772092800000,0.28640000,0.28680000,0.28610000,0.28610000,4092398.10000000
1772096400000,0.28620000,0.28660000,0.28610000,0.28650000,2570792.70000000
1772100000000,0.28660000,0.28660000,0.28590000,0.28600000,3053347.00000000
1772103600000,0.28610000,0.28650000,0.28600000,0.28650000,3702168.00000000
1772107200000,0.28650000,0.28670000,0.28630000,0.28670000,3448159.00000000
1772110800000,0.28670000,0.28680000,0.28640000,0.28660000,2533479.30000000
1772114400000,0.28660000,0.28690000,0.28620000,0.28640000,5161590.10000000
1772118000000,0.28630000,0.28670000,0.28590000,0.28640000,5778332.40000000
1772121600000,0.28640000,0.28640000,0.28510000,0.28530000,9095380.50000000
1772125200000,0.28520000,0.28540000,0.28500000,0.28530000,3332788.30000000
1772128800000,0.28520000,0.28530000,0.28490000,0.28520000,2879806.20000000
1772132400000,0.28520000,0.28600000,0.28510000,0.28580000,5973911.00000000
1772136000000,0.28580000,0.28610000,0.28560000,0.28580000,2385669.00000000
1772139600000,0.28570000,0.28600000,0.28560000,0.28600000,1532349.40000000
1772143200000,0.28590000,0.28600000,0.28530000,0.28560000,3162264.80000000
1772146800000,0.28560000,0.28570000,0.28540000,0.28570000,896237.50000000
1772150400000,0.28570000,0.28580000,0.28530000,0.28550000,1718091.60000000
1772154000000,0.28540000,0.28560000,0.28510000,0.28520000,1466756.80000000
1772157600000,0.28520000,0.28520000,0.28460000,0.28480000,3274820.80000000
1772161200000,0.28480000,0.28490000,0.28450000,0.28470000,2102943.10000000
1772164800000,0.28470000,0.28520000,0.28450000,0.28510000,3887232.00000000
1772168400000,0.28510000,0.28520000,0.28480000,0.28520000,1276934.80000000
1772172000000,0.28520000,0.28530000,0.28460000,0.28490000,4440048.80000000
1772175600000,0.28490000,0.28510000,0.28450000,0.28510000,5323821.10000000
1772179200000,0.28510000,0.28540000,0.28480000,0.28540000,3372743.30000000
1772182800000,0.28540000,0.28550000,0.28480000,0.28500000,3236316.50000000
1772186400000,0.28510000,0.28520000,0.28440000,0.28450000,5549689.20000000
1772190000000,0.28450000,0.28470000,0.28400000,0.28470000,6159287.70000000
1772193600000,0.28470000,0.28480000,0.28400000,0.28410000,4286293.90000000
1772197200000,0.28410000,0.28430000,0.28380000,0.28410000,4351976.10000000
1772200800000,0.28400000,0.28410000,0.28360000,0.28380000,5735121.40000000
1772204400000,0.28370000,0.28390000,0.28280000,0.28340000,9335753.80000000
1772208000000,0.28340000,0.28350000,0.28250000,0.28270000,6625648.80000000
1772211600000,0.28270000,0.28270000,0.28200000,0.28230000,7990042.50000000
1772215200000,0.28240000,0.28240000,0.28200000,0.28240000,1290689.50000000
1772218800000,0.28240000,0.28250000,0.28180000,0.28200000,3897032.40000000
1772222400000,0.28210000,0.28270000,0.28200000,0.28260000,2936324.10000000
1772226000000,0.28260000,0.28280000,0.28240000,0.28270000,1691100.40000000
1772229600000,0.28280000,0.28290000,0.28220000,0.28280000,3284358.60000000
1772233200000,0.28270000,0.28300000,0.28260000,0.28280000,2850264.50000000
1772236800000,0.28280000,0.28290000,0.28220000,0.28230000,3474190.00000000
1772240400000,0.28240000,0.28270000,0.28230000,0.28260000,1345858.90000000
1772244000000,0.28260000,0.28280000,0.28240000,0.28260000,1090897.80000000
1772247600000,0.28270000,0.28290000,0.28250000,0.28270000,1297230.10000000
1772251200000,0.28260000,0.28280000,0.28240000,0.28270000,1239011.90000000
1772254800000,0.28280000,0.28290000,0.28250000,0.28270000,1225191.30000000
1772258400000,0.28270000,0.28290000,0.28080000,0.28090000,16172877.50000000
1772262000000,0.28090000,0.28150000,0.28050000,0.28070000,10336816.90000000
1772265600000,0.28070000,0.28070000,0.27890000,0.27900000,6153462.10000000
1772269200000,0.27890000,0.28010000,0.27870000,0.27870000,14479032.00000000
1772272800000,0.27880000,0.27910000,0.27830000,0.27910000,8202472.30000000
1772276400000,0.27910000,0.27950000,0.27900000,0.27920000,3311361.70000000
1772280000000,0.27930000,0.27950000,0.27900000,0.27940000,2774220.10000000
1772283600000,0.27940000,0.28000000,0.27920000,0.28000000,5057364.00000000
1772287200000,0.28000000,0.28030000,0.27960000,0.27960000,5491687.40000000
1772290800000,0.27970000,0.28030000,0.27960000,0.28020000,3536065.90000000
1772294400000,0.28030000,0.28060000,0.28010000,0.28060000,3311116.70000000
1772298000000,0.28060000,0.28150000,0.28030000,0.28150000,9353628.00000000
1772301600000,0.28150000,0.28200000,0.28140000,0.28200000,3844237.10000000
1772305200000,0.28200000,0.28220000,0.28170000,0.28200000,2667826.40000000
1772308800000,0.28200000,0.28220000,0.28160000,0.28190000,3043498.30000000
1772312400000,0.28190000,0.28210000,0.28170000,0.28200000,1579831.70000000
1772316000000,0.28210000,0.28240000,0.28180000,0.28190000,3939494.20000000
1772319600000,0.28180000,0.28210000,0.28170000,0.28190000,1826366.80000000
1772323200000,0.28190000,0.28200000,0.28150000,0.28180000,4326325.60000000
1772326800000,0.28180000,0.28300000,0.28130000,0.28290000,11132971.10000000
1772330400000,0.28290000,0.28350000,0.28220000,0.28220000,12461230.60000000
1772334000000,0.28220000,0.28230000,0.28200000,0.28210000,2754576.70000000
1772337600000,0.28210000,0.28230000,0.28190000,0.28220000,2667814.50000000
1772341200000,0.28220000,0.28240000,0.28210000,0.28230000,1180983.50000000
1772344800000,0.28240000,0.28250000,0.28210000,0.28210000,2300664.70000000
1772348400000,0.28220000,0.28220000,0.28170000,0.28170000,3980409.80000000
1772352000000,0.28170000,0.28190000,0.28120000,0.28140000,5239171.90000000
1772355600000,0.28130000,0.28160000,0.28110000,0.28110000,1879136.80000000
1772359200000,0.28120000,0.28140000,0.28100000,0.28110000,1950499.20000000
1772362800000,0.28110000,0.28130000,0.28080000,0.28110000,4121456.70000000
1772366400000,0.28120000,0.28120000,0.28070000,0.28080000,1616010.70000000
1772370000000,0.28070000,0.28220000,0.28070000,0.28200000,8730019.60000000
1772373600000,0.28200000,0.28210000,0.28140000,0.28160000,3559514.20000000
1772377200000,0.28150000,0.28190000,0.28150000,0.28160000,2241472.20000000
1772380800000,0.28150000,0.28190000,0.28120000,0.28140000,4016819.70000000
1772384400000,0.28130000,0.28160000,0.28110000,0.28120000,2273549.30000000
1772388000000,0.28110000,0.28160000,0.28110000,0.28130000,1606993.80000000
1772391600000,0.28130000,0.28130000,0.28070000,0.28070000,2491323.90000000
1772395200000,0.28070000,0.28100000,0.27990000,0.28030000,6984793.10000000
1772398800000,0.28030000,0.28040000,0.28000000,0.28030000,2204283.50000000
1772402400000,0.28030000,0.28100000,0.28020000,0.28050000,6917612.50000000
1772406000000,0.28040000,0.28090000,0.28040000,0.28070000,2335598.80000000
1772409600000,0.28070000,0.28130000,0.28060000,0.28100000,4009969.50000000
1772413200000,0.28090000,0.28190000,0.28090000,0.28180000,5827617.80000000
1772416800000,0.28190000,0.28190000,0.28120000,0.28150000,2244736.60000000
1772420400000,0.28150000,0.28150000,0.28110000,0.28120000,2014453.20000000
1772424000000,0.28120000,0.28140000,0.28090000,0.28120000,2753945.70000000
1772427600000,0.28120000,0.28130000,0.28090000,0.28120000,1500259.70000000
1772431200000,0.28120000,0.28140000,0.28100000,0.28120000,2467643.50000000
1772434800000,0.28120000,0.28170000,0.28090000,0.28130000,4922954.50000000
1772438400000,0.28120000,0.28150000,0.28100000,0.28150000,3423913.50000000
1772442000000,0.28150000,0.28210000,0.28140000,0.28160000,4674896.30000000
1772445600000,0.28170000,0.28180000,0.28120000,0.28150000,4222966.10000000
1772449200000,0.28150000,0.28160000,0.28110000,0.28150000,2418241.50000000
1772452800000,0.28150000,0.28180000,0.28130000,0.28160000,2677525.80000000
1772456400000,0.28170000,0.28180000,0.28140000,0.28150000,2785999.90000000
1772460000000,0.28140000,0.28210000,0.28130000,0.28210000,4909953.50000000
1772463600000,0.28210000,0.28320000,0.28190000,0.28240000,16818793.70000000
1772467200000,0.28240000,0.28290000,0.28240000,0.28260000,6223766.10000000
1772470800000,0.28250000,0.28290000,0.28200000,0.28220000,6729331.40000000
1772474400000,0.28220000,0.28250000,0.28200000,0.28240000,2973071.00000000
1772478000000,0.28240000,0.28260000,0.28220000,0.28250000,2420743.70000000
1772481600000,0.28260000,0.28300000,0.28220000,0.28270000,3348876.50000000
1772485200000,0.28270000,0.28310000,0.28270000,0.28300000,1726547.90000000
1772488800000,0.28300000,0.28330000,0.28270000,0.28320000,3422247.80000000
1772492400000,0.28320000,0.28340000,0.28300000,0.28320000,3803365.50000000
1772496000000,0.28330000,0.28360000,0.28310000,0.28330000,3225235.50000000
1772499600000,0.28330000,0.28360000,0.28290000,0.28300000,3051246.80000000
1772503200000,0.28310000,0.28350000,0.28290000,0.28300000,2958393.80000000
1772506800000,0.28300000,0.28330000,0.28280000,0.28300000,1196660.50000000
1772510400000,0.28300000,0.28320000,0.28270000,0.28280000,1695818.00000000
1772514000000,0.28280000,0.28300000,0.28170000,0.28220000,10942821.30000000
1772517600000,0.28220000,0.28240000,0.28200000,0.28220000,2026993.90000000
1772521200000,0.28220000,0.28240000,0.28210000,0.28220000,1074991.30000000
1772524800000,0.28230000,0.28240000,0.28150000,0.28170000,4939756.20000000
1772528400000,0.28170000,0.28170000,0.28090000,0.28110000,5442485.50000000
1772532000000,0.28110000,0.28120000,0.28080000,0.28110000,4127165.90000000
1772535600000,0.28110000,0.28150000,0.28080000,0.28120000,3633218.40000000
1772539200000,0.28120000,0.28170000,0.28070000,0.28100000,9218160.00000000
1772542800000,0.28100000,0.28110000,0.28080000,0.28090000,2447388.10000000
1772546400000,0.28080000,0.28130000,0.28020000,0.28050000,8776735.10000000
1772550000000,0.28060000,0.28090000,0.28020000,0.28080000,4586787.80000000
1772553600000,0.28080000,0.28110000,0.28030000,0.28060000,10642579.00000000
1772557200000,0.28050000,0.28080000,0.28030000,0.28080000,3402611.80000000
1772560800000,0.28070000,0.28090000,0.28060000,0.28080000,1199106.90000000
1772564400000,0.28080000,0.28100000,0.28050000,0.28070000,3006117.30000000
1772568000000,0.28080000,0.28090000,0.28050000,0.28070000,2376782.90000000
1772571600000,0.28060000,0.28070000,0.28040000,0.28060000,3339813.10000000
1772575200000,0.28050000,0.28070000,0.28030000,0.28040000,3289375.40000000
1772578800000,0.28030000,0.28070000,0.28020000,0.28050000,2227170.00000000
1772582400000,0.28040000,0.28040000,0.27910000,0.27910000,11639164.50000000
1772586000000,0.27910000,0.27950000,0.27900000,0.27930000,3430347.90000000
1772589600000,0.27930000,0.28070000,0.27920000,0.28040000,9120505.50000000
1772593200000,0.28040000,0.28050000,0.27990000,0.28020000,3250383.90000000
1772596800000,0.28010000,0.28040000,0.28000000,0.28020000,1906359.30000000
1772600400000,0.28020000,0.28060000,0.28010000,0.28060000,2307363.10000000
1772604000000,0.28050000,0.28270000,0.28050000,0.28270000,18337829.50000000
1772607600000,0.28270000,0.28340000,0.28200000,0.28330000,19971197.20000000
1772611200000,0.28330000,0.28400000,0.28300000,0.28380000,11255849.90000000
1772614800000,0.28380000,0.28430000,0.28370000,0.28390000,10316102.50000000
1772618400000,0.28390000,0.28420000,0.28330000,0.28360000,8060605.30000000
1772622000000,0.28370000,0.28420000,0.28360000,0.28410000,6497932.50000000
1772625600000,0.28420000,0.28500000,0.28390000,0.28430000,11545962.60000000
1772629200000,0.28430000,0.28470000,0.28400000,0.28440000,4784804.80000000
1772632800000,0.28430000,0.28510000,0.28430000,0.28470000,8127091.80000000
1772636400000,0.28470000,0.28610000,0.28460000,0.28590000,13254666.80000000
1772640000000,0.28600000,0.28640000,0.28550000,0.28600000,7918921.00000000
1772643600000,0.28600000,0.28690000,0.28590000,0.28670000,10581248.40000000
1772647200000,0.28660000,0.28700000,0.28610000,0.28700000,6935853.90000000
1772650800000,0.28700000,0.28780000,0.28690000,0.28770000,7354946.90000000
1772654400000,0.28770000,0.28800000,0.28690000,0.28720000,12784467.80000000
1772658000000,0.28720000,0.28750000,0.28700000,0.28730000,3970165.50000000
1772661600000,0.28740000,0.28800000,0.28720000,0.28740000,6485193.40000000
1772665200000,0.28740000,0.28780000,0.28680000,0.28710000,7299499.80000000
1772668800000,0.28700000,0.28790000,0.28700000,0.28740000,7358299.90000000
1772672400000,0.28740000,0.28760000,0.28690000,0.28720000,4574075.50000000
1772676000000,0.28720000,0.28810000,0.28720000,0.28730000,8259155.10000000
1772679600000,0.28730000,0.28750000,0.28460000,0.28490000,29075695.40000000
1772683200000,0.28480000,0.28520000,0.28460000,0.28510000,4120522.10000000
1772686800000,0.28500000,0.28520000,0.28440000,0.28460000,5120982.20000000
1772690400000,0.28460000,0.28490000,0.28440000,0.28490000,2835410.60000000
1772694000000,0.28490000,0.28490000,0.28390000,0.28420000,7216894.60000000
1772697600000,0.28420000,0.28430000,0.28370000,0.28420000,4856884.30000000
1772701200000,0.28430000,0.28450000,0.28400000,0.28450000,3703548.40000000
1772704800000,0.28450000,0.28470000,0.28420000,0.28460000,3010564.70000000
1772708400000,0.28470000,0.28470000,0.28410000,0.28430000,2787351.30000000
1772712000000,0.28420000,0.28430000,0.28400000,0.28410000,2390915.80000000
1772715600000,0.28410000,0.28410000,0.28340000,0.28350000,5767605.30000000
1772719200000,0.28340000,0.28350000,0.28270000,0.28330000,10610154.10000000
1772722800000,0.28330000,0.28340000,0.28260000,0.28320000,6315393.30000000
1772726400000,0.28320000,0.28320000,0.28250000,0.28280000,5143163.10000000
1772730000000,0.28280000,0.28280000,0.28240000,0.28260000,1898813.30000000
1772733600000,0.28260000,0.28280000,0.28250000,0.28270000,2033432.80000000
1772737200000,0.28270000,0.28290000,0.28260000,0.28270000,1968773.50000000
1772740800000,0.28270000,0.28300000,0.28260000,0.28280000,1820358.60000000
1772744400000,0.28280000,0.28710000,0.28270000,0.28440000,53810430.00000000
1772748000000,0.28440000,0.28530000,0.28400000,0.28520000,8446283.60000000
1772751600000,0.28520000,0.28560000,0.28490000,0.28520000,6556189.70000000
1772755200000,0.28520000,0.28550000,0.28500000,0.28540000,2083427.50000000
1772758800000,0.28550000,0.28550000,0.28490000,0.28510000,2629525.50000000
1772762400000,0.28510000,0.28540000,0.28500000,0.28510000,2190409.10000000
1772766000000,0.28520000,0.28550000,0.28520000,0.28530000,1774073.00000000
1772769600000,0.28530000,0.28560000,0.28510000,0.28550000,4703777.90000000
1772773200000,0.28550000,0.28630000,0.28530000,0.28590000,5084712.50000000
1772776800000,0.28600000,0.28670000,0.28580000,0.28640000,8223554.70000000
1772780400000,0.28640000,0.28680000,0.28610000,0.28620000,6672391.90000000
1772784000000,0.28620000,0.28630000,0.28550000,0.28590000,5533771.10000000
1772787600000,0.28590000,0.28690000,0.28580000,0.28650000,10295687.40000000
1772791200000,0.28650000,0.28710000,0.28640000,0.28700000,3540371.00000000
1772794800000,0.28700000,0.28700000,0.28670000,0.28690000,2188403.10000000
1772798400000,0.28690000,0.28710000,0.28650000,0.28700000,4120981.10000000
1772802000000,0.28710000,0.28730000,0.28600000,0.28600000,11263368.10000000
1772805600000,0.28610000,0.28610000,0.28540000,0.28560000,7513242.50000000
1772809200000,0.28570000,0.28590000,0.28500000,0.28550000,5549882.40000000
1772812800000,0.28540000,0.28570000,0.28530000,0.28550000,1667647.50000000
1772816400000,0.28560000,0.28600000,0.28540000,0.28560000,3353772.30000000
1772820000000,0.28560000,0.28580000,0.28520000,0.28520000,2941936.60000000
1772823600000,0.28520000,0.28530000,0.28480000,0.28490000,3766137.00000000
1772827200000,0.28490000,0.28510000,0.28470000,0.28500000,1766165.70000000
1772830800000,0.28500000,0.28500000,0.28460000,0.28460000,2476310.30000000
1772834400000,0.28470000,0.28490000,0.28440000,0.28490000,2019467.70000000
1772838000000,0.28490000,0.28490000,0.28450000,0.28460000,1355319.40000000
1772841600000,0.28450000,0.28490000,0.28440000,0.28480000,1830048.70000000
1772845200000,0.28480000,0.28500000,0.28450000,0.28490000,1379132.60000000
1772848800000,0.28490000,0.28490000,0.28440000,0.28450000,1727523.40000000
1772852400000,0.28440000,0.28460000,0.28400000,0.28430000,3561115.90000000
1772856000000,0.28420000,0.28420000,0.28390000,0.28400000,1536257.90000000
1772859600000,0.28400000,0.28400000,0.28370000,0.28380000,1417566.20000000
1772863200000,0.28390000,0.28400000,0.28360000,0.28380000,2563747.60000000
1772866800000,0.28380000,0.28390000,0.28360000,0.28370000,2077530.70000000
1772870400000,0.28380000,0.28380000,0.28330000,0.28340000,3275739.20000000
1772874000000,0.28330000,0.28360000,0.28330000,0.28360000,1508878.10000000
1772877600000,0.28360000,0.28380000,0.28350000,0.28370000,1673909.30000000
1772881200000,0.28360000,0.28420000,0.28360000,0.28400000,1799492.70000000
1772884800000,0.28410000,0.28440000,0.28400000,0.28430000,2067979.10000000
1772888400000,0.28430000,0.28450000,0.28420000,0.28430000,1718406.20000000
1772892000000,0.28440000,0.28460000,0.28420000,0.28450000,1545341.70000000
1772895600000,0.28450000,0.28490000,0.28440000,0.28480000,3732009.70000000
1772899200000,0.28490000,0.28530000,0.28470000,0.28520000,3843812.70000000
1772902800000,0.28520000,0.28570000,0.28500000,0.28570000,3930858.40000000
1772906400000,0.28560000,0.28620000,0.28530000,0.28610000,4999565.80000000
1772910000000,0.28600000,0.28620000,0.28520000,0.28560000,4303049.30000000
1772913600000,0.28560000,0.28620000,0.28550000,0.28620000,3450210.60000000
1772917200000,0.28620000,0.28680000,0.28610000,0.28670000,5093074.90000000
1772920800000,0.28680000,0.28690000,0.28590000,0.28630000,6218523.50000000
1772924400000,0.28630000,0.28660000,0.28630000,0.28660000,3243391.20000000
1772928000000,0.28650000,0.28680000,0.28650000,0.28660000,2437879.70000000
1772931600000,0.28660000,0.28690000,0.28660000,0.28690000,1452776.40000000
1772935200000,0.28690000,0.28710000,0.28650000,0.28660000,5067944.60000000
1772938800000,0.28660000,0.28690000,0.28640000,0.28640000,1464205.90000000
1772942400000,0.28640000,0.28670000,0.28610000,0.28630000,4799795.10000000
1772946000000,0.28630000,0.28650000,0.28620000,0.28640000,903240.40000000
1772949600000,0.28630000,0.28650000,0.28600000,0.28620000,1755051.40000000
1772953200000,0.28610000,0.28660000,0.28580000,0.28650000,3908438.40000000
1772956800000,0.28650000,0.28670000,0.28630000,0.28660000,2840175.60000000
1772960400000,0.28670000,0.28680000,0.28660000,0.28670000,2344999.80000000
1772964000000,0.28670000,0.28730000,0.28660000,0.28700000,4637938.20000000
1772967600000,0.28710000,0.28710000,0.28600000,0.28610000,3371855.30000000
1772971200000,0.28610000,0.28700000,0.28580000,0.28700000,8146428.20000000
1772974800000,0.28700000,0.28750000,0.28620000,0.28740000,9138363.80000000
1772978400000,0.28740000,0.28810000,0.28730000,0.28800000,5997696.10000000
1772982000000,0.28810000,0.28870000,0.28800000,0.28860000,7774540.70000000
1772985600000,0.28870000,0.28990000,0.28830000,0.28860000,10583948.70000000
1772989200000,0.28870000,0.28940000,0.28860000,0.28930000,5743777.70000000
1772992800000,0.28930000,0.28960000,0.28920000,0.28950000,2737102.20000000
1772996400000,0.28960000,0.28990000,0.28930000,0.28990000,4690688.40000000
1773000000000,0.28990000,0.29050000,0.28980000,0.29040000,7626233.10000000
1773003600000,0.29040000,0.29080000,0.29000000,0.29060000,6397447.00000000
1773007200000,0.29050000,0.29060000,0.28900000,0.28930000,12109109.60000000
1773010800000,0.28920000,0.28950000,0.28880000,0.28910000,3107867.50000000
1773014400000,0.28920000,0.28990000,0.28910000,0.28940000,6533739.30000000
1773018000000,0.28930000,0.28970000,0.28930000,0.28960000,3220752.10000000
1773021600000,0.28960000,0.28980000,0.28910000,0.28930000,4772607.90000000
1773025200000,0.28930000,0.29090000,0.28920000,0.29030000,12440518.50000000
1773028800000,0.29030000,0.29050000,0.28880000,0.28890000,10135456.20000000
1773032400000,0.28890000,0.28960000,0.28890000,0.28910000,3468410.70000000
1773036000000,0.28910000,0.28910000,0.28780000,0.28840000,14688854.70000000
1773039600000,0.28840000,0.28860000,0.28790000,0.28820000,4239789.00000000
1773043200000,0.28820000,0.28830000,0.28770000,0.28790000,5509778.80000000
1773046800000,0.28790000,0.28810000,0.28750000,0.28750000,4790400.00000000
1773050400000,0.28760000,0.28770000,0.28500000,0.28520000,13106238.10000000
1773054000000,0.28520000,0.28560000,0.28460000,0.28520000,9302548.40000000
1773057600000,0.28510000,0.28520000,0.28430000,0.28500000,11988584.20000000
1773061200000,0.28510000,0.28540000,0.28460000,0.28520000,9447868.50000000
1773064800000,0.28520000,0.28520000,0.28450000,0.28490000,7066774.40000000
1773068400000,0.28480000,0.28550000,0.28480000,0.28540000,4052194.60000000
1773072000000,0.28540000,0.28570000,0.28530000,0.28540000,3669508.90000000
1773075600000,0.28540000,0.28580000,0.28530000,0.28570000,4161189.10000000
1773079200000,0.28580000,0.28630000,0.28540000,0.28560000,5379312.00000000
1773082800000,0.28570000,0.28600000,0.28550000,0.28600000,4356774.90000000
1773086400000,0.28600000,0.28620000,0.28590000,0.28600000,2252297.90000000
1773090000000,0.28600000,0.28620000,0.28570000,0.28600000,1938878.60000000
1773093600000,0.28600000,0.28600000,0.28560000,0.28590000,1343872.00000000
1773097200000,0.28580000,0.28600000,0.28540000,0.28560000,3263341.10000000
1773100800000,0.28550000,0.28580000,0.28520000,0.28570000,3959148.50000000
1773104400000,0.28560000,0.28580000,0.28540000,0.28570000,1581356.40000000
1773108000000,0.28580000,0.28650000,0.28550000,0.28590000,9664350.30000000
1773111600000,0.28590000,0.28600000,0.28570000,0.28600000,2482366.40000000
1773115200000,0.28600000,0.28630000,0.28590000,0.28610000,2322082.30000000
1773118800000,0.28620000,0.28630000,0.28590000,0.28600000,2170154.10000000
1773122400000,0.28610000,0.28630000,0.28590000,0.28620000,1649935.10000000
1773126000000,0.28610000,0.28630000,0.28590000,0.28620000,2453064.20000000
1773129600000,0.28610000,0.28640000,0.28560000,0.28580000,6316713.90000000
1773133200000,0.28570000,0.28600000,0.28520000,0.28570000,7057335.30000000
1773136800000,0.28560000,0.28570000,0.28510000,0.28540000,4737202.90000000
1773140400000,0.28540000,0.28540000,0.28400000,0.28400000,6190531.00000000
1773144000000,0.28400000,0.28490000,0.28390000,0.28470000,3526518.10000000
1773147600000,0.28480000,0.28490000,0.28360000,0.28410000,7478010.70000000
1773151200000,0.28410000,0.28480000,0.28380000,0.28460000,6573608.50000000
1773154800000,0.28450000,0.28480000,0.28420000,0.28440000,3784337.00000000
1773158400000,0.28440000,0.28490000,0.28420000,0.28440000,4814585.50000000
1773162000000,0.28430000,0.28490000,0.28420000,0.28460000,3704910.50000000
1773165600000,0.28460000,0.28470000,0.28420000,0.28460000,4294396.30000000
1773169200000,0.28460000,0.28530000,0.28440000,0.28530000,3001976.20000000
1773172800000,0.28530000,0.28550000,0.28490000,0.28500000,2086050.60000000
1773176400000,0.28510000,0.28550000,0.28500000,0.28530000,2225845.90000000
1773180000000,0.28530000,0.28560000,0.28520000,0.28540000,2239615.50000000
1773183600000,0.28550000,0.28600000,0.28540000,0.28580000,2659370.30000000
1773187200000,0.28570000,0.28590000,0.28540000,0.28540000,2401428.50000000
1773190800000,0.28550000,0.28600000,0.28540000,0.28600000,2145739.40000000
1773194400000,0.28600000,0.28610000,0.28530000,0.28600000,6202576.30000000
1773198000000,0.28600000,0.28690000,0.28580000,0.28670000,5248052.70000000
1773201600000,0.28680000,0.28690000,0.28660000,0.28680000,1481987.50000000
1773205200000,0.28680000,0.28690000,0.28660000,0.28670000,1473596.30000000
1773208800000,0.28670000,0.28780000,0.28660000,0.28750000,6829429.30000000
1773212400000,0.28750000,0.28750000,0.28690000,0.28700000,3312473.30000000
1773216000000,0.28700000,0.28770000,0.28680000,0.28730000,9468051.40000000
1773219600000,0.28720000,0.28800000,0.28720000,0.28800000,4071824.00000000
1773223200000,0.28800000,0.28840000,0.28790000,0.28820000,4098106.70000000
1773226800000,0.28820000,0.28840000,0.28780000,0.28800000,3647816.80000000
1773230400000,0.28810000,0.28910000,0.28800000,0.28860000,9865644.70000000
1773234000000,0.28850000,0.28940000,0.28850000,0.28920000,8523773.90000000
1773237600000,0.28920000,0.28990000,0.28920000,0.28980000,7483167.00000000
1773241200000,0.28980000,0.29040000,0.28980000,0.29040000,8804989.60000000
1773244800000,0.29040000,0.29080000,0.29030000,0.29080000,5897861.80000000
1773248400000,0.29080000,0.29160000,0.29020000,0.29070000,14028747.60000000
1773252000000,0.29070000,0.29140000,0.28990000,0.29040000,11948141.70000000
1773255600000,0.29040000,0.29060000,0.28990000,0.29020000,2921096.30000000
1773259200000,0.29020000,0.29130000,0.29010000,0.29130000,5072895.40000000
1773262800000,0.29130000,0.29130000,0.29060000,0.29070000,2841318.30000000
1773266400000,0.29070000,0.29090000,0.29040000,0.29060000,3123339.80000000
1773270000000,0.29060000,0.29130000,0.29060000,0.29130000,2308229.90000000
1773273600000,0.29130000,0.29200000,0.29040000,0.29070000,12672141.70000000
1773277200000,0.29080000,0.29080000,0.29010000,0.29020000,4199785.30000000
1773280800000,0.29030000,0.29040000,0.28990000,0.29010000,2541521.30000000
1773284400000,0.29010000,0.29030000,0.28970000,0.28990000,3512808.80000000
1773288000000,0.28990000,0.29000000,0.28940000,0.28970000,4388552.90000000
1773291600000,0.28970000,0.28980000,0.28950000,0.28980000,1571983.50000000
1773295200000,0.28980000,0.29040000,0.28970000,0.28990000,4463257.40000000
1773298800000,0.28980000,0.29000000,0.28970000,0.28980000,1880959.30000000
1773302400000,0.28980000,0.29000000,0.28960000,0.28990000,1804551.80000000
1773306000000,0.28990000,0.29030000,0.28980000,0.29010000,3294399.80000000
1773309600000,0.29000000,0.29030000,0.28940000,0.28950000,5489082.70000000
1773313200000,0.28940000,0.28940000,0.28910000,0.28910000,4457258.50000000
1773316800000,0.28920000,0.28920000,0.28870000,0.28890000,4260133.90000000
1773320400000,0.28890000,0.28900000,0.28860000,0.28890000,2667315.10000000
1773324000000,0.28890000,0.28950000,0.28870000,0.28940000,5211028.50000000
1773327600000,0.28940000,0.28970000,0.28920000,0.28960000,2042042.00000000
1773331200000,0.28970000,0.28970000,0.28900000,0.28920000,6677151.70000000
1773334800000,0.28920000,0.28950000,0.28900000,0.28920000,3577800.50000000
1773338400000,0.28920000,0.28920000,0.28880000,0.28890000,2828199.10000000
1773342000000,0.28900000,0.28920000,0.28860000,0.28880000,3358778.30000000
1773345600000,0.28880000,0.28900000,0.28880000,0.28890000,1186214.20000000
1773349200000,0.28880000,0.28960000,0.28880000,0.28930000,3018946.30000000
1773352800000,0.28930000,0.28930000,0.28880000,0.28900000,3253494.40000000
1773356400000,0.28910000,0.28930000,0.28880000,0.28910000,1469352.50000000
1773360000000,0.28910000,0.29040000,0.28880000,0.29030000,8498478.80000000
1773363600000,0.29020000,0.29060000,0.29010000,0.29030000,3847100.40000000
1773367200000,0.29040000,0.29040000,0.28990000,0.29020000,3851966.40000000
1773370800000,0.29010000,0.29020000,0.28990000,0.29000000,998702.90000000
1773374400000,0.28990000,0.29010000,0.28960000,0.28990000,2367967.10000000
1773378000000,0.28980000,0.29000000,0.28960000,0.28980000,1173279.60000000
1773381600000,0.28970000,0.28990000,0.28920000,0.28940000,4405653.50000000
1773385200000,0.28940000,0.28940000,0.28910000,0.28920000,2288984.30000000
1773388800000,0.28920000,0.28980000,0.28910000,0.28970000,3349951.90000000
1773392400000,0.28960000,0.28970000,0.28910000,0.28950000,2094424.70000000
1773396000000,0.28950000,0.28980000,0.28860000,0.28880000,8363897.80000000
1773399600000,0.28880000,0.28890000,0.28850000,0.28880000,2480061.80000000
1773403200000,0.28880000,0.28930000,0.28850000,0.28920000,4485186.40000000
1773406800000,0.28920000,0.28930000,0.28870000,0.28920000,4501914.10000000
1773410400000,0.28920000,0.29050000,0.28920000,0.28990000,11566947.70000000
1773414000000,0.28990000,0.29010000,0.28950000,0.28960000,7310734.40000000
1773417600000,0.28960000,0.29010000,0.28950000,0.29000000,3188281.00000000
1773421200000,0.29000000,0.29060000,0.28990000,0.29060000,3200751.10000000
1773424800000,0.29050000,0.29140000,0.29050000,0.29090000,4847081.30000000
1773428400000,0.29090000,0.29190000,0.29080000,0.29180000,6646589.10000000
1773432000000,0.29180000,0.29230000,0.29160000,0.29170000,3513071.70000000
1773435600000,0.29180000,0.29240000,0.29170000,0.29240000,4658259.50000000
1773439200000,0.29240000,0.29280000,0.29210000,0.29270000,5222608.40000000
1773442800000,0.29260000,0.29350000,0.29260000,0.29340000,6200838.80000000
1773446400000,0.29330000,0.29410000,0.29280000,0.29330000,8616009.40000000
1773450000000,0.29320000,0.29380000,0.29320000,0.29330000,5262954.70000000
1773453600000,0.29340000,0.29370000,0.29330000,0.29360000,1360217.30000000
1773457200000,0.29360000,0.29410000,0.29360000,0.29410000,2694828.40000000
1773460800000,0.29410000,0.29450000,0.29380000,0.29400000,5220708.10000000
1773464400000,0.29410000,0.29460000,0.29400000,0.29460000,3864030.40000000
1773468000000,0.29450000,0.29470000,0.29350000,0.29400000,5809599.40000000
1773471600000,0.29400000,0.29410000,0.29370000,0.29410000,2207769.90000000
1773475200000,0.29410000,0.29410000,0.29330000,0.29350000,3416486.50000000
1773478800000,0.29340000,0.29410000,0.29340000,0.29370000,3965165.20000000
1773482400000,0.29370000,0.29440000,0.29360000,0.29430000,4388644.90000000
1773486000000,0.29430000,0.29500000,0.29420000,0.29490000,5497185.70000000
1773489600000,0.29490000,0.29720000,0.29480000,0.29720000,20443302.90000000
1773493200000,0.29710000,0.29730000,0.29640000,0.29660000,6763191.80000000
1773496800000,0.29660000,0.29750000,0.29650000,0.29740000,5740173.10000000
1773500400000,0.29740000,0.29830000,0.29740000,0.29830000,4468829.30000000
1773504000000,0.29830000,0.29870000,0.29810000,0.29870000,3593398.80000000
1773507600000,0.29870000,0.29900000,0.29700000,0.29730000,12654540.70000000
1773511200000,0.29730000,0.29750000,0.29660000,0.29680000,4691602.00000000
1773514800000,0.29690000,0.29710000,0.29660000,0.29700000,2039922.10000000
1773518400000,0.29710000,0.29710000,0.29670000,0.29700000,1245091.10000000
1773522000000,0.29700000,0.29750000,0.29690000,0.29730000,1610921.30000000
1773525600000,0.29740000,0.29780000,0.29730000,0.29770000,1343202.10000000
1773529200000,0.29770000,0.29820000,0.29770000,0.29780000,2134415.30000000
1773532800000,0.29790000,0.29810000,0.29750000,0.29780000,3828808.60000000
1773536400000,0.29780000,0.29790000,0.29680000,0.29710000,5189038.70000000
1773540000000,0.29710000,0.29740000,0.29690000,0.29710000,2440284.30000000
1773543600000,0.29710000,0.29720000,0.29670000,0.29690000,2078613.70000000
1773547200000,0.29690000,0.29700000,0.29640000,0.29650000,2892151.50000000
1773550800000,0.29650000,0.29650000,0.29610000,0.29620000,2925590.60000000
1773554400000,0.29610000,0.29630000,0.29600000,0.29630000,1690053.00000000
1773558000000,0.29630000,0.29630000,0.29590000,0.29620000,2448799.20000000
1773561600000,0.29630000,0.29690000,0.29620000,0.29680000,3479791.90000000
1773565200000,0.29680000,0.29730000,0.29670000,0.29720000,3702960.90000000
1773568800000,0.29720000,0.29720000,0.29660000,0.29670000,1966215.50000000
1773572400000,0.29670000,0.29780000,0.29630000,0.29750000,9825124.80000000
1773576000000,0.29740000,0.29780000,0.29720000,0.29770000,2759839.00000000
1773579600000,0.29780000,0.29830000,0.29760000,0.29790000,7108880.80000000
1773583200000,0.29790000,0.29810000,0.29750000,0.29770000,3585982.20000000
1773586800000,0.29770000,0.29880000,0.29760000,0.29880000,4000508.40000000
1773590400000,0.29880000,0.29880000,0.29820000,0.29840000,3288850.20000000
1773594000000,0.29840000,0.29880000,0.29840000,0.29870000,2032416.00000000
1773597600000,0.29860000,0.29870000,0.29810000,0.29840000,3286289.90000000
1773601200000,0.29850000,0.29910000,0.29830000,0.29890000,2960720.30000000
1773604800000,0.29890000,0.29890000,0.29840000,0.29850000,3131263.80000000
1773608400000,0.29840000,0.29870000,0.29820000,0.29830000,1682377.70000000
1773612000000,0.29830000,0.29880000,0.29820000,0.29850000,2844293.00000000
1773615600000,0.29840000,0.29890000,0.29840000,0.29870000,4402455.20000000
1773619200000,0.29860000,0.29870000,0.29800000,0.29800000,3891157.70000000
1773622800000,0.29800000,0.29810000,0.29780000,0.29790000,2669048.60000000
1773626400000,0.29790000,0.29810000,0.29740000,0.29750000,3715838.00000000
1773630000000,0.29750000,0.29820000,0.29730000,0.29800000,7065706.20000000
1773633600000,0.29800000,0.29820000,0.29790000,0.29800000,2461137.60000000
1773637200000,0.29800000,0.29840000,0.29790000,0.29830000,2683897.50000000
1773640800000,0.29840000,0.29850000,0.29780000,0.29790000,2903241.00000000
1773644400000,0.29780000,0.29790000,0.29660000,0.29670000,5694422.30000000
1773648000000,0.29670000,0.29690000,0.29640000,0.29660000,4928411.40000000
1773651600000,0.29670000,0.29840000,0.29650000,0.29820000,4858530.40000000
1773655200000,0.29820000,0.29840000,0.29800000,0.29830000,2379002.10000000
1773658800000,0.29830000,0.29850000,0.29790000,0.29830000,3964958.10000000
1773662400000,0.29840000,0.29860000,0.29820000,0.29830000,4235045.90000000
1773666000000,0.29820000,0.29850000,0.29810000,0.29830000,2651639.60000000
1773669600000,0.29830000,0.29840000,0.29780000,0.29790000,3815304.60000000
1773673200000,0.29780000,0.29800000,0.29770000,0.29790000,1981594.50000000
1773676800000,0.29790000,0.29870000,0.29770000,0.29870000,3221123.00000000
1773680400000,0.29870000,0.29870000,0.29660000,0.29690000,6750149.70000000
1773684000000,0.29680000,0.29720000,0.29670000,0.29710000,3458791.70000000
1773687600000,0.29710000,0.29740000,0.29600000,0.29610000,8334427.00000000
1773691200000,0.29600000,0.29610000,0.29550000,0.29590000,4871681.30000000
1773694800000,0.29590000,0.29600000,0.29540000,0.29560000,4823659.90000000
1773698400000,0.29550000,0.29580000,0.29520000,0.29560000,4600020.90000000
1773702000000,0.29560000,0.29580000,0.29530000,0.29560000,2393055.60000000
1773705600000,0.29550000,0.29570000,0.29520000,0.29560000,4131009.10000000
1773709200000,0.29560000,0.29620000,0.29530000,0.29570000,7925029.20000000
1773712800000,0.29580000,0.29640000,0.29550000,0.29630000,4811418.90000000
1773716400000,0.29640000,0.29710000,0.29610000,0.29700000,6207970.30000000
1773720000000,0.29700000,0.29720000,0.29650000,0.29670000,3090376.10000000
1773723600000,0.29670000,0.29670000,0.29620000,0.29660000,3284901.70000000
1773727200000,0.29660000,0.29730000,0.29630000,0.29730000,3942350.90000000
1773730800000,0.29730000,0.29890000,0.29720000,0.29870000,8583283.20000000
1773734400000,0.29880000,0.30000000,0.29880000,0.29980000,13665884.40000000
1773738000000,0.29980000,0.30270000,0.29980000,0.30120000,18161515.40000000
1773741600000,0.30130000,0.30190000,0.30050000,0.30170000,11040498.40000000
1773745200000,0.30180000,0.30290000,0.30130000,0.30200000,9168140.30000000
1773748800000,0.30200000,0.30290000,0.30190000,0.30240000,6469922.50000000
1773752400000,0.30240000,0.30260000,0.30180000,0.30250000,6089711.90000000
1773756000000,0.30240000,0.30470000,0.30230000,0.30470000,10109553.00000000
1773759600000,0.30460000,0.30500000,0.30340000,0.30440000,6993028.30000000
1773763200000,0.30450000,0.30480000,0.30370000,0.30430000,3486475.00000000
1773766800000,0.30430000,0.30560000,0.30390000,0.30540000,3197020.00000000
1773770400000,0.30550000,0.30580000,0.30410000,0.30460000,4388121.30000000
1773774000000,0.30460000,0.30610000,0.30450000,0.30600000,3288941.90000000
1773777600000,0.30600000,0.30670000,0.30500000,0.30610000,6984781.60000000
1773781200000,0.30610000,0.30640000,0.30560000,0.30620000,3006317.10000000
1773784800000,0.30630000,0.30750000,0.30590000,0.30630000,6989662.40000000
1773788400000,0.30630000,0.30750000,0.30620000,0.30680000,3595068.60000000
1773792000000,0.30680000,0.30890000,0.30680000,0.30830000,12306112.00000000
1773795600000,0.30840000,0.30930000,0.30810000,0.30920000,5505694.50000000
1773799200000,0.30920000,0.30930000,0.30790000,0.30810000,3759238.50000000
1773802800000,0.30800000,0.30800000,0.30550000,0.30620000,7574937.70000000
1773806400000,0.30620000,0.30660000,0.30440000,0.30460000,7988248.00000000
1773810000000,0.30450000,0.30470000,0.30310000,0.30320000,5864208.30000000
1773813600000,0.30310000,0.30350000,0.30240000,0.30260000,4538610.80000000
1773817200000,0.30250000,0.30290000,0.30140000,0.30190000,7733523.00000000
1773820800000,0.30180000,0.30340000,0.30120000,0.30270000,7752378.80000000
1773824400000,0.30280000,0.30310000,0.30220000,0.30270000,3850922.30000000
1773828000000,0.30270000,0.30440000,0.30240000,0.30370000,5512884.00000000
1773831600000,0.30380000,0.30380000,0.30220000,0.30260000,10606598.40000000
1773835200000,0.30270000,0.30280000,0.29930000,0.30010000,18741999.30000000
1773838800000,0.30010000,0.30160000,0.29970000,0.30160000,7881567.70000000
1773842400000,0.30150000,0.30190000,0.30070000,0.30100000,8953406.60000000
1773846000000,0.30110000,0.30260000,0.30090000,0.30220000,7892385.30000000
1773849600000,0.30220000,0.30310000,0.30170000,0.30250000,4837879.70000000
1773853200000,0.30250000,0.30320000,0.30160000,0.30310000,5843943.20000000
1773856800000,0.30310000,0.30370000,0.30240000,0.30250000,3416360.90000000
1773860400000,0.30250000,0.30440000,0.30240000,0.30410000,4095240.90000000
1773864000000,0.30420000,0.30420000,0.30290000,0.30310000,2764324.70000000
1773867600000,0.30310000,0.30460000,0.30300000,0.30420000,3226247.40000000
1773871200000,0.30430000,0.30430000,0.30370000,0.30410000,1604002.10000000
1773874800000,0.30410000,0.30460000,0.30380000,0.30450000,1791543.10000000
1773878400000,0.30450000,0.30520000,0.30380000,0.30410000,4504766.70000000
1773882000000,0.30400000,0.30510000,0.30360000,0.30460000,3114441.20000000
1773885600000,0.30460000,0.30530000,0.30370000,0.30380000,4538187.90000000
1773889200000,0.30370000,0.30500000,0.30360000,0.30420000,3484199.40000000
1773892800000,0.30420000,0.30490000,0.30380000,0.30390000,2075369.40000000
1773896400000,0.30390000,0.30420000,0.30350000,0.30400000,1964257.10000000
1773900000000,0.30410000,0.30500000,0.30350000,0.30380000,3812575.60000000
1773903600000,0.30380000,0.30380000,0.30250000,0.30260000,9257407.60000000
1773907200000,0.30270000,0.30350000,0.30140000,0.30180000,9474710.00000000
1773910800000,0.30180000,0.30280000,0.30110000,0.30220000,9031309.20000000
1773914400000,0.30220000,0.30340000,0.30210000,0.30270000,3929914.70000000
1773918000000,0.30270000,0.30380000,0.30240000,0.30310000,3388131.10000000
1773921600000,0.30300000,0.30320000,0.30180000,0.30190000,4572313.60000000
1773925200000,0.30190000,0.30330000,0.30140000,0.30330000,6605259.80000000
1773928800000,0.30330000,0.30330000,0.30220000,0.30310000,5450002.70000000
1773932400000,0.30310000,0.30320000,0.29990000,0.30000000,11235345.10000000
1773936000000,0.30000000,0.30050000,0.29910000,0.30050000,16040588.10000000
1773939600000,0.30050000,0.30110000,0.29930000,0.30100000,8224769.70000000
1773943200000,0.30090000,0.30120000,0.29980000,0.30080000,4081995.70000000
1773946800000,0.30080000,0.30120000,0.30030000,0.30100000,4627547.10000000
1773950400000,0.30100000,0.30250000,0.30070000,0.30250000,3850953.00000000
1773954000000,0.30240000,0.30330000,0.30240000,0.30320000,3456546.70000000
1773957600000,0.30330000,0.30440000,0.30290000,0.30440000,8814907.40000000
1773961200000,0.30430000,0.30480000,0.30300000,0.30360000,5504508.10000000
1773964800000,0.30360000,0.30470000,0.30310000,0.30390000,3215953.40000000
1773968400000,0.30400000,0.30450000,0.30380000,0.30410000,2549512.60000000
1773972000000,0.30410000,0.30480000,0.30380000,0.30410000,3243091.00000000
1773975600000,0.30420000,0.30440000,0.30390000,0.30400000,3119652.20000000
1773979200000,0.30400000,0.30430000,0.30360000,0.30360000,1532023.00000000
1773982800000,0.30370000,0.30390000,0.30320000,0.30350000,1913159.50000000
1773986400000,0.30340000,0.30390000,0.30320000,0.30350000,1527979.80000000
1773990000000,0.30340000,0.30480000,0.30280000,0.30440000,6710683.50000000
1773993600000,0.30440000,0.30580000,0.30390000,0.30530000,6474119.90000000
1773997200000,0.30520000,0.30570000,0.30500000,0.30570000,2795560.50000000
1774000800000,0.30570000,0.30770000,0.30560000,0.30720000,13052939.60000000
1774004400000,0.30720000,0.30750000,0.30600000,0.30630000,5450623.80000000
1774008000000,0.30640000,0.30730000,0.30530000,0.30600000,5661116.20000000
1774011600000,0.30600000,0.30720000,0.30570000,0.30640000,7721310.00000000
1774015200000,0.30640000,0.30690000,0.30580000,0.30630000,6311154.30000000
1774018800000,0.30630000,0.30830000,0.30560000,0.30810000,7649179.90000000
1774022400000,0.30810000,0.30820000,0.30700000,0.30790000,3626843.80000000
1774026000000,0.30780000,0.30910000,0.30750000,0.30890000,6262157.20000000
1774029600000,0.30890000,0.30960000,0.30810000,0.30890000,5233439.80000000
1774033200000,0.30890000,0.31010000,0.30880000,0.30990000,4732452.50000000
1774036800000,0.30990000,0.31070000,0.30930000,0.31000000,3627055.90000000
1774040400000,0.31000000,0.31070000,0.30940000,0.30960000,3921000.50000000
1774044000000,0.30960000,0.31070000,0.30950000,0.31060000,2438759.10000000
1774047600000,0.31060000,0.31090000,0.30950000,0.30970000,3006939.70000000
1774051200000,0.30960000,0.31000000,0.30810000,0.30880000,5172031.20000000
1774054800000,0.30880000,0.30880000,0.30800000,0.30840000,1990689.60000000
1774058400000,0.30850000,0.30850000,0.30770000,0.30820000,1622409.80000000
1774062000000,0.30810000,0.30890000,0.30770000,0.30880000,2591210.60000000
1774065600000,0.30890000,0.30980000,0.30860000,0.30900000,4709745.30000000
1774069200000,0.30910000,0.30930000,0.30880000,0.30930000,1909614.30000000
1774072800000,0.30920000,0.31280000,0.30910000,0.31210000,14152944.50000000
1774076400000,0.31200000,0.31300000,0.30920000,0.30930000,10140403.10000000
1774080000000,0.30920000,0.30940000,0.30840000,0.30890000,4708913.00000000
1774083600000,0.30890000,0.31020000,0.30870000,0.30990000,6428302.50000000
1774087200000,0.30990000,0.31050000,0.30910000,0.31050000,3591636.70000000
1774090800000,0.31040000,0.31070000,0.30960000,0.31020000,2297049.10000000
1774094400000,0.31010000,0.31070000,0.30920000,0.30940000,3199452.30000000
1774098000000,0.30940000,0.30950000,0.30850000,0.30900000,5033190.90000000
1774101600000,0.30910000,0.30910000,0.30800000,0.30840000,4354558.70000000
1774105200000,0.30840000,0.30930000,0.30810000,0.30910000,3767473.00000000
1774108800000,0.30920000,0.30960000,0.30850000,0.30920000,2980138.20000000
1774112400000,0.30910000,0.31160000,0.30890000,0.31160000,6560735.40000000
1774116000000,0.31160000,0.31160000,0.31060000,0.31080000,2523246.90000000
1774119600000,0.31080000,0.31120000,0.31030000,0.31060000,2709316.00000000
1774123200000,0.31060000,0.31130000,0.31040000,0.31060000,1884762.30000000
1774126800000,0.31060000,0.31130000,0.31050000,0.31100000,1646489.10000000
1774130400000,0.31090000,0.31220000,0.31080000,0.31220000,2673687.30000000
1774134000000,0.31210000,0.31340000,0.31130000,0.31210000,8868418.50000000
1774137600000,0.31200000,0.31250000,0.31050000,0.31100000,10457664.90000000
1774141200000,0.31100000,0.31150000,0.31040000,0.31100000,4521139.10000000
1774144800000,0.31100000,0.31100000,0.30860000,0.30890000,8528116.90000000
1774148400000,0.30890000,0.30920000,0.30800000,0.30900000,5331974.40000000
1774152000000,0.30890000,0.30940000,0.30810000,0.30840000,3346706.80000000
1774155600000,0.30830000,0.30920000,0.30810000,0.30870000,2247186.50000000
1774159200000,0.30870000,0.31020000,0.30830000,0.31020000,3803396.80000000
1774162800000,0.31010000,0.31040000,0.30850000,0.30860000,4511197.20000000
1774166400000,0.30870000,0.30950000,0.30860000,0.30910000,3769235.00000000
1774170000000,0.30900000,0.31020000,0.30890000,0.30990000,4142173.90000000
1774173600000,0.30980000,0.31010000,0.30920000,0.31000000,2870284.00000000
1774177200000,0.30990000,0.31140000,0.30990000,0.31060000,7261594.00000000
1774180800000,0.31070000,0.31360000,0.31050000,0.31310000,10942650.40000000
1774184400000,0.31310000,0.31420000,0.31250000,0.31340000,8261601.90000000
1774188000000,0.31340000,0.31510000,0.31300000,0.31400000,11618865.20000000
1774191600000,0.31400000,0.31490000,0.31390000,0.31490000,3233986.20000000
1774195200000,0.31490000,0.31740000,0.31480000,0.31700000,8774241.90000000
1774198800000,0.31700000,0.31790000,0.31670000,0.31780000,8169166.30000000
1774202400000,0.31780000,0.31840000,0.31710000,0.31800000,6051989.00000000
1774206000000,0.31790000,0.31850000,0.31770000,0.31800000,3741915.10000000
1774209600000,0.31790000,0.31900000,0.31770000,0.31780000,3812096.90000000
1774213200000,0.31780000,0.31810000,0.31370000,0.31380000,15893115.20000000
1774216800000,0.31390000,0.31450000,0.31140000,0.31170000,12246335.90000000
1774220400000,0.31170000,0.31190000,0.31020000,0.31040000,4921530.50000000
1774224000000,0.31030000,0.31130000,0.30960000,0.31050000,7629510.40000000
1774227600000,0.31040000,0.31200000,0.31030000,0.31050000,5380715.60000000
1774231200000,0.31040000,0.31040000,0.30910000,0.30950000,5911889.00000000
1774234800000,0.30960000,0.31000000,0.30840000,0.30900000,4070786.20000000
1774238400000,0.30890000,0.30930000,0.30840000,0.30920000,1769424.40000000
1774242000000,0.30930000,0.30940000,0.30800000,0.30850000,4004793.80000000
1774245600000,0.30860000,0.30890000,0.30670000,0.30680000,5292043.40000000
1774249200000,0.30680000,0.30810000,0.30580000,0.30800000,7645372.40000000
1774252800000,0.30790000,0.30860000,0.30730000,0.30760000,4992421.00000000
1774256400000,0.30760000,0.30760000,0.30630000,0.30720000,5454639.50000000
1774260000000,0.30720000,0.30790000,0.30680000,0.30710000,3139575.50000000
1774263600000,0.30700000,0.31060000,0.30690000,0.30830000,27867040.00000000
1774267200000,0.30830000,0.30940000,0.30800000,0.30910000,7234266.40000000
1774270800000,0.30910000,0.31080000,0.30860000,0.31080000,8499112.40000000
1774274400000,0.31070000,0.31080000,0.30580000,0.30800000,13343160.40000000
1774278000000,0.30800000,0.30800000,0.30490000,0.30560000,12399376.00000000
1774281600000,0.30560000,0.30680000,0.30560000,0.30590000,5117343.50000000
1774285200000,0.30590000,0.30610000,0.30490000,0.30490000,4770443.50000000
1774288800000,0.30490000,0.30540000,0.30340000,0.30410000,8737602.00000000
1774292400000,0.30410000,0.30550000,0.30390000,0.30460000,4306369.50000000
1774296000000,0.30460000,0.30460000,0.30400000,0.30420000,2215894.40000000
1774299600000,0.30420000,0.30570000,0.30380000,0.30520000,4969668.90000000
1774303200000,0.30520000,0.30630000,0.30460000,0.30620000,4041886.70000000
1774306800000,0.30620000,0.30820000,0.30540000,0.30810000,8653719.60000000
1774310400000,0.30800000,0.30890000,0.30690000,0.30870000,7738998.10000000
1774314000000,0.30870000,0.30940000,0.30840000,0.30840000,4611469.80000000
1774317600000,0.30840000,0.30960000,0.30820000,0.30880000,4750584.50000000
1774321200000,0.30870000,0.31040000,0.30860000,0.31010000,4346676.20000000
1774324800000,0.31010000,0.31050000,0.30930000,0.31030000,4508152.10000000
1774328400000,0.31040000,0.31090000,0.30980000,0.31030000,5157707.70000000
1774332000000,0.31030000,0.31090000,0.31020000,0.31070000,2607203.40000000
1774335600000,0.31070000,0.31080000,0.31010000,0.31020000,3319564.50000000
1774339200000,0.31030000,0.31060000,0.30940000,0.30990000,3845075.40000000
1774342800000,0.30990000,0.31000000,0.30820000,0.30930000,8532134.90000000
1774346400000,0.30930000,0.31030000,0.30900000,0.31030000,3321580.60000000
1774350000000,0.31020000,0.31150000,0.31020000,0.31050000,6310507.70000000
1774353600000,0.31050000,0.31210000,0.31030000,0.31120000,4479732.70000000
1774357200000,0.31120000,0.31140000,0.30960000,0.31030000,9984191.70000000
1774360800000,0.31030000,0.31110000,0.30880000,0.30970000,8801388.60000000
1774364400000,0.30970000,0.31050000,0.30930000,0.31030000,5025439.40000000
1774368000000,0.31030000,0.31060000,0.30930000,0.31030000,3622127.10000000
1774371600000,0.31030000,0.31100000,0.30960000,0.31030000,5023748.90000000
1774375200000,0.31030000,0.31070000,0.31000000,0.31030000,3155863.60000000
1774378800000,0.31030000,0.31050000,0.30870000,0.30880000,5119594.10000000
1774382400000,0.30880000,0.31000000,0.30860000,0.30870000,3950426.90000000
1774386000000,0.30860000,0.30900000,0.30710000,0.30810000,6619972.40000000
1774389600000,0.30810000,0.30840000,0.30760000,0.30770000,2129977.10000000
1774393200000,0.30770000,0.30770000,0.30600000,0.30610000,7860542.50000000
1774396800000,0.30600000,0.30670000,0.30550000,0.30610000,5782920.00000000
1774400400000,0.30620000,0.30760000,0.30610000,0.30750000,3623304.70000000
1774404000000,0.30750000,0.30780000,0.30690000,0.30720000,2262486.80000000
1774407600000,0.30720000,0.30760000,0.30660000,0.30750000,3475552.10000000
1774411200000,0.30750000,0.30750000,0.30680000,0.30690000,2496127.20000000
1774414800000,0.30690000,0.30760000,0.30670000,0.30760000,2031625.20000000
1774418400000,0.30760000,0.30790000,0.30730000,0.30730000,1887227.20000000
1774422000000,0.30740000,0.30790000,0.30730000,0.30790000,2158571.50000000
1774425600000,0.30790000,0.30850000,0.30780000,0.30810000,3341058.00000000
1774429200000,0.30800000,0.30910000,0.30800000,0.30910000,3629342.00000000
1774432800000,0.30910000,0.30990000,0.30900000,0.30940000,4685572.90000000
1774436400000,0.30940000,0.31000000,0.30930000,0.30990000,2725440.10000000
1774440000000,0.30990000,0.31080000,0.30940000,0.30960000,6366079.10000000
1774443600000,0.30960000,0.31020000,0.30950000,0.31010000,2802600.20000000
1774447200000,0.31010000,0.31100000,0.30970000,0.31090000,3066250.30000000
1774450800000,0.31090000,0.31140000,0.31050000,0.31140000,3006053.00000000
1774454400000,0.31140000,0.31290000,0.31130000,0.31280000,8995176.60000000
1774458000000,0.31290000,0.31450000,0.31270000,0.31380000,5783402.60000000
1774461600000,0.31380000,0.31410000,0.31240000,0.31400000,6040471.80000000
1774465200000,0.31390000,0.31500000,0.31390000,0.31480000,3788507.90000000
1774468800000,0.31480000,0.31540000,0.31460000,0.31540000,3215638.80000000
1774472400000,0.31540000,0.31590000,0.31390000,0.31460000,10765052.00000000
1774476000000,0.31470000,0.31640000,0.31470000,0.31640000,6305919.00000000
1774479600000,0.31630000,0.31660000,0.31420000,0.31460000,6961882.90000000
1774483200000,0.31450000,0.31480000,0.31300000,0.31340000,8097337.10000000
1774486800000,0.31340000,0.31450000,0.31330000,0.31430000,3618695.10000000
1774490400000,0.31430000,0.31440000,0.31360000,0.31400000,1919203.50000000
1774494000000,0.31410000,0.31470000,0.31350000,0.31470000,3805976.60000000
1774497600000,0.31460000,0.31580000,0.31460000,0.31570000,4096049.00000000
1774501200000,0.31560000,0.31620000,0.31450000,0.31460000,6338195.50000000
1774504800000,0.31450000,0.31500000,0.31440000,0.31500000,2535622.40000000
1774508400000,0.31490000,0.31510000,0.31450000,0.31460000,3019862.50000000
1774512000000,0.31460000,0.31520000,0.31450000,0.31510000,3576686.20000000
1774515600000,0.31510000,0.31520000,0.31240000,0.31260000,9732068.40000000
1774519200000,0.31250000,0.31250000,0.31060000,0.31120000,11391181.00000000
1774522800000,0.31120000,0.31210000,0.31070000,0.31200000,5439185.30000000
1774526400000,0.31200000,0.31300000,0.31080000,0.31150000,10569320.90000000
1774530000000,0.31160000,0.31160000,0.31070000,0.31150000,5516713.20000000
1774533600000,0.31150000,0.31200000,0.31020000,0.31110000,10405474.10000000
1774537200000,0.31110000,0.31140000,0.31060000,0.31110000,4030563.00000000
1774540800000,0.31110000,0.31150000,0.31090000,0.31150000,2255425.60000000
1774544400000,0.31150000,0.31160000,0.30990000,0.31080000,5277369.70000000
1774548000000,0.31070000,0.31100000,0.31040000,0.31060000,2391178.10000000
1774551600000,0.31060000,0.31070000,0.30920000,0.30940000,5560912.10000000
1774555200000,0.30930000,0.31000000,0.30900000,0.30980000,6281351.50000000
1774558800000,0.30970000,0.31140000,0.30960000,0.31100000,6069820.90000000
1774562400000,0.31110000,0.31170000,0.31090000,0.31160000,2443740.00000000
1774566000000,0.31170000,0.31170000,0.31120000,0.31150000,2199451.10000000
1774569600000,0.31150000,0.31180000,0.31100000,0.31110000,2707740.50000000
1774573200000,0.31120000,0.31150000,0.31060000,0.31100000,2982358.80000000
1774576800000,0.31090000,0.31110000,0.31060000,0.31070000,2360856.90000000
1774580400000,0.31070000,0.31130000,0.31050000,0.31100000,2552865.40000000
1774584000000,0.31100000,0.31420000,0.31070000,0.31410000,11601776.40000000
1774587600000,0.31410000,0.31540000,0.31390000,0.31470000,9787624.10000000
1774591200000,0.31470000,0.31540000,0.31400000,0.31510000,5735805.50000000
1774594800000,0.31510000,0.31700000,0.31480000,0.31650000,5514605.30000000
1774598400000,0.31650000,0.31730000,0.31570000,0.31590000,11590166.10000000
1774602000000,0.31590000,0.31590000,0.31310000,0.31380000,11227351.40000000
1774605600000,0.31380000,0.31520000,0.31200000,0.31210000,19641619.70000000
1774609200000,0.31220000,0.31220000,0.31080000,0.31090000,10511759.60000000
1774612800000,0.31090000,0.31250000,0.31080000,0.31240000,6783263.10000000
1774616400000,0.31230000,0.31300000,0.31030000,0.31030000,13905222.30000000
1774620000000,0.31030000,0.31040000,0.30800000,0.30840000,12618416.10000000
1774623600000,0.30840000,0.31050000,0.30780000,0.30910000,11886066.00000000
1774627200000,0.30910000,0.30920000,0.30810000,0.30850000,6457979.30000000
1774630800000,0.30840000,0.31000000,0.30830000,0.30890000,3713564.50000000
1774634400000,0.30890000,0.31010000,0.30880000,0.30950000,6536797.50000000
1774638000000,0.30950000,0.31090000,0.30890000,0.31030000,7436310.40000000
1774641600000,0.31040000,0.31140000,0.30990000,0.31140000,4678532.90000000
1774645200000,0.31130000,0.31190000,0.31040000,0.31060000,4011511.80000000
1774648800000,0.31050000,0.31130000,0.31020000,0.31040000,3012364.80000000
1774652400000,0.31040000,0.31130000,0.30990000,0.31130000,3646363.00000000
1774656000000,0.31130000,0.31140000,0.31020000,0.31030000,3699606.20000000
1774659600000,0.31040000,0.31060000,0.30980000,0.31010000,2956893.10000000
1774663200000,0.31010000,0.31080000,0.31000000,0.31030000,2368263.30000000
1774666800000,0.31030000,0.31130000,0.31020000,0.31030000,3124237.10000000
1774670400000,0.31020000,0.31110000,0.30990000,0.31050000,3352674.30000000
1774674000000,0.31040000,0.31070000,0.31010000,0.31060000,1334132.90000000
1774677600000,0.31050000,0.31190000,0.31030000,0.31140000,6928782.80000000
1774681200000,0.31140000,0.31180000,0.31130000,0.31150000,3276831.10000000
1774684800000,0.31160000,0.31270000,0.31160000,0.31180000,3983436.20000000
1774688400000,0.31190000,0.31260000,0.31140000,0.31160000,4219560.30000000
1774692000000,0.31150000,0.31200000,0.31070000,0.31120000,4065134.60000000
1774695600000,0.31130000,0.31450000,0.31120000,0.31450000,5749436.80000000
1774699200000,0.31450000,0.31610000,0.31390000,0.31470000,8950072.80000000
1774702800000,0.31480000,0.31680000,0.31460000,0.31660000,9628271.30000000
1774706400000,0.31670000,0.31720000,0.31570000,0.31630000,8685296.50000000
1774710000000,0.31630000,0.31670000,0.31490000,0.31550000,5461345.20000000
1774713600000,0.31550000,0.31720000,0.31540000,0.31610000,7712511.70000000
1774717200000,0.31610000,0.31770000,0.31600000,0.31700000,3981830.10000000
1774720800000,0.31700000,0.31840000,0.31700000,0.31820000,4839135.30000000
1774724400000,0.31830000,0.31850000,0.31750000,0.31820000,2478667.20000000
1774728000000,0.31820000,0.31840000,0.31640000,0.31700000,6230301.80000000
1774731600000,0.31700000,0.31710000,0.31630000,0.31690000,2829196.80000000
1774735200000,0.31700000,0.31720000,0.31620000,0.31660000,3324905.40000000
1774738800000,0.31660000,0.31690000,0.31610000,0.31670000,2147812.30000000
1774742400000,0.31660000,0.31750000,0.31590000,0.31620000,4572955.70000000
1774746000000,0.31620000,0.31750000,0.31580000,0.31630000,4932645.30000000
1774749600000,0.31630000,0.31660000,0.31560000,0.31580000,2261912.50000000
1774753200000,0.31580000,0.31610000,0.31530000,0.31530000,2321145.20000000
1774756800000,0.31540000,0.31550000,0.31490000,0.31520000,1650652.50000000
1774760400000,0.31520000,0.31650000,0.31490000,0.31630000,2112749.70000000
1774764000000,0.31630000,0.31680000,0.31520000,0.31530000,3563988.70000000
1774767600000,0.31530000,0.31830000,0.31500000,0.31780000,5406751.90000000
1774771200000,0.31780000,0.31980000,0.31760000,0.31950000,7322576.20000000
1774774800000,0.31950000,0.32030000,0.31910000,0.32000000,6029266.70000000
1774778400000,0.32000000,0.32010000,0.31790000,0.31870000,7959432.50000000
1774782000000,0.31860000,0.31960000,0.31860000,0.31960000,4579606.30000000
1774785600000,0.31960000,0.31990000,0.31910000,0.31960000,4454265.60000000
1774789200000,0.31960000,0.31990000,0.31820000,0.31850000,6307195.50000000
1774792800000,0.31850000,0.32000000,0.31840000,0.31910000,4035549.20000000
1774796400000,0.31910000,0.31920000,0.31790000,0.31800000,3470405.40000000
1774800000000,0.31800000,0.31830000,0.31780000,0.31820000,2661455.80000000
1774803600000,0.31810000,0.31940000,0.31790000,0.31870000,6779685.70000000
1774807200000,0.31860000,0.31960000,0.31840000,0.31960000,2721623.10000000
1774810800000,0.31960000,0.32030000,0.31950000,0.32030000,2702464.40000000
1774814400000,0.32030000,0.32400000,0.32020000,0.32360000,22530783.00000000
1774818000000,0.32350000,0.32380000,0.32290000,0.32340000,3744176.40000000
1774821600000,0.32330000,0.32460000,0.32170000,0.32240000,15313650.40000000
1774825200000,0.32250000,0.32340000,0.32150000,0.32200000,8099797.30000000
1774828800000,0.32190000,0.32250000,0.32030000,0.32050000,9081714.70000000
1774832400000,0.32050000,0.32270000,0.32040000,0.32250000,9739609.50000000
1774836000000,0.32260000,0.32300000,0.32170000,0.32280000,4504325.40000000
1774839600000,0.32270000,0.32310000,0.32240000,0.32310000,3733293.20000000
1774843200000,0.32310000,0.32350000,0.32130000,0.32170000,6450246.00000000
1774846800000,0.32160000,0.32360000,0.32150000,0.32330000,11871019.90000000
1774850400000,0.32320000,0.32340000,0.32210000,0.32220000,4614076.40000000
1774854000000,0.32210000,0.32290000,0.32210000,0.32250000,2429467.00000000
1774857600000,0.32260000,0.32280000,0.32150000,0.32160000,3473505.70000000
1774861200000,0.32160000,0.32300000,0.32150000,0.32300000,3976990.20000000
1774864800000,0.32290000,0.32410000,0.32290000,0.32380000,4546013.80000000
1774868400000,0.32380000,0.32410000,0.32300000,0.32390000,6524394.70000000
1774872000000,0.32400000,0.32440000,0.31830000,0.31850000,18275191.70000000
1774875600000,0.31840000,0.31940000,0.31720000,0.31900000,14251120.60000000
1774879200000,0.31910000,0.31910000,0.31660000,0.31730000,7673622.90000000
1774882800000,0.31720000,0.31830000,0.31700000,0.31810000,4351845.70000000
1774886400000,0.31810000,0.31910000,0.31720000,0.31900000,5622524.20000000
1774890000000,0.31910000,0.31970000,0.31830000,0.31950000,7420751.60000000
1774893600000,0.31950000,0.32140000,0.31920000,0.32080000,10262280.40000000
1774897200000,0.32080000,0.32100000,0.31910000,0.32040000,8527987.00000000
1774900800000,0.32050000,0.32060000,0.31930000,0.32000000,4931788.60000000
1774904400000,0.32000000,0.32060000,0.31980000,0.31990000,2912352.60000000
1774908000000,0.31990000,0.32060000,0.31980000,0.32030000,1937397.90000000
1774911600000,0.32030000,0.32030000,0.31930000,0.32000000,2431477.70000000
1774915200000,0.32000000,0.32020000,0.31880000,0.31940000,4467503.70000000
1774918800000,0.31950000,0.32030000,0.31900000,0.32000000,4115044.80000000
1774922400000,0.32000000,0.32040000,0.31900000,0.31910000,3645932.30000000
1774926000000,0.31900000,0.31950000,0.31850000,0.31890000,3090226.10000000
1774929600000,0.31880000,0.32030000,0.31880000,0.32030000,3848659.50000000
1774933200000,0.32030000,0.32140000,0.32010000,0.32070000,3846862.90000000
1774936800000,0.32070000,0.32140000,0.32030000,0.32120000,3682662.10000000
1774940400000,0.32120000,0.32170000,0.32100000,0.32110000,3315716.70000000
1774944000000,0.32110000,0.32110000,0.31850000,0.31940000,8951171.30000000
1774947600000,0.31940000,0.31940000,0.31790000,0.31870000,3735964.40000000
1774951200000,0.31870000,0.31910000,0.31700000,0.31710000,6106765.00000000
1774954800000,0.31710000,0.31710000,0.31520000,0.31530000,14467229.10000000
1774958400000,0.31530000,0.31620000,0.31460000,0.31600000,6656807.20000000
1774962000000,0.31610000,0.31610000,0.31490000,0.31530000,3665784.80000000
1774965600000,0.31530000,0.31540000,0.31250000,0.31310000,11456806.90000000
1774969200000,0.31310000,0.31310000,0.31180000,0.31210000,7257426.70000000
1774972800000,0.31210000,0.31210000,0.31100000,0.31150000,8778539.30000000
1774976400000,0.31150000,0.31400000,0.31140000,0.31290000,17262848.30000000
1774980000000,0.31290000,0.31320000,0.31270000,0.31290000,3630905.90000000
1774983600000,0.31290000,0.31330000,0.31260000,0.31300000,3937304.80000000
1774987200000,0.31300000,0.31360000,0.31280000,0.31330000,3085061.70000000
1774990800000,0.31340000,0.31400000,0.31320000,0.31320000,5243970.10000000
1774994400000,0.31320000,0.31390000,0.31290000,0.31350000,5825416.70000000
1774998000000,0.31350000,0.31410000,0.31320000,0.31330000,5188275.50000000
1775001600000,0.31330000,0.31420000,0.31310000,0.31390000,6108517.40000000
1775005200000,0.31400000,0.31460000,0.31380000,0.31430000,5285857.40000000
1775008800000,0.31430000,0.31480000,0.31420000,0.31460000,2568276.80000000
1775012400000,0.31470000,0.31630000,0.31470000,0.31630000,14950501.00000000
1775016000000,0.31630000,0.31670000,0.31590000,0.31640000,6197083.10000000
1775019600000,0.31640000,0.31650000,0.31590000,0.31600000,2526495.00000000
1775023200000,0.31590000,0.31670000,0.31510000,0.31570000,10668062.90000000
1775026800000,0.31570000,0.31590000,0.31500000,0.31570000,5081927.70000000
1775030400000,0.31560000,0.31620000,0.31490000,0.31540000,8039777.10000000
1775034000000,0.31540000,0.31570000,0.31500000,0.31520000,3277380.40000000
1775037600000,0.31510000,0.31610000,0.31490000,0.31600000,6268491.70000000
1775041200000,0.31600000,0.31610000,0.31560000,0.31570000,2598712.50000000
1775044800000,0.31570000,0.31610000,0.31520000,0.31550000,5418443.10000000
1775048400000,0.31550000,0.31590000,0.31500000,0.31540000,8668398.40000000
1775052000000,0.31540000,0.31590000,0.31510000,0.31590000,4022791.50000000
1775055600000,0.31590000,0.31600000,0.31500000,0.31540000,4143870.90000000
1775059200000,0.31540000,0.31590000,0.31520000,0.31560000,3339932.90000000
1775062800000,0.31560000,0.31580000,0.31460000,0.31510000,8414929.60000000
1775066400000,0.31510000,0.31630000,0.31470000,0.31610000,9483694.30000000
1775070000000,0.31600000,0.31620000,0.31540000,0.31570000,4119769.80000000
1775073600000,0.31580000,0.31610000,0.31520000,0.31600000,2691214.40000000
1775077200000,0.31600000,0.31620000,0.31540000,0.31580000,3533061.50000000
1775080800000,0.31580000,0.31630000,0.31530000,0.31600000,3306753.80000000
1775084400000,0.31600000,0.31620000,0.31550000,0.31560000,2912534.20000000
1775088000000,0.31560000,0.31620000,0.31530000,0.31610000,4468268.30000000
1775091600000,0.31610000,0.31630000,0.31530000,0.31580000,8590058.10000000
1775095200000,0.31580000,0.31600000,0.31490000,0.31510000,7069723.20000000
1775098800000,0.31500000,0.31520000,0.31460000,0.31470000,3426739.50000000
1775102400000,0.31470000,0.31500000,0.31440000,0.31450000,3308310.50000000
1775106000000,0.31440000,0.31540000,0.31440000,0.31540000,4241229.20000000
1775109600000,0.31540000,0.31580000,0.31520000,0.31560000,3811837.20000000
1775113200000,0.31560000,0.31580000,0.31540000,0.31570000,2703990.10000000
1775116800000,0.31570000,0.31610000,0.31530000,0.31540000,3866464.40000000
1775120400000,0.31530000,0.31550000,0.31510000,0.31540000,2268862.90000000
1775124000000,0.31540000,0.31620000,0.31520000,0.31590000,3512189.60000000
1775127600000,0.31590000,0.31600000,0.31540000,0.31580000,2889767.20000000
1775131200000,0.31570000,0.31640000,0.31570000,0.31610000,4209071.50000000
1775134800000,0.31620000,0.31660000,0.31590000,0.31610000,5176591.20000000
1775138400000,0.31610000,0.31640000,0.31530000,0.31540000,9535370.90000000
1775142000000,0.31540000,0.31550000,0.31480000,0.31500000,8173119.90000000
1775145600000,0.31490000,0.31530000,0.31470000,0.31520000,3209807.10000000
1775149200000,0.31520000,0.31520000,0.31300000,0.31420000,9640588.20000000
1775152800000,0.31410000,0.31510000,0.31400000,0.31500000,4213425.20000000
1775156400000,0.31500000,0.31530000,0.31470000,0.31530000,3437730.40000000
1775160000000,0.31530000,0.31540000,0.31490000,0.31510000,2394072.30000000
1775163600000,0.31510000,0.31540000,0.31480000,0.31530000,2670138.50000000
1775167200000,0.31540000,0.31540000,0.31490000,0.31510000,2099282.00000000
1775170800000,0.31510000,0.31550000,0.31500000,0.31520000,1607617.80000000
1775174400000,0.31530000,0.31540000,0.31500000,0.31530000,1404368.80000000
1775178000000,0.31530000,0.31540000,0.31490000,0.31490000,1480938.60000000
1775181600000,0.31500000,0.31500000,0.31450000,0.31480000,3238163.50000000
1775185200000,0.31480000,0.31520000,0.31450000,0.31450000,2240411.60000000
1775188800000,0.31460000,0.31480000,0.31440000,0.31460000,1492701.80000000
1775192400000,0.31460000,0.31530000,0.31460000,0.31520000,3228126.30000000
1775196000000,0.31520000,0.31550000,0.31510000,0.31540000,2240162.90000000
1775199600000,0.31530000,0.31540000,0.31470000,0.31470000,2492953.20000000
1775203200000,0.31470000,0.31510000,0.31450000,0.31470000,3425231.20000000
1775206800000,0.31480000,0.31490000,0.31280000,0.31350000,12848039.10000000
1775210400000,0.31340000,0.31390000,0.31320000,0.31390000,3213862.10000000
1775214000000,0.31390000,0.31400000,0.31320000,0.31340000,3550782.40000000
1775217600000,0.31340000,0.31400000,0.31340000,0.31400000,3960486.20000000
1775221200000,0.31400000,0.31420000,0.31360000,0.31380000,3379751.10000000
1775224800000,0.31390000,0.31420000,0.31350000,0.31420000,4928584.50000000
1775228400000,0.31420000,0.31440000,0.31390000,0.31420000,3196310.20000000
1775232000000,0.31420000,0.31490000,0.31420000,0.31450000,5450084.30000000
1775235600000,0.31440000,0.31490000,0.31410000,0.31490000,4464060.10000000
1775239200000,0.31480000,0.31500000,0.31440000,0.31450000,2272357.00000000
1775242800000,0.31440000,0.31480000,0.31440000,0.31480000,1424523.70000000
1775246400000,0.31480000,0.31480000,0.31440000,0.31470000,1016526.40000000
1775250000000,0.31480000,0.31510000,0.31460000,0.31490000,4275129.60000000
1775253600000,0.31490000,0.31540000,0.31470000,0.31540000,3401312.30000000
1775257200000,0.31530000,0.31540000,0.31500000,0.31510000,1643908.50000000
1775260800000,0.31510000,0.31570000,0.31510000,0.31570000,3961707.10000000
1775264400000,0.31570000,0.31610000,0.31550000,0.31570000,3480635.50000000
1775268000000,0.31570000,0.31570000,0.31500000,0.31520000,2616646.40000000
1775271600000,0.31530000,0.31550000,0.31520000,0.31550000,738302.60000000
1775275200000,0.31550000,0.31570000,0.31530000,0.31570000,1208975.10000000
1775278800000,0.31570000,0.31580000,0.31530000,0.31570000,1110654.10000000
1775282400000,0.31570000,0.31590000,0.31560000,0.31580000,1927840.70000000
1775286000000,0.31570000,0.31620000,0.31560000,0.31620000,2855650.90000000
1775289600000,0.31620000,0.31750000,0.31610000,0.31730000,9232049.40000000
1775293200000,0.31730000,0.31800000,0.31720000,0.31740000,7546737.40000000
1775296800000,0.31740000,0.31790000,0.31720000,0.31770000,2466881.80000000
1775300400000,0.31770000,0.31790000,0.31620000,0.31710000,9279892.90000000
1775304000000,0.31710000,0.31730000,0.31680000,0.31700000,3409075.30000000
1775307600000,0.31700000,0.31730000,0.31690000,0.31730000,2309352.00000000
1775311200000,0.31730000,0.31740000,0.31690000,0.31720000,2415078.00000000
1775314800000,0.31710000,0.31730000,0.31640000,0.31690000,3769012.20000000
1775318400000,0.31680000,0.31750000,0.31680000,0.31730000,4222744.20000000
1775322000000,0.31740000,0.31770000,0.31700000,0.31730000,3821272.20000000
1775325600000,0.31720000,0.31770000,0.31710000,0.31760000,1840526.40000000
1775329200000,0.31760000,0.31780000,0.31750000,0.31760000,1933347.40000000
1775332800000,0.31760000,0.31790000,0.31760000,0.31780000,2108667.00000000
1775336400000,0.31780000,0.31790000,0.31760000,0.31770000,1574873.40000000
1775340000000,0.31780000,0.31800000,0.31760000,0.31790000,865184.90000000
1775343600000,0.31780000,0.31790000,0.31750000,0.31760000,901695.50000000
1775347200000,0.31760000,0.31760000,0.31710000,0.31730000,2833117.20000000
1775350800000,0.31740000,0.31750000,0.31710000,0.31730000,1168781.20000000
1775354400000,0.31740000,0.31790000,0.31720000,0.31780000,1087410.50000000
1775358000000,0.31790000,0.31800000,0.31750000,0.31800000,1715710.80000000
1775361600000,0.31800000,0.31810000,0.31780000,0.31790000,1470069.70000000
1775365200000,0.31800000,0.31800000,0.31740000,0.31760000,1524353.00000000
1775368800000,0.31750000,0.31800000,0.31740000,0.31800000,2185843.40000000
1775372400000,0.31800000,0.31800000,0.31760000,0.31790000,1096452.40000000
1775376000000,0.31790000,0.31810000,0.31780000,0.31790000,1574516.50000000
1775379600000,0.31800000,0.31800000,0.31740000,0.31760000,2618577.00000000
1775383200000,0.31760000,0.31780000,0.31740000,0.31770000,1659994.20000000
1775386800000,0.31760000,0.31830000,0.31750000,0.31820000,3973257.10000000
1775390400000,0.31820000,0.31930000,0.31810000,0.31880000,14878902.10000000
1775394000000,0.31880000,0.31930000,0.31870000,0.31930000,3477126.10000000
1775397600000,0.31930000,0.31950000,0.31880000,0.31890000,4862325.80000000
1775401200000,0.31900000,0.31920000,0.31850000,0.31880000,3787060.10000000
1775404800000,0.31880000,0.31940000,0.31870000,0.31930000,4332212.50000000
1775408400000,0.31940000,0.31960000,0.31910000,0.31950000,3924350.90000000
1775412000000,0.31940000,0.31970000,0.31920000,0.31940000,2599239.90000000
1775415600000,0.31930000,0.31960000,0.31910000,0.31920000,2088392.00000000
1775419200000,0.31910000,0.31950000,0.31860000,0.31870000,5784463.50000000
1775422800000,0.31870000,0.31910000,0.31850000,0.31910000,2182220.70000000
1775426400000,0.31900000,0.31940000,0.31890000,0.31930000,2347636.50000000
1775430000000,0.31930000,0.31940000,0.31880000,0.31890000,3415158.10000000
1775433600000,0.31890000,0.31950000,0.31880000,0.31900000,4125015.60000000
1775437200000,0.31890000,0.31940000,0.31890000,0.31930000,1363378.00000000
1775440800000,0.31930000,0.31940000,0.31810000,0.31820000,7788251.20000000
1775444400000,0.31820000,0.31880000,0.31810000,0.31820000,5427280.40000000
1775448000000,0.31830000,0.31860000,0.31760000,0.31770000,5024514.80000000
1775451600000,0.31760000,0.31800000,0.31750000,0.31800000,2208723.30000000
1775455200000,0.31790000,0.31790000,0.31730000,0.31780000,2735490.20000000
1775458800000,0.31780000,0.31780000,0.31750000,0.31780000,1198128.30000000
1775462400000,0.31780000,0.31780000,0.31740000,0.31750000,1734385.00000000
1775466000000,0.31750000,0.31790000,0.31710000,0.31710000,4712198.60000000
1775469600000,0.31720000,0.31750000,0.31690000,0.31720000,4867699.70000000
1775473200000,0.31710000,0.31840000,0.31700000,0.31840000,9758020.30000000
1775476800000,0.31840000,0.31860000,0.31800000,0.31840000,4764228.50000000
1775480400000,0.31840000,0.31860000,0.31770000,0.31800000,4309024.50000000
1775484000000,0.31800000,0.31800000,0.31770000,0.31790000,2490818.30000000
1775487600000,0.31790000,0.31790000,0.31740000,0.31780000,4303616.60000000
1775491200000,0.31770000,0.31780000,0.31650000,0.31660000,7232920.40000000
1775494800000,0.31660000,0.31670000,0.31630000,0.31660000,3232321.60000000
1775498400000,0.31660000,0.31660000,0.31590000,0.31600000,3874251.80000000
1775502000000,0.31590000,0.31630000,0.31580000,0.31610000,2609030.00000000
1775505600000,0.31610000,0.31620000,0.31570000,0.31590000,2773041.30000000
1775509200000,0.31580000,0.31600000,0.31550000,0.31600000,3731457.90000000
1775512800000,0.31600000,0.31660000,0.31590000,0.31630000,5836489.50000000
1775516400000,0.31620000,0.31710000,0.31570000,0.31650000,7408281.70000000
1775520000000,0.31650000,0.31690000,0.31620000,0.31630000,2452370.80000000
1775523600000,0.31620000,0.31670000,0.31620000,0.31640000,1720785.80000000
1775527200000,0.31640000,0.31660000,0.31620000,0.31660000,1022967.70000000
1775530800000,0.31660000,0.31670000,0.31600000,0.31620000,2531647.40000000
1775534400000,0.31620000,0.31650000,0.31600000,0.31630000,1251859.10000000
1775538000000,0.31630000,0.31660000,0.31620000,0.31650000,1627086.10000000
1775541600000,0.31650000,0.31670000,0.31590000,0.31650000,3329477.80000000
1775545200000,0.31650000,0.31670000,0.31610000,0.31620000,2084490.70000000
1775548800000,0.31630000,0.31650000,0.31610000,0.31620000,2170448.40000000
1775552400000,0.31620000,0.31620000,0.31510000,0.31530000,9752760.60000000
1775556000000,0.31530000,0.31540000,0.31440000,0.31490000,5305188.30000000
1775559600000,0.31490000,0.31490000,0.31400000,0.31450000,4156270.50000000
1775563200000,0.31440000,0.31460000,0.31410000,0.31420000,2633865.80000000
1775566800000,0.31420000,0.31440000,0.31360000,0.31410000,4540562.10000000
1775570400000,0.31410000,0.31430000,0.31330000,0.31350000,4259195.80000000
1775574000000,0.31350000,0.31400000,0.31330000,0.31400000,3470441.60000000
1775577600000,0.31400000,0.31430000,0.31350000,0.31410000,2924800.80000000
1775581200000,0.31420000,0.31440000,0.31390000,0.31420000,2899888.70000000
1775584800000,0.31430000,0.31430000,0.31370000,0.31400000,1759070.40000000
1775588400000,0.31400000,0.31430000,0.31390000,0.31410000,2265818.90000000
1775592000000,0.31420000,0.31470000,0.31410000,0.31470000,4249469.20000000
1775595600000,0.31460000,0.31500000,0.31430000,0.31470000,4457951.30000000
1775599200000,0.31480000,0.31550000,0.31470000,0.31550000,7598577.20000000
1775602800000,0.31550000,0.31580000,0.31510000,0.31560000,5879061.70000000
1775606400000,0.31560000,0.31570000,0.31490000,0.31550000,7366192.30000000
1775610000000,0.31540000,0.31550000,0.31480000,0.31480000,2493446.40000000
1775613600000,0.31490000,0.31530000,0.31470000,0.31530000,4936706.90000000
1775617200000,0.31520000,0.31600000,0.31520000,0.31580000,6375061.50000000
1775620800000,0.31590000,0.31660000,0.31570000,0.31640000,8682666.00000000
1775624400000,0.31640000,0.31660000,0.31620000,0.31630000,2266637.00000000
1775628000000,0.31630000,0.31630000,0.31570000,0.31590000,2944495.70000000
1775631600000,0.31590000,0.31640000,0.31580000,0.31630000,1342297.00000000
1775635200000,0.31620000,0.31640000,0.31570000,0.31610000,5711225.00000000
1775638800000,0.31620000,0.31650000,0.31610000,0.31640000,2433546.30000000
1775642400000,0.31630000,0.31680000,0.31630000,0.31680000,5600300.10000000
1775646000000,0.31680000,0.31780000,0.31670000,0.31780000,11493525.30000000
1775649600000,0.31780000,0.31800000,0.31750000,0.31760000,7017874.50000000
1775653200000,0.31760000,0.31820000,0.31750000,0.31770000,6529148.60000000
1775656800000,0.31770000,0.31820000,0.31730000,0.31750000,6526923.90000000
1775660400000,0.31760000,0.31800000,0.31750000,0.31770000,2622188.10000000
1775664000000,0.31770000,0.31800000,0.31740000,0.31800000,2399233.00000000
1775667600000,0.31800000,0.31830000,0.31790000,0.31810000,4267381.60000000
1775671200000,0.31810000,0.31830000,0.31760000,0.31760000,2778259.90000000
1775674800000,0.31760000,0.31810000,0.31760000,0.31800000,2077031.10000000
1775678400000,0.31800000,0.31810000,0.31770000,0.31780000,1541836.20000000
1775682000000,0.31780000,0.31810000,0.31760000,0.31800000,3215528.20000000
1775685600000,0.31800000,0.31810000,0.31770000,0.31790000,1584474.80000000
1775689200000,0.31790000,0.31810000,0.31760000,0.31800000,1892911.30000000
1775692800000,0.31800000,0.31840000,0.31760000,0.31760000,7278863.10000000
1775696400000,0.31770000,0.31780000,0.31710000,0.31730000,6192692.20000000
1775700000000,0.31720000,0.31760000,0.31670000,0.31690000,5447979.50000000
1775703600000,0.31680000,0.31720000,0.31670000,0.31700000,2693965.60000000
1775707200000,0.31700000,0.31740000,0.31690000,0.31710000,2277473.20000000
1775710800000,0.31720000,0.31750000,0.31700000,0.31720000,2174840.10000000
1775714400000,0.31720000,0.31770000,0.31710000,0.31760000,3857011.40000000
1775718000000,0.31760000,0.31770000,0.31640000,0.31690000,5206196.00000000
1775721600000,0.31690000,0.31710000,0.31670000,0.31680000,2319243.50000000
1775725200000,0.31690000,0.31730000,0.31670000,0.31700000,2458425.80000000
1775728800000,0.31710000,0.31800000,0.31670000,0.31760000,5368578.70000000
1775732400000,0.31760000,0.31790000,0.31740000,0.31770000,2399439.20000000
1775736000000,0.31780000,0.31870000,0.31770000,0.31860000,6157825.60000000
1775739600000,0.31850000,0.31870000,0.31790000,0.31830000,6021277.40000000
1775743200000,0.31830000,0.31880000,0.31820000,0.31870000,3807517.70000000
1775746800000,0.31870000,0.31890000,0.31830000,0.31880000,4516775.10000000
1775750400000,0.31880000,0.31930000,0.31870000,0.31900000,4744892.30000000
1775754000000,0.31910000,0.31930000,0.31900000,0.31900000,6112845.30000000
1775757600000,0.31900000,0.31940000,0.31880000,0.31940000,4915731.20000000
1775761200000,0.31930000,0.31990000,0.31930000,0.31990000,4233443.80000000
1775764800000,0.31990000,0.32050000,0.31980000,0.32040000,5576959.80000000
1775768400000,0.32030000,0.32060000,0.31960000,0.31990000,6213091.80000000
1775772000000,0.31980000,0.32030000,0.31980000,0.32030000,3469724.20000000
1775775600000,0.32020000,0.32040000,0.31990000,0.32030000,2738104.90000000
1775779200000,0.32020000,0.32070000,0.32020000,0.32070000,3641120.60000000
1775782800000,0.32070000,0.32080000,0.32060000,0.32060000,1859199.70000000
1775786400000,0.32070000,0.32080000,0.32000000,0.32010000,2554777.40000000
1775790000000,0.32020000,0.32040000,0.31990000,0.32040000,1512398.40000000
1775793600000,0.32030000,0.32050000,0.31960000,0.31970000,4761825.30000000
1775797200000,0.31970000,0.32000000,0.31930000,0.31940000,4513893.90000000
1775800800000,0.31940000,0.31970000,0.31920000,0.31940000,3581610.60000000
1775804400000,0.31950000,0.31990000,0.31940000,0.31980000,3839223.90000000
1775808000000,0.31990000,0.31990000,0.31930000,0.31950000,5119696.10000000
1775811600000,0.31950000,0.32000000,0.31930000,0.31990000,1978491.90000000
1775815200000,0.31980000,0.31990000,0.31940000,0.31960000,2708128.70000000
1775818800000,0.31960000,0.31960000,0.31930000,0.31940000,2743839.80000000
1775822400000,0.31940000,0.31950000,0.31820000,0.31820000,11205641.70000000
1775826000000,0.31820000,0.31860000,0.31810000,0.31860000,3491065.40000000
1775829600000,0.31860000,0.31870000,0.31810000,0.31810000,5454073.80000000
1775833200000,0.31810000,0.31820000,0.31790000,0.31790000,3595482.10000000
1775836800000,0.31800000,0.31820000,0.31770000,0.31780000,3397409.50000000
1775840400000,0.31780000,0.31840000,0.31760000,0.31830000,4450349.60000000
1775844000000,0.31830000,0.31840000,0.31720000,0.31730000,6001957.00000000
1775847600000,0.31730000,0.31740000,0.31700000,0.31720000,2771014.10000000
1775851200000,0.31720000,0.31790000,0.31710000,0.31790000,3972469.60000000
1775854800000,0.31780000,0.31850000,0.31780000,0.31840000,4658966.60000000
1775858400000,0.31840000,0.31890000,0.31830000,0.31890000,3835393.50000000
1775862000000,0.31890000,0.31920000,0.31890000,0.31920000,2650421.40000000
1775865600000,0.31910000,0.31920000,0.31860000,0.31890000,1757792.30000000
1775869200000,0.31890000,0.31900000,0.31850000,0.31900000,1718275.00000000
1775872800000,0.31900000,0.31910000,0.31870000,0.31880000,2327049.60000000
1775876400000,0.31890000,0.31900000,0.31790000,0.31790000,6383953.50000000
1775880000000,0.31790000,0.31860000,0.31790000,0.31830000,2244927.20000000
1775883600000,0.31840000,0.31880000,0.31810000,0.31880000,2237599.40000000
1775887200000,0.31880000,0.31900000,0.31870000,0.31890000,2222778.30000000
1775890800000,0.31880000,0.31890000,0.31850000,0.31880000,1497101.40000000
1775894400000,0.31870000,0.31880000,0.31830000,0.31850000,1616010.40000000
1775898000000,0.31850000,0.31880000,0.31830000,0.31870000,3310889.90000000
1775901600000,0.31870000,0.31880000,0.31840000,0.31880000,1260593.70000000
1775905200000,0.31870000,0.31890000,0.31740000,0.31790000,15086373.30000000
1775908800000,0.31780000,0.31820000,0.31760000,0.31820000,2599769.60000000
1775912400000,0.31810000,0.31820000,0.31780000,0.31820000,2924964.00000000
1775916000000,0.31820000,0.31850000,0.31810000,0.31840000,3084576.70000000
1775919600000,0.31830000,0.31840000,0.31800000,0.31840000,3353458.20000000
1775923200000,0.31830000,0.31900000,0.31830000,0.31880000,5301704.30000000
1775926800000,0.31880000,0.31940000,0.31880000,0.31930000,4907633.80000000
1775930400000,0.31940000,0.31980000,0.31930000,0.31980000,6354091.00000000
1775934000000,0.31980000,0.31990000,0.31950000,0.31970000,2253876.70000000
1775937600000,0.31980000,0.31990000,0.31960000,0.31960000,1908010.90000000
1775941200000,0.31960000,0.32000000,0.31940000,0.31980000,3384583.90000000
1775944800000,0.31980000,0.31980000,0.31910000,0.31910000,2833763.70000000
1775948400000,0.31920000,0.31920000,0.31870000,0.31890000,4091843.10000000
1775952000000,0.31890000,0.31910000,0.31860000,0.31910000,2130462.60000000
1775955600000,0.31910000,0.31930000,0.31850000,0.31860000,4248374.00000000
1775959200000,0.31850000,0.32010000,0.31840000,0.31990000,6724813.40000000
1775962800000,0.31990000,0.32030000,0.31980000,0.32010000,2669600.70000000
1775966400000,0.32010000,0.32070000,0.32000000,0.32050000,4752426.70000000
1775970000000,0.32050000,0.32060000,0.32010000,0.32040000,1856986.50000000
1775973600000,0.32030000,0.32040000,0.31980000,0.32030000,2605984.60000000
1775977200000,0.32040000,0.32040000,0.31990000,0.32030000,1772749.80000000
1775980800000,0.32020000,0.32080000,0.32010000,0.32080000,4866547.90000000
1775984400000,0.32080000,0.32150000,0.32070000,0.32140000,7647311.60000000
1775988000000,0.32150000,0.32230000,0.32130000,0.32150000,11123396.70000000
1775991600000,0.32140000,0.32180000,0.32130000,0.32170000,2486398.10000000
1775995200000,0.32160000,0.32210000,0.32130000,0.32180000,4907582.80000000
1775998800000,0.32170000,0.32200000,0.32140000,0.32190000,3962585.20000000
1776002400000,0.32180000,0.32230000,0.32180000,0.32200000,3394918.80000000
1776006000000,0.32210000,0.32260000,0.32140000,0.32260000,9577410.20000000
1776009600000,0.32260000,0.32300000,0.32230000,0.32240000,5123909.30000000
1776013200000,0.32230000,0.32240000,0.32160000,0.32190000,6942563.50000000
1776016800000,0.32180000,0.32250000,0.32180000,0.32250000,3524156.70000000
1776020400000,0.32250000,0.32260000,0.32240000,0.32250000,2033328.60000000
1776024000000,0.32260000,0.32280000,0.32230000,0.32260000,2716259.30000000
1776027600000,0.32250000,0.32280000,0.32200000,0.32230000,3663733.70000000
1776031200000,0.32230000,0.32260000,0.32190000,0.32230000,3144813.20000000
1776034800000,0.32230000,0.32240000,0.32130000,0.32130000,6918243.30000000
1776038400000,0.32130000,0.32220000,0.32130000,0.32200000,4554516.80000000
1776042000000,0.32190000,0.32210000,0.32160000,0.32160000,1856829.50000000
1776045600000,0.32170000,0.32170000,0.32050000,0.32060000,6440672.00000000
1776049200000,0.32060000,0.32080000,0.32050000,0.32070000,1752663.50000000
1776052800000,0.32070000,0.32080000,0.32030000,0.32030000,2178017.20000000
1776056400000,0.32030000,0.32060000,0.32010000,0.32060000,1753743.10000000
1776060000000,0.32060000,0.32080000,0.32020000,0.32070000,1410330.60000000
1776063600000,0.32080000,0.32190000,0.32060000,0.32170000,10993317.40000000
1776067200000,0.32160000,0.32230000,0.32160000,0.32230000,6123649.60000000
1776070800000,0.32230000,0.32230000,0.32180000,0.32210000,3697185.90000000
1776074400000,0.32210000,0.32220000,0.32160000,0.32170000,4228019.60000000
1776078000000,0.32180000,0.32190000,0.32150000,0.32170000,1871273.70000000
1776081600000,0.32170000,0.32170000,0.32080000,0.32090000,6440264.10000000
1776085200000,0.32080000,0.32090000,0.32040000,0.32070000,6991931.80000000
1776088800000,0.32060000,0.32080000,0.31970000,0.32010000,7348805.10000000
1776092400000,0.32010000,0.32070000,0.31980000,0.32020000,5008107.30000000
1776096000000,0.32010000,0.32020000,0.31940000,0.31960000,6553749.00000000
1776099600000,0.31960000,0.31970000,0.31930000,0.31950000,1879256.10000000
1776103200000,0.31950000,0.31970000,0.31920000,0.31940000,1853892.90000000
1776106800000,0.31930000,0.32010000,0.31920000,0.32000000,7379825.60000000
1776110400000,0.31990000,0.32070000,0.31980000,0.32070000,5023737.90000000
1776114000000,0.32070000,0.32090000,0.32040000,0.32090000,3226418.20000000
1776117600000,0.32090000,0.32130000,0.32070000,0.32130000,5971934.00000000
1776121200000,0.32120000,0.32130000,0.32040000,0.32040000,4820823.10000000
1776124800000,0.32050000,0.32060000,0.32000000,0.32060000,4958151.40000000
1776128400000,0.32060000,0.32160000,0.32050000,0.32150000,6457582.90000000
1776132000000,0.32150000,0.32160000,0.32090000,0.32100000,3617450.80000000
1776135600000,0.32090000,0.32100000,0.32040000,0.32050000,3398670.90000000
1776139200000,0.32060000,0.32080000,0.32040000,0.32080000,1587526.40000000
1776142800000,0.32080000,0.32140000,0.32050000,0.32140000,2911911.60000000
1776146400000,0.32140000,0.32160000,0.32100000,0.32150000,3395426.20000000
1776150000000,0.32160000,0.32160000,0.32080000,0.32150000,7091603.50000000
1776153600000,0.32140000,0.32160000,0.32100000,0.32140000,4881788.00000000
1776157200000,0.32140000,0.32140000,0.32110000,0.32130000,2749972.80000000
1776160800000,0.32140000,0.32170000,0.32090000,0.32120000,5607314.40000000
1776164400000,0.32130000,0.32130000,0.32090000,0.32120000,3133897.30000000
1776168000000,0.32130000,0.32140000,0.32100000,0.32140000,3408793.60000000
1776171600000,0.32130000,0.32150000,0.32080000,0.32090000,5346714.50000000
1776175200000,0.32090000,0.32150000,0.32060000,0.32140000,5851711.20000000
1776178800000,0.32140000,0.32200000,0.32120000,0.32190000,7434239.90000000
1776182400000,0.32180000,0.32210000,0.32170000,0.32190000,5469886.90000000
1776186000000,0.32200000,0.32260000,0.32180000,0.32260000,7346061.90000000
1776189600000,0.32260000,0.32340000,0.32240000,0.32340000,9431417.80000000
1776193200000,0.32340000,0.32350000,0.32310000,0.32330000,3395165.80000000
1776196800000,0.32330000,0.32350000,0.32290000,0.32340000,2749430.10000000
1776200400000,0.32340000,0.32360000,0.32330000,0.32350000,3270185.00000000
1776204000000,0.32360000,0.32370000,0.32310000,0.32320000,3299068.20000000
1776207600000,0.32320000,0.32370000,0.32310000,0.32370000,2690294.80000000
1776211200000,0.32370000,0.32430000,0.32360000,0.32430000,6311456.90000000
1776214800000,0.32430000,0.32490000,0.32420000,0.32430000,5746735.50000000
1776218400000,0.32440000,0.32450000,0.32360000,0.32420000,4786800.00000000
1776222000000,0.32410000,0.32440000,0.32400000,0.32430000,2618074.50000000
1776225600000,0.32430000,0.32450000,0.32360000,0.32360000,4047407.80000000
1776229200000,0.32370000,0.32370000,0.32300000,0.32320000,4768249.90000000
1776232800000,0.32320000,0.32360000,0.32300000,0.32360000,1787953.40000000
1776236400000,0.32360000,0.32430000,0.32320000,0.32340000,9487944.20000000
1776240000000,0.32330000,0.32340000,0.32240000,0.32240000,6977505.60000000
1776243600000,0.32240000,0.32270000,0.32160000,0.32240000,11644899.20000000
1776247200000,0.32240000,0.32290000,0.32230000,0.32250000,4677786.00000000
1776250800000,0.32250000,0.32260000,0.32190000,0.32200000,7810511.90000000
1776254400000,0.32190000,0.32700000,0.32170000,0.32690000,25027333.50000000
1776258000000,0.32690000,0.32720000,0.32630000,0.32650000,5985455.20000000
1776261600000,0.32650000,0.32700000,0.32600000,0.32650000,8368513.10000000
1776265200000,0.32650000,0.32740000,0.32640000,0.32720000,7145892.10000000
1776268800000,0.32720000,0.32740000,0.32670000,0.32720000,4793896.30000000
1776272400000,0.32720000,0.32790000,0.32690000,0.32770000,5240483.20000000
1776276000000,0.32780000,0.32820000,0.32770000,0.32820000,4300346.90000000
1776279600000,0.32820000,0.32850000,0.32730000,0.32760000,6746101.40000000
1776283200000,0.32770000,0.32810000,0.32750000,0.32810000,3728297.90000000
1776286800000,0.32800000,0.32820000,0.32760000,0.32770000,2705943.30000000
1776290400000,0.32760000,0.32790000,0.32730000,0.32760000,3512964.10000000
1776294000000,0.32760000,0.32760000,0.32640000,0.32720000,5443110.20000000
1776297600000,0.32720000,0.32750000,0.32630000,0.32650000,4603638.60000000
1776301200000,0.32640000,0.32650000,0.32580000,0.32590000,4449444.30000000
1776304800000,0.32590000,0.32610000,0.32560000,0.32560000,3328421.80000000
1776308400000,0.32560000,0.32570000,0.32520000,0.32540000,4210819.60000000
1776312000000,0.32540000,0.32540000,0.32500000,0.32540000,2789707.90000000
1776315600000,0.32530000,0.32580000,0.32530000,0.32570000,1919986.80000000
1776319200000,0.32560000,0.32610000,0.32550000,0.32590000,2289890.20000000
1776322800000,0.32600000,0.32600000,0.32550000,0.32600000,1952132.30000000
1776326400000,0.32600000,0.32610000,0.32570000,0.32580000,2675073.40000000
1776330000000,0.32590000,0.32630000,0.32550000,0.32630000,3737829.30000000
1776333600000,0.32630000,0.32680000,0.32620000,0.32670000,4239186.90000000
1776337200000,0.32680000,0.32730000,0.32670000,0.32720000,4521299.40000000
1776340800000,0.32720000,0.32750000,0.32650000,0.32660000,8600037.40000000
1776344400000,0.32660000,0.32730000,0.32630000,0.32720000,6953045.40000000
1776348000000,0.32710000,0.32780000,0.32670000,0.32730000,10397125.20000000
1776351600000,0.32720000,0.32730000,0.32560000,0.32580000,9871684.00000000
1776355200000,0.32580000,0.32680000,0.32550000,0.32670000,7444017.80000000
1776358800000,0.32670000,0.32720000,0.32630000,0.32630000,7463654.60000000
1776362400000,0.32630000,0.32660000,0.32600000,0.32610000,3528282.60000000
1776366000000,0.32600000,0.32700000,0.32600000,0.32660000,6396862.20000000
1776369600000,0.32660000,0.32710000,0.32620000,0.32710000,5308568.20000000
1776373200000,0.32710000,0.32730000,0.32700000,0.32710000,5872549.50000000
1776376800000,0.32710000,0.32730000,0.32700000,0.32710000,1599142.40000000
1776380400000,0.32710000,0.32730000,0.32680000,0.32700000,1955204.30000000
1776384000000,0.32700000,0.32710000,0.32660000,0.32660000,2419489.20000000
1776387600000,0.32660000,0.32690000,0.32630000,0.32660000,4383132.90000000
1776391200000,0.32670000,0.32690000,0.32650000,0.32660000,2561276.80000000
1776394800000,0.32660000,0.32660000,0.32530000,0.32530000,3950703.40000000
1776398400000,0.32530000,0.32590000,0.32530000,0.32550000,2690805.40000000
1776402000000,0.32540000,0.32580000,0.32490000,0.32570000,4714796.90000000
1776405600000,0.32560000,0.32620000,0.32560000,0.32610000,4622313.60000000
1776409200000,0.32610000,0.32620000,0.32510000,0.32510000,4802271.30000000
1776412800000,0.32510000,0.32520000,0.32440000,0.32490000,11669631.00000000
1776416400000,0.32480000,0.32510000,0.32420000,0.32430000,5298141.70000000
1776420000000,0.32420000,0.32480000,0.32340000,0.32400000,10897997.00000000
1776423600000,0.32400000,0.32440000,0.32370000,0.32420000,4302002.50000000
1776427200000,0.32420000,0.32440000,0.32380000,0.32410000,5009387.90000000
1776430800000,0.32410000,0.32510000,0.32390000,0.32510000,8912644.20000000
1776434400000,0.32510000,0.32510000,0.32460000,0.32480000,5517580.40000000
1776438000000,0.32470000,0.32510000,0.32410000,0.32510000,6220059.10000000
1776441600000,0.32510000,0.32560000,0.32500000,0.32560000,6395937.40000000
1776445200000,0.32560000,0.32640000,0.32530000,0.32630000,8131511.60000000
1776448800000,0.32630000,0.32700000,0.32630000,0.32700000,5486902.30000000
1776452400000,0.32700000,0.32710000,0.32630000,0.32690000,5349010.30000000
1776456000000,0.32700000,0.32760000,0.32690000,0.32730000,5698876.80000000
1776459600000,0.32740000,0.32750000,0.32700000,0.32700000,3138097.30000000
1776463200000,0.32710000,0.32770000,0.32700000,0.32740000,3670553.90000000
1776466800000,0.32740000,0.32800000,0.32730000,0.32780000,3552010.70000000
1776470400000,0.32780000,0.32820000,0.32730000,0.32740000,6220361.30000000
1776474000000,0.32740000,0.32740000,0.32690000,0.32690000,3010686.50000000
1776477600000,0.32700000,0.32750000,0.32690000,0.32740000,1248381.70000000
1776481200000,0.32750000,0.32750000,0.32700000,0.32700000,1543830.30000000
1776484800000,0.32700000,0.32700000,0.32650000,0.32680000,3300222.70000000
1776488400000,0.32680000,0.32700000,0.32650000,0.32690000,1157383.20000000
1776492000000,0.32690000,0.32750000,0.32680000,0.32730000,3844444.90000000
1776495600000,0.32740000,0.32770000,0.32700000,0.32740000,3263025.50000000
1776499200000,0.32740000,0.32790000,0.32730000,0.32780000,4419986.40000000
1776502800000,0.32780000,0.32780000,0.32730000,0.32750000,2210125.70000000
1776506400000,0.32760000,0.32810000,0.32720000,0.32810000,5441731.70000000
1776510000000,0.32810000,0.32820000,0.32760000,0.32800000,4950081.50000000
1776513600000,0.32810000,0.32850000,0.32750000,0.32840000,6254730.70000000
1776517200000,0.32850000,0.32870000,0.32810000,0.32840000,5194781.20000000
1776520800000,0.32840000,0.32960000,0.32830000,0.32960000,8623971.50000000
1776524400000,0.32960000,0.33010000,0.32920000,0.32940000,8555948.70000000
1776528000000,0.32940000,0.32980000,0.32920000,0.32970000,4068108.60000000
1776531600000,0.32960000,0.32990000,0.32940000,0.32990000,3120751.70000000
1776535200000,0.32990000,0.33000000,0.32930000,0.32950000,5327447.70000000
1776538800000,0.32940000,0.32970000,0.32910000,0.32960000,3204014.70000000
1776542400000,0.32960000,0.32980000,0.32870000,0.32910000,5319525.90000000
1776546000000,0.32900000,0.32960000,0.32870000,0.32940000,2958766.80000000
1776549600000,0.32940000,0.32960000,0.32900000,0.32960000,2232775.10000000
1776553200000,0.32960000,0.32970000,0.32930000,0.32950000,1737028.20000000
1776556800000,0.32950000,0.32970000,0.32880000,0.32890000,4237817.70000000
1776560400000,0.32880000,0.32880000,0.32760000,0.32760000,11108850.80000000
1776564000000,0.32760000,0.32800000,0.32750000,0.32780000,2446272.70000000
1776567600000,0.32780000,0.32800000,0.32760000,0.32800000,1209847.80000000
1776571200000,0.32800000,0.32810000,0.32760000,0.32780000,1829605.70000000
1776574800000,0.32790000,0.32860000,0.32760000,0.32840000,3962496.40000000
1776578400000,0.32850000,0.32980000,0.32840000,0.32970000,10189235.20000000
1776582000000,0.32970000,0.33000000,0.32920000,0.32990000,5296929.40000000
1776585600000,0.32990000,0.33400000,0.32980000,0.33370000,17153083.20000000
1776589200000,0.33370000,0.33440000,0.33250000,0.33310000,11222078.00000000
1776592800000,0.33310000,0.33400000,0.33120000,0.33150000,12162608.10000000
1776596400000,0.33140000,0.33170000,0.32900000,0.33000000,18128697.80000000
1776600000000,0.32990000,0.33010000,0.32950000,0.32980000,5228502.70000000
1776603600000,0.32980000,0.33120000,0.32980000,0.33060000,5458771.70000000
1776607200000,0.33060000,0.33200000,0.33040000,0.33190000,7057952.00000000
1776610800000,0.33200000,0.33430000,0.33200000,0.33420000,15324671.00000000
1776614400000,0.33430000,0.33660000,0.33400000,0.33510000,13519914.50000000
1776618000000,0.33510000,0.33550000,0.33330000,0.33360000,9528279.80000000
1776621600000,0.33360000,0.33370000,0.33270000,0.33280000,2970694.50000000
1776625200000,0.33280000,0.33290000,0.33200000,0.33200000,3996157.20000000
1776628800000,0.33210000,0.33310000,0.33070000,0.33080000,9392622.30000000
1776632400000,0.33070000,0.33080000,0.32940000,0.32990000,8634122.20000000
1776636000000,0.32990000,0.33000000,0.32930000,0.32950000,6717575.90000000
1776639600000,0.32960000,0.32970000,0.32820000,0.32910000,13386424.20000000
1776643200000,0.32900000,0.33010000,0.32860000,0.33000000,8741397.30000000
1776646800000,0.33000000,0.33100000,0.33000000,0.33100000,3826733.30000000
1776650400000,0.33100000,0.33210000,0.33090000,0.33210000,6073330.90000000
1776654000000,0.33210000,0.33260000,0.33180000,0.33260000,4024719.50000000
1776657600000,0.33260000,0.33300000,0.33190000,0.33230000,4902452.40000000
1776661200000,0.33220000,0.33250000,0.33150000,0.33180000,2966359.10000000
1776664800000,0.33190000,0.33210000,0.33100000,0.33180000,5628656.10000000
1776668400000,0.33170000,0.33190000,0.33020000,0.33070000,9334089.20000000
1776672000000,0.33070000,0.33070000,0.32900000,0.32960000,6560496.00000000
1776675600000,0.32970000,0.33050000,0.32940000,0.33020000,4318329.90000000
1776679200000,0.33020000,0.33140000,0.33000000,0.33010000,5379376.70000000
1776682800000,0.33000000,0.33010000,0.32860000,0.32900000,9989418.80000000
1776686400000,0.32900000,0.32940000,0.32790000,0.32840000,8527213.30000000
1776690000000,0.32840000,0.32880000,0.32790000,0.32810000,6324945.30000000
1776693600000,0.32820000,0.32850000,0.32680000,0.32770000,8383861.70000000
1776697200000,0.32770000,0.32820000,0.32750000,0.32770000,4122291.90000000
1776700800000,0.32770000,0.32810000,0.32630000,0.32760000,7881180.60000000
1776704400000,0.32760000,0.32830000,0.32750000,0.32810000,4531776.30000000
1776708000000,0.32810000,0.32850000,0.32760000,0.32780000,3752787.70000000
1776711600000,0.32780000,0.32830000,0.32770000,0.32820000,3729147.30000000
1776715200000,0.32820000,0.32860000,0.32800000,0.32830000,3166608.60000000
1776718800000,0.32840000,0.32860000,0.32820000,0.32840000,1915827.00000000
1776722400000,0.32840000,0.32860000,0.32800000,0.32830000,1925750.40000000
1776726000000,0.32830000,0.32930000,0.32820000,0.32870000,5685115.50000000
1776729600000,0.32880000,0.32900000,0.32830000,0.32860000,3688376.30000000
1776733200000,0.32860000,0.32890000,0.32840000,0.32870000,1737093.60000000
1776736800000,0.32870000,0.32880000,0.32810000,0.32850000,2542759.10000000
1776740400000,0.32850000,0.32890000,0.32840000,0.32870000,2608669.00000000
1776744000000,0.32860000,0.32870000,0.32840000,0.32850000,1509780.20000000
1776747600000,0.32850000,0.32870000,0.32840000,0.32860000,1382990.80000000
1776751200000,0.32860000,0.32920000,0.32850000,0.32920000,2733745.20000000
1776754800000,0.32920000,0.32970000,0.32890000,0.32900000,4307302.70000000
1776758400000,0.32900000,0.32930000,0.32840000,0.32900000,3300858.10000000
1776762000000,0.32910000,0.32910000,0.32850000,0.32880000,3176798.00000000
1776765600000,0.32870000,0.32910000,0.32840000,0.32900000,2929487.20000000
1776769200000,0.32890000,0.32920000,0.32880000,0.32900000,2512369.90000000
1776772800000,0.32910000,0.32950000,0.32890000,0.32920000,3879136.60000000
1776776400000,0.32930000,0.33020000,0.32920000,0.33000000,5413845.70000000
1776780000000,0.33000000,0.33120000,0.32960000,0.33090000,6925178.20000000
1776783600000,0.33090000,0.33180000,0.32990000,0.33030000,6376847.20000000
1776787200000,0.33020000,0.33220000,0.32970000,0.33170000,6170344.30000000
1776790800000,0.33170000,0.33200000,0.33110000,0.33170000,4799718.00000000
1776794400000,0.33170000,0.33340000,0.33160000,0.33300000,6193367.10000000
1776798000000,0.33290000,0.33320000,0.33120000,0.33240000,5352770.50000000
1776801600000,0.33240000,0.33490000,0.33230000,0.33440000,9173855.20000000
1776805200000,0.33450000,0.33570000,0.33400000,0.33440000,5679102.30000000
1776808800000,0.33440000,0.33460000,0.33320000,0.33380000,4050512.00000000
1776812400000,0.33380000,0.33380000,0.33260000,0.33310000,4015391.60000000
1776816000000,0.33310000,0.33520000,0.33180000,0.33260000,7471205.30000000
1776819600000,0.33260000,0.33390000,0.33250000,0.33340000,4566154.50000000
1776823200000,0.33340000,0.33370000,0.33210000,0.33280000,3585059.10000000
1776826800000,0.33270000,0.33270000,0.33110000,0.33250000,5536076.20000000
1776830400000,0.33250000,0.33260000,0.33160000,0.33190000,3942695.70000000
1776834000000,0.33200000,0.33320000,0.33160000,0.33300000,4362109.00000000
1776837600000,0.33290000,0.33400000,0.33280000,0.33370000,3362267.90000000
1776841200000,0.33380000,0.33380000,0.33220000,0.33240000,5099714.20000000
1776844800000,0.33250000,0.33280000,0.33210000,0.33250000,2659921.20000000
1776848400000,0.33260000,0.33300000,0.33150000,0.33290000,6022841.70000000
1776852000000,0.33300000,0.33400000,0.33280000,0.33400000,4269286.70000000
1776855600000,0.33400000,0.33530000,0.33300000,0.33450000,6722470.80000000
1776859200000,0.33440000,0.33500000,0.33260000,0.33310000,7061308.70000000
1776862800000,0.33310000,0.33400000,0.33120000,0.33160000,11364631.20000000
1776866400000,0.33170000,0.33180000,0.32750000,0.32910000,28141819.50000000
1776870000000,0.32900000,0.32970000,0.32830000,0.32900000,7013043.10000000
1776873600000,0.32890000,0.32920000,0.32810000,0.32890000,4930683.50000000
1776877200000,0.32890000,0.32900000,0.32800000,0.32880000,4334820.30000000
1776880800000,0.32890000,0.32900000,0.32800000,0.32890000,3423152.70000000
1776884400000,0.32890000,0.32930000,0.32880000,0.32930000,3577513.30000000
1776888000000,0.32930000,0.32940000,0.32880000,0.32940000,2881343.70000000
1776891600000,0.32940000,0.32970000,0.32860000,0.32930000,4408824.10000000
1776895200000,0.32930000,0.33000000,0.32920000,0.33000000,3336968.20000000
1776898800000,0.33000000,0.33000000,0.32950000,0.32950000,2821593.10000000
1776902400000,0.32960000,0.32990000,0.32880000,0.32980000,4802402.20000000
1776906000000,0.32980000,0.33000000,0.32920000,0.32980000,2128321.00000000
1776909600000,0.32980000,0.32990000,0.32890000,0.32930000,3155899.80000000
1776913200000,0.32930000,0.32950000,0.32890000,0.32950000,1699082.80000000
1776916800000,0.32950000,0.32960000,0.32860000,0.32890000,3260871.20000000
1776920400000,0.32880000,0.32890000,0.32760000,0.32810000,4647919.90000000
1776924000000,0.32810000,0.32810000,0.32640000,0.32730000,11219152.50000000
1776927600000,0.32730000,0.32830000,0.32700000,0.32810000,6304831.30000000
1776931200000,0.32810000,0.32860000,0.32760000,0.32850000,4371740.70000000
1776934800000,0.32850000,0.32890000,0.32800000,0.32820000,6144904.10000000
1776938400000,0.32820000,0.32860000,0.32770000,0.32810000,3550750.10000000
1776942000000,0.32820000,0.32820000,0.32780000,0.32780000,2571701.30000000
1776945600000,0.32790000,0.32830000,0.32720000,0.32820000,6419951.80000000
1776949200000,0.32810000,0.32840000,0.32760000,0.32780000,2812991.10000000
1776952800000,0.32770000,0.32840000,0.32760000,0.32840000,3494012.20000000
1776956400000,0.32840000,0.32860000,0.32820000,0.32860000,3835032.10000000
1776960000000,0.32860000,0.33030000,0.32850000,0.32900000,13618463.80000000
1776963600000,0.32900000,0.32920000,0.32880000,0.32910000,4640090.70000000
1776967200000,0.32910000,0.32920000,0.32850000,0.32870000,2776115.60000000
1776970800000,0.32870000,0.32920000,0.32860000,0.32920000,2426169.00000000
1776974400000,0.32920000,0.32930000,0.32890000,0.32930000,1875672.40000000
1776978000000,0.32930000,0.32940000,0.32910000,0.32920000,2711261.30000000
1776981600000,0.32920000,0.32960000,0.32890000,0.32930000,2069175.20000000
1776985200000,0.32930000,0.32940000,0.32850000,0.32880000,1965243.10000000
1776988800000,0.32880000,0.32890000,0.32780000,0.32820000,4955173.30000000
1776992400000,0.32820000,0.32880000,0.32800000,0.32830000,4687264.40000000
1776996000000,0.32840000,0.32840000,0.32750000,0.32810000,6935800.60000000
1776999600000,0.32820000,0.32890000,0.32820000,0.32870000,4862714.60000000
1777003200000,0.32880000,0.32880000,0.32760000,0.32780000,4152147.80000000
1777006800000,0.32780000,0.32820000,0.32760000,0.32770000,2839269.90000000
1777010400000,0.32770000,0.32800000,0.32740000,0.32750000,2372865.20000000
1777014000000,0.32750000,0.32800000,0.32730000,0.32790000,2489132.80000000
1777017600000,0.32800000,0.32800000,0.32750000,0.32770000,2394219.50000000
1777021200000,0.32780000,0.32830000,0.32770000,0.32810000,2768294.00000000
1777024800000,0.32810000,0.32830000,0.32790000,0.32830000,1902490.80000000
1777028400000,0.32830000,0.32830000,0.32770000,0.32790000,2565148.80000000
1777032000000,0.32780000,0.32820000,0.32770000,0.32790000,3960560.90000000
1777035600000,0.32790000,0.32830000,0.32770000,0.32830000,2813547.90000000
1777039200000,0.32830000,0.32830000,0.32650000,0.32670000,15071541.70000000
1777042800000,0.32680000,0.32710000,0.32510000,0.32570000,8991821.70000000
1777046400000,0.32580000,0.32580000,0.31980000,0.32410000,44224841.10000000
1777050000000,0.32400000,0.32460000,0.32390000,0.32430000,4794650.80000000
1777053600000,0.32420000,0.32450000,0.32400000,0.32450000,2501671.10000000
1777057200000,0.32450000,0.32460000,0.32400000,0.32450000,2515425.80000000
1777060800000,0.32460000,0.32460000,0.32320000,0.32390000,6082071.50000000
1777064400000,0.32380000,0.32420000,0.32360000,0.32370000,2524146.40000000
1777068000000,0.32370000,0.32420000,0.32340000,0.32410000,3209110.60000000
1777071600000,0.32410000,0.32410000,0.32310000,0.32340000,2549578.90000000
1777075200000,0.32340000,0.32370000,0.32300000,0.32310000,2523181.80000000
1777078800000,0.32300000,0.32330000,0.32260000,0.32260000,2542541.80000000
1777082400000,0.32270000,0.32320000,0.32260000,0.32310000,1899666.20000000
1777086000000,0.32310000,0.32350000,0.32300000,0.32340000,1662274.60000000
1777089600000,0.32340000,0.32390000,0.32340000,0.32380000,2977587.90000000
1777093200000,0.32370000,0.32400000,0.32360000,0.32400000,1587569.50000000
1777096800000,0.32400000,0.32400000,0.32350000,0.32380000,1390195.60000000
1777100400000,0.32390000,0.32400000,0.32320000,0.32360000,3010473.60000000
1777104000000,0.32360000,0.32370000,0.32190000,0.32260000,5639273.30000000
1777107600000,0.32260000,0.32270000,0.32220000,0.32240000,3109547.90000000
1777111200000,0.32240000,0.32280000,0.32210000,0.32240000,2358890.90000000
1777114800000,0.32240000,0.32290000,0.32230000,0.32290000,1755929.50000000
1777118400000,0.32290000,0.32320000,0.32260000,0.32320000,2161924.50000000
1777122000000,0.32320000,0.32330000,0.32270000,0.32320000,2740676.80000000
1777125600000,0.32320000,0.32330000,0.32270000,0.32330000,2173624.10000000
1777129200000,0.32330000,0.32420000,0.32310000,0.32370000,3003563.10000000
1777132800000,0.32380000,0.32430000,0.32370000,0.32420000,3050653.80000000
1777136400000,0.32420000,0.32460000,0.32370000,0.32430000,4349079.10000000
1777140000000,0.32420000,0.32460000,0.32380000,0.32420000,2739573.00000000
1777143600000,0.32410000,0.32440000,0.32380000,0.32400000,1752961.90000000
1777147200000,0.32400000,0.32420000,0.32370000,0.32400000,1893074.10000000
1777150800000,0.32410000,0.32430000,0.32350000,0.32400000,3298704.00000000
1777154400000,0.32400000,0.32450000,0.32390000,0.32440000,2066471.10000000
1777158000000,0.32440000,0.32450000,0.32370000,0.32390000,1587858.70000000
1777161600000,0.32390000,0.32440000,0.32370000,0.32420000,2440125.40000000
1777165200000,0.32410000,0.32440000,0.32380000,0.32410000,2248685.90000000
1777168800000,0.32420000,0.32420000,0.32370000,0.32390000,1281297.00000000
1777172400000,0.32390000,0.32390000,0.32360000,0.32380000,1177743.50000000
1777176000000,0.32370000,0.32400000,0.32370000,0.32400000,1175746.70000000
1777179600000,0.32400000,0.32400000,0.32350000,0.32380000,1411290.20000000
1777183200000,0.32380000,0.32390000,0.32340000,0.32370000,1688329.90000000
1777186800000,0.32360000,0.32420000,0.32360000,0.32410000,1951281.40000000
1777190400000,0.32400000,0.32410000,0.32330000,0.32360000,3871859.00000000
1777194000000,0.32360000,0.32460000,0.32360000,0.32420000,2608607.30000000
1777197600000,0.32420000,0.32420000,0.32380000,0.32390000,2183087.60000000
1777201200000,0.32390000,0.32400000,0.32290000,0.32310000,6186168.00000000
1777204800000,0.32310000,0.32370000,0.32300000,0.32370000,2003149.20000000
1777208400000,0.32370000,0.32390000,0.32350000,0.32350000,1893473.30000000
1777212000000,0.32360000,0.32380000,0.32340000,0.32370000,1925914.00000000
1777215600000,0.32360000,0.32390000,0.32340000,0.32380000,1839905.30000000
1777219200000,0.32370000,0.32400000,0.32360000,0.32390000,2098454.50000000
1777222800000,0.32390000,0.32420000,0.32370000,0.32410000,2882242.30000000
1777226400000,0.32410000,0.32430000,0.32390000,0.32420000,2313766.60000000
1777230000000,0.32420000,0.32430000,0.32380000,0.32390000,1316369.60000000
1777233600000,0.32390000,0.32410000,0.32340000,0.32360000,2876350.90000000
1777237200000,0.32360000,0.32370000,0.32340000,0.32360000,1108626.20000000
1777240800000,0.32360000,0.32380000,0.32340000,0.32350000,1318369.10000000
1777244400000,0.32360000,0.32410000,0.32340000,0.32340000,2105107.40000000
1777248000000,0.32340000,0.32390000,0.32330000,0.32390000,2324040.00000000
1777251600000,0.32390000,0.32400000,0.32330000,0.32350000,2707634.10000000
1777255200000,0.32360000,0.32380000,0.32310000,0.32340000,2640860.30000000
1777258800000,0.32340000,0.32400000,0.32320000,0.32370000,1857001.00000000
1777262400000,0.32370000,0.32440000,0.32340000,0.32400000,4196225.90000000
1777266000000,0.32400000,0.32400000,0.32340000,0.32370000,3757120.00000000
1777269600000,0.32380000,0.32390000,0.32350000,0.32390000,1878815.90000000
1777273200000,0.32390000,0.32400000,0.32330000,0.32340000,2249487.80000000
1777276800000,0.32350000,0.32420000,0.32320000,0.32390000,4996169.20000000
1777280400000,0.32390000,0.32530000,0.32360000,0.32480000,14016963.70000000
1777284000000,0.32480000,0.32560000,0.32470000,0.32550000,5621525.30000000
1777287600000,0.32550000,0.32570000,0.32490000,0.32550000,2979240.10000000
1777291200000,0.32550000,0.32580000,0.32490000,0.32550000,4665131.70000000
1777294800000,0.32560000,0.32600000,0.32470000,0.32580000,6438570.30000000
1777298400000,0.32580000,0.32630000,0.32560000,0.32580000,3652089.40000000
1777302000000,0.32580000,0.32580000,0.32450000,0.32490000,6087044.40000000
1777305600000,0.32500000,0.32520000,0.32470000,0.32510000,2991129.90000000
1777309200000,0.32520000,0.32570000,0.32500000,0.32560000,2260582.60000000
1777312800000,0.32570000,0.32590000,0.32510000,0.32570000,2901533.50000000
1777316400000,0.32580000,0.32600000,0.32550000,0.32590000,2987018.40000000
1777320000000,0.32580000,0.32610000,0.32560000,0.32590000,2619361.00000000
1777323600000,0.32580000,0.32630000,0.32560000,0.32580000,2488605.60000000
1777327200000,0.32580000,0.32610000,0.32540000,0.32540000,1373516.40000000
1777330800000,0.32540000,0.32550000,0.32510000,0.32530000,1489129.20000000
1777334400000,0.32540000,0.32580000,0.32500000,0.32500000,1733807.30000000
1777338000000,0.32510000,0.32510000,0.32430000,0.32480000,3573298.70000000
1777341600000,0.32480000,0.32500000,0.32460000,0.32470000,1298159.20000000
1777345200000,0.32460000,0.32480000,0.32390000,0.32420000,3582682.70000000
1777348800000,0.32420000,0.32450000,0.32390000,0.32440000,1285251.60000000
1777352400000,0.32440000,0.32450000,0.32400000,0.32430000,1965923.00000000
1777356000000,0.32420000,0.32430000,0.32320000,0.32370000,4146571.70000000
1777359600000,0.32360000,0.32390000,0.32320000,0.32360000,2500279.80000000
1777363200000,0.32360000,0.32360000,0.32300000,0.32330000,2418209.70000000
1777366800000,0.32330000,0.32360000,0.32310000,0.32330000,2518811.70000000
1777370400000,0.32330000,0.32380000,0.32310000,0.32360000,2074014.10000000
1777374000000,0.32360000,0.32400000,0.32320000,0.32350000,2994919.40000000
1777377600000,0.32350000,0.32410000,0.32340000,0.32390000,3088484.70000000
1777381200000,0.32390000,0.32390000,0.32320000,0.32340000,3172500.40000000
1777384800000,0.32340000,0.32400000,0.32310000,0.32370000,3594775.50000000
1777388400000,0.32370000,0.32380000,0.32240000,0.32340000,6863010.20000000
1777392000000,0.32340000,0.32360000,0.32310000,0.32340000,1723452.00000000
1777395600000,0.32350000,0.32400000,0.32330000,0.32380000,2113282.50000000
1777399200000,0.32370000,0.32380000,0.32280000,0.32360000,3182760.80000000
1777402800000,0.32360000,0.32390000,0.32320000,0.32330000,2533208.50000000
1777406400000,0.32340000,0.32350000,0.32240000,0.32270000,4354563.30000000
1777410000000,0.32260000,0.32320000,0.32250000,0.32270000,1995419.40000000
1777413600000,0.32270000,0.32320000,0.32260000,0.32320000,1333450.30000000
1777417200000,0.32320000,0.32330000,0.32280000,0.32300000,1583796.90000000
1777420800000,0.32300000,0.32310000,0.32260000,0.32300000,1483019.50000000
1777424400000,0.32300000,0.32300000,0.32190000,0.32190000,4119668.50000000
1777428000000,0.32190000,0.32220000,0.32180000,0.32210000,2548847.60000000
1777431600000,0.32210000,0.32250000,0.32190000,0.32210000,3095607.10000000
1777435200000,0.32210000,0.32230000,0.32160000,0.32170000,3730358.30000000
1777438800000,0.32170000,0.32290000,0.32150000,0.32210000,4456328.00000000
1777442400000,0.32210000,0.32240000,0.32210000,0.32240000,1378863.80000000
1777446000000,0.32240000,0.32290000,0.32210000,0.32230000,2663497.30000000
1777449600000,0.32230000,0.32420000,0.32220000,0.32340000,9043032.20000000
1777453200000,0.32340000,0.32370000,0.32250000,0.32340000,6602816.60000000
1777456800000,0.32340000,0.32360000,0.32280000,0.32340000,3148106.40000000
1777460400000,0.32340000,0.32360000,0.32290000,0.32310000,3301432.90000000
1777464000000,0.32300000,0.32370000,0.32290000,0.32360000,3373757.10000000
1777467600000,0.32360000,0.32360000,0.32300000,0.32330000,2531042.70000000
1777471200000,0.32330000,0.32380000,0.32300000,0.32350000,7558360.90000000
1777474800000,0.32350000,0.32360000,0.32280000,0.32280000,3425190.20000000
1777478400000,0.32280000,0.32360000,0.32270000,0.32340000,4395295.60000000
1777482000000,0.32340000,0.32360000,0.32300000,0.32350000,2733481.80000000
1777485600000,0.32350000,0.32350000,0.32280000,0.32340000,4546309.90000000
1777489200000,0.32330000,0.32370000,0.32310000,0.32330000,3343880.30000000
1777492800000,0.32330000,0.32400000,0.32310000,0.32340000,4968793.30000000
1777496400000,0.32340000,0.32380000,0.32330000,0.32380000,4043668.30000000
1777500000000,0.32380000,0.32380000,0.32350000,0.32360000,1297726.80000000
1777503600000,0.32350000,0.32350000,0.32310000,0.32320000,1629712.00000000
1777507200000,0.32310000,0.32350000,0.32310000,0.32320000,1205711.60000000
1777510800000,0.32330000,0.32370000,0.32330000,0.32360000,1167785.60000000
1777514400000,0.32360000,0.32400000,0.32360000,0.32390000,2020271.60000000
1777518000000,0.32390000,0.32430000,0.32380000,0.32420000,3015718.00000000
1777521600000,0.32420000,0.32450000,0.32410000,0.32420000,2674234.10000000
1777525200000,0.32420000,0.32470000,0.32390000,0.32460000,3400920.50000000
1777528800000,0.32460000,0.32480000,0.32400000,0.32420000,3015548.20000000
1777532400000,0.32420000,0.32470000,0.32410000,0.32450000,2935564.00000000
1777536000000,0.32450000,0.32490000,0.32450000,0.32470000,2950474.70000000
1777539600000,0.32460000,0.32620000,0.32460000,0.32570000,8344287.30000000
1777543200000,0.32570000,0.32680000,0.32560000,0.32590000,6930751.20000000
1777546800000,0.32590000,0.32600000,0.32560000,0.32560000,2954713.70000000
1777550400000,0.32560000,0.32630000,0.32560000,0.32620000,4121442.60000000
1777554000000,0.32620000,0.32620000,0.32530000,0.32570000,3700762.60000000
1777557600000,0.32570000,0.32600000,0.32550000,0.32580000,2468848.80000000
1777561200000,0.32580000,0.32610000,0.32530000,0.32570000,3588597.00000000
1777564800000,0.32570000,0.32640000,0.32560000,0.32640000,4431749.80000000
1777568400000,0.32630000,0.32640000,0.32590000,0.32610000,1736858.80000000
1777572000000,0.32620000,0.32660000,0.32610000,0.32650000,3242925.00000000
1777575600000,0.32650000,0.32690000,0.32630000,0.32680000,1894529.70000000
1777579200000,0.32680000,0.32700000,0.32660000,0.32670000,1802185.60000000
1777582800000,0.32670000,0.32690000,0.32630000,0.32650000,2020537.70000000
1777586400000,0.32650000,0.32660000,0.32630000,0.32660000,1616475.60000000
1777590000000,0.32650000,0.32680000,0.32640000,0.32660000,1506406.80000000
1777593600000,0.32660000,0.32750000,0.32660000,0.32690000,4101990.80000000
1777597200000,0.32690000,0.32690000,0.32590000,0.32620000,5503574.30000000
1777600800000,0.32620000,0.32640000,0.32600000,0.32610000,1928829.40000000
1777604400000,0.32610000,0.32650000,0.32590000,0.32610000,2185128.10000000
1777608000000,0.32620000,0.32630000,0.32560000,0.32610000,2406566.80000000
1777611600000,0.32600000,0.32640000,0.32600000,0.32640000,1956839.80000000
1777615200000,0.32640000,0.32650000,0.32610000,0.32650000,1340720.60000000
1777618800000,0.32650000,0.32650000,0.32600000,0.32610000,1750796.10000000
1777622400000,0.32600000,0.32610000,0.32570000,0.32610000,2302102.80000000
1777626000000,0.32610000,0.32650000,0.32590000,0.32650000,2435532.20000000
1777629600000,0.32640000,0.32650000,0.32530000,0.32590000,4028828.60000000
1777633200000,0.32590000,0.32620000,0.32570000,0.32620000,1910348.50000000
1777636800000,0.32610000,0.32680000,0.32600000,0.32650000,6815284.90000000
1777640400000,0.32650000,0.32690000,0.32630000,0.32630000,5352093.10000000
1777644000000,0.32630000,0.32680000,0.32590000,0.32620000,4028937.70000000
1777647600000,0.32620000,0.32660000,0.32570000,0.32600000,5121347.30000000
1777651200000,0.32610000,0.32640000,0.32590000,0.32620000,1945071.50000000
1777654800000,0.32620000,0.32690000,0.32600000,0.32670000,2973712.90000000
1777658400000,0.32670000,0.32700000,0.32640000,0.32670000,1848478.50000000
1777662000000,0.32670000,0.32680000,0.32660000,0.32680000,1411812.70000000
1777665600000,0.32680000,0.32700000,0.32640000,0.32690000,2908442.10000000
1777669200000,0.32680000,0.32710000,0.32660000,0.32710000,3021116.20000000
1777672800000,0.32700000,0.32720000,0.32680000,0.32690000,1678565.60000000
1777676400000,0.32690000,0.32700000,0.32660000,0.32700000,999266.20000000
1777680000000,0.32690000,0.32720000,0.32620000,0.32640000,3378991.20000000
1777683600000,0.32640000,0.32680000,0.32630000,0.32670000,1099339.40000000
1777687200000,0.32670000,0.32710000,0.32670000,0.32710000,1227246.60000000
1777690800000,0.32710000,0.32740000,0.32700000,0.32740000,1914819.40000000
1777694400000,0.32740000,0.32820000,0.32720000,0.32780000,7706493.00000000
1777698000000,0.32790000,0.32920000,0.32780000,0.32890000,7812798.10000000
1777701600000,0.32890000,0.32950000,0.32880000,0.32890000,4396736.00000000
1777705200000,0.32890000,0.32910000,0.32860000,0.32910000,1367250.10000000
1777708800000,0.32910000,0.33050000,0.32910000,0.33010000,8318383.10000000
1777712400000,0.33010000,0.33020000,0.32980000,0.33010000,2558630.90000000
1777716000000,0.33010000,0.33160000,0.33000000,0.33090000,7623139.60000000
1777719600000,0.33090000,0.33100000,0.33010000,0.33020000,3096638.80000000
1777723200000,0.33020000,0.33090000,0.32940000,0.33080000,4480493.60000000
1777726800000,0.33080000,0.33180000,0.33070000,0.33180000,4266227.40000000
1777730400000,0.33180000,0.33220000,0.33130000,0.33190000,4868302.40000000
1777734000000,0.33190000,0.33280000,0.33180000,0.33240000,4318076.90000000
1777737600000,0.33250000,0.33430000,0.32970000,0.33000000,14277024.00000000
1777741200000,0.32990000,0.33230000,0.32970000,0.33190000,11817334.60000000
1777744800000,0.33190000,0.33290000,0.33100000,0.33120000,5704279.40000000
1777748400000,0.33110000,0.33150000,0.33080000,0.33140000,1631466.50000000
1777752000000,0.33140000,0.33150000,0.33100000,0.33150000,2296427.70000000
1777755600000,0.33150000,0.33160000,0.33050000,0.33050000,3069693.30000000
1777759200000,0.33050000,0.33060000,0.32990000,0.33020000,2652609.90000000
1777762800000,0.33020000,0.33040000,0.32980000,0.33000000,2614467.40000000
1777766400000,0.32990000,0.33100000,0.32990000,0.33080000,2225379.30000000
1777770000000,0.33080000,0.33080000,0.33030000,0.33030000,1122355.40000000
1777773600000,0.33040000,0.33050000,0.32930000,0.32990000,4359138.00000000
1777777200000,0.32980000,0.33020000,0.32970000,0.33010000,1819793.10000000
1777780800000,0.33010000,0.33020000,0.32950000,0.32990000,1775549.30000000
1777784400000,0.32990000,0.34380000,0.32950000,0.34050000,59176309.20000000
1777788000000,0.34050000,0.34090000,0.33690000,0.33710000,11933933.50000000
1777791600000,0.33710000,0.33770000,0.33640000,0.33760000,4921397.90000000
1777795200000,0.33770000,0.33940000,0.33720000,0.33920000,8051626.10000000
1777798800000,0.33920000,0.34070000,0.33850000,0.34000000,5775690.90000000
1777802400000,0.33990000,0.34060000,0.33770000,0.33790000,4746550.00000000
1777806000000,0.33780000,0.33830000,0.33590000,0.33640000,7977981.20000000
1777809600000,0.33640000,0.33720000,0.33560000,0.33720000,4383692.00000000
1777813200000,0.33720000,0.33860000,0.33710000,0.33830000,6518651.60000000
1777816800000,0.33840000,0.33880000,0.33740000,0.33810000,3919769.00000000
1777820400000,0.33810000,0.33940000,0.33800000,0.33820000,4458890.30000000
1777824000000,0.33820000,0.33860000,0.33710000,0.33740000,3752594.30000000
1777827600000,0.33740000,0.33830000,0.33710000,0.33800000,2325087.40000000
1777831200000,0.33810000,0.33940000,0.33800000,0.33910000,4617782.70000000
1777834800000,0.33910000,0.33930000,0.33850000,0.33860000,2694242.30000000
1777838400000,0.33870000,0.33990000,0.33860000,0.33970000,2621496.10000000
1777842000000,0.33970000,0.33980000,0.33750000,0.33820000,5016931.10000000
1777845600000,0.33830000,0.33900000,0.33750000,0.33770000,3899310.60000000
1777849200000,0.33780000,0.33870000,0.33770000,0.33850000,3035344.50000000
1777852800000,0.33860000,0.33900000,0.33780000,0.33800000,3475169.00000000
1777856400000,0.33800000,0.33890000,0.33770000,0.33850000,3143977.90000000
1777860000000,0.33860000,0.33870000,0.33770000,0.33850000,2751285.20000000
1777863600000,0.33840000,0.33850000,0.33770000,0.33800000,1835725.70000000
1777867200000,0.33810000,0.33810000,0.33750000,0.33800000,2622639.00000000
1777870800000,0.33800000,0.33950000,0.33770000,0.33920000,3529080.40000000
1777874400000,0.33920000,0.34030000,0.33880000,0.34000000,4513396.80000000
1777878000000,0.34000000,0.34040000,0.33910000,0.33920000,7170655.20000000
1777881600000,0.33920000,0.33950000,0.33880000,0.33950000,3247479.60000000
1777885200000,0.33940000,0.33990000,0.33900000,0.33980000,4308361.10000000
1777888800000,0.33990000,0.34090000,0.33870000,0.34080000,10074785.00000000
1777892400000,0.34070000,0.34080000,0.33970000,0.34000000,3858220.90000000
1777896000000,0.34000000,0.34060000,0.33620000,0.33850000,20308997.00000000
1777899600000,0.33850000,0.33850000,0.33740000,0.33810000,5932545.10000000
1777903200000,0.33800000,0.33980000,0.33800000,0.33940000,6012015.60000000
1777906800000,0.33930000,0.33990000,0.33910000,0.33980000,7142185.50000000
1777910400000,0.33980000,0.34060000,0.33970000,0.34060000,3503113.90000000
1777914000000,0.34050000,0.34170000,0.34040000,0.34110000,4547777.10000000
1777917600000,0.34110000,0.34110000,0.33950000,0.34000000,7808252.50000000
1777921200000,0.33990000,0.34020000,0.33940000,0.33980000,3589908.70000000
1777924800000,0.33980000,0.34130000,0.33930000,0.34100000,3706694.30000000
1777928400000,0.34100000,0.34150000,0.34020000,0.34080000,3355938.70000000
1777932000000,0.34090000,0.34100000,0.34020000,0.34060000,1982118.80000000
1777935600000,0.34060000,0.34140000,0.34040000,0.34070000,1968581.60000000
1777939200000,0.34060000,0.34200000,0.34050000,0.34200000,3466696.30000000
1777942800000,0.34200000,0.34200000,0.34050000,0.34070000,1682570.60000000
1777946400000,0.34070000,0.34090000,0.33990000,0.34010000,2839596.40000000
1777950000000,0.34010000,0.34050000,0.33880000,0.33920000,5568924.90000000
1777953600000,0.33920000,0.33940000,0.33870000,0.33910000,1801647.50000000
1777957200000,0.33900000,0.33960000,0.33890000,0.33910000,1773448.80000000
1777960800000,0.33910000,0.34020000,0.33890000,0.34000000,2448626.40000000
1777964400000,0.34000000,0.34100000,0.34000000,0.34080000,4298153.90000000
1777968000000,0.34080000,0.34110000,0.34010000,0.34010000,2864484.20000000
1777971600000,0.34010000,0.34050000,0.33940000,0.34040000,4070847.00000000
1777975200000,0.34040000,0.34130000,0.33990000,0.34130000,4844462.20000000
1777978800000,0.34130000,0.34170000,0.33890000,0.33970000,8634704.20000000
1777982400000,0.33970000,0.33970000,0.33740000,0.33810000,14215660.10000000
1777986000000,0.33810000,0.33990000,0.33790000,0.33980000,6679965.10000000
1777989600000,0.33980000,0.34130000,0.33980000,0.34120000,8147465.50000000
1777993200000,0.34120000,0.34330000,0.34100000,0.34310000,7013708.30000000
1777996800000,0.34310000,0.34450000,0.34250000,0.34370000,6969935.30000000
1778000400000,0.34370000,0.34440000,0.34340000,0.34420000,5957884.30000000
1778004000000,0.34420000,0.34570000,0.34420000,0.34520000,4891439.00000000
1778007600000,0.34530000,0.34610000,0.34420000,0.34440000,4480825.60000000
1778011200000,0.34450000,0.34460000,0.34390000,0.34430000,3147390.50000000
1778014800000,0.34440000,0.34530000,0.34390000,0.34510000,2956067.80000000
1778018400000,0.34510000,0.34560000,0.34470000,0.34510000,2902920.00000000
1778022000000,0.34520000,0.34520000,0.34430000,0.34480000,2232800.50000000
1778025600000,0.34470000,0.34560000,0.34410000,0.34520000,3457004.70000000
1778029200000,0.34530000,0.34540000,0.34340000,0.34380000,4794750.80000000
1778032800000,0.34380000,0.34440000,0.34340000,0.34340000,3415810.90000000
1778036400000,0.34350000,0.34350000,0.34290000,0.34310000,3055352.20000000
1778040000000,0.34320000,0.34360000,0.34310000,0.34350000,1956399.10000000
1778043600000,0.34350000,0.34490000,0.34320000,0.34390000,5039314.30000000
1778047200000,0.34380000,0.34440000,0.34300000,0.34330000,5718287.50000000
1778050800000,0.34320000,0.34350000,0.34260000,0.34280000,5184152.10000000
1778054400000,0.34280000,0.34280000,0.34190000,0.34280000,4312818.20000000
1778058000000,0.34280000,0.34330000,0.34270000,0.34330000,3200532.20000000
1778061600000,0.34330000,0.34370000,0.34280000,0.34330000,3824512.40000000
1778065200000,0.34320000,0.34360000,0.34290000,0.34320000,3328383.10000000
1778068800000,0.34330000,0.34420000,0.34230000,0.34350000,6417610.00000000
1778072400000,0.34360000,0.34540000,0.34340000,0.34450000,10199270.50000000
1778076000000,0.34450000,0.34540000,0.34380000,0.34390000,6145399.40000000
1778079600000,0.34380000,0.34480000,0.34370000,0.34480000,2534159.60000000
1778083200000,0.34480000,0.34700000,0.34450000,0.34670000,6994190.40000000
1778086800000,0.34670000,0.34690000,0.34570000,0.34630000,4789835.20000000
1778090400000,0.34620000,0.34700000,0.34600000,0.34680000,3854176.20000000
1778094000000,0.34690000,0.34750000,0.34670000,0.34680000,3080193.80000000
1778097600000,0.34670000,0.34680000,0.34600000,0.34660000,2119114.60000000
1778101200000,0.34660000,0.34680000,0.34550000,0.34570000,3046779.20000000
1778104800000,0.34570000,0.34660000,0.34560000,0.34610000,2914805.50000000
1778108400000,0.34600000,0.34690000,0.34600000,0.34630000,2574322.40000000
1778112000000,0.34630000,0.34720000,0.34620000,0.34660000,2867980.20000000
1778115600000,0.34660000,0.34730000,0.34580000,0.34590000,3145574.20000000
1778119200000,0.34590000,0.34590000,0.34510000,0.34550000,2661111.60000000
1778122800000,0.34550000,0.34560000,0.34470000,0.34490000,3335441.40000000
1778126400000,0.34500000,0.34530000,0.34390000,0.34420000,4410261.00000000
1778130000000,0.34430000,0.34500000,0.34430000,0.34460000,1924216.80000000
1778133600000,0.34460000,0.34550000,0.34430000,0.34520000,3648863.60000000
1778137200000,0.34530000,0.34530000,0.34440000,0.34440000,2541861.80000000
1778140800000,0.34450000,0.34520000,0.34420000,0.34520000,3707003.30000000
1778144400000,0.34520000,0.34640000,0.34490000,0.34640000,3794547.20000000
1778148000000,0.34630000,0.34720000,0.34620000,0.34680000,3934018.10000000
1778151600000,0.34690000,0.34710000,0.34640000,0.34700000,2759584.00000000
1778155200000,0.34690000,0.34710000,0.34630000,0.34680000,3330432.90000000
1778158800000,0.34680000,0.34840000,0.34650000,0.34830000,6369946.80000000
1778162400000,0.34830000,0.34920000,0.34780000,0.34860000,5274129.10000000
1778166000000,0.34850000,0.34880000,0.34770000,0.34830000,5521134.60000000
1778169600000,0.34830000,0.34950000,0.34800000,0.34940000,4232792.70000000
1778173200000,0.34940000,0.34980000,0.34890000,0.34980000,2681471.50000000
1778176800000,0.34970000,0.34980000,0.34940000,0.34960000,2502353.50000000
1778180400000,0.34960000,0.34980000,0.34900000,0.34950000,3119980.00000000
1778184000000,0.34950000,0.34950000,0.34750000,0.34780000,6764284.90000000
1778187600000,0.34780000,0.34860000,0.34770000,0.34840000,2297246.20000000
1778191200000,0.34840000,0.34900000,0.34820000,0.34870000,2266834.40000000
1778194800000,0.34880000,0.34930000,0.34850000,0.34900000,2031352.10000000
1778198400000,0.34900000,0.34920000,0.34830000,0.34920000,2246122.60000000
1778202000000,0.34920000,0.34920000,0.34770000,0.34790000,2399656.10000000
1778205600000,0.34790000,0.34800000,0.34690000,0.34710000,4407209.00000000
1778209200000,0.34700000,0.34770000,0.34680000,0.34760000,3387340.30000000
1778212800000,0.34760000,0.34790000,0.34740000,0.34760000,1136837.30000000
1778216400000,0.34770000,0.34860000,0.34730000,0.34830000,3634036.50000000
1778220000000,0.34830000,0.34950000,0.34820000,0.34950000,3212579.70000000
1778223600000,0.34950000,0.35200000,0.34930000,0.35160000,16592346.90000000
1778227200000,0.35150000,0.35170000,0.34920000,0.34960000,9314788.00000000
1778230800000,0.34960000,0.35010000,0.34890000,0.34940000,8304863.90000000
1778234400000,0.34940000,0.34940000,0.34790000,0.34800000,10814892.30000000
1778238000000,0.34800000,0.34840000,0.34760000,0.34820000,3090206.50000000
1778241600000,0.34830000,0.34920000,0.34820000,0.34860000,5945215.50000000
1778245200000,0.34860000,0.34950000,0.34840000,0.34910000,6033293.80000000
1778248800000,0.34920000,0.34980000,0.34870000,0.34960000,6952336.70000000
1778252400000,0.34970000,0.35030000,0.34930000,0.34970000,5996347.80000000
1778256000000,0.34970000,0.35080000,0.34970000,0.35080000,3882018.00000000
1778259600000,0.35080000,0.35080000,0.34990000,0.35030000,5266469.00000000
1778263200000,0.35030000,0.35030000,0.34950000,0.34990000,3517072.90000000
1778266800000,0.34990000,0.35030000,0.34930000,0.34940000,3607934.00000000
1778270400000,0.34930000,0.35020000,0.34930000,0.35000000,3682504.90000000
1778274000000,0.34990000,0.35060000,0.34980000,0.35010000,4275835.10000000
1778277600000,0.35010000,0.35060000,0.34980000,0.35050000,3160862.20000000
1778281200000,0.35050000,0.35080000,0.34990000,0.35020000,2539050.70000000
1778284800000,0.35010000,0.35070000,0.34980000,0.34980000,3786140.50000000
1778288400000,0.34980000,0.35080000,0.34970000,0.35050000,2795774.70000000
1778292000000,0.35050000,0.35080000,0.35010000,0.35030000,2005649.90000000
1778295600000,0.35020000,0.35090000,0.35000000,0.35080000,3629976.00000000
1778299200000,0.35080000,0.35180000,0.35080000,0.35170000,4043374.20000000
1778302800000,0.35180000,0.35340000,0.35180000,0.35280000,10419585.60000000
1778306400000,0.35280000,0.35320000,0.35250000,0.35280000,3061324.30000000
1778310000000,0.35280000,0.35280000,0.35110000,0.35110000,5527202.00000000
1778313600000,0.35110000,0.35130000,0.35020000,0.35120000,5712490.00000000
1778317200000,0.35120000,0.35190000,0.35070000,0.35190000,4320081.20000000
1778320800000,0.35180000,0.35210000,0.35150000,0.35160000,2900327.00000000
1778324400000,0.35160000,0.35310000,0.35150000,0.35290000,5265524.70000000
1778328000000,0.35290000,0.35350000,0.35180000,0.35190000,5172267.10000000
1778331600000,0.35190000,0.35200000,0.35100000,0.35170000,5419321.50000000
1778335200000,0.35160000,0.35300000,0.35160000,0.35260000,4274243.60000000
1778338800000,0.35270000,0.35290000,0.35040000,0.35200000,9408860.20000000
1778342400000,0.35200000,0.35200000,0.35050000,0.35050000,6896446.50000000
1778346000000,0.35060000,0.35080000,0.34980000,0.35060000,4046238.40000000
1778349600000,0.35060000,0.35110000,0.35010000,0.35070000,3442010.60000000
1778353200000,0.35070000,0.35140000,0.35060000,0.35120000,2878663.60000000
1778356800000,0.35120000,0.35150000,0.35050000,0.35060000,2925958.90000000
1778360400000,0.35070000,0.35090000,0.35040000,0.35060000,2149658.70000000
1778364000000,0.35070000,0.35080000,0.35020000,0.35030000,1557150.80000000
1778367600000,0.35030000,0.35050000,0.34990000,0.35020000,2060210.90000000
1778371200000,0.35020000,0.35050000,0.34980000,0.35030000,1665121.20000000
1778374800000,0.35020000,0.35090000,0.35010000,0.35030000,2088417.10000000
1778378400000,0.35040000,0.35100000,0.35030000,0.35080000,2798423.60000000
1778382000000,0.35090000,0.35120000,0.35040000,0.35090000,1628612.90000000
1778385600000,0.35100000,0.35100000,0.35030000,0.35040000,722215.00000000
1778389200000,0.35030000,0.35040000,0.34850000,0.34940000,6145725.60000000
1778392800000,0.34940000,0.34970000,0.34900000,0.34960000,2756423.90000000
1778396400000,0.34970000,0.34990000,0.34910000,0.34990000,2408285.90000000
1778400000000,0.34980000,0.34990000,0.34910000,0.34940000,1473994.00000000
1778403600000,0.34940000,0.34980000,0.34900000,0.34930000,1981592.40000000
1778407200000,0.34930000,0.34940000,0.34850000,0.34900000,4488209.00000000
1778410800000,0.34900000,0.35050000,0.34900000,0.35050000,5821176.30000000
1778414400000,0.35040000,0.35110000,0.34970000,0.35110000,3656958.30000000
1778418000000,0.35110000,0.35140000,0.35090000,0.35130000,3243794.30000000
1778421600000,0.35130000,0.35140000,0.35090000,0.35120000,1757881.30000000
1778425200000,0.35130000,0.35130000,0.35010000,0.35060000,3375531.20000000
1778428800000,0.35060000,0.35130000,0.35050000,0.35110000,2896795.40000000
1778432400000,0.35110000,0.35240000,0.35110000,0.35220000,5106450.10000000
1778436000000,0.35220000,0.35220000,0.35140000,0.35180000,2733804.70000000
1778439600000,0.35190000,0.35190000,0.35130000,0.35160000,2264919.50000000
1778443200000,0.35160000,0.35160000,0.35060000,0.35130000,4352369.50000000
1778446800000,0.35130000,0.35180000,0.35060000,0.35080000,4353214.30000000
1778450400000,0.35090000,0.35130000,0.35080000,0.35080000,1955413.10000000
1778454000000,0.35080000,0.35120000,0.35050000,0.35060000,2370479.30000000
1778457600000,0.35070000,0.35070000,0.34910000,0.34950000,6135910.00000000
1778461200000,0.34950000,0.35020000,0.34920000,0.35000000,3538950.40000000
1778464800000,0.35010000,0.35030000,0.34960000,0.35000000,3961407.10000000
1778468400000,0.35000000,0.35020000,0.34920000,0.34960000,5964068.90000000
1778472000000,0.34950000,0.35010000,0.34940000,0.34990000,2164561.70000000
1778475600000,0.35000000,0.35030000,0.34980000,0.35020000,2584084.00000000
1778479200000,0.35010000,0.35020000,0.34970000,0.34990000,1943781.90000000
1778482800000,0.34990000,0.35020000,0.34980000,0.35000000,1623044.00000000
1778486400000,0.34990000,0.35060000,0.34980000,0.35060000,2371109.10000000
1778490000000,0.35060000,0.35100000,0.35050000,0.35100000,3814561.40000000
1778493600000,0.35100000,0.35160000,0.35080000,0.35120000,3995858.60000000
1778497200000,0.35110000,0.35160000,0.35100000,0.35140000,2512811.00000000
1778500800000,0.35130000,0.35270000,0.35120000,0.35240000,9357899.90000000
1778504400000,0.35240000,0.35250000,0.35170000,0.35180000,3895333.60000000
1778508000000,0.35190000,0.35200000,0.35120000,0.35130000,3391880.70000000
1778511600000,0.35130000,0.35150000,0.35080000,0.35090000,3750510.60000000
1778515200000,0.35100000,0.35170000,0.35040000,0.35130000,7039933.60000000
1778518800000,0.35130000,0.35150000,0.35100000,0.35110000,2745680.40000000
1778522400000,0.35110000,0.35170000,0.35090000,0.35170000,2972685.30000000
1778526000000,0.35170000,0.35180000,0.35040000,0.35050000,3817692.90000000
1778529600000,0.35040000,0.35120000,0.35040000,0.35090000,2429507.10000000
1778533200000,0.35090000,0.35110000,0.35060000,0.35100000,1757083.40000000
1778536800000,0.35110000,0.35140000,0.35090000,0.35130000,2393352.10000000
1778540400000,0.35130000,0.35140000,0.35110000,0.35110000,1324091.70000000
1778544000000,0.35120000,0.35140000,0.35030000,0.35070000,3603739.60000000
1778547600000,0.35060000,0.35110000,0.35040000,0.35050000,3193804.60000000
1778551200000,0.35050000,0.35060000,0.34750000,0.34890000,9245381.70000000
1778554800000,0.34890000,0.34950000,0.34820000,0.34890000,11508303.20000000
1778558400000,0.34890000,0.34890000,0.34820000,0.34850000,2927251.60000000
1778562000000,0.34850000,0.34900000,0.34840000,0.34880000,2796471.70000000
1778565600000,0.34880000,0.34940000,0.34830000,0.34920000,7904874.80000000
1778569200000,0.34920000,0.34950000,0.34860000,0.34910000,9784441.70000000
1778572800000,0.34910000,0.34960000,0.34890000,0.34950000,3905280.10000000
1778576400000,0.34960000,0.34970000,0.34920000,0.34940000,2428672.90000000
1778580000000,0.34940000,0.34950000,0.34870000,0.34880000,4615900.40000000
1778583600000,0.34870000,0.34920000,0.34870000,0.34900000,3037663.30000000
1778587200000,0.34900000,0.34970000,0.34890000,0.34930000,8592677.40000000
1778590800000,0.34920000,0.34940000,0.34780000,0.34790000,7370139.80000000
1778594400000,0.34790000,0.34850000,0.34760000,0.34820000,3362387.00000000
1778598000000,0.34810000,0.34830000,0.34780000,0.34820000,2854370.60000000
1778601600000,0.34810000,0.34820000,0.34730000,0.34750000,5212359.20000000
1778605200000,0.34750000,0.34850000,0.34690000,0.34850000,5763970.20000000
1778608800000,0.34840000,0.34930000,0.34830000,0.34920000,4396570.70000000
1778612400000,0.34930000,0.35000000,0.34920000,0.34970000,4444437.20000000
1778616000000,0.34970000,0.35010000,0.34950000,0.35000000,3461690.70000000
1778619600000,0.35010000,0.35010000,0.34980000,0.34990000,1966881.10000000
1778623200000,0.34990000,0.35040000,0.34930000,0.34950000,4396292.70000000
1778626800000,0.34940000,0.34970000,0.34860000,0.34910000,3294046.10000000
1778630400000,0.34910000,0.34940000,0.34850000,0.34880000,3075424.20000000
1778634000000,0.34870000,0.34930000,0.34870000,0.34900000,1993050.30000000
1778637600000,0.34900000,0.34940000,0.34890000,0.34900000,945875.50000000
1778641200000,0.34900000,0.34920000,0.34890000,0.34920000,1217880.80000000
1778644800000,0.34920000,0.34950000,0.34890000,0.34940000,2545635.60000000
1778648400000,0.34940000,0.34960000,0.34890000,0.34910000,2080330.50000000
1778652000000,0.34900000,0.35000000,0.34900000,0.34990000,3129062.30000000
1778655600000,0.34990000,0.35000000,0.34950000,0.34980000,2232506.50000000
1778659200000,0.34970000,0.35000000,0.34910000,0.35000000,7701611.30000000
1778662800000,0.35000000,0.35080000,0.34990000,0.35060000,5527632.20000000
1778666400000,0.35070000,0.35170000,0.35060000,0.35120000,4735839.30000000
1778670000000,0.35110000,0.35160000,0.35100000,0.35100000,4051063.70000000
1778673600000,0.35100000,0.35130000,0.34980000,0.35050000,6654045.70000000
1778677200000,0.35050000,0.35090000,0.34920000,0.34940000,8818266.70000000
1778680800000,0.34940000,0.35040000,0.34890000,0.35030000,5680850.70000000
1778684400000,0.35030000,0.35040000,0.34930000,0.34970000,4846207.60000000
1778688000000,0.34980000,0.35050000,0.34970000,0.35030000,4124572.40000000
1778691600000,0.35030000,0.35090000,0.35020000,0.35050000,4712465.80000000
1778695200000,0.35060000,0.35070000,0.35010000,0.35020000,2071804.60000000
1778698800000,0.35030000,0.35070000,0.35010000,0.35020000,3155658.90000000
1778702400000,0.35020000,0.35050000,0.35000000,0.35050000,2660426.10000000
1778706000000,0.35040000,0.35050000,0.34990000,0.35010000,3202741.50000000
1778709600000,0.35000000,0.35020000,0.34950000,0.34980000,2381587.20000000
1778713200000,0.34970000,0.35010000,0.34960000,0.34970000,1394289.70000000
1778716800000,0.34960000,0.34990000,0.34930000,0.34960000,2576446.60000000
1778720400000,0.34950000,0.34990000,0.34940000,0.34980000,1827059.00000000
1778724000000,0.34990000,0.35050000,0.34970000,0.35030000,4330145.50000000
1778727600000,0.35040000,0.35040000,0.34980000,0.35000000,2597383.10000000
1778731200000,0.34990000,0.35090000,0.34990000,0.35080000,3353524.10000000
1778734800000,0.35080000,0.35090000,0.35050000,0.35090000,2048325.70000000
1778738400000,0.35090000,0.35150000,0.35080000,0.35110000,3430034.30000000
1778742000000,0.35120000,0.35130000,0.35070000,0.35110000,2444931.20000000
1778745600000,0.35110000,0.35230000,0.35090000,0.35220000,5665036.00000000
1778749200000,0.35230000,0.35320000,0.35220000,0.35320000,7128069.90000000
1778752800000,0.35320000,0.35560000,0.35270000,0.35470000,19194223.10000000
1778756400000,0.35470000,0.35500000,0.35400000,0.35430000,5866482.50000000
1778760000000,0.35440000,0.35530000,0.35390000,0.35500000,5578450.50000000
1778763600000,0.35500000,0.35520000,0.35440000,0.35460000,4607628.60000000
1778767200000,0.35470000,0.35550000,0.35380000,0.35440000,7320718.20000000
1778770800000,0.35440000,0.35480000,0.35410000,0.35410000,3519768.90000000
1778774400000,0.35420000,0.35470000,0.35390000,0.35440000,5614813.20000000
1778778000000,0.35450000,0.35460000,0.35410000,0.35430000,1973684.40000000
1778781600000,0.35430000,0.35480000,0.35400000,0.35450000,4967842.60000000
1778785200000,0.35440000,0.35500000,0.35420000,0.35480000,2892983.30000000
1778788800000,0.35480000,0.35520000,0.35410000,0.35430000,6264307.60000000
1778792400000,0.35430000,0.35450000,0.35220000,0.35330000,4507478.50000000
1778796000000,0.35330000,0.35370000,0.35320000,0.35370000,2295623.10000000
1778799600000,0.35360000,0.35420000,0.35340000,0.35380000,2350143.80000000
1778803200000,0.35380000,0.35420000,0.35360000,0.35370000,2305842.50000000
1778806800000,0.35360000,0.35370000,0.35250000,0.35300000,5684004.40000000
1778810400000,0.35290000,0.35350000,0.35250000,0.35330000,3873455.40000000
1778814000000,0.35330000,0.35350000,0.35220000,0.35340000,6071630.00000000
1778817600000,0.35350000,0.35390000,0.35330000,0.35390000,2134315.10000000
1778821200000,0.35380000,0.35400000,0.35300000,0.35300000,3518212.90000000
1778824800000,0.35310000,0.35350000,0.35280000,0.35340000,3531642.30000000
1778828400000,0.35340000,0.35360000,0.35140000,0.35170000,15042527.50000000
1778832000000,0.35170000,0.35230000,0.35140000,0.35210000,4762934.70000000
1778835600000,0.35220000,0.35240000,0.35170000,0.35180000,3644206.30000000
1778839200000,0.35180000,0.35200000,0.35160000,0.35200000,3842431.60000000
1778842800000,0.35190000,0.35230000,0.35130000,0.35220000,7592364.30000000
1778846400000,0.35210000,0.35230000,0.35160000,0.35190000,3988626.50000000
1778850000000,0.35190000,0.35200000,0.35000000,0.35040000,11554615.60000000
1778853600000,0.35040000,0.35120000,0.35000000,0.35050000,6007487.10000000
1778857200000,0.35060000,0.35130000,0.35040000,0.35120000,5000660.20000000
1778860800000,0.35110000,0.35240000,0.35110000,0.35230000,7008554.10000000
1778864400000,0.35230000,0.35240000,0.35180000,0.35230000,4009786.90000000
1778868000000,0.35220000,0.35230000,0.35170000,0.35200000,2875543.00000000
1778871600000,0.35210000,0.35220000,0.35180000,0.35210000,3599715.50000000
1778875200000,0.35220000,0.35220000,0.35140000,0.35170000,2813420.50000000
1778878800000,0.35170000,0.35210000,0.35150000,0.35160000,2370688.50000000
1778882400000,0.35160000,0.35210000,0.35160000,0.35210000,1741179.00000000
1778886000000,0.35200000,0.35230000,0.35170000,0.35210000,2027789.60000000
1778889600000,0.35220000,0.35240000,0.35170000,0.35200000,2594263.30000000
1778893200000,0.35200000,0.35240000,0.35180000,0.35220000,1863297.60000000
1778896800000,0.35220000,0.35230000,0.35140000,0.35150000,2733327.60000000
1778900400000,0.35140000,0.35170000,0.35140000,0.35160000,721584.30000000
1778904000000,0.35170000,0.35180000,0.35070000,0.35120000,2825033.20000000
1778907600000,0.35120000,0.35150000,0.35100000,0.35150000,2162744.60000000
1778911200000,0.35150000,0.35150000,0.35090000,0.35130000,2915728.80000000
1778914800000,0.35130000,0.35170000,0.34890000,0.35130000,14404134.90000000
1778918400000,0.35140000,0.35220000,0.35120000,0.35170000,4729912.30000000
1778922000000,0.35180000,0.35210000,0.35090000,0.35140000,9514826.70000000
1778925600000,0.35140000,0.35230000,0.35110000,0.35220000,5312131.00000000
1778929200000,0.35230000,0.35320000,0.35180000,0.35210000,10585558.30000000
1778932800000,0.35210000,0.35210000,0.35140000,0.35140000,2985488.40000000
1778936400000,0.35150000,0.35180000,0.35080000,0.35180000,4046557.10000000
1778940000000,0.35180000,0.35190000,0.35100000,0.35190000,3693008.10000000
1778943600000,0.35190000,0.35290000,0.35180000,0.35290000,5644491.90000000
1778947200000,0.35290000,0.35460000,0.35280000,0.35450000,9152793.90000000
1778950800000,0.35450000,0.35460000,0.35370000,0.35440000,2501702.80000000
1778954400000,0.35440000,0.35460000,0.35400000,0.35430000,3881700.30000000
1778958000000,0.35430000,0.35470000,0.35410000,0.35470000,2190180.70000000
1778961600000,0.35470000,0.35510000,0.35430000,0.35440000,5131524.70000000
1778965200000,0.35440000,0.35500000,0.35420000,0.35500000,1907202.30000000
1778968800000,0.35500000,0.35540000,0.35480000,0.35510000,4167596.20000000
1778972400000,0.35500000,0.35550000,0.35490000,0.35520000,2101204.10000000
1778976000000,0.35510000,0.35570000,0.35440000,0.35440000,5585890.10000000
1778979600000,0.35440000,0.35450000,0.35340000,0.35370000,4747057.50000000
1778983200000,0.35370000,0.35410000,0.35360000,0.35400000,1022593.50000000
1778986800000,0.35400000,0.35410000,0.35360000,0.35410000,1541631.80000000
1778990400000,0.35400000,0.35430000,0.35390000,0.35400000,1639121.50000000
1778994000000,0.35410000,0.35430000,0.35400000,0.35430000,743370.00000000
1778997600000,0.35430000,0.35460000,0.35410000,0.35410000,1998743.60000000
1779001200000,0.35410000,0.35470000,0.35400000,0.35440000,2910639.60000000
1779004800000,0.35440000,0.35480000,0.35430000,0.35470000,1886824.00000000
1779008400000,0.35470000,0.35500000,0.35440000,0.35490000,3163651.40000000
1779012000000,0.35490000,0.35550000,0.35490000,0.35540000,3685150.70000000
1779015600000,0.35540000,0.35650000,0.35520000,0.35640000,7175891.30000000
1779019200000,0.35640000,0.35690000,0.35640000,0.35660000,3140654.50000000
1779022800000,0.35660000,0.35670000,0.35610000,0.35660000,2490379.10000000
1779026400000,0.35650000,0.35750000,0.35650000,0.35740000,5412937.40000000
1779030000000,0.35730000,0.35750000,0.35690000,0.35740000,3755252.10000000
1779033600000,0.35730000,0.35740000,0.35680000,0.35690000,1476687.20000000
1779037200000,0.35690000,0.35730000,0.35590000,0.35610000,4228667.00000000
1779040800000,0.35610000,0.35670000,0.35610000,0.35620000,2328897.50000000
1779044400000,0.35610000,0.35680000,0.35610000,0.35610000,2485967.40000000
1779048000000,0.35610000,0.35620000,0.35570000,0.35590000,2808121.80000000
1779051600000,0.35580000,0.35640000,0.35580000,0.35630000,2677312.40000000
1779055200000,0.35640000,0.35650000,0.35590000,0.35620000,2142160.60000000
1779058800000,0.35620000,0.35630000,0.35470000,0.35530000,7216975.10000000
1779062400000,0.35530000,0.35540000,0.35440000,0.35450000,5920232.00000000
1779066000000,0.35450000,0.35500000,0.35420000,0.35480000,2608391.80000000
1779069600000,0.35490000,0.35600000,0.35480000,0.35540000,3474644.20000000
1779073200000,0.35550000,0.35720000,0.35540000,0.35690000,6814700.20000000
1779076800000,0.35680000,0.35690000,0.35650000,0.35670000,1561159.20000000
1779080400000,0.35670000,0.35700000,0.35630000,0.35650000,3059732.60000000
1779084000000,0.35640000,0.35670000,0.35540000,0.35600000,6243833.00000000
1779087600000,0.35600000,0.35640000,0.35540000,0.35630000,5446056.70000000
1779091200000,0.35630000,0.35640000,0.35520000,0.35560000,6059605.30000000
1779094800000,0.35560000,0.35560000,0.35470000,0.35490000,4623534.50000000
1779098400000,0.35500000,0.35720000,0.35480000,0.35710000,8941170.50000000
1779102000000,0.35710000,0.35720000,0.35580000,0.35620000,10995614.80000000
1779105600000,0.35610000,0.35730000,0.35600000,0.35720000,5402232.20000000
1779109200000,0.35730000,0.35840000,0.35710000,0.35790000,9676589.50000000
1779112800000,0.35790000,0.35800000,0.35620000,0.35660000,7936870.10000000
1779116400000,0.35650000,0.35660000,0.35380000,0.35440000,16395336.10000000
1779120000000,0.35440000,0.35580000,0.35420000,0.35560000,8626806.80000000
1779123600000,0.35570000,0.35590000,0.35510000,0.35570000,5057461.80000000
1779127200000,0.35560000,0.35570000,0.35440000,0.35500000,3445628.00000000
1779130800000,0.35500000,0.35650000,0.35500000,0.35620000,7851756.10000000
1779134400000,0.35630000,0.35670000,0.35600000,0.35610000,3317393.60000000
1779138000000,0.35600000,0.35660000,0.35580000,0.35590000,2420317.90000000
1779141600000,0.35590000,0.35640000,0.35580000,0.35600000,1670466.60000000
1779145200000,0.35590000,0.35600000,0.35560000,0.35570000,1043576.30000000
1779148800000,0.35560000,0.35630000,0.35540000,0.35570000,2674898.80000000
1779152400000,0.35580000,0.35580000,0.35540000,0.35580000,1320480.10000000
1779156000000,0.35580000,0.35780000,0.35570000,0.35660000,12945543.50000000
1779159600000,0.35670000,0.35730000,0.35610000,0.35700000,5076971.00000000
1779163200000,0.35710000,0.35730000,0.35670000,0.35700000,2655491.30000000
1779166800000,0.35700000,0.35740000,0.35650000,0.35680000,3374107.10000000
1779170400000,0.35670000,0.35720000,0.35660000,0.35680000,1822823.20000000
1779174000000,0.35690000,0.35710000,0.35650000,0.35670000,2559817.30000000
1779177600000,0.35670000,0.35670000,0.35530000,0.35550000,4959998.70000000
1779181200000,0.35550000,0.35560000,0.35420000,0.35460000,11087945.70000000
1779184800000,0.35450000,0.35590000,0.35440000,0.35510000,5648334.40000000
1779188400000,0.35520000,0.35550000,0.35480000,0.35520000,2361360.90000000
1779192000000,0.35520000,0.35590000,0.35500000,0.35570000,3419088.40000000
1779195600000,0.35570000,0.35680000,0.35570000,0.35630000,6242529.10000000
1779199200000,0.35630000,0.35640000,0.35450000,0.35460000,7881217.30000000
1779202800000,0.35450000,0.35490000,0.35410000,0.35440000,3583292.80000000
1779206400000,0.35450000,0.35550000,0.35440000,0.35540000,3444715.80000000
1779210000000,0.35540000,0.35550000,0.35470000,0.35500000,2284948.90000000
1779213600000,0.35500000,0.35560000,0.35490000,0.35550000,2910484.30000000
1779217200000,0.35540000,0.35590000,0.35540000,0.35580000,2923240.50000000
1779220800000,0.35580000,0.35620000,0.35570000,0.35610000,3143434.30000000
1779224400000,0.35610000,0.35620000,0.35600000,0.35610000,1542416.70000000
1779228000000,0.35600000,0.35630000,0.35560000,0.35620000,1731272.00000000
1779231600000,0.35630000,0.35640000,0.35620000,0.35640000,1509162.80000000
1779235200000,0.35640000,0.35660000,0.35580000,0.35640000,3212575.80000000
1779238800000,0.35640000,0.35660000,0.35590000,0.35600000,1288834.40000000
1779242400000,0.35600000,0.35630000,0.35570000,0.35630000,1615754.90000000
1779246000000,0.35630000,0.35630000,0.35530000,0.35560000,3636099.50000000
1779249600000,0.35550000,0.35620000,0.35550000,0.35560000,2164997.90000000
1779253200000,0.35560000,0.35600000,0.35510000,0.35550000,3445356.80000000
1779256800000,0.35560000,0.35670000,0.35550000,0.35660000,4359363.60000000
1779260400000,0.35670000,0.35710000,0.35620000,0.35710000,4252926.70000000
1779264000000,0.35710000,0.35720000,0.35650000,0.35660000,3963128.80000000
1779267600000,0.35660000,0.35730000,0.35650000,0.35720000,3556364.80000000
1779271200000,0.35730000,0.35830000,0.35730000,0.35780000,8883832.00000000
1779274800000,0.35790000,0.35840000,0.35760000,0.35830000,4987551.70000000
1779278400000,0.35840000,0.35920000,0.35820000,0.35870000,7355534.70000000
1779282000000,0.35880000,0.35910000,0.35750000,0.35810000,8258891.40000000
1779285600000,0.35810000,0.35900000,0.35800000,0.35880000,4986239.10000000
1779289200000,0.35880000,0.35880000,0.35800000,0.35850000,5521537.70000000
1779292800000,0.35850000,0.35900000,0.35810000,0.35870000,4005044.90000000
1779296400000,0.35880000,0.35900000,0.35840000,0.35900000,3343760.60000000
1779300000000,0.35900000,0.35940000,0.35880000,0.35930000,3364672.50000000
1779303600000,0.35930000,0.35970000,0.35920000,0.35950000,3738991.60000000
1779307200000,0.35960000,0.35990000,0.35930000,0.35970000,3532805.80000000
1779310800000,0.35960000,0.35990000,0.35950000,0.35990000,4274052.80000000
1779314400000,0.35980000,0.35990000,0.35930000,0.35950000,1369392.80000000
1779318000000,0.35940000,0.35950000,0.35910000,0.35920000,1597496.80000000
1779321600000,0.35920000,0.35970000,0.35880000,0.35920000,3505515.20000000
1779325200000,0.35920000,0.35950000,0.35880000,0.35910000,1589214.20000000
1779328800000,0.35920000,0.35980000,0.35880000,0.35980000,3805260.30000000
1779332400000,0.35980000,0.35980000,0.35940000,0.35950000,1655810.80000000
1779336000000,0.35940000,0.35990000,0.35920000,0.35970000,1890648.90000000
1779339600000,0.35980000,0.36090000,0.35970000,0.36080000,7542607.90000000
1779343200000,0.36070000,0.36100000,0.36040000,0.36070000,4775898.50000000
1779346800000,0.36070000,0.36070000,0.35900000,0.35960000,8146854.50000000
1779350400000,0.35960000,0.36000000,0.35940000,0.35990000,2307253.60000000
1779354000000,0.35990000,0.36170000,0.35980000,0.36140000,7795724.30000000
1779357600000,0.36150000,0.36190000,0.36130000,0.36140000,7446733.40000000
1779361200000,0.36150000,0.36180000,0.36110000,0.36160000,5773376.20000000
1779364800000,0.36160000,0.36370000,0.36160000,0.36320000,14100609.30000000
1779368400000,0.36320000,0.36390000,0.36190000,0.36210000,8808784.60000000
1779372000000,0.36220000,0.36240000,0.36160000,0.36210000,4544827.90000000
1779375600000,0.36200000,0.36350000,0.36200000,0.36320000,6864680.90000000
1779379200000,0.36330000,0.36430000,0.36320000,0.36400000,8507459.70000000
1779382800000,0.36400000,0.36480000,0.36380000,0.36430000,7727979.70000000
1779386400000,0.36440000,0.36470000,0.36430000,0.36460000,3080628.20000000
1779390000000,0.36460000,0.36480000,0.36420000,0.36440000,2154737.30000000
1779393600000,0.36450000,0.36450000,0.36360000,0.36410000,3381304.50000000
1779397200000,0.36400000,0.36460000,0.36370000,0.36450000,3579602.50000000
1779400800000,0.36450000,0.36540000,0.36440000,0.36520000,3387093.60000000
1779404400000,0.36520000,0.36540000,0.36480000,0.36540000,2379167.00000000
1779408000000,0.36540000,0.36630000,0.36510000,0.36550000,4750399.50000000
1779411600000,0.36550000,0.36550000,0.36490000,0.36550000,3661267.60000000
1779415200000,0.36550000,0.36650000,0.36440000,0.36480000,8427560.80000000
1779418800000,0.36470000,0.36510000,0.36400000,0.36510000,4728638.00000000
1779422400000,0.36510000,0.36530000,0.36430000,0.36470000,3290054.30000000
1779426000000,0.36480000,0.36510000,0.36440000,0.36440000,3412048.80000000
1779429600000,0.36440000,0.36590000,0.36440000,0.36550000,6327522.00000000
1779433200000,0.36560000,0.36560000,0.36470000,0.36500000,3073018.10000000
1779436800000,0.36510000,0.36520000,0.36440000,0.36510000,4599455.50000000
1779440400000,0.36500000,0.36520000,0.36460000,0.36470000,3024133.10000000
1779444000000,0.36470000,0.36520000,0.36430000,0.36500000,4292106.70000000
1779447600000,0.36490000,0.36540000,0.36470000,0.36490000,3462162.30000000
1779451200000,0.36490000,0.36530000,0.36370000,0.36380000,5922036.90000000
1779454800000,0.36390000,0.36430000,0.35950000,0.35980000,14681703.30000000
1779458400000,0.35990000,0.36150000,0.35950000,0.36150000,8359876.30000000
1779462000000,0.36150000,0.36260000,0.36150000,0.36250000,4839541.90000000
1779465600000,0.36250000,0.36320000,0.36250000,0.36280000,4674633.90000000
1779469200000,0.36280000,0.36330000,0.36270000,0.36300000,3971892.80000000
1779472800000,0.36300000,0.36300000,0.36240000,0.36270000,3898105.20000000
1779476400000,0.36280000,0.36300000,0.36220000,0.36250000,6940471.70000000
1779480000000,0.36240000,0.36290000,0.36210000,0.36250000,4824727.10000000
1779483600000,0.36250000,0.36300000,0.36230000,0.36290000,3279105.40000000
1779487200000,0.36290000,0.36330000,0.36270000,0.36300000,4056446.10000000
1779490800000,0.36290000,0.36320000,0.36190000,0.36230000,4265467.60000000
1779494400000,0.36230000,0.36270000,0.36150000,0.36200000,4144928.30000000
1779498000000,0.36200000,0.36290000,0.36190000,0.36280000,2896333.30000000
1779501600000,0.36280000,0.36330000,0.36260000,0.36320000,2821264.50000000
1779505200000,0.36330000,0.36340000,0.36310000,0.36330000,1384409.90000000
1779508800000,0.36340000,0.36340000,0.36220000,0.36240000,1767477.20000000
1779512400000,0.36230000,0.36240000,0.36160000,0.36190000,3703054.80000000
1779516000000,0.36190000,0.36210000,0.36150000,0.36170000,1939297.80000000
1779519600000,0.36160000,0.36200000,0.36020000,0.36070000,8805303.00000000
1779523200000,0.36070000,0.36080000,0.35990000,0.36030000,4924421.00000000
1779526800000,0.36030000,0.36080000,0.35980000,0.36060000,3531522.60000000
1779530400000,0.36070000,0.36210000,0.35850000,0.35940000,14967069.20000000
1779534000000,0.35940000,0.35960000,0.35890000,0.35930000,4426419.20000000
1779537600000,0.35930000,0.35940000,0.35850000,0.35930000,6496940.10000000
1779541200000,0.35920000,0.35940000,0.35910000,0.35920000,1854517.80000000
1779544800000,0.35930000,0.35950000,0.35900000,0.35940000,2877546.80000000
1779548400000,0.35940000,0.35980000,0.35920000,0.35970000,3552984.40000000
1779552000000,0.35970000,0.36010000,0.35920000,0.36010000,3195408.10000000
1779555600000,0.36000000,0.36040000,0.36000000,0.36040000,2738833.90000000
1779559200000,0.36030000,0.36120000,0.36030000,0.36100000,4104702.00000000
1779562800000,0.36100000,0.36150000,0.36090000,0.36150000,3557303.20000000
1779566400000,0.36150000,0.36180000,0.36130000,0.36180000,4591674.00000000
1779570000000,0.36180000,0.36230000,0.36150000,0.36190000,5336760.40000000
1779573600000,0.36180000,0.36260000,0.36180000,0.36260000,2456708.10000000
1779577200000,0.36260000,0.36300000,0.36250000,0.36290000,3677534.70000000
1779580800000,0.36300000,0.36300000,0.36210000,0.36230000,2394810.10000000
1779584400000,0.36230000,0.36290000,0.36210000,0.36260000,3617536.80000000
1779588000000,0.36260000,0.36270000,0.36220000,0.36230000,822727.10000000
1779591600000,0.36240000,0.36360000,0.36240000,0.36310000,3826227.10000000
1779595200000,0.36310000,0.36390000,0.36310000,0.36350000,2526807.50000000
1779598800000,0.36360000,0.36360000,0.36300000,0.36330000,2006479.20000000
1779602400000,0.36330000,0.36330000,0.36280000,0.36290000,1721604.70000000
1779606000000,0.36280000,0.36300000,0.36240000,0.36300000,3099626.00000000
1779609600000,0.36300000,0.36300000,0.36270000,0.36300000,1078820.30000000
1779613200000,0.36300000,0.36430000,0.36300000,0.36410000,5388771.20000000
1779616800000,0.36410000,0.36440000,0.36400000,0.36420000,2712666.70000000
1779620400000,0.36420000,0.36490000,0.36410000,0.36460000,5976995.40000000
1779624000000,0.36460000,0.36580000,0.36450000,0.36560000,7123874.80000000
1779627600000,0.36560000,0.36610000,0.36510000,0.36520000,5268316.00000000
1779631200000,0.36520000,0.36610000,0.36510000,0.36570000,4891988.80000000
1779634800000,0.36580000,0.36620000,0.36510000,0.36530000,2623585.20000000
1779638400000,0.36530000,0.36580000,0.36520000,0.36570000,2616767.30000000
1779642000000,0.36570000,0.36710000,0.36570000,0.36690000,5924787.70000000
1779645600000,0.36700000,0.36800000,0.36660000,0.36790000,6187796.00000000
1779649200000,0.36790000,0.36790000,0.36730000,0.36760000,2186355.40000000
1779652800000,0.36760000,0.36780000,0.36500000,0.36500000,5235423.50000000
1779656400000,0.36510000,0.36550000,0.36450000,0.36460000,4410561.90000000
1779660000000,0.36460000,0.36550000,0.36450000,0.36530000,2910610.80000000
1779663600000,0.36530000,0.36580000,0.36530000,0.36570000,1939998.70000000
1779667200000,0.36570000,0.36610000,0.36540000,0.36540000,3034358.30000000
1779670800000,0.36550000,0.36580000,0.36520000,0.36530000,1606419.40000000
1779674400000,0.36530000,0.36560000,0.36510000,0.36530000,1722598.10000000
1779678000000,0.36530000,0.36530000,0.36400000,0.36430000,4790888.00000000
1779681600000,0.36440000,0.36530000,0.36430000,0.36530000,2912732.00000000
1779685200000,0.36530000,0.36690000,0.36520000,0.36690000,5755423.80000000
1779688800000,0.36690000,0.36760000,0.36620000,0.36710000,5517061.50000000
1779692400000,0.36710000,0.36750000,0.36670000,0.36690000,2747804.60000000
1779696000000,0.36690000,0.36760000,0.36640000,0.36750000,4115440.20000000
1779699600000,0.36750000,0.36760000,0.36690000,0.36700000,2837257.40000000
1779703200000,0.36690000,0.36700000,0.36610000,0.36640000,4050510.70000000
1779706800000,0.36630000,0.36660000,0.36560000,0.36660000,5736127.50000000
1779710400000,0.36650000,0.37010000,0.36640000,0.36990000,24747767.80000000
1779714000000,0.36990000,0.37060000,0.36860000,0.37040000,6891466.50000000
1779717600000,0.37030000,0.37320000,0.37030000,0.37300000,20433358.60000000
1779721200000,0.37300000,0.37380000,0.36750000,0.37070000,21158476.20000000
1779724800000,0.37060000,0.37390000,0.37060000,0.37350000,16395666.20000000
1779728400000,0.37340000,0.37400000,0.37260000,0.37280000,4619198.60000000
1779732000000,0.37280000,0.37330000,0.37240000,0.37290000,3197142.50000000
1779735600000,0.37300000,0.37320000,0.37150000,0.37170000,6313427.90000000
1779739200000,0.37180000,0.37180000,0.37100000,0.37160000,3892029.80000000
1779742800000,0.37170000,0.37210000,0.37120000,0.37200000,2676819.60000000
1779746400000,0.37200000,0.37240000,0.37130000,0.37190000,3724243.00000000
1779750000000,0.37200000,0.37240000,0.37170000,0.37180000,1666216.50000000
1779753600000,0.37170000,0.37260000,0.37130000,0.37160000,4267723.60000000
1779757200000,0.37160000,0.37380000,0.37140000,0.37370000,5349702.60000000
1779760800000,0.37380000,0.37500000,0.37340000,0.37460000,5858556.40000000
1779764400000,0.37450000,0.37460000,0.37360000,0.37410000,5881438.40000000
1779768000000,0.37410000,0.37630000,0.37400000,0.37580000,8466763.60000000
1779771600000,0.37580000,0.37580000,0.37470000,0.37490000,3964624.10000000
1779775200000,0.37490000,0.37500000,0.37330000,0.37390000,5723445.90000000
1779778800000,0.37390000,0.37390000,0.37320000,0.37330000,4492505.60000000
1779782400000,0.37340000,0.37500000,0.37310000,0.37480000,4147734.60000000
1779786000000,0.37470000,0.37510000,0.37280000,0.37310000,8337356.50000000
1779789600000,0.37310000,0.37320000,0.37240000,0.37250000,5401097.60000000
1779793200000,0.37260000,0.37630000,0.37260000,0.37580000,19585521.80000000
1779796800000,0.37590000,0.37750000,0.37580000,0.37620000,10331612.70000000
1779800400000,0.37630000,0.37670000,0.37400000,0.37550000,10364028.50000000
1779804000000,0.37550000,0.37550000,0.37300000,0.37530000,13062731.90000000
1779807600000,0.37530000,0.37670000,0.37510000,0.37580000,11073064.20000000
1779811200000,0.37570000,0.37590000,0.37460000,0.37510000,5474683.70000000
1779814800000,0.37520000,0.37530000,0.37440000,0.37470000,3555474.30000000
1779818400000,0.37470000,0.37510000,0.37410000,0.37440000,2986739.40000000
1779822000000,0.37430000,0.37480000,0.37390000,0.37410000,3864675.00000000
1779825600000,0.37410000,0.37470000,0.37410000,0.37460000,2270790.30000000
1779829200000,0.37460000,0.37540000,0.37460000,0.37540000,4060461.50000000
1779832800000,0.37540000,0.37610000,0.37520000,0.37610000,4521201.00000000
1779836400000,0.37600000,0.37610000,0.37550000,0.37560000,2129108.50000000
1779840000000,0.37560000,0.37590000,0.37430000,0.37510000,4516314.70000000
1779843600000,0.37520000,0.37540000,0.37460000,0.37510000,2092938.80000000
1779847200000,0.37510000,0.37530000,0.37420000,0.37450000,3504057.40000000
1779850800000,0.37450000,0.37450000,0.37340000,0.37360000,3128058.30000000
1779854400000,0.37350000,0.37400000,0.37330000,0.37360000,3444824.90000000
1779858000000,0.37360000,0.37390000,0.37330000,0.37380000,2522593.50000000
1779861600000,0.37380000,0.37380000,0.37280000,0.37320000,4528287.70000000
1779865200000,0.37330000,0.37400000,0.37310000,0.37360000,2635039.30000000
1779868800000,0.37360000,0.37410000,0.37350000,0.37400000,2077540.50000000
1779872400000,0.37400000,0.37420000,0.37290000,0.37310000,3890897.10000000
1779876000000,0.37310000,0.37330000,0.37280000,0.37320000,2700799.80000000
1779879600000,0.37330000,0.37470000,0.37290000,0.37400000,7214423.00000000
1779883200000,0.37410000,0.37450000,0.37350000,0.37360000,4541315.50000000
1779886800000,0.37350000,0.37390000,0.37250000,0.37260000,6882857.30000000
1779890400000,0.37250000,0.37260000,0.37000000,0.37040000,11608920.70000000
1779894000000,0.37040000,0.37240000,0.37020000,0.37140000,6631688.20000000
1779897600000,0.37150000,0.37160000,0.37060000,0.37080000,4922170.80000000
1779901200000,0.37080000,0.37100000,0.37000000,0.37040000,5021079.60000000
1779904800000,0.37040000,0.37130000,0.36880000,0.37020000,12808245.00000000
1779908400000,0.37020000,0.37040000,0.36940000,0.36960000,4137503.30000000
1779912000000,0.36960000,0.36990000,0.36920000,0.36980000,3463314.20000000
1779915600000,0.36980000,0.37020000,0.36780000,0.36870000,7814027.10000000
1779919200000,0.36870000,0.36890000,0.36830000,0.36860000,3191660.10000000
1779922800000,0.36860000,0.36890000,0.36810000,0.36810000,3305489.30000000
1779926400000,0.36810000,0.36860000,0.36790000,0.36810000,3259225.60000000
1779930000000,0.36810000,0.36840000,0.36670000,0.36750000,5579226.90000000
1779933600000,0.36750000,0.36810000,0.36710000,0.36750000,4248231.90000000
1779937200000,0.36750000,0.36820000,0.36570000,0.36670000,8428440.00000000
1779940800000,0.36670000,0.36680000,0.36560000,0.36560000,9137430.70000000
1779944400000,0.36560000,0.36570000,0.36420000,0.36480000,8790830.30000000
1779948000000,0.36480000,0.36480000,0.35990000,0.36050000,24144119.40000000
1779951600000,0.36060000,0.36110000,0.35970000,0.36080000,8987379.20000000
1779955200000,0.36080000,0.36080000,0.35860000,0.35910000,12246227.20000000
1779958800000,0.35920000,0.35920000,0.34810000,0.35410000,52756536.70000000
1779962400000,0.35410000,0.35420000,0.34910000,0.34990000,25362329.90000000
1779966000000,0.34980000,0.35090000,0.34870000,0.35010000,12585077.40000000
1779969600000,0.35000000,0.35070000,0.34900000,0.34930000,7743422.50000000
1779973200000,0.34930000,0.34960000,0.34800000,0.34870000,10888145.90000000
1779976800000,0.34860000,0.35040000,0.34820000,0.35030000,10766638.80000000
1779980400000,0.35030000,0.35120000,0.35000000,0.35040000,7645045.60000000
1779984000000,0.35030000,0.35230000,0.35020000,0.35180000,9653084.60000000
1779987600000,0.35180000,0.35350000,0.35160000,0.35350000,7017413.10000000
1779991200000,0.35350000,0.35420000,0.35340000,0.35400000,6146738.10000000
1779994800000,0.35400000,0.35410000,0.35240000,0.35280000,5238406.80000000
1779998400000,0.35280000,0.35420000,0.35250000,0.35380000,4160166.80000000
1780002000000,0.35370000,0.35430000,0.35280000,0.35310000,5627621.00000000
1780005600000,0.35300000,0.35310000,0.35180000,0.35240000,6401484.00000000
1780009200000,0.35230000,0.35310000,0.35210000,0.35300000,2815790.20000000
1780012800000,0.35290000,0.35310000,0.35190000,0.35220000,5194718.20000000
1780016400000,0.35220000,0.35260000,0.35150000,0.35200000,3220014.60000000
1780020000000,0.35200000,0.35210000,0.35150000,0.35170000,2440271.80000000
1780023600000,0.35170000,0.35200000,0.35020000,0.35030000,5654970.10000000
1780027200000,0.35030000,0.35080000,0.34990000,0.35040000,4437852.10000000
1780030800000,0.35040000,0.35120000,0.35030000,0.35080000,2477340.20000000
1780034400000,0.35080000,0.35100000,0.35020000,0.35050000,3294210.70000000
1780038000000,0.35050000,0.35080000,0.34670000,0.34670000,13439024.10000000
1780041600000,0.34680000,0.34730000,0.33990000,0.34310000,41230846.60000000
1780045200000,0.34310000,0.34450000,0.34290000,0.34320000,8931006.90000000
1780048800000,0.34330000,0.34340000,0.34180000,0.34200000,6875651.80000000
1780052400000,0.34190000,0.34290000,0.34180000,0.34260000,5608081.30000000
1780056000000,0.34260000,0.34380000,0.34200000,0.34380000,7371491.20000000
1780059600000,0.34390000,0.34760000,0.34380000,0.34750000,13464658.90000000
1780063200000,0.34750000,0.34800000,0.34600000,0.34700000,8890851.60000000
1780066800000,0.34690000,0.34810000,0.34630000,0.34780000,10101754.10000000
1780070400000,0.34780000,0.34790000,0.34400000,0.34450000,14255421.80000000
1780074000000,0.34450000,0.34640000,0.34380000,0.34480000,5191656.00000000
1780077600000,0.34470000,0.34540000,0.34440000,0.34450000,4389316.30000000
1780081200000,0.34440000,0.34460000,0.34400000,0.34420000,2602338.20000000
1780084800000,0.34420000,0.34460000,0.34390000,0.34420000,1681206.20000000
1780088400000,0.34430000,0.34500000,0.34410000,0.34440000,3248691.10000000
1780092000000,0.34430000,0.34470000,0.34390000,0.34460000,3152988.50000000
1780095600000,0.34470000,0.34480000,0.34430000,0.34440000,3098109.70000000
1780099200000,0.34430000,0.34480000,0.34420000,0.34480000,3276231.60000000
1780102800000,0.34470000,0.34500000,0.34420000,0.34470000,3527006.80000000
1780106400000,0.34470000,0.34550000,0.34470000,0.34530000,4800816.20000000
1780110000000,0.34520000,0.34530000,0.34290000,0.34340000,7385946.60000000
1780113600000,0.34330000,0.34360000,0.34250000,0.34290000,2268632.30000000
1780117200000,0.34280000,0.34300000,0.34220000,0.34280000,3941883.00000000
1780120800000,0.34290000,0.34330000,0.34280000,0.34330000,1723836.90000000
1780124400000,0.34330000,0.34350000,0.34220000,0.34220000,3246099.30000000
1780128000000,0.34230000,0.34260000,0.34200000,0.34260000,3458540.60000000
1780131600000,0.34250000,0.34330000,0.34230000,0.34330000,3610135.70000000
1780135200000,0.34330000,0.34400000,0.34320000,0.34390000,4269633.20000000
1780138800000,0.34380000,0.34450000,0.34380000,0.34440000,3590887.40000000
1780142400000,0.34430000,0.34480000,0.34350000,0.34410000,4512282.40000000
1780146000000,0.34410000,0.34450000,0.34380000,0.34440000,2619844.10000000
1780149600000,0.34440000,0.34450000,0.34340000,0.34430000,7082645.40000000
1780153200000,0.34420000,0.34840000,0.34410000,0.34760000,20184155.00000000
1780156800000,0.34760000,0.34970000,0.34740000,0.34870000,10434632.70000000
1780160400000,0.34860000,0.34920000,0.34760000,0.34810000,8450805.20000000
1780164000000,0.34800000,0.34860000,0.34760000,0.34790000,3049192.40000000
1780167600000,0.34790000,0.34810000,0.34740000,0.34750000,4905834.10000000
1780171200000,0.34740000,0.34760000,0.34700000,0.34750000,2630669.20000000
1780174800000,0.34750000,0.34780000,0.34730000,0.34770000,1686367.50000000
1780178400000,0.34770000,0.34770000,0.34700000,0.34770000,2039600.00000000
1780182000000,0.34770000,0.34820000,0.34730000,0.34810000,2670919.00000000
1780185600000,0.34810000,0.34820000,0.34670000,0.34730000,5741333.70000000
1780189200000,0.34720000,0.34740000,0.34670000,0.34690000,1759560.20000000
1780192800000,0.34690000,0.34690000,0.34530000,0.34580000,8974314.40000000
1780196400000,0.34580000,0.34620000,0.34550000,0.34610000,2583941.90000000
1780200000000,0.34600000,0.34620000,0.34590000,0.34600000,640539.10000000
1780203600000,0.34590000,0.34750000,0.34580000,0.34740000,3201303.10000000
1780207200000,0.34750000,0.34760000,0.34700000,0.34740000,2271258.50000000
1780210800000,0.34740000,0.34750000,0.34680000,0.34720000,1655394.80000000
1780214400000,0.34730000,0.34830000,0.34730000,0.34820000,3631590.40000000
1780218000000,0.34830000,0.35070000,0.34810000,0.34930000,11511939.40000000
1780221600000,0.34930000,0.35030000,0.34910000,0.34960000,6056150.70000000
1780225200000,0.34950000,0.34960000,0.34860000,0.34890000,4714360.30000000
1780228800000,0.34890000,0.34930000,0.34820000,0.34900000,3260839.70000000
1780232400000,0.34890000,0.34950000,0.34870000,0.34920000,3449533.50000000
1780236000000,0.34920000,0.34920000,0.34830000,0.34900000,3678595.20000000
1780239600000,0.34910000,0.34910000,0.34840000,0.34890000,1959074.10000000
1780243200000,0.34890000,0.34960000,0.34870000,0.34890000,5747700.80000000
1780246800000,0.34900000,0.34950000,0.34880000,0.34950000,2213402.00000000
1780250400000,0.34950000,0.34980000,0.34900000,0.34960000,3084185.50000000
1780254000000,0.34960000,0.35040000,0.34930000,0.35010000,3972761.10000000
1780257600000,0.35020000,0.35040000,0.34980000,0.35030000,2091295.90000000
1780261200000,0.35030000,0.35090000,0.35010000,0.35070000,3715690.70000000
1780264800000,0.35070000,0.35110000,0.35040000,0.35070000,2954920.80000000
1780268400000,0.35070000,0.35140000,0.35060000,0.35140000,2411190.90000000
1780272000000,0.35130000,0.35220000,0.35100000,0.35220000,3996168.50000000
1780275600000,0.35220000,0.35230000,0.35060000,0.35070000,4846084.10000000
1780279200000,0.35080000,0.35120000,0.35030000,0.35060000,2725368.30000000
1780282800000,0.35070000,0.35090000,0.35040000,0.35060000,1173794.90000000
1780286400000,0.35070000,0.35110000,0.35050000,0.35100000,3231674.40000000
1780290000000,0.35090000,0.35260000,0.35090000,0.35230000,7931871.80000000
1780293600000,0.35230000,0.35240000,0.35110000,0.35150000,4103914.50000000
1780297200000,0.35160000,0.35160000,0.35060000,0.35080000,3524293.00000000
1780300800000,0.35070000,0.35210000,0.35070000,0.35210000,6448409.50000000
1780304400000,0.35210000,0.35220000,0.35120000,0.35130000,3058883.80000000
1780308000000,0.35130000,0.35180000,0.35000000,0.35110000,8646739.20000000
1780311600000,0.35110000,0.35120000,0.34990000,0.35020000,6076536.70000000
1780315200000,0.35020000,0.35030000,0.34860000,0.34860000,6587960.00000000
1780318800000,0.34870000,0.34980000,0.34840000,0.34910000,5848825.70000000
1780322400000,0.34910000,0.34950000,0.34700000,0.34750000,9773150.70000000
1780326000000,0.34740000,0.34760000,0.34600000,0.34670000,7213182.00000000
1780329600000,0.34660000,0.34720000,0.34620000,0.34710000,5975886.50000000
1780333200000,0.34710000,0.34710000,0.34560000,0.34560000,6770401.80000000
1780336800000,0.34560000,0.34600000,0.34440000,0.34470000,7531555.30000000
1780340400000,0.34460000,0.34470000,0.34390000,0.34420000,3947509.60000000
1780344000000,0.34430000,0.34450000,0.34320000,0.34370000,5261780.10000000
1780347600000,0.34370000,0.34430000,0.34360000,0.34400000,2975453.60000000
1780351200000,0.34400000,0.34420000,0.34360000,0.34390000,2470476.10000000
1780354800000,0.34390000,0.34430000,0.34350000,0.34360000,3238460.40000000
1780358400000,0.34370000,0.34370000,0.34320000,0.34320000,3106098.80000000
1780362000000,0.34310000,0.34330000,0.34260000,0.34300000,2428976.70000000
1780365600000,0.34310000,0.34340000,0.34270000,0.34330000,2266150.50000000
1780369200000,0.34340000,0.34340000,0.34170000,0.34210000,5635200.60000000
1780372800000,0.34210000,0.34270000,0.34170000,0.34250000,3993030.40000000
1780376400000,0.34250000,0.34280000,0.34210000,0.34230000,2850613.60000000
1780380000000,0.34230000,0.34230000,0.33960000,0.34040000,11143296.40000000
1780383600000,0.34030000,0.34160000,0.33980000,0.34130000,5136206.70000000
1780387200000,0.34140000,0.34160000,0.34080000,0.34110000,2894777.90000000
1780390800000,0.34110000,0.34170000,0.34070000,0.34120000,6220188.60000000
1780394400000,0.34110000,0.34140000,0.34070000,0.34080000,2621348.80000000
1780398000000,0.34070000,0.34280000,0.34060000,0.34270000,7499585.20000000
1780401600000,0.34280000,0.34320000,0.33990000,0.34050000,12351995.60000000
1780405200000,0.34040000,0.34190000,0.33990000,0.34040000,11974965.70000000
1780408800000,0.34050000,0.34050000,0.33670000,0.33770000,14906868.90000000
1780412400000,0.33770000,0.33770000,0.33650000,0.33710000,10232203.90000000
1780416000000,0.33700000,0.33840000,0.33680000,0.33810000,6182052.60000000
1780419600000,0.33800000,0.33890000,0.33790000,0.33820000,4334810.10000000
1780423200000,0.33820000,0.33830000,0.33700000,0.33740000,5449377.80000000
1780426800000,0.33740000,0.33740000,0.33500000,0.33570000,11057358.20000000
1780430400000,0.33560000,0.33600000,0.33480000,0.33500000,5783036.70000000
1780434000000,0.33500000,0.33610000,0.33480000,0.33550000,4275756.20000000
1780437600000,0.33550000,0.33610000,0.33250000,0.33370000,12417608.30000000
1780441200000,0.33370000,0.33370000,0.33230000,0.33270000,7900383.80000000
1780444800000,0.33280000,0.33350000,0.33190000,0.33340000,6467738.00000000
1780448400000,0.33340000,0.33370000,0.33250000,0.33280000,3066620.10000000
1780452000000,0.33270000,0.33300000,0.33250000,0.33270000,1875485.10000000
1780455600000,0.33280000,0.33300000,0.32970000,0.33000000,12559147.10000000
1780459200000,0.33000000,0.33190000,0.32940000,0.33170000,11454760.40000000
1780462800000,0.33160000,0.33360000,0.33160000,0.33320000,10160273.60000000
1780466400000,0.33320000,0.33410000,0.33290000,0.33400000,4707974.60000000
1780470000000,0.33400000,0.33400000,0.33320000,0.33360000,5348559.60000000
1780473600000,0.33360000,0.33380000,0.33310000,0.33340000,2795465.30000000
1780477200000,0.33330000,0.33350000,0.33220000,0.33260000,8845376.70000000
1780480800000,0.33250000,0.33280000,0.33170000,0.33240000,4994674.60000000
1780484400000,0.33240000,0.33310000,0.33210000,0.33230000,4913281.00000000
1780488000000,0.33230000,0.33270000,0.33190000,0.33260000,2931153.90000000
1780491600000,0.33270000,0.33440000,0.33260000,0.33390000,7471683.00000000
1780495200000,0.33390000,0.33540000,0.33320000,0.33500000,10509988.70000000
1780498800000,0.33500000,0.33580000,0.33410000,0.33550000,7573664.80000000
1780502400000,0.33550000,0.33580000,0.33340000,0.33380000,9268215.50000000
1780506000000,0.33370000,0.33510000,0.33330000,0.33390000,5633558.30000000
1780509600000,0.33390000,0.33470000,0.33350000,0.33470000,4298651.90000000
1780513200000,0.33460000,0.33500000,0.33380000,0.33410000,3783735.20000000
1780516800000,0.33400000,0.33450000,0.33320000,0.33320000,5998679.30000000
1780520400000,0.33330000,0.33430000,0.33320000,0.33430000,4381148.60000000
1780524000000,0.33430000,0.33440000,0.33370000,0.33380000,2638586.90000000
1780527600000,0.33380000,0.33380000,0.33300000,0.33340000,3627158.90000000
1780531200000,0.33330000,0.33370000,0.33270000,0.33290000,5155000.90000000
1780534800000,0.33290000,0.33310000,0.33030000,0.33070000,14015071.40000000
1780538400000,0.33070000,0.33200000,0.32950000,0.33140000,10874823.00000000
1780542000000,0.33140000,0.33290000,0.33140000,0.33280000,8492691.80000000
1780545600000,0.33280000,0.33320000,0.33270000,0.33300000,7017281.10000000
1780549200000,0.33290000,0.33300000,0.33150000,0.33230000,7071310.30000000
1780552800000,0.33230000,0.33360000,0.33190000,0.33220000,12174689.00000000
1780556400000,0.33220000,0.33250000,0.33120000,0.33150000,8689528.90000000
1780560000000,0.33150000,0.33150000,0.33010000,0.33080000,10888363.00000000
1780563600000,0.33080000,0.33090000,0.32740000,0.32800000,16665956.90000000
1780567200000,0.32800000,0.32800000,0.32640000,0.32730000,12615083.50000000
1780570800000,0.32740000,0.32890000,0.32720000,0.32850000,10934740.60000000
1780574400000,0.32850000,0.33020000,0.32820000,0.33010000,10701273.90000000
1780578000000,0.33010000,0.33020000,0.32870000,0.32880000,9333482.30000000
1780581600000,0.32880000,0.32950000,0.32850000,0.32920000,7112022.10000000
1780585200000,0.32920000,0.33100000,0.32900000,0.33100000,9204510.50000000
1780588800000,0.33100000,0.33140000,0.32970000,0.33110000,9629068.70000000
1780592400000,0.33110000,0.33120000,0.33000000,0.33120000,6699734.10000000
1780596000000,0.33120000,0.33260000,0.33120000,0.33210000,10552319.20000000
1780599600000,0.33210000,0.33230000,0.33160000,0.33180000,4168676.40000000
1780603200000,0.33180000,0.33210000,0.33150000,0.33200000,3025808.60000000
1780606800000,0.33190000,0.33260000,0.33080000,0.33170000,7221242.50000000
1780610400000,0.33170000,0.33190000,0.33110000,0.33160000,3419072.20000000
1780614000000,0.33160000,0.33250000,0.33150000,0.33250000,3235959.50000000
1780617600000,0.33250000,0.33260000,0.32790000,0.32820000,28305837.10000000
1780621200000,0.32810000,0.32850000,0.32730000,0.32850000,6188522.90000000
1780624800000,0.32840000,0.32880000,0.32680000,0.32720000,6744946.60000000
1780628400000,0.32710000,0.32820000,0.32640000,0.32790000,7423353.90000000
1780632000000,0.32790000,0.32960000,0.32780000,0.32920000,5600209.80000000
1780635600000,0.32930000,0.32940000,0.32700000,0.32710000,6223304.80000000
1780639200000,0.32700000,0.32720000,0.32430000,0.32440000,17622103.00000000
1780642800000,0.32440000,0.32580000,0.32290000,0.32570000,19349177.70000000
1780646400000,0.32570000,0.32650000,0.32450000,0.32480000,9204047.80000000
1780650000000,0.32480000,0.32650000,0.32410000,0.32640000,10467330.00000000
1780653600000,0.32640000,0.32740000,0.32270000,0.32530000,26973989.30000000
1780657200000,0.32530000,0.32590000,0.32460000,0.32530000,12230990.20000000
1780660800000,0.32540000,0.32610000,0.32480000,0.32520000,7865000.40000000
1780664400000,0.32520000,0.32700000,0.32440000,0.32440000,14775665.00000000
1780668000000,0.32450000,0.32540000,0.32330000,0.32340000,16406858.00000000
1780671600000,0.32340000,0.32360000,0.32040000,0.32060000,16489181.20000000
1780675200000,0.32050000,0.32350000,0.31860000,0.32350000,26506390.20000000
1780678800000,0.32340000,0.32360000,0.32060000,0.32210000,9854035.40000000
1780682400000,0.32210000,0.32230000,0.32000000,0.32020000,10193705.00000000
1780686000000,0.32020000,0.32200000,0.31960000,0.32160000,13215197.40000000
1780689600000,0.32160000,0.32300000,0.32090000,0.32270000,10394559.40000000
1780693200000,0.32270000,0.32330000,0.32170000,0.32200000,7681634.00000000
1780696800000,0.32200000,0.32210000,0.32130000,0.32140000,5654587.60000000
1780700400000,0.32140000,0.32160000,0.31980000,0.32030000,8495000.80000000
1780704000000,0.32030000,0.32120000,0.31990000,0.32070000,6464888.70000000
1780707600000,0.32060000,0.32140000,0.32050000,0.32090000,4938951.20000000
1780711200000,0.32080000,0.32080000,0.32000000,0.32020000,4260358.20000000
1780714800000,0.32010000,0.32040000,0.31970000,0.32010000,4198705.80000000
1780718400000,0.32010000,0.32090000,0.31860000,0.31890000,11867135.10000000
1780722000000,0.31880000,0.32020000,0.31830000,0.32020000,10473987.70000000
1780725600000,0.32010000,0.32140000,0.31990000,0.32040000,10672811.00000000
1780729200000,0.32040000,0.32180000,0.32030000,0.32030000,11779525.80000000
1780732800000,0.32040000,0.32050000,0.31940000,0.31970000,9532676.70000000
1780736400000,0.31980000,0.32060000,0.31950000,0.31960000,4839917.10000000
1780740000000,0.31950000,0.31960000,0.31850000,0.31860000,7154705.40000000
1780743600000,0.31860000,0.32030000,0.31860000,0.32010000,4926857.70000000
1780747200000,0.32020000,0.32070000,0.31900000,0.32070000,6291697.00000000
1780750800000,0.32070000,0.32100000,0.32000000,0.32060000,5517729.60000000
1780754400000,0.32060000,0.32130000,0.32050000,0.32100000,3530886.40000000
1780758000000,0.32100000,0.32180000,0.32040000,0.32180000,4768790.80000000
1780761600000,0.32180000,0.32220000,0.32150000,0.32200000,4723084.20000000
1780765200000,0.32190000,0.32200000,0.32080000,0.32130000,3092955.40000000
1780768800000,0.32130000,0.32270000,0.32120000,0.32270000,4562591.40000000
1780772400000,0.32270000,0.32320000,0.32220000,0.32230000,4363928.10000000
1780776000000,0.32220000,0.32270000,0.32220000,0.32260000,1998167.30000000
1780779600000,0.32250000,0.32340000,0.32240000,0.32330000,3321758.60000000
1780783200000,0.32330000,0.32380000,0.32310000,0.32350000,3602949.30000000
1780786800000,0.32340000,0.32430000,0.32340000,0.32420000,3894261.60000000
1780790400000,0.32430000,0.32430000,0.32290000,0.32330000,4002612.10000000
1780794000000,0.32320000,0.32430000,0.32320000,0.32410000,4069672.40000000
1780797600000,0.32400000,0.32430000,0.32360000,0.32400000,2564759.90000000
1780801200000,0.32410000,0.32420000,0.32350000,0.32380000,2340796.20000000
1780804800000,0.32390000,0.32470000,0.32370000,0.32470000,2617007.30000000
1780808400000,0.32470000,0.32580000,0.32460000,0.32550000,5722788.90000000
1780812000000,0.32550000,0.32680000,0.32490000,0.32680000,6801011.40000000
1780815600000,0.32670000,0.32840000,0.32670000,0.32760000,10533329.70000000
1780819200000,0.32770000,0.32880000,0.32700000,0.32880000,6862266.60000000
1780822800000,0.32880000,0.32940000,0.32810000,0.32910000,7431788.80000000
1780826400000,0.32910000,0.32960000,0.32840000,0.32870000,3622792.40000000
1780830000000,0.32860000,0.32910000,0.32850000,0.32890000,3388422.10000000
1780833600000,0.32880000,0.32900000,0.32760000,0.32830000,6337883.60000000
1780837200000,0.32830000,0.32830000,0.32750000,0.32810000,2848551.60000000
1780840800000,0.32800000,0.32880000,0.32800000,0.32830000,4977186.50000000
1780844400000,0.32820000,0.32880000,0.32790000,0.32800000,3049625.00000000
1780848000000,0.32800000,0.32830000,0.32700000,0.32710000,3009827.90000000
1780851600000,0.32710000,0.32780000,0.32670000,0.32720000,5265433.20000000
1780855200000,0.32710000,0.32780000,0.32680000,0.32730000,2784594.90000000
1780858800000,0.32740000,0.32740000,0.32510000,0.32550000,8304115.20000000
1780862400000,0.32540000,0.32610000,0.32540000,0.32610000,2580646.90000000
1780866000000,0.32610000,0.32610000,0.32450000,0.32480000,3650088.80000000
1780869600000,0.32470000,0.32750000,0.32470000,0.32610000,8502944.10000000
1780873200000,0.32610000,0.32680000,0.32580000,0.32680000,3045946.50000000
1780876800000,0.32680000,0.32740000,0.32610000,0.32690000,4917691.40000000
1780880400000,0.32690000,0.32710000,0.32600000,0.32640000,2548195.70000000
1780884000000,0.32630000,0.32720000,0.32620000,0.32680000,2780777.90000000
1780887600000,0.32670000,0.32720000,0.32640000,0.32680000,2597108.30000000
1780891200000,0.32680000,0.32760000,0.32650000,0.32710000,3969175.90000000
1780894800000,0.32700000,0.32750000,0.32670000,0.32700000,2376090.30000000
1780898400000,0.32710000,0.32760000,0.32700000,0.32720000,2237136.00000000
1780902000000,0.32720000,0.32730000,0.32640000,0.32680000,4855881.10000000
1780905600000,0.32670000,0.32690000,0.32580000,0.32650000,6529529.40000000
1780909200000,0.32650000,0.32700000,0.32630000,0.32650000,5297551.50000000
1780912800000,0.32660000,0.32720000,0.32610000,0.32630000,7604864.80000000
1780916400000,0.32620000,0.32810000,0.32600000,0.32780000,7560266.30000000
1780920000000,0.32770000,0.32780000,0.32670000,0.32690000,3661720.90000000
1780923600000,0.32690000,0.32710000,0.32620000,0.32640000,4293957.60000000
1780927200000,0.32640000,0.32700000,0.32620000,0.32650000,5096271.40000000
1780930800000,0.32650000,0.32720000,0.32630000,0.32640000,4314492.60000000
1780934400000,0.32640000,0.32650000,0.32570000,0.32590000,3781696.50000000
1780938000000,0.32590000,0.32620000,0.32560000,0.32580000,3730737.10000000
1780941600000,0.32570000,0.32620000,0.32550000,0.32590000,4109274.10000000
1780945200000,0.32600000,0.32670000,0.32590000,0.32650000,2867412.90000000
1780948800000,0.32660000,0.32690000,0.32600000,0.32680000,3772870.40000000
1780952400000,0.32680000,0.32770000,0.32680000,0.32740000,5754327.70000000
1780956000000,0.32740000,0.32740000,0.32680000,0.32710000,2304529.00000000
1780959600000,0.32700000,0.32730000,0.32620000,0.32680000,3214048.70000000
1780963200000,0.32670000,0.32680000,0.32570000,0.32580000,4642918.50000000
1780966800000,0.32570000,0.32610000,0.32540000,0.32570000,2391603.90000000
1780970400000,0.32580000,0.32590000,0.32490000,0.32540000,4341757.20000000
1780974000000,0.32550000,0.32580000,0.32500000,0.32550000,2212591.80000000
1780977600000,0.32550000,0.32560000,0.32500000,0.32540000,2248291.10000000
1780981200000,0.32540000,0.32540000,0.32480000,0.32490000,2893163.40000000
1780984800000,0.32500000,0.32520000,0.32450000,0.32450000,3125213.30000000
1780988400000,0.32460000,0.32460000,0.32370000,0.32380000,6255576.70000000
1780992000000,0.32370000,0.32420000,0.32320000,0.32320000,3863068.10000000
1780995600000,0.32330000,0.32350000,0.32140000,0.32150000,12534867.60000000
1780999200000,0.32150000,0.32210000,0.32070000,0.32210000,7945642.80000000
1781002800000,0.32210000,0.32290000,0.32170000,0.32280000,4231770.40000000
1781006400000,0.32290000,0.32330000,0.32280000,0.32330000,3651956.00000000
1781010000000,0.32330000,0.32340000,0.32190000,0.32340000,6560090.30000000
1781013600000,0.32340000,0.32340000,0.32110000,0.32170000,7697194.00000000
1781017200000,0.32180000,0.32280000,0.32140000,0.32190000,5450303.70000000
1781020800000,0.32190000,0.32220000,0.32140000,0.32210000,5428161.60000000
1781024400000,0.32220000,0.32320000,0.32220000,0.32320000,5129278.10000000
1781028000000,0.32320000,0.32380000,0.32280000,0.32320000,4027152.80000000
1781031600000,0.32320000,0.32360000,0.32300000,0.32360000,3321844.70000000
1781035200000,0.32360000,0.32400000,0.32290000,0.32300000,2905916.90000000
1781038800000,0.32300000,0.32330000,0.32260000,0.32270000,4170220.60000000
1781042400000,0.32270000,0.32290000,0.32250000,0.32250000,1918951.80000000
1781046000000,0.32260000,0.32300000,0.32250000,0.32290000,1453221.50000000
1781049600000,0.32280000,0.32300000,0.32230000,0.32250000,2262119.60000000
1781053200000,0.32250000,0.32280000,0.32190000,0.32230000,2040820.50000000
1781056800000,0.32230000,0.32250000,0.32110000,0.32130000,4748186.40000000
1781060400000,0.32120000,0.32220000,0.32120000,0.32150000,2223848.30000000
1781064000000,0.32150000,0.32180000,0.32130000,0.32140000,1984013.90000000
1781067600000,0.32140000,0.32260000,0.32130000,0.32230000,4037772.70000000
1781071200000,0.32230000,0.32260000,0.32180000,0.32210000,2468495.70000000
1781074800000,0.32220000,0.32310000,0.32210000,0.32260000,5104875.90000000
1781078400000,0.32260000,0.32260000,0.32180000,0.32210000,2624289.00000000
1781082000000,0.32220000,0.32300000,0.32200000,0.32290000,4467598.00000000
1781085600000,0.32290000,0.32310000,0.32220000,0.32280000,4234607.40000000
1781089200000,0.32280000,0.32290000,0.32210000,0.32270000,3967294.00000000
1781092800000,0.32280000,0.32340000,0.32220000,0.32290000,5765921.20000000
1781096400000,0.32290000,0.32330000,0.32200000,0.32220000,6967953.90000000
1781100000000,0.32220000,0.32270000,0.32140000,0.32230000,5736543.30000000
1781103600000,0.32230000,0.32310000,0.32230000,0.32280000,4535544.00000000
1781107200000,0.32290000,0.32330000,0.32260000,0.32300000,3842397.90000000
1781110800000,0.32310000,0.32320000,0.32160000,0.32170000,6268888.80000000
1781114400000,0.32170000,0.32190000,0.32140000,0.32160000,2978724.50000000
1781118000000,0.32170000,0.32200000,0.32140000,0.32170000,2357201.60000000
1781121600000,0.32180000,0.32210000,0.32140000,0.32160000,3633032.20000000
1781125200000,0.32160000,0.32200000,0.32140000,0.32150000,2792372.40000000
1781128800000,0.32140000,0.32190000,0.32130000,0.32150000,1928309.20000000
1781132400000,0.32150000,0.32160000,0.32070000,0.32110000,2247067.10000000
1781136000000,0.32100000,0.32140000,0.32080000,0.32100000,2551052.80000000
1781139600000,0.32090000,0.32190000,0.32090000,0.32170000,1850895.20000000
1781143200000,0.32180000,0.32210000,0.32120000,0.32130000,2573222.00000000
1781146800000,0.32140000,0.32230000,0.32110000,0.32200000,3340781.30000000
1781150400000,0.32200000,0.32210000,0.32150000,0.32180000,1685903.90000000
1781154000000,0.32190000,0.32200000,0.32160000,0.32190000,893183.10000000
1781157600000,0.32200000,0.32240000,0.32180000,0.32210000,2085543.20000000
1781161200000,0.32220000,0.32240000,0.32180000,0.32220000,2608014.00000000
1781164800000,0.32220000,0.32270000,0.32210000,0.32250000,3278432.50000000
1781168400000,0.32260000,0.32290000,0.32220000,0.32250000,3947663.90000000
1781172000000,0.32250000,0.32300000,0.32150000,0.32210000,9342759.90000000
1781175600000,0.32210000,0.32210000,0.32150000,0.32190000,2968129.10000000
1781179200000,0.32180000,0.32260000,0.32160000,0.32200000,6304433.60000000
1781182800000,0.32200000,0.32210000,0.32090000,0.32180000,7785214.30000000
1781186400000,0.32180000,0.32190000,0.32080000,0.32130000,4116078.00000000
1781190000000,0.32130000,0.32160000,0.32020000,0.32020000,5550495.80000000
1781193600000,0.32020000,0.32050000,0.31080000,0.31570000,40912760.70000000
1781197200000,0.31570000,0.31680000,0.31440000,0.31580000,14153557.40000000
1781200800000,0.31570000,0.31600000,0.31230000,0.31440000,30879349.20000000
1781204400000,0.31430000,0.31440000,0.31340000,0.31370000,8019308.70000000
1781208000000,0.31370000,0.31370000,0.31300000,0.31340000,4281508.00000000
1781211600000,0.31350000,0.31360000,0.31290000,0.31330000,3476578.00000000
1781215200000,0.31340000,0.31620000,0.31310000,0.31580000,11362578.80000000
1781218800000,0.31590000,0.31700000,0.31530000,0.31700000,7126536.90000000
1781222400000,0.31700000,0.31700000,0.31590000,0.31650000,5854830.20000000
1781226000000,0.31650000,0.31660000,0.31530000,0.31540000,4171446.60000000
1781229600000,0.31540000,0.31630000,0.31520000,0.31630000,1874685.80000000
1781233200000,0.31630000,0.31660000,0.31540000,0.31560000,6140755.40000000
1781236800000,0.31560000,0.31570000,0.31530000,0.31540000,1775992.90000000
1781240400000,0.31530000,0.31570000,0.31340000,0.31370000,10536991.00000000
1781244000000,0.31360000,0.31390000,0.31280000,0.31300000,11858952.00000000
1781247600000,0.31300000,0.31390000,0.31300000,0.31390000,6751687.50000000
1781251200000,0.31390000,0.31400000,0.31320000,0.31330000,3080734.90000000
1781254800000,0.31330000,0.31330000,0.31260000,0.31300000,4819300.60000000
1781258400000,0.31310000,0.31310000,0.31240000,0.31280000,3793782.40000000
1781262000000,0.31270000,0.31300000,0.31210000,0.31220000,5384721.30000000
1781265600000,0.31230000,0.31260000,0.31200000,0.31250000,2170442.70000000
1781269200000,0.31240000,0.31320000,0.31220000,0.31320000,4654075.70000000
1781272800000,0.31310000,0.31370000,0.31300000,0.31360000,4638125.90000000
1781276400000,0.31370000,0.31430000,0.31320000,0.31360000,10581005.20000000
1781280000000,0.31360000,0.31500000,0.31270000,0.31390000,9383033.90000000
1781283600000,0.31400000,0.31470000,0.31380000,0.31470000,3120267.50000000
1781287200000,0.31460000,0.31500000,0.31440000,0.31500000,4252007.20000000
1781290800000,0.31500000,0.31520000,0.31460000,0.31490000,3500671.70000000
1781294400000,0.31490000,0.31530000,0.31490000,0.31530000,2410106.40000000
1781298000000,0.31530000,0.31570000,0.31450000,0.31520000,4864402.90000000
1781301600000,0.31520000,0.31560000,0.31510000,0.31560000,3304089.00000000
1781305200000,0.31560000,0.31570000,0.31530000,0.31540000,2249248.80000000
1781308800000,0.31530000,0.31560000,0.31510000,0.31540000,1035708.20000000
1781312400000,0.31540000,0.31550000,0.31530000,0.31550000,764544.40000000
1781316000000,0.31550000,0.31580000,0.31480000,0.31520000,1743331.30000000
1781319600000,0.31520000,0.31540000,0.31490000,0.31510000,1635000.90000000
1781323200000,0.31520000,0.31570000,0.31510000,0.31560000,2470839.60000000
1781326800000,0.31560000,0.31570000,0.31520000,0.31560000,1473920.70000000
1781330400000,0.31560000,0.31570000,0.31540000,0.31550000,1379791.10000000
1781334000000,0.31550000,0.31560000,0.31480000,0.31560000,4272495.10000000
1781337600000,0.31560000,0.31600000,0.31540000,0.31590000,3531597.30000000
1781341200000,0.31590000,0.31690000,0.31590000,0.31660000,5007128.50000000
1781344800000,0.31660000,0.31680000,0.31640000,0.31650000,1418256.20000000
1781348400000,0.31650000,0.31690000,0.31630000,0.31680000,1963553.80000000
1781352000000,0.31680000,0.31690000,0.31660000,0.31690000,2150059.40000000
1781355600000,0.31690000,0.31750000,0.31680000,0.31740000,4280807.70000000
1781359200000,0.31740000,0.31790000,0.31730000,0.31770000,4081804.20000000
1781362800000,0.31760000,0.31770000,0.31680000,0.31710000,2977134.00000000
1781366400000,0.31710000,0.31740000,0.31680000,0.31740000,2177087.80000000
1781370000000,0.31730000,0.31740000,0.31720000,0.31740000,1445722.40000000
1781373600000,0.31740000,0.31750000,0.31730000,0.31750000,1244496.80000000
1781377200000,0.31740000,0.31820000,0.31740000,0.31820000,4346152.60000000
1781380800000,0.31820000,0.31840000,0.31800000,0.31840000,2654716.20000000
1781384400000,0.31830000,0.31850000,0.31680000,0.31710000,4350207.60000000
1781388000000,0.31720000,0.31740000,0.31660000,0.31700000,3343305.90000000
1781391600000,0.31700000,0.31730000,0.31690000,0.31720000,1480627.00000000
1781395200000,0.31720000,0.31730000,0.31600000,0.31620000,3502625.10000000
1781398800000,0.31620000,0.31620000,0.31570000,0.31580000,1553219.50000000
1781402400000,0.31570000,0.31600000,0.31560000,0.31570000,2922451.60000000
1781406000000,0.31570000,0.31590000,0.31560000,0.31570000,919242.70000000
1781409600000,0.31580000,0.31590000,0.31560000,0.31590000,735321.30000000
1781413200000,0.31590000,0.31610000,0.31570000,0.31570000,846637.30000000
1781416800000,0.31580000,0.31590000,0.31550000,0.31580000,1530125.20000000
1781420400000,0.31590000,0.31690000,0.31580000,0.31690000,4614468.60000000
1781424000000,0.31690000,0.31740000,0.31650000,0.31730000,4066278.50000000
1781427600000,0.31730000,0.31770000,0.31710000,0.31750000,4642529.90000000
1781431200000,0.31740000,0.31800000,0.31740000,0.31790000,3389242.00000000
1781434800000,0.31780000,0.31820000,0.31780000,0.31820000,2596671.40000000
1781438400000,0.31810000,0.31850000,0.31780000,0.31800000,3455236.00000000
1781442000000,0.31800000,0.31810000,0.31680000,0.31700000,7258928.00000000
1781445600000,0.31710000,0.31760000,0.31690000,0.31760000,2603931.70000000
1781449200000,0.31750000,0.31840000,0.31750000,0.31840000,3992124.00000000
1781452800000,0.31840000,0.31860000,0.31810000,0.31830000,1663467.30000000
1781456400000,0.31830000,0.31880000,0.31820000,0.31870000,1714936.80000000
1781460000000,0.31880000,0.31890000,0.31860000,0.31890000,1621223.30000000
1781463600000,0.31890000,0.31900000,0.31830000,0.31870000,2602194.30000000
1781467200000,0.31870000,0.31900000,0.31850000,0.31900000,2108861.90000000
1781470800000,0.31900000,0.31930000,0.31890000,0.31920000,4368293.00000000
1781474400000,0.31920000,0.32000000,0.31880000,0.31990000,8531187.10000000
1781478000000,0.31980000,0.32300000,0.31970000,0.32180000,12747566.90000000
1781481600000,0.32170000,0.32200000,0.31980000,0.32020000,8792693.70000000
1781485200000,0.32010000,0.32050000,0.31950000,0.32040000,3412624.60000000
1781488800000,0.32040000,0.32230000,0.32020000,0.32080000,6616125.00000000
1781492400000,0.32080000,0.32130000,0.32060000,0.32120000,2253091.00000000
1781496000000,0.32120000,0.32130000,0.32080000,0.32100000,2062545.50000000
1781499600000,0.32100000,0.32110000,0.32050000,0.32080000,1272814.60000000
1781503200000,0.32080000,0.32080000,0.32000000,0.32010000,2640483.60000000
1781506800000,0.32010000,0.32020000,0.31990000,0.32000000,2125261.20000000
1781510400000,0.31990000,0.32040000,0.31990000,0.31990000,2747766.10000000
1781514000000,0.31990000,0.32030000,0.31950000,0.32020000,3686356.00000000
1781517600000,0.32020000,0.32030000,0.31980000,0.32020000,2964992.90000000
1781521200000,0.32020000,0.32090000,0.31940000,0.32070000,6473418.10000000
1781524800000,0.32060000,0.32110000,0.32060000,0.32100000,4632934.60000000
1781528400000,0.32100000,0.32170000,0.31980000,0.31990000,11956069.40000000
1781532000000,0.31990000,0.31990000,0.31820000,0.31910000,11474319.90000000
1781535600000,0.31910000,0.32010000,0.31880000,0.31960000,7226903.20000000
1781539200000,0.31960000,0.31960000,0.31880000,0.31920000,4379127.80000000
1781542800000,0.31920000,0.31990000,0.31890000,0.31980000,4957734.90000000
1781546400000,0.31970000,0.31990000,0.31950000,0.31980000,3060233.30000000
1781550000000,0.31980000,0.32000000,0.31960000,0.32000000,3588900.00000000
1781553600000,0.32000000,0.32010000,0.31980000,0.32000000,2523723.70000000
1781557200000,0.32010000,0.32010000,0.31980000,0.31990000,2657703.70000000
1781560800000,0.31990000,0.32020000,0.31850000,0.31880000,8043709.10000000
1781564400000,0.31870000,0.31890000,0.31820000,0.31840000,3914160.40000000
1781568000000,0.31830000,0.31860000,0.31780000,0.31850000,4023951.70000000
1781571600000,0.31860000,0.31910000,0.31840000,0.31910000,2115250.00000000
1781575200000,0.31910000,0.31910000,0.31760000,0.31760000,5054926.70000000
1781578800000,0.31770000,0.31800000,0.31750000,0.31780000,2994395.70000000
1781582400000,0.31780000,0.31780000,0.31740000,0.31760000,2135380.10000000
1781586000000,0.31750000,0.31810000,0.31750000,0.31800000,2776890.50000000
1781589600000,0.31800000,0.31840000,0.31790000,0.31820000,3073310.80000000
1781593200000,0.31820000,0.31830000,0.31790000,0.31800000,3381659.60000000
1781596800000,0.31800000,0.31810000,0.31730000,0.31750000,4189066.10000000
1781600400000,0.31740000,0.31790000,0.31740000,0.31760000,2141887.10000000
1781604000000,0.31760000,0.31800000,0.31750000,0.31780000,2962276.20000000
1781607600000,0.31780000,0.31790000,0.31710000,0.31750000,4493393.50000000
1781611200000,0.31740000,0.31810000,0.31720000,0.31770000,5237720.40000000
1781614800000,0.31770000,0.31810000,0.31720000,0.31760000,3935127.10000000
1781618400000,0.31760000,0.31770000,0.31630000,0.31700000,8581216.50000000
1781622000000,0.31700000,0.31740000,0.31690000,0.31730000,4021871.60000000
1781625600000,0.31740000,0.31760000,0.31710000,0.31720000,4109464.00000000
1781629200000,0.31710000,0.31810000,0.31710000,0.31810000,3295860.20000000
1781632800000,0.31800000,0.31830000,0.31720000,0.31730000,4802733.90000000
1781636400000,0.31720000,0.31730000,0.31650000,0.31660000,5249596.50000000
1781640000000,0.31660000,0.31690000,0.31640000,0.31670000,3196401.20000000
1781643600000,0.31660000,0.31690000,0.31630000,0.31680000,2955805.70000000
1781647200000,0.31670000,0.31690000,0.31640000,0.31690000,2358883.10000000
1781650800000,0.31680000,0.31710000,0.31680000,0.31710000,2019271.50000000
1781654400000,0.31710000,0.31710000,0.31670000,0.31680000,1659799.30000000
1781658000000,0.31690000,0.31720000,0.31670000,0.31710000,1330447.20000000
1781661600000,0.31720000,0.31730000,0.31700000,0.31730000,1836326.00000000
1781665200000,0.31720000,0.31740000,0.31700000,0.31730000,920610.90000000
1781668800000,0.31740000,0.31750000,0.31730000,0.31740000,1280410.40000000
1781672400000,0.31740000,0.31810000,0.31720000,0.31810000,3267550.20000000
1781676000000,0.31800000,0.31840000,0.31790000,0.31830000,4271447.50000000
1781679600000,0.31830000,0.31890000,0.31820000,0.31890000,4456025.30000000
1781683200000,0.31890000,0.31910000,0.31850000,0.31910000,4328534.70000000
1781686800000,0.31910000,0.32010000,0.31890000,0.32000000,9731428.40000000
1781690400000,0.32000000,0.32070000,0.31960000,0.31990000,7154002.80000000
1781694000000,0.31990000,0.32030000,0.31970000,0.32000000,4521348.90000000
1781697600000,0.32000000,0.32050000,0.31980000,0.32050000,3747966.40000000
1781701200000,0.32040000,0.32050000,0.32020000,0.32050000,2935165.40000000
1781704800000,0.32050000,0.32140000,0.32030000,0.32070000,7441592.50000000
1781708400000,0.32070000,0.32140000,0.32060000,0.32130000,4224812.00000000
1781712000000,0.32140000,0.32230000,0.32120000,0.32150000,10368315.90000000
1781715600000,0.32150000,0.32170000,0.32120000,0.32170000,2455700.50000000
1781719200000,0.32170000,0.32170000,0.32020000,0.32090000,11896275.40000000
1781722800000,0.32080000,0.32100000,0.31960000,0.32020000,9361043.70000000
1781726400000,0.32020000,0.32060000,0.31980000,0.32060000,3642530.80000000
1781730000000,0.32060000,0.32080000,0.32020000,0.32070000,3091573.10000000
1781733600000,0.32070000,0.32090000,0.32030000,0.32090000,4606921.40000000
1781737200000,0.32090000,0.32180000,0.32070000,0.32180000,6471213.40000000
1781740800000,0.32180000,0.32260000,0.32120000,0.32140000,7567138.20000000
1781744400000,0.32140000,0.32170000,0.32120000,0.32140000,2346898.40000000
1781748000000,0.32140000,0.32160000,0.32120000,0.32150000,970749.60000000
1781751600000,0.32150000,0.32150000,0.32090000,0.32130000,2251235.50000000
1781755200000,0.32130000,0.32130000,0.32020000,0.32060000,7290374.80000000
1781758800000,0.32060000,0.32060000,0.32020000,0.32030000,1947238.50000000
1781762400000,0.32040000,0.32070000,0.32020000,0.32050000,1450695.90000000
1781766000000,0.32050000,0.32120000,0.32020000,0.32090000,2759273.70000000
1781769600000,0.32090000,0.32130000,0.32080000,0.32130000,2393206.70000000
1781773200000,0.32130000,0.32160000,0.32090000,0.32110000,4310443.30000000
1781776800000,0.32110000,0.32130000,0.32080000,0.32100000,4130575.30000000
1781780400000,0.32090000,0.32100000,0.31960000,0.31990000,11273207.70000000
1781784000000,0.31980000,0.32030000,0.31960000,0.32000000,3385304.10000000
1781787600000,0.32000000,0.32030000,0.31980000,0.32000000,2000732.40000000
1781791200000,0.32000000,0.32030000,0.31970000,0.31970000,3558051.90000000
1781794800000,0.31980000,0.31990000,0.31830000,0.31830000,12019626.70000000
1781798400000,0.31830000,0.31920000,0.31830000,0.31910000,6973741.50000000
1781802000000,0.31910000,0.31930000,0.31880000,0.31930000,3899608.30000000
1781805600000,0.31930000,0.31960000,0.31910000,0.31960000,3524255.00000000
1781809200000,0.31960000,0.32010000,0.31950000,0.32010000,4566813.00000000
1781812800000,0.32010000,0.32040000,0.31990000,0.32020000,3916147.00000000
1781816400000,0.32020000,0.32050000,0.32010000,0.32040000,2775090.40000000
1781820000000,0.32040000,0.32070000,0.32030000,0.32050000,3525858.00000000
1781823600000,0.32050000,0.32080000,0.32040000,0.32080000,2938971.00000000
1781827200000,0.32080000,0.32110000,0.32060000,0.32090000,2634262.80000000
1781830800000,0.32090000,0.32120000,0.32070000,0.32110000,1752240.50000000
1781834400000,0.32110000,0.32130000,0.32100000,0.32120000,1455245.50000000
1781838000000,0.32120000,0.32150000,0.32080000,0.32120000,4438402.90000000
1781841600000,0.32120000,0.32130000,0.32050000,0.32060000,4671744.40000000
1781845200000,0.32070000,0.32090000,0.32030000,0.32050000,3524911.40000000
1781848800000,0.32050000,0.32090000,0.32040000,0.32050000,3643256.80000000
1781852400000,0.32060000,0.32060000,0.32020000,0.32050000,2644002.70000000
1781856000000,0.32040000,0.32090000,0.32040000,0.32090000,2420692.30000000
1781859600000,0.32090000,0.32200000,0.32070000,0.32200000,7344868.60000000
1781863200000,0.32200000,0.32210000,0.32140000,0.32170000,2730760.90000000
1781866800000,0.32170000,0.32200000,0.32150000,0.32190000,2692481.30000000
1781870400000,0.32190000,0.32320000,0.32190000,0.32310000,10715485.80000000
1781874000000,0.32310000,0.32350000,0.31950000,0.31990000,25498233.10000000
1781877600000,0.31990000,0.32080000,0.31990000,0.32080000,4699042.20000000
1781881200000,0.32070000,0.32120000,0.32060000,0.32120000,2772195.50000000
1781884800000,0.32120000,0.32230000,0.32110000,0.32220000,9287834.90000000
1781888400000,0.32220000,0.32250000,0.32190000,0.32240000,5159925.20000000
1781892000000,0.32250000,0.32270000,0.32230000,0.32260000,3177988.30000000
1781895600000,0.32250000,0.32310000,0.32250000,0.32310000,5292732.30000000
1781899200000,0.32310000,0.32320000,0.32260000,0.32320000,2728921.80000000
1781902800000,0.32320000,0.32340000,0.32280000,0.32330000,5374495.50000000
1781906400000,0.32330000,0.32360000,0.32290000,0.32340000,3670607.30000000
1781910000000,0.32350000,0.32390000,0.32310000,0.32390000,5665452.70000000
1781913600000,0.32390000,0.32400000,0.32290000,0.32310000,3863282.30000000
1781917200000,0.32320000,0.32350000,0.32240000,0.32300000,5532506.20000000
1781920800000,0.32300000,0.32300000,0.32230000,0.32270000,4791866.60000000
1781924400000,0.32280000,0.32290000,0.32240000,0.32270000,1713997.50000000
1781928000000,0.32270000,0.32270000,0.32220000,0.32250000,1446905.00000000
1781931600000,0.32250000,0.32250000,0.32190000,0.32240000,1955938.40000000
1781935200000,0.32240000,0.32260000,0.32220000,0.32230000,1210508.40000000
1781938800000,0.32230000,0.32270000,0.32200000,0.32250000,1957002.90000000
1781942400000,0.32250000,0.32290000,0.32230000,0.32290000,2206579.10000000
1781946000000,0.32290000,0.32360000,0.32220000,0.32350000,7373225.60000000
1781949600000,0.32350000,0.32410000,0.32340000,0.32410000,6108520.70000000
1781953200000,0.32410000,0.32470000,0.32380000,0.32470000,7871795.20000000
1781956800000,0.32460000,0.32540000,0.32420000,0.32530000,12129226.30000000
1781960400000,0.32530000,0.32620000,0.32510000,0.32610000,9938484.80000000
1781964000000,0.32600000,0.32610000,0.32370000,0.32530000,18229971.70000000
1781967600000,0.32530000,0.32570000,0.32350000,0.32420000,17021059.30000000
1781971200000,0.32420000,0.32520000,0.32400000,0.32520000,7584061.90000000
1781974800000,0.32520000,0.32520000,0.32450000,0.32490000,3690953.80000000
1781978400000,0.32490000,0.32540000,0.32480000,0.32540000,3241577.20000000
1781982000000,0.32540000,0.32570000,0.32520000,0.32560000,3269979.40000000
1781985600000,0.32560000,0.32580000,0.32550000,0.32570000,2068515.90000000
1781989200000,0.32580000,0.32650000,0.32560000,0.32640000,4407903.80000000
1781992800000,0.32630000,0.32690000,0.32620000,0.32680000,5805776.80000000
1781996400000,0.32670000,0.32690000,0.32640000,0.32680000,1430878.50000000
1782000000000,0.32680000,0.32690000,0.32650000,0.32660000,1706136.30000000
1782003600000,0.32660000,0.32690000,0.32640000,0.32690000,1315276.80000000
1782007200000,0.32690000,0.32700000,0.32680000,0.32690000,841645.20000000
1782010800000,0.32690000,0.32700000,0.32620000,0.32640000,2020626.70000000
1782014400000,0.32640000,0.32650000,0.32610000,0.32620000,1158643.20000000
1782018000000,0.32620000,0.32660000,0.32610000,0.32650000,1293151.60000000
1782021600000,0.32640000,0.32650000,0.32600000,0.32610000,1057165.10000000
1782025200000,0.32610000,0.32740000,0.32600000,0.32740000,5424385.40000000
1782028800000,0.32740000,0.32750000,0.32690000,0.32710000,3567385.90000000
1782032400000,0.32700000,0.32740000,0.32690000,0.32710000,2591333.70000000
1782036000000,0.32700000,0.32720000,0.32670000,0.32690000,2177365.00000000
1782039600000,0.32690000,0.32720000,0.32650000,0.32670000,2143156.80000000
1782043200000,0.32680000,0.32680000,0.32640000,0.32680000,2025474.20000000
1782046800000,0.32680000,0.32680000,0.32640000,0.32660000,2270839.20000000
1782050400000,0.32670000,0.32680000,0.32640000,0.32670000,2379980.60000000
1782054000000,0.32660000,0.32700000,0.32650000,0.32680000,1723091.10000000
1782057600000,0.32680000,0.32740000,0.32650000,0.32730000,3796068.10000000
1782061200000,0.32740000,0.32750000,0.32720000,0.32750000,2279593.80000000
1782064800000,0.32750000,0.32770000,0.32730000,0.32750000,2636203.50000000
1782068400000,0.32750000,0.32790000,0.32740000,0.32790000,2226293.70000000
1782072000000,0.32790000,0.32800000,0.32770000,0.32800000,2252094.60000000
1782075600000,0.32800000,0.32800000,0.32730000,0.32760000,4810141.40000000
1782079200000,0.32760000,0.32820000,0.32760000,0.32820000,3095623.80000000
1782082800000,0.32820000,0.32830000,0.32730000,0.32780000,5903992.80000000
1782086400000,0.32770000,0.32790000,0.32750000,0.32790000,2179141.00000000
1782090000000,0.32790000,0.32840000,0.32780000,0.32820000,4183689.90000000
1782093600000,0.32830000,0.32840000,0.32800000,0.32820000,1745964.40000000
1782097200000,0.32820000,0.32840000,0.32780000,0.32830000,2411954.30000000
1782100800000,0.32820000,0.32840000,0.32800000,0.32830000,2515744.30000000
1782104400000,0.32830000,0.32870000,0.32820000,0.32870000,2477210.20000000
1782108000000,0.32870000,0.32930000,0.32850000,0.32920000,4860414.20000000
1782111600000,0.32920000,0.33030000,0.32920000,0.33010000,8359383.70000000
1782115200000,0.33010000,0.33060000,0.33000000,0.33060000,4827947.50000000
1782118800000,0.33060000,0.33170000,0.33050000,0.33080000,9336088.20000000
1782122400000,0.33080000,0.33140000,0.33070000,0.33120000,3823826.10000000
1782126000000,0.33120000,0.33160000,0.33120000,0.33140000,4277407.00000000
1782129600000,0.33140000,0.33170000,0.33120000,0.33160000,3124374.20000000
1782133200000,0.33160000,0.33180000,0.33120000,0.33170000,5514543.40000000
1782136800000,0.33160000,0.33210000,0.33160000,0.33200000,5275031.60000000
1782140400000,0.33200000,0.33220000,0.32840000,0.33010000,16156131.20000000
1782144000000,0.33010000,0.33310000,0.32980000,0.33310000,21997841.40000000
1782147600000,0.33300000,0.33310000,0.33180000,0.33240000,5103325.20000000
1782151200000,0.33240000,0.33270000,0.33210000,0.33240000,3166423.90000000
1782154800000,0.33250000,0.33260000,0.33190000,0.33220000,3007480.20000000
1782158400000,0.33230000,0.33370000,0.33220000,0.33370000,3452705.30000000
1782162000000,0.33370000,0.33370000,0.33320000,0.33370000,2301039.20000000
1782165600000,0.33370000,0.33380000,0.33330000,0.33360000,2313840.50000000
1782169200000,0.33360000,0.33410000,0.33350000,0.33410000,2844033.10000000
1782172800000,0.33400000,0.33420000,0.33340000,0.33400000,4638397.10000000
1782176400000,0.33400000,0.33400000,0.33350000,0.33370000,2470013.10000000
1782180000000,0.33360000,0.33390000,0.33320000,0.33350000,2842588.40000000
1782183600000,0.33350000,0.33360000,0.33310000,0.33360000,2647348.60000000
1782187200000,0.33360000,0.33360000,0.33230000,0.33250000,4848629.90000000
1782190800000,0.33250000,0.33270000,0.33140000,0.33210000,7205841.70000000
1782194400000,0.33210000,0.33210000,0.33100000,0.33180000,9242250.80000000
1782198000000,0.33190000,0.33230000,0.33150000,0.33170000,7836698.70000000
1782201600000,0.33180000,0.33190000,0.33030000,0.33050000,11899358.70000000
1782205200000,0.33040000,0.33050000,0.32960000,0.32990000,9117339.70000000
1782208800000,0.33000000,0.33010000,0.32880000,0.32900000,6982349.30000000
1782212400000,0.32910000,0.33000000,0.32900000,0.32990000,4496396.00000000
1782216000000,0.33000000,0.33000000,0.32930000,0.32950000,1960805.20000000
1782219600000,0.32940000,0.33000000,0.32930000,0.32970000,3397199.00000000
1782223200000,0.32980000,0.33020000,0.32960000,0.32960000,4176383.30000000
1782226800000,0.32960000,0.33040000,0.32950000,0.32980000,6872654.70000000
1782230400000,0.32990000,0.33070000,0.32960000,0.33060000,6738251.30000000
1782234000000,0.33060000,0.33060000,0.32990000,0.33010000,2609246.10000000
1782237600000,0.33000000,0.33010000,0.32930000,0.32940000,4386685.30000000
1782241200000,0.32930000,0.32950000,0.32870000,0.32890000,4117027.40000000
1782244800000,0.32900000,0.32910000,0.32880000,0.32900000,861539.40000000
1782248400000,0.32900000,0.32940000,0.32870000,0.32940000,2738543.30000000
1782252000000,0.32940000,0.32950000,0.32900000,0.32940000,1849583.70000000
1782255600000,0.32940000,0.32950000,0.32910000,0.32930000,1602738.50000000
1782259200000,0.32920000,0.32960000,0.32900000,0.32930000,2587651.90000000
1782262800000,0.32930000,0.32930000,0.32890000,0.32900000,1436665.60000000
1782266400000,0.32890000,0.32920000,0.32880000,0.32890000,2562306.40000000
1782270000000,0.32890000,0.32980000,0.32890000,0.32940000,3143489.60000000
1782273600000,0.32940000,0.32950000,0.32920000,0.32950000,1175678.60000000
1782277200000,0.32940000,0.32970000,0.32920000,0.32920000,1700184.90000000
1782280800000,0.32930000,0.32930000,0.32880000,0.32900000,2267277.10000000
1782284400000,0.32890000,0.32930000,0.32890000,0.32920000,2708175.80000000
1782288000000,0.32920000,0.33090000,0.32900000,0.33070000,7663156.70000000
1782291600000,0.33070000,0.33110000,0.33060000,0.33110000,3305157.40000000
1782295200000,0.33110000,0.33180000,0.33050000,0.33150000,7725346.60000000
1782298800000,0.33150000,0.33150000,0.33100000,0.33150000,2881958.10000000
1782302400000,0.33150000,0.33150000,0.33120000,0.33130000,1479453.70000000
1782306000000,0.33130000,0.33140000,0.32890000,0.32940000,15165050.90000000
1782309600000,0.32940000,0.32960000,0.32900000,0.32930000,3455372.30000000
1782313200000,0.32930000,0.32940000,0.32720000,0.32750000,14332580.40000000
1782316800000,0.32750000,0.32780000,0.32590000,0.32630000,13807367.30000000
1782320400000,0.32640000,0.32650000,0.32520000,0.32530000,13412767.10000000
1782324000000,0.32530000,0.32620000,0.32510000,0.32600000,9267095.00000000
1782327600000,0.32610000,0.32650000,0.32530000,0.32570000,8489798.50000000
1782331200000,0.32570000,0.32730000,0.32550000,0.32730000,17813433.10000000
1782334800000,0.32730000,0.32740000,0.32690000,0.32730000,11516586.80000000
1782338400000,0.32730000,0.32810000,0.32730000,0.32760000,11390516.20000000
1782342000000,0.32760000,0.32780000,0.32700000,0.32740000,7864331.30000000
1782345600000,0.32750000,0.32770000,0.32710000,0.32770000,6195709.40000000
1782349200000,0.32770000,0.32780000,0.32710000,0.32760000,7139521.30000000
1782352800000,0.32760000,0.32770000,0.32730000,0.32760000,3455820.60000000
1782356400000,0.32770000,0.32770000,0.32730000,0.32740000,1215256.60000000
1782360000000,0.32730000,0.32780000,0.32730000,0.32770000,2093192.60000000
1782363600000,0.32780000,0.33050000,0.32770000,0.32980000,16817205.90000000
1782367200000,0.32970000,0.32990000,0.32910000,0.32910000,4349253.20000000
1782370800000,0.32920000,0.32970000,0.32910000,0.32940000,4715056.10000000
1782374400000,0.32950000,0.32960000,0.32900000,0.32930000,2163921.80000000
1782378000000,0.32930000,0.32950000,0.32890000,0.32940000,4429883.20000000
1782381600000,0.32930000,0.32940000,0.32880000,0.32890000,3119949.80000000
1782385200000,0.32890000,0.32920000,0.32840000,0.32850000,5407377.20000000
1782388800000,0.32840000,0.32850000,0.32680000,0.32700000,9809981.80000000
1782392400000,0.32690000,0.32740000,0.32250000,0.32280000,33176022.00000000
1782396000000,0.32280000,0.32400000,0.32270000,0.32340000,21842791.20000000
1782399600000,0.32340000,0.32350000,0.32260000,0.32340000,7100842.80000000
1782403200000,0.32330000,0.32410000,0.32280000,0.32400000,6170648.90000000
1782406800000,0.32410000,0.32470000,0.32340000,0.32420000,8554311.20000000
1782410400000,0.32420000,0.32460000,0.32390000,0.32450000,4487933.20000000
1782414000000,0.32450000,0.32450000,0.32380000,0.32390000,2445553.80000000
1782417600000,0.32390000,0.32430000,0.32380000,0.32390000,2100862.60000000
1782421200000,0.32390000,0.32440000,0.32370000,0.32430000,4978511.00000000
1782424800000,0.32430000,0.32440000,0.32390000,0.32420000,2640755.60000000
1782428400000,0.32410000,0.32430000,0.32380000,0.32380000,1787819.20000000
1782432000000,0.32390000,0.32420000,0.32380000,0.32390000,2113116.20000000
1782435600000,0.32400000,0.32410000,0.32330000,0.32330000,2773631.70000000
1782439200000,0.32340000,0.32340000,0.32190000,0.32200000,12094578.50000000
1782442800000,0.32200000,0.32210000,0.32140000,0.32210000,9326588.70000000
1782446400000,0.32210000,0.32240000,0.32180000,0.32200000,4200292.70000000
1782450000000,0.32200000,0.32230000,0.32170000,0.32210000,2832093.50000000
1782453600000,0.32210000,0.32280000,0.32170000,0.32280000,5531121.40000000
1782457200000,0.32280000,0.32300000,0.32240000,0.32290000,3710824.10000000
1782460800000,0.32290000,0.32300000,0.32240000,0.32260000,3321695.10000000
1782464400000,0.32260000,0.32270000,0.32230000,0.32230000,1711188.90000000
1782468000000,0.32230000,0.32250000,0.32220000,0.32220000,1717794.50000000
1782471600000,0.32220000,0.32230000,0.32200000,0.32210000,1664000.60000000
1782475200000,0.32210000,0.32210000,0.32070000,0.32090000,8835949.80000000
1782478800000,0.32090000,0.32090000,0.31860000,0.32000000,15614918.20000000
1782482400000,0.32000000,0.32020000,0.31930000,0.31940000,5090541.00000000
1782486000000,0.31930000,0.32050000,0.31920000,0.32030000,7719903.70000000
1782489600000,0.32030000,0.32040000,0.31920000,0.31950000,6884341.30000000
1782493200000,0.31940000,0.32040000,0.31920000,0.32040000,5534263.40000000
1782496800000,0.32040000,0.32040000,0.31990000,0.32020000,2600092.90000000
1782500400000,0.32020000,0.32040000,0.32000000,0.32000000,2585705.20000000
1782504000000,0.32010000,0.32080000,0.31990000,0.32000000,5170737.00000000
1782507600000,0.31990000,0.32060000,0.31980000,0.32050000,4042319.70000000
1782511200000,0.32040000,0.32060000,0.32020000,0.32030000,2016569.80000000
1782514800000,0.32030000,0.32060000,0.32020000,0.32060000,1624248.40000000
1782518400000,0.32060000,0.32060000,0.31990000,0.32040000,2122956.70000000
1782522000000,0.32030000,0.32060000,0.32030000,0.32030000,1384342.10000000
1782525600000,0.32030000,0.32100000,0.32030000,0.32090000,4282479.60000000
1782529200000,0.32080000,0.32090000,0.32050000,0.32060000,1123895.40000000
1782532800000,0.32060000,0.32110000,0.32060000,0.32090000,1836778.50000000
1782536400000,0.32090000,0.32100000,0.32070000,0.32080000,596596.10000000
1782540000000,0.32090000,0.32100000,0.32060000,0.32080000,1676210.20000000
1782543600000,0.32080000,0.32130000,0.32080000,0.32130000,2583308.30000000
1782547200000,0.32130000,0.32130000,0.32090000,0.32110000,981013.00000000
1782550800000,0.32110000,0.32130000,0.32090000,0.32120000,2055587.50000000
1782554400000,0.32120000,0.32150000,0.32090000,0.32100000,2508196.90000000
1782558000000,0.32110000,0.32130000,0.32090000,0.32130000,1832859.90000000
1782561600000,0.32130000,0.32130000,0.32070000,0.32080000,2023158.90000000
1782565200000,0.32090000,0.32100000,0.32070000,0.32080000,1781176.90000000
1782568800000,0.32090000,0.32090000,0.32060000,0.32070000,1870964.70000000
1782572400000,0.32080000,0.32110000,0.32070000,0.32080000,3377314.60000000
1782576000000,0.32080000,0.32120000,0.32070000,0.32120000,1784213.30000000
1782579600000,0.32120000,0.32120000,0.32050000,0.32090000,3530827.70000000
1782583200000,0.32090000,0.32110000,0.32070000,0.32100000,2304860.40000000
1782586800000,0.32100000,0.32100000,0.32050000,0.32060000,3077476.00000000
1782590400000,0.32060000,0.32070000,0.32050000,0.32060000,1997391.10000000
1782594000000,0.32070000,0.32110000,0.32070000,0.32100000,4407239.30000000
1782597600000,0.32090000,0.32120000,0.32060000,0.32100000,3752994.90000000
1782601200000,0.32100000,0.32130000,0.32080000,0.32130000,1817626.40000000
1782604800000,0.32130000,0.32230000,0.32120000,0.32210000,9453084.40000000
1782608400000,0.32210000,0.32220000,0.32190000,0.32220000,1469494.90000000
1782612000000,0.32220000,0.32230000,0.32200000,0.32220000,929536.40000000
1782615600000,0.32220000,0.32270000,0.32210000,0.32260000,2400570.50000000
1782619200000,0.32250000,0.32270000,0.32230000,0.32270000,2130013.50000000
1782622800000,0.32260000,0.32270000,0.32180000,0.32240000,2410280.30000000
1782626400000,0.32240000,0.32240000,0.32130000,0.32160000,3619121.70000000
1782630000000,0.32160000,0.32190000,0.32130000,0.32170000,1712463.60000000
1782633600000,0.32160000,0.32190000,0.32140000,0.32180000,1868586.60000000
1782637200000,0.32180000,0.32230000,0.32170000,0.32230000,2956029.30000000
1782640800000,0.32230000,0.32340000,0.32220000,0.32290000,5684058.30000000
1782644400000,0.32300000,0.32370000,0.32300000,0.32360000,5314473.10000000
1782648000000,0.32360000,0.32440000,0.32350000,0.32430000,8283534.10000000
1782651600000,0.32420000,0.32450000,0.32370000,0.32380000,3419024.00000000
1782655200000,0.32370000,0.32450000,0.32310000,0.32350000,6805496.70000000
1782658800000,0.32350000,0.32380000,0.32330000,0.32350000,3453258.40000000
1782662400000,0.32350000,0.32390000,0.32320000,0.32350000,3742892.00000000
1782666000000,0.32350000,0.32360000,0.32290000,0.32320000,3005183.60000000
1782669600000,0.32320000,0.32340000,0.32290000,0.32330000,2031524.60000000
1782673200000,0.32330000,0.32340000,0.32290000,0.32290000,2192982.10000000
1782676800000,0.32290000,0.32330000,0.32280000,0.32330000,1622591.00000000
1782680400000,0.32330000,0.32340000,0.32260000,0.32260000,4055418.30000000
1782684000000,0.32260000,0.32300000,0.32200000,0.32210000,6349143.10000000
1782687600000,0.32210000,0.32260000,0.32210000,0.32220000,2119158.40000000
1782691200000,0.32220000,0.32230000,0.32170000,0.32230000,3124349.50000000
1782694800000,0.32230000,0.32230000,0.32200000,0.32220000,1090494.50000000
1782698400000,0.32220000,0.32230000,0.32150000,0.32190000,3283921.90000000
1782702000000,0.32190000,0.32230000,0.32180000,0.32220000,2263398.90000000
1782705600000,0.32220000,0.32250000,0.32210000,0.32240000,3305375.70000000
1782709200000,0.32240000,0.32270000,0.32220000,0.32270000,2536178.70000000
1782712800000,0.32270000,0.32390000,0.32260000,0.32340000,9514002.10000000
1782716400000,0.32340000,0.32420000,0.32310000,0.32410000,6568331.00000000
1782720000000,0.32410000,0.32440000,0.32400000,0.32420000,4555181.90000000
1782723600000,0.32430000,0.32460000,0.32380000,0.32400000,3988921.20000000
1782727200000,0.32400000,0.32420000,0.32340000,0.32360000,3516492.50000000
1782730800000,0.32360000,0.32370000,0.32220000,0.32230000,9271128.70000000
1782734400000,0.32230000,0.32250000,0.32160000,0.32180000,9628384.20000000
1782738000000,0.32180000,0.32270000,0.32180000,0.32210000,4763241.40000000
1782741600000,0.32210000,0.32250000,0.32180000,0.32220000,5315285.20000000
1782745200000,0.32220000,0.32360000,0.32210000,0.32340000,8279554.10000000
1782748800000,0.32340000,0.32350000,0.32130000,0.32150000,6710226.20000000
1782752400000,0.32140000,0.32230000,0.32080000,0.32190000,13902716.30000000
1782756000000,0.32190000,0.32200000,0.32120000,0.32150000,2427224.40000000
1782759600000,0.32150000,0.32180000,0.32120000,0.32170000,2996082.10000000
1782763200000,0.32170000,0.32190000,0.32150000,0.32160000,1697575.20000000
1782766800000,0.32150000,0.32180000,0.32140000,0.32180000,1163933.10000000
1782770400000,0.32180000,0.32190000,0.32150000,0.32150000,1500947.10000000
1782774000000,0.32150000,0.32160000,0.32130000,0.32140000,1960037.30000000
1782777600000,0.32130000,0.32140000,0.32000000,0.32010000,8278703.40000000
1782781200000,0.32010000,0.32010000,0.31940000,0.31950000,5712246.30000000
1782784800000,0.31960000,0.32020000,0.31940000,0.32020000,3249798.10000000
1782788400000,0.32020000,0.32030000,0.31970000,0.31990000,3055467.20000000
1782792000000,0.31990000,0.32020000,0.31970000,0.32010000,1997114.00000000
1782795600000,0.32010000,0.32040000,0.31990000,0.32010000,1776426.60000000
1782799200000,0.32010000,0.32020000,0.31960000,0.31980000,2646099.20000000
1782802800000,0.31970000,0.32000000,0.31920000,0.31940000,2269570.90000000
1782806400000,0.31930000,0.31940000,0.31880000,0.31890000,5465650.20000000
1782810000000,0.31890000,0.31910000,0.31830000,0.31840000,5338757.10000000
1782813600000,0.31840000,0.31840000,0.31740000,0.31750000,7446300.80000000
1782817200000,0.31760000,0.31800000,0.31740000,0.31750000,5359985.80000000
1782820800000,0.31760000,0.31770000,0.31720000,0.31730000,3607447.80000000
1782824400000,0.31720000,0.31770000,0.31670000,0.31670000,9126733.10000000
1782828000000,0.31680000,0.31720000,0.31670000,0.31680000,4146736.70000000
1782831600000,0.31670000,0.31720000,0.31650000,0.31680000,5830667.70000000
1782835200000,0.31690000,0.31690000,0.31500000,0.31520000,15203616.50000000
1782838800000,0.31510000,0.31570000,0.31500000,0.31530000,3385167.90000000
1782842400000,0.31540000,0.31560000,0.31500000,0.31530000,5036418.10000000
1782846000000,0.31530000,0.31590000,0.31520000,0.31530000,3995940.40000000
1782849600000,0.31530000,0.31570000,0.31510000,0.31520000,3079571.60000000
1782853200000,0.31520000,0.31560000,0.31510000,0.31510000,3120376.80000000
1782856800000,0.31510000,0.31550000,0.31500000,0.31550000,1575087.30000000
1782860400000,0.31550000,0.31560000,0.31530000,0.31530000,1309367.00000000
1782864000000,0.31540000,0.31540000,0.31470000,0.31480000,4432854.20000000
1782867600000,0.31490000,0.31510000,0.31440000,0.31490000,4292780.30000000
1782871200000,0.31490000,0.31560000,0.31490000,0.31560000,4219736.70000000
1782874800000,0.31560000,0.31670000,0.31560000,0.31670000,6401244.60000000
1782878400000,0.31670000,0.31710000,0.31650000,0.31670000,3325372.80000000
1782882000000,0.31670000,0.31780000,0.31650000,0.31680000,5141063.10000000
1782885600000,0.31680000,0.31710000,0.31650000,0.31660000,6137759.70000000
1782889200000,0.31660000,0.31690000,0.31640000,0.31650000,3466921.40000000
1782892800000,0.31650000,0.31650000,0.31610000,0.31640000,3242337.40000000
1782896400000,0.31640000,0.31700000,0.31630000,0.31700000,4480308.60000000
1782900000000,0.31700000,0.31700000,0.31650000,0.31670000,1780535.90000000
1782903600000,0.31660000,0.31760000,0.31660000,0.31750000,7202714.90000000
1782907200000,0.31740000,0.31760000,0.31670000,0.31690000,2074648.10000000
1782910800000,0.31700000,0.31740000,0.31660000,0.31740000,4762359.90000000
1782914400000,0.31740000,0.31830000,0.31730000,0.31760000,8270639.40000000
1782918000000,0.31750000,0.31900000,0.31750000,0.31790000,8573688.40000000
1782921600000,0.31790000,0.31830000,0.31780000,0.31800000,3963223.60000000
1782925200000,0.31800000,0.31850000,0.31790000,0.31840000,3038749.50000000
1782928800000,0.31830000,0.31840000,0.31770000,0.31770000,2356318.10000000
1782932400000,0.31780000,0.31790000,0.31730000,0.31740000,4075807.00000000
1782936000000,0.31740000,0.31750000,0.31700000,0.31720000,3823235.80000000
1782939600000,0.31720000,0.31770000,0.31710000,0.31740000,3537564.50000000
1782943200000,0.31740000,0.31750000,0.31670000,0.31670000,3170056.50000000
1782946800000,0.31680000,0.31680000,0.31590000,0.31610000,6545840.20000000
1782950400000,0.31610000,0.31640000,0.31590000,0.31640000,1978283.20000000
1782954000000,0.31630000,0.31660000,0.31630000,0.31650000,1921358.60000000
1782957600000,0.31650000,0.31670000,0.31640000,0.31660000,1980256.80000000
1782961200000,0.31650000,0.31660000,0.31620000,0.31640000,2829269.20000000
1782964800000,0.31650000,0.31660000,0.31620000,0.31650000,1463973.60000000
1782968400000,0.31650000,0.31650000,0.31590000,0.31590000,3142100.40000000
1782972000000,0.31590000,0.31610000,0.31540000,0.31550000,3742488.60000000
1782975600000,0.31560000,0.31710000,0.31550000,0.31690000,6692382.00000000
1782979200000,0.31700000,0.31770000,0.31700000,0.31750000,4072403.60000000
1782982800000,0.31740000,0.31750000,0.31690000,0.31720000,2971431.30000000
1782986400000,0.31720000,0.31720000,0.31680000,0.31690000,2038744.40000000
1782990000000,0.31680000,0.31780000,0.31680000,0.31730000,3861806.30000000
1782993600000,0.31740000,0.31760000,0.31710000,0.31720000,2482329.60000000
1782997200000,0.31710000,0.31890000,0.31710000,0.31860000,8210165.80000000
1783000800000,0.31860000,0.31960000,0.31820000,0.31860000,8894954.00000000
1783004400000,0.31860000,0.31870000,0.31790000,0.31850000,2928605.80000000
1783008000000,0.31840000,0.31880000,0.31800000,0.31810000,4538312.50000000
1783011600000,0.31820000,0.31840000,0.31790000,0.31790000,1855087.20000000
1783015200000,0.31790000,0.31830000,0.31780000,0.31780000,1938943.70000000
1783018800000,0.31780000,0.31790000,0.31750000,0.31750000,2285452.50000000
1783022400000,0.31750000,0.31780000,0.31750000,0.31780000,1537431.30000000
1783026000000,0.31770000,0.31780000,0.31730000,0.31770000,1924090.50000000
1783029600000,0.31760000,0.31770000,0.31740000,0.31760000,1046394.90000000
1783033200000,0.31760000,0.31790000,0.31740000,0.31760000,1068803.60000000
1783036800000,0.31760000,0.31780000,0.31730000,0.31730000,1754500.90000000
1783040400000,0.31740000,0.31780000,0.31740000,0.31760000,1547623.00000000
1783044000000,0.31760000,0.31760000,0.31720000,0.31740000,2591012.50000000
1783047600000,0.31740000,0.31770000,0.31720000,0.31770000,1852613.50000000
1783051200000,0.31770000,0.31780000,0.31730000,0.31740000,1657164.00000000
1783054800000,0.31730000,0.31770000,0.31720000,0.31750000,1350503.90000000
1783058400000,0.31740000,0.31950000,0.31720000,0.31890000,13876058.20000000
1783062000000,0.31890000,0.31920000,0.31870000,0.31920000,6288080.10000000
1783065600000,0.31920000,0.31960000,0.31900000,0.31960000,5931148.10000000
1783069200000,0.31960000,0.32010000,0.31950000,0.32000000,5874544.90000000
1783072800000,0.32000000,0.32050000,0.31960000,0.32020000,7706398.80000000
1783076400000,0.32020000,0.32060000,0.32010000,0.32050000,3924826.20000000
1783080000000,0.32050000,0.32080000,0.32020000,0.32060000,3798587.50000000
1783083600000,0.32060000,0.32100000,0.32040000,0.32100000,4206149.20000000
1783087200000,0.32100000,0.32120000,0.32030000,0.32060000,4227461.90000000
1783090800000,0.32060000,0.32130000,0.32040000,0.32080000,8206608.60000000
1783094400000,0.32070000,0.32100000,0.32030000,0.32030000,3701675.80000000
1783098000000,0.32040000,0.32080000,0.32040000,0.32050000,1438367.50000000
1783101600000,0.32060000,0.32090000,0.32050000,0.32090000,1368509.10000000
1783105200000,0.32090000,0.32120000,0.32080000,0.32120000,2536987.50000000
1783108800000,0.32120000,0.32230000,0.32120000,0.32210000,7041295.50000000
1783112400000,0.32210000,0.32320000,0.32200000,0.32270000,8274665.70000000
1783116000000,0.32270000,0.32300000,0.32250000,0.32290000,2987191.40000000
1783119600000,0.32290000,0.32360000,0.32280000,0.32340000,4363649.20000000
1783123200000,0.32340000,0.32440000,0.32340000,0.32430000,6534545.80000000
1783126800000,0.32420000,0.32430000,0.32360000,0.32390000,2760823.20000000
1783130400000,0.32380000,0.32430000,0.32360000,0.32410000,2161443.90000000
1783134000000,0.32400000,0.32400000,0.32340000,0.32390000,3023576.90000000
1783137600000,0.32390000,0.32410000,0.32360000,0.32360000,1446331.50000000
1783141200000,0.32370000,0.32370000,0.32300000,0.32300000,3597775.40000000
1783144800000,0.32300000,0.32330000,0.32290000,0.32330000,2071106.80000000
1783148400000,0.32320000,0.32400000,0.32310000,0.32400000,2990143.10000000
1783152000000,0.32390000,0.32430000,0.32380000,0.32410000,2375501.80000000
1783155600000,0.32420000,0.32460000,0.32410000,0.32450000,3249710.00000000
1783159200000,0.32460000,0.32540000,0.32440000,0.32530000,6180816.00000000
1783162800000,0.32530000,0.32560000,0.32490000,0.32560000,2246356.40000000
1783166400000,0.32560000,0.32590000,0.32510000,0.32590000,3881840.00000000
1783170000000,0.32590000,0.32650000,0.32560000,0.32580000,5284380.70000000
1783173600000,0.32580000,0.32590000,0.32550000,0.32550000,2529091.40000000
1783177200000,0.32560000,0.32600000,0.32540000,0.32580000,2089797.10000000
1783180800000,0.32580000,0.32620000,0.32560000,0.32610000,2173840.50000000
1783184400000,0.32610000,0.32620000,0.32550000,0.32600000,2686639.50000000
1783188000000,0.32600000,0.32640000,0.32590000,0.32620000,2693542.90000000
1783191600000,0.32630000,0.32640000,0.32590000,0.32640000,1315450.30000000
1783195200000,0.32640000,0.32650000,0.32600000,0.32610000,1287239.60000000
1783198800000,0.32620000,0.32620000,0.32570000,0.32610000,1748478.50000000
1783202400000,0.32610000,0.32610000,0.32550000,0.32570000,1380854.50000000
1783206000000,0.32570000,0.32570000,0.32490000,0.32520000,4480046.80000000
1783209600000,0.32520000,0.32580000,0.32510000,0.32520000,2697195.50000000
1783213200000,0.32520000,0.32520000,0.32460000,0.32510000,4815982.50000000
1783216800000,0.32510000,0.32510000,0.32430000,0.32440000,2464348.40000000
1783220400000,0.32450000,0.32480000,0.32420000,0.32450000,1910574.70000000
1783224000000,0.32450000,0.32480000,0.32440000,0.32480000,808587.20000000
1783227600000,0.32480000,0.32510000,0.32470000,0.32500000,1818230.40000000
1783231200000,0.32500000,0.32510000,0.32470000,0.32510000,645221.70000000
1783234800000,0.32510000,0.32510000,0.32480000,0.32510000,972085.30000000
1783238400000,0.32510000,0.32510000,0.32480000,0.32500000,991739.20000000
1783242000000,0.32510000,0.32540000,0.32480000,0.32500000,3541274.30000000
1783245600000,0.32500000,0.32550000,0.32480000,0.32540000,2444415.00000000
1783249200000,0.32550000,0.32600000,0.32520000,0.32590000,3991344.40000000
1783252800000,0.32600000,0.32960000,0.32600000,0.32890000,24693744.60000000
1783256400000,0.32890000,0.32940000,0.32830000,0.32850000,6973337.80000000
1783260000000,0.32850000,0.32960000,0.32850000,0.32930000,4805209.40000000
1783263600000,0.32930000,0.33040000,0.32890000,0.32920000,11192555.70000000
1783267200000,0.32920000,0.32990000,0.32810000,0.32840000,11508027.30000000
1783270800000,0.32840000,0.32860000,0.32810000,0.32840000,2507331.70000000
1783274400000,0.32840000,0.32870000,0.32820000,0.32860000,2715505.50000000
1783278000000,0.32850000,0.32860000,0.32800000,0.32830000,2341708.80000000
1783281600000,0.32830000,0.32840000,0.32790000,0.32800000,1859854.40000000
1783285200000,0.32790000,0.32840000,0.32790000,0.32830000,1687850.70000000
1783288800000,0.32820000,0.32910000,0.32820000,0.32900000,5008959.00000000
1783292400000,0.32900000,0.32930000,0.32880000,0.32920000,2028935.80000000
1783296000000,0.32920000,0.32950000,0.32860000,0.32930000,4401631.90000000
1783299600000,0.32930000,0.33010000,0.32890000,0.33000000,6162037.10000000
1783303200000,0.33000000,0.33010000,0.32970000,0.32980000,1762304.60000000
1783306800000,0.32980000,0.32980000,0.32820000,0.32880000,8061048.00000000
1783310400000,0.32880000,0.32910000,0.32850000,0.32900000,1854331.50000000
1783314000000,0.32910000,0.32940000,0.32890000,0.32940000,2888195.90000000
1783317600000,0.32940000,0.32960000,0.32860000,0.32910000,3074666.10000000
1783321200000,0.32900000,0.32910000,0.32810000,0.32810000,4582909.60000000
1783324800000,0.32810000,0.32820000,0.32710000,0.32720000,9771897.70000000
1783328400000,0.32720000,0.32760000,0.32660000,0.32690000,7277727.40000000
1783332000000,0.32690000,0.32720000,0.32680000,0.32720000,2399745.20000000
1783335600000,0.32720000,0.32800000,0.32640000,0.32770000,6106456.90000000
1783339200000,0.32770000,0.32860000,0.32700000,0.32700000,11138290.90000000
1783342800000,0.32700000,0.32780000,0.32670000,0.32760000,6862883.10000000
1783346400000,0.32760000,0.32760000,0.32710000,0.32720000,2408761.20000000
1783350000000,0.32720000,0.32780000,0.32650000,0.32760000,8745250.70000000
1783353600000,0.32770000,0.32800000,0.32700000,0.32720000,4033260.30000000
1783357200000,0.32730000,0.32910000,0.32720000,0.32900000,7073455.30000000
1783360800000,0.32900000,0.32920000,0.32840000,0.32870000,2108122.30000000
1783364400000,0.32870000,0.32900000,0.32820000,0.32850000,2905242.90000000
1783368000000,0.32860000,0.32940000,0.32840000,0.32930000,3532619.40000000
1783371600000,0.32930000,0.32990000,0.32910000,0.32970000,5098133.00000000
1783375200000,0.32960000,0.32980000,0.32910000,0.32930000,2996601.90000000
1783378800000,0.32930000,0.32970000,0.32930000,0.32970000,2825629.60000000
1783382400000,0.32970000,0.33000000,0.32960000,0.33000000,3454125.00000000
1783386000000,0.33000000,0.33000000,0.32940000,0.32950000,4275434.60000000
1783389600000,0.32940000,0.33000000,0.32940000,0.33000000,2699003.10000000
1783393200000,0.32990000,0.33000000,0.32950000,0.33000000,2200220.90000000
1783396800000,0.33000000,0.33050000,0.32980000,0.33040000,3425363.10000000
1783400400000,0.33050000,0.33090000,0.32990000,0.33020000,5780700.50000000
1783404000000,0.33020000,0.33040000,0.32930000,0.32970000,3848061.60000000
1783407600000,0.32970000,0.32980000,0.32940000,0.32950000,1798818.50000000
1783411200000,0.32950000,0.33000000,0.32900000,0.32990000,6201236.30000000
1783414800000,0.32990000,0.33070000,0.32970000,0.33070000,5433997.00000000
1783418400000,0.33060000,0.33080000,0.33030000,0.33070000,2219637.70000000
1783422000000,0.33070000,0.33110000,0.33020000,0.33110000,3514343.30000000
1783425600000,0.33110000,0.33150000,0.33060000,0.33110000,5374273.40000000
1783429200000,0.33110000,0.33130000,0.33070000,0.33120000,4074436.10000000
1783432800000,0.33120000,0.33160000,0.33080000,0.33160000,3326244.20000000
1783436400000,0.33160000,0.33230000,0.33140000,0.33180000,4234753.40000000
1783440000000,0.33170000,0.33250000,0.33120000,0.33250000,6576171.00000000
1783443600000,0.33250000,0.33300000,0.33240000,0.33260000,3379846.70000000
1783447200000,0.33260000,0.33280000,0.33190000,0.33210000,6552084.30000000
1783450800000,0.33200000,0.33210000,0.33120000,0.33170000,3254824.40000000
1783454400000,0.33170000,0.33180000,0.33120000,0.33150000,1706164.00000000
1783458000000,0.33150000,0.33180000,0.33130000,0.33160000,1913397.40000000
1783461600000,0.33160000,0.33180000,0.33130000,0.33180000,2187578.10000000
1783465200000,0.33170000,0.33200000,0.33160000,0.33170000,1442784.80000000
1783468800000,0.33170000,0.33210000,0.33160000,0.33200000,2509211.00000000
1783472400000,0.33190000,0.33200000,0.33040000,0.33060000,7420198.00000000
1783476000000,0.33050000,0.33090000,0.32960000,0.33090000,7409263.40000000
1783479600000,0.33090000,0.33110000,0.33060000,0.33070000,2054837.20000000
1783483200000,0.33080000,0.33080000,0.32970000,0.33000000,5570509.80000000
1783486800000,0.33000000,0.33020000,0.32930000,0.32950000,5215552.20000000
1783490400000,0.32940000,0.32940000,0.32900000,0.32910000,3756657.50000000
1783494000000,0.32910000,0.32980000,0.32870000,0.32970000,5126933.00000000
1783497600000,0.32960000,0.32980000,0.32780000,0.32780000,13870469.60000000
1783501200000,0.32780000,0.32810000,0.32760000,0.32770000,3302979.90000000
1783504800000,0.32760000,0.32810000,0.32760000,0.32770000,3949889.50000000
1783508400000,0.32780000,0.32790000,0.32710000,0.32760000,5199313.30000000
1783512000000,0.32750000,0.32800000,0.32740000,0.32770000,2885262.80000000
1783515600000,0.32770000,0.32860000,0.32760000,0.32830000,5667253.50000000
1783519200000,0.32840000,0.32930000,0.32830000,0.32890000,4766774.50000000
1783522800000,0.32890000,0.32900000,0.32820000,0.32850000,3658422.20000000
1783526400000,0.32860000,0.32960000,0.32850000,0.32940000,6741053.90000000
1783530000000,0.32940000,0.32980000,0.32920000,0.32960000,2652917.70000000
1783533600000,0.32960000,0.33050000,0.32940000,0.33040000,4975212.60000000
1783537200000,0.33040000,0.33050000,0.32990000,0.33010000,1118865.80000000
1783540800000,0.33010000,0.33030000,0.32960000,0.32970000,1839574.20000000
1783544400000,0.32970000,0.33010000,0.32960000,0.32980000,1588299.40000000
1783548000000,0.32990000,0.33010000,0.32950000,0.32960000,1790765.80000000
1783551600000,0.32960000,0.32960000,0.32820000,0.32850000,7579686.50000000
1783555200000,0.32850000,0.32880000,0.32810000,0.32810000,3339461.40000000
1783558800000,0.32810000,0.32930000,0.32800000,0.32830000,7304181.70000000
1783562400000,0.32830000,0.32870000,0.32800000,0.32800000,3073759.30000000
1783566000000,0.32800000,0.32920000,0.32800000,0.32910000,4050321.70000000
1783569600000,0.32920000,0.33070000,0.32900000,0.33040000,6154998.00000000
1783573200000,0.33040000,0.33130000,0.33030000,0.33120000,5925092.00000000
1783576800000,0.33120000,0.33150000,0.33090000,0.33130000,4004984.00000000
1783580400000,0.33130000,0.33190000,0.33110000,0.33190000,5337279.70000000
1783584000000,0.33190000,0.33190000,0.33080000,0.33090000,4436686.30000000
1783587600000,0.33090000,0.33140000,0.33070000,0.33140000,1776205.70000000
1783591200000,0.33140000,0.33180000,0.33110000,0.33160000,2433601.50000000
1783594800000,0.33170000,0.33180000,0.33060000,0.33090000,4824080.80000000
1783598400000,0.33090000,0.33110000,0.33040000,0.33070000,2919376.00000000
1783602000000,0.33080000,0.33180000,0.33080000,0.33130000,5175545.00000000
1783605600000,0.33140000,0.33150000,0.33090000,0.33140000,2235634.60000000
1783609200000,0.33130000,0.33170000,0.33130000,0.33150000,2590428.90000000
1783612800000,0.33140000,0.33230000,0.33140000,0.33210000,4345344.80000000
1783616400000,0.33210000,0.33260000,0.33180000,0.33210000,6916769.10000000
1783620000000,0.33210000,0.33220000,0.33170000,0.33200000,1857906.60000000
1783623600000,0.33200000,0.33210000,0.33160000,0.33190000,996890.30000000
1783627200000,0.33190000,0.33210000,0.33180000,0.33200000,937593.90000000
1783630800000,0.33200000,0.33240000,0.33190000,0.33230000,2779653.70000000
1783634400000,0.33240000,0.33250000,0.33230000,0.33250000,940383.30000000
1783638000000,0.33250000,0.33250000,0.33160000,0.33220000,3225514.20000000
1783641600000,0.33220000,0.33230000,0.33160000,0.33200000,2987342.60000000
1783645200000,0.33200000,0.33220000,0.33160000,0.33180000,2519598.60000000
1783648800000,0.33180000,0.33200000,0.33150000,0.33200000,2025185.30000000
1783652400000,0.33190000,0.33200000,0.33120000,0.33140000,3129072.40000000
1783656000000,0.33150000,0.33170000,0.33140000,0.33170000,965793.50000000
1783659600000,0.33170000,0.33340000,0.33150000,0.33330000,6402527.90000000
1783663200000,0.33330000,0.33360000,0.33220000,0.33220000,5345572.20000000
1783666800000,0.33220000,0.33240000,0.33020000,0.33050000,11124500.20000000
1783670400000,0.33050000,0.33090000,0.33030000,0.33080000,4350428.90000000
1783674000000,0.33080000,0.33080000,0.33010000,0.33010000,3815951.40000000
1783677600000,0.33020000,0.33050000,0.32950000,0.32950000,4504281.40000000
1783681200000,0.32960000,0.32980000,0.32940000,0.32960000,3198376.70000000
1783684800000,0.32950000,0.33050000,0.32950000,0.33030000,3264833.70000000
1783688400000,0.33040000,0.33120000,0.33020000,0.33080000,4493023.60000000
1783692000000,0.33080000,0.33090000,0.33010000,0.33090000,4118413.30000000
1783695600000,0.33090000,0.33110000,0.33050000,0.33080000,2994097.70000000
1783699200000,0.33080000,0.33090000,0.33050000,0.33080000,1561922.90000000
1783702800000,0.33090000,0.33090000,0.33020000,0.33030000,4071485.40000000
1783706400000,0.33030000,0.33050000,0.33000000,0.33050000,1600771.70000000
1783710000000,0.33050000,0.33120000,0.33030000,0.33090000,3910146.20000000
1783713600000,0.33090000,0.33100000,0.33040000,0.33080000,2956582.00000000
1783717200000,0.33070000,0.33100000,0.33040000,0.33080000,1522459.60000000
1783720800000,0.33080000,0.33100000,0.33050000,0.33060000,1731097.20000000
1783724400000,0.33060000,0.33060000,0.33020000,0.33040000,1740313.10000000
1783728000000,0.33040000,0.33060000,0.33010000,0.33020000,2187628.00000000
1783731600000,0.33020000,0.33040000,0.33000000,0.33010000,1561526.30000000
1783735200000,0.33010000,0.33030000,0.32990000,0.33030000,1052481.80000000
1783738800000,0.33020000,0.33040000,0.33000000,0.33010000,665610.60000000
1783742400000,0.33000000,0.33020000,0.32990000,0.33010000,667317.50000000
1783746000000,0.33020000,0.33020000,0.32990000,0.33010000,1134848.80000000
1783749600000,0.33000000,0.33020000,0.32980000,0.33020000,1449428.70000000
1783753200000,0.33020000,0.33020000,0.32950000,0.32960000,3639426.80000000
1783756800000,0.32960000,0.32980000,0.32890000,0.32920000,6915763.20000000
1783760400000,0.32920000,0.32970000,0.32920000,0.32970000,2797984.50000000
1783764000000,0.32970000,0.32970000,0.32930000,0.32940000,1009342.60000000
1783767600000,0.32950000,0.33090000,0.32940000,0.33070000,6719787.10000000
1783771200000,0.33070000,0.33140000,0.33070000,0.33140000,4103034.70000000
1783774800000,0.33130000,0.33150000,0.33100000,0.33150000,2424074.90000000
1783778400000,0.33150000,0.33170000,0.33130000,0.33170000,2820462.80000000
1783782000000,0.33170000,0.33170000,0.33100000,0.33140000,3190123.70000000
1783785600000,0.33140000,0.33140000,0.33080000,0.33100000,1817422.00000000
1783789200000,0.33110000,0.33130000,0.33090000,0.33130000,1143033.90000000
1783792800000,0.33130000,0.33140000,0.33100000,0.33110000,1274981.70000000
1783796400000,0.33110000,0.33120000,0.33070000,0.33090000,1061331.00000000
1783800000000,0.33090000,0.33110000,0.33080000,0.33080000,995925.60000000
1783803600000,0.33080000,0.33110000,0.33070000,0.33090000,921461.10000000
1783807200000,0.33090000,0.33100000,0.33030000,0.33030000,2882148.70000000
1783810800000,0.33040000,0.33050000,0.32980000,0.32990000,3705241.90000000
1783814400000,0.32980000,0.33000000,0.32950000,0.32980000,4307388.40000000
1783818000000,0.32970000,0.33000000,0.32960000,0.32980000,773084.90000000
1783821600000,0.32980000,0.32980000,0.32950000,0.32950000,386995.50000000
1783825200000,0.32950000,0.33010000,0.32950000,0.33010000,1352062.20000000
1783828800000,0.33010000,0.33010000,0.32980000,0.32990000,747575.90000000
1783832400000,0.32990000,0.33000000,0.32960000,0.32980000,1272912.70000000
1783836000000,0.32970000,0.33000000,0.32960000,0.32990000,730249.60000000
1783839600000,0.32990000,0.33010000,0.32970000,0.32980000,925987.30000000
1783843200000,0.32980000,0.33010000,0.32960000,0.33010000,1453759.30000000
1783846800000,0.33000000,0.33030000,0.33000000,0.33030000,2060649.60000000
1783850400000,0.33030000,0.33050000,0.33020000,0.33050000,1455291.20000000
1783854000000,0.33050000,0.33210000,0.33040000,0.33160000,8948128.60000000
1783857600000,0.33160000,0.33220000,0.33140000,0.33200000,4069406.50000000
1783861200000,0.33200000,0.33210000,0.33080000,0.33090000,3649205.80000000
1783864800000,0.33090000,0.33160000,0.33080000,0.33160000,4674508.40000000
1783868400000,0.33160000,0.33200000,0.33100000,0.33120000,3848914.80000000
1783872000000,0.33120000,0.33140000,0.33060000,0.33120000,3115163.90000000
1783875600000,0.33120000,0.33150000,0.33100000,0.33130000,4047704.10000000
1783879200000,0.33130000,0.33170000,0.33120000,0.33170000,2121519.40000000
1783882800000,0.33170000,0.33180000,0.33140000,0.33170000,1431125.50000000
1783886400000,0.33170000,0.33170000,0.33130000,0.33160000,1327833.30000000
1783890000000,0.33150000,0.33170000,0.33130000,0.33170000,1971765.30000000
1783893600000,0.33160000,0.33160000,0.33110000,0.33150000,2305439.50000000
1783897200000,0.33160000,0.33160000,0.33120000,0.33160000,1853040.40000000
1783900800000,0.33150000,0.33230000,0.33110000,0.33160000,5566837.50000000
1783904400000,0.33160000,0.33180000,0.33130000,0.33150000,2121879.00000000
1783908000000,0.33150000,0.33170000,0.33110000,0.33130000,3853675.80000000
1783911600000,0.33130000,0.33130000,0.33030000,0.33060000,5945982.00000000
1783915200000,0.33060000,0.33080000,0.33020000,0.33060000,2532508.40000000
1783918800000,0.33050000,0.33090000,0.33020000,0.33070000,2588466.40000000
1783922400000,0.33070000,0.33070000,0.32970000,0.32990000,4733485.30000000
1783926000000,0.32990000,0.33010000,0.32960000,0.32980000,3542413.00000000
1783929600000,0.32980000,0.33030000,0.32960000,0.32990000,4119020.50000000
1783933200000,0.32990000,0.33050000,0.32970000,0.33020000,3687353.00000000
1783936800000,0.33020000,0.33030000,0.32630000,0.32750000,19235961.10000000
1783940400000,0.32760000,0.32790000,0.32750000,0.32760000,3016919.00000000
1783944000000,0.32760000,0.32760000,0.32650000,0.32680000,7257414.00000000
1783947600000,0.32690000,0.32690000,0.32610000,0.32630000,4219386.70000000
1783951200000,0.32630000,0.32660000,0.32600000,0.32650000,4644917.60000000
1783954800000,0.32650000,0.32660000,0.32620000,0.32620000,2196665.70000000
1783958400000,0.32620000,0.32640000,0.32580000,0.32600000,3354219.30000000
1783962000000,0.32590000,0.32630000,0.32550000,0.32590000,4635279.00000000
1783965600000,0.32590000,0.32600000,0.32540000,0.32590000,3500260.20000000
1783969200000,0.32600000,0.32610000,0.32560000,0.32590000,2756417.30000000
1783972800000,0.32590000,0.32600000,0.32560000,0.32570000,1696777.70000000
1783976400000,0.32560000,0.32600000,0.32510000,0.32510000,4785439.50000000
1783980000000,0.32510000,0.32520000,0.32440000,0.32450000,5598993.50000000
1783983600000,0.32450000,0.32490000,0.32410000,0.32440000,3654519.20000000
1783987200000,0.32440000,0.32450000,0.32400000,0.32440000,3099561.80000000
1783990800000,0.32430000,0.32460000,0.32410000,0.32430000,3233774.00000000
1783994400000,0.32440000,0.32470000,0.32420000,0.32440000,3110396.60000000
1783998000000,0.32430000,0.32510000,0.32430000,0.32510000,4594212.30000000
1784001600000,0.32500000,0.32530000,0.32480000,0.32510000,2978820.00000000
1784005200000,0.32520000,0.32560000,0.32500000,0.32500000,8060975.40000000
1784008800000,0.32510000,0.32560000,0.32500000,0.32530000,8106033.40000000
1784012400000,0.32530000,0.32530000,0.32490000,0.32510000,2374308.00000000
1784016000000,0.32510000,0.32520000,0.32480000,0.32500000,2656476.80000000
1784019600000,0.32500000,0.32530000,0.32480000,0.32490000,2712805.20000000
1784023200000,0.32500000,0.32520000,0.32480000,0.32510000,3010685.20000000
1784026800000,0.32500000,0.32560000,0.32490000,0.32560000,4789392.80000000
1784030400000,0.32560000,0.32600000,0.32500000,0.32590000,9771899.70000000
1784034000000,0.32600000,0.32600000,0.32530000,0.32560000,3773586.80000000
1784037600000,0.32550000,0.32580000,0.32510000,0.32570000,3982626.20000000
1784041200000,0.32570000,0.32650000,0.32570000,0.32580000,4758644.00000000
1784044800000,0.32570000,0.32580000,0.32500000,0.32520000,4430885.30000000
1784048400000,0.32520000,0.32560000,0.32500000,0.32560000,2195912.00000000
1784052000000,0.32550000,0.32560000,0.32510000,0.32550000,2061510.80000000
1784055600000,0.32540000,0.32550000,0.32520000,0.32540000,1938762.70000000
1784059200000,0.32540000,0.32550000,0.32510000,0.32540000,1341521.70000000
1784062800000,0.32530000,0.32550000,0.32520000,0.32530000,1383582.60000000
1784066400000,0.32540000,0.32620000,0.32520000,0.32590000,4701546.40000000
1784070000000,0.32600000,0.32610000,0.32590000,0.32590000,917843.30000000
1784073600000,0.32600000,0.32610000,0.32570000,0.32580000,1459640.80000000
1784077200000,0.32590000,0.32610000,0.32570000,0.32600000,1590247.70000000
1784080800000,0.32590000,0.32600000,0.32560000,0.32590000,809161.90000000
1784084400000,0.32580000,0.32700000,0.32580000,0.32700000,5617090.80000000
1784088000000,0.32700000,0.32730000,0.32660000,0.32670000,2738051.80000000
1784091600000,0.32660000,0.32690000,0.32640000,0.32670000,3238668.70000000
1784095200000,0.32670000,0.32730000,0.32660000,0.32730000,3564803.20000000
1784098800000,0.32730000,0.32810000,0.32720000,0.32760000,8025403.10000000
1784102400000,0.32770000,0.32790000,0.32740000,0.32770000,2302179.40000000
1784106000000,0.32780000,0.32820000,0.32770000,0.32820000,4361152.90000000
1784109600000,0.32810000,0.32870000,0.32800000,0.32810000,5319846.30000000
1784113200000,0.32800000,0.32850000,0.32780000,0.32810000,5548145.00000000
1784116800000,0.32810000,0.32850000,0.32780000,0.32840000,3865654.40000000
1784120400000,0.32840000,0.32870000,0.32710000,0.32730000,9555350.40000000
1784124000000,0.32740000,0.32780000,0.32720000,0.32750000,2778936.50000000
1784127600000,0.32740000,0.32780000,0.32730000,0.32770000,2897383.00000000
1784131200000,0.32780000,0.32780000,0.32410000,0.32460000,24086599.90000000
1784134800000,0.32470000,0.32520000,0.32440000,0.32520000,5885762.70000000
1784138400000,0.32520000,0.32520000,0.32470000,0.32490000,1882311.70000000
1784142000000,0.32490000,0.32500000,0.32440000,0.32440000,2926829.70000000
1784145600000,0.32440000,0.32510000,0.32430000,0.32500000,3198018.00000000
1784149200000,0.32490000,0.32530000,0.32440000,0.32450000,3269912.40000000
1784152800000,0.32440000,0.32480000,0.32440000,0.32470000,1998954.90000000
1784156400000,0.32460000,0.32470000,0.32450000,0.32450000,620082.20000000
1784160000000,0.32450000,0.32460000,0.32410000,0.32430000,2643432.10000000
1784163600000,0.32430000,0.32460000,0.32430000,0.32450000,1448379.40000000
1784167200000,0.32460000,0.32490000,0.32450000,0.32490000,1117440.00000000
1784170800000,0.32480000,0.32490000,0.32360000,0.32390000,5781592.10000000
1784174400000,0.32390000,0.32430000,0.32380000,0.32410000,2376382.90000000
1784178000000,0.32410000,0.32430000,0.32400000,0.32420000,1423752.70000000
1784181600000,0.32430000,0.32470000,0.32420000,0.32460000,1851531.20000000
1784185200000,0.32470000,0.32480000,0.32400000,0.32400000,2225084.70000000
1784188800000,0.32410000,0.32420000,0.32350000,0.32370000,5027445.00000000
1784192400000,0.32360000,0.32390000,0.32330000,0.32330000,4324944.20000000
1784196000000,0.32340000,0.32380000,0.32330000,0.32370000,2237735.80000000
1784199600000,0.32370000,0.32390000,0.32340000,0.32350000,3238621.10000000
1784203200000,0.32340000,0.32370000,0.32320000,0.32350000,3199010.00000000
1784206800000,0.32350000,0.32370000,0.32300000,0.32340000,3193505.60000000
1784210400000,0.32340000,0.32380000,0.32300000,0.32340000,4721401.80000000
1784214000000,0.32340000,0.32390000,0.32320000,0.32360000,3070078.90000000
1784217600000,0.32360000,0.32360000,0.32310000,0.32330000,2381956.60000000
1784221200000,0.32330000,0.32330000,0.32300000,0.32320000,1985454.80000000
1784224800000,0.32320000,0.32320000,0.32300000,0.32320000,1186576.50000000
1784228400000,0.32310000,0.32330000,0.32300000,0.32320000,1528270.90000000
1784232000000,0.32310000,0.32340000,0.32310000,0.32330000,2144669.70000000
1784235600000,0.32330000,0.32350000,0.32320000,0.32350000,1291501.30000000
1784239200000,0.32350000,0.32370000,0.32330000,0.32350000,1194259.10000000
1784242800000,0.32340000,0.32350000,0.32300000,0.32330000,1434288.60000000
1784246400000,0.32330000,0.32350000,0.32260000,0.32350000,3605632.30000000
1784250000000,0.32340000,0.32390000,0.32280000,0.32310000,3809824.20000000
1784253600000,0.32300000,0.32320000,0.32180000,0.32190000,3922228.80000000
1784257200000,0.32190000,0.32220000,0.32170000,0.32180000,586669.30000000
1784260800000,0.32180000,0.32220000,0.32170000,0.32210000,1667559.40000000
1784264400000,0.32220000,0.32220000,0.32180000,0.32210000,1147957.40000000
1784268000000,0.32200000,0.32240000,0.32180000,0.32210000,2049219.30000000
1784271600000,0.32220000,0.32310000,0.32170000,0.32240000,14391222.10000000
1784275200000,0.32240000,0.32260000,0.32220000,0.32240000,2982893.00000000
1784278800000,0.32240000,0.32250000,0.32210000,0.32210000,1663455.50000000
1784282400000,0.32220000,0.32250000,0.32210000,0.32230000,1333762.10000000
1784286000000,0.32240000,0.32290000,0.32230000,0.32280000,3934578.70000000
1784289600000,0.32280000,0.32290000,0.32270000,0.32280000,1489974.70000000
1784293200000,0.32280000,0.32310000,0.32260000,0.32310000,2692437.60000000
1784296800000,0.32300000,0.32340000,0.32270000,0.32290000,3891888.70000000
1784300400000,0.32280000,0.32320000,0.32270000,0.32290000,2241972.30000000
1784304000000,0.32290000,0.32340000,0.32280000,0.32310000,3410784.60000000
1784307600000,0.32320000,0.32360000,0.32300000,0.32320000,2540931.00000000
1784311200000,0.32310000,0.32330000,0.32280000,0.32300000,1924653.70000000
1784314800000,0.32300000,0.32310000,0.32270000,0.32280000,1908106.70000000
1784318400000,0.32290000,0.32310000,0.32270000,0.32310000,866686.60000000
1784322000000,0.32310000,0.32310000,0.32260000,0.32300000,2467827.70000000
1784325600000,0.32290000,0.32300000,0.32270000,0.32290000,837447.90000000
1784329200000,0.32290000,0.32290000,0.32260000,0.32270000,890784.60000000
1784332800000,0.32270000,0.32290000,0.32260000,0.32280000,564140.70000000
1784336400000,0.32290000,0.32300000,0.32270000,0.32290000,653708.20000000
1784340000000,0.32280000,0.32300000,0.32250000,0.32250000,1764927.40000000
1784343600000,0.32260000,0.32270000,0.32230000,0.32240000,901799.00000000
1784347200000,0.32230000,0.32240000,0.32220000,0.32220000,1158798.80000000
1784350800000,0.32230000,0.32230000,0.32200000,0.32210000,1622105.60000000
1784354400000,0.32200000,0.32210000,0.32190000,0.32200000,718872.70000000
1784358000000,0.32200000,0.32240000,0.32200000,0.32240000,1642974.80000000
1784361600000,0.32230000,0.32350000,0.32210000,0.32350000,4118866.80000000
1784365200000,0.32350000,0.32380000,0.32300000,0.32340000,3912178.90000000
1784368800000,0.32350000,0.32390000,0.32310000,0.32310000,4855879.20000000
1784372400000,0.32320000,0.32380000,0.32300000,0.32370000,3061834.30000000
1784376000000,0.32370000,0.32380000,0.32340000,0.32380000,1674425.70000000
1784379600000,0.32370000,0.32380000,0.32340000,0.32380000,2184788.10000000
1784383200000,0.32380000,0.32420000,0.32270000,0.32300000,3711765.40000000
1784386800000,0.32290000,0.32300000,0.32230000,0.32270000,1639351.10000000
1784390400000,0.32270000,0.32330000,0.32260000,0.32310000,2764084.70000000
1784394000000,0.32310000,0.32550000,0.32250000,0.32470000,15872999.50000000
1784397600000,0.32470000,0.32560000,0.32470000,0.32510000,4913272.40000000
1784401200000,0.32520000,0.32580000,0.32510000,0.32570000,5366237.70000000
1784404800000,0.32580000,0.32630000,0.32570000,0.32590000,3766570.60000000
1784408400000,0.32590000,0.32590000,0.32550000,0.32560000,1894968.00000000
1784412000000,0.32560000,0.32600000,0.32550000,0.32590000,1371385.50000000
1784415600000,0.32580000,0.32600000,0.32570000,0.32580000,837706.30000000
1784419200000,0.32580000,0.32630000,0.32580000,0.32620000,2370493.30000000
1784422800000,0.32620000,0.32620000,0.32580000,0.32590000,1194614.80000000
1784426400000,0.32580000,0.32620000,0.32570000,0.32570000,1876675.80000000
1784430000000,0.32580000,0.32610000,0.32570000,0.32590000,1347503.40000000
1784433600000,0.32600000,0.32620000,0.32580000,0.32590000,669168.80000000
1784437200000,0.32600000,0.32600000,0.32570000,0.32570000,841073.30000000
1784440800000,0.32570000,0.32580000,0.32550000,0.32560000,1470443.60000000
1784444400000,0.32560000,0.32590000,0.32540000,0.32590000,2459969.70000000
1784448000000,0.32590000,0.32660000,0.32580000,0.32620000,3492900.20000000
1784451600000,0.32620000,0.32690000,0.32600000,0.32690000,3013162.30000000
1784455200000,0.32690000,0.32730000,0.32680000,0.32720000,4052550.30000000
1784458800000,0.32720000,0.32760000,0.32700000,0.32730000,4165448.90000000
1784462400000,0.32740000,0.32760000,0.32700000,0.32730000,2418201.80000000
1784466000000,0.32730000,0.32730000,0.32700000,0.32720000,1702427.60000000
1784469600000,0.32720000,0.32730000,0.32690000,0.32720000,1341261.70000000
1784473200000,0.32720000,0.32740000,0.32700000,0.32730000,2320926.70000000
1784476800000,0.32740000,0.32740000,0.32710000,0.32720000,1606519.60000000
1784480400000,0.32730000,0.32730000,0.32690000,0.32690000,1621493.90000000
1784484000000,0.32700000,0.32720000,0.32660000,0.32710000,3257150.90000000
1784487600000,0.32710000,0.32720000,0.32690000,0.32710000,1089130.10000000
1784491200000,0.32700000,0.32710000,0.32680000,0.32700000,1081766.50000000
1784494800000,0.32700000,0.32730000,0.32700000,0.32720000,1262959.00000000
1784498400000,0.32720000,0.32730000,0.32690000,0.32710000,1853953.90000000
1784502000000,0.32720000,0.32730000,0.32690000,0.32700000,1929770.80000000
1784505600000,0.32690000,0.32740000,0.32670000,0.32700000,3305639.10000000
1784509200000,0.32700000,0.32750000,0.32670000,0.32690000,6256539.10000000
1784512800000,0.32690000,0.32710000,0.32650000,0.32650000,2090191.90000000
1784516400000,0.32660000,0.32660000,0.32630000,0.32650000,1707151.00000000
1784520000000,0.32650000,0.32670000,0.32640000,0.32660000,863337.40000000
1784523600000,0.32650000,0.32660000,0.32620000,0.32660000,1994401.00000000
1784527200000,0.32660000,0.32680000,0.32630000,0.32660000,3382768.70000000
1784530800000,0.32660000,0.32660000,0.32600000,0.32620000,3285923.90000000
1784534400000,0.32620000,0.32630000,0.32550000,0.32600000,4536412.20000000
1784538000000,0.32600000,0.32630000,0.32580000,0.32610000,3464628.40000000
1784541600000,0.32600000,0.32680000,0.32580000,0.32640000,3103313.30000000
1784545200000,0.32630000,0.32630000,0.32570000,0.32620000,4450156.70000000
1784548800000,0.32620000,0.32620000,0.32570000,0.32590000,2555271.70000000
1784552400000,0.32590000,0.32620000,0.32560000,0.32570000,3250123.90000000
1784556000000,0.32560000,0.32580000,0.32540000,0.32550000,3996589.90000000
1784559600000,0.32560000,0.32590000,0.32530000,0.32580000,4537152.50000000
1784563200000,0.32570000,0.32650000,0.32570000,0.32620000,3688504.50000000
1784566800000,0.32620000,0.32660000,0.32620000,0.32640000,2868833.90000000
1784570400000,0.32650000,0.32700000,0.32640000,0.32670000,3188653.80000000
1784574000000,0.32660000,0.32690000,0.32650000,0.32690000,1275579.80000000
1784577600000,0.32690000,0.32710000,0.32670000,0.32680000,2214493.90000000
1784581200000,0.32680000,0.32700000,0.32660000,0.32670000,1951263.50000000
1784584800000,0.32670000,0.32680000,0.32650000,0.32680000,814034.70000000
1784588400000,0.32670000,0.32690000,0.32670000,0.32690000,493495.40000000
1784592000000,0.32690000,0.32700000,0.32650000,0.32670000,1619031.20000000
1784595600000,0.32670000,0.32680000,0.32590000,0.32620000,4337281.90000000
1784599200000,0.32630000,0.32630000,0.32590000,0.32610000,1351311.90000000
1784602800000,0.32610000,0.32630000,0.32590000,0.32600000,1275415.60000000
1784606400000,0.32610000,0.32610000,0.32590000,0.32600000,716602.60000000
1784610000000,0.32600000,0.32630000,0.32590000,0.32620000,1447684.50000000
1784613600000,0.32620000,0.32670000,0.32610000,0.32660000,2187069.60000000
1784617200000,0.32670000,0.32680000,0.32650000,0.32670000,2495403.50000000
1784620800000,0.32680000,0.32690000,0.32640000,0.32660000,4519762.50000000
1784624400000,0.32660000,0.32690000,0.32650000,0.32680000,3265235.80000000
1784628000000,0.32680000,0.32700000,0.32660000,0.32680000,2249271.20000000
1784631600000,0.32690000,0.32790000,0.32680000,0.32740000,5808086.10000000
1784635200000,0.32750000,0.32790000,0.32750000,0.32790000,2170820.50000000
1784638800000,0.32790000,0.32910000,0.32790000,0.32870000,10479881.10000000
1784642400000,0.32860000,0.32890000,0.32850000,0.32870000,3312141.90000000
1784646000000,0.32870000,0.32890000,0.32840000,0.32860000,2007404.00000000
1784649600000,0.32860000,0.32890000,0.32840000,0.32850000,3104898.20000000
1784653200000,0.32840000,0.32880000,0.32840000,0.32840000,1729261.10000000
1784656800000,0.32850000,0.33030000,0.32840000,0.32990000,8944899.80000000
1784660400000,0.32990000,0.33010000,0.32950000,0.32950000,2020924.20000000
1784664000000,0.32950000,0.32980000,0.32940000,0.32970000,1864584.60000000
1784667600000,0.32970000,0.32980000,0.32920000,0.32930000,2617407.00000000
1784671200000,0.32930000,0.32950000,0.32920000,0.32930000,1026730.30000000
1784674800000,0.32930000,0.32970000,0.32930000,0.32970000,1170933.30000000
1784678400000,0.32970000,0.32990000,0.32940000,0.32950000,2086610.90000000
1784682000000,0.32950000,0.32950000,0.32900000,0.32920000,3069570.70000000
1784685600000,0.32930000,0.32950000,0.32910000,0.32950000,749025.20000000
1784689200000,0.32940000,0.32950000,0.32860000,0.32880000,3955296.00000000
1784692800000,0.32890000,0.32930000,0.32890000,0.32930000,1624001.10000000
1784696400000,0.32930000,0.32930000,0.32880000,0.32900000,1740199.50000000
1784700000000,0.32900000,0.32900000,0.32880000,0.32890000,756312.50000000
1784703600000,0.32890000,0.32920000,0.32870000,0.32920000,1737699.50000000
1784707200000,0.32920000,0.32930000,0.32890000,0.32930000,1840216.80000000
1784710800000,0.32930000,0.32970000,0.32920000,0.32960000,3303530.60000000
1784714400000,0.32970000,0.33040000,0.32960000,0.33040000,5638791.70000000
1784718000000,0.33030000,0.33050000,0.32990000,0.33000000,5079711.40000000
1784721600000,0.33010000,0.33030000,0.32960000,0.32980000,4705167.10000000
1784725200000,0.32970000,0.33020000,0.32960000,0.32960000,2585954.40000000
1784728800000,0.32970000,0.32980000,0.32800000,0.32840000,9397460.00000000
1784732400000,0.32830000,0.32870000,0.32830000,0.32850000,1962578.00000000
1784736000000,0.32850000,0.32870000,0.32820000,0.32860000,2292049.40000000
1784739600000,0.32870000,0.32880000,0.32850000,0.32880000,1276515.00000000
1784743200000,0.32880000,0.32880000,0.32840000,0.32860000,982482.00000000
1784746800000,0.32860000,0.32870000,0.32830000,0.32870000,1022835.60000000
1784750400000,0.32860000,0.32880000,0.32850000,0.32850000,1023652.90000000
1784754000000,0.32860000,0.32880000,0.32840000,0.32850000,1090413.50000000
1784757600000,0.32850000,0.32880000,0.32850000,0.32870000,876300.50000000
1784761200000,0.32870000,0.32900000,0.32870000,0.32890000,1459907.30000000
1784764800000,0.32900000,0.32900000,0.32870000,0.32880000,915746.50000000
1784768400000,0.32890000,0.32920000,0.32870000,0.32910000,1733997.60000000
1784772000000,0.32910000,0.32930000,0.32910000,0.32910000,1297056.90000000
1784775600000,0.32920000,0.32920000,0.32830000,0.32860000,3271409.40000000
1784779200000,0.32860000,0.32890000,0.32850000,0.32880000,778985.40000000
1784782800000,0.32880000,0.32890000,0.32860000,0.32890000,1252700.50000000
1784786400000,0.32890000,0.32920000,0.32890000,0.32920000,1607940.90000000
1784790000000,0.32920000,0.32940000,0.32900000,0.32910000,2927266.30000000
1784793600000,0.32910000,0.32920000,0.32720000,0.32780000,8995421.60000000
1784797200000,0.32770000,0.32790000,0.32720000,0.32750000,3624435.50000000
1784800800000,0.32750000,0.32840000,0.32740000,0.32830000,3424572.50000000
1784804400000,0.32820000,0.32840000,0.32680000,0.32740000,7702573.50000000
1784808000000,0.32740000,0.32750000,0.32620000,0.32670000,6937835.60000000
1784811600000,0.32660000,0.32690000,0.32630000,0.32660000,3569876.30000000
1784815200000,0.32670000,0.32680000,0.32640000,0.32650000,3454502.40000000
1784818800000,0.32640000,0.32680000,0.32630000,0.32660000,2634448.80000000
1784822400000,0.32660000,0.32680000,0.32610000,0.32660000,4082292.30000000
1784826000000,0.32650000,0.32700000,0.32650000,0.32690000,1608495.60000000
1784829600000,0.32680000,0.32710000,0.32680000,0.32710000,1028770.80000000
1784833200000,0.32710000,0.32730000,0.32700000,0.32720000,1487394.10000000
1784836800000,0.32720000,0.32790000,0.32720000,0.32790000,4061533.20000000
1784840400000,0.32790000,0.32870000,0.32790000,0.32860000,6173144.50000000
1784844000000,0.32860000,0.32870000,0.32840000,0.32870000,1417606.60000000
1784847600000,0.32860000,0.32890000,0.32860000,0.32890000,2923466.20000000
1784851200000,0.32890000,0.32910000,0.32870000,0.32880000,1999903.60000000
1784854800000,0.32870000,0.32890000,0.32870000,0.32890000,682986.70000000
1784858400000,0.32890000,0.32890000,0.32820000,0.32860000,2927270.00000000
1784862000000,0.32850000,0.32900000,0.32840000,0.32900000,2911140.10000000
1784865600000,0.32890000,0.32990000,0.32890000,0.32940000,5437843.60000000
1784869200000,0.32940000,0.32990000,0.32930000,0.32990000,3400507.30000000
1784872800000,0.32990000,0.33050000,0.32980000,0.33040000,5788919.20000000
1784876400000,0.33050000,0.33140000,0.33040000,0.33140000,6604675.30000000
1784880000000,0.33130000,0.33170000,0.33080000,0.33100000,4122329.90000000
1784883600000,0.33110000,0.33130000,0.33090000,0.33120000,2934766.10000000
1784887200000,0.33110000,0.33180000,0.33110000,0.33140000,6834131.00000000
1784890800000,0.33130000,0.33180000,0.33130000,0.33160000,1538026.00000000
1784894400000,0.33150000,0.33160000,0.33110000,0.33110000,2881891.00000000
1784898000000,0.33120000,0.33120000,0.33030000,0.33060000,7437767.00000000
1784901600000,0.33050000,0.33080000,0.33020000,0.33070000,3554885.20000000
1784905200000,0.33070000,0.33090000,0.33020000,0.33030000,3252007.00000000
1784908800000,0.33040000,0.33070000,0.33030000,0.33060000,1650618.60000000
1784912400000,0.33050000,0.33070000,0.33030000,0.33070000,1504652.00000000
1784916000000,0.33070000,0.33070000,0.33030000,0.33060000,1048159.00000000
1784919600000,0.33070000,0.33240000,0.33040000,0.33230000,4526210.60000000
1784923200000,0.33230000,0.33240000,0.33080000,0.33120000,3622991.00000000
1784926800000,0.33120000,0.33130000,0.33060000,0.33070000,2264251.00000000
1784930400000,0.33070000,0.33080000,0.33040000,0.33050000,2088069.90000000
1784934000000,0.33060000,0.33090000,0.33050000,0.33090000,1043652.60000000
1784937600000,0.33090000,0.33120000,0.33070000,0.33110000,981661.80000000
1784941200000,0.33110000,0.33120000,0.33090000,0.33110000,1104326.00000000
1784944800000,0.33120000,0.33120000,0.33100000,0.33120000,978849.30000000
1784948400000,0.33120000,0.33120000,0.32980000,0.33010000,7435116.70000000
1784952000000,0.33010000,0.33030000,0.32990000,0.32990000,1628517.90000000
1784955600000,0.32990000,0.33010000,0.32980000,0.33000000,1261655.90000000
1784959200000,0.33000000,0.33000000,0.32960000,0.32960000,2424916.40000000
1784962800000,0.32960000,0.32990000,0.32950000,0.32960000,1487005.10000000
1784966400000,0.32950000,0.32970000,0.32940000,0.32960000,2109146.10000000
1784970000000,0.32950000,0.32990000,0.32950000,0.32990000,1151623.00000000
1784973600000,0.32990000,0.32990000,0.32970000,0.32980000,1046374.60000000
1784977200000,0.32970000,0.33000000,0.32970000,0.32990000,1149334.90000000
1784980800000,0.32990000,0.33000000,0.32980000,0.33000000,971473.60000000
1784984400000,0.32990000,0.33010000,0.32980000,0.32990000,1445747.10000000
1784988000000,0.32990000,0.33000000,0.32960000,0.33000000,1341485.40000000
1784991600000,0.32990000,0.33010000,0.32970000,0.33000000,1598340.10000000
1784995200000,0.33010000,0.33210000,0.32970000,0.33210000,9252324.80000000
1784998800000,0.33210000,0.33350000,0.33170000,0.33230000,8749584.30000000
1785002400000,0.33240000,0.33250000,0.33040000,0.33120000,10532353.30000000
1785006000000,0.33120000,0.33120000,0.33030000,0.33060000,6659499.40000000
1785009600000,0.33060000,0.33080000,0.33050000,0.33080000,601448.60000000
1785013200000,0.33080000,0.33130000,0.33070000,0.33130000,1540558.40000000
1785016800000,0.33130000,0.33160000,0.33120000,0.33160000,927432.50000000
1785020400000,0.33160000,0.33160000,0.33140000,0.33160000,875608.30000000
1785024000000,0.33150000,0.33200000,0.33130000,0.33160000,3480160.00000000
1785027600000,0.33160000,0.33160000,0.33120000,0.33140000,967642.70000000
1785031200000,0.33140000,0.33140000,0.33120000,0.33130000,632272.50000000
1785034800000,0.33130000,0.33150000,0.33100000,0.33130000,1914793.50000000
1785038400000,0.33130000,0.33150000,0.33120000,0.33140000,1402128.70000000
1785042000000,0.33140000,0.33140000,0.33120000,0.33130000,591032.80000000
1785045600000,0.33120000,0.33140000,0.33100000,0.33140000,924831.80000000
1785049200000,0.33140000,0.33150000,0.33100000,0.33110000,1346984.50000000
1785052800000,0.33110000,0.33110000,0.33050000,0.33100000,4042052.80000000
1785056400000,0.33100000,0.33180000,0.33090000,0.33180000,4112066.90000000
1785060000000,0.33180000,0.33240000,0.33130000,0.33240000,5365898.90000000
1785063600000,0.33240000,0.33250000,0.33210000,0.33220000,2093576.00000000
1785067200000,0.33220000,0.33290000,0.33220000,0.33270000,3512757.20000000
1785070800000,0.33270000,0.33280000,0.33250000,0.33260000,1266684.80000000
1785074400000,0.33270000,0.33280000,0.33230000,0.33260000,2345270.20000000
1785078000000,0.33270000,0.33290000,0.33260000,0.33290000,1420485.70000000
1785081600000,0.33280000,0.33300000,0.33270000,0.33300000,1256905.40000000
1785085200000,0.33300000,0.33300000,0.33250000,0.33260000,1154263.80000000
1785088800000,0.33260000,0.33260000,0.33220000,0.33230000,1412532.40000000
1785092400000,0.33240000,0.33240000,0.33210000,0.33210000,905022.40000000
1785096000000,0.33210000,0.33220000,0.33200000,0.33200000,1520238.70000000
1785099600000,0.33210000,0.33240000,0.33190000,0.33200000,3137733.10000000
1785103200000,0.33210000,0.33240000,0.33210000,0.33220000,1310502.30000000
1785106800000,0.33230000,0.33240000,0.33180000,0.33240000,2614395.50000000
1785110400000,0.33230000,0.33250000,0.33180000,0.33180000,3347752.30000000
1785114000000,0.33180000,0.33200000,0.33170000,0.33170000,1054869.60000000
1785117600000,0.33170000,0.33180000,0.33140000,0.33150000,2504289.40000000
1785121200000,0.33140000,0.33160000,0.33130000,0.33150000,727681.70000000
1785124800000,0.33150000,0.33170000,0.33150000,0.33160000,948571.80000000
1785128400000,0.33170000,0.33210000,0.33140000,0.33210000,3087828.40000000
1785132000000,0.33210000,0.33220000,0.33190000,0.33210000,2021406.80000000
1785135600000,0.33210000,0.33210000,0.33150000,0.33150000,2007250.40000000
1785139200000,0.33160000,0.33160000,0.33140000,0.33160000,1475223.00000000
1785142800000,0.33160000,0.33190000,0.33150000,0.33160000,1357482.90000000
1785146400000,0.33160000,0.33160000,0.33070000,0.33070000,5747927.70000000
1785150000000,0.33070000,0.33100000,0.33020000,0.33060000,4611097.50000000
1785153600000,0.33070000,0.33110000,0.33050000,0.33110000,4615816.70000000
1785157200000,0.33110000,0.33110000,0.33040000,0.33050000,4514797.80000000
1785160800000,0.33050000,0.33070000,0.32890000,0.32890000,13146352.70000000
1785164400000,0.32890000,0.32920000,0.32880000,0.32890000,3345871.20000000
1785168000000,0.32880000,0.32890000,0.32850000,0.32880000,5760322.70000000
1785171600000,0.32880000,0.32880000,0.32860000,0.32870000,974659.20000000
1785175200000,0.32870000,0.32870000,0.32790000,0.32820000,6196922.60000000
1785178800000,0.32810000,0.32840000,0.32790000,0.32810000,1931876.20000000
1785182400000,0.32810000,0.32820000,0.32780000,0.32790000,2352510.70000000
1785186000000,0.32790000,0.32790000,0.32750000,0.32760000,2668477.90000000
1785189600000,0.32750000,0.32760000,0.32640000,0.32650000,8497516.60000000
1785193200000,0.32640000,0.32650000,0.32510000,0.32510000,9076392.40000000
1785196800000,0.32510000,0.32520000,0.32410000,0.32420000,6571292.70000000
1785200400000,0.32420000,0.32440000,0.32350000,0.32370000,4448809.40000000
1785204000000,0.32370000,0.32420000,0.32350000,0.32410000,2499984.50000000
1785207600000,0.32410000,0.32490000,0.32410000,0.32460000,4484312.00000000
1785211200000,0.32450000,0.32490000,0.32440000,0.32460000,2879223.10000000
1785214800000,0.32460000,0.32470000,0.32430000,0.32450000,1567601.90000000
1785218400000,0.32450000,0.32520000,0.32440000,0.32520000,3158424.30000000
1785222000000,0.32510000,0.32540000,0.32480000,0.32530000,2197254.80000000
1785225600000,0.32530000,0.32620000,0.32510000,0.32590000,5112485.30000000
1785229200000,0.32590000,0.32620000,0.32570000,0.32610000,3739339.10000000
1785232800000,0.32610000,0.32620000,0.32570000,0.32610000,1527586.70000000
1785236400000,0.32610000,0.32610000,0.32500000,0.32510000,2372135.40000000
1785240000000,0.32520000,0.32550000,0.32500000,0.32530000,3109680.40000000
1785243600000,0.32530000,0.32550000,0.32470000,0.32480000,4195882.50000000
1785247200000,0.32480000,0.32500000,0.32450000,0.32450000,3868213.10000000
1785250800000,0.32460000,0.32470000,0.32430000,0.32450000,3287065.50000000
1785254400000,0.32450000,0.32450000,0.32420000,0.32430000,1998144.90000000
1785258000000,0.32430000,0.32450000,0.32420000,0.32440000,1621829.80000000
1785261600000,0.32450000,0.32470000,0.32440000,0.32450000,2344374.60000000
1785265200000,0.32440000,0.32460000,0.32430000,0.32440000,1149742.40000000
1785268800000,0.32440000,0.32450000,0.32430000,0.32440000,898848.50000000
1785272400000,0.32440000,0.32470000,0.32430000,0.32460000,2624817.00000000
1785276000000,0.32470000,0.32470000,0.32430000,0.32450000,1272664.00000000
1785279600000,0.32450000,0.32500000,0.32430000,0.32480000,2047567.60000000
1785283200000,0.32480000,0.32510000,0.32470000,0.32500000,1678019.40000000
1785286800000,0.32510000,0.32520000,0.32450000,0.32460000,2036422.60000000
1785290400000,0.32460000,0.32520000,0.32450000,0.32500000,2524336.90000000
1785294000000,0.32500000,0.32510000,0.32480000,0.32490000,1205867.80000000
1785297600000,0.32490000,0.32520000,0.32480000,0.32510000,1143796.30000000
1785301200000,0.32520000,0.32550000,0.32510000,0.32550000,2919922.30000000
1785304800000,0.32550000,0.32600000,0.32540000,0.32590000,2786679.70000000
1785308400000,0.32600000,0.32610000,0.32580000,0.32610000,1595249.00000000
1785312000000,0.32600000,0.32620000,0.32580000,0.32580000,4547297.50000000
1785315600000,0.32590000,0.32630000,0.32580000,0.32620000,1408736.70000000
1785319200000,0.32620000,0.32660000,0.32610000,0.32640000,3574128.30000000
1785322800000,0.32640000,0.32750000,0.32640000,0.32700000,10878808.00000000
1785326400000,0.32700000,0.32720000,0.32690000,0.32720000,2087794.30000000
1785330000000,0.32720000,0.32720000,0.32670000,0.32670000,2492744.50000000
1785333600000,0.32680000,0.32690000,0.32650000,0.32670000,2473824.00000000
1785337200000,0.32670000,0.32680000,0.32640000,0.32650000,1781684.00000000
1785340800000,0.32640000,0.32670000,0.32620000,0.32670000,2697515.20000000
1785344400000,0.32670000,0.32670000,0.32620000,0.32630000,2697764.40000000
1785348000000,0.32630000,0.32660000,0.32550000,0.32570000,6058171.80000000
1785351600000,0.32570000,0.32580000,0.32540000,0.32570000,1660254.50000000
1785355200000,0.32570000,0.32590000,0.32540000,0.32570000,2035621.40000000
1785358800000,0.32570000,0.32620000,0.32550000,0.32610000,3107855.50000000
1785362400000,0.32620000,0.32620000,0.32580000,0.32590000,1765823.60000000
1785366000000,0.32600000,0.32600000,0.32570000,0.32580000,2149465.30000000
1785369600000,0.32570000,0.32610000,0.32560000,0.32580000,1183069.00000000
1785373200000,0.32580000,0.32640000,0.32560000,0.32630000,3258978.80000000
1785376800000,0.32630000,0.32640000,0.32570000,0.32580000,2585412.20000000
1785380400000,0.32580000,0.32600000,0.32570000,0.32580000,907389.10000000
1785384000000,0.32570000,0.32600000,0.32570000,0.32600000,762695.70000000
1785387600000,0.32600000,0.32620000,0.32580000,0.32620000,1264946.70000000
1785391200000,0.32620000,0.32700000,0.32610000,0.32680000,3742217.90000000
1785394800000,0.32670000,0.32820000,0.32670000,0.32780000,8107178.90000000
1785398400000,0.32780000,0.32800000,0.32750000,0.32790000,1899416.30000000
1785402000000,0.32790000,0.32850000,0.32780000,0.32840000,3109226.60000000
1785405600000,0.32840000,0.32870000,0.32810000,0.32860000,3700150.20000000
1785409200000,0.32860000,0.32870000,0.32850000,0.32870000,2007631.30000000
1785412800000,0.32870000,0.32910000,0.32860000,0.32890000,4241917.30000000
1785416400000,0.32880000,0.32900000,0.32810000,0.32850000,5483581.90000000
1785420000000,0.32840000,0.32880000,0.32810000,0.32870000,3307667.90000000
1785423600000,0.32880000,0.32940000,0.32860000,0.32930000,4015573.90000000
1785427200000,0.32930000,0.32970000,0.32900000,0.32930000,3659596.00000000
1785430800000,0.32940000,0.32940000,0.32860000,0.32900000,2506894.40000000
1785434400000,0.32900000,0.32920000,0.32900000,0.32920000,840117.00000000
1785438000000,0.32920000,0.32920000,0.32880000,0.32900000,1847816.80000000
1785441600000,0.32910000,0.32920000,0.32890000,0.32900000,1860937.10000000
1785445200000,0.32900000,0.32920000,0.32880000,0.32920000,1499614.00000000
1785448800000,0.32920000,0.32920000,0.32890000,0.32890000,703630.80000000
1785452400000,0.32890000,0.32910000,0.32860000,0.32870000,2025183.30000000
1785456000000,0.32860000,0.32900000,0.32850000,0.32850000,1995867.90000000
1785459600000,0.32860000,0.32920000,0.32860000,0.32900000,3458071.40000000
1785463200000,0.32890000,0.32910000,0.32840000,0.32850000,3173278.10000000
1785466800000,0.32840000,0.32880000,0.32800000,0.32850000,6425494.40000000
1785470400000,0.32850000,0.32870000,0.32840000,0.32860000,1057047.10000000
1785474000000,0.32850000,0.32890000,0.32850000,0.32890000,2287411.60000000
1785477600000,0.32890000,0.32890000,0.32850000,0.32870000,2456508.80000000
1785481200000,0.32870000,0.32890000,0.32860000,0.32870000,1107897.20000000
1785484800000,0.32860000,0.32900000,0.32860000,0.32880000,1883355.80000000
1785488400000,0.32880000,0.32900000,0.32770000,0.32800000,5285841.20000000
1785492000000,0.32800000,0.32800000,0.32600000,0.32660000,16901763.80000000
1785495600000,0.32660000,0.32690000,0.32630000,0.32690000,2538263.90000000
1785499200000,0.32690000,0.32710000,0.32640000,0.32690000,7255833.30000000
1785502800000,0.32690000,0.32720000,0.32670000,0.32700000,4252961.00000000
1785506400000,0.32700000,0.32710000,0.32600000,0.32600000,8740743.30000000
1785510000000,0.32610000,0.32640000,0.32600000,0.32610000,2160057.80000000
1785513600000,0.32610000,0.32660000,0.32610000,0.32650000,2573329.70000000
1785517200000,0.32650000,0.32680000,0.32650000,0.32670000,2010229.00000000
1785520800000,0.32680000,0.32680000,0.32600000,0.32620000,3112462.20000000
1785524400000,0.32620000,0.32640000,0.32610000,0.32620000,1128721.50000000
1785528000000,0.32620000,0.32660000,0.32600000,0.32610000,2641908.80000000
1785531600000,0.32610000,0.32640000,0.32600000,0.32610000,2379400.20000000
1785535200000,0.32610000,0.32640000,0.32600000,0.32640000,474093.10000000
1785538800000,0.32640000,0.32640000,0.32590000,0.32610000,1324973.60000000
1785542400000,0.32610000,0.32660000,0.32590000,0.32660000,2761771.60000000
1785546000000,0.32660000,0.32690000,0.32640000,0.32690000,2093284.70000000
1785549600000,0.32690000,0.32730000,0.32670000,0.32720000,2333615.60000000
1785553200000,0.32720000,0.32730000,0.32670000,0.32670000,1622386.50000000
1785556800000,0.32680000,0.32710000,0.32650000,0.32660000,2276046.90000000
1785560400000,0.32660000,0.32700000,0.32600000,0.32700000,6219480.30000000
1785564000000,0.32690000,0.32770000,0.32690000,0.32770000,3815505.50000000
1785567600000,0.32770000,0.32770000,0.32730000,0.32740000,1601136.10000000
1785571200000,0.32740000,0.32780000,0.32730000,0.32780000,2569027.70000000
1785574800000,0.32780000,0.32790000,0.32750000,0.32760000,3057405.20000000
1785578400000,0.32760000,0.32810000,0.32750000,0.32790000,3313306.30000000
1785582000000,0.32800000,0.32800000,0.32750000,0.32790000,1970799.90000000
1785585600000,0.32790000,0.32810000,0.32750000,0.32810000,2433262.00000000
1785589200000,0.32810000,0.32830000,0.32800000,0.32830000,2244432.20000000
1785592800000,0.32830000,0.32840000,0.32820000,0.32830000,1416213.80000000
1785596400000,0.32830000,0.32850000,0.32820000,0.32840000,1983034.50000000
1785600000000,0.32840000,0.32930000,0.32820000,0.32910000,6513775.00000000
1785603600000,0.32920000,0.32930000,0.32860000,0.32880000,2272606.00000000
1785607200000,0.32880000,0.32880000,0.32740000,0.32770000,8875861.10000000
1785610800000,0.32770000,0.32770000,0.32730000,0.32760000,1570973.40000000
1785614400000,0.32760000,0.32760000,0.32730000,0.32760000,1070815.10000000
1785618000000,0.32750000,0.32770000,0.32740000,0.32760000,911639.60000000
1785621600000,0.32760000,0.32770000,0.32760000,0.32770000,901281.40000000
1785625200000,0.32770000,0.32790000,0.32770000,0.32790000,1503997.10000000
1785628800000,0.32790000,0.32870000,0.32780000,0.32810000,5841439.30000000
1785632400000,0.32810000,0.32830000,0.32800000,0.32820000,863993.30000000
1785636000000,0.32820000,0.32870000,0.32820000,0.32830000,1976582.40000000
1785639600000,0.32830000,0.32840000,0.32810000,0.32820000,587256.80000000
1785643200000,0.32820000,0.32830000,0.32790000,0.32820000,1376971.20000000
1785646800000,0.32830000,0.32830000,0.32790000,0.32790000,1574793.70000000
1785650400000,0.32800000,0.32850000,0.32780000,0.32830000,2730672.30000000
1785654000000,0.32830000,0.32850000,0.32820000,0.32840000,1178482.10000000
1785657600000,0.32850000,0.32850000,0.32740000,0.32750000,6070344.20000000
1785661200000,0.32750000,0.32750000,0.32640000,0.32670000,9585307.00000000
1785664800000,0.32660000,0.32680000,0.32640000,0.32670000,1352646.60000000
1785668400000,0.32670000,0.32670000,0.32640000,0.32660000,1223327.80000000
1785672000000,0.32660000,0.32680000,0.32640000,0.32660000,1147382.60000000
1785675600000,0.32660000,0.32800000,0.32650000,0.32770000,4614687.40000000
1785679200000,0.32770000,0.32780000,0.32750000,0.32760000,979041.70000000
1785682800000,0.32770000,0.32770000,0.32730000,0.32750000,2257803.10000000
1785686400000,0.32750000,0.32780000,0.32740000,0.32760000,2174956.90000000
1785690000000,0.32770000,0.32770000,0.32740000,0.32750000,959492.60000000
1785693600000,0.32750000,0.32780000,0.32740000,0.32750000,1042155.70000000
1785697200000,0.32760000,0.32760000,0.32730000,0.32750000,998007.80000000
1785700800000,0.32740000,0.32760000,0.32730000,0.32740000,922246.60000000
1785704400000,0.32730000,0.32760000,0.32710000,0.32740000,2111487.20000000
1785708000000,0.32730000,0.32740000,0.32680000,0.32690000,1942063.40000000
1785711600000,0.32690000,0.32700000,0.32670000,0.32680000,837181.80000000
1785715200000,0.32690000,0.32690000,0.32590000,0.32630000,4280639.50000000
1785718800000,0.32630000,0.32660000,0.32630000,0.32650000,1686546.10000000
1785722400000,0.32640000,0.32650000,0.32620000,0.32640000,1060886.20000000
1785726000000,0.32640000,0.32660000,0.32600000,0.32610000,2049703.10000000
1785729600000,0.32610000,0.32640000,0.32600000,0.32610000,666197.10000000
1785733200000,0.32620000,0.32620000,0.32600000,0.32620000,1048386.90000000
1785736800000,0.32620000,0.32630000,0.32590000,0.32600000,1670890.60000000
1785740400000,0.32600000,0.32620000,0.32540000,0.32570000,3733136.00000000
1785744000000,0.32570000,0.32640000,0.32560000,0.32640000,2965067.30000000
1785747600000,0.32630000,0.32790000,0.32630000,0.32750000,7895774.80000000
1785751200000,0.32750000,0.32830000,0.32750000,0.32800000,5195871.00000000
1785754800000,0.32800000,0.32810000,0.32760000,0.32770000,5754245.90000000
1785758400000,0.32780000,0.32780000,0.32700000,0.32760000,7342108.10000000
1785762000000,0.32760000,0.32760000,0.32720000,0.32750000,6241979.20000000
1785765600000,0.32750000,0.32860000,0.32720000,0.32850000,4591646.90000000
1785769200000,0.32850000,0.32960000,0.32850000,0.32900000,8463339.30000000
1785772800000,0.32910000,0.32950000,0.32900000,0.32940000,5367509.30000000
1785776400000,0.32940000,0.32960000,0.32880000,0.32890000,2247504.60000000
1785780000000,0.32890000,0.32920000,0.32870000,0.32900000,2307375.20000000
1785783600000,0.32900000,0.32910000,0.32890000,0.32900000,1310628.40000000
1785787200000,0.32900000,0.32910000,0.32880000,0.32890000,947824.10000000
1785790800000,0.32890000,0.32890000,0.32850000,0.32850000,1670886.60000000
1785794400000,0.32860000,0.32890000,0.32850000,0.32890000,730320.80000000
1785798000000,0.32890000,0.32900000,0.32870000,0.32880000,560546.70000000
1785801600000,0.32890000,0.32940000,0.32870000,0.32880000,5223773.10000000
1785805200000,0.32880000,0.32930000,0.32880000,0.32930000,2346398.50000000
1785808800000,0.32930000,0.32940000,0.32890000,0.32920000,2259778.50000000
1785812400000,0.32920000,0.32930000,0.32890000,0.32900000,876916.70000000
1785816000000,0.32890000,0.32930000,0.32890000,0.32890000,1133905.00000000
1785819600000,0.32900000,0.32900000,0.32860000,0.32900000,2612945.90000000
1785823200000,0.32900000,0.32910000,0.32880000,0.32890000,1440655.20000000
1785826800000,0.32890000,0.32950000,0.32880000,0.32950000,4265309.50000000
1785830400000,0.32950000,0.33020000,0.32930000,0.33020000,6001917.60000000
1785834000000,0.33020000,0.33070000,0.32930000,0.32950000,5584167.60000000
1785837600000,0.32950000,0.32960000,0.32900000,0.32920000,3804341.40000000
1785841200000,0.32910000,0.32960000,0.32900000,0.32940000,5049744.50000000
1785844800000,0.32940000,0.33020000,0.32920000,0.33000000,5544295.50000000
1785848400000,0.33000000,0.33020000,0.32960000,0.32970000,3638623.10000000
1785852000000,0.32970000,0.32980000,0.32940000,0.32960000,2740663.50000000
1785855600000,0.32950000,0.32980000,0.32740000,0.32840000,11808012.00000000
1785859200000,0.32840000,0.33120000,0.32820000,0.33120000,19093129.80000000
1785862800000,0.33120000,0.33120000,0.32950000,0.32950000,7211458.80000000
1785866400000,0.32960000,0.32960000,0.32890000,0.32890000,2793394.60000000
1785870000000,0.32890000,0.32920000,0.32880000,0.32890000,2035663.10000000
1785873600000,0.32880000,0.32890000,0.32760000,0.32780000,7727977.40000000
1785877200000,0.32780000,0.32800000,0.32750000,0.32760000,2209353.50000000
1785880800000,0.32750000,0.32760000,0.32720000,0.32750000,2762000.40000000
1785884400000,0.32740000,0.32770000,0.32720000,0.32730000,1608100.90000000
1785888000000,0.32740000,0.32740000,0.32640000,0.32640000,8655622.30000000
1785891600000,0.32650000,0.32700000,0.32640000,0.32700000,1918865.50000000
1785895200000,0.32690000,0.32710000,0.32660000,0.32670000,1683285.70000000
1785898800000,0.32660000,0.32680000,0.32660000,0.32670000,1495796.10000000
1785902400000,0.32660000,0.32700000,0.32650000,0.32690000,1545624.30000000
1785906000000,0.32700000,0.32720000,0.32680000,0.32710000,2406569.80000000
1785909600000,0.32710000,0.32720000,0.32680000,0.32720000,1022838.30000000
1785913200000,0.32720000,0.32740000,0.32690000,0.32730000,2184905.70000000
1785916800000,0.32730000,0.32830000,0.32720000,0.32820000,6444905.10000000
1785920400000,0.32820000,0.32850000,0.32810000,0.32830000,6398083.00000000
1785924000000,0.32830000,0.32870000,0.32820000,0.32870000,3073011.70000000
1785927600000,0.32870000,0.32910000,0.32840000,0.32860000,5973184.50000000
1785931200000,0.32860000,0.32870000,0.32830000,0.32870000,2812323.30000000
1785934800000,0.32860000,0.32880000,0.32810000,0.32840000,4571261.00000000
1785938400000,0.32840000,0.32850000,0.32770000,0.32800000,5440576.90000000
1785942000000,0.32800000,0.32800000,0.32740000,0.32770000,4963036.80000000
1785945600000,0.32770000,0.32840000,0.32760000,0.32830000,5644115.80000000
1785949200000,0.32830000,0.32840000,0.32790000,0.32810000,2162053.40000000
1785952800000,0.32820000,0.32830000,0.32790000,0.32800000,2098193.70000000
1785956400000,0.32800000,0.32810000,0.32790000,0.32790000,1134531.30000000
1785960000000,0.32800000,0.32810000,0.32790000,0.32790000,1732714.80000000
1785963600000,0.32790000,0.32800000,0.32770000,0.32770000,1806552.80000000
1785967200000,0.32770000,0.32790000,0.32740000,0.32750000,1696283.20000000
1785970800000,0.32740000,0.32760000,0.32730000,0.32740000,999770.00000000
1785974400000,0.32750000,0.32770000,0.32730000,0.32770000,1158464.20000000
1785978000000,0.32770000,0.32870000,0.32760000,0.32860000,5634669.60000000
1785981600000,0.32860000,0.32890000,0.32820000,0.32820000,2712939.30000000
1785985200000,0.32820000,0.32840000,0.32700000,0.32710000,2270444.10000000
1785988800000,0.32710000,0.32740000,0.32650000,0.32670000,3682981.40000000
1785992400000,0.32660000,0.32670000,0.32590000,0.32660000,6977678.10000000
1785996000000,0.32670000,0.32710000,0.32570000,0.32700000,7154963.60000000
1785999600000,0.32690000,0.32740000,0.32690000,0.32730000,3444388.20000000
1786003200000,0.32720000,0.32720000,0.32670000,0.32710000,5257385.30000000
1786006800000,0.32710000,0.32760000,0.32700000,0.32740000,3797613.60000000
1786010400000,0.32750000,0.32760000,0.32740000,0.32750000,1246727.20000000
1786014000000,0.32760000,0.32760000,0.32700000,0.32730000,2330784.70000000
1786017600000,0.32730000,0.32740000,0.32720000,0.32720000,1101945.10000000
1786021200000,0.32730000,0.32830000,0.32720000,0.32800000,5544358.40000000
1786024800000,0.32800000,0.32820000,0.32740000,0.32760000,3845689.00000000
1786028400000,0.32750000,0.32780000,0.32740000,0.32760000,1165533.70000000
1786032000000,0.32750000,0.32800000,0.32700000,0.32700000,4654649.60000000
1786035600000,0.32710000,0.32740000,0.32690000,0.32710000,2640916.60000000
1786039200000,0.32710000,0.32730000,0.32690000,0.32730000,1344505.20000000
1786042800000,0.32730000,0.32730000,0.32690000,0.32710000,1539369.50000000
1786046400000,0.32700000,0.32720000,0.32690000,0.32700000,1038547.60000000
1786050000000,0.32700000,0.32720000,0.32690000,0.32720000,863060.20000000
1786053600000,0.32710000,0.32740000,0.32700000,0.32740000,1479457.10000000
1786057200000,0.32730000,0.32740000,0.32710000,0.32720000,420749.90000000
1786060800000,0.32710000,0.32750000,0.32700000,0.32700000,1417342.40000000
1786064400000,0.32700000,0.32730000,0.32700000,0.32720000,629600.50000000
1786068000000,0.32730000,0.32750000,0.32710000,0.32720000,1338640.80000000
1786071600000,0.32720000,0.32820000,0.32720000,0.32780000,5106749.70000000
1786075200000,0.32780000,0.32810000,0.32760000,0.32770000,1052549.00000000
1786078800000,0.32770000,0.32780000,0.32650000,0.32680000,5829492.00000000
1786082400000,0.32670000,0.32720000,0.32670000,0.32700000,2194090.90000000
1786086000000,0.32710000,0.32730000,0.32680000,0.32710000,1890005.80000000
1786089600000,0.32700000,0.32720000,0.32700000,0.32720000,871413.50000000
1786093200000,0.32720000,0.32730000,0.32650000,0.32700000,4856837.70000000
1786096800000,0.32690000,0.32710000,0.32680000,0.32690000,1237857.60000000
1786100400000,0.32700000,0.32830000,0.32670000,0.32810000,4755332.50000000
1786104000000,0.32810000,0.32830000,0.32770000,0.32780000,4860463.00000000
1786107600000,0.32780000,0.32800000,0.32760000,0.32770000,2019567.80000000
1786111200000,0.32780000,0.32810000,0.32750000,0.32810000,2716248.10000000
1786114800000,0.32810000,0.32850000,0.32740000,0.32760000,5089038.90000000
1786118400000,0.32760000,0.32810000,0.32740000,0.32760000,3190544.20000000
1786122000000,0.32760000,0.32780000,0.32740000,0.32740000,1525786.50000000
1786125600000,0.32750000,0.32750000,0.32710000,0.32750000,2590640.50000000
1786129200000,0.32750000,0.32760000,0.32720000,0.32730000,1274545.00000000
1786132800000,0.32720000,0.32740000,0.32710000,0.32720000,1024689.10000000
1786136400000,0.32720000,0.32750000,0.32710000,0.32730000,1325978.50000000
1786140000000,0.32720000,0.32760000,0.32720000,0.32750000,803670.10000000
1786143600000,0.32750000,0.32760000,0.32750000,0.32750000,408188.60000000
1786147200000,0.32760000,0.32790000,0.32750000,0.32780000,2025328.80000000
1786150800000,0.32780000,0.32800000,0.32760000,0.32780000,1057782.10000000
1786154400000,0.32780000,0.32790000,0.32770000,0.32780000,614036.50000000
1786158000000,0.32780000,0.32790000,0.32770000,0.32790000,608646.70000000
1786161600000,0.32780000,0.32790000,0.32750000,0.32760000,723900.70000000
1786165200000,0.32760000,0.32800000,0.32740000,0.32770000,2852706.70000000
1786168800000,0.32780000,0.32780000,0.32730000,0.32750000,1452783.00000000
1786172400000,0.32750000,0.32750000,0.32720000,0.32730000,802825.30000000
1786176000000,0.32740000,0.32780000,0.32720000,0.32770000,2260671.40000000
1786179600000,0.32770000,0.32820000,0.32750000,0.32820000,1864122.80000000
1786183200000,0.32820000,0.32960000,0.32810000,0.32910000,4873720.70000000
1786186800000,0.32900000,0.32920000,0.32870000,0.32890000,2652750.30000000
1786190400000,0.32890000,0.32930000,0.32870000,0.32880000,2515359.10000000
1786194000000,0.32880000,0.32910000,0.32870000,0.32880000,1321899.20000000
1786197600000,0.32890000,0.32890000,0.32850000,0.32870000,1496936.20000000
1786201200000,0.32870000,0.32900000,0.32850000,0.32880000,1843724.10000000
1786204800000,0.32890000,0.32900000,0.32870000,0.32900000,1469314.90000000
1786208400000,0.32900000,0.32900000,0.32870000,0.32880000,872085.70000000
1786212000000,0.32880000,0.32900000,0.32870000,0.32890000,713893.20000000
1786215600000,0.32890000,0.32900000,0.32880000,0.32880000,769713.50000000
1786219200000,0.32890000,0.32890000,0.32880000,0.32880000,429435.10000000
1786222800000,0.32890000,0.32890000,0.32870000,0.32870000,824328.90000000
1786226400000,0.32880000,0.32900000,0.32870000,0.32900000,733215.20000000
1786230000000,0.32900000,0.32920000,0.32880000,0.32910000,1414324.60000000
1786233600000,0.32910000,0.32940000,0.32900000,0.32940000,2096608.70000000
1786237200000,0.32940000,0.32990000,0.32930000,0.32960000,2912679.60000000
1786240800000,0.32960000,0.32990000,0.32960000,0.32970000,800000.70000000
1786244400000,0.32970000,0.33000000,0.32960000,0.32990000,1131200.30000000
1786248000000,0.32990000,0.33020000,0.32980000,0.32990000,1509849.80000000
1786251600000,0.33000000,0.33030000,0.32990000,0.33020000,1471741.50000000
1786255200000,0.33020000,0.33030000,0.32980000,0.33000000,1539879.20000000
1786258800000,0.33000000,0.33000000,0.32950000,0.32950000,1947966.60000000
1786262400000,0.32960000,0.32990000,0.32940000,0.32960000,1753299.10000000
1786266000000,0.32970000,0.32990000,0.32940000,0.32980000,2145917.80000000
1786269600000,0.32980000,0.32980000,0.32930000,0.32960000,3768208.10000000
1786273200000,0.32960000,0.33000000,0.32950000,0.32990000,2750429.10000000
1786276800000,0.33000000,0.33000000,0.32970000,0.32990000,1159253.00000000
1786280400000,0.32990000,0.33020000,0.32980000,0.33000000,2621069.60000000
1786284000000,0.33000000,0.33020000,0.32990000,0.33010000,1384394.00000000
1786287600000,0.33010000,0.33020000,0.32980000,0.33000000,1612275.00000000
1786291200000,0.33000000,0.33010000,0.32970000,0.32980000,1124446.60000000
1786294800000,0.32970000,0.33010000,0.32970000,0.33000000,2092894.10000000
1786298400000,0.33000000,0.33000000,0.32970000,0.32980000,576951.30000000
1786302000000,0.32980000,0.32990000,0.32970000,0.32990000,749003.40000000
1786305600000,0.32990000,0.33000000,0.32970000,0.32970000,750541.90000000
1786309200000,0.32980000,0.32990000,0.32960000,0.32980000,960681.80000000
1786312800000,0.32970000,0.33010000,0.32960000,0.32970000,2305453.80000000
1786316400000,0.32970000,0.33000000,0.32960000,0.32990000,1905436.10000000
1786320000000,0.32980000,0.33100000,0.32970000,0.33050000,4046285.50000000
1786323600000,0.33050000,0.33080000,0.33040000,0.33060000,1457267.00000000
1786327200000,0.33060000,0.33060000,0.33020000,0.33030000,1169336.30000000
1786330800000,0.33030000,0.33050000,0.32980000,0.33000000,3266513.20000000
1786334400000,0.33000000,0.33020000,0.32990000,0.33000000,749933.30000000
1786338000000,0.33000000,0.33030000,0.32990000,0.33020000,1349062.70000000
1786341600000,0.33010000,0.33030000,0.32980000,0.32980000,1608126.70000000
1786345200000,0.32980000,0.33010000,0.32970000,0.33010000,2016574.80000000
1786348800000,0.33010000,0.33070000,0.32980000,0.33060000,4280768.50000000
1786352400000,0.33070000,0.33080000,0.33040000,0.33070000,2352775.30000000
1786356000000,0.33070000,0.33180000,0.33060000,0.33170000,8221390.90000000
1786359600000,0.33170000,0.33180000,0.33130000,0.33160000,3984071.90000000
1786363200000,0.33170000,0.33190000,0.33150000,0.33180000,2738489.90000000
1786366800000,0.33190000,0.33190000,0.33070000,0.33090000,5314728.00000000
1786370400000,0.33090000,0.33140000,0.33090000,0.33110000,2833505.50000000
1786374000000,0.33110000,0.33140000,0.33090000,0.33090000,2083265.10000000
1786377600000,0.33100000,0.33130000,0.33090000,0.33110000,2495138.00000000
1786381200000,0.33120000,0.33130000,0.33090000,0.33120000,1308865.40000000
1786384800000,0.33110000,0.33120000,0.33070000,0.33100000,1397249.50000000
1786388400000,0.33100000,0.33110000,0.33070000,0.33090000,1393010.50000000
1786392000000,0.33080000,0.33110000,0.33070000,0.33090000,894358.10000000
1786395600000,0.33090000,0.33110000,0.33090000,0.33090000,842748.90000000
1786399200000,0.33100000,0.33110000,0.33070000,0.33070000,1265877.30000000
1786402800000,0.33070000,0.33090000,0.33060000,0.33090000,2372330.30000000
1786406400000,0.33090000,0.33110000,0.33070000,0.33100000,1201050.70000000
1786410000000,0.33100000,0.33130000,0.33080000,0.33120000,1884401.00000000
1786413600000,0.33120000,0.33130000,0.33090000,0.33130000,1093746.50000000
1786417200000,0.33130000,0.33130000,0.33090000,0.33130000,1093321.80000000
1786420800000,0.33130000,0.33180000,0.33120000,0.33170000,2140440.10000000
1786424400000,0.33170000,0.33180000,0.33160000,0.33180000,956021.50000000
1786428000000,0.33180000,0.33180000,0.33140000,0.33170000,2440276.80000000
1786431600000,0.33170000,0.33220000,0.33160000,0.33210000,4661807.00000000
1786435200000,0.33210000,0.33230000,0.33140000,0.33200000,4386529.50000000
1786438800000,0.33200000,0.33490000,0.33190000,0.33490000,18048521.60000000
1786442400000,0.33490000,0.33760000,0.33490000,0.33630000,16449289.20000000
1786446000000,0.33630000,0.33660000,0.33590000,0.33660000,4552948.40000000
1786449600000,0.33660000,0.33710000,0.33570000,0.33620000,10082983.20000000
1786453200000,0.33630000,0.33640000,0.33540000,0.33580000,4782580.40000000
1786456800000,0.33570000,0.33650000,0.33500000,0.33510000,9149557.00000000
1786460400000,0.33500000,0.33540000,0.33430000,0.33490000,6987082.30000000
1786464000000,0.33490000,0.33520000,0.33440000,0.33460000,6708182.30000000
1786467600000,0.33460000,0.33510000,0.33460000,0.33510000,2472355.70000000
1786471200000,0.33510000,0.33540000,0.33490000,0.33530000,4110542.40000000
1786474800000,0.33530000,0.33540000,0.33490000,0.33520000,920709.90000000
1786478400000,0.33520000,0.33540000,0.33500000,0.33530000,969300.90000000
1786482000000,0.33530000,0.33540000,0.33510000,0.33510000,1989583.50000000
1786485600000,0.33510000,0.33520000,0.33500000,0.33500000,1046422.80000000
1786489200000,0.33510000,0.33520000,0.33490000,0.33520000,673385.30000000
1786492800000,0.33520000,0.33570000,0.33500000,0.33500000,4662192.80000000
1786496400000,0.33510000,0.33510000,0.33430000,0.33480000,3285872.80000000
1786500000000,0.33480000,0.33480000,0.33440000,0.33450000,452910.70000000
1786503600000,0.33450000,0.33450000,0.33350000,0.33430000,6914953.90000000
1786507200000,0.33430000,0.33450000,0.33420000,0.33450000,644691.20000000
1786510800000,0.33440000,0.33540000,0.33430000,0.33540000,4205001.90000000
1786514400000,0.33540000,0.33640000,0.33520000,0.33640000,7939137.00000000
1786518000000,0.33640000,0.33670000,0.33580000,0.33620000,6269380.10000000
1786521600000,0.33610000,0.33630000,0.33570000,0.33630000,2528892.80000000
1786525200000,0.33630000,0.33670000,0.33620000,0.33630000,3876158.40000000
1786528800000,0.33630000,0.33750000,0.33620000,0.33680000,6021103.30000000
1786532400000,0.33690000,0.33740000,0.33680000,0.33710000,2676212.20000000
1786536000000,0.33700000,0.33710000,0.33610000,0.33630000,6383582.20000000
1786539600000,0.33630000,0.33650000,0.33590000,0.33630000,2623253.40000000
1786543200000,0.33630000,0.33640000,0.33550000,0.33550000,4645766.00000000
1786546800000,0.33560000,0.33620000,0.33550000,0.33600000,3806153.60000000
1786550400000,0.33610000,0.33620000,0.33560000,0.33580000,3085613.00000000
1786554000000,0.33590000,0.33620000,0.33570000,0.33610000,2288112.30000000
1786557600000,0.33610000,0.33620000,0.33580000,0.33600000,1287767.90000000
1786561200000,0.33590000,0.33600000,0.33560000,0.33570000,1449501.00000000
1786564800000,0.33580000,0.33610000,0.33570000,0.33580000,2012595.10000000
1786568400000,0.33580000,0.33590000,0.33560000,0.33570000,1474285.30000000
1786572000000,0.33570000,0.33600000,0.33570000,0.33580000,926577.00000000
1786575600000,0.33570000,0.33630000,0.33570000,0.33630000,1868586.80000000
1786579200000,0.33620000,0.33660000,0.33570000,0.33600000,5056775.10000000
1786582800000,0.33600000,0.33640000,0.33570000,0.33610000,2344314.30000000
1786586400000,0.33610000,0.33630000,0.33600000,0.33620000,577533.00000000
1786590000000,0.33610000,0.33620000,0.33580000,0.33610000,1781713.70000000
1786593600000,0.33600000,0.33620000,0.33580000,0.33580000,1326942.30000000
1786597200000,0.33590000,0.33760000,0.33570000,0.33750000,4434571.80000000
1786600800000,0.33760000,0.33850000,0.33740000,0.33750000,9863784.80000000
1786604400000,0.33760000,0.33790000,0.33700000,0.33710000,5375067.60000000
1786608000000,0.33710000,0.33740000,0.33580000,0.33580000,7683067.40000000
1786611600000,0.33590000,0.33590000,0.33380000,0.33380000,7593198.50000000
1786615200000,0.33390000,0.33440000,0.33360000,0.33380000,6544974.50000000
1786618800000,0.33370000,0.33410000,0.33360000,0.33400000,2525650.30000000
1786622400000,0.33400000,0.33440000,0.33380000,0.33440000,3710167.90000000
1786626000000,0.33440000,0.33460000,0.33410000,0.33440000,1499398.70000000
1786629600000,0.33450000,0.33480000,0.33450000,0.33480000,2189704.70000000
1786633200000,0.33470000,0.33480000,0.33430000,0.33440000,1950611.20000000
1786636800000,0.33450000,0.33480000,0.33400000,0.33400000,4474093.90000000
1786640400000,0.33400000,0.33450000,0.33380000,0.33390000,2505939.80000000
1786644000000,0.33400000,0.33410000,0.33330000,0.33360000,4328440.30000000
1786647600000,0.33360000,0.33410000,0.33350000,0.33410000,2785981.70000000
1786651200000,0.33400000,0.33440000,0.33390000,0.33440000,1775559.30000000
1786654800000,0.33440000,0.33440000,0.33410000,0.33430000,1035295.40000000
1786658400000,0.33430000,0.33460000,0.33420000,0.33450000,1466830.10000000
1786662000000,0.33440000,0.33460000,0.33420000,0.33450000,898756.50000000
1786665600000,0.33460000,0.33460000,0.33420000,0.33430000,1787349.60000000
1786669200000,0.33430000,0.33460000,0.33420000,0.33450000,906493.60000000
1786672800000,0.33440000,0.33460000,0.33440000,0.33450000,835017.50000000
1786676400000,0.33450000,0.33450000,0.33390000,0.33390000,1296132.40000000
1786680000000,0.33390000,0.33430000,0.33390000,0.33430000,1086930.10000000
1786683600000,0.33420000,0.33450000,0.33410000,0.33410000,1966038.20000000
1786687200000,0.33410000,0.33410000,0.33360000,0.33380000,3322759.00000000
1786690800000,0.33380000,0.33470000,0.33380000,0.33430000,4486252.40000000
1786694400000,0.33430000,0.33430000,0.33320000,0.33360000,6298308.70000000
1786698000000,0.33370000,0.33380000,0.33340000,0.33360000,2191852.70000000
1786701600000,0.33360000,0.33370000,0.33340000,0.33350000,1820754.00000000
1786705200000,0.33360000,0.33390000,0.33310000,0.33340000,3895916.50000000
1786708800000,0.33340000,0.33360000,0.33300000,0.33350000,2662962.10000000
1786712400000,0.33350000,0.33350000,0.33240000,0.33270000,5738131.30000000
1786716000000,0.33270000,0.33310000,0.33240000,0.33280000,2718842.90000000
1786719600000,0.33270000,0.33310000,0.33230000,0.33250000,2420825.10000000
1786723200000,0.33240000,0.33250000,0.33170000,0.33240000,5902844.50000000
1786726800000,0.33250000,0.33270000,0.33230000,0.33260000,2397846.30000000
1786730400000,0.33260000,0.33290000,0.33250000,0.33270000,1811050.00000000
1786734000000,0.33280000,0.33300000,0.33270000,0.33300000,813760.70000000
1786737600000,0.33290000,0.33300000,0.33270000,0.33300000,1715683.70000000
1786741200000,0.33300000,0.33300000,0.33240000,0.33250000,1130055.90000000
1786744800000,0.33250000,0.33280000,0.33240000,0.33270000,848212.30000000
1786748400000,0.33270000,0.33290000,0.33260000,0.33270000,1820929.50000000
1786752000000,0.33270000,0.33280000,0.33190000,0.33240000,3956952.50000000
1786755600000,0.33240000,0.33280000,0.33230000,0.33280000,2382486.20000000
1786759200000,0.33280000,0.33320000,0.33270000,0.33320000,2312739.00000000
1786762800000,0.33310000,0.33330000,0.33300000,0.33310000,1880531.80000000
1786766400000,0.33300000,0.33340000,0.33290000,0.33290000,2052949.90000000
1786770000000,0.33290000,0.33300000,0.33240000,0.33250000,2653876.90000000
1786773600000,0.33250000,0.33280000,0.33250000,0.33280000,1164169.70000000
1786777200000,0.33280000,0.33300000,0.33250000,0.33250000,2314621.80000000
1786780800000,0.33250000,0.33270000,0.33230000,0.33230000,1869812.70000000
1786784400000,0.33230000,0.33250000,0.33230000,0.33230000,1124319.30000000
1786788000000,0.33240000,0.33240000,0.33160000,0.33220000,4808188.10000000
1786791600000,0.33210000,0.33220000,0.33090000,0.33120000,4921058.20000000
1786795200000,0.33110000,0.33130000,0.33090000,0.33120000,1512055.50000000
1786798800000,0.33110000,0.33140000,0.33100000,0.33110000,2491007.30000000
1786802400000,0.33120000,0.33140000,0.33100000,0.33110000,2202645.10000000
1786806000000,0.33120000,0.33150000,0.33110000,0.33130000,1068553.40000000
1786809600000,0.33140000,0.33250000,0.33130000,0.33210000,6455183.10000000
1786813200000,0.33200000,0.33220000,0.33180000,0.33180000,1713916.00000000
1786816800000,0.33190000,0.33220000,0.33160000,0.33180000,2130547.90000000
1786820400000,0.33190000,0.33210000,0.33160000,0.33160000,1446095.40000000
1786824000000,0.33170000,0.33180000,0.33150000,0.33150000,1349129.20000000
1786827600000,0.33150000,0.33170000,0.33140000,0.33140000,1242444.20000000
1786831200000,0.33140000,0.33160000,0.33140000,0.33160000,898554.30000000
1786834800000,0.33160000,0.33160000,0.33120000,0.33120000,1647678.30000000
1786838400000,0.33120000,0.33150000,0.33100000,0.33110000,2760721.50000000
1786842000000,0.33110000,0.33140000,0.33100000,0.33140000,1275691.90000000
1786845600000,0.33140000,0.33140000,0.33120000,0.33130000,474278.90000000
1786849200000,0.33120000,0.33130000,0.33090000,0.33100000,988668.80000000
1786852800000,0.33090000,0.33130000,0.33090000,0.33110000,605508.80000000
1786856400000,0.33110000,0.33140000,0.33100000,0.33110000,820478.40000000
1786860000000,0.33110000,0.33130000,0.33100000,0.33100000,648168.90000000
1786863600000,0.33110000,0.33140000,0.33100000,0.33110000,777724.50000000
1786867200000,0.33110000,0.33130000,0.33090000,0.33110000,1184681.80000000
1786870800000,0.33110000,0.33130000,0.33110000,0.33130000,956231.10000000
1786874400000,0.33130000,0.33140000,0.33120000,0.33130000,1072739.50000000
1786878000000,0.33130000,0.33170000,0.33120000,0.33170000,2198301.60000000
1786881600000,0.33170000,0.33190000,0.33160000,0.33190000,1133026.30000000
1786885200000,0.33190000,0.33200000,0.33150000,0.33160000,2820520.00000000
1786888800000,0.33160000,0.33190000,0.33140000,0.33170000,2665859.30000000
1786892400000,0.33170000,0.33200000,0.33160000,0.33200000,1425980.60000000
1786896000000,0.33200000,0.33230000,0.33190000,0.33220000,2404526.00000000
1786899600000,0.33220000,0.33250000,0.33210000,0.33210000,2183622.20000000
1786903200000,0.33220000,0.33230000,0.33200000,0.33200000,1354048.40000000
1786906800000,0.33200000,0.33210000,0.33170000,0.33180000,2050371.80000000
1786910400000,0.33190000,0.33200000,0.33160000,0.33160000,3899043.10000000
1786914000000,0.33160000,0.33190000,0.33150000,0.33160000,1902821.70000000
1786917600000,0.33150000,0.33160000,0.33120000,0.33130000,1997695.80000000
1786921200000,0.33120000,0.33150000,0.33110000,0.33120000,1536924.10000000
1786924800000,0.33130000,0.33150000,0.33120000,0.33140000,776718.00000000
1786928400000,0.33130000,0.33260000,0.33130000,0.33230000,5499218.50000000
1786932000000,0.33230000,0.33250000,0.33210000,0.33250000,3144067.70000000
1786935600000,0.33250000,0.33250000,0.33220000,0.33250000,745760.50000000
1786939200000,0.33250000,0.33260000,0.33220000,0.33250000,1009582.30000000
1786942800000,0.33250000,0.33260000,0.33230000,0.33260000,1378161.70000000
1786946400000,0.33260000,0.33290000,0.33240000,0.33290000,2809611.10000000
1786950000000,0.33290000,0.33300000,0.33260000,0.33280000,1508808.30000000
1786953600000,0.33280000,0.33320000,0.33280000,0.33300000,1592127.20000000
1786957200000,0.33300000,0.33360000,0.33300000,0.33320000,4163593.40000000
1786960800000,0.33320000,0.33330000,0.33240000,0.33270000,4458568.10000000
1786964400000,0.33280000,0.33280000,0.33230000,0.33240000,1929508.70000000
1786968000000,0.33240000,0.33250000,0.33180000,0.33200000,3741061.60000000
1786971600000,0.33190000,0.33210000,0.33180000,0.33210000,1087698.00000000
1786975200000,0.33210000,0.33210000,0.33170000,0.33180000,1468339.80000000
1786978800000,0.33170000,0.33190000,0.32980000,0.32980000,8795298.00000000
1786982400000,0.32980000,0.33150000,0.32860000,0.33150000,18445767.90000000
1786986000000,0.33150000,0.33150000,0.33030000,0.33090000,6391212.80000000
1786989600000,0.33100000,0.33120000,0.33090000,0.33110000,1498087.10000000
1786993200000,0.33110000,0.33140000,0.33100000,0.33130000,2093425.80000000
1786996800000,0.33130000,0.33140000,0.33120000,0.33140000,812864.40000000
1787000400000,0.33140000,0.33150000,0.33130000,0.33140000,1128346.50000000
1787004000000,0.33140000,0.33150000,0.33110000,0.33150000,1165326.70000000
1787007600000,0.33150000,0.33160000,0.33120000,0.33130000,837668.90000000
1787011200000,0.33130000,0.33150000,0.33110000,0.33120000,1146715.00000000
1787014800000,0.33130000,0.33140000,0.33110000,0.33120000,1190652.30000000
1787018400000,0.33110000,0.33160000,0.33090000,0.33140000,2677895.50000000
1787022000000,0.33140000,0.33240000,0.33130000,0.33190000,5845183.90000000
1787025600000,0.33190000,0.33200000,0.33160000,0.33190000,854933.50000000
1787029200000,0.33180000,0.33200000,0.33160000,0.33180000,1287265.80000000
1787032800000,0.33180000,0.33280000,0.33170000,0.33280000,5283570.10000000
1787036400000,0.33280000,0.33370000,0.33270000,0.33330000,9332157.30000000
1787040000000,0.33330000,0.33350000,0.33260000,0.33270000,3309073.80000000
1787043600000,0.33280000,0.33310000,0.33270000,0.33310000,2722311.30000000
1787047200000,0.33310000,0.33330000,0.33230000,0.33280000,7110392.40000000
1787050800000,0.33280000,0.33320000,0.33260000,0.33290000,4524056.70000000
1787054400000,0.33290000,0.33290000,0.33240000,0.33270000,2550984.80000000
1787058000000,0.33270000,0.33290000,0.33220000,0.33250000,3354908.40000000
1787061600000,0.33240000,0.33280000,0.33230000,0.33230000,2824296.80000000
1787065200000,0.33240000,0.33290000,0.33130000,0.33210000,9045967.70000000
1787068800000,0.33200000,0.33480000,0.33200000,0.33470000,16199065.30000000
1787072400000,0.33480000,0.33520000,0.33380000,0.33380000,7107616.10000000
1787076000000,0.33390000,0.33420000,0.33360000,0.33370000,1674959.90000000
1787079600000,0.33360000,0.33370000,0.33310000,0.33320000,2156377.50000000
1787083200000,0.33310000,0.33320000,0.33290000,0.33290000,1756647.50000000
1787086800000,0.33300000,0.33330000,0.33280000,0.33310000,1454667.30000000
1787090400000,0.33300000,0.33320000,0.33280000,0.33290000,482761.10000000
1787094000000,0.33290000,0.33300000,0.33280000,0.33290000,756536.20000000
1787097600000,0.33280000,0.33320000,0.33230000,0.33280000,4754112.40000000
1787101200000,0.33280000,0.33280000,0.33240000,0.33270000,1870378.50000000
1787104800000,0.33270000,0.33270000,0.33220000,0.33220000,1234752.50000000
1787108400000,0.33220000,0.33300000,0.33210000,0.33290000,3499948.20000000
1787112000000,0.33290000,0.33300000,0.33270000,0.33300000,633530.90000000
1787115600000,0.33300000,0.33310000,0.33280000,0.33310000,1243986.20000000
1787119200000,0.33310000,0.33330000,0.33300000,0.33330000,1163600.20000000
1787122800000,0.33330000,0.33340000,0.33300000,0.33340000,1358100.10000000
1787126400000,0.33340000,0.33340000,0.33310000,0.33310000,1557881.10000000
1787130000000,0.33310000,0.33320000,0.33290000,0.33310000,1609702.10000000
1787133600000,0.33310000,0.33320000,0.33260000,0.33270000,1728059.20000000
1787137200000,0.33270000,0.33280000,0.33250000,0.33260000,1527099.10000000
1787140800000,0.33250000,0.33300000,0.33240000,0.33260000,1893713.80000000
1787144400000,0.33260000,0.33300000,0.33240000,0.33250000,3185211.20000000
1787148000000,0.33260000,0.33290000,0.33220000,0.33280000,4440727.70000000
1787151600000,0.33270000,0.33380000,0.33240000,0.33350000,12381506.50000000
1787155200000,0.33360000,0.33380000,0.33340000,0.33360000,4620628.80000000
1787158800000,0.33350000,0.33370000,0.33260000,0.33270000,6133059.70000000
1787162400000,0.33270000,0.33270000,0.33160000,0.33230000,7614120.90000000
1787166000000,0.33220000,0.33240000,0.33190000,0.33220000,2381833.60000000
1787169600000,0.33210000,0.33340000,0.33210000,0.33330000,8038665.60000000
1787173200000,0.33340000,0.33370000,0.33300000,0.33360000,7908229.90000000
1787176800000,0.33360000,0.33380000,0.33310000,0.33380000,3843447.60000000
1787180400000,0.33370000,0.33450000,0.33370000,0.33440000,4985981.30000000
1787184000000,0.33440000,0.33480000,0.33430000,0.33440000,3527500.50000000
1787187600000,0.33440000,0.33440000,0.33380000,0.33390000,3274980.90000000
1787191200000,0.33380000,0.33410000,0.33370000,0.33370000,1882750.10000000
1787194800000,0.33370000,0.33380000,0.33230000,0.33230000,10056572.90000000
1787198400000,0.33230000,0.33260000,0.33230000,0.33260000,1584306.60000000
1787202000000,0.33250000,0.33320000,0.33230000,0.33320000,3201912.00000000
1787205600000,0.33320000,0.33350000,0.33300000,0.33330000,2871571.50000000
1787209200000,0.33330000,0.33390000,0.33330000,0.33390000,2906757.10000000
1787212800000,0.33390000,0.33480000,0.33380000,0.33480000,7854311.00000000
1787216400000,0.33480000,0.33520000,0.33450000,0.33480000,5000402.80000000
1787220000000,0.33470000,0.33720000,0.33450000,0.33650000,13039668.30000000
1787223600000,0.33640000,0.33770000,0.33640000,0.33730000,8579079.00000000
1787227200000,0.33730000,0.33790000,0.33670000,0.33760000,9581655.50000000
1787230800000,0.33760000,0.33910000,0.33750000,0.33810000,12464081.30000000
1787234400000,0.33810000,0.33920000,0.33790000,0.33840000,9374374.40000000
1787238000000,0.33840000,0.33890000,0.33810000,0.33870000,4758253.40000000
1787241600000,0.33870000,0.33990000,0.33860000,0.33970000,9390112.70000000
1787245200000,0.33980000,0.34050000,0.33880000,0.33910000,8677586.90000000
1787248800000,0.33910000,0.33940000,0.33880000,0.33910000,3338341.00000000
1787252400000,0.33900000,0.33980000,0.33890000,0.33950000,3479206.30000000
1787256000000,0.33940000,0.34030000,0.33940000,0.34020000,3254767.90000000
1787259600000,0.34020000,0.34030000,0.33950000,0.33970000,2470974.90000000
1787263200000,0.33960000,0.34010000,0.33950000,0.33960000,2265009.20000000
1787266800000,0.33970000,0.34010000,0.33710000,0.33750000,16283238.90000000
1787270400000,0.33750000,0.33870000,0.33740000,0.33810000,8391291.00000000
1787274000000,0.33820000,0.33850000,0.33800000,0.33800000,3576812.70000000
1787277600000,0.33810000,0.33820000,0.33790000,0.33810000,2439107.40000000
1787281200000,0.33810000,0.33850000,0.33800000,0.33840000,1817118.80000000
1787284800000,0.33840000,0.33850000,0.33780000,0.33780000,2247828.00000000
1787288400000,0.33780000,0.33820000,0.33770000,0.33820000,2063477.40000000
1787292000000,0.33810000,0.33840000,0.33810000,0.33840000,2588358.10000000
1787295600000,0.33830000,0.33920000,0.33830000,0.33910000,5984490.70000000
1787299200000,0.33910000,0.34020000,0.33890000,0.34020000,6109476.60000000
1787302800000,0.34020000,0.34160000,0.33950000,0.34110000,14024607.50000000
1787306400000,0.34110000,0.34130000,0.34000000,0.34030000,7163289.40000000
1787310000000,0.34020000,0.34030000,0.33930000,0.34000000,5662578.70000000
1787313600000,0.34000000,0.34090000,0.33980000,0.34070000,4917861.00000000
1787317200000,0.34070000,0.34070000,0.33990000,0.34010000,4493681.10000000
1787320800000,0.34010000,0.34020000,0.33960000,0.34000000,2797795.70000000
1787324400000,0.34000000,0.34040000,0.33990000,0.34000000,3798582.80000000
1787328000000,0.34000000,0.34050000,0.33970000,0.34050000,2984773.90000000
1787331600000,0.34050000,0.34050000,0.34000000,0.34010000,2123479.20000000
1787335200000,0.34010000,0.34040000,0.33980000,0.34020000,2811964.70000000
1787338800000,0.34010000,0.34030000,0.33980000,0.34020000,1659517.10000000
1787342400000,0.34020000,0.34110000,0.34010000,0.34100000,5208722.00000000
1787346000000,0.34110000,0.34190000,0.34080000,0.34180000,7955418.90000000
1787349600000,0.34180000,0.34320000,0.34170000,0.34310000,7726024.80000000
1787353200000,0.34310000,0.34350000,0.34260000,0.34340000,4094872.80000000
1787356800000,0.34350000,0.34410000,0.34310000,0.34410000,4754833.30000000
1787360400000,0.34410000,0.34480000,0.34330000,0.34380000,8894601.90000000
1787364000000,0.34370000,0.34550000,0.34330000,0.34550000,8558746.10000000
1787367600000,0.34540000,0.34690000,0.34540000,0.34690000,8932298.70000000
1787371200000,0.34680000,0.35000000,0.34640000,0.34970000,31785820.00000000
1787374800000,0.34970000,0.35020000,0.34020000,0.34590000,59573015.90000000
1787378400000,0.34580000,0.34600000,0.34510000,0.34570000,6579302.00000000
1787382000000,0.34560000,0.34620000,0.34520000,0.34530000,6461180.10000000
1787385600000,0.34530000,0.34550000,0.34400000,0.34430000,6519942.30000000
1787389200000,0.34440000,0.34450000,0.34340000,0.34400000,7994730.60000000
1787392800000,0.34390000,0.34400000,0.34290000,0.34300000,7241398.50000000
1787396400000,0.34300000,0.34320000,0.34200000,0.34300000,8770587.10000000
1787400000000,0.34300000,0.34330000,0.34280000,0.34300000,3072837.70000000
1787403600000,0.34300000,0.34360000,0.34300000,0.34350000,2806071.40000000
1787407200000,0.34350000,0.34370000,0.34320000,0.34370000,2632210.70000000
1787410800000,0.34360000,0.34410000,0.34360000,0.34380000,3326722.90000000
1787414400000,0.34390000,0.34440000,0.34380000,0.34430000,4144579.60000000
1787418000000,0.34440000,0.34450000,0.34410000,0.34450000,1400938.40000000
1787421600000,0.34450000,0.34550000,0.34430000,0.34530000,5301494.10000000
1787425200000,0.34540000,0.34540000,0.34490000,0.34530000,1568009.20000000
1787428800000,0.34530000,0.34540000,0.34500000,0.34530000,1606215.20000000
1787432400000,0.34540000,0.34540000,0.34460000,0.34470000,3211886.00000000
1787436000000,0.34460000,0.34490000,0.34440000,0.34490000,1870867.30000000
1787439600000,0.34490000,0.34500000,0.34420000,0.34420000,1638373.80000000
1787443200000,0.34420000,0.34550000,0.34420000,0.34540000,3941155.90000000
1787446800000,0.34530000,0.34550000,0.34520000,0.34530000,960325.00000000
1787450400000,0.34540000,0.34550000,0.34370000,0.34370000,6391137.50000000
1787454000000,0.34370000,0.34380000,0.34300000,0.34300000,3496762.70000000
1787457600000,0.34310000,0.34320000,0.34240000,0.34240000,4133722.20000000
1787461200000,0.34240000,0.34280000,0.34220000,0.34220000,4185833.60000000
1787464800000,0.34230000,0.34240000,0.34200000,0.34210000,2575506.10000000
1787468400000,0.34210000,0.34260000,0.34200000,0.34250000,2522780.10000000
1787472000000,0.34250000,0.34300000,0.34240000,0.34300000,3175459.30000000
1787475600000,0.34290000,0.34300000,0.34220000,0.34270000,5017058.60000000
1787479200000,0.34270000,0.34380000,0.34260000,0.34370000,6324919.90000000
1787482800000,0.34370000,0.34400000,0.34350000,0.34380000,2214736.00000000
1787486400000,0.34380000,0.34390000,0.34340000,0.34360000,1335863.70000000
1787490000000,0.34360000,0.34420000,0.34360000,0.34420000,2642700.90000000
1787493600000,0.34420000,0.34430000,0.34310000,0.34360000,5565343.50000000
1787497200000,0.34350000,0.34400000,0.34340000,0.34350000,4307254.40000000
1787500800000,0.34350000,0.34390000,0.34340000,0.34360000,2430204.10000000
1787504400000,0.34360000,0.34400000,0.34330000,0.34360000,4992151.00000000
1787508000000,0.34350000,0.34390000,0.34350000,0.34390000,1618429.40000000
1787511600000,0.34390000,0.34400000,0.34370000,0.34380000,973412.50000000
1787515200000,0.34390000,0.34390000,0.34350000,0.34370000,1808815.30000000
1787518800000,0.34370000,0.34450000,0.34350000,0.34430000,5159261.50000000
1787522400000,0.34430000,0.34440000,0.34390000,0.34410000,1488801.20000000
1787526000000,0.34420000,0.34420000,0.34380000,0.34390000,1659803.40000000
1787529600000,0.34400000,0.34430000,0.34300000,0.34360000,6213264.60000000
1787533200000,0.34370000,0.34380000,0.34330000,0.34340000,2515131.90000000
1787536800000,0.34340000,0.34370000,0.34310000,0.34340000,2379273.60000000
1787540400000,0.34340000,0.34370000,0.34310000,0.34330000,2053141.70000000
1787544000000,0.34330000,0.34420000,0.34330000,0.34390000,3933728.10000000
1787547600000,0.34390000,0.34470000,0.34380000,0.34470000,3971558.00000000
1787551200000,0.34470000,0.34480000,0.34420000,0.34430000,2418063.40000000
1787554800000,0.34420000,0.34450000,0.34380000,0.34400000,4061769.00000000
1787558400000,0.34390000,0.34400000,0.34310000,0.34330000,6825001.00000000
1787562000000,0.34340000,0.34400000,0.34330000,0.34400000,4460992.30000000
1787565600000,0.34400000,0.34410000,0.34340000,0.34350000,3836740.20000000
1787569200000,0.34350000,0.34420000,0.34340000,0.34410000,4416759.00000000
1787572800000,0.34420000,0.34480000,0.34370000,0.34480000,3371167.70000000
1787576400000,0.34480000,0.34480000,0.34390000,0.34390000,5464085.70000000
1787580000000,0.34390000,0.34450000,0.34380000,0.34440000,3032648.50000000
1787583600000,0.34440000,0.34470000,0.34330000,0.34350000,6928808.20000000
1787587200000,0.34340000,0.34390000,0.34340000,0.34340000,2763616.90000000
1787590800000,0.34340000,0.34360000,0.34280000,0.34330000,6646669.50000000
1787594400000,0.34320000,0.34380000,0.34320000,0.34370000,2152270.80000000
1787598000000,0.34370000,0.34390000,0.34350000,0.34380000,1711998.00000000
1787601600000,0.34380000,0.34390000,0.34330000,0.34370000,1652027.30000000
1787605200000,0.34360000,0.34420000,0.34360000,0.34400000,2408550.90000000
1787608800000,0.34410000,0.34450000,0.34400000,0.34440000,1710392.70000000
1787612400000,0.34430000,0.34500000,0.34410000,0.34490000,3804491.30000000
1787616000000,0.34500000,0.34580000,0.34470000,0.34580000,5306058.90000000
1787619600000,0.34570000,0.34600000,0.34560000,0.34600000,2965549.10000000
1787623200000,0.34600000,0.34670000,0.34580000,0.34590000,6029876.50000000
1787626800000,0.34580000,0.34590000,0.34480000,0.34500000,4369456.20000000
1787630400000,0.34500000,0.34500000,0.34390000,0.34440000,4794811.80000000
1787634000000,0.34430000,0.34480000,0.34430000,0.34470000,1290150.10000000
1787637600000,0.34470000,0.34480000,0.34440000,0.34460000,1456192.00000000
1787641200000,0.34450000,0.34480000,0.34380000,0.34400000,8041941.90000000
1787644800000,0.34390000,0.34400000,0.34300000,0.34330000,6834747.30000000
1787648400000,0.34330000,0.34350000,0.34210000,0.34230000,6497143.40000000
1787652000000,0.34230000,0.34290000,0.34180000,0.34260000,5362596.30000000
1787655600000,0.34260000,0.34300000,0.34250000,0.34260000,2125888.00000000
1787659200000,0.34250000,0.34290000,0.34220000,0.34280000,4168818.00000000
1787662800000,0.34290000,0.34290000,0.34140000,0.34160000,9976113.50000000
1787666400000,0.34160000,0.34250000,0.34160000,0.34200000,5453942.10000000
1787670000000,0.34200000,0.34210000,0.34170000,0.34200000,1975237.30000000
1787673600000,0.34200000,0.34200000,0.34120000,0.34160000,4347959.30000000
1787677200000,0.34160000,0.34160000,0.34080000,0.34100000,4810483.90000000
1787680800000,0.34100000,0.34120000,0.33960000,0.34010000,14384569.80000000
1787684400000,0.34010000,0.34010000,0.33840000,0.33850000,8614191.10000000
1787688000000,0.33850000,0.33850000,0.33750000,0.33770000,8157640.00000000
1787691600000,0.33760000,0.33800000,0.33730000,0.33750000,4471156.30000000
1787695200000,0.33750000,0.33780000,0.33670000,0.33710000,4298752.40000000
1787698800000,0.33710000,0.33710000,0.33600000,0.33630000,5994731.70000000
1787702400000,0.33620000,0.33630000,0.33530000,0.33530000,4789982.60000000
1787706000000,0.33530000,0.33640000,0.33530000,0.33630000,4108945.40000000
1787709600000,0.33620000,0.33710000,0.33570000,0.33710000,5888351.30000000
1787713200000,0.33710000,0.33780000,0.33700000,0.33750000,3567581.60000000
1787716800000,0.33740000,0.33830000,0.33740000,0.33800000,5414460.80000000
1787720400000,0.33800000,0.33920000,0.33780000,0.33890000,6568891.70000000
1787724000000,0.33880000,0.33890000,0.33780000,0.33820000,4863121.20000000
1787727600000,0.33820000,0.33840000,0.33720000,0.33720000,6053078.10000000
1787731200000,0.33720000,0.33820000,0.33690000,0.33760000,8918132.50000000
1787734800000,0.33750000,0.33760000,0.33650000,0.33660000,5391970.00000000
1787738400000,0.33650000,0.33660000,0.33610000,0.33660000,4025152.40000000
1787742000000,0.33650000,0.33680000,0.33540000,0.33560000,8116625.00000000
1787745600000,0.33560000,0.33620000,0.33550000,0.33580000,5376866.40000000
1787749200000,0.33580000,0.33590000,0.33430000,0.33480000,8522390.10000000
1787752800000,0.33490000,0.33500000,0.33430000,0.33470000,6261943.60000000
1787756400000,0.33470000,0.33550000,0.33440000,0.33460000,7150580.00000000
1787760000000,0.33450000,0.33480000,0.33430000,0.33440000,2444855.60000000
1787763600000,0.33440000,0.33530000,0.33420000,0.33530000,3937056.00000000
1787767200000,0.33530000,0.33580000,0.33500000,0.33580000,3777271.50000000
1787770800000,0.33580000,0.33590000,0.33530000,0.33580000,2573753.00000000
1787774400000,0.33580000,0.33590000,0.33520000,0.33590000,3010306.10000000
1787778000000,0.33580000,0.33610000,0.33510000,0.33560000,4341509.30000000
1787781600000,0.33560000,0.33640000,0.33550000,0.33630000,5097099.70000000
1787785200000,0.33620000,0.33630000,0.33560000,0.33600000,2843271.40000000
1787788800000,0.33610000,0.33610000,0.33520000,0.33550000,3042745.10000000
1787792400000,0.33550000,0.33590000,0.33530000,0.33560000,2482250.40000000
1787796000000,0.33570000,0.33580000,0.33510000,0.33520000,2264510.90000000
1787799600000,0.33510000,0.33520000,0.33380000,0.33440000,6442506.70000000
1787803200000,0.33440000,0.33470000,0.33400000,0.33440000,3428289.80000000
1787806800000,0.33440000,0.33480000,0.33420000,0.33480000,2674957.70000000
1787810400000,0.33480000,0.33500000,0.33440000,0.33490000,3621267.00000000
1787814000000,0.33480000,0.33510000,0.33480000,0.33510000,1254299.40000000
1787817600000,0.33500000,0.33660000,0.33500000,0.33630000,8149819.50000000
1787821200000,0.33630000,0.33680000,0.33610000,0.33640000,4510181.30000000
1787824800000,0.33640000,0.33650000,0.33550000,0.33560000,6183667.90000000
1787828400000,0.33570000,0.33680000,0.33560000,0.33680000,5503541.00000000
1787832000000,0.33680000,0.33850000,0.33670000,0.33840000,9795665.70000000
1787835600000,0.33850000,0.33860000,0.33680000,0.33740000,6951843.30000000
1787839200000,0.33740000,0.33830000,0.33730000,0.33760000,4330629.70000000
1787842800000,0.33760000,0.33790000,0.33730000,0.33730000,2510532.70000000
1787846400000,0.33730000,0.33860000,0.33730000,0.33760000,13123536.20000000
1787850000000,0.33760000,0.33840000,0.33760000,0.33800000,3324866.40000000
1787853600000,0.33800000,0.33810000,0.33700000,0.33750000,5509201.70000000
1787857200000,0.33750000,0.33780000,0.33740000,0.33760000,2371588.00000000
1787860800000,0.33770000,0.33790000,0.33760000,0.33780000,1690142.70000000
1787864400000,0.33770000,0.33780000,0.33730000,0.33760000,1948273.00000000
1787868000000,0.33770000,0.33770000,0.33740000,0.33750000,1355022.40000000
1787871600000,0.33750000,0.33780000,0.33730000,0.33770000,1003858.60000000
1787875200000,0.33760000,0.33860000,0.33740000,0.33850000,3644716.40000000
1787878800000,0.33860000,0.33960000,0.33850000,0.33900000,8079377.30000000
1787882400000,0.33900000,0.33900000,0.33810000,0.33840000,4246051.10000000
1787886000000,0.33850000,0.33870000,0.33810000,0.33850000,2822720.60000000
1787889600000,0.33850000,0.33890000,0.33830000,0.33880000,2418612.00000000
1787893200000,0.33890000,0.33930000,0.33860000,0.33910000,3031359.30000000
1787896800000,0.33920000,0.34030000,0.33910000,0.34010000,5218586.10000000
1787900400000,0.34010000,0.34020000,0.33930000,0.33950000,2844046.90000000
1787904000000,0.33960000,0.33990000,0.33910000,0.33950000,4869608.30000000
1787907600000,0.33950000,0.34030000,0.33900000,0.33910000,8788670.20000000
1787911200000,0.33910000,0.34060000,0.33850000,0.34060000,6675710.80000000
1787914800000,0.34060000,0.34120000,0.34050000,0.34100000,4383666.70000000
1787918400000,0.34100000,0.34130000,0.34090000,0.34130000,2934939.50000000
1787922000000,0.34130000,0.34180000,0.34080000,0.34140000,9090026.60000000
1787925600000,0.34130000,0.34140000,0.34010000,0.34050000,12823663.90000000
1787929200000,0.34060000,0.34110000,0.33970000,0.33980000,7893325.50000000
1787932800000,0.33990000,0.34040000,0.33860000,0.33920000,15878135.50000000
1787936400000,0.33910000,0.33980000,0.33900000,0.33960000,5963159.80000000
1787940000000,0.33970000,0.34020000,0.33940000,0.34000000,5269636.80000000
1787943600000,0.34000000,0.34140000,0.33990000,0.34130000,6990148.60000000
1787947200000,0.34130000,0.34160000,0.34080000,0.34140000,3049414.20000000
1787950800000,0.34140000,0.34230000,0.34130000,0.34160000,4597777.10000000
1787954400000,0.34160000,0.34190000,0.34140000,0.34170000,1630161.40000000
1787958000000,0.34180000,0.34180000,0.34130000,0.34130000,1030256.50000000
1787961600000,0.34140000,0.34220000,0.34070000,0.34070000,7940657.90000000
1787965200000,0.34070000,0.34110000,0.34070000,0.34100000,955667.90000000
1787968800000,0.34110000,0.34140000,0.34090000,0.34120000,2284219.30000000
1787972400000,0.34110000,0.34110000,0.34040000,0.34050000,2358651.60000000
1787976000000,0.34050000,0.34060000,0.34010000,0.34030000,938925.30000000
1787979600000,0.34030000,0.34040000,0.33950000,0.33970000,1066740.10000000
1787983200000,0.33960000,0.33970000,0.33770000,0.33840000,11993820.00000000
1787986800000,0.33830000,0.33900000,0.33820000,0.33900000,4257788.50000000
1787990400000,0.33890000,0.33910000,0.33830000,0.33850000,2137092.40000000
1787994000000,0.33850000,0.33870000,0.33820000,0.33830000,1595029.60000000
1787997600000,0.33840000,0.33880000,0.33830000,0.33840000,2574513.70000000
1788001200000,0.33840000,0.33870000,0.33840000,0.33850000,1307684.30000000
1788004800000,0.33850000,0.33880000,0.33830000,0.33870000,1804972.40000000
1788008400000,0.33870000,0.33880000,0.33830000,0.33830000,1874453.70000000
1788012000000,0.33840000,0.33870000,0.33820000,0.33860000,2330382.80000000
1788015600000,0.33870000,0.33870000,0.33810000,0.33840000,1710346.60000000
1788019200000,0.33830000,0.33870000,0.33800000,0.33810000,2618968.10000000
1788022800000,0.33810000,0.33870000,0.33790000,0.33860000,1679701.60000000
1788026400000,0.33850000,0.33900000,0.33850000,0.33890000,1672379.30000000
1788030000000,0.33900000,0.33940000,0.33890000,0.33930000,1708551.00000000
1788033600000,0.33930000,0.33980000,0.33910000,0.33980000,2231109.50000000
1788037200000,0.33980000,0.34060000,0.33960000,0.34040000,3616066.10000000
1788040800000,0.34040000,0.34090000,0.34030000,0.34080000,2586127.40000000
1788044400000,0.34090000,0.34110000,0.34070000,0.34090000,1877749.40000000
1788048000000,0.34080000,0.34110000,0.34030000,0.34040000,1760576.60000000
1788051600000,0.34040000,0.34070000,0.34000000,0.34000000,2264649.00000000
1788055200000,0.34000000,0.34010000,0.33970000,0.33990000,1985506.90000000
1788058800000,0.33990000,0.34030000,0.33980000,0.34020000,756708.40000000
1788062400000,0.34020000,0.34070000,0.34000000,0.34070000,2363915.30000000
1788066000000,0.34070000,0.34100000,0.34060000,0.34100000,2069374.90000000
1788069600000,0.34100000,0.34120000,0.34060000,0.34080000,2945141.40000000
1788073200000,0.34070000,0.34090000,0.34040000,0.34070000,1537707.60000000
1788076800000,0.34070000,0.34080000,0.34030000,0.34040000,1757152.60000000
1788080400000,0.34040000,0.34070000,0.34020000,0.34050000,1897928.90000000
1788084000000,0.34060000,0.34060000,0.34040000,0.34050000,1587915.50000000
1788087600000,0.34040000,0.34070000,0.34030000,0.34060000,1048521.70000000
1788091200000,0.34060000,0.34090000,0.34040000,0.34050000,2372246.80000000
1788094800000,0.34050000,0.34090000,0.34040000,0.34060000,2554604.90000000
1788098400000,0.34070000,0.34080000,0.34030000,0.34060000,1618015.30000000
1788102000000,0.34060000,0.34060000,0.34000000,0.34010000,2535759.40000000
1788105600000,0.34020000,0.34150000,0.34000000,0.34140000,5635357.30000000
1788109200000,0.34140000,0.34150000,0.34070000,0.34080000,1675961.00000000
1788112800000,0.34070000,0.34090000,0.34060000,0.34060000,1414447.70000000
1788116400000,0.34070000,0.34070000,0.34030000,0.34050000,1842774.40000000
1788120000000,0.34040000,0.34050000,0.33970000,0.33970000,3956953.30000000
1788123600000,0.33970000,0.33970000,0.33900000,0.33920000,3873683.30000000
1788127200000,0.33920000,0.33920000,0.33810000,0.33810000,5084147.80000000
1788130800000,0.33820000,0.33820000,0.33590000,0.33610000,14506022.80000000
1788134400000,0.33610000,0.33630000,0.33540000,0.33590000,5271793.20000000
1788138000000,0.33590000,0.33650000,0.33580000,0.33610000,3297601.90000000
1788141600000,0.33600000,0.33650000,0.33590000,0.33600000,2891204.30000000
1788145200000,0.33590000,0.33650000,0.33590000,0.33640000,4726600.20000000
1788148800000,0.33640000,0.33700000,0.33630000,0.33650000,3639401.80000000
1788152400000,0.33650000,0.33700000,0.33630000,0.33670000,3882565.10000000
1788156000000,0.33670000,0.33710000,0.33650000,0.33710000,2508850.10000000
1788159600000,0.33710000,0.33720000,0.33680000,0.33700000,1633461.10000000
1788163200000,0.33700000,0.33700000,0.33630000,0.33650000,3196675.50000000
1788166800000,0.33650000,0.33680000,0.33470000,0.33480000,7854993.00000000
1788170400000,0.33480000,0.33610000,0.33450000,0.33560000,9379888.70000000
1788174000000,0.33550000,0.33560000,0.33440000,0.33440000,4260686.10000000
1788177600000,0.33440000,0.33510000,0.33430000,0.33450000,3045222.00000000
1788181200000,0.33460000,0.33460000,0.33190000,0.33210000,17980165.40000000
1788184800000,0.33220000,0.33350000,0.33180000,0.33310000,9610330.20000000
1788188400000,0.33300000,0.33320000,0.33240000,0.33300000,5050653.80000000
1788192000000,0.33300000,0.33340000,0.33280000,0.33320000,2856075.40000000
1788195600000,0.33330000,0.33370000,0.33300000,0.33350000,2539356.40000000
1788199200000,0.33350000,0.33420000,0.33320000,0.33380000,3105937.40000000
1788202800000,0.33370000,0.33400000,0.33350000,0.33370000,1439477.70000000
1788206400000,0.33370000,0.33370000,0.33320000,0.33330000,1627232.40000000
1788210000000,0.33320000,0.33350000,0.33320000,0.33330000,1392762.00000000
1788213600000,0.33330000,0.33330000,0.33270000,0.33270000,2082628.20000000
1788217200000,0.33280000,0.33280000,0.33240000,0.33260000,1747120.70000000
1788220800000,0.33250000,0.33260000,0.33210000,0.33230000,2997937.00000000
1788224400000,0.33230000,0.33260000,0.33200000,0.33210000,3478665.80000000
1788228000000,0.33210000,0.33250000,0.33180000,0.33210000,3593533.10000000
1788231600000,0.33210000,0.33240000,0.33200000,0.33220000,1379562.80000000
1788235200000,0.33230000,0.33240000,0.33170000,0.33180000,2392135.40000000
1788238800000,0.33180000,0.33210000,0.33160000,0.33170000,1887003.00000000
1788242400000,0.33160000,0.33190000,0.33160000,0.33180000,2525470.40000000
1788246000000,0.33170000,0.33180000,0.33140000,0.33180000,1762995.20000000
1788249600000,0.33180000,0.33190000,0.33020000,0.33030000,5583528.60000000
1788253200000,0.33020000,0.33060000,0.32960000,0.32970000,4389444.80000000
1788256800000,0.32970000,0.32980000,0.32820000,0.32840000,9776652.00000000
1788260400000,0.32850000,0.32930000,0.32820000,0.32890000,7257490.10000000
1788264000000,0.32890000,0.32890000,0.32530000,0.32640000,25671502.70000000
1788267600000,0.32630000,0.32670000,0.32610000,0.32620000,4419386.90000000
1788271200000,0.32620000,0.32630000,0.32530000,0.32550000,7164893.60000000
1788274800000,0.32550000,0.32570000,0.32440000,0.32480000,9113754.40000000
1788278400000,0.32470000,0.32480000,0.32330000,0.32350000,7540671.70000000
1788282000000,0.32340000,0.32360000,0.32260000,0.32270000,5961345.20000000
1788285600000,0.32260000,0.32300000,0.32200000,0.32240000,6280321.60000000
1788289200000,0.32240000,0.32400000,0.32240000,0.32390000,8214242.00000000
1788292800000,0.32390000,0.32390000,0.32310000,0.32340000,2104076.40000000
1788296400000,0.32330000,0.32350000,0.32300000,0.32310000,1791745.10000000
1788300000000,0.32320000,0.32320000,0.32260000,0.32280000,2736701.00000000
1788303600000,0.32290000,0.32300000,0.32230000,0.32230000,4072618.30000000
1788307200000,0.32240000,0.32260000,0.32190000,0.32210000,2692919.50000000
1788310800000,0.32200000,0.32260000,0.32180000,0.32190000,2564700.00000000
1788314400000,0.32190000,0.32220000,0.32170000,0.32200000,2430320.60000000
1788318000000,0.32210000,0.32220000,0.32170000,0.32190000,1664606.60000000
1788321600000,0.32190000,0.32220000,0.32180000,0.32200000,1825068.70000000
1788325200000,0.32210000,0.32290000,0.32180000,0.32280000,2359433.20000000
1788328800000,0.32280000,0.32320000,0.32260000,0.32310000,2367791.10000000
1788332400000,0.32320000,0.32360000,0.32280000,0.32280000,5441199.90000000
1788336000000,0.32280000,0.32330000,0.32250000,0.32280000,5423664.10000000
1788339600000,0.32270000,0.32310000,0.32240000,0.32280000,3846441.50000000
1788343200000,0.32280000,0.32300000,0.32250000,0.32300000,4318505.80000000
1788346800000,0.32290000,0.32300000,0.32250000,0.32290000,2594126.90000000
1788350400000,0.32300000,0.32460000,0.32280000,0.32360000,8016580.20000000
1788354000000,0.32350000,0.32490000,0.32350000,0.32480000,5331212.00000000
1788357600000,0.32480000,0.32560000,0.32440000,0.32500000,7349941.80000000
1788361200000,0.32500000,0.32500000,0.32390000,0.32420000,4497566.90000000
1788364800000,0.32430000,0.32430000,0.32380000,0.32380000,2121539.20000000
1788368400000,0.32390000,0.32410000,0.32370000,0.32390000,1668261.50000000
1788372000000,0.32380000,0.32490000,0.32370000,0.32480000,2962191.90000000
1788375600000,0.32490000,0.32500000,0.32430000,0.32450000,1584833.60000000
1788379200000,0.32450000,0.32470000,0.32420000,0.32470000,1362276.20000000
1788382800000,0.32470000,0.32480000,0.32450000,0.32470000,1436665.00000000
1788386400000,0.32470000,0.32490000,0.32450000,0.32490000,1385123.10000000
1788390000000,0.32480000,0.32530000,0.32480000,0.32520000,1667945.90000000
1788393600000,0.32520000,0.32530000,0.32470000,0.32510000,1534199.90000000
1788397200000,0.32510000,0.32520000,0.32480000,0.32490000,1685044.10000000
1788400800000,0.32500000,0.32550000,0.32490000,0.32550000,1670914.70000000
1788404400000,0.32540000,0.32590000,0.32540000,0.32590000,1656420.20000000
1788408000000,0.32590000,0.32620000,0.32590000,0.32620000,1457669.10000000
1788411600000,0.32620000,0.32640000,0.32550000,0.32630000,2862508.50000000
1788415200000,0.32630000,0.32660000,0.32620000,0.32640000,1819517.50000000
1788418800000,0.32640000,0.32660000,0.32600000,0.32620000,3289267.60000000
1788422400000,0.32620000,0.32660000,0.32610000,0.32650000,1544854.60000000
1788426000000,0.32660000,0.32730000,0.32650000,0.32730000,3103040.80000000
1788429600000,0.32720000,0.32830000,0.32710000,0.32820000,4960094.90000000
1788433200000,0.32820000,0.32850000,0.32770000,0.32790000,3939139.30000000
1788436800000,0.32790000,0.32820000,0.32770000,0.32800000,3602025.20000000
1788440400000,0.32790000,0.32900000,0.32790000,0.32900000,4097691.70000000
1788444000000,0.32900000,0.32990000,0.32870000,0.32990000,5148827.80000000
1788447600000,0.32990000,0.33190000,0.32980000,0.33160000,12676581.00000000
1788451200000,0.33160000,0.33210000,0.33140000,0.33200000,7681561.40000000
1788454800000,0.33210000,0.33210000,0.33140000,0.33160000,3457234.30000000
1788458400000,0.33170000,0.33170000,0.33090000,0.33130000,4508580.90000000
1788462000000,0.33120000,0.33150000,0.33090000,0.33150000,1507775.30000000
1788465600000,0.33140000,0.33200000,0.33110000,0.33190000,4573795.40000000
1788469200000,0.33190000,0.33200000,0.33120000,0.33130000,2174032.50000000
1788472800000,0.33140000,0.33140000,0.33060000,0.33070000,3956610.80000000
1788476400000,0.33070000,0.33090000,0.33060000,0.33090000,1219123.60000000
1788480000000,0.33090000,0.33090000,0.33010000,0.33020000,3490110.00000000
1788483600000,0.33020000,0.33030000,0.33000000,0.33000000,1163335.50000000
1788487200000,0.33010000,0.33010000,0.32940000,0.32950000,3594770.10000000
1788490800000,0.32950000,0.32980000,0.32940000,0.32940000,1069883.60000000
1788494400000,0.32950000,0.32950000,0.32900000,0.32910000,2858217.50000000
1788498000000,0.32910000,0.32910000,0.32850000,0.32870000,4100999.00000000
1788501600000,0.32870000,0.32880000,0.32800000,0.32830000,4515979.40000000
1788505200000,0.32840000,0.32840000,0.32790000,0.32810000,2486780.50000000
1788508800000,0.32810000,0.32850000,0.32780000,0.32850000,2757138.30000000
1788512400000,0.32850000,0.32890000,0.32770000,0.32790000,7013727.70000000
1788516000000,0.32790000,0.32850000,0.32780000,0.32840000,2089823.20000000
1788519600000,0.32850000,0.32970000,0.32830000,0.32960000,5582344.00000000
1788523200000,0.32970000,0.32970000,0.32760000,0.32850000,15419437.90000000
1788526800000,0.32850000,0.32980000,0.32840000,0.32980000,7089034.80000000
1788530400000,0.32980000,0.32980000,0.32880000,0.32930000,4368139.50000000
1788534000000,0.32930000,0.33030000,0.32920000,0.33020000,7667967.00000000
1788537600000,0.33030000,0.33070000,0.33010000,0.33070000,2754863.80000000
1788541200000,0.33070000,0.33100000,0.33060000,0.33100000,1887705.00000000
1788544800000,0.33100000,0.33200000,0.33090000,0.33190000,3916060.90000000
1788548400000,0.33190000,0.33200000,0.33160000,0.33160000,1913855.50000000
1788552000000,0.33170000,0.33180000,0.33130000,0.33150000,1718125.20000000
1788555600000,0.33150000,0.33150000,0.33120000,0.33130000,2096881.50000000
1788559200000,0.33130000,0.33180000,0.33130000,0.33180000,1286662.00000000
1788562800000,0.33180000,0.33180000,0.33110000,0.33140000,2686378.00000000
1788566400000,0.33140000,0.33170000,0.33130000,0.33160000,1596708.30000000
1788570000000,0.33170000,0.33190000,0.33160000,0.33190000,1177306.80000000
1788573600000,0.33190000,0.33210000,0.33140000,0.33140000,2513119.10000000
1788577200000,0.33150000,0.33200000,0.33140000,0.33200000,1964929.80000000
1788580800000,0.33200000,0.33210000,0.33160000,0.33170000,750859.00000000
1788584400000,0.33180000,0.33200000,0.33160000,0.33200000,1247634.30000000
1788588000000,0.33190000,0.33280000,0.33190000,0.33280000,3318667.80000000
1788591600000,0.33270000,0.33330000,0.33250000,0.33270000,3302276.40000000
1788595200000,0.33270000,0.33290000,0.33240000,0.33280000,2814613.90000000
1788598800000,0.33280000,0.33290000,0.33180000,0.33230000,4193199.50000000
1788602400000,0.33230000,0.33300000,0.33220000,0.33280000,2234022.40000000
1788606000000,0.33280000,0.33320000,0.33270000,0.33310000,2267761.70000000
1788609600000,0.33320000,0.33330000,0.33280000,0.33310000,2077882.30000000
1788613200000,0.33310000,0.33330000,0.33290000,0.33310000,1730785.30000000
1788616800000,0.33310000,0.33340000,0.33290000,0.33320000,1762683.30000000
1788620400000,0.33320000,0.33430000,0.33310000,0.33430000,4756083.70000000
1788624000000,0.33430000,0.33460000,0.33390000,0.33450000,3623827.30000000
1788627600000,0.33460000,0.33460000,0.33390000,0.33420000,2224972.00000000
1788631200000,0.33420000,0.33430000,0.33410000,0.33430000,817794.40000000
1788634800000,0.33430000,0.33430000,0.33380000,0.33410000,2493608.00000000
1788638400000,0.33410000,0.33460000,0.33390000,0.33460000,3259277.20000000
1788642000000,0.33460000,0.33480000,0.33450000,0.33470000,1832916.70000000
1788645600000,0.33470000,0.33470000,0.33390000,0.33390000,1465141.40000000
1788649200000,0.33390000,0.33430000,0.33380000,0.33380000,1302694.90000000
1788652800000,0.33390000,0.33440000,0.33380000,0.33430000,1096403.70000000
1788656400000,0.33420000,0.33450000,0.33400000,0.33400000,1283275.00000000
1788660000000,0.33410000,0.33420000,0.33320000,0.33330000,2864338.50000000
1788663600000,0.33320000,0.33330000,0.33300000,0.33300000,1373460.00000000
1788667200000,0.33300000,0.33350000,0.33290000,0.33290000,1252821.60000000
1788670800000,0.33290000,0.33380000,0.33290000,0.33350000,2949970.20000000
1788674400000,0.33340000,0.33390000,0.33330000,0.33380000,1782374.50000000
1788678000000,0.33370000,0.33380000,0.33340000,0.33360000,997333.70000000
1788681600000,0.33370000,0.33410000,0.33340000,0.33390000,2325358.70000000
1788685200000,0.33380000,0.33430000,0.33380000,0.33430000,2101446.40000000
1788688800000,0.33430000,0.33430000,0.33410000,0.33430000,858280.10000000
1788692400000,0.33430000,0.33530000,0.33420000,0.33500000,4474015.70000000
1788696000000,0.33500000,0.33550000,0.33480000,0.33550000,2304799.10000000
1788699600000,0.33540000,0.33560000,0.33490000,0.33500000,2896894.20000000
1788703200000,0.33500000,0.33530000,0.33480000,0.33510000,2201090.50000000
1788706800000,0.33520000,0.33530000,0.33500000,0.33530000,795291.00000000
1788710400000,0.33530000,0.33550000,0.33520000,0.33530000,2033863.10000000
1788714000000,0.33530000,0.33550000,0.33510000,0.33520000,1311759.00000000
1788717600000,0.33530000,0.33550000,0.33510000,0.33550000,1034384.80000000
1788721200000,0.33550000,0.33550000,0.33490000,0.33500000,1790019.40000000
1788724800000,0.33500000,0.33630000,0.33480000,0.33610000,5823753.00000000
1788728400000,0.33610000,0.33630000,0.33590000,0.33620000,1469417.20000000
1788732000000,0.33620000,0.33620000,0.33540000,0.33550000,2352378.00000000
1788735600000,0.33550000,0.33570000,0.33510000,0.33520000,2211934.10000000
1788739200000,0.33510000,0.33550000,0.33500000,0.33520000,1937686.00000000
1788742800000,0.33530000,0.33540000,0.33500000,0.33530000,1323139.20000000
1788746400000,0.33520000,0.33570000,0.33500000,0.33530000,1995973.90000000
1788750000000,0.33530000,0.33580000,0.33500000,0.33570000,2678767.70000000
1788753600000,0.33560000,0.33700000,0.33560000,0.33680000,7950599.00000000
1788757200000,0.33680000,0.33740000,0.33660000,0.33720000,6286927.80000000
1788760800000,0.33720000,0.33740000,0.33660000,0.33690000,3212175.30000000
1788764400000,0.33690000,0.33710000,0.33630000,0.33660000,2987627.50000000
1788768000000,0.33660000,0.33680000,0.33640000,0.33680000,2240824.50000000
1788771600000,0.33680000,0.33690000,0.33660000,0.33670000,1784421.80000000
1788775200000,0.33670000,0.33700000,0.33660000,0.33690000,2420874.40000000
1788778800000,0.33680000,0.33680000,0.33620000,0.33630000,2826614.40000000
1788782400000,0.33640000,0.33650000,0.33550000,0.33570000,6236624.20000000
1788786000000,0.33570000,0.33580000,0.33530000,0.33540000,3821087.20000000
1788789600000,0.33530000,0.33540000,0.33480000,0.33490000,4099214.60000000
1788793200000,0.33490000,0.33490000,0.33380000,0.33390000,9664930.80000000
1788796800000,0.33380000,0.33430000,0.33380000,0.33400000,2179531.60000000
1788800400000,0.33400000,0.33430000,0.33380000,0.33400000,1523650.40000000
1788804000000,0.33400000,0.33470000,0.33380000,0.33460000,4059971.30000000
1788807600000,0.33460000,0.33470000,0.33440000,0.33470000,569542.10000000
1788811200000,0.33470000,0.33480000,0.33430000,0.33450000,1426717.80000000
1788814800000,0.33450000,0.33490000,0.33440000,0.33480000,1407546.60000000
1788818400000,0.33490000,0.33490000,0.33410000,0.33430000,1451866.90000000
1788822000000,0.33430000,0.33460000,0.33420000,0.33460000,1160171.80000000
1788825600000,0.33460000,0.33490000,0.33400000,0.33430000,3925911.90000000
1788829200000,0.33420000,0.33490000,0.33420000,0.33480000,2311387.90000000
1788832800000,0.33480000,0.33520000,0.33470000,0.33490000,3013546.90000000
1788836400000,0.33490000,0.33530000,0.33470000,0.33510000,2782175.00000000
1788840000000,0.33510000,0.33560000,0.33480000,0.33560000,813007.50000000
1788843600000,0.33560000,0.33730000,0.33540000,0.33730000,5129321.70000000
1788847200000,0.33730000,0.33790000,0.33730000,0.33750000,3770713.80000000
1788850800000,0.33750000,0.33900000,0.33720000,0.33800000,9736485.60000000
1788854400000,0.33810000,0.33840000,0.33770000,0.33830000,4223906.30000000
1788858000000,0.33840000,0.33920000,0.33780000,0.33870000,11050474.60000000
1788861600000,0.33880000,0.33880000,0.33770000,0.33780000,5300595.80000000
1788865200000,0.33790000,0.33870000,0.33780000,0.33860000,3005437.90000000
1788868800000,0.33870000,0.33900000,0.33830000,0.33890000,2433466.30000000
1788872400000,0.33890000,0.33920000,0.33840000,0.33880000,4061694.20000000
1788876000000,0.33870000,0.34000000,0.33870000,0.34000000,6425642.70000000
1788879600000,0.34000000,0.34020000,0.33880000,0.33930000,5893124.50000000
1788883200000,0.33930000,0.33980000,0.33910000,0.33970000,4820657.30000000
1788886800000,0.33970000,0.33980000,0.33880000,0.33900000,6097710.70000000
